{"type": "FeatureCollection", "features": [{"type": "Feature", "properties": {"codigo": "320030005", "nome": "Alfredo Chaves"}, "geometry": {"type": "Polygon", "coordinates": [[[-40.779123, -20.620497], [-40.780391, -20.619817], [-40.781174, -20.619707], [-40.781811, -20.619365], [-40.782258, -20.618834], [-40.783279, -20.617621], [-40.784746, -20.615877], [-40.785385, -20.615601], [-40.786097, -20.615494], [-40.786593, -20.615185], [-40.78673, -20.614816], [-40.786654, -20.614413], [-40.786864, -20.614009], [-40.788789, -20.614056], [-40.789836, -20.613843], [-40.790828, -20.613262], [-40.791681, -20.613052], [-40.792932, -20.613342], [-40.793679, -20.613199], [-40.794465, -20.61336], [-40.795714, -20.613447], [-40.796976, -20.613366], [-40.798468, -20.612915], [-40.80105, -20.612435], [-40.801917, -20.612274], [-40.80273, -20.611628], [-40.803952, -20.610977], [-40.805406, -20.610391], [-40.806111, -20.60968], [-40.806211, -20.609175], [-40.805519, -20.607871], [-40.804728, -20.607277], [-40.803791, -20.60638], [-40.803553, -20.605878], [-40.803759, -20.605206], [-40.804429, -20.604559], [-40.805455, -20.60391], [-40.806484, -20.603565], [-40.807374, -20.603555], [-40.807697, -20.60372], [-40.808708, -20.604784], [-40.809154, -20.604914], [-40.809578, -20.604472], [-40.810219, -20.604499], [-40.810684, -20.604662], [-40.811396, -20.604588], [-40.81207, -20.604379], [-40.812713, -20.60444], [-40.813717, -20.604933], [-40.813926, -20.605292], [-40.814101, -20.605594], [-40.814102, -20.605596], [-40.81426, -20.605868], [-40.814709, -20.605995], [-40.815562, -20.605788], [-40.816199, -20.605443], [-40.816439, -20.604601], [-40.817498, -20.603854], [-40.819232, -20.601317], [-40.820426, -20.599826], [-40.82106, -20.599147], [-40.822015, -20.598601], [-40.822225, -20.598196], [-40.822323, -20.597524], [-40.823374, -20.596068], [-40.824026, -20.59543], [-40.824499, -20.593903], [-40.825455, -20.591774], [-40.826989, -20.589908], [-40.82852, -20.587608], [-40.829433, -20.586729], [-40.830982, -20.583614], [-40.832174, -20.582026], [-40.833137, -20.580493], [-40.833595, -20.580162], [-40.831162, -20.579459], [-40.829536, -20.578616], [-40.828129, -20.578433], [-40.826301, -20.578451], [-40.82345, -20.577951], [-40.821604, -20.576316], [-40.820461, -20.574673], [-40.819181, -20.573428], [-40.816804, -20.5716], [-40.817281, -20.570204], [-40.816351, -20.568825], [-40.814941, -20.568309], [-40.812804, -20.56886], [-40.811147, -20.570015], [-40.810518, -20.570161], [-40.810698, -20.569635], [-40.810654, -20.569145], [-40.8097, -20.568485], [-40.808842, -20.568145], [-40.808167, -20.567697], [-40.806651, -20.564949], [-40.804934, -20.562588], [-40.804583, -20.561157], [-40.803422, -20.560259], [-40.80319, -20.559563], [-40.802067, -20.558769], [-40.800818, -20.558152], [-40.799375, -20.558692], [-40.797918, -20.557902], [-40.796947, -20.558538], [-40.796887, -20.558578], [-40.795508, -20.558137], [-40.795095, -20.557757], [-40.794959, -20.557234], [-40.795062, -20.556463], [-40.79491, -20.556184], [-40.794497, -20.555874], [-40.793631, -20.554832], [-40.793215, -20.554174], [-40.793282, -20.553436], [-40.793866, -20.552591], [-40.793936, -20.552242], [-40.794246, -20.551958], [-40.792978, -20.551202], [-40.792445, -20.550228], [-40.791586, -20.549711], [-40.791089, -20.548527], [-40.79064, -20.548217], [-40.789503, -20.547879], [-40.789051, -20.547254], [-40.788849, -20.545858], [-40.788285, -20.545198], [-40.788166, -20.544534], [-40.78752, -20.544832], [-40.787495, -20.544843], [-40.783104, -20.546863], [-40.779963, -20.546024], [-40.778561, -20.544764], [-40.778737, -20.548489], [-40.776144, -20.552662], [-40.77512, -20.554523], [-40.776136, -20.556691], [-40.779452, -20.557901], [-40.77937, -20.560288], [-40.777579, -20.56259], [-40.774632, -20.564694], [-40.773774, -20.566675], [-40.774843, -20.568634], [-40.772994, -20.570624], [-40.774553, -20.572163], [-40.774581, -20.574654], [-40.772565, -20.576439], [-40.769575, -20.574913], [-40.768133, -20.573994], [-40.764135, -20.572586], [-40.761626, -20.571229], [-40.758525, -20.569738], [-40.756476, -20.567062], [-40.755275, -20.564792], [-40.754232, -20.563557], [-40.754476, -20.562241], [-40.754388, -20.560997], [-40.751879, -20.559777], [-40.748551, -20.557459], [-40.747168, -20.555111], [-40.74559, -20.552095], [-40.743512, -20.546789], [-40.740651, -20.546888], [-40.740159, -20.547446], [-40.739374, -20.549528], [-40.73807, -20.554176], [-40.737278, -20.555637], [-40.736208, -20.561663], [-40.734765, -20.563823], [-40.733382, -20.564804], [-40.733153, -20.564885], [-40.729544, -20.566156], [-40.727064, -20.567357], [-40.725096, -20.568691], [-40.721998, -20.57059], [-40.721048, -20.571014], [-40.718851, -20.572256], [-40.718171, -20.57357], [-40.717957, -20.575097], [-40.71948, -20.57697], [-40.720413, -20.57783], [-40.722203, -20.579339], [-40.723213, -20.579909], [-40.725971, -20.581987], [-40.726761, -20.583868], [-40.72778, -20.585236], [-40.728179, -20.586612], [-40.728237, -20.588281], [-40.726902, -20.592795], [-40.726616, -20.594833], [-40.725138, -20.597038], [-40.72495, -20.598493], [-40.724261, -20.601308], [-40.723656, -20.60233], [-40.722738, -20.602968], [-40.72185, -20.603945], [-40.720678, -20.604828], [-40.718493, -20.606881], [-40.717462, -20.606651], [-40.716744, -20.606706], [-40.716027, -20.606955], [-40.715954, -20.60724], [-40.696701, -20.607373], [-40.696789, -20.607517], [-40.697111, -20.608123], [-40.697588, -20.608519], [-40.698679, -20.608849], [-40.69905, -20.609574], [-40.699275, -20.610003], [-40.6998, -20.610443], [-40.700247, -20.61087], [-40.700438, -20.611121], [-40.700851, -20.611325], [-40.701468, -20.611541], [-40.702116, -20.611728], [-40.702917, -20.612203], [-40.70337, -20.61251], [-40.704009, -20.612571], [-40.704976, -20.612361], [-40.705779, -20.612286], [-40.70677, -20.612031], [-40.707904, -20.61202], [-40.708522, -20.612304], [-40.709268, -20.61341], [-40.709824, -20.613884], [-40.71032, -20.614068], [-40.711241, -20.614255], [-40.711332, -20.614845], [-40.711169, -20.616027], [-40.712078, -20.616629], [-40.712491, -20.616877], [-40.71311, -20.617317], [-40.713448, -20.617923], [-40.71344, -20.618606], [-40.713556, -20.61914], [-40.713969, -20.619388], [-40.714426, -20.619398], [-40.71501, -20.619407], [-40.715502, -20.619715], [-40.715854, -20.620186], [-40.715613, -20.620555], [-40.715184, -20.621111], [-40.714982, -20.621799], [-40.714965, -20.622424], [-40.714766, -20.62299], [-40.714945, -20.623449], [-40.715292, -20.62355], [-40.715832, -20.623826], [-40.716135, -20.624165], [-40.716576, -20.624653], [-40.716697, -20.625287], [-40.716627, -20.625771], [-40.716573, -20.626186], [-40.717171, -20.626141], [-40.717742, -20.626402], [-40.718069, -20.626528], [-40.718468, -20.626504], [-40.718993, -20.626489], [-40.71957, -20.626364], [-40.720148, -20.626378], [-40.720718, -20.626551], [-40.721385, -20.62702], [-40.721946, -20.627371], [-40.722126, -20.627508], [-40.722488, -20.62791], [-40.722796, -20.628234], [-40.723127, -20.628696], [-40.723256, -20.628952], [-40.723607, -20.629305], [-40.724115, -20.629617], [-40.72454, -20.629979], [-40.724992, -20.630034], [-40.725412, -20.62998], [-40.725834, -20.630105], [-40.726067, -20.630311], [-40.726229, -20.630636], [-40.726749, -20.631146], [-40.727142, -20.631488], [-40.727482, -20.631832], [-40.727719, -20.632285], [-40.727766, -20.63275], [-40.727623, -20.633068], [-40.727322, -20.633408], [-40.72698, -20.63359], [-40.726542, -20.633898], [-40.726217, -20.634218], [-40.725974, -20.634491], [-40.725823, -20.634724], [-40.725927, -20.635224], [-40.726112, -20.635546], [-40.726189, -20.635724], [-40.726202, -20.635904], [-40.726133, -20.636425], [-40.726174, -20.636698], [-40.726236, -20.637012], [-40.726095, -20.637534], [-40.725838, -20.637859], [-40.725957, -20.638318], [-40.726223, -20.638736], [-40.726366, -20.639126], [-40.726444, -20.639593], [-40.727171, -20.640149], [-40.727898, -20.640706], [-40.727984, -20.641093], [-40.727952, -20.641421], [-40.727856, -20.641671], [-40.727819, -20.641913], [-40.727765, -20.642356], [-40.72785, -20.642895], [-40.727747, -20.643182], [-40.727102, -20.643512], [-40.726418, -20.644155], [-40.726363, -20.645116], [-40.726287, -20.645882], [-40.726814, -20.646255], [-40.727459, -20.646662], [-40.728186, -20.646814], [-40.728879, -20.64695], [-40.730057, -20.646842], [-40.73063, -20.646805], [-40.731286, -20.646671], [-40.731856, -20.646364], [-40.732056, -20.646155], [-40.732725, -20.645672], [-40.733111, -20.645525], [-40.73387, -20.645517], [-40.734596, -20.645653], [-40.735075, -20.646284], [-40.735556, -20.64701], [-40.736032, -20.647386], [-40.736757, -20.647442], [-40.73782, -20.647448], [-40.738474, -20.647171], [-40.739064, -20.646965], [-40.739707, -20.646557], [-40.740016, -20.646059], [-40.740344, -20.645729], [-40.741134, -20.644783], [-40.741322, -20.64481], [-40.741714, -20.645373], [-40.742251, -20.645738], [-40.742578, -20.645946], [-40.742907, -20.646067], [-40.743511, -20.646866], [-40.743984, -20.647888], [-40.744409, -20.648657], [-40.744673, -20.649163], [-40.744917, -20.649902], [-40.745147, -20.650291], [-40.745781, -20.650719], [-40.746345, -20.650904], [-40.746967, -20.651279], [-40.747331, -20.651604], [-40.747357, -20.6519], [-40.747305, -20.65226], [-40.747052, -20.652814], [-40.746757, -20.653473], [-40.74663, -20.654226], [-40.746521, -20.654545], [-40.746245, -20.654982], [-40.745812, -20.655378], [-40.745165, -20.655819], [-40.744675, -20.656269], [-40.744398, -20.656558], [-40.744019, -20.657208], [-40.744009, -20.657652], [-40.744151, -20.657902], [-40.744292, -20.658151], [-40.744862, -20.658195], [-40.745489, -20.658234], [-40.746125, -20.658245], [-40.747148, -20.658262], [-40.747401, -20.658332], [-40.74746, -20.658349], [-40.747616, -20.658392], [-40.748118, -20.658533], [-40.748453, -20.65862], [-40.749122, -20.658635], [-40.749873, -20.658527], [-40.753029, -20.657966], [-40.754911, -20.657621], [-40.756508, -20.657368], [-40.756865, -20.657297], [-40.757271, -20.657293], [-40.757929, -20.65741], [-40.758144, -20.657498], [-40.7586, -20.657707], [-40.759189, -20.658038], [-40.759382, -20.658239], [-40.759796, -20.658909], [-40.761902, -20.662498], [-40.762158, -20.662945], [-40.762766, -20.663928], [-40.767211, -20.67189], [-40.769273, -20.67543], [-40.770142, -20.676905], [-40.770288, -20.677151], [-40.770396, -20.677577], [-40.770482, -20.678086], [-40.770535, -20.678573], [-40.770563, -20.67891], [-40.770616, -20.679314], [-40.770689, -20.679831], [-40.770694, -20.679861], [-40.770689, -20.680138], [-40.770729, -20.680843], [-40.770751, -20.681412], [-40.770766, -20.681967], [-40.770726, -20.682664], [-40.770732, -20.683197], [-40.770741, -20.683909], [-40.770764, -20.684546], [-40.770755, -20.685131], [-40.770759, -20.685543], [-40.77081, -20.685805], [-40.770975, -20.68626], [-40.771122, -20.686611], [-40.771261, -20.686932], [-40.77136, -20.687194], [-40.771361, -20.687329], [-40.771211, -20.68745], [-40.771031, -20.687477], [-40.770857, -20.687574], [-40.770736, -20.687665], [-40.77061, -20.687741], [-40.77051, -20.687797], [-40.770464, -20.687933], [-40.770395, -20.687998], [-40.770317, -20.688074], [-40.770312, -20.688169], [-40.770367, -20.688323], [-40.770481, -20.688537], [-40.770584, -20.688721], [-40.770676, -20.68888], [-40.770747, -20.689039], [-40.770769, -20.689134], [-40.770739, -20.689239], [-40.770588, -20.689471], [-40.77043, -20.689612], [-40.770368, -20.689718], [-40.770358, -20.689843], [-40.770439, -20.689927], [-40.770525, -20.690006], [-40.770558, -20.690131], [-40.770559, -20.690201], [-40.770513, -20.690401], [-40.770637, -20.690535], [-40.770691, -20.690584], [-40.770781, -20.690588], [-40.770861, -20.690662], [-40.770863, -20.690787], [-40.770848, -20.690842], [-40.770811, -20.690883], [-40.770801, -20.690943], [-40.770802, -20.690998], [-40.770813, -20.691093], [-40.770777, -20.691188], [-40.770635, -20.691309], [-40.770496, -20.691494], [-40.770364, -20.69169], [-40.770228, -20.691852], [-40.770012, -20.691989], [-40.76991, -20.69241], [-40.769855, -20.692858], [-40.769767, -20.693493], [-40.769491, -20.694228], [-40.76918, -20.694905], [-40.769147, -20.695396], [-40.769104, -20.695842], [-40.769045, -20.696644], [-40.768966, -20.697245], [-40.768826, -20.697728], [-40.768583, -20.698368], [-40.768413, -20.698715], [-40.768273, -20.699126], [-40.768036, -20.699538], [-40.767954, -20.699948], [-40.768035, -20.700302], [-40.76833, -20.700699], [-40.768604, -20.701079], [-40.768675, -20.701351], [-40.768818, -20.701722], [-40.769077, -20.702375], [-40.769362, -20.7031], [-40.769439, -20.703675], [-40.769375, -20.704215], [-40.769364, -20.70441], [-40.769361, -20.704676], [-40.769426, -20.704773], [-40.769684, -20.704788], [-40.769986, -20.704725], [-40.770365, -20.704636], [-40.770604, -20.704718], [-40.770703, -20.704887], [-40.770706, -20.705178], [-40.770787, -20.705462], [-40.770948, -20.705509], [-40.771128, -20.705447], [-40.771248, -20.70527], [-40.771446, -20.705158], [-40.77169, -20.705077], [-40.771864, -20.705081], [-40.77209, -20.705115], [-40.772264, -20.70512], [-40.772359, -20.704997], [-40.772543, -20.704795], [-40.772851, -20.704671], [-40.77314, -20.704613], [-40.773308, -20.704642], [-40.773579, -20.704688], [-40.773908, -20.7048], [-40.774276, -20.70485], [-40.774539, -20.704732], [-40.774775, -20.70456], [-40.775132, -20.704513], [-40.775551, -20.704407], [-40.775964, -20.704246], [-40.776308, -20.704167], [-40.776624, -20.704082], [-40.777071, -20.704037], [-40.777376, -20.703938], [-40.777742, -20.703853], [-40.77813, -20.703925], [-40.778578, -20.703769], [-40.778873, -20.703669], [-40.779089, -20.703478], [-40.779281, -20.703343], [-40.779363, -20.703178], [-40.779522, -20.703037], [-40.779721, -20.702932], [-40.779861, -20.702828], [-40.779937, -20.702724], [-40.780179, -20.702497], [-40.780383, -20.702343], [-40.780722, -20.702133], [-40.781263, -20.702125], [-40.781574, -20.702249], [-40.781739, -20.702356], [-40.781848, -20.70261], [-40.781947, -20.7028], [-40.781998, -20.703072], [-40.782158, -20.703165], [-40.782283, -20.703204], [-40.782499, -20.70325], [-40.782692, -20.703256], [-40.782816, -20.703251], [-40.783022, -20.703225], [-40.783244, -20.703137], [-40.783513, -20.703009], [-40.7838, -20.703015], [-40.783978, -20.702978], [-40.784145, -20.702996], [-40.784317, -20.702999], [-40.78445, -20.702871], [-40.784627, -20.702783], [-40.784755, -20.702671], [-40.784782, -20.702531], [-40.784868, -20.702486], [-40.785, -20.702407], [-40.785106, -20.702317], [-40.785234, -20.702268], [-40.785384, -20.702209], [-40.785495, -20.70218], [-40.785615, -20.70213], [-40.785701, -20.702129], [-40.785984, -20.702098], [-40.786194, -20.702064], [-40.786382, -20.702025], [-40.786553, -20.701955], [-40.786817, -20.701782], [-40.787235, -20.701539], [-40.787354, -20.701457], [-40.787512, -20.70135], [-40.787606, -20.701325], [-40.787708, -20.701231], [-40.787836, -20.701173], [-40.787921, -20.701095], [-40.788024, -20.701074], [-40.788091, -20.70094], [-40.788232, -20.700874], [-40.788317, -20.700829], [-40.788461, -20.700694], [-40.78864, -20.700566], [-40.788798, -20.700456], [-40.788963, -20.700312], [-40.789129, -20.700193], [-40.789206, -20.700128], [-40.78939, -20.700086], [-40.789595, -20.700007], [-40.789946, -20.699902], [-40.79025, -20.69983], [-40.790278, -20.699704], [-40.790162, -20.699625], [-40.790113, -20.699472], [-40.790176, -20.699378], [-40.790493, -20.699379], [-40.790623, -20.699406], [-40.790812, -20.699464], [-40.791168, -20.699452], [-40.791319, -20.699471], [-40.791396, -20.699466], [-40.791469, -20.699465], [-40.791572, -20.699456], [-40.791649, -20.699427], [-40.791747, -20.699414], [-40.792005, -20.699399], [-40.792202, -20.699353], [-40.792437, -20.699273], [-40.792629, -20.699178], [-40.792834, -20.6991], [-40.793018, -20.699053], [-40.793138, -20.699064], [-40.793225, -20.699104], [-40.793306, -20.699103], [-40.793438, -20.699024], [-40.793523, -20.698943], [-40.793544, -20.698882], [-40.793614, -20.69883], [-40.793935, -20.6987], [-40.794189, -20.698579], [-40.794353, -20.698439], [-40.794457, -20.698304], [-40.794573, -20.698176], [-40.794867, -20.698047], [-40.795124, -20.697874], [-40.795249, -20.697695], [-40.79523, -20.697456], [-40.795288, -20.697161], [-40.795416, -20.696877], [-40.795529, -20.696694], [-40.795664, -20.69652], [-40.795825, -20.696393], [-40.796187, -20.696171], [-40.796399, -20.696072], [-40.796598, -20.695993], [-40.796735, -20.695934], [-40.79678, -20.69586], [-40.79706, -20.695753], [-40.797363, -20.69575], [-40.797496, -20.695734], [-40.797682, -20.695788], [-40.797926, -20.695813], [-40.798044, -20.695749], [-40.798138, -20.69556], [-40.798136, -20.695393], [-40.798194, -20.695267], [-40.798393, -20.695202], [-40.798607, -20.6952], [-40.798675, -20.695297], [-40.798735, -20.695352], [-40.798847, -20.695497], [-40.799122, -20.695557], [-40.799291, -20.695472], [-40.799474, -20.695316], [-40.799628, -20.695162], [-40.799825, -20.695006], [-40.800156, -20.694766], [-40.800472, -20.694658], [-40.800915, -20.694556], [-40.801542, -20.694375], [-40.80191, -20.694281], [-40.80222, -20.694201], [-40.802464, -20.694198], [-40.802628, -20.694252], [-40.802784, -20.694334], [-40.802991, -20.694325], [-40.803146, -20.694254], [-40.80327, -20.694148], [-40.803387, -20.694007], [-40.803645, -20.693949], [-40.803882, -20.693946], [-40.804385, -20.693962], [-40.804858, -20.693908], [-40.805078, -20.693794], [-40.805328, -20.693625], [-40.805429, -20.693387], [-40.805633, -20.693141], [-40.805919, -20.692908], [-40.806242, -20.692765], [-40.806515, -20.692706], [-40.806811, -20.692689], [-40.806945, -20.692716], [-40.806976, -20.692855], [-40.806949, -20.693099], [-40.806966, -20.693294], [-40.807152, -20.693389], [-40.807367, -20.693401], [-40.807728, -20.693321], [-40.807906, -20.693319], [-40.808082, -20.693219], [-40.808302, -20.692994], [-40.808572, -20.692692], [-40.80902, -20.692457], [-40.809566, -20.692305], [-40.810082, -20.692195], [-40.810664, -20.691931], [-40.811128, -20.691745], [-40.811582, -20.691399], [-40.811999, -20.690997], [-40.812337, -20.690771], [-40.812928, -20.690737], [-40.813261, -20.690733], [-40.813637, -20.690618], [-40.813981, -20.690356], [-40.814479, -20.689926], [-40.814714, -20.689728], [-40.814985, -20.689523], [-40.815441, -20.689337], [-40.815941, -20.689076], [-40.816232, -20.688632], [-40.816697, -20.688325], [-40.817371, -20.688016], [-40.817716, -20.687829], [-40.818214, -20.687688], [-40.818838, -20.687411], [-40.819108, -20.687283], [-40.819562, -20.687282], [-40.820132, -20.68716], [-40.820465, -20.686911], [-40.820684, -20.686653], [-40.820932, -20.686395], [-40.821481, -20.686156], [-40.821899, -20.68605], [-40.822253, -20.685925], [-40.822656, -20.685819], [-40.822956, -20.685704], [-40.823333, -20.685491], [-40.823549, -20.68541], [-40.823849, -20.685356], [-40.824074, -20.685308], [-40.824234, -20.685239], [-40.824424, -20.685215], [-40.824657, -20.685194], [-40.824848, -20.685167], [-40.824985, -20.685113], [-40.825106, -20.68505], [-40.825217, -20.684968], [-40.825364, -20.684886], [-40.825412, -20.68483], [-40.825425, -20.684783], [-40.825483, -20.684708], [-40.825575, -20.684667], [-40.825696, -20.684662], [-40.825765, -20.684643], [-40.825817, -20.684587], [-40.825836, -20.68455], [-40.825842, -20.684491], [-40.825898, -20.684465], [-40.825977, -20.684498], [-40.826062, -20.68447], [-40.826157, -20.684413], [-40.826245, -20.68435], [-40.826379, -20.684271], [-40.826496, -20.684208], [-40.826634, -20.684154], [-40.826712, -20.68411], [-40.8268, -20.684035], [-40.826809, -20.683973], [-40.826782, -20.683883], [-40.826788, -20.683824], [-40.826879, -20.683755], [-40.827016, -20.683707], [-40.827236, -20.683631], [-40.827443, -20.683628], [-40.827612, -20.683656], [-40.827851, -20.68366], [-40.828111, -20.683601], [-40.828238, -20.683537], [-40.828378, -20.683395], [-40.828398, -20.683219], [-40.828419, -20.683099], [-40.828523, -20.683041], [-40.828709, -20.68299], [-40.828828, -20.682989], [-40.828947, -20.682939], [-40.829074, -20.682937], [-40.829185, -20.682901], [-40.829222, -20.682802], [-40.829295, -20.682738], [-40.829467, -20.682743], [-40.829565, -20.682777], [-40.829699, -20.682734], [-40.829832, -20.682641], [-40.829905, -20.68252], [-40.829986, -20.682449], [-40.83012, -20.682427], [-40.830262, -20.682397], [-40.830477, -20.682296], [-40.830685, -20.682182], [-40.830982, -20.682031], [-40.831175, -20.681958], [-40.831399, -20.681984], [-40.831527, -20.682102], [-40.83164, -20.682129], [-40.831759, -20.6821], [-40.831929, -20.681965], [-40.832077, -20.681864], [-40.832292, -20.681715], [-40.832602, -20.681518], [-40.832917, -20.68136], [-40.833155, -20.681334], [-40.833516, -20.681323], [-40.834066, -20.680908], [-40.834385, -20.680743], [-40.834682, -20.680557], [-40.834902, -20.680294], [-40.835035, -20.680138], [-40.835397, -20.67986], [-40.835685, -20.679611], [-40.836088, -20.679462], [-40.836325, -20.679328], [-40.836689, -20.679161], [-40.83693, -20.679109], [-40.837209, -20.679024], [-40.83739, -20.679007], [-40.837483, -20.678886], [-40.8376, -20.678738], [-40.837693, -20.678629], [-40.837738, -20.678522], [-40.837856, -20.678427], [-40.83799, -20.678374], [-40.838059, -20.678346], [-40.838197, -20.678274], [-40.838429, -20.678093], [-40.838642, -20.678016], [-40.838722, -20.678057], [-40.838802, -20.678024], [-40.838925, -20.677952], [-40.839134, -20.677912], [-40.839392, -20.677858], [-40.839521, -20.677856], [-40.839706, -20.677897], [-40.839827, -20.678017], [-40.839864, -20.678218], [-40.839863, -20.678528], [-40.840049, -20.678685], [-40.84028, -20.678898], [-40.840376, -20.678972], [-40.840431, -20.679033], [-40.840532, -20.679116], [-40.840677, -20.679218], [-40.840828, -20.679305], [-40.840952, -20.679337], [-40.841073, -20.679424], [-40.841348, -20.679525], [-40.84155, -20.679546], [-40.841824, -20.679399], [-40.842023, -20.679372], [-40.842269, -20.679407], [-40.842339, -20.679422], [-40.842482, -20.67948], [-40.842567, -20.679493], [-40.842818, -20.679591], [-40.8433, -20.679679], [-40.843487, -20.679727], [-40.843596, -20.679877], [-40.843599, -20.680112], [-40.843568, -20.680481], [-40.843428, -20.680735], [-40.84321, -20.681073], [-40.843214, -20.6814], [-40.843022, -20.681721], [-40.842855, -20.681916], [-40.842876, -20.682218], [-40.842844, -20.682503], [-40.842694, -20.682656], [-40.842221, -20.682894], [-40.841643, -20.683023], [-40.840732, -20.683206], [-40.840099, -20.683361], [-40.83964, -20.683662], [-40.839244, -20.684555], [-40.83898, -20.685708], [-40.839024, -20.686248], [-40.839261, -20.686371], [-40.839421, -20.686838], [-40.838773, -20.687152], [-40.838597, -20.687558], [-40.840238, -20.687645], [-40.840915, -20.687565], [-40.842104, -20.687245], [-40.842857, -20.687084], [-40.84368, -20.687027], [-40.843787, -20.686796], [-40.844861, -20.684472], [-40.844855, -20.680438], [-40.844665, -20.679041], [-40.84421, -20.677645], [-40.842657, -20.676174], [-40.842436, -20.676177], [-40.837306, -20.67623], [-40.83145, -20.674537], [-40.824686, -20.676203], [-40.824658, -20.67621], [-40.824638, -20.676061], [-40.824377, -20.674093], [-40.823112, -20.672885], [-40.822599, -20.671638], [-40.821631, -20.66975], [-40.821275, -20.668496], [-40.820904, -20.66766], [-40.820387, -20.667004], [-40.819973, -20.666089], [-40.819712, -20.663817], [-40.819323, -20.663321], [-40.819102, -20.662702], [-40.818538, -20.662229], [-40.818417, -20.661492], [-40.818295, -20.660755], [-40.817869, -20.659796], [-40.817574, -20.659133], [-40.817491, -20.658204], [-40.8157, -20.656604], [-40.815503, -20.656429], [-40.814463, -20.655671], [-40.813995, -20.65542], [-40.813336, -20.655254], [-40.813333, -20.655253], [-40.813063, -20.655185], [-40.813042, -20.65518], [-40.813031, -20.655177], [-40.81302, -20.655174], [-40.812467, -20.654411], [-40.812156, -20.654305], [-40.811886, -20.654563], [-40.811536, -20.654567], [-40.811417, -20.654349], [-40.810253, -20.654544], [-40.810245, -20.654535], [-40.809722, -20.653946], [-40.809192, -20.653348], [-40.80886, -20.653315], [-40.808077, -20.652847], [-40.807569, -20.652202], [-40.807564, -20.652195], [-40.807134, -20.65187], [-40.807132, -20.65187], [-40.806879, -20.651851], [-40.806753, -20.651841], [-40.806743, -20.651841], [-40.806278, -20.651806], [-40.806273, -20.651804], [-40.806268, -20.651801], [-40.805744, -20.651561], [-40.805738, -20.651558], [-40.805735, -20.651556], [-40.805732, -20.651555], [-40.805339, -20.651155], [-40.805333, -20.651143], [-40.805327, -20.651131], [-40.804893, -20.650211], [-40.804913, -20.649624], [-40.805328, -20.648527], [-40.805863, -20.647887], [-40.807533, -20.64665], [-40.808296, -20.645571], [-40.809108, -20.644148], [-40.809385, -20.642813], [-40.80912, -20.640777], [-40.806846, -20.638384], [-40.801168, -20.636404], [-40.797153, -20.635917], [-40.792676, -20.633697], [-40.790167, -20.631758], [-40.784506, -20.625784], [-40.782779, -20.624392], [-40.779222, -20.620603], [-40.779123, -20.620497]]]}}, {"type": "Feature", "properties": {"codigo": "320030010", "nome": "Crubixá"}, "geometry": {"type": "Polygon", "coordinates": [[[-40.914068, -20.683079], [-40.914836, -20.68308], [-40.915744, -20.683532], [-40.916552, -20.683744], [-40.917168, -20.683794], [-40.918052, -20.683833], [-40.91922, -20.68373], [-40.920613, -20.683503], [-40.92148, -20.683156], [-40.922329, -20.682483], [-40.923048, -20.681177], [-40.922698, -20.680113], [-40.922651, -20.678815], [-40.92239, -20.677548], [-40.922285, -20.67654], [-40.922708, -20.676073], [-40.923466, -20.67543], [-40.924327, -20.675738], [-40.924429, -20.676516], [-40.924926, -20.677058], [-40.925391, -20.677515], [-40.926038, -20.677854], [-40.926653, -20.67802], [-40.927237, -20.678216], [-40.927976, -20.678496], [-40.92868, -20.678488], [-40.929719, -20.678246], [-40.930379, -20.677199], [-40.931193, -20.677133], [-40.931665, -20.676445], [-40.931876, -20.675468], [-40.932073, -20.675004], [-40.932123, -20.674723], [-40.932344, -20.674449], [-40.93265, -20.674194], [-40.933104, -20.673969], [-40.93353, -20.673964], [-40.933724, -20.673762], [-40.933622, -20.673439], [-40.933471, -20.673193], [-40.933087, -20.672657], [-40.932619, -20.671875], [-40.932581, -20.671505], [-40.932855, -20.671101], [-40.932801, -20.670762], [-40.93252, -20.67058], [-40.932158, -20.67046], [-40.931796, -20.670341], [-40.931434, -20.670206], [-40.931005, -20.669979], [-40.930838, -20.669734], [-40.93077, -20.669519], [-40.9309, -20.669409], [-40.931061, -20.669176], [-40.931238, -20.668927], [-40.931528, -20.668584], [-40.93177, -20.668288], [-40.93211, -20.66796], [-40.932504, -20.667971], [-40.932715, -20.667876], [-40.932991, -20.667611], [-40.93307, -20.66744], [-40.933035, -20.667314], [-40.932904, -20.666872], [-40.932849, -20.666556], [-40.932955, -20.666263], [-40.93312, -20.666055], [-40.933252, -20.665903], [-40.93356, -20.665686], [-40.9338, -20.665407], [-40.93389, -20.665208], [-40.934001, -20.664709], [-40.934015, -20.664628], [-40.934095, -20.664154], [-40.934155, -20.663608], [-40.934183, -20.663172], [-40.93422, -20.662792], [-40.934004, -20.662651], [-40.933737, -20.662258], [-40.933473, -20.662015], [-40.933119, -20.661825], [-40.933002, -20.661738], [-40.932993, -20.661496], [-40.932994, -20.661048], [-40.932767, -20.660935], [-40.9324, -20.660806], [-40.932167, -20.660676], [-40.931801, -20.660244], [-40.93174, -20.659996], [-40.9317, -20.659852], [-40.931562, -20.659629], [-40.931461, -20.659273], [-40.931406, -20.658959], [-40.931446, -20.658577], [-40.93147, -20.65818], [-40.931375, -20.657537], [-40.931129, -20.657149], [-40.930876, -20.656907], [-40.930447, -20.656548], [-40.929829, -20.656455], [-40.92961, -20.656226], [-40.929643, -20.655774], [-40.929445, -20.655412], [-40.929085, -20.655096], [-40.928688, -20.654881], [-40.928119, -20.654545], [-40.927548, -20.654027], [-40.927153, -20.653958], [-40.926779, -20.653708], [-40.926449, -20.653318], [-40.926128, -20.652698], [-40.925774, -20.652254], [-40.925606, -20.651841], [-40.925648, -20.651479], [-40.925864, -20.651116], [-40.92638, -20.650358], [-40.92589, -20.649687], [-40.925832, -20.648834], [-40.925827, -20.648755], [-40.925826, -20.648738], [-40.925595, -20.64766], [-40.924822, -20.647476], [-40.924669, -20.64736], [-40.924209, -20.646943], [-40.923882, -20.646636], [-40.923479, -20.646566], [-40.923044, -20.646534], [-40.922516, -20.646428], [-40.922171, -20.646215], [-40.921774, -20.646083], [-40.921239, -20.646033], [-40.920986, -20.6458], [-40.920886, -20.645664], [-40.920602, -20.64563], [-40.920225, -20.645547], [-40.919236, -20.644919], [-40.918566, -20.644579], [-40.918196, -20.644459], [-40.917872, -20.644375], [-40.917417, -20.644337], [-40.917001, -20.644317], [-40.916447, -20.644224], [-40.915824, -20.643945], [-40.915747, -20.643586], [-40.91586, -20.643162], [-40.915884, -20.642448], [-40.916049, -20.641888], [-40.916202, -20.641495], [-40.916213, -20.64134], [-40.91602, -20.640671], [-40.915731, -20.640197], [-40.915546, -20.64013], [-40.915126, -20.639198], [-40.914937, -20.638852], [-40.914551, -20.638], [-40.914422, -20.637741], [-40.914377, -20.637269], [-40.914319, -20.636842], [-40.914262, -20.636526], [-40.913879, -20.636424], [-40.913644, -20.636085], [-40.913511, -20.635975], [-40.913338, -20.635878], [-40.912963, -20.635894], [-40.912627, -20.635898], [-40.9122, -20.635959], [-40.912035, -20.635967], [-40.91159, -20.635789], [-40.911406, -20.635316], [-40.911371, -20.634855], [-40.911248, -20.634563], [-40.911065, -20.634118], [-40.910884, -20.633841], [-40.910776, -20.633507], [-40.91077, -20.633074], [-40.910735, -20.632586], [-40.910759, -20.632124], [-40.910635, -20.631735], [-40.910583, -20.631163], [-40.910666, -20.630617], [-40.910735, -20.630239], [-40.909582, -20.629554], [-40.908927, -20.629202], [-40.908317, -20.628872], [-40.904395, -20.625227], [-40.903933, -20.62384], [-40.902952, -20.622111], [-40.90176, -20.621358], [-40.900805, -20.620562], [-40.899782, -20.619709], [-40.898956, -20.618605], [-40.898858, -20.616658], [-40.898392, -20.614924], [-40.895035, -20.615169], [-40.893113, -20.615051], [-40.89127, -20.615349], [-40.889004, -20.614782], [-40.888656, -20.614816], [-40.886133, -20.615056], [-40.884219, -20.615566], [-40.882085, -20.616353], [-40.877498, -20.61877], [-40.873399, -20.621808], [-40.871157, -20.622666], [-40.869236, -20.622758], [-40.867677, -20.622148], [-40.865661, -20.62036], [-40.864423, -20.618772], [-40.862335, -20.617194], [-40.86069, -20.615542], [-40.856722, -20.614262], [-40.854797, -20.613866], [-40.850066, -20.610574], [-40.849084, -20.608776], [-40.846192, -20.607833], [-40.844124, -20.607856], [-40.842104, -20.608782], [-40.840897, -20.609474], [-40.839177, -20.611163], [-40.838565, -20.612099], [-40.837698, -20.613746], [-40.837383, -20.613532], [-40.835977, -20.611166], [-40.835309, -20.610276], [-40.834021, -20.609702], [-40.83326, -20.609092], [-40.832869, -20.60792], [-40.831445, -20.6071], [-40.830781, -20.606426], [-40.830381, -20.605812], [-40.830033, -20.604154], [-40.829609, -20.603108], [-40.828437, -20.601109], [-40.828264, -20.6004], [-40.828292, -20.599875], [-40.827827, -20.599631], [-40.827394, -20.599047], [-40.827106, -20.598253], [-40.826674, -20.597825], [-40.826273, -20.597211], [-40.825428, -20.595209], [-40.824026, -20.59543], [-40.823374, -20.596068], [-40.822323, -20.597524], [-40.822225, -20.598196], [-40.822015, -20.598601], [-40.82106, -20.599147], [-40.820426, -20.599826], [-40.819232, -20.601317], [-40.817498, -20.603854], [-40.816439, -20.604601], [-40.816199, -20.605443], [-40.815562, -20.605788], [-40.814709, -20.605995], [-40.81426, -20.605868], [-40.814102, -20.605596], [-40.814101, -20.605594], [-40.813926, -20.605292], [-40.813717, -20.604933], [-40.812713, -20.60444], [-40.81207, -20.604379], [-40.811396, -20.604588], [-40.810684, -20.604662], [-40.810219, -20.604499], [-40.809578, -20.604472], [-40.809154, -20.604914], [-40.808708, -20.604784], [-40.807697, -20.60372], [-40.807374, -20.603555], [-40.806484, -20.603565], [-40.805455, -20.60391], [-40.804429, -20.604559], [-40.803759, -20.605206], [-40.803553, -20.605878], [-40.803791, -20.60638], [-40.804728, -20.607277], [-40.805519, -20.607871], [-40.806211, -20.609175], [-40.806111, -20.60968], [-40.805406, -20.610391], [-40.803952, -20.610977], [-40.80273, -20.611628], [-40.801917, -20.612274], [-40.80105, -20.612435], [-40.798468, -20.612915], [-40.796976, -20.613366], [-40.795714, -20.613447], [-40.794465, -20.61336], [-40.793679, -20.613199], [-40.792932, -20.613342], [-40.791681, -20.613052], [-40.790828, -20.613262], [-40.789836, -20.613843], [-40.788789, -20.614056], [-40.786864, -20.614009], [-40.786654, -20.614413], [-40.78673, -20.614816], [-40.786593, -20.615185], [-40.786097, -20.615494], [-40.785385, -20.615601], [-40.784746, -20.615877], [-40.783279, -20.617621], [-40.782258, -20.618834], [-40.781811, -20.619365], [-40.781174, -20.619707], [-40.780391, -20.619817], [-40.779123, -20.620497], [-40.779222, -20.620603], [-40.782779, -20.624392], [-40.784506, -20.625784], [-40.790167, -20.631758], [-40.792676, -20.633697], [-40.797153, -20.635917], [-40.801168, -20.636404], [-40.806846, -20.638384], [-40.80912, -20.640777], [-40.809385, -20.642813], [-40.809108, -20.644148], [-40.808296, -20.645571], [-40.807533, -20.64665], [-40.805863, -20.647887], [-40.805328, -20.648527], [-40.804913, -20.649624], [-40.804893, -20.650211], [-40.805327, -20.651131], [-40.805333, -20.651143], [-40.805339, -20.651155], [-40.805732, -20.651555], [-40.805735, -20.651556], [-40.805738, -20.651558], [-40.805744, -20.651561], [-40.806268, -20.651801], [-40.806273, -20.651804], [-40.806278, -20.651806], [-40.806743, -20.651841], [-40.806753, -20.651841], [-40.806879, -20.651851], [-40.807132, -20.65187], [-40.807134, -20.65187], [-40.807564, -20.652195], [-40.807569, -20.652202], [-40.808077, -20.652847], [-40.80886, -20.653315], [-40.809192, -20.653348], [-40.809722, -20.653946], [-40.810245, -20.654535], [-40.810253, -20.654544], [-40.811417, -20.654349], [-40.811536, -20.654567], [-40.811886, -20.654563], [-40.812156, -20.654305], [-40.812467, -20.654411], [-40.81302, -20.655174], [-40.813031, -20.655177], [-40.813042, -20.65518], [-40.813063, -20.655185], [-40.813333, -20.655253], [-40.813336, -20.655254], [-40.813995, -20.65542], [-40.814463, -20.655671], [-40.815503, -20.656429], [-40.8157, -20.656604], [-40.817491, -20.658204], [-40.817574, -20.659133], [-40.817869, -20.659796], [-40.818295, -20.660755], [-40.818417, -20.661492], [-40.818538, -20.662229], [-40.819102, -20.662702], [-40.819323, -20.663321], [-40.819712, -20.663817], [-40.819973, -20.666089], [-40.820387, -20.667004], [-40.820904, -20.66766], [-40.821275, -20.668496], [-40.821631, -20.66975], [-40.822599, -20.671638], [-40.823112, -20.672885], [-40.824377, -20.674093], [-40.824638, -20.676061], [-40.824658, -20.67621], [-40.824686, -20.676203], [-40.83145, -20.674537], [-40.837306, -20.67623], [-40.842436, -20.676177], [-40.842657, -20.676174], [-40.84421, -20.677645], [-40.844665, -20.679041], [-40.844855, -20.680438], [-40.844861, -20.684472], [-40.843787, -20.686796], [-40.84368, -20.687027], [-40.84462, -20.687332], [-40.845622, -20.687751], [-40.846981, -20.687736], [-40.847535, -20.68779], [-40.848856, -20.68724], [-40.849436, -20.686832], [-40.850235, -20.685926], [-40.850388, -20.685696], [-40.850493, -20.68542], [-40.850883, -20.68508], [-40.851523, -20.684906], [-40.851783, -20.684903], [-40.852117, -20.684858], [-40.852446, -20.68486], [-40.852835, -20.684866], [-40.853062, -20.684889], [-40.853501, -20.685037], [-40.8542, -20.685371], [-40.854942, -20.685443], [-40.855133, -20.685599], [-40.855484, -20.685616], [-40.855824, -20.685571], [-40.856135, -20.685385], [-40.856434, -20.685163], [-40.856891, -20.68499], [-40.857281, -20.684916], [-40.857412, -20.684705], [-40.85743, -20.684551], [-40.857581, -20.684382], [-40.857953, -20.684], [-40.858349, -20.683618], [-40.858809, -20.683557], [-40.859339, -20.683135], [-40.85974, -20.682897], [-40.860074, -20.682804], [-40.860321, -20.682713], [-40.860573, -20.682621], [-40.860751, -20.6825], [-40.860916, -20.682418], [-40.861029, -20.682334], [-40.861194, -20.682258], [-40.861373, -20.682194], [-40.861777, -20.681847], [-40.861883, -20.681823], [-40.862206, -20.681751], [-40.862567, -20.681531], [-40.862982, -20.681456], [-40.8633, -20.681306], [-40.863517, -20.680912], [-40.863596, -20.68068], [-40.863743, -20.680525], [-40.863962, -20.680271], [-40.864077, -20.679927], [-40.864105, -20.679808], [-40.864245, -20.679694], [-40.864287, -20.679533], [-40.864292, -20.679323], [-40.864282, -20.679086], [-40.864281, -20.678981], [-40.864412, -20.678811], [-40.864701, -20.678759], [-40.865004, -20.678679], [-40.865128, -20.678482], [-40.8652, -20.678306], [-40.865362, -20.678207], [-40.865658, -20.678057], [-40.866005, -20.677934], [-40.866376, -20.677916], [-40.866636, -20.677913], [-40.866903, -20.677938], [-40.867326, -20.677934], [-40.867821, -20.677733], [-40.868064, -20.677548], [-40.868343, -20.677272], [-40.868592, -20.677011], [-40.868951, -20.676671], [-40.869245, -20.676374], [-40.869418, -20.676009], [-40.869692, -20.675929], [-40.869901, -20.675983], [-40.870073, -20.676107], [-40.870215, -20.676224], [-40.87046, -20.676242], [-40.870698, -20.676261], [-40.870906, -20.676258], [-40.871172, -20.676172], [-40.871297, -20.676086], [-40.871369, -20.675883], [-40.871427, -20.67577], [-40.871597, -20.675685], [-40.871722, -20.67562], [-40.871892, -20.675507], [-40.871965, -20.675436], [-40.872184, -20.67514], [-40.872394, -20.674753], [-40.872371, -20.674613], [-40.872213, -20.674461], [-40.871856, -20.674409], [-40.87178, -20.67427], [-40.871823, -20.674193], [-40.872006, -20.673946], [-40.872339, -20.67383], [-40.872769, -20.673791], [-40.873132, -20.673731], [-40.873354, -20.673679], [-40.873575, -20.67353], [-40.87373, -20.673494], [-40.874301, -20.673452], [-40.874946, -20.673375], [-40.875369, -20.67335], [-40.875724, -20.673255], [-40.876473, -20.67324], [-40.877149, -20.673268], [-40.877744, -20.673303], [-40.87818, -20.6732], [-40.878541, -20.672987], [-40.878842, -20.672683], [-40.878956, -20.672332], [-40.879168, -20.672015], [-40.8793, -20.67188], [-40.879581, -20.671821], [-40.879877, -20.671713], [-40.880105, -20.671599], [-40.880283, -20.671534], [-40.880422, -20.671407], [-40.880613, -20.671244], [-40.880812, -20.67113], [-40.881184, -20.670898], [-40.881716, -20.670662], [-40.882091, -20.670416], [-40.882459, -20.670412], [-40.882771, -20.670472], [-40.883007, -20.670648], [-40.883198, -20.670761], [-40.883401, -20.670948], [-40.883627, -20.67127], [-40.883943, -20.671634], [-40.884296, -20.672238], [-40.884568, -20.672603], [-40.884737, -20.67279], [-40.885255, -20.673214], [-40.88668, -20.674142], [-40.886696, -20.674247], [-40.886664, -20.674407], [-40.886654, -20.674482], [-40.886757, -20.674577], [-40.887029, -20.674596], [-40.887209, -20.674466], [-40.887423, -20.674378], [-40.887752, -20.674438], [-40.888115, -20.674498], [-40.88821, -20.674817], [-40.888316, -20.675126], [-40.888364, -20.675371], [-40.888367, -20.675595], [-40.888346, -20.675766], [-40.888348, -20.675915], [-40.888338, -20.676022], [-40.888374, -20.67615], [-40.888637, -20.676382], [-40.889012, -20.676467], [-40.889278, -20.676558], [-40.889537, -20.676541], [-40.889861, -20.676538], [-40.890101, -20.676515], [-40.89023, -20.676525], [-40.890562, -20.676578], [-40.890849, -20.676689], [-40.891116, -20.676717], [-40.891385, -20.676784], [-40.891744, -20.676917], [-40.892103, -20.677095], [-40.892388, -20.677183], [-40.892769, -20.677179], [-40.89341, -20.677149], [-40.893954, -20.677069], [-40.894335, -20.677065], [-40.894813, -20.67712], [-40.895713, -20.677238], [-40.89636, -20.677445], [-40.896726, -20.677689], [-40.896919, -20.67784], [-40.897022, -20.678087], [-40.897191, -20.678538], [-40.897307, -20.679127], [-40.897359, -20.679656], [-40.897365, -20.680161], [-40.897387, -20.680485], [-40.897615, -20.680534], [-40.897995, -20.680462], [-40.898482, -20.680191], [-40.89889, -20.680187], [-40.899163, -20.680227], [-40.899464, -20.680334], [-40.899985, -20.680645], [-40.900197, -20.680925], [-40.900301, -20.681231], [-40.900575, -20.681434], [-40.900856, -20.681362], [-40.901235, -20.681161], [-40.901595, -20.680952], [-40.901748, -20.680882], [-40.902392, -20.681076], [-40.902402, -20.681665], [-40.902618, -20.682242], [-40.90293, -20.682551], [-40.903182, -20.683069], [-40.903312, -20.6836], [-40.903551, -20.684003], [-40.904031, -20.684033], [-40.904337, -20.683844], [-40.904593, -20.683702], [-40.904873, -20.683467], [-40.905192, -20.683371], [-40.905654, -20.683292], [-40.906019, -20.683451], [-40.906148, -20.683655], [-40.906372, -20.684097], [-40.90672, -20.684358], [-40.906842, -20.684656], [-40.906782, -20.684939], [-40.906968, -20.685338], [-40.907516, -20.685507], [-40.907772, -20.685465], [-40.908154, -20.685607], [-40.908364, -20.685789], [-40.908842, -20.685901], [-40.909276, -20.685902], [-40.909658, -20.685971], [-40.909916, -20.685891], [-40.910129, -20.68553], [-40.910248, -20.685234], [-40.91038, -20.684924], [-40.910396, -20.684614], [-40.910346, -20.684386], [-40.910428, -20.684156], [-40.910508, -20.683864], [-40.910819, -20.683261], [-40.911452, -20.682955], [-40.912183, -20.682955], [-40.912984, -20.683087], [-40.913706, -20.683079], [-40.914068, -20.683079]]]}}, {"type": "Feature", "properties": {"codigo": "320030015", "nome": "Ibitiruí"}, "geometry": {"type": "Polygon", "coordinates": [[[-40.833595, -20.580162], [-40.833137, -20.580493], [-40.832174, -20.582026], [-40.830982, -20.583614], [-40.829433, -20.586729], [-40.82852, -20.587608], [-40.826989, -20.589908], [-40.825455, -20.591774], [-40.824499, -20.593903], [-40.824026, -20.59543], [-40.825428, -20.595209], [-40.826273, -20.597211], [-40.826674, -20.597825], [-40.827106, -20.598253], [-40.827394, -20.599047], [-40.827827, -20.599631], [-40.828292, -20.599875], [-40.828264, -20.6004], [-40.828437, -20.601109], [-40.829609, -20.603108], [-40.830033, -20.604154], [-40.830381, -20.605812], [-40.830781, -20.606426], [-40.831445, -20.6071], [-40.832869, -20.60792], [-40.83326, -20.609092], [-40.834021, -20.609702], [-40.835309, -20.610276], [-40.835977, -20.611166], [-40.837383, -20.613532], [-40.837698, -20.613746], [-40.838565, -20.612099], [-40.839177, -20.611163], [-40.840897, -20.609474], [-40.842104, -20.608782], [-40.844124, -20.607856], [-40.846192, -20.607833], [-40.849084, -20.608776], [-40.850066, -20.610574], [-40.854797, -20.613866], [-40.856722, -20.614262], [-40.86069, -20.615542], [-40.862335, -20.617194], [-40.864423, -20.618772], [-40.865661, -20.62036], [-40.867677, -20.622148], [-40.869236, -20.622758], [-40.871157, -20.622666], [-40.873399, -20.621808], [-40.877498, -20.61877], [-40.882085, -20.616353], [-40.884219, -20.615566], [-40.886133, -20.615056], [-40.888656, -20.614816], [-40.889004, -20.614782], [-40.89127, -20.615349], [-40.893113, -20.615051], [-40.895035, -20.615169], [-40.898392, -20.614924], [-40.898858, -20.616658], [-40.898956, -20.618605], [-40.899782, -20.619709], [-40.900805, -20.620562], [-40.90176, -20.621358], [-40.902952, -20.622111], [-40.903933, -20.62384], [-40.904395, -20.625227], [-40.908317, -20.628872], [-40.908927, -20.629202], [-40.909582, -20.629554], [-40.910735, -20.630239], [-40.911511, -20.62949], [-40.911285, -20.629213], [-40.911609, -20.628823], [-40.911354, -20.628406], [-40.911242, -20.628152], [-40.910795, -20.627972], [-40.910445, -20.627782], [-40.910304, -20.627344], [-40.910217, -20.62692], [-40.910085, -20.626323], [-40.909998, -20.625915], [-40.909948, -20.625796], [-40.909856, -20.625579], [-40.909555, -20.624937], [-40.909349, -20.624165], [-40.909503, -20.62338], [-40.909644, -20.622949], [-40.909608, -20.622734], [-40.909694, -20.622396], [-40.9099, -20.621964], [-40.910057, -20.621494], [-40.910172, -20.619613], [-40.910183, -20.619198], [-40.910243, -20.618453], [-40.91056, -20.618381], [-40.910793, -20.61847], [-40.911231, -20.618339], [-40.911495, -20.617933], [-40.911375, -20.61714], [-40.91143, -20.616656], [-40.911534, -20.616218], [-40.911868, -20.615569], [-40.912599, -20.6154], [-40.913049, -20.615303], [-40.913376, -20.615058], [-40.913676, -20.614663], [-40.913906, -20.614488], [-40.914031, -20.613715], [-40.914175, -20.613518], [-40.914406, -20.613446], [-40.914844, -20.613327], [-40.915244, -20.61308], [-40.915451, -20.612963], [-40.915707, -20.612949], [-40.916035, -20.61283], [-40.916179, -20.61261], [-40.916484, -20.612572], [-40.91686, -20.612395], [-40.917129, -20.612392], [-40.917397, -20.612343], [-40.917675, -20.612098], [-40.917831, -20.611924], [-40.918024, -20.611691], [-40.918169, -20.611563], [-40.918411, -20.611422], [-40.91897, -20.611186], [-40.919188, -20.611068], [-40.919296, -20.610883], [-40.919267, -20.61055], [-40.919655, -20.610315], [-40.920155, -20.610229], [-40.920764, -20.610084], [-40.921019, -20.609989], [-40.92115, -20.609769], [-40.921257, -20.609503], [-40.921511, -20.609293], [-40.921802, -20.609106], [-40.922007, -20.608896], [-40.92226, -20.60864], [-40.922392, -20.608501], [-40.922623, -20.608291], [-40.923298, -20.608107], [-40.924152, -20.608031], [-40.925094, -20.60786], [-40.925557, -20.607797], [-40.926065, -20.607791], [-40.926863, -20.607454], [-40.927517, -20.607086], [-40.928727, -20.606917], [-40.929221, -20.606836], [-40.929297, -20.606545], [-40.929517, -20.605976], [-40.92978, -20.605658], [-40.929911, -20.605405], [-40.930014, -20.605089], [-40.930263, -20.604683], [-40.930659, -20.604313], [-40.93148, -20.603737], [-40.932346, -20.603488], [-40.932314, -20.603035], [-40.932156, -20.602218], [-40.932472, -20.601811], [-40.93281, -20.601573], [-40.933272, -20.601499], [-40.932719, -20.600121], [-40.932292, -20.598333], [-40.932101, -20.596975], [-40.932092, -20.596105], [-40.931799, -20.595782], [-40.931134, -20.595736], [-40.929366, -20.597331], [-40.927987, -20.597782], [-40.92442, -20.598474], [-40.922494, -20.598985], [-40.921159, -20.598456], [-40.919939, -20.597817], [-40.919819, -20.597438], [-40.918533, -20.595985], [-40.917112, -20.595457], [-40.913486, -20.59615], [-40.912049, -20.596546], [-40.910895, -20.596502], [-40.909246, -20.596088], [-40.908773, -20.595222], [-40.90853, -20.594247], [-40.908521, -20.593486], [-40.907866, -20.591971], [-40.907229, -20.591651], [-40.906041, -20.591284], [-40.904763, -20.590539], [-40.903314, -20.59001], [-40.902505, -20.589856], [-40.901641, -20.590028], [-40.900838, -20.590363], [-40.899427, -20.591333], [-40.899406, -20.591348], [-40.899151, -20.591524], [-40.897552, -20.592846], [-40.895999, -20.593243], [-40.893376, -20.593271], [-40.89193, -20.59307], [-40.891519, -20.59253], [-40.890878, -20.592049], [-40.890289, -20.590913], [-40.889586, -20.59016], [-40.887934, -20.589471], [-40.886065, -20.587698], [-40.885198, -20.587544], [-40.884211, -20.587012], [-40.882431, -20.585291], [-40.881273, -20.584977], [-40.878624, -20.585333], [-40.876258, -20.585413], [-40.877837, -20.580014], [-40.876266, -20.578835], [-40.874002, -20.575326], [-40.870976, -20.573076], [-40.868041, -20.571312], [-40.866073, -20.570791], [-40.865606, -20.570417], [-40.864447, -20.569884], [-40.862915, -20.569521], [-40.861634, -20.56861], [-40.860302, -20.568136], [-40.85909, -20.568094], [-40.858049, -20.567941], [-40.853642, -20.568369], [-40.851621, -20.56812], [-40.847956, -20.567996], [-40.84617, -20.568178], [-40.844619, -20.568683], [-40.84312, -20.568808], [-40.840616, -20.569215], [-40.840119, -20.571068], [-40.840255, -20.572807], [-40.840495, -20.573674], [-40.839119, -20.576624], [-40.837344, -20.577784], [-40.836541, -20.578119], [-40.83557, -20.57889], [-40.834622, -20.579336], [-40.833595, -20.580162]]]}}, {"type": "Feature", "properties": {"codigo": "320030020", "nome": "Matilde"}, "geometry": {"type": "Polygon", "coordinates": [[[-40.840877, -20.484884], [-40.840584, -20.484914], [-40.84035, -20.484965], [-40.840195, -20.485024], [-40.840015, -20.485165], [-40.839811, -20.485662], [-40.839719, -20.486065], [-40.839587, -20.486368], [-40.83927, -20.486599], [-40.838932, -20.486667], [-40.838554, -20.486689], [-40.838274, -20.486719], [-40.837993, -20.486704], [-40.83778, -20.486779], [-40.837578, -20.486882], [-40.837473, -20.487001], [-40.837204, -20.48715], [-40.837013, -20.48738], [-40.836803, -20.487693], [-40.836631, -20.487887], [-40.836519, -20.48818], [-40.836198, -20.488119], [-40.835888, -20.488068], [-40.83547, -20.487963], [-40.834964, -20.48774], [-40.834322, -20.487573], [-40.833923, -20.487431], [-40.833552, -20.487134], [-40.833276, -20.486781], [-40.83304, -20.486482], [-40.832821, -20.485983], [-40.83276, -20.485673], [-40.832669, -20.4854], [-40.832368, -20.485312], [-40.831757, -20.485245], [-40.831388, -20.485213], [-40.830982, -20.485254], [-40.830643, -20.485257], [-40.830342, -20.48516], [-40.830128, -20.485107], [-40.829856, -20.485037], [-40.829681, -20.484994], [-40.829467, -20.484941], [-40.829214, -20.484862], [-40.829049, -20.484799], [-40.828923, -20.484755], [-40.82869, -20.484776], [-40.828545, -20.484768], [-40.828351, -20.484761], [-40.828216, -20.484799], [-40.828052, -20.484837], [-40.827908, -20.484921], [-40.827785, -20.485214], [-40.827654, -20.485599], [-40.827485, -20.486039], [-40.827139, -20.486289], [-40.826668, -20.486613], [-40.826177, -20.486847], [-40.825895, -20.487439], [-40.825882, -20.488064], [-40.825612, -20.488167], [-40.825126, -20.488044], [-40.825004, -20.488001], [-40.824584, -20.488105], [-40.824201, -20.488456], [-40.823932, -20.488659], [-40.823439, -20.488765], [-40.822926, -20.488816], [-40.82247, -20.488729], [-40.821639, -20.488108], [-40.821195, -20.488168], [-40.820845, -20.488117], [-40.820584, -20.48811], [-40.820421, -20.487935], [-40.820114, -20.487686], [-40.81985, -20.487461], [-40.819558, -20.487354], [-40.819344, -20.487302], [-40.819119, -20.487149], [-40.818924, -20.487042], [-40.81872, -20.486925], [-40.818504, -20.486726], [-40.818318, -20.486528], [-40.817958, -20.486016], [-40.817541, -20.485839], [-40.816787, -20.485704], [-40.816177, -20.48571], [-40.815091, -20.485585], [-40.815278, -20.484674], [-40.816374, -20.483481], [-40.8155, -20.48328], [-40.814302, -20.483274], [-40.813798, -20.483287], [-40.813511, -20.483155], [-40.812989, -20.483005], [-40.812259, -20.48284], [-40.812147, -20.483169], [-40.812101, -20.483425], [-40.812114, -20.483672], [-40.812182, -20.484012], [-40.812088, -20.484258], [-40.812086, -20.484566], [-40.811943, -20.484787], [-40.811721, -20.484871], [-40.811559, -20.485047], [-40.811202, -20.485169], [-40.810392, -20.485479], [-40.809844, -20.485859], [-40.809643, -20.486052], [-40.809432, -20.486228], [-40.809143, -20.486368], [-40.808885, -20.486398], [-40.808519, -20.486895], [-40.808385, -20.487024], [-40.808504, -20.48726], [-40.808671, -20.487404], [-40.808992, -20.487556], [-40.80914, -20.487737], [-40.80937, -20.487857], [-40.809443, -20.48798], [-40.809532, -20.488125], [-40.809621, -20.488344], [-40.809721, -20.48858], [-40.809733, -20.488744], [-40.809658, -20.489009], [-40.809661, -20.489256], [-40.809616, -20.489539], [-40.809552, -20.489841], [-40.809418, -20.489989], [-40.809119, -20.490138], [-40.808908, -20.490304], [-40.808697, -20.490443], [-40.80833, -20.490593], [-40.807973, -20.490697], [-40.807781, -20.490827], [-40.807648, -20.491066], [-40.807447, -20.491241], [-40.807269, -20.491358], [-40.80725, -20.491623], [-40.807265, -20.491882], [-40.807361, -20.492089], [-40.807486, -20.492286], [-40.807631, -20.492474], [-40.807721, -20.492579], [-40.807793, -20.492637], [-40.807942, -20.492741], [-40.808056, -20.492822], [-40.808091, -20.492895], [-40.808101, -20.492987], [-40.808111, -20.492996], [-40.808259, -20.493162], [-40.808386, -20.493336], [-40.808307, -20.493578], [-40.8083, -20.493779], [-40.808405, -20.494006], [-40.808285, -20.494235], [-40.80829, -20.494306], [-40.808266, -20.494519], [-40.808534, -20.494735], [-40.808528, -20.495073], [-40.808647, -20.495263], [-40.808658, -20.495391], [-40.80868, -20.495619], [-40.808638, -20.495811], [-40.808744, -20.496084], [-40.808872, -20.496292], [-40.809373, -20.496506], [-40.809594, -20.496759], [-40.809792, -20.497113], [-40.809912, -20.497386], [-40.810002, -20.497659], [-40.810024, -20.497887], [-40.810055, -20.49806], [-40.810019, -20.498252], [-40.810069, -20.498461], [-40.809898, -20.498709], [-40.809766, -20.498975], [-40.809612, -20.499132], [-40.809546, -20.499261], [-40.809559, -20.499507], [-40.809532, -20.499708], [-40.809583, -20.49989], [-40.809845, -20.499942], [-40.809924, -20.50006], [-40.810109, -20.500204], [-40.810188, -20.500294], [-40.810415, -20.500487], [-40.810367, -20.500651], [-40.81032, -20.500809], [-40.810279, -20.50096], [-40.810251, -20.501102], [-40.810277, -20.501219], [-40.81032, -20.501327], [-40.810378, -20.501426], [-40.81045, -20.501519], [-40.810533, -20.501607], [-40.810618, -20.501692], [-40.810713, -20.501775], [-40.810816, -20.501857], [-40.810854, -20.501885], [-40.811477, -20.502015], [-40.811913, -20.50202], [-40.812177, -20.502181], [-40.812383, -20.502471], [-40.812551, -20.502725], [-40.812707, -20.502842], [-40.812865, -20.503069], [-40.812936, -20.503323], [-40.813046, -20.503614], [-40.813048, -20.503797], [-40.812963, -20.50398], [-40.812868, -20.504155], [-40.812754, -20.504339], [-40.81261, -20.50444], [-40.812553, -20.504633], [-40.812564, -20.504817], [-40.812769, -20.505104], [-40.813239, -20.505566], [-40.813738, -20.505958], [-40.814173, -20.506211], [-40.814693, -20.506513], [-40.814917, -20.5067], [-40.814988, -20.506839], [-40.814994, -20.506845], [-40.815104, -20.506955], [-40.815179, -20.50713], [-40.815105, -20.50739], [-40.81507, -20.50771], [-40.815189, -20.5079], [-40.815336, -20.50809], [-40.815638, -20.508169], [-40.816046, -20.508247], [-40.816289, -20.508391], [-40.816727, -20.508505], [-40.81699, -20.508648], [-40.817185, -20.508737], [-40.81738, -20.508845], [-40.817527, -20.50898], [-40.817635, -20.509143], [-40.817713, -20.509264], [-40.817785, -20.509354], [-40.817901, -20.509478], [-40.817928, -20.509598], [-40.817947, -20.509705], [-40.817976, -20.509917], [-40.817877, -20.510063], [-40.817698, -20.510244], [-40.817918, -20.510599], [-40.818048, -20.510788], [-40.818138, -20.510962], [-40.818532, -20.511298], [-40.818791, -20.511762], [-40.81888, -20.512148], [-40.818819, -20.51264], [-40.818838, -20.513093], [-40.81922, -20.513306], [-40.819563, -20.513683], [-40.819801, -20.513992], [-40.820063, -20.514189], [-40.820054, -20.514517], [-40.819972, -20.514688], [-40.82, -20.514804], [-40.820095, -20.514966], [-40.820184, -20.515129], [-40.820269, -20.515293], [-40.82028, -20.515314], [-40.820287, -20.51532], [-40.820692, -20.515654], [-40.820883, -20.51583], [-40.821099, -20.516117], [-40.821363, -20.516438], [-40.821617, -20.516647], [-40.821949, -20.516789], [-40.822075, -20.51697], [-40.822045, -20.51739], [-40.82194, -20.517848], [-40.821808, -20.51824], [-40.821582, -20.518537], [-40.820984, -20.519037], [-40.820622, -20.518946], [-40.820453, -20.518864], [-40.820205, -20.518771], [-40.820041, -20.51864], [-40.81986, -20.518613], [-40.819711, -20.518752], [-40.819604, -20.518973], [-40.819513, -20.519136], [-40.819422, -20.519286], [-40.819239, -20.519421], [-40.818998, -20.51954], [-40.818876, -20.519641], [-40.818643, -20.519751], [-40.81842, -20.519895], [-40.818464, -20.520202], [-40.818317, -20.520477], [-40.818217, -20.52101], [-40.818116, -20.521418], [-40.818094, -20.52175], [-40.818018, -20.522058], [-40.817889, -20.522284], [-40.817688, -20.522427], [-40.817239, -20.522506], [-40.816808, -20.522561], [-40.816562, -20.522663], [-40.816308, -20.522815], [-40.816151, -20.522933], [-40.815985, -20.523059], [-40.815818, -20.523136], [-40.815723, -20.523118], [-40.815647, -20.52308], [-40.815561, -20.522935], [-40.815482, -20.522804], [-40.81539, -20.522739], [-40.815278, -20.522644], [-40.815188, -20.522587], [-40.815109, -20.522527], [-40.815014, -20.522476], [-40.814914, -20.522317], [-40.814779, -20.522235], [-40.814677, -20.522011], [-40.814552, -20.521834], [-40.8144, -20.521719], [-40.814312, -20.521537], [-40.814224, -20.521356], [-40.814135, -20.521178], [-40.814045, -20.521012], [-40.813863, -20.520924], [-40.813673, -20.520832], [-40.813396, -20.520701], [-40.813187, -20.520648], [-40.812913, -20.520536], [-40.81264, -20.520502], [-40.812352, -20.520615], [-40.812154, -20.520764], [-40.811996, -20.521038], [-40.811608, -20.521199], [-40.811364, -20.521228], [-40.810959, -20.521295], [-40.810621, -20.521388], [-40.810136, -20.521274], [-40.809778, -20.521357], [-40.809619, -20.521359], [-40.809593, -20.521364], [-40.809502, -20.521365], [-40.80947, -20.52136], [-40.809283, -20.521362], [-40.808914, -20.521326], [-40.808567, -20.521236], [-40.808248, -20.521093], [-40.807963, -20.520965], [-40.80765, -20.52079], [-40.807454, -20.520651], [-40.807258, -20.520527], [-40.806994, -20.520383], [-40.806693, -20.520287], [-40.806479, -20.520079], [-40.806339, -20.520007], [-40.806022, -20.52], [-40.8057, -20.520019], [-40.80546, -20.519954], [-40.80535, -20.519546], [-40.805169, -20.519312], [-40.804981, -20.518906], [-40.804811, -20.518651], [-40.804602, -20.518349], [-40.804383, -20.518158], [-40.804245, -20.517903], [-40.804064, -20.517759], [-40.803888, -20.517617], [-40.803692, -20.517557], [-40.803484, -20.517444], [-40.803332, -20.517278], [-40.80327, -20.517179], [-40.803243, -20.517053], [-40.803133, -20.516961], [-40.803011, -20.516868], [-40.802671, -20.516845], [-40.802238, -20.516854], [-40.801976, -20.516836], [-40.801775, -20.516812], [-40.80163, -20.516766], [-40.801491, -20.51671], [-40.801346, -20.516665], [-40.801128, -20.516604], [-40.800788, -20.516524], [-40.800741, -20.516346], [-40.800679, -20.516211], [-40.800715, -20.516037], [-40.800704, -20.51586], [-40.800616, -20.515619], [-40.800453, -20.515464], [-40.800329, -20.515365], [-40.800234, -20.515256], [-40.800139, -20.51521], [-40.800005, -20.515159], [-40.799951, -20.515133], [-40.799895, -20.515096], [-40.799838, -20.515067], [-40.799717, -20.515015], [-40.799612, -20.514917], [-40.799544, -20.514808], [-40.799482, -20.514693], [-40.799403, -20.514579], [-40.799313, -20.514517], [-40.799189, -20.514413], [-40.798966, -20.514358], [-40.798671, -20.514309], [-40.798299, -20.514318], [-40.798099, -20.51432], [-40.798005, -20.513994], [-40.797836, -20.513906], [-40.79777, -20.513728], [-40.797725, -20.513461], [-40.797692, -20.51317], [-40.79761, -20.513081], [-40.797476, -20.512929], [-40.797341, -20.512767], [-40.797211, -20.512595], [-40.79709, -20.512418], [-40.797025, -20.512224], [-40.79697, -20.512031], [-40.796921, -20.511847], [-40.796895, -20.511756], [-40.796595, -20.511457], [-40.796448, -20.511299], [-40.796434, -20.511293], [-40.796319, -20.511249], [-40.796189, -20.511161], [-40.796056, -20.511069], [-40.795924, -20.510975], [-40.795795, -20.510881], [-40.795672, -20.510792], [-40.795579, -20.510728], [-40.795495, -20.510669], [-40.795416, -20.510612], [-40.795341, -20.510554], [-40.795269, -20.510494], [-40.795185, -20.510413], [-40.795103, -20.510328], [-40.795023, -20.510244], [-40.794948, -20.510161], [-40.794878, -20.510082], [-40.794828, -20.510028], [-40.794783, -20.509977], [-40.794741, -20.509927], [-40.7947, -20.509875], [-40.794658, -20.509819], [-40.794604, -20.509742], [-40.794548, -20.509659], [-40.794489, -20.509571], [-40.794428, -20.509479], [-40.794365, -20.509383], [-40.794302, -20.509282], [-40.794238, -20.509179], [-40.794172, -20.509079], [-40.794105, -20.508982], [-40.794034, -20.50889], [-40.793961, -20.508827], [-40.793885, -20.508767], [-40.793807, -20.508709], [-40.793726, -20.508648], [-40.793644, -20.508582], [-40.793551, -20.508481], [-40.793458, -20.508375], [-40.793368, -20.508267], [-40.793282, -20.508159], [-40.793204, -20.508055], [-40.793158, -20.50797], [-40.793117, -20.507892], [-40.793079, -20.507821], [-40.79304, -20.507757], [-40.792996, -20.507699], [-40.792926, -20.507652], [-40.792848, -20.507611], [-40.792765, -20.507575], [-40.792675, -20.507544], [-40.792581, -20.507517], [-40.792485, -20.507493], [-40.792385, -20.507472], [-40.792282, -20.507452], [-40.792177, -20.507434], [-40.792069, -20.507415], [-40.791952, -20.507385], [-40.791835, -20.507357], [-40.791794, -20.507347], [-40.789024, -20.507697], [-40.78803, -20.508074], [-40.787377, -20.509127], [-40.787139, -20.509778], [-40.787242, -20.510047], [-40.787906, -20.512613], [-40.78876, -20.514231], [-40.78861, -20.515807], [-40.788854, -20.517431], [-40.789867, -20.520886], [-40.790729, -20.523185], [-40.791866, -20.525324], [-40.793758, -20.52751], [-40.793772, -20.528663], [-40.793023, -20.53133], [-40.791669, -20.534492], [-40.791312, -20.535827], [-40.790852, -20.537684], [-40.790759, -20.539225], [-40.790299, -20.541258], [-40.789809, -20.542173], [-40.788709, -20.543409], [-40.788166, -20.544534], [-40.788285, -20.545198], [-40.788849, -20.545858], [-40.789051, -20.547254], [-40.789503, -20.547879], [-40.79064, -20.548217], [-40.791089, -20.548527], [-40.791586, -20.549711], [-40.792445, -20.550228], [-40.792978, -20.551202], [-40.794246, -20.551958], [-40.793936, -20.552242], [-40.793866, -20.552591], [-40.793282, -20.553436], [-40.793215, -20.554174], [-40.793631, -20.554832], [-40.794497, -20.555874], [-40.79491, -20.556184], [-40.795062, -20.556463], [-40.794959, -20.557234], [-40.795095, -20.557757], [-40.795508, -20.558137], [-40.796887, -20.558578], [-40.796947, -20.558538], [-40.797918, -20.557902], [-40.799375, -20.558692], [-40.800818, -20.558152], [-40.802067, -20.558769], [-40.80319, -20.559563], [-40.803422, -20.560259], [-40.804583, -20.561157], [-40.804934, -20.562588], [-40.806651, -20.564949], [-40.808167, -20.567697], [-40.808842, -20.568145], [-40.8097, -20.568485], [-40.810654, -20.569145], [-40.810698, -20.569635], [-40.810518, -20.570161], [-40.811147, -20.570015], [-40.812804, -20.56886], [-40.814941, -20.568309], [-40.816351, -20.568825], [-40.817281, -20.570204], [-40.816804, -20.5716], [-40.819181, -20.573428], [-40.820461, -20.574673], [-40.821604, -20.576316], [-40.82345, -20.577951], [-40.826301, -20.578451], [-40.828129, -20.578433], [-40.829536, -20.578616], [-40.831162, -20.579459], [-40.833595, -20.580162], [-40.834622, -20.579336], [-40.83557, -20.57889], [-40.836541, -20.578119], [-40.837344, -20.577784], [-40.839119, -20.576624], [-40.840495, -20.573674], [-40.840255, -20.572807], [-40.840119, -20.571068], [-40.840616, -20.569215], [-40.84312, -20.568808], [-40.844619, -20.568683], [-40.84617, -20.568178], [-40.847956, -20.567996], [-40.851621, -20.56812], [-40.853642, -20.568369], [-40.858049, -20.567941], [-40.85909, -20.568094], [-40.860302, -20.568136], [-40.861634, -20.56861], [-40.862915, -20.569521], [-40.864447, -20.569884], [-40.865606, -20.570417], [-40.866073, -20.570791], [-40.868041, -20.571312], [-40.870976, -20.573076], [-40.874002, -20.575326], [-40.876266, -20.578835], [-40.877837, -20.580014], [-40.876258, -20.585413], [-40.878624, -20.585333], [-40.881273, -20.584977], [-40.882431, -20.585291], [-40.884211, -20.587012], [-40.885198, -20.587544], [-40.886065, -20.587698], [-40.887934, -20.589471], [-40.889586, -20.59016], [-40.890289, -20.590913], [-40.890878, -20.592049], [-40.891519, -20.59253], [-40.89193, -20.59307], [-40.893376, -20.593271], [-40.895999, -20.593243], [-40.897552, -20.592846], [-40.899151, -20.591524], [-40.899406, -20.591348], [-40.899427, -20.591333], [-40.900838, -20.590363], [-40.901641, -20.590028], [-40.902505, -20.589856], [-40.903314, -20.59001], [-40.904763, -20.590539], [-40.906041, -20.591284], [-40.907229, -20.591651], [-40.907866, -20.591971], [-40.908521, -20.593486], [-40.90853, -20.594247], [-40.908773, -20.595222], [-40.909246, -20.596088], [-40.910895, -20.596502], [-40.912049, -20.596546], [-40.913486, -20.59615], [-40.917112, -20.595457], [-40.918533, -20.595985], [-40.919819, -20.597438], [-40.919939, -20.597817], [-40.921159, -20.598456], [-40.922494, -20.598985], [-40.92442, -20.598474], [-40.927987, -20.597782], [-40.929366, -20.597331], [-40.931134, -20.595736], [-40.931799, -20.595782], [-40.932092, -20.596105], [-40.932101, -20.596975], [-40.932292, -20.598333], [-40.932719, -20.600121], [-40.933272, -20.601499], [-40.933727, -20.60123], [-40.934754, -20.60092], [-40.935452, -20.600413], [-40.935822, -20.599861], [-40.936299, -20.599596], [-40.936874, -20.599907], [-40.937003, -20.600392], [-40.937536, -20.600572], [-40.937655, -20.60097], [-40.937738, -20.601073], [-40.938165, -20.601347], [-40.938345, -20.601629], [-40.938513, -20.601993], [-40.938798, -20.602125], [-40.939059, -20.602109], [-40.939275, -20.602233], [-40.939434, -20.602362], [-40.939575, -20.602459], [-40.939686, -20.602578], [-40.939776, -20.602741], [-40.939842, -20.602927], [-40.939905, -20.603092], [-40.940039, -20.603225], [-40.940193, -20.603281], [-40.940337, -20.603404], [-40.940647, -20.603624], [-40.940914, -20.603773], [-40.94121, -20.604011], [-40.941485, -20.604282], [-40.941832, -20.604486], [-40.942236, -20.604675], [-40.942354, -20.604836], [-40.942455, -20.604977], [-40.942573, -20.605134], [-40.942667, -20.605259], [-40.942689, -20.605571], [-40.942738, -20.605768], [-40.942696, -20.605884], [-40.942659, -20.605996], [-40.942654, -20.606117], [-40.942661, -20.60623], [-40.942684, -20.606331], [-40.942722, -20.606419], [-40.94278, -20.606489], [-40.942863, -20.606508], [-40.942967, -20.60651], [-40.943092, -20.606502], [-40.943219, -20.606572], [-40.943411, -20.606586], [-40.943563, -20.606515], [-40.943751, -20.606554], [-40.943972, -20.606573], [-40.944199, -20.606413], [-40.944518, -20.606388], [-40.944968, -20.606318], [-40.945438, -20.606085], [-40.945956, -20.605622], [-40.946469, -20.60526], [-40.946856, -20.605108], [-40.947208, -20.604869], [-40.947703, -20.60451], [-40.948096, -20.604306], [-40.948304, -20.603756], [-40.948451, -20.603465], [-40.948669, -20.603249], [-40.948898, -20.602962], [-40.94914, -20.602747], [-40.949544, -20.602726], [-40.949933, -20.602728], [-40.950143, -20.602551], [-40.950349, -20.60248], [-40.950633, -20.602521], [-40.950919, -20.602561], [-40.951165, -20.602471], [-40.951301, -20.602437], [-40.951422, -20.602367], [-40.951592, -20.602269], [-40.951806, -20.602146], [-40.951955, -20.602038], [-40.952139, -20.601927], [-40.952278, -20.601848], [-40.952507, -20.601748], [-40.952743, -20.601778], [-40.952996, -20.601711], [-40.953263, -20.60179], [-40.953523, -20.601872], [-40.953764, -20.601947], [-40.953885, -20.601967], [-40.953983, -20.601971], [-40.954066, -20.601958], [-40.954145, -20.601927], [-40.954227, -20.601879], [-40.954371, -20.601785], [-40.954524, -20.60168], [-40.954684, -20.60157], [-40.954846, -20.601463], [-40.955007, -20.601364], [-40.955142, -20.601304], [-40.955274, -20.60126], [-40.955408, -20.601234], [-40.955546, -20.601227], [-40.95569, -20.601239], [-40.955863, -20.601266], [-40.956033, -20.601288], [-40.95626, -20.601262], [-40.956463, -20.601307], [-40.956676, -20.601487], [-40.95684, -20.601779], [-40.956928, -20.602151], [-40.956983, -20.602428], [-40.957122, -20.602752], [-40.957243, -20.602965], [-40.957347, -20.603154], [-40.957433, -20.603312], [-40.957562, -20.603485], [-40.95769, -20.603666], [-40.957786, -20.603879], [-40.958064, -20.603868], [-40.9583, -20.603858], [-40.958593, -20.603826], [-40.958798, -20.603898], [-40.958997, -20.603941], [-40.959144, -20.603913], [-40.959285, -20.603855], [-40.959426, -20.603769], [-40.959572, -20.60366], [-40.959675, -20.603294], [-40.959833, -20.603166], [-40.960102, -20.603051], [-40.960336, -20.602898], [-40.96061, -20.602836], [-40.960839, -20.602683], [-40.961051, -20.60262], [-40.961348, -20.60226], [-40.961507, -20.602186], [-40.961623, -20.602074], [-40.961859, -20.602039], [-40.962078, -20.602005], [-40.962424, -20.60197], [-40.962533, -20.601826], [-40.962618, -20.601669], [-40.962552, -20.601532], [-40.962507, -20.601294], [-40.962428, -20.601065], [-40.962423, -20.600907], [-40.962365, -20.600786], [-40.962145, -20.600647], [-40.961951, -20.600641], [-40.961731, -20.60062], [-40.961504, -20.600631], [-40.961167, -20.600674], [-40.960988, -20.600517], [-40.960883, -20.600225], [-40.960603, -20.600062], [-40.96045, -20.599928], [-40.960271, -20.59978], [-40.960126, -20.599686], [-40.959982, -20.599592], [-40.95981, -20.599388], [-40.959691, -20.599254], [-40.959478, -20.599106], [-40.959319, -20.598861], [-40.959113, -20.598704], [-40.958923, -20.598528], [-40.958804, -20.598274], [-40.958706, -20.598008], [-40.958625, -20.597738], [-40.958557, -20.597476], [-40.9585, -20.597231], [-40.95834, -20.597111], [-40.958186, -20.596938], [-40.958107, -20.596653], [-40.958002, -20.596408], [-40.958, -20.596194], [-40.958106, -20.595947], [-40.958245, -20.595612], [-40.958384, -20.595277], [-40.958399, -20.595049], [-40.958372, -20.594798], [-40.958362, -20.594636], [-40.95836, -20.594503], [-40.958351, -20.594341], [-40.958349, -20.59423], [-40.958337, -20.594091], [-40.958307, -20.594032], [-40.958264, -20.593917], [-40.958263, -20.59386], [-40.958222, -20.593799], [-40.958163, -20.593731], [-40.95809, -20.593577], [-40.958025, -20.59343], [-40.957883, -20.593328], [-40.957694, -20.59322], [-40.957474, -20.593185], [-40.957286, -20.593188], [-40.957121, -20.593182], [-40.956988, -20.593169], [-40.956862, -20.593104], [-40.956812, -20.592905], [-40.95673, -20.592626], [-40.956514, -20.592289], [-40.956245, -20.592019], [-40.956062, -20.591814], [-40.956294, -20.591561], [-40.956813, -20.591127], [-40.957161, -20.590795], [-40.957589, -20.590495], [-40.957845, -20.590022], [-40.958202, -20.58946], [-40.958105, -20.589174], [-40.958327, -20.588653], [-40.958789, -20.588321], [-40.959038, -20.587968], [-40.958925, -20.587673], [-40.959011, -20.587478], [-40.959164, -20.587116], [-40.9593, -20.586782], [-40.959424, -20.586476], [-40.959517, -20.586199], [-40.959612, -20.58595], [-40.959717, -20.585728], [-40.959843, -20.585533], [-40.959999, -20.585364], [-40.960269, -20.585257], [-40.960569, -20.585166], [-40.960892, -20.585082], [-40.961229, -20.584996], [-40.961571, -20.584897], [-40.96191, -20.584708], [-40.962236, -20.584505], [-40.96254, -20.584296], [-40.962813, -20.584089], [-40.963047, -20.583891], [-40.963156, -20.583774], [-40.963227, -20.583666], [-40.963269, -20.583558], [-40.963291, -20.583441], [-40.963304, -20.583306], [-40.963301, -20.583095], [-40.963312, -20.582863], [-40.96335, -20.582613], [-40.963239, -20.58218], [-40.963338, -20.581904], [-40.963722, -20.581669], [-40.964201, -20.581403], [-40.964681, -20.581211], [-40.965134, -20.581024], [-40.965513, -20.580742], [-40.965692, -20.580439], [-40.965828, -20.580128], [-40.965936, -20.579813], [-40.966027, -20.579493], [-40.966113, -20.579172], [-40.96627, -20.578818], [-40.966432, -20.578474], [-40.966596, -20.578151], [-40.96676, -20.577856], [-40.96692, -20.577602], [-40.967055, -20.577492], [-40.967184, -20.577418], [-40.967312, -20.577365], [-40.967438, -20.577321], [-40.967567, -20.577271], [-40.967738, -20.577133], [-40.967906, -20.576979], [-40.96806, -20.576811], [-40.968194, -20.576633], [-40.968299, -20.576446], [-40.968302, -20.576273], [-40.968277, -20.576093], [-40.96823, -20.575906], [-40.968171, -20.575711], [-40.968106, -20.575506], [-40.968089, -20.57527], [-40.968072, -20.575028], [-40.968051, -20.574781], [-40.968024, -20.574534], [-40.966988, -20.572328], [-40.966665, -20.571865], [-40.966521, -20.571358], [-40.966604, -20.570707], [-40.966484, -20.570254], [-40.96643, -20.569681], [-40.966426, -20.569378], [-40.966685, -20.56891], [-40.966758, -20.568418], [-40.966812, -20.568097], [-40.966681, -20.567752], [-40.96656, -20.567267], [-40.966435, -20.565956], [-40.967087, -20.564519], [-40.966497, -20.564282], [-40.965702, -20.564057], [-40.965626, -20.563934], [-40.965644, -20.563805], [-40.965679, -20.563704], [-40.965898, -20.563441], [-40.965777, -20.563233], [-40.965458, -20.563237], [-40.965381, -20.563176], [-40.965304, -20.563115], [-40.965187, -20.563249], [-40.964222, -20.564136], [-40.963907, -20.564309], [-40.963529, -20.564867], [-40.962824, -20.56639], [-40.962333, -20.567037], [-40.962162, -20.567786], [-40.962325, -20.568146], [-40.963004, -20.568951], [-40.962985, -20.569271], [-40.962448, -20.569769], [-40.96216, -20.570219], [-40.961707, -20.570247], [-40.960828, -20.570619], [-40.959834, -20.570865], [-40.959228, -20.571213], [-40.958505, -20.571435], [-40.957653, -20.57121], [-40.957017, -20.571153], [-40.95458, -20.571757], [-40.953808, -20.57183], [-40.9534, -20.571642], [-40.95273, -20.570689], [-40.951926, -20.570719], [-40.951387, -20.571131], [-40.951048, -20.571156], [-40.950478, -20.570907], [-40.949957, -20.570827], [-40.9489, -20.571458], [-40.947545, -20.571773], [-40.946383, -20.573065], [-40.946337, -20.5739], [-40.946134, -20.574051], [-40.945591, -20.574078], [-40.945183, -20.573977], [-40.943852, -20.57444], [-40.94349, -20.574487], [-40.942711, -20.573811], [-40.942098, -20.573712], [-40.94117, -20.573808], [-40.94086, -20.573406], [-40.940427, -20.573219], [-40.939905, -20.573267], [-40.93941, -20.573486], [-40.939056, -20.574088], [-40.938608, -20.574499], [-40.938177, -20.574503], [-40.936631, -20.574028], [-40.935934, -20.574443], [-40.934765, -20.574328], [-40.934496, -20.574545], [-40.934614, -20.574969], [-40.934891, -20.575287], [-40.934826, -20.575545], [-40.934356, -20.576019], [-40.934383, -20.576444], [-40.934798, -20.576867], [-40.934822, -20.57706], [-40.934598, -20.577296], [-40.933853, -20.577457], [-40.933449, -20.577673], [-40.933086, -20.577634], [-40.932764, -20.577403], [-40.932652, -20.576593], [-40.93238, -20.576361], [-40.931881, -20.576431], [-40.931256, -20.577206], [-40.930849, -20.577318], [-40.930599, -20.577235], [-40.92998, -20.574936], [-40.929705, -20.574556], [-40.929037, -20.574584], [-40.928362, -20.574955], [-40.926508, -20.575146], [-40.925983, -20.574982], [-40.924744, -20.5754], [-40.923968, -20.574961], [-40.923513, -20.574901], [-40.923273, -20.574733], [-40.923223, -20.574243], [-40.922697, -20.573908], [-40.922198, -20.573913], [-40.921261, -20.573218], [-40.920572, -20.572543], [-40.92018, -20.571992], [-40.920082, -20.57129], [-40.919507, -20.570698], [-40.919337, -20.570637], [-40.918818, -20.570749], [-40.917758, -20.571166], [-40.915746, -20.569693], [-40.915271, -20.569804], [-40.914975, -20.569703], [-40.914671, -20.568916], [-40.914374, -20.568791], [-40.91364, -20.568906], [-40.913322, -20.568866], [-40.913024, -20.568507], [-40.912744, -20.567806], [-40.911582, -20.567286], [-40.91085, -20.566737], [-40.910035, -20.566789], [-40.909287, -20.56669], [-40.908897, -20.566439], [-40.908433, -20.566487], [-40.908097, -20.566725], [-40.908261, -20.567236], [-40.908269, -20.567854], [-40.908184, -20.568196], [-40.908256, -20.568602], [-40.908077, -20.568753], [-40.9076, -20.568653], [-40.906899, -20.568702], [-40.905273, -20.569212], [-40.904933, -20.569172], [-40.904806, -20.569025], [-40.904903, -20.567721], [-40.903456, -20.565987], [-40.903378, -20.565219], [-40.903528, -20.564597], [-40.904342, -20.563587], [-40.904406, -20.563244], [-40.904245, -20.563053], [-40.90377, -20.562993], [-40.903139, -20.563407], [-40.902822, -20.563389], [-40.902294, -20.562861], [-40.876624, -20.508992], [-40.87468, -20.507774], [-40.871533, -20.505332], [-40.870696, -20.505211], [-40.869558, -20.505045], [-40.865994, -20.505391], [-40.864584, -20.50417], [-40.863903, -20.502165], [-40.86388, -20.500232], [-40.864133, -20.497444], [-40.864762, -20.495194], [-40.865241, -20.493951], [-40.864655, -20.493029], [-40.862949, -20.49119], [-40.861541, -20.489968], [-40.861371, -20.488749], [-40.861336, -20.488633], [-40.861072, -20.488794], [-40.8608, -20.488916], [-40.860489, -20.489039], [-40.86009, -20.489191], [-40.859888, -20.489469], [-40.859569, -20.489749], [-40.859133, -20.490039], [-40.858753, -20.490108], [-40.858383, -20.490277], [-40.858025, -20.49053], [-40.857724, -20.490708], [-40.857491, -20.490848], [-40.857248, -20.490934], [-40.856975, -20.490955], [-40.856633, -20.490968], [-40.856125, -20.49101], [-40.855863, -20.491179], [-40.855641, -20.491356], [-40.855555, -20.491504], [-40.855439, -20.491662], [-40.855236, -20.491793], [-40.854895, -20.491898], [-40.854534, -20.491967], [-40.854173, -20.49197], [-40.85379, -20.491846], [-40.853397, -20.491712], [-40.852761, -20.491626], [-40.85233, -20.491484], [-40.851633, -20.491224], [-40.850758, -20.490764], [-40.850018, -20.490182], [-40.849275, -20.490209], [-40.848786, -20.490149], [-40.848334, -20.489933], [-40.848087, -20.489669], [-40.847956, -20.489403], [-40.847767, -20.489074], [-40.847617, -20.488799], [-40.847407, -20.488452], [-40.847128, -20.487957], [-40.846734, -20.487676], [-40.845966, -20.487623], [-40.845595, -20.487408], [-40.844963, -20.487187], [-40.8447, -20.487071], [-40.844283, -20.487011], [-40.844002, -20.486987], [-40.84373, -20.486953], [-40.843343, -20.486976], [-40.842897, -20.48699], [-40.84272, -20.486699], [-40.842569, -20.486263], [-40.842283, -20.485837], [-40.842114, -20.485455], [-40.841909, -20.485312], [-40.841752, -20.485131], [-40.841624, -20.485032], [-40.841424, -20.484852], [-40.841277, -20.484833], [-40.840948, -20.484877], [-40.840877, -20.484884]]]}}, {"type": "Feature", "properties": {"codigo": "320030025", "nome": "Ribeirão do Cristo"}, "geometry": {"type": "Polygon", "coordinates": [[[-40.740771, -20.475152], [-40.740443, -20.475183], [-40.739979, -20.475207], [-40.739646, -20.475204], [-40.739403, -20.475121], [-40.739098, -20.475198], [-40.738571, -20.475283], [-40.738203, -20.475376], [-40.737791, -20.475291], [-40.737237, -20.475094], [-40.736765, -20.474701], [-40.736559, -20.474424], [-40.736539, -20.474012], [-40.736829, -20.473451], [-40.736994, -20.47289], [-40.737084, -20.472551], [-40.737001, -20.472096], [-40.736762, -20.471613], [-40.736493, -20.471248], [-40.736225, -20.470986], [-40.735942, -20.470842], [-40.735675, -20.470594], [-40.73547, -20.47042], [-40.735467, -20.470155], [-40.735571, -20.469728], [-40.735816, -20.469284], [-40.7362, -20.468839], [-40.736366, -20.468279], [-40.73647, -20.467822], [-40.736527, -20.467351], [-40.736443, -20.466866], [-40.736206, -20.46656], [-40.735982, -20.466513], [-40.735804, -20.466426], [-40.735555, -20.46639], [-40.735315, -20.466363], [-40.73493, -20.466278], [-40.734482, -20.466185], [-40.733982, -20.466101], [-40.733482, -20.466008], [-40.733013, -20.465915], [-40.732612, -20.466036], [-40.732117, -20.466121], [-40.731738, -20.466174], [-40.731305, -20.466188], [-40.730966, -20.466082], [-40.730753, -20.465886], [-40.730593, -20.465688], [-40.730411, -20.465491], [-40.730253, -20.465463], [-40.730126, -20.465415], [-40.72984, -20.465368], [-40.729565, -20.465281], [-40.729605, -20.465037], [-40.729541, -20.464822], [-40.729548, -20.464528], [-40.72941, -20.464323], [-40.729333, -20.464022], [-40.729187, -20.463743], [-40.729024, -20.463563], [-40.72891, -20.463446], [-40.728861, -20.463395], [-40.728698, -20.463245], [-40.728547, -20.463013], [-40.728384, -20.462726], [-40.728329, -20.462452], [-40.728006, -20.462367], [-40.727601, -20.462351], [-40.727433, -20.462255], [-40.727222, -20.461904], [-40.727031, -20.461553], [-40.726719, -20.461527], [-40.726359, -20.461457], [-40.725938, -20.461402], [-40.725673, -20.461405], [-40.725358, -20.461143], [-40.724978, -20.460603], [-40.724765, -20.460168], [-40.724604, -20.459709], [-40.72437, -20.459221], [-40.724179, -20.458841], [-40.72403, -20.458499], [-40.723881, -20.458265], [-40.723631, -20.458131], [-40.72336, -20.458133], [-40.723122, -20.458234], [-40.722494, -20.45873], [-40.72166, -20.459415], [-40.720816, -20.46011], [-40.7203, -20.460497], [-40.719736, -20.460924], [-40.71921, -20.461009], [-40.718556, -20.461015], [-40.718264, -20.460498], [-40.717832, -20.46032], [-40.717187, -20.460346], [-40.716737, -20.460533], [-40.715968, -20.461008], [-40.715366, -20.460993], [-40.71474, -20.460797], [-40.714329, -20.460557], [-40.713469, -20.460545], [-40.712753, -20.460275], [-40.712287, -20.460198], [-40.711808, -20.460091], [-40.71136, -20.459979], [-40.710892, -20.459697], [-40.710531, -20.459555], [-40.710188, -20.459421], [-40.709804, -20.458901], [-40.709947, -20.45842], [-40.709934, -20.457789], [-40.710459, -20.457012], [-40.710823, -20.456573], [-40.710904, -20.456046], [-40.710917, -20.455479], [-40.710943, -20.455063], [-40.710828, -20.454796], [-40.710634, -20.454061], [-40.710641, -20.453505], [-40.710647, -20.45295], [-40.710605, -20.452518], [-40.710709, -20.45185], [-40.711, -20.451228], [-40.711193, -20.450723], [-40.710557, -20.450413], [-40.709505, -20.450291], [-40.709037, -20.449971], [-40.708926, -20.449477], [-40.708951, -20.448997], [-40.708796, -20.448475], [-40.708596, -20.448053], [-40.708413, -20.44773], [-40.708379, -20.447349], [-40.708481, -20.447107], [-40.708852, -20.446765], [-40.70931, -20.44628], [-40.709695, -20.445819], [-40.710078, -20.445222], [-40.71059, -20.444623], [-40.710946, -20.444318], [-40.711311, -20.443919], [-40.711677, -20.443595], [-40.712082, -20.443176], [-40.712381, -20.443145], [-40.71305, -20.443138], [-40.713549, -20.443068], [-40.713926, -20.442847], [-40.714212, -20.44259], [-40.714489, -20.442342], [-40.714686, -20.442067], [-40.714801, -20.441642], [-40.714704, -20.441341], [-40.714409, -20.441093], [-40.714001, -20.44089], [-40.713658, -20.440661], [-40.713169, -20.440377], [-40.712748, -20.440186], [-40.712416, -20.439954], [-40.711662, -20.439547], [-40.711123, -20.439337], [-40.710724, -20.439099], [-40.710004, -20.43878], [-40.709603, -20.43841], [-40.709367, -20.437929], [-40.708618, -20.437285], [-40.707935, -20.436857], [-40.707086, -20.436406], [-40.706352, -20.436039], [-40.705515, -20.435504], [-40.704715, -20.434884], [-40.704143, -20.434141], [-40.703776, -20.433348], [-40.703451, -20.43288], [-40.703244, -20.432677], [-40.702882, -20.43233], [-40.702585, -20.43208], [-40.702085, -20.431988], [-40.701752, -20.431967], [-40.701432, -20.43197], [-40.701025, -20.432143], [-40.700721, -20.432472], [-40.700559, -20.432812], [-40.700334, -20.433273], [-40.700121, -20.433734], [-40.699475, -20.434307], [-40.698901, -20.434446], [-40.697953, -20.434407], [-40.697287, -20.43428], [-40.696862, -20.434091], [-40.696272, -20.433952], [-40.695783, -20.433716], [-40.694974, -20.433385], [-40.694255, -20.433175], [-40.69323, -20.433125], [-40.692425, -20.433157], [-40.691813, -20.43338], [-40.690561, -20.433597], [-40.689886, -20.433857], [-40.689427, -20.434031], [-40.688893, -20.434338], [-40.688382, -20.434427], [-40.688157, -20.434925], [-40.688152, -20.435613], [-40.687763, -20.436293], [-40.687355, -20.436454], [-40.686934, -20.436579], [-40.686527, -20.4368], [-40.686236, -20.437092], [-40.686036, -20.437481], [-40.685734, -20.437979], [-40.68565, -20.43845], [-40.685626, -20.438986], [-40.685447, -20.439825], [-40.685046, -20.440593], [-40.684138, -20.440774], [-40.68396, -20.44134], [-40.683798, -20.441474], [-40.683535, -20.441691], [-40.683333, -20.441969], [-40.681915, -20.442057], [-40.681184, -20.442171], [-40.680545, -20.442453], [-40.680098, -20.442808], [-40.679709, -20.443343], [-40.679401, -20.443974], [-40.679248, -20.444421], [-40.67905, -20.44488], [-40.678811, -20.445659], [-40.678607, -20.446242], [-40.678372, -20.446733], [-40.678233, -20.447039], [-40.677906, -20.447361], [-40.677315, -20.447622], [-40.676906, -20.448022], [-40.676499, -20.448508], [-40.676306, -20.448779], [-40.676032, -20.449094], [-40.675688, -20.449267], [-40.674925, -20.449544], [-40.67417, -20.449827], [-40.673624, -20.450066], [-40.673181, -20.450028], [-40.672324, -20.44998], [-40.671776, -20.449985], [-40.671265, -20.449947], [-40.670834, -20.449982], [-40.670396, -20.45], [-40.669945, -20.450004], [-40.669481, -20.45006], [-40.668931, -20.449807], [-40.668616, -20.449785], [-40.668192, -20.449724], [-40.667795, -20.449728], [-40.667152, -20.449683], [-40.666701, -20.449713], [-40.666154, -20.449692], [-40.665593, -20.449646], [-40.66495, -20.449678], [-40.664294, -20.449723], [-40.6638, -20.449872], [-40.663201, -20.449736], [-40.6625, -20.449202], [-40.662197, -20.448985], [-40.66171, -20.448924], [-40.660819, -20.449168], [-40.660529, -20.449475], [-40.660287, -20.450113], [-40.660322, -20.450652], [-40.660372, -20.451135], [-40.660507, -20.451452], [-40.660707, -20.452362], [-40.660856, -20.453015], [-40.660872, -20.453577], [-40.660859, -20.454195], [-40.660766, -20.454694], [-40.660581, -20.455165], [-40.660411, -20.455692], [-40.660048, -20.456069], [-40.659657, -20.45646], [-40.659397, -20.456822], [-40.659108, -20.45717], [-40.65899, -20.457568], [-40.658933, -20.457762], [-40.658975, -20.458038], [-40.659106, -20.458368], [-40.659197, -20.458672], [-40.65922, -20.458975], [-40.659165, -20.459308], [-40.659012, -20.459623], [-40.658604, -20.459829], [-40.658097, -20.459899], [-40.657277, -20.459962], [-40.656701, -20.459976], [-40.656139, -20.460203], [-40.65616, -20.460754], [-40.656134, -20.461079], [-40.656182, -20.461418], [-40.656335, -20.461728], [-40.656593, -20.461952], [-40.656849, -20.462091], [-40.65715, -20.462257], [-40.657363, -20.462482], [-40.657473, -20.462947], [-40.657492, -20.463343], [-40.657737, -20.463864], [-40.657862, -20.464357], [-40.658271, -20.464749], [-40.658438, -20.464875], [-40.659067, -20.464827], [-40.659335, -20.464697], [-40.659677, -20.464496], [-40.660303, -20.46408], [-40.660554, -20.46378], [-40.660926, -20.463522], [-40.661464, -20.463376], [-40.662062, -20.463243], [-40.662705, -20.463138], [-40.663529, -20.463073], [-40.664293, -20.462995], [-40.664683, -20.46302], [-40.665298, -20.463099], [-40.666047, -20.463091], [-40.666649, -20.463255], [-40.667391, -20.464012], [-40.667784, -20.464305], [-40.668057, -20.464627], [-40.66833, -20.46495], [-40.668603, -20.46523], [-40.668816, -20.465483], [-40.668955, -20.465891], [-40.669244, -20.466256], [-40.669563, -20.466663], [-40.670153, -20.466676], [-40.670585, -20.466597], [-40.670957, -20.466468], [-40.671355, -20.466351], [-40.671541, -20.466343], [-40.671781, -20.46634], [-40.672013, -20.466187], [-40.672217, -20.465965], [-40.67244, -20.465687], [-40.672591, -20.465509], [-40.672864, -20.465431], [-40.67309, -20.465435], [-40.673342, -20.465494], [-40.673549, -20.465647], [-40.673866, -20.465761], [-40.674154, -20.465758], [-40.674567, -20.465883], [-40.674761, -20.466063], [-40.674807, -20.466554], [-40.674853, -20.466994], [-40.67497, -20.46764], [-40.67544, -20.46801], [-40.676045, -20.468091], [-40.67656, -20.468379], [-40.677058, -20.468728], [-40.677244, -20.46908], [-40.677529, -20.470009], [-40.677812, -20.470791], [-40.677862, -20.471214], [-40.677355, -20.471641], [-40.677076, -20.472067], [-40.676917, -20.472569], [-40.676984, -20.472904], [-40.677243, -20.473144], [-40.677874, -20.473129], [-40.678224, -20.473334], [-40.678382, -20.473599], [-40.678598, -20.47401], [-40.678869, -20.474207], [-40.678956, -20.474499], [-40.678905, -20.474952], [-40.678698, -20.475406], [-40.678435, -20.475875], [-40.678115, -20.476317], [-40.677809, -20.47668], [-40.677586, -20.476975], [-40.677083, -20.477392], [-40.676537, -20.477757], [-40.675794, -20.47827], [-40.67537, -20.478605], [-40.675092, -20.478895], [-40.674767, -20.479252], [-40.67461, -20.479862], [-40.674801, -20.480203], [-40.675164, -20.480188], [-40.675949, -20.480158], [-40.676525, -20.480263], [-40.676797, -20.480493], [-40.677297, -20.481218], [-40.677548, -20.481603], [-40.677577, -20.482111], [-40.67758, -20.482443], [-40.677399, -20.482975], [-40.677173, -20.483796], [-40.677142, -20.484197], [-40.677122, -20.48446], [-40.677011, -20.48508], [-40.676898, -20.48549], [-40.676661, -20.486322], [-40.676609, -20.486784], [-40.676405, -20.487352], [-40.676311, -20.487705], [-40.676348, -20.488133], [-40.676483, -20.488592], [-40.676925, -20.488939], [-40.677788, -20.489222], [-40.67839, -20.489293], [-40.679234, -20.489269], [-40.679799, -20.489034], [-40.680283, -20.488739], [-40.6807, -20.48829], [-40.681215, -20.487903], [-40.681993, -20.487711], [-40.682317, -20.487739], [-40.682693, -20.48795], [-40.682892, -20.488361], [-40.683009, -20.488636], [-40.68316, -20.489093], [-40.683296, -20.489628], [-40.683479, -20.490086], [-40.683645, -20.490516], [-40.683525, -20.490749], [-40.68321, -20.491017], [-40.68301, -20.491162], [-40.682758, -20.491266], [-40.682341, -20.491407], [-40.682111, -20.491436], [-40.681622, -20.491577], [-40.681305, -20.491682], [-40.681026, -20.491841], [-40.68089, -20.491958], [-40.680862, -20.492088], [-40.680907, -20.492196], [-40.680995, -20.492332], [-40.681213, -20.492438], [-40.681394, -20.492518], [-40.681749, -20.492699], [-40.682025, -20.49288], [-40.682172, -20.493055], [-40.682333, -20.493333], [-40.682466, -20.493542], [-40.68254, -20.493773], [-40.682684, -20.494071], [-40.682739, -20.494382], [-40.68263, -20.494727], [-40.682601, -20.495194], [-40.683001, -20.49609], [-40.683038, -20.496319], [-40.682958, -20.496934], [-40.68293, -20.497515], [-40.682975, -20.497913], [-40.683001, -20.498181], [-40.683038, -20.498388], [-40.683317, -20.498565], [-40.68359, -20.498617], [-40.683789, -20.49879], [-40.68386, -20.498953], [-40.68413, -20.499283], [-40.684387, -20.499521], [-40.684747, -20.499807], [-40.685265, -20.499793], [-40.685502, -20.499758], [-40.686116, -20.499644], [-40.686406, -20.499641], [-40.686686, -20.499564], [-40.686922, -20.499421], [-40.687087, -20.499237], [-40.687483, -20.499093], [-40.687944, -20.499122], [-40.688532, -20.499333], [-40.689487, -20.499224], [-40.69044, -20.498863], [-40.691254, -20.498755], [-40.692337, -20.498862], [-40.693081, -20.498871], [-40.693473, -20.499101], [-40.693511, -20.499268], [-40.693445, -20.49972], [-40.69343, -20.499988], [-40.693238, -20.500274], [-40.693223, -20.500508], [-40.693227, -20.500859], [-40.693473, -20.501246], [-40.693617, -20.501418], [-40.693703, -20.501673], [-40.693838, -20.502218], [-40.69389, -20.502563], [-40.693838, -20.503265], [-40.693896, -20.50371], [-40.69406, -20.504077], [-40.694223, -20.504376], [-40.694562, -20.50459], [-40.694776, -20.504705], [-40.695044, -20.50497], [-40.695242, -20.505218], [-40.695352, -20.505552], [-40.695463, -20.505968], [-40.695503, -20.506352], [-40.69547, -20.506637], [-40.695316, -20.507106], [-40.695219, -20.507971], [-40.695245, -20.508194], [-40.69532, -20.508538], [-40.695336, -20.508928], [-40.695307, -20.509541], [-40.694983, -20.510146], [-40.694644, -20.510495], [-40.694081, -20.510868], [-40.693529, -20.511119], [-40.693072, -20.511457], [-40.692888, -20.511916], [-40.692942, -20.512584], [-40.693194, -20.512894], [-40.693503, -20.513125], [-40.693741, -20.513256], [-40.694132, -20.513364], [-40.694525, -20.513638], [-40.694622, -20.513805], [-40.694663, -20.514361], [-40.694643, -20.514629], [-40.694614, -20.51522], [-40.694619, -20.515677], [-40.694671, -20.516111], [-40.694676, -20.516601], [-40.694741, -20.517158], [-40.694616, -20.517604], [-40.694587, -20.518195], [-40.694665, -20.518774], [-40.694942, -20.519273], [-40.694958, -20.519651], [-40.694974, -20.520075], [-40.694979, -20.520465], [-40.694878, -20.521023], [-40.694707, -20.521515], [-40.694416, -20.52193], [-40.6939, -20.522303], [-40.693371, -20.52252], [-40.69284, -20.522592], [-40.692274, -20.522731], [-40.691946, -20.522957], [-40.691715, -20.523516], [-40.691756, -20.523973], [-40.692173, -20.524281], [-40.692611, -20.524377], [-40.692918, -20.524385], [-40.693085, -20.524539], [-40.693112, -20.524818], [-40.693118, -20.525308], [-40.692956, -20.525699], [-40.693279, -20.526031], [-40.693474, -20.526188], [-40.693893, -20.526325], [-40.694477, -20.526439], [-40.695147, -20.526499], [-40.695565, -20.52648], [-40.695997, -20.526372], [-40.696405, -20.526234], [-40.696851, -20.525999], [-40.697363, -20.525965], [-40.697726, -20.526028], [-40.697972, -20.526167], [-40.698361, -20.526438], [-40.699041, -20.526713], [-40.699429, -20.526821], [-40.699983, -20.527046], [-40.7003, -20.527243], [-40.700493, -20.527628], [-40.700616, -20.52808], [-40.700588, -20.528377], [-40.700458, -20.528698], [-40.700367, -20.529003], [-40.700448, -20.529218], [-40.700662, -20.529409], [-40.701318, -20.529544], [-40.701446, -20.529736], [-40.701631, -20.530046], [-40.701793, -20.530438], [-40.701956, -20.530956], [-40.702101, -20.531222], [-40.70223, -20.531563], [-40.702289, -20.531904], [-40.702303, -20.532394], [-40.702283, -20.532729], [-40.702259, -20.53342], [-40.702265, -20.534014], [-40.70217, -20.534617], [-40.702104, -20.535108], [-40.702108, -20.535486], [-40.702151, -20.53582], [-40.702258, -20.536205], [-40.702269, -20.53645], [-40.702207, -20.536563], [-40.702866, -20.536735], [-40.704127, -20.536971], [-40.704564, -20.537943], [-40.707246, -20.543911], [-40.709036, -20.548902], [-40.710688, -20.55208], [-40.714186, -20.55829], [-40.715244, -20.563362], [-40.716197, -20.565893], [-40.718749, -20.570153], [-40.718851, -20.572256], [-40.721048, -20.571014], [-40.721998, -20.57059], [-40.725096, -20.568691], [-40.727064, -20.567357], [-40.729544, -20.566156], [-40.733153, -20.564885], [-40.733382, -20.564804], [-40.734765, -20.563823], [-40.736208, -20.561663], [-40.737278, -20.555637], [-40.73807, -20.554176], [-40.739374, -20.549528], [-40.740159, -20.547446], [-40.740651, -20.546888], [-40.743512, -20.546789], [-40.74559, -20.552095], [-40.747168, -20.555111], [-40.748551, -20.557459], [-40.751879, -20.559777], [-40.754388, -20.560997], [-40.754476, -20.562241], [-40.754232, -20.563557], [-40.755275, -20.564792], [-40.756476, -20.567062], [-40.758525, -20.569738], [-40.761626, -20.571229], [-40.764135, -20.572586], [-40.768133, -20.573994], [-40.769575, -20.574913], [-40.772565, -20.576439], [-40.774581, -20.574654], [-40.774553, -20.572163], [-40.772994, -20.570624], [-40.774843, -20.568634], [-40.773774, -20.566675], [-40.774632, -20.564694], [-40.777579, -20.56259], [-40.77937, -20.560288], [-40.779452, -20.557901], [-40.776136, -20.556691], [-40.77512, -20.554523], [-40.776144, -20.552662], [-40.778737, -20.548489], [-40.778561, -20.544764], [-40.779963, -20.546024], [-40.783104, -20.546863], [-40.787495, -20.544843], [-40.78752, -20.544832], [-40.788166, -20.544534], [-40.788709, -20.543409], [-40.789809, -20.542173], [-40.790299, -20.541258], [-40.790759, -20.539225], [-40.790852, -20.537684], [-40.791312, -20.535827], [-40.791669, -20.534492], [-40.793023, -20.53133], [-40.793772, -20.528663], [-40.793758, -20.52751], [-40.791866, -20.525324], [-40.790729, -20.523185], [-40.789867, -20.520886], [-40.788854, -20.517431], [-40.78861, -20.515807], [-40.78876, -20.514231], [-40.787906, -20.512613], [-40.787242, -20.510047], [-40.787139, -20.509778], [-40.786759, -20.509962], [-40.786105, -20.50962], [-40.785683, -20.509481], [-40.785133, -20.509258], [-40.78475, -20.509202], [-40.784481, -20.509097], [-40.784161, -20.508908], [-40.784097, -20.508557], [-40.783966, -20.508243], [-40.783641, -20.508014], [-40.783344, -20.507633], [-40.78292, -20.507337], [-40.782673, -20.506932], [-40.782631, -20.506608], [-40.7827, -20.505959], [-40.782732, -20.505443], [-40.782727, -20.50491], [-40.782868, -20.504573], [-40.782933, -20.504372], [-40.782873, -20.504228], [-40.782868, -20.50395], [-40.782599, -20.503648], [-40.78231, -20.503521], [-40.782029, -20.503187], [-40.781702, -20.50281], [-40.781386, -20.502378], [-40.781301, -20.502021], [-40.781332, -20.501694], [-40.78134, -20.501346], [-40.781231, -20.500945], [-40.781056, -20.500708], [-40.780534, -20.500441], [-40.780036, -20.500262], [-40.779505, -20.500126], [-40.779362, -20.499769], [-40.779165, -20.499239], [-40.779166, -20.498413], [-40.778997, -20.497988], [-40.778877, -20.49774], [-40.773236, -20.497797], [-40.773232, -20.497797], [-40.77321, -20.497797], [-40.773186, -20.497798], [-40.772846, -20.497801], [-40.772363, -20.497806], [-40.771868, -20.497811], [-40.771736, -20.497813], [-40.770939, -20.497821], [-40.763935, -20.497892], [-40.764162, -20.498429], [-40.764225, -20.498765], [-40.764305, -20.499305], [-40.764301, -20.499557], [-40.764253, -20.499937], [-40.764213, -20.500365], [-40.764366, -20.500715], [-40.764431, -20.501163], [-40.764329, -20.501389], [-40.764176, -20.501657], [-40.763971, -20.501947], [-40.763744, -20.502251], [-40.763464, -20.50252], [-40.763326, -20.502774], [-40.763277, -20.50302], [-40.763183, -20.50333], [-40.76309, -20.503654], [-40.76285, -20.504056], [-40.762752, -20.504278], [-40.762564, -20.504448], [-40.762342, -20.504598], [-40.762008, -20.504654], [-40.761696, -20.504678], [-40.761395, -20.50466], [-40.761023, -20.504611], [-40.760716, -20.50452], [-40.760491, -20.504204], [-40.760102, -20.503885], [-40.759958, -20.503737], [-40.759862, -20.503624], [-40.759775, -20.50347], [-40.75971, -20.503327], [-40.759751, -20.503138], [-40.759774, -20.502849], [-40.759819, -20.50264], [-40.759801, -20.502466], [-40.759747, -20.502337], [-40.759666, -20.502179], [-40.759569, -20.502056], [-40.759334, -20.501815], [-40.759152, -20.501548], [-40.758918, -20.501342], [-40.758687, -20.501188], [-40.758417, -20.501011], [-40.758071, -20.500798], [-40.757623, -20.500575], [-40.757173, -20.500279], [-40.756608, -20.500072], [-40.756099, -20.499918], [-40.755359, -20.499782], [-40.755023, -20.499365], [-40.754462, -20.498885], [-40.753997, -20.498722], [-40.753788, -20.498475], [-40.754262, -20.498003], [-40.754318, -20.497769], [-40.754495, -20.497583], [-40.754835, -20.497277], [-40.7549, -20.496973], [-40.75487, -20.496757], [-40.75485, -20.496542], [-40.75479, -20.496384], [-40.754584, -20.49636], [-40.754416, -20.496326], [-40.754315, -20.496273], [-40.754166, -20.496216], [-40.753873, -20.496203], [-40.753651, -20.496135], [-40.753131, -20.495947], [-40.752829, -20.495825], [-40.752737, -20.495583], [-40.75266, -20.49532], [-40.752616, -20.495156], [-40.752503, -20.494934], [-40.752416, -20.494771], [-40.752325, -20.494627], [-40.75215, -20.494545], [-40.751865, -20.494547], [-40.751643, -20.494542], [-40.751347, -20.494545], [-40.751079, -20.494527], [-40.750532, -20.49448], [-40.750092, -20.494531], [-40.749602, -20.49458], [-40.749227, -20.494539], [-40.749097, -20.494208], [-40.748929, -20.493861], [-40.74842, -20.493667], [-40.748039, -20.493507], [-40.748041, -20.493254], [-40.748263, -20.492844], [-40.748619, -20.492467], [-40.749001, -20.492015], [-40.749414, -20.491681], [-40.749783, -20.491431], [-40.750086, -20.491232], [-40.75033, -20.491159], [-40.75053, -20.491087], [-40.750871, -20.490929], [-40.750945, -20.490893], [-40.751335, -20.490545], [-40.751581, -20.490294], [-40.751867, -20.490004], [-40.751877, -20.489541], [-40.751691, -20.48927], [-40.751552, -20.489042], [-40.751473, -20.488765], [-40.751299, -20.488662], [-40.751161, -20.488539], [-40.751062, -20.488447], [-40.750615, -20.488452], [-40.750014, -20.488458], [-40.749401, -20.488375], [-40.748847, -20.488292], [-40.74822, -20.488109], [-40.747581, -20.487782], [-40.746952, -20.487378], [-40.746605, -20.486893], [-40.746247, -20.486474], [-40.746034, -20.486332], [-40.74556, -20.486115], [-40.745205, -20.485896], [-40.744672, -20.485624], [-40.744152, -20.48544], [-40.743715, -20.485378], [-40.74356, -20.485146], [-40.743258, -20.484837], [-40.743474, -20.484331], [-40.743521, -20.483784], [-40.74374, -20.482629], [-40.743231, -20.482465], [-40.742439, -20.482353], [-40.741866, -20.482198], [-40.741557, -20.48183], [-40.741164, -20.48154], [-40.740926, -20.481189], [-40.740828, -20.480793], [-40.74073, -20.480481], [-40.74107, -20.480129], [-40.741317, -20.479847], [-40.741547, -20.479565], [-40.741746, -20.479181], [-40.742052, -20.478693], [-40.742297, -20.478308], [-40.742683, -20.47801], [-40.743179, -20.477711], [-40.743422, -20.477179], [-40.743432, -20.476693], [-40.743411, -20.476164], [-40.743264, -20.475622], [-40.742901, -20.475228], [-40.742462, -20.475012], [-40.742145, -20.474969], [-40.74191, -20.475024], [-40.741613, -20.475092], [-40.741205, -20.475142], [-40.740997, -20.475131], [-40.740771, -20.475152]]]}}, {"type": "Feature", "properties": {"codigo": "320030030", "nome": "Sagrada Família"}, "geometry": {"type": "Polygon", "coordinates": [[[-40.680485, -20.557155], [-40.679977, -20.557326], [-40.679325, -20.5574], [-40.678876, -20.55787], [-40.67885, -20.558418], [-40.679057, -20.559136], [-40.679373, -20.559636], [-40.679601, -20.560062], [-40.680504, -20.560271], [-40.680772, -20.560778], [-40.681174, -20.561104], [-40.681615, -20.561363], [-40.681944, -20.5616], [-40.682164, -20.561895], [-40.682513, -20.562733], [-40.682789, -20.563523], [-40.683191, -20.564327], [-40.6837, -20.565097], [-40.684028, -20.565684], [-40.684336, -20.566018], [-40.684505, -20.566824], [-40.684623, -20.567817], [-40.684527, -20.568812], [-40.684568, -20.569317], [-40.684561, -20.570227], [-40.684201, -20.571628], [-40.684208, -20.572269], [-40.684233, -20.572959], [-40.684383, -20.573631], [-40.684269, -20.574593], [-40.683992, -20.575404], [-40.683766, -20.576029], [-40.68338, -20.57664], [-40.683029, -20.577199], [-40.682481, -20.577794], [-40.682038, -20.578135], [-40.681629, -20.578291], [-40.681164, -20.578444], [-40.680604, -20.578548], [-40.68006, -20.578445], [-40.679622, -20.578247], [-40.679168, -20.578216], [-40.678555, -20.577799], [-40.677663, -20.577787], [-40.676991, -20.577363], [-40.676721, -20.576594], [-40.676548, -20.5761], [-40.675865, -20.575769], [-40.674987, -20.575525], [-40.674272, -20.575515], [-40.673199, -20.575475], [-40.672754, -20.575631], [-40.672457, -20.576601], [-40.672319, -20.57717], [-40.672027, -20.577705], [-40.67164, -20.578337], [-40.671449, -20.578878], [-40.671383, -20.579384], [-40.671157, -20.579959], [-40.671073, -20.580414], [-40.671025, -20.580937], [-40.670904, -20.581292], [-40.670787, -20.582051], [-40.670813, -20.582843], [-40.67125, -20.583512], [-40.671488, -20.584066], [-40.671673, -20.584654], [-40.67175, -20.585192], [-40.671754, -20.585529], [-40.671615, -20.585884], [-40.671477, -20.586323], [-40.6715, -20.586812], [-40.671718, -20.587147], [-40.671847, -20.587499], [-40.67187, -20.587971], [-40.671575, -20.588799], [-40.671725, -20.589454], [-40.671671, -20.589938], [-40.671662, -20.590185], [-40.671487, -20.590568], [-40.671149, -20.591201], [-40.670853, -20.591394], [-40.670856, -20.591641], [-40.67093, -20.591933], [-40.670769, -20.592417], [-40.670917, -20.59291], [-40.670874, -20.593315], [-40.670222, -20.593624], [-40.669736, -20.593808], [-40.669685, -20.593937], [-40.669822, -20.594197], [-40.670139, -20.594302], [-40.670398, -20.594372], [-40.670838, -20.594395], [-40.671137, -20.594545], [-40.671464, -20.594722], [-40.672068, -20.594825], [-40.672458, -20.594659], [-40.673184, -20.594507], [-40.673649, -20.59455], [-40.674406, -20.594587], [-40.674832, -20.594583], [-40.675447, -20.594651], [-40.675904, -20.594632], [-40.676489, -20.59479], [-40.676948, -20.594993], [-40.677454, -20.595107], [-40.678247, -20.595575], [-40.679087, -20.595983], [-40.679487, -20.596058], [-40.680202, -20.596406], [-40.680873, -20.596796], [-40.68159, -20.597147], [-40.682014, -20.597632], [-40.683092, -20.598085], [-40.683924, -20.598569], [-40.684288, -20.598675], [-40.684595, -20.598931], [-40.685302, -20.599324], [-40.685453, -20.600125], [-40.68568, -20.600702], [-40.68586, -20.601295], [-40.686184, -20.602094], [-40.686728, -20.602876], [-40.687207, -20.603406], [-40.687877, -20.604083], [-40.688764, -20.60455], [-40.689525, -20.604899], [-40.690191, -20.605264], [-40.690743, -20.605318], [-40.691185, -20.605358], [-40.691911, -20.60547], [-40.69387, -20.605263], [-40.695086, -20.604861], [-40.69554, -20.605192], [-40.69592, -20.605921], [-40.696176, -20.60626], [-40.696339, -20.606778], [-40.696701, -20.607373], [-40.715954, -20.60724], [-40.716027, -20.606955], [-40.716744, -20.606706], [-40.717462, -20.606651], [-40.718493, -20.606881], [-40.720678, -20.604828], [-40.72185, -20.603945], [-40.722738, -20.602968], [-40.723656, -20.60233], [-40.724261, -20.601308], [-40.72495, -20.598493], [-40.725138, -20.597038], [-40.726616, -20.594833], [-40.726902, -20.592795], [-40.728237, -20.588281], [-40.728179, -20.586612], [-40.72778, -20.585236], [-40.726761, -20.583868], [-40.725971, -20.581987], [-40.723213, -20.579909], [-40.722203, -20.579339], [-40.720413, -20.57783], [-40.71948, -20.57697], [-40.717957, -20.575097], [-40.718171, -20.57357], [-40.718851, -20.572256], [-40.718749, -20.570153], [-40.716197, -20.565893], [-40.715244, -20.563362], [-40.714186, -20.55829], [-40.710688, -20.55208], [-40.709036, -20.548902], [-40.707246, -20.543911], [-40.704564, -20.537943], [-40.704127, -20.536971], [-40.702866, -20.536735], [-40.702207, -20.536563], [-40.701799, -20.5367], [-40.701265, -20.536876], [-40.700581, -20.537039], [-40.700038, -20.537096], [-40.699219, -20.537119], [-40.698612, -20.537021], [-40.698336, -20.536987], [-40.697729, -20.536993], [-40.69732, -20.537026], [-40.696761, -20.537114], [-40.696164, -20.537231], [-40.69563, -20.537444], [-40.69538, -20.537588], [-40.694926, -20.53783], [-40.694496, -20.538198], [-40.69409, -20.538507], [-40.693622, -20.538927], [-40.692981, -20.539372], [-40.692433, -20.539682], [-40.692025, -20.539871], [-40.691381, -20.540026], [-40.690719, -20.540055], [-40.690106, -20.540113], [-40.689664, -20.540088], [-40.689198, -20.540018], [-40.689008, -20.539938], [-40.688771, -20.539814], [-40.688581, -20.539719], [-40.688343, -20.53961], [-40.688082, -20.539516], [-40.687703, -20.539416], [-40.687285, -20.53942], [-40.686893, -20.539595], [-40.686683, -20.53979], [-40.686449, -20.540022], [-40.686216, -20.540299], [-40.685816, -20.540519], [-40.685471, -20.540678], [-40.685031, -20.54072], [-40.68441, -20.540896], [-40.683837, -20.541065], [-40.683492, -20.54121], [-40.682644, -20.541545], [-40.682237, -20.541735], [-40.681939, -20.541901], [-40.681587, -20.542135], [-40.681235, -20.542339], [-40.680922, -20.54258], [-40.680736, -20.542775], [-40.680501, -20.542977], [-40.680331, -20.543224], [-40.680199, -20.543419], [-40.680083, -20.543581], [-40.679878, -20.543607], [-40.679442, -20.543597], [-40.679195, -20.54355], [-40.678607, -20.543605], [-40.678208, -20.543624], [-40.678038, -20.543783], [-40.677859, -20.543907], [-40.677618, -20.544007], [-40.677179, -20.544084], [-40.676646, -20.544228], [-40.676268, -20.544394], [-40.675718, -20.544489], [-40.674984, -20.544471], [-40.674561, -20.544443], [-40.673703, -20.544556], [-40.67298, -20.544786], [-40.672391, -20.545155], [-40.672145, -20.545618], [-40.672389, -20.546286], [-40.672732, -20.546506], [-40.673091, -20.546838], [-40.673245, -20.547367], [-40.673368, -20.547799], [-40.673374, -20.548343], [-40.673498, -20.548887], [-40.673506, -20.549599], [-40.673495, -20.549934], [-40.673202, -20.550244], [-40.672583, -20.550571], [-40.671862, -20.550927], [-40.671242, -20.551115], [-40.670843, -20.551272], [-40.670416, -20.55143], [-40.670315, -20.551696], [-40.670392, -20.551961], [-40.670915, -20.552375], [-40.671377, -20.552692], [-40.672004, -20.553146], [-40.67235, -20.553604], [-40.672457, -20.553938], [-40.672447, -20.554385], [-40.672423, -20.554874], [-40.672619, -20.555235], [-40.672978, -20.555525], [-40.673224, -20.556388], [-40.67362, -20.55732], [-40.673911, -20.557753], [-40.674147, -20.557946], [-40.674431, -20.558137], [-40.674621, -20.558321], [-40.674884, -20.558398], [-40.675286, -20.558244], [-40.675424, -20.557977], [-40.675534, -20.557746], [-40.675606, -20.557445], [-40.67567, -20.557083], [-40.675688, -20.556788], [-40.675724, -20.556606], [-40.675747, -20.556417], [-40.675774, -20.556248], [-40.675796, -20.556009], [-40.675805, -20.555872], [-40.675781, -20.555665], [-40.675736, -20.555488], [-40.675702, -20.555321], [-40.675668, -20.555088], [-40.675559, -20.554522], [-40.675741, -20.554278], [-40.676346, -20.55428], [-40.676818, -20.554575], [-40.67714, -20.55496], [-40.677525, -20.55536], [-40.677746, -20.555471], [-40.678211, -20.555619], [-40.678525, -20.555675], [-40.678749, -20.555697], [-40.679026, -20.555739], [-40.679184, -20.555875], [-40.679488, -20.556054], [-40.679708, -20.556096], [-40.680181, -20.556216], [-40.68044, -20.556295], [-40.680696, -20.556391], [-40.680663, -20.556624], [-40.680594, -20.556902], [-40.68054, -20.557028], [-40.680485, -20.557155]]]}}, {"type": "Feature", "properties": {"codigo": "320030035", "nome": "Urânia"}, "geometry": {"type": "Polygon", "coordinates": [[[-40.958895, -20.508405], [-40.958924, -20.508388], [-40.959275, -20.507776], [-40.959802, -20.506826], [-40.960055, -20.506616], [-40.960756, -20.506062], [-40.961053, -20.505643], [-40.961098, -20.505288], [-40.9611, -20.504834], [-40.961073, -20.504465], [-40.961078, -20.504372], [-40.961173, -20.504141], [-40.961236, -20.503917], [-40.961216, -20.503655], [-40.961237, -20.503416], [-40.961047, -20.503195], [-40.960873, -20.503013], [-40.960593, -20.502831], [-40.960324, -20.502741], [-40.960219, -20.502579], [-40.960117, -20.502409], [-40.960022, -20.502231], [-40.96006, -20.50206], [-40.96005, -20.501875], [-40.960001, -20.501758], [-40.960041, -20.50151], [-40.960064, -20.50139], [-40.960107, -20.501255], [-40.960114, -20.501132], [-40.960108, -20.500857], [-40.960151, -20.500423], [-40.960036, -20.499912], [-40.959754, -20.499653], [-40.959488, -20.499247], [-40.959904, -20.49907], [-40.959973, -20.498772], [-40.95987, -20.498329], [-40.959865, -20.497884], [-40.959835, -20.497475], [-40.96004, -20.49723], [-40.960288, -20.496949], [-40.960569, -20.496678], [-40.960882, -20.496421], [-40.961225, -20.496184], [-40.961595, -20.495972], [-40.961999, -20.495835], [-40.962424, -20.495721], [-40.962864, -20.495626], [-40.963313, -20.495542], [-40.963853, -20.495737], [-40.964447, -20.495699], [-40.964941, -20.495646], [-40.965955, -20.496133], [-40.967437, -20.497065], [-40.968645, -20.497285], [-40.96888, -20.496286], [-40.967751, -20.4933], [-40.967771, -20.493194], [-40.967762, -20.493088], [-40.96772, -20.492978], [-40.967644, -20.492859], [-40.967478, -20.492697], [-40.967285, -20.492524], [-40.965623, -20.489417], [-40.96565, -20.489131], [-40.965701, -20.488845], [-40.965772, -20.488561], [-40.965859, -20.488279], [-40.965983, -20.487988], [-40.966112, -20.487703], [-40.966239, -20.487429], [-40.966306, -20.487278], [-40.966355, -20.487168], [-40.966451, -20.486925], [-40.966724, -20.486783], [-40.966759, -20.486464], [-40.966714, -20.486041], [-40.966105, -20.484129], [-40.965968, -20.483921], [-40.965955, -20.483822], [-40.96593, -20.483642], [-40.966072, -20.483402], [-40.966411, -20.483075], [-40.966734, -20.482901], [-40.967036, -20.48254], [-40.967329, -20.482843], [-40.967745, -20.482872], [-40.96809, -20.482988], [-40.968504, -20.482932], [-40.968968, -20.483037], [-40.969029, -20.482989], [-40.969138, -20.482902], [-40.969247, -20.482763], [-40.969346, -20.482617], [-40.969446, -20.482466], [-40.969558, -20.482309], [-40.96969, -20.482146], [-40.969934, -20.481953], [-40.9702, -20.481761], [-40.970479, -20.481577], [-40.970761, -20.481406], [-40.971036, -20.481255], [-40.971257, -20.481186], [-40.971461, -20.481137], [-40.971649, -20.481099], [-40.971821, -20.481066], [-40.971975, -20.481029], [-40.972109, -20.480957], [-40.972227, -20.480873], [-40.972329, -20.480776], [-40.972416, -20.480664], [-40.97249, -20.480537], [-40.972557, -20.480378], [-40.97261, -20.480204], [-40.972648, -20.480018], [-40.972671, -20.479822], [-40.972676, -20.479618], [-40.972629, -20.479452], [-40.972572, -20.479273], [-40.972514, -20.479072], [-40.972462, -20.478841], [-40.972425, -20.478572], [-40.972453, -20.478147], [-40.972501, -20.477695], [-40.972567, -20.477235], [-40.972647, -20.476786], [-40.972739, -20.476367], [-40.972841, -20.476111], [-40.972951, -20.475895], [-40.973064, -20.47571], [-40.973179, -20.475545], [-40.973292, -20.475392], [-40.973413, -20.475193], [-40.973525, -20.474999], [-40.973621, -20.474812], [-40.973697, -20.474637], [-40.973747, -20.474475], [-40.973733, -20.474331], [-40.97369, -20.474206], [-40.97362, -20.474102], [-40.973525, -20.474022], [-40.973408, -20.473968], [-40.973303, -20.473981], [-40.973173, -20.474016], [-40.973012, -20.474064], [-40.972816, -20.474118], [-40.972578, -20.474172], [-40.972208, -20.474197], [-40.971806, -20.474211], [-40.97139, -20.474212], [-40.970976, -20.474197], [-40.970578, -20.474164], [-40.970266, -20.474098], [-40.96999, -20.474012], [-40.969753, -20.473907], [-40.969704, -20.473658], [-40.969727, -20.473431], [-40.96982, -20.473301], [-40.969826, -20.473156], [-40.969798, -20.472962], [-40.96976, -20.472688], [-40.969679, -20.472427], [-40.969805, -20.472297], [-40.969928, -20.472169], [-40.970039, -20.472036], [-40.970095, -20.471885], [-40.970132, -20.471727], [-40.97002, -20.471555], [-40.96994, -20.471362], [-40.970128, -20.471198], [-40.970329, -20.470946], [-40.970386, -20.470711], [-40.970339, -20.470364], [-40.970174, -20.470164], [-40.969999, -20.469883], [-40.969876, -20.469683], [-40.969745, -20.469499], [-40.969607, -20.469363], [-40.969433, -20.46922], [-40.969247, -20.469092], [-40.969019, -20.468966], [-40.968868, -20.468588], [-40.968786, -20.468185], [-40.968695, -20.467791], [-40.968779, -20.467447], [-40.968763, -20.467263], [-40.96877, -20.467093], [-40.968797, -20.466922], [-40.968842, -20.466735], [-40.969065, -20.466567], [-40.969277, -20.466379], [-40.969261, -20.465749], [-40.969348, -20.465216], [-40.969505, -20.464762], [-40.96963, -20.46451], [-40.96955, -20.464244], [-40.969577, -20.46403], [-40.969516, -20.463795], [-40.969389, -20.463615], [-40.96931, -20.463426], [-40.968943, -20.46257], [-40.969241, -20.462548], [-40.969653, -20.462471], [-40.969931, -20.462386], [-40.970285, -20.462255], [-40.970558, -20.462007], [-40.970701, -20.461888], [-40.970814, -20.46175], [-40.970908, -20.4616], [-40.970999, -20.461443], [-40.971097, -20.461286], [-40.971294, -20.461168], [-40.971505, -20.461052], [-40.971726, -20.460934], [-40.971951, -20.460812], [-40.972173, -20.460681], [-40.972346, -20.46052], [-40.972431, -20.460434], [-40.972675, -20.460217], [-40.973064, -20.460176], [-40.973175, -20.459885], [-40.973366, -20.459627], [-40.973531, -20.459369], [-40.973907, -20.459038], [-40.974166, -20.458832], [-40.974144, -20.458781], [-40.97429, -20.458722], [-40.974427, -20.458688], [-40.974562, -20.458668], [-40.974701, -20.458654], [-40.974851, -20.458634], [-40.975068, -20.45857], [-40.975297, -20.458489], [-40.975535, -20.458388], [-40.976093, -20.458431], [-40.976179, -20.458177], [-40.976264, -20.457924], [-40.976511, -20.457644], [-40.976608, -20.457404], [-40.976796, -20.457172], [-40.97698, -20.456965], [-40.977135, -20.456838], [-40.977341, -20.456441], [-40.977622, -20.455969], [-40.977882, -20.456093], [-40.978182, -20.456097], [-40.978524, -20.456203], [-40.978866, -20.45627], [-40.979199, -20.456337], [-40.979451, -20.456522], [-40.979596, -20.456795], [-40.97954, -20.457091], [-40.979663, -20.457215], [-40.979774, -20.45736], [-40.979887, -20.457526], [-40.980012, -20.457712], [-40.982181, -20.458948], [-40.982614, -20.45919], [-40.983355, -20.459874], [-40.984316, -20.460282], [-40.984986, -20.460526], [-40.985964, -20.460494], [-40.986738, -20.460233], [-40.987177, -20.459747], [-40.987237, -20.459264], [-40.987096, -20.458679], [-40.987113, -20.458218], [-40.986438, -20.457639], [-40.986217, -20.456829], [-40.986026, -20.455823], [-40.985805, -20.4553], [-40.985866, -20.454928], [-40.986026, -20.454555], [-40.986037, -20.454168], [-40.985984, -20.45389], [-40.985898, -20.453582], [-40.985828, -20.453257], [-40.985943, -20.452416], [-40.986004, -20.452188], [-40.985824, -20.451926], [-40.985679, -20.451723], [-40.98546, -20.45139], [-40.985174, -20.450883], [-40.985117, -20.450233], [-40.984909, -20.449726], [-40.984861, -20.449525], [-40.984883, -20.449058], [-40.984834, -20.44869], [-40.984829, -20.448292], [-40.984912, -20.44783], [-40.985041, -20.447514], [-40.985215, -20.447177], [-40.985544, -20.446901], [-40.986007, -20.44656], [-40.986494, -20.446429], [-40.987092, -20.446213], [-40.987975, -20.445872], [-40.988272, -20.445657], [-40.988434, -20.445129], [-40.988763, -20.444811], [-40.989001, -20.444284], [-40.989127, -20.443717], [-40.989678, -20.443397], [-40.990164, -20.443119], [-40.99056, -20.442842], [-40.99161, -20.442918], [-40.991791, -20.442807], [-40.992176, -20.442788], [-40.992588, -20.442795], [-40.99301, -20.442814], [-40.993424, -20.442833], [-40.993814, -20.442838], [-40.99409, -20.442743], [-40.994328, -20.442625], [-40.994529, -20.442486], [-40.994695, -20.442331], [-40.994829, -20.442164], [-40.994944, -20.441995], [-40.995027, -20.44182], [-40.995078, -20.441641], [-40.995095, -20.44146], [-40.995076, -20.44128], [-40.995011, -20.44111], [-40.994911, -20.440943], [-40.994778, -20.440779], [-40.994615, -20.440619], [-40.994421, -20.440462], [-40.994174, -20.440311], [-40.993908, -20.440164], [-40.993768, -20.440092], [-40.993683, -20.439705], [-40.993751, -20.43951], [-40.993533, -20.439125], [-40.992858, -20.438438], [-40.992057, -20.437925], [-40.991417, -20.437732], [-40.989963, -20.43827], [-40.989221, -20.437971], [-40.988114, -20.436837], [-40.986711, -20.435022], [-40.984636, -20.434533], [-40.983653, -20.434426], [-40.983192, -20.434313], [-40.982732, -20.434299], [-40.981461, -20.43423], [-40.981052, -20.434103], [-40.980635, -20.433993], [-40.980216, -20.433907], [-40.979802, -20.433854], [-40.979433, -20.433903], [-40.979072, -20.433982], [-40.978716, -20.434083], [-40.978363, -20.434198], [-40.978009, -20.434317], [-40.977625, -20.434358], [-40.977242, -20.434406], [-40.976865, -20.434468], [-40.976498, -20.434555], [-40.976144, -20.434676], [-40.975865, -20.434948], [-40.975595, -20.435247], [-40.975323, -20.435555], [-40.97504, -20.435854], [-40.974737, -20.436127], [-40.974338, -20.436273], [-40.973915, -20.436378], [-40.973474, -20.436446], [-40.973023, -20.436481], [-40.972567, -20.436485], [-40.972131, -20.436469], [-40.971698, -20.436427], [-40.971273, -20.436362], [-40.970856, -20.436274], [-40.97045, -20.436165], [-40.970059, -20.436029], [-40.969684, -20.435877], [-40.969325, -20.435713], [-40.968984, -20.435542], [-40.968664, -20.435365], [-40.968388, -20.435158], [-40.968131, -20.434961], [-40.967887, -20.434786], [-40.967653, -20.434643], [-40.967426, -20.434545], [-40.967162, -20.434594], [-40.966906, -20.434686], [-40.966663, -20.43481], [-40.96644, -20.434952], [-40.966242, -20.435102], [-40.966158, -20.435226], [-40.966089, -20.435338], [-40.966021, -20.435431], [-40.965938, -20.4355], [-40.965826, -20.435536], [-40.965541, -20.43546], [-40.965227, -20.435356], [-40.964902, -20.435238], [-40.964581, -20.435115], [-40.964282, -20.435001], [-40.964141, -20.434942], [-40.964024, -20.434906], [-40.963918, -20.434896], [-40.96381, -20.434914], [-40.963685, -20.434964], [-40.963436, -20.435099], [-40.963168, -20.435258], [-40.962798, -20.434793], [-40.962714, -20.434113], [-40.962781, -20.433525], [-40.962948, -20.432936], [-40.963191, -20.43244], [-40.963065, -20.432129], [-40.962963, -20.431742], [-40.962966, -20.43144], [-40.962858, -20.431036], [-40.962818, -20.430736], [-40.962672, -20.430506], [-40.962476, -20.430317], [-40.962239, -20.43017], [-40.961966, -20.430067], [-40.961665, -20.430008], [-40.96132, -20.430012], [-40.960966, -20.430058], [-40.960615, -20.430145], [-40.960279, -20.430268], [-40.95997, -20.430425], [-40.959762, -20.430625], [-40.95959, -20.430849], [-40.959453, -20.431091], [-40.959347, -20.431345], [-40.95927, -20.431604], [-40.959281, -20.431829], [-40.9593, -20.432055], [-40.959307, -20.432283], [-40.959285, -20.432514], [-40.959215, -20.432751], [-40.958989, -20.432986], [-40.9587, -20.433231], [-40.958353, -20.433492], [-40.957953, -20.433772], [-40.957504, -20.434075], [-40.956934, -20.434495], [-40.956342, -20.434924], [-40.955751, -20.435343], [-40.955186, -20.435736], [-40.954668, -20.436082], [-40.954377, -20.436266], [-40.954142, -20.436392], [-40.953947, -20.436467], [-40.953778, -20.436498], [-40.953619, -20.436491], [-40.953398, -20.436451], [-40.953171, -20.436387], [-40.952937, -20.436305], [-40.952829, -20.436032], [-40.952677, -20.435791], [-40.952404, -20.435666], [-40.952226, -20.43554], [-40.951873, -20.435467], [-40.951562, -20.435522], [-40.951085, -20.435361], [-40.950625, -20.43543], [-40.949894, -20.435554], [-40.949433, -20.435597], [-40.949027, -20.435627], [-40.948552, -20.435632], [-40.948305, -20.435883], [-40.948287, -20.436096], [-40.948276, -20.436275], [-40.948252, -20.436556], [-40.948134, -20.436877], [-40.948003, -20.437249], [-40.94798, -20.437595], [-40.947864, -20.438082], [-40.947774, -20.438454], [-40.947779, -20.438837], [-40.947729, -20.439183], [-40.9472, -20.439424], [-40.947063, -20.439675], [-40.946854, -20.439856], [-40.94653, -20.43981], [-40.946206, -20.439941], [-40.945949, -20.439995], [-40.945679, -20.440113], [-40.945448, -20.44009], [-40.945218, -20.440067], [-40.945053, -20.439903], [-40.944969, -20.439725], [-40.94494, -20.439546], [-40.944975, -20.439111], [-40.94493, -20.438792], [-40.944737, -20.438488], [-40.944234, -20.438429], [-40.94391, -20.438522], [-40.943639, -20.438602], [-40.943438, -20.438745], [-40.943381, -20.438917], [-40.943176, -20.438944], [-40.94295, -20.439001], [-40.942627, -20.439108], [-40.942292, -20.439232], [-40.941959, -20.439362], [-40.941641, -20.439488], [-40.941352, -20.439602], [-40.941205, -20.439671], [-40.94109, -20.439713], [-40.940994, -20.439724], [-40.940906, -20.439699], [-40.940816, -20.439634], [-40.940654, -20.439472], [-40.94048, -20.439275], [-40.940298, -20.439052], [-40.940184, -20.438489], [-40.940099, -20.438109], [-40.94, -20.437729], [-40.939806, -20.437363], [-40.939414, -20.437253], [-40.939187, -20.43737], [-40.939037, -20.437502], [-40.938934, -20.437345], [-40.938818, -20.437206], [-40.938674, -20.437084], [-40.938514, -20.436876], [-40.938269, -20.436663], [-40.93782, -20.436338], [-40.937291, -20.436591], [-40.936792, -20.43672], [-40.936188, -20.436694], [-40.935618, -20.436419], [-40.934777, -20.436511], [-40.933988, -20.436708], [-40.933525, -20.436519], [-40.932957, -20.436404], [-40.931962, -20.436504], [-40.931457, -20.436523], [-40.930853, -20.436739], [-40.930328, -20.436796], [-40.929979, -20.43685], [-40.92965, -20.437125], [-40.929372, -20.437359], [-40.929126, -20.437571], [-40.928968, -20.437896], [-40.92867, -20.438306], [-40.928494, -20.438771], [-40.928283, -20.439155], [-40.927926, -20.439724], [-40.927622, -20.440146], [-40.927484, -20.44044], [-40.927582, -20.441252], [-40.927598, -20.441994], [-40.927548, -20.44235], [-40.926906, -20.442135], [-40.926364, -20.441887], [-40.926198, -20.44208], [-40.925923, -20.442216], [-40.925553, -20.442233], [-40.925408, -20.442304], [-40.925269, -20.442386], [-40.92505, -20.442403], [-40.924908, -20.442348], [-40.924651, -20.442306], [-40.924232, -20.442159], [-40.923785, -20.441973], [-40.92336, -20.441952], [-40.922984, -20.442064], [-40.922675, -20.442131], [-40.922338, -20.442065], [-40.921929, -20.442168], [-40.92166, -20.442127], [-40.921394, -20.442114], [-40.921043, -20.441965], [-40.920814, -20.441961], [-40.920406, -20.442175], [-40.920113, -20.442509], [-40.91971, -20.442545], [-40.919342, -20.44274], [-40.919136, -20.443015], [-40.91893, -20.443208], [-40.918792, -20.443493], [-40.918629, -20.443642], [-40.918484, -20.443787], [-40.918329, -20.44391], [-40.918195, -20.444035], [-40.918404, -20.444274], [-40.918662, -20.444449], [-40.919009, -20.444737], [-40.919299, -20.445318], [-40.919339, -20.445794], [-40.919224, -20.446328], [-40.919299, -20.446918], [-40.919411, -20.447247], [-40.91937, -20.447755], [-40.919404, -20.448276], [-40.919132, -20.448685], [-40.918831, -20.448853], [-40.917922, -20.448895], [-40.917844, -20.449074], [-40.916672, -20.449099], [-40.91596, -20.449285], [-40.915155, -20.449529], [-40.914612, -20.44977], [-40.914178, -20.449495], [-40.913979, -20.449199], [-40.913719, -20.448916], [-40.913239, -20.44875], [-40.912799, -20.448596], [-40.91245, -20.448676], [-40.912, -20.449945], [-40.911447, -20.450916], [-40.910826, -20.451964], [-40.910311, -20.452262], [-40.910149, -20.452797], [-40.909836, -20.45308], [-40.909672, -20.453418], [-40.909656, -20.453793], [-40.909676, -20.454281], [-40.909675, -20.45477], [-40.90949, -20.455033], [-40.909076, -20.455336], [-40.908713, -20.455378], [-40.908331, -20.455355], [-40.908093, -20.45522], [-40.908003, -20.455129], [-40.907684, -20.455027], [-40.907543, -20.455035], [-40.907409, -20.455075], [-40.907274, -20.455108], [-40.907254, -20.455242], [-40.907156, -20.455363], [-40.907003, -20.455504], [-40.906797, -20.455754], [-40.906644, -20.455927], [-40.906348, -20.455918], [-40.906142, -20.456187], [-40.906093, -20.456562], [-40.905873, -20.456755], [-40.905791, -20.457188], [-40.905523, -20.457337], [-40.90527, -20.45753], [-40.904924, -20.457625], [-40.904821, -20.457789], [-40.904824, -20.458017], [-40.904665, -20.458171], [-40.904404, -20.458339], [-40.904151, -20.458558], [-40.904172, -20.458659], [-40.904215, -20.458875], [-40.904458, -20.45919], [-40.904666, -20.459397], [-40.904817, -20.459592], [-40.904954, -20.459781], [-40.905143, -20.459951], [-40.905323, -20.460228], [-40.905266, -20.460482], [-40.905094, -20.460726], [-40.905024, -20.461076], [-40.905027, -20.461317], [-40.904915, -20.46154], [-40.904768, -20.461826], [-40.904677, -20.461943], [-40.904483, -20.46204], [-40.904403, -20.462136], [-40.904142, -20.462203], [-40.903631, -20.462323], [-40.903092, -20.462329], [-40.902673, -20.462219], [-40.902408, -20.46205], [-40.902036, -20.461946], [-40.901513, -20.462136], [-40.901144, -20.46228], [-40.900852, -20.462613], [-40.900497, -20.462751], [-40.900286, -20.462569], [-40.899827, -20.462542], [-40.899075, -20.462779], [-40.897995, -20.463095], [-40.89773, -20.463511], [-40.897214, -20.463701], [-40.896991, -20.463621], [-40.896614, -20.463644], [-40.895968, -20.463658], [-40.895691, -20.463724], [-40.895505, -20.46391], [-40.89527, -20.463995], [-40.894659, -20.464135], [-40.89429, -20.464247], [-40.893788, -20.463948], [-40.893319, -20.463667], [-40.892961, -20.463582], [-40.892885, -20.463399], [-40.892679, -20.463115], [-40.892455, -20.462805], [-40.89227, -20.462726], [-40.892088, -20.462715], [-40.891777, -20.462585], [-40.891415, -20.462729], [-40.891091, -20.462726], [-40.890741, -20.462755], [-40.890446, -20.462835], [-40.890015, -20.462878], [-40.889418, -20.462924], [-40.889033, -20.462716], [-40.888659, -20.462498], [-40.887978, -20.462091], [-40.887865, -20.462247], [-40.887725, -20.462375], [-40.887497, -20.462486], [-40.887289, -20.462558], [-40.886808, -20.462751], [-40.886257, -20.462746], [-40.885751, -20.462731], [-40.885256, -20.462694], [-40.884918, -20.462602], [-40.884614, -20.462492], [-40.884198, -20.462794], [-40.88401, -20.462855], [-40.884035, -20.463108], [-40.883985, -20.463502], [-40.883943, -20.463799], [-40.883833, -20.46397], [-40.883769, -20.464225], [-40.883726, -20.464395], [-40.883675, -20.464559], [-40.883609, -20.464713], [-40.883524, -20.464859], [-40.883339, -20.464955], [-40.88313, -20.465077], [-40.883038, -20.46517], [-40.882996, -20.465281], [-40.882655, -20.465396], [-40.882406, -20.465475], [-40.88215, -20.465458], [-40.881943, -20.465549], [-40.881344, -20.465239], [-40.880656, -20.464465], [-40.880499, -20.464333], [-40.880084, -20.464465], [-40.87988, -20.464564], [-40.879564, -20.464651], [-40.879174, -20.464705], [-40.878713, -20.464784], [-40.878668, -20.465007], [-40.878497, -20.465345], [-40.878249, -20.465469], [-40.878089, -20.46561], [-40.877772, -20.465556], [-40.877087, -20.465374], [-40.87681, -20.465141], [-40.876459, -20.465069], [-40.87596, -20.465049], [-40.875455, -20.465034], [-40.874159, -20.46484], [-40.873968, -20.464651], [-40.873549, -20.464497], [-40.873052, -20.464629], [-40.872699, -20.46436], [-40.872074, -20.463909], [-40.871909, -20.463896], [-40.871377, -20.464047], [-40.870734, -20.464275], [-40.870443, -20.464515], [-40.870126, -20.4648], [-40.86961, -20.464936], [-40.86884, -20.466076], [-40.868661, -20.466337], [-40.868478, -20.466603], [-40.868476, -20.467388], [-40.86861, -20.467854], [-40.868085, -20.468554], [-40.86729, -20.470692], [-40.866901, -20.47118], [-40.866648, -20.471387], [-40.866672, -20.471796], [-40.866479, -20.472114], [-40.866265, -20.472376], [-40.866072, -20.472732], [-40.865906, -20.472943], [-40.866112, -20.47348], [-40.866117, -20.474012], [-40.866051, -20.474265], [-40.866114, -20.474606], [-40.866427, -20.474879], [-40.866433, -20.475078], [-40.866449, -20.47556], [-40.866557, -20.475869], [-40.866673, -20.476121], [-40.866565, -20.476563], [-40.866487, -20.47676], [-40.866453, -20.477017], [-40.866572, -20.477176], [-40.866777, -20.47733], [-40.867103, -20.477541], [-40.867106, -20.477543], [-40.867175, -20.477587], [-40.867385, -20.477741], [-40.867653, -20.477874], [-40.867919, -20.478069], [-40.86786, -20.478208], [-40.867698, -20.478455], [-40.867518, -20.47858], [-40.86725, -20.478705], [-40.866888, -20.478848], [-40.866577, -20.478925], [-40.866317, -20.479055], [-40.866037, -20.479295], [-40.865922, -20.479507], [-40.865823, -20.479704], [-40.865713, -20.479871], [-40.86564, -20.479953], [-40.865518, -20.48007], [-40.865434, -20.480136], [-40.865228, -20.480324], [-40.865166, -20.480684], [-40.865208, -20.480904], [-40.865057, -20.481394], [-40.865119, -20.481651], [-40.865112, -20.481882], [-40.86501, -20.482038], [-40.86496, -20.482211], [-40.864645, -20.482881], [-40.86434, -20.48352], [-40.864387, -20.484136], [-40.864678, -20.484796], [-40.864516, -20.485092], [-40.864215, -20.485252], [-40.863971, -20.485328], [-40.863637, -20.485354], [-40.863491, -20.485446], [-40.863379, -20.485545], [-40.863208, -20.485743], [-40.863072, -20.485973], [-40.862877, -20.486327], [-40.862784, -20.486701], [-40.862627, -20.487008], [-40.862505, -20.487231], [-40.862391, -20.487419], [-40.862084, -20.487609], [-40.861853, -20.487717], [-40.86153, -20.487854], [-40.861435, -20.488107], [-40.861423, -20.488286], [-40.861411, -20.488466], [-40.861336, -20.488633], [-40.861371, -20.488749], [-40.861541, -20.489968], [-40.862949, -20.49119], [-40.864655, -20.493029], [-40.865241, -20.493951], [-40.864762, -20.495194], [-40.864133, -20.497444], [-40.86388, -20.500232], [-40.863903, -20.502165], [-40.864584, -20.50417], [-40.865994, -20.505391], [-40.869558, -20.505045], [-40.870696, -20.505211], [-40.871533, -20.505332], [-40.87468, -20.507774], [-40.876624, -20.508992], [-40.902294, -20.562861], [-40.902822, -20.563389], [-40.903139, -20.563407], [-40.90377, -20.562993], [-40.904245, -20.563053], [-40.904406, -20.563244], [-40.904342, -20.563587], [-40.903528, -20.564597], [-40.903378, -20.565219], [-40.903456, -20.565987], [-40.904903, -20.567721], [-40.904806, -20.569025], [-40.904933, -20.569172], [-40.905273, -20.569212], [-40.906899, -20.568702], [-40.9076, -20.568653], [-40.908077, -20.568753], [-40.908256, -20.568602], [-40.908184, -20.568196], [-40.908269, -20.567854], [-40.908261, -20.567236], [-40.908097, -20.566725], [-40.908433, -20.566487], [-40.908897, -20.566439], [-40.909287, -20.56669], [-40.910035, -20.566789], [-40.91085, -20.566737], [-40.911582, -20.567286], [-40.912744, -20.567806], [-40.913024, -20.568507], [-40.913322, -20.568866], [-40.91364, -20.568906], [-40.914374, -20.568791], [-40.914671, -20.568916], [-40.914975, -20.569703], [-40.915271, -20.569804], [-40.915746, -20.569693], [-40.917758, -20.571166], [-40.918818, -20.570749], [-40.919337, -20.570637], [-40.919507, -20.570698], [-40.920082, -20.57129], [-40.92018, -20.571992], [-40.920572, -20.572543], [-40.921261, -20.573218], [-40.922198, -20.573913], [-40.922697, -20.573908], [-40.923223, -20.574243], [-40.923273, -20.574733], [-40.923513, -20.574901], [-40.923968, -20.574961], [-40.924744, -20.5754], [-40.925983, -20.574982], [-40.926508, -20.575146], [-40.928362, -20.574955], [-40.929037, -20.574584], [-40.929705, -20.574556], [-40.92998, -20.574936], [-40.930599, -20.577235], [-40.930849, -20.577318], [-40.931256, -20.577206], [-40.931881, -20.576431], [-40.93238, -20.576361], [-40.932652, -20.576593], [-40.932764, -20.577403], [-40.933086, -20.577634], [-40.933449, -20.577673], [-40.933853, -20.577457], [-40.934598, -20.577296], [-40.934822, -20.57706], [-40.934798, -20.576867], [-40.934383, -20.576444], [-40.934356, -20.576019], [-40.934826, -20.575545], [-40.934891, -20.575287], [-40.934614, -20.574969], [-40.934496, -20.574545], [-40.934765, -20.574328], [-40.935934, -20.574443], [-40.936631, -20.574028], [-40.938177, -20.574503], [-40.938608, -20.574499], [-40.939056, -20.574088], [-40.93941, -20.573486], [-40.939905, -20.573267], [-40.940427, -20.573219], [-40.94086, -20.573406], [-40.94117, -20.573808], [-40.942098, -20.573712], [-40.942711, -20.573811], [-40.94349, -20.574487], [-40.943852, -20.57444], [-40.945183, -20.573977], [-40.945591, -20.574078], [-40.946134, -20.574051], [-40.946337, -20.5739], [-40.946383, -20.573065], [-40.947545, -20.571773], [-40.9489, -20.571458], [-40.949957, -20.570827], [-40.950478, -20.570907], [-40.951048, -20.571156], [-40.951387, -20.571131], [-40.951926, -20.570719], [-40.95273, -20.570689], [-40.9534, -20.571642], [-40.953808, -20.57183], [-40.95458, -20.571757], [-40.957017, -20.571153], [-40.957653, -20.57121], [-40.958505, -20.571435], [-40.959228, -20.571213], [-40.959834, -20.570865], [-40.960828, -20.570619], [-40.961707, -20.570247], [-40.96216, -20.570219], [-40.962448, -20.569769], [-40.962985, -20.569271], [-40.963004, -20.568951], [-40.962325, -20.568146], [-40.962162, -20.567786], [-40.962333, -20.567037], [-40.962824, -20.56639], [-40.963529, -20.564867], [-40.963907, -20.564309], [-40.964222, -20.564136], [-40.965187, -20.563249], [-40.965304, -20.563115], [-40.965182, -20.563044], [-40.96506, -20.562974], [-40.96494, -20.562831], [-40.964794, -20.56281], [-40.964648, -20.562789], [-40.964495, -20.562735], [-40.964342, -20.562682], [-40.964164, -20.562563], [-40.963985, -20.562444], [-40.963868, -20.562458], [-40.963396, -20.562779], [-40.963287, -20.562786], [-40.96308, -20.562801], [-40.962903, -20.5628], [-40.962739, -20.562793], [-40.962587, -20.562778], [-40.96239, -20.562837], [-40.962313, -20.562719], [-40.962128, -20.562478], [-40.962023, -20.562355], [-40.961917, -20.562232], [-40.961773, -20.562177], [-40.96163, -20.562121], [-40.961468, -20.562058], [-40.961366, -20.562], [-40.961265, -20.561941], [-40.961046, -20.561889], [-40.960826, -20.561838], [-40.960429, -20.561869], [-40.960145, -20.561905], [-40.959861, -20.561941], [-40.959648, -20.562147], [-40.959435, -20.562352], [-40.959028, -20.562584], [-40.958689, -20.562621], [-40.958376, -20.562402], [-40.958062, -20.562183], [-40.957316, -20.561926], [-40.956571, -20.561669], [-40.95668, -20.561428], [-40.956754, -20.561185], [-40.956729, -20.56086], [-40.956476, -20.55997], [-40.956222, -20.559627], [-40.955646, -20.559457], [-40.955092, -20.559375], [-40.955208, -20.558879], [-40.955651, -20.558585], [-40.956426, -20.558356], [-40.956434, -20.558209], [-40.956475, -20.557924], [-40.956546, -20.557655], [-40.95665, -20.55741], [-40.956838, -20.55727], [-40.957053, -20.557151], [-40.957286, -20.557043], [-40.957381, -20.55683], [-40.957566, -20.556673], [-40.957828, -20.556465], [-40.958189, -20.556403], [-40.958374, -20.556175], [-40.958725, -20.555986], [-40.959096, -20.555776], [-40.959161, -20.555438], [-40.959054, -20.554941], [-40.958746, -20.554578], [-40.958288, -20.554077], [-40.95791, -20.553744], [-40.957642, -20.553455], [-40.957436, -20.553326], [-40.957244, -20.553202], [-40.957105, -20.553098], [-40.95699, -20.552997], [-40.956897, -20.552896], [-40.956828, -20.552793], [-40.956782, -20.552685], [-40.956771, -20.552549], [-40.956781, -20.552409], [-40.956811, -20.552266], [-40.956857, -20.552125], [-40.956918, -20.551986], [-40.95693, -20.551914], [-40.956968, -20.551835], [-40.957043, -20.551738], [-40.957169, -20.551609], [-40.957357, -20.551436], [-40.957755, -20.551123], [-40.958207, -20.550761], [-40.958776, -20.550533], [-40.959628, -20.550315], [-40.960001, -20.549789], [-40.960198, -20.549131], [-40.960601, -20.548471], [-40.96102, -20.547822], [-40.961395, -20.547553], [-40.961323, -20.547212], [-40.961618, -20.547012], [-40.961898, -20.546867], [-40.962161, -20.546765], [-40.962405, -20.546694], [-40.962627, -20.546641], [-40.9628, -20.546561], [-40.962955, -20.546483], [-40.963097, -20.546403], [-40.96323, -20.546316], [-40.963359, -20.546218], [-40.963482, -20.546122], [-40.963613, -20.546003], [-40.963758, -20.545853], [-40.963923, -20.545664], [-40.964115, -20.545429], [-40.964429, -20.545016], [-40.964663, -20.544702], [-40.964761, -20.544571], [-40.965094, -20.544115], [-40.965413, -20.543672], [-40.965703, -20.543264], [-40.965865, -20.54303], [-40.965986, -20.542847], [-40.966072, -20.542707], [-40.966127, -20.542604], [-40.966155, -20.542531], [-40.966173, -20.542477], [-40.966171, -20.542441], [-40.966152, -20.542417], [-40.966135, -20.542408], [-40.966117, -20.542399], [-40.96607, -20.542382], [-40.966028, -20.542345], [-40.965972, -20.542301], [-40.965901, -20.542248], [-40.965813, -20.542183], [-40.965705, -20.542106], [-40.965531, -20.542], [-40.965345, -20.541881], [-40.965156, -20.541748], [-40.964973, -20.541605], [-40.964806, -20.54145], [-40.964714, -20.541285], [-40.964644, -20.541113], [-40.964592, -20.540935], [-40.964555, -20.540752], [-40.964528, -20.540567], [-40.964506, -20.540376], [-40.964489, -20.540187], [-40.964473, -20.540003], [-40.964455, -20.539827], [-40.964432, -20.539661], [-40.964388, -20.539515], [-40.964337, -20.539384], [-40.964279, -20.539268], [-40.964213, -20.539168], [-40.964141, -20.539087], [-40.96409, -20.539064], [-40.964026, -20.53905], [-40.963943, -20.539038], [-40.963833, -20.539019], [-40.963691, -20.538983], [-40.963423, -20.538867], [-40.963131, -20.53873], [-40.962829, -20.538578], [-40.962532, -20.538415], [-40.962256, -20.538246], [-40.962081, -20.538097], [-40.96194, -20.537947], [-40.96183, -20.537793], [-40.96175, -20.537637], [-40.961698, -20.537477], [-40.961689, -20.537296], [-40.961701, -20.537113], [-40.961727, -20.536933], [-40.961761, -20.536759], [-40.961797, -20.536594], [-40.961812, -20.536458], [-40.961822, -20.536333], [-40.961824, -20.536219], [-40.961817, -20.536115], [-40.961798, -20.53602], [-40.961748, -20.535954], [-40.961688, -20.535891], [-40.96162, -20.535823], [-40.961546, -20.535746], [-40.96147, -20.535653], [-40.961407, -20.535503], [-40.961344, -20.535334], [-40.961279, -20.535148], [-40.961212, -20.534947], [-40.961143, -20.534735], [-40.961051, -20.534513], [-40.96096, -20.534284], [-40.960876, -20.53405], [-40.960802, -20.533813], [-40.960744, -20.533576], [-40.96073, -20.533334], [-40.960735, -20.533097], [-40.960756, -20.532871], [-40.960793, -20.532658], [-40.960844, -20.532463], [-40.960931, -20.532316], [-40.961023, -20.532187], [-40.961113, -20.532075], [-40.961194, -20.531977], [-40.961259, -20.531891], [-40.961266, -20.531838], [-40.961251, -20.531786], [-40.961216, -20.531726], [-40.961161, -20.531649], [-40.96109, -20.531546], [-40.961004, -20.531367], [-40.960904, -20.531156], [-40.960789, -20.530915], [-40.960661, -20.530647], [-40.96052, -20.530353], [-40.960336, -20.529981], [-40.960185, -20.529715], [-40.959969, -20.52923], [-40.959802, -20.528882], [-40.95966, -20.528573], [-40.959604, -20.528428], [-40.959575, -20.528326], [-40.959568, -20.528255], [-40.959578, -20.528204], [-40.9596, -20.52816], [-40.959596, -20.528077], [-40.959601, -20.527987], [-40.959621, -20.527888], [-40.959656, -20.527779], [-40.95971, -20.527656], [-40.959818, -20.527522], [-40.959943, -20.527369], [-40.960082, -20.527192], [-40.960229, -20.526987], [-40.960382, -20.526751], [-40.960544, -20.526412], [-40.9607, -20.526051], [-40.960841, -20.52568], [-40.960962, -20.525314], [-40.961055, -20.524963], [-40.961074, -20.524703], [-40.96106, -20.524471], [-40.961019, -20.524264], [-40.960952, -20.524081], [-40.960863, -20.52392], [-40.960744, -20.523788], [-40.960613, -20.523672], [-40.960474, -20.523567], [-40.960332, -20.523467], [-40.960194, -20.523368], [-40.960096, -20.523255], [-40.960005, -20.523136], [-40.959919, -20.523009], [-40.959837, -20.522873], [-40.959758, -20.522725], [-40.959652, -20.522544], [-40.959552, -20.522352], [-40.95946, -20.522152], [-40.959382, -20.521946], [-40.959321, -20.521738], [-40.959296, -20.521541], [-40.959294, -20.521343], [-40.959382, -20.521248], [-40.959493, -20.52115], [-40.959589, -20.521039], [-40.959744, -20.520694], [-40.959814, -20.520345], [-40.959917, -20.520106], [-40.959976, -20.51985], [-40.960132, -20.519611], [-40.960493, -20.519465], [-40.960509, -20.519127], [-40.960565, -20.518801], [-40.960798, -20.51871], [-40.961154, -20.518599], [-40.961379, -20.518484], [-40.961653, -20.518348], [-40.961582, -20.518163], [-40.961527, -20.51802], [-40.961341, -20.517632], [-40.961327, -20.517372], [-40.961273, -20.517097], [-40.961202, -20.516816], [-40.961119, -20.51653], [-40.96103, -20.516241], [-40.960941, -20.515949], [-40.960851, -20.515654], [-40.960774, -20.51536], [-40.960714, -20.515071], [-40.960679, -20.514789], [-40.960676, -20.514515], [-40.960675, -20.514252], [-40.960592, -20.514072], [-40.96104, -20.513799], [-40.961249, -20.513622], [-40.961374, -20.513443], [-40.96159, -20.513201], [-40.961771, -20.513039], [-40.96196, -20.5129], [-40.962158, -20.512735], [-40.962282, -20.51252], [-40.962315, -20.512263], [-40.962232, -20.512163], [-40.962066, -20.511974], [-40.961891, -20.511805], [-40.961781, -20.511678], [-40.961651, -20.511474], [-40.961423, -20.511366], [-40.961148, -20.511206], [-40.960957, -20.511191], [-40.960716, -20.511132], [-40.960485, -20.511116], [-40.960176, -20.511174], [-40.959876, -20.511126], [-40.959775, -20.511019], [-40.959686, -20.510911], [-40.959618, -20.51086], [-40.959558, -20.51079], [-40.959498, -20.510698], [-40.959431, -20.510579], [-40.959356, -20.510421], [-40.959237, -20.510143], [-40.959087, -20.509843], [-40.958956, -20.509554], [-40.958808, -20.50935], [-40.958725, -20.509205], [-40.958539, -20.509094], [-40.958465, -20.508859], [-40.958583, -20.508587], [-40.958895, -20.508405]]]}}]}