"DT_GERACAO";"HH_GERACAO";"AA_ELEICAO";"CD_TIPO_ELEICAO";"NM_TIPO_ELEICAO";"CD_ELEICAO";"DS_ELEICAO";"DT_ELEICAO";"ST_TURNO";"TP_PRESTACAO_CONTAS";"DT_PRESTACAO_CONTAS";"SQ_PRESTADOR_CONTAS";"SG_UF";"DS_TIPO_DOCUMENTO";"NR_DOCUMENTO";"CD_FONTE_DESPESA";"DS_FONTE_DESPESA";"CD_ORIGEM_DESPESA";"DS_ORIGEM_DESPESA";"CD_NATUREZA_DESPESA";"DS_NATUREZA_DESPESA";"CD_ESPECIE_RECURSO";"DS_ESPECIE_RECURSO";"SQ_DESPESA";"SQ_PARCELAMENTO_DESPESA";"DT_PAGTO_DESPESA";"DS_DESPESA";"VR_PAGTO_DESPESA"
"28/08/2026";"23:00:17";2024;2;"Ordinária";619;"Eleições Municipais 2024";"06/10/2024";"1";"Final";"16/10/2024";5262590005;"ES";"Cupom Fiscal";"1241025117292";1;"Outros Recursos";20150000;"Alimentação";1;"Financeiro";19;"PIX";61827741;44810091;"04/10/2024";"ALIMENTAÇÃO";"129,00"
"28/08/2026";"23:00:17";2024;2;"Ordinária";619;"Eleições Municipais 2024";"06/10/2024";"1";"Final";"24/10/2024";5256706366;"ES";"Nota Fiscal";"4";1;"Outros Recursos";20140000;"Publicidade por materiais impressos";1;"Financeiro";0;"Cheque";63233332;46052870;"24/09/2024";"SANTINHOS";"550,00"
"28/08/2026";"23:00:17";2024;2;"Ordinária";619;"Eleições Municipais 2024";"06/10/2024";"1";"Final";"04/11/2024";5283267239;"ES";"Outro";"1240921734924";1;"Outros Recursos";20420000;"Despesa com Impulsionamento de Conteúdos";1;"Financeiro";19;"PIX";65886310;48519248;"15/09/2024";"DESPESA COM CRÉDITO PARA IMPULSIONAM DE CONTEÚDO";"130,00"
"28/08/2026";"23:00:17";2024;2;"Ordinária";619;"Eleições Municipais 2024";"06/10/2024";"1";"Final";"04/11/2024";5283267239;"ES";"Outro";"1240924085674";1;"Outros Recursos";20420000;"Despesa com Impulsionamento de Conteúdos";1;"Financeiro";19;"PIX";65886315;48519251;"30/09/2024";"CRÉDITO PARA IMPULSIONAMENTO DE CONTEÚDO";"50,00"
"28/08/2026";"23:00:17";2024;2;"Ordinária";619;"Eleições Municipais 2024";"06/10/2024";"1";"Final";"31/10/2024";5256706313;"ES";"Cupom Fiscal";"1240924177999";2;"Fundo Especial de Financiamento de Campanha";20100000;"Combustíveis e lubrificantes";1;"Financeiro";19;"PIX";64742808;47454973;"30/09/2024";"GASOLINA COMUM";"305,03"
"28/08/2026";"23:00:17";2024;2;"Ordinária";619;"Eleições Municipais 2024";"06/10/2024";"1";"Final";"02/10/2025";5262590103;"ES";"Cupom Fiscal";"1240923825730";2;"Fundo Especial de Financiamento de Campanha";20100000;"Combustíveis e lubrificantes";1;"Financeiro";19;"PIX";73012791;55461376;"28/09/2024";"GASOLINA";"249,36"
"28/08/2026";"23:00:17";2024;2;"Ordinária";619;"Eleições Municipais 2024";"06/10/2024";"1";"Final";"03/11/2024";5256706502;"ES";"Nota Fiscal";"1240921938479";2;"Fundo Especial de Financiamento de Campanha";20110000;"Publicidade por adesivos";1;"Financeiro";19;"PIX";65692954;48337892;"17/09/2024";"60 X 30 ADESIVO PERFURADO | ADESIVO PERFURADO 65X30";"2040,00"
"28/08/2026";"23:00:17";2024;2;"Ordinária";619;"Eleições Municipais 2024";"06/10/2024";"1";"Final";"31/10/2024";5256706499;"ES";"Nota Fiscal";"002";1;"Outros Recursos";20100000;"Combustíveis e lubrificantes";1;"Financeiro";0;"Cheque";64503716;47235417;"11/09/2024";"GASOLINA COMUM";"200,00"
"28/08/2026";"23:00:17";2024;2;"Ordinária";619;"Eleições Municipais 2024";"06/10/2024";"1";"Final";"29/11/2024";5277252365;"ES";"Nota Fiscal";"1240922839335";2;"Fundo Especial de Financiamento de Campanha";20110000;"Publicidade por adesivos";1;"Financeiro";19;"PIX";70911629;53306207;"23/09/2024";"50 PRAGONAS 35,2X35,2CM | CONFECÇÃO DE 1000 PRAGUINHAS 0,83X0,83CM";"1160,00"
"28/08/2026";"23:00:17";2024;2;"Ordinária";619;"Eleições Municipais 2024";"06/10/2024";"1";"Final";"01/10/2025";5259798229;"ES";"Nota Fiscal";"1240817277979";1;"Outros Recursos";20140000;"Publicidade por materiais impressos";1;"Financeiro";19;"PIX";73011259;55457021;"22/08/2024";"CONFECÇÃO DE 100 ADESIVOS | CONFECÇÃO DE 200 SANTÃO";"1027,00"
"28/08/2026";"23:00:17";2024;2;"Ordinária";619;"Eleições Municipais 2024";"06/10/2024";"1";"Final";"20/11/2024";5262590007;"ES";"Nota Fiscal";"124";2;"Fundo Especial de Financiamento de Campanha";20100000;"Combustíveis e lubrificantes";1;"Financeiro";19;"PIX";70531202;52944278;"30/09/2024";"GASOLINA TIPO C";"143,00"
"28/08/2026";"23:00:17";2024;2;"Ordinária";619;"Eleições Municipais 2024";"06/10/2024";"1";"Final";"29/11/2024";5277252365;"ES";"Nota Fiscal";"1290922077930";2;"Fundo Especial de Financiamento de Campanha";20100000;"Combustíveis e lubrificantes";1;"Financeiro";19;"PIX";70911660;53306203;"18/09/2024";"GASOLINA";"150,00"
"28/08/2026";"23:00:17";2024;2;"Ordinária";619;"Eleições Municipais 2024";"06/10/2024";"1";"Final";"22/11/2024";5262590091;"ES";"Cupom Fiscal";"1241024894012";2;"Fundo Especial de Financiamento de Campanha";20150000;"Alimentação";1;"Financeiro";19;"PIX";70635321;53036906;"03/10/2024";"DESP COM ALIMENTAÇÃO";"16,00"
"28/08/2026";"23:00:17";2024;2;"Ordinária";619;"Eleições Municipais 2024";"06/10/2024";"1";"Final";"22/11/2024";5262590091;"ES";"Cupom Fiscal";"1241024893549";1;"Outros Recursos";20150000;"Alimentação";1;"Financeiro";19;"PIX";70635321;53036907;"03/10/2024";"DESP COM ALIMENTAÇÃO";"46,35"
"28/08/2026";"23:00:17";2024;2;"Ordinária";619;"Eleições Municipais 2024";"06/10/2024";"1";"Final";"03/11/2024";5256706502;"ES";"Nota Fiscal";"1240921946758";2;"Fundo Especial de Financiamento de Campanha";20140000;"Publicidade por materiais impressos";1;"Financeiro";19;"PIX";65692962;48337904;"17/09/2024";"SANTINHO - 10 X 7 - 4/1 CORES | SANTINHO - 10 X 7 - 4/1 CORES | SANTINHO - 10 X 7 - 4/1 CORES";"2400,00"
"28/08/2026";"23:00:17";2024;2;"Ordinária";619;"Eleições Municipais 2024";"06/10/2024";"1";"Final";"22/11/2024";5262590091;"ES";"Nota Fiscal";"1240923118829";2;"Fundo Especial de Financiamento de Campanha";20110000;"Publicidade por adesivos";1;"Financeiro";19;"PIX";70635326;53036904;"25/09/2024";"PRAGINHA  7X7";"144,00"
"28/08/2026";"23:00:17";2024;2;"Ordinária";619;"Eleições Municipais 2024";"06/10/2024";"1";"Final";"03/10/2025";5259798221;"ES";"Nota Fiscal";"1240921405734";1;"Outros Recursos";20100000;"Combustíveis e lubrificantes";1;"Financeiro";19;"PIX";73009792;55454924;"13/09/2024";"GASOLINA";"180,00"
"28/08/2026";"23:00:17";2024;2;"Ordinária";619;"Eleições Municipais 2024";"06/10/2024";"1";"Final";"20/11/2024";5262590007;"ES";"Nota Fiscal";"1240920764001";2;"Fundo Especial de Financiamento de Campanha";20140000;"Publicidade por materiais impressos";1;"Financeiro";19;"PIX";70531199;52944274;"10/09/2024";"2.000 IMPRESSÃO SANTINHOS 10X7CM";"269,00"
"28/08/2026";"23:00:17";2024;2;"Ordinária";619;"Eleições Municipais 2024";"06/10/2024";"1";"Final";"01/10/2025";5259798274;"ES";"Nota Fiscal";"1240919461610";1;"Outros Recursos";20110000;"Publicidade por adesivos";1;"Financeiro";19;"PIX";73009548;55454594;"03/09/2024";"01 ADESIVO RECORTE 100X30CM | 10 ADESIVOS 100X10CM | 100 PRAGUINHAS 7X7CM | CONFECÇÃO ADESIVOS 30X15CM";"317,60"
"28/08/2026";"23:00:17";2024;2;"Ordinária";619;"Eleições Municipais 2024";"06/10/2024";"1";"Final";"22/11/2024";5259798168;"ES";"Nota Fiscal";"1240921831433";1;"Outros Recursos";20110000;"Publicidade por adesivos";1;"Financeiro";19;"PIX";70651126;53056105;"16/09/2024";"CONFECÇÃO DE 300 PRAGUINHAS";"160,00"
"28/08/2026";"23:00:17";2024;2;"Ordinária";619;"Eleições Municipais 2024";"06/10/2024";"1";"Final";"02/10/2025";5262590433;"ES";"Nota Fiscal";"2";1;"Outros Recursos";20140000;"Publicidade por materiais impressos";1;"Financeiro";0;"Cheque";72934193;55459424;"24/08/2024";"5000 PANFLETOS DUAS FACES 10CM X 07 CM";"475,00"
"28/08/2026";"23:00:17";2024;2;"Ordinária";619;"Eleições Municipais 2024";"06/10/2024";"1";"Final";"31/10/2024";5256706313;"ES";"Cupom Fiscal";"1241024486418";2;"Fundo Especial de Financiamento de Campanha";20100000;"Combustíveis e lubrificantes";1;"Financeiro";19;"PIX";64742809;47454974;"01/10/2024";"GASOLINA COMUM";"79,95"
"28/08/2026";"23:00:17";2024;2;"Ordinária";619;"Eleições Municipais 2024";"06/10/2024";"1";"Final";"16/10/2024";5262590008;"ES";"Nota Fiscal";"1240923560333";2;"Fundo Especial de Financiamento de Campanha";20100000;"Combustíveis e lubrificantes";1;"Financeiro";19;"PIX";62154528;45089833;"27/09/2024";"GASOLINA COMUN";"156,20"
"28/08/2026";"23:00:17";2024;2;"Ordinária";619;"Eleições Municipais 2024";"06/10/2024";"1";"Final";"20/11/2024";5262590438;"ES";"Nota Fiscal";"1241024686464";1;"Outros Recursos";20100000;"Combustíveis e lubrificantes";1;"Financeiro";19;"PIX";70531814;52944802;"02/10/2024";"GASOLINA COMUN";"61,00"
"28/08/2026";"23:00:17";2024;2;"Ordinária";619;"Eleições Municipais 2024";"06/10/2024";"1";"Final";"16/10/2024";5262590008;"ES";"Nota Fiscal";"1240920659124";2;"Fundo Especial de Financiamento de Campanha";20110000;"Publicidade por adesivos";1;"Financeiro";19;"PIX";62154531;45089832;"09/09/2024";"10 BOLAS VINIL 30X30CM | 10 VINIL 30X15CM";"190,80"
"28/08/2026";"23:00:17";2024;2;"Ordinária";619;"Eleições Municipais 2024";"06/10/2024";"1";"Final";"29/10/2024";5256706336;"ES";"Outro";"1240923647857";2;"Fundo Especial de Financiamento de Campanha";20010000;"Despesas com pessoal";1;"Financeiro";19;"PIX";64177469;46928527;"27/09/2024";"SERVIÇO DE PANFLETAGEM PARA DIVULGAÇAO DE CAMPANHA";"350,00"
"28/08/2026";"23:00:17";2024;2;"Ordinária";619;"Eleições Municipais 2024";"06/10/2024";"1";"Final";"22/10/2024";5256706345;"ES";"Nota Fiscal";"001";1;"Outros Recursos";20270000;"Diversas a especificar";1;"Financeiro";0;"Cheque";63004589;45840853;"04/10/2024";"CARTOES DE VISITA SEM VERNIZ";"570,00"
"28/08/2026";"23:00:17";2024;2;"Ordinária";619;"Eleições Municipais 2024";"06/10/2024";"1";"Final";"01/10/2025";5259798274;"ES";"Nota Fiscal";"1240921817905";1;"Outros Recursos";20140000;"Publicidade por materiais impressos";1;"Financeiro";19;"PIX";73009547;55454593;"16/09/2024";"05 BANDEIRAS 1,50X0,90CM | CONFECÇÃO 10 BANDEIRAS 100X0,60CM";"705,00"
"28/08/2026";"23:00:17";2024;2;"Ordinária";619;"Eleições Municipais 2024";"06/10/2024";"1";"Final";"20/11/2024";5259798225;"ES";"Nota Fiscal";"1240923031310";1;"Outros Recursos";20140000;"Publicidade por materiais impressos";1;"Financeiro";19;"PIX";70526607;52940706;"24/09/2024";"CONFECÇÃO DE 10 BANDEIRAS EM PANO FORMATO 100CM X";"270,00"
"28/08/2026";"23:00:17";2024;2;"Ordinária";619;"Eleições Municipais 2024";"06/10/2024";"1";"Final";"02/10/2025";5262590437;"ES";"Nota Fiscal";"1241024792181";1;"Outros Recursos";20140000;"Publicidade por materiais impressos";1;"Financeiro";19;"PIX";73009657;55454736;"03/10/2024";"CONFECÇÃO 02 BANNERS";"85,00"
"28/08/2026";"23:00:17";2024;2;"Ordinária";619;"Eleições Municipais 2024";"06/10/2024";"1";"Final";"29/11/2024";5277252365;"ES";"Nota Fiscal";"1240919520545";2;"Fundo Especial de Financiamento de Campanha";20310000;"Produção de jingles, vinhetas e slogans";1;"Financeiro";19;"PIX";70911630;53306153;"03/09/2024";"PRODUÇÃO DE JENGLE";"2000,00"
"28/08/2026";"23:00:17";2024;2;"Ordinária";619;"Eleições Municipais 2024";"06/10/2024";"1";"Final";"22/10/2024";5256706345;"ES";"Nota Fiscal";"03";1;"Outros Recursos";20100000;"Combustíveis e lubrificantes";1;"Financeiro";0;"Cheque";63004587;45840855;"04/10/2024";"GASOLINA COMUM";"100,06"
"28/08/2026";"23:00:17";2024;2;"Ordinária";619;"Eleições Municipais 2024";"06/10/2024";"1";"Final";"14/10/2024";5262590004;"ES";"Cupom Fiscal";"1240924230883";2;"Fundo Especial de Financiamento de Campanha";20100000;"Combustíveis e lubrificantes";1;"Financeiro";19;"PIX";61783495;44775010;"30/09/2024";"GASOLINA";"234,90"
"28/08/2026";"23:00:17";2024;2;"Ordinária";619;"Eleições Municipais 2024";"06/10/2024";"1";"Final";"29/11/2024";5277252365;"ES";"Nota Fiscal";"032605069";2;"Fundo Especial de Financiamento de Campanha";20420000;"Despesa com Impulsionamento de Conteúdos";1;"Financeiro";1;"Transferência eletrônica";70911619;53306218;"11/09/2024";"IMPULSIONAMENTO REFERENTE A SETEMBRO";"2000,00"
"28/08/2026";"23:00:17";2024;2;"Ordinária";619;"Eleições Municipais 2024";"06/10/2024";"1";"Final";"29/11/2024";5277252365;"ES";"Nota Fiscal";"032663268";2;"Fundo Especial de Financiamento de Campanha";20420000;"Despesa com Impulsionamento de Conteúdos";1;"Financeiro";1;"Transferência eletrônica";70911619;53306219;"13/09/2024";"IMPULSIONAMENTO REFERENTE A SETEMBRO";"1358,42"
"28/08/2026";"23:00:17";2024;2;"Ordinária";619;"Eleições Municipais 2024";"06/10/2024";"1";"Final";"29/11/2024";5277252365;"ES";"Nota Fiscal";"031702448";1;"Outros Recursos";20420000;"Despesa com Impulsionamento de Conteúdos";1;"Financeiro";1;"Transferência eletrônica";70911619;53306217;"22/08/2024";"IMPULSIONAMENTO REFERENTE A SETEMBRO";"785,08"
"28/08/2026";"23:00:17";2024;2;"Ordinária";619;"Eleições Municipais 2024";"06/10/2024";"1";"Final";"20/11/2024";5262590098;"ES";"Nota Fiscal";"1241024797347";2;"Fundo Especial de Financiamento de Campanha";20140000;"Publicidade por materiais impressos";1;"Financeiro";19;"PIX";70531331;52944388;"03/10/2024";"SANTINHOS";"225,00"
"28/08/2026";"23:00:17";2024;2;"Ordinária";619;"Eleições Municipais 2024";"06/10/2024";"1";"Final";"20/11/2024";5262590438;"ES";"Nota Fiscal";"1240920834283";1;"Outros Recursos";20110000;"Publicidade por adesivos";1;"Financeiro";19;"PIX";70531813;52944801;"10/09/2024";"SERVIÇO DE CONFECÇÃO DE ADESIVOS";"202,00"
"28/08/2026";"23:00:17";2024;2;"Ordinária";619;"Eleições Municipais 2024";"06/10/2024";"1";"Final";"29/11/2024";5277252365;"ES";"Nota Fiscal";"1240818252019";2;"Fundo Especial de Financiamento de Campanha";20110000;"Publicidade por adesivos";1;"Financeiro";19;"PIX";70911616;53306206;"29/08/2024";"50 ADESIVOS 30X30 | 580 PRAGUINHAS 7X7  | 600 PRAGUINHAS 0,85X0,85 | ADESIVOS 15X15 MOTOS | CONFEC ADESIVOS P/ COMITE DE FAXADA";"1663,00"
"28/08/2026";"23:00:17";2024;2;"Ordinária";619;"Eleições Municipais 2024";"06/10/2024";"1";"Final";"15/10/2024";5262590006;"ES";"Outro";"1241024876353";2;"Fundo Especial de Financiamento de Campanha";20010000;"Despesas com pessoal";1;"Financeiro";19;"PIX";61957260;44924898;"03/10/2024";"CONTRATO CABO ELEITORAL";"500,00"
"28/08/2026";"23:00:17";2024;2;"Ordinária";619;"Eleições Municipais 2024";"06/10/2024";"1";"Final";"04/11/2024";5286822108;"ES";"Outro";"1240923552198";2;"Fundo Especial de Financiamento de Campanha";20800000;"Atividades de militância e mobilização de rua";1;"Financeiro";19;"PIX";65882374;48515599;"27/09/2024";"SERVIÇOS DE MILITANCIA 08 HORAS DIÁRIAS";"1000,00"
"28/08/2026";"23:00:17";2024;2;"Ordinária";619;"Eleições Municipais 2024";"06/10/2024";"1";"Final";"03/11/2024";5256706502;"ES";"Nota Fiscal";"1240921938536";2;"Fundo Especial de Financiamento de Campanha";20110000;"Publicidade por adesivos";1;"Financeiro";19;"PIX";65692956;48337897;"17/09/2024";"ADESIVO DE 3M X 1,5M";"270,00"
"28/08/2026";"23:00:17";2024;2;"Ordinária";619;"Eleições Municipais 2024";"06/10/2024";"1";"Final";"29/11/2024";5277252365;"ES";"Outro";"1240818466940";2;"Fundo Especial de Financiamento de Campanha";20010000;"Despesas com pessoal";1;"Financeiro";19;"PIX";70911638;53306190;"30/08/2024";"SERVIÇO DE MOTORISTA";"1250,00"
"28/08/2026";"23:00:17";2024;2;"Ordinária";619;"Eleições Municipais 2024";"06/10/2024";"1";"Final";"29/11/2024";5277252365;"ES";"Outro";"1241024432113";2;"Fundo Especial de Financiamento de Campanha";20010000;"Despesas com pessoal";1;"Financeiro";19;"PIX";70911638;53306191;"02/10/2024";"SERVIÇO DE MOTORISTA";"1250,00"
"28/08/2026";"23:00:17";2024;2;"Ordinária";619;"Eleições Municipais 2024";"06/10/2024";"1";"Final";"29/11/2024";5277252365;"ES";"#NULO";"1240919779967";2;"Fundo Especial de Financiamento de Campanha";20240000;"Doações financeiras a outros candidatos/partidos";1;"Financeiro";19;"PIX";70911631;53306156;"05/09/2024";"#NULO";"1000,00"
"28/08/2026";"23:00:17";2024;2;"Ordinária";619;"Eleições Municipais 2024";"06/10/2024";"1";"Final";"03/11/2024";5256706502;"ES";"Outro";"1241024905301";2;"Fundo Especial de Financiamento de Campanha";20010000;"Despesas com pessoal";1;"Financeiro";19;"PIX";65692940;48337882;"04/10/2024";"SERVIÇOS PRESTADOS DE PANFLETAGEM";"1412,00"
"28/08/2026";"23:00:17";2024;2;"Ordinária";619;"Eleições Municipais 2024";"06/10/2024";"1";"Final";"04/11/2024";5286822108;"ES";"Outro";"1241024932085";2;"Fundo Especial de Financiamento de Campanha";20010000;"Despesas com pessoal";1;"Financeiro";19;"PIX";65882424;48515606;"02/10/2024";"SERVIÇOS DE MOTORISTA 08 HORAS DIÁRIAS";"2500,00"
"28/08/2026";"23:00:17";2024;2;"Ordinária";619;"Eleições Municipais 2024";"06/10/2024";"1";"Final";"14/10/2024";5262590004;"ES";"Cupom Fiscal";"1240921758190";2;"Fundo Especial de Financiamento de Campanha";20100000;"Combustíveis e lubrificantes";1;"Financeiro";19;"PIX";61783491;44775008;"16/09/2024";"GASOLINA";"250,06"
"28/08/2026";"23:00:17";2024;2;"Ordinária";619;"Eleições Municipais 2024";"06/10/2024";"1";"Final";"29/11/2024";5277252365;"ES";"Outro";"1240919049745";2;"Fundo Especial de Financiamento de Campanha";20010000;"Despesas com pessoal";1;"Financeiro";19;"PIX";70911615;53306199;"01/09/2024";"COORDENAÇÃO GERAL";"2000,00"
"28/08/2026";"23:00:17";2024;2;"Ordinária";619;"Eleições Municipais 2024";"06/10/2024";"1";"Final";"29/11/2024";5277252365;"ES";"Outro";"1241024429142";2;"Fundo Especial de Financiamento de Campanha";20010000;"Despesas com pessoal";1;"Financeiro";19;"PIX";70911615;53306200;"02/10/2024";"COORDENAÇÃO GERAL";"2000,00"
"28/08/2026";"23:00:17";2024;2;"Ordinária";619;"Eleições Municipais 2024";"06/10/2024";"1";"Final";"03/11/2024";5256706502;"ES";"Outro";"12410249904252";2;"Fundo Especial de Financiamento de Campanha";20010000;"Despesas com pessoal";1;"Financeiro";19;"PIX";65692967;48337905;"04/10/2024";"SERVIÇOS PRESTADOS DE PANFLETAGEM";"1412,00"
"28/08/2026";"23:00:17";2024;2;"Ordinária";619;"Eleições Municipais 2024";"06/10/2024";"1";"Final";"03/10/2025";5259798221;"ES";"Nota Fiscal";"1240920031287";1;"Outros Recursos";20110000;"Publicidade por adesivos";1;"Financeiro";19;"PIX";73009791;55454925;"06/09/2024";"100 ADESIVOS 9X9CM";"120,00"
"28/08/2026";"23:00:17";2024;2;"Ordinária";619;"Eleições Municipais 2024";"06/10/2024";"1";"Final";"02/10/2025";5262590437;"ES";"Nota Fiscal";"1240816964001";1;"Outros Recursos";20110000;"Publicidade por adesivos";1;"Financeiro";19;"PIX";73009656;55454735;"20/08/2024";"COMPRA DE ADESIVO";"244,00"
"28/08/2026";"23:00:17";2024;2;"Ordinária";619;"Eleições Municipais 2024";"06/10/2024";"1";"Final";"29/11/2024";5277252365;"ES";"#NULO";"1240920976020";2;"Fundo Especial de Financiamento de Campanha";20240000;"Doações financeiras a outros candidatos/partidos";1;"Financeiro";19;"PIX";70911648;53306155;"11/09/2024";"#NULO";"1000,00"
"28/08/2026";"23:00:17";2024;2;"Ordinária";619;"Eleições Municipais 2024";"06/10/2024";"1";"Final";"17/10/2024";5256706284;"ES";"Outro";"1241024772300";2;"Fundo Especial de Financiamento de Campanha";20010000;"Despesas com pessoal";1;"Financeiro";19;"PIX";62286528;45205867;"02/10/2024";"SERVIÇOS DE PANFLETAGEM";"1000,00"
"28/08/2026";"23:00:17";2024;2;"Ordinária";619;"Eleições Municipais 2024";"06/10/2024";"1";"Final";"04/11/2024";5286822108;"ES";"Outro";"1240922514377";2;"Fundo Especial de Financiamento de Campanha";20800000;"Atividades de militância e mobilização de rua";1;"Financeiro";19;"PIX";65882391;48515582;"20/09/2024";"SERVIÇOS DE MILITANCIA 08 HORAS DIÁRIAS";"1000,00"
"28/08/2026";"23:00:17";2024;2;"Ordinária";619;"Eleições Municipais 2024";"06/10/2024";"1";"Final";"16/10/2024";5262590095;"ES";"Cupom Fiscal";"1241025379126";2;"Fundo Especial de Financiamento de Campanha";20150000;"Alimentação";1;"Financeiro";19;"PIX";61986933;44950859;"05/10/2024";"ALMOÇO";"95,29"
"28/08/2026";"23:00:17";2024;2;"Ordinária";619;"Eleições Municipais 2024";"06/10/2024";"1";"Final";"14/11/2024";5256706434;"ES";"Nota Fiscal";"1240922423628";1;"Outros Recursos";20140000;"Publicidade por materiais impressos";1;"Financeiro";19;"PIX";69858956;52300322;"20/09/2024";"FOLDER DUAS DOBRAS";"1620,00"
"28/08/2026";"23:00:17";2024;2;"Ordinária";619;"Eleições Municipais 2024";"06/10/2024";"1";"Final";"29/11/2024";5277252365;"ES";"#NULO";"1240920035928";2;"Fundo Especial de Financiamento de Campanha";20240000;"Doações financeiras a outros candidatos/partidos";1;"Financeiro";19;"PIX";70911661;53306157;"06/09/2024";"#NULO";"1000,00"
"28/08/2026";"23:00:17";2024;2;"Ordinária";619;"Eleições Municipais 2024";"06/10/2024";"1";"Final";"04/11/2024";5286822108;"ES";"Fatura";"1240920212375";2;"Fundo Especial de Financiamento de Campanha";20260000;"Criação e inclusão de páginas na internet";1;"Financeiro";19;"PIX";65882388;48515568;"06/09/2024";"HOSPEDAGEM EM SITE";"119,88"
"28/08/2026";"23:00:17";2024;2;"Ordinária";619;"Eleições Municipais 2024";"06/10/2024";"1";"Final";"04/11/2024";5286822108;"ES";"Outro";"1241024448135";2;"Fundo Especial de Financiamento de Campanha";20800000;"Atividades de militância e mobilização de rua";1;"Financeiro";19;"PIX";65882481;48515598;"01/10/2024";"SERVIÇOS DE MILITANCIA 08 HORAS DIÁRIAS";"1000,00"
"28/08/2026";"23:00:17";2024;2;"Ordinária";619;"Eleições Municipais 2024";"06/10/2024";"1";"Final";"31/10/2024";5256706313;"ES";"Outro";"1241024897275";2;"Fundo Especial de Financiamento de Campanha";20010000;"Despesas com pessoal";1;"Financeiro";19;"PIX";64742810;47454975;"03/10/2024";"SERVIÇOS DE PANFLETAGEM NA DIVULGAÇAO DE CAMPANHA";"500,00"
"28/08/2026";"23:00:17";2024;2;"Ordinária";619;"Eleições Municipais 2024";"06/10/2024";"1";"Final";"02/10/2025";5262590433;"ES";"Nota Fiscal";"1240924123796";1;"Outros Recursos";20420000;"Despesa com Impulsionamento de Conteúdos";1;"Financeiro";19;"PIX";72934194;55459425;"30/09/2024";"IMPULSIONAMENTO";"32,92"
"28/08/2026";"23:00:17";2024;2;"Ordinária";619;"Eleições Municipais 2024";"06/10/2024";"1";"Final";"01/10/2025";5259798229;"ES";"Nota Fiscal";"1241024318220";1;"Outros Recursos";20130000;"Publicidade por jornais e revistas";1;"Financeiro";19;"PIX";73011262;55457025;"01/10/2024";"ANÚNCIO DA CAMPANHA JANDIR GRATIERI PUBLI ED 168";"600,00"
"28/08/2026";"23:00:17";2024;2;"Ordinária";619;"Eleições Municipais 2024";"06/10/2024";"1";"Final";"29/11/2024";5277252365;"ES";"Nota Fiscal";"1241025118865";2;"Fundo Especial de Financiamento de Campanha";20130000;"Publicidade por jornais e revistas";1;"Financeiro";19;"PIX";70911665;53306177;"04/10/2024";"ANÚNCIO PUBL  DE CAMP ELEITORAL ED168 JORN O NOTIC";"1200,00"
"28/08/2026";"23:00:17";2024;2;"Ordinária";619;"Eleições Municipais 2024";"06/10/2024";"1";"Final";"29/11/2024";5277252365;"ES";"Nota Fiscal";"1240919046816";2;"Fundo Especial de Financiamento de Campanha";20400000;"Pré-instalação física de comitê de campanha";1;"Financeiro";19;"PIX";70911639;53306148;"01/09/2024";"BATENTE DIVISORIA 0,840 M BR TUPIA MODLINE | BUCHA PLAST 06MM S/ANEL | FECHADURA TUBULAR P/DIVISORIA BRANCA | MC - PARAFUSO 4.2 * 32 | MC - REBITE ALUMINIO 3.12 BRANCO | PARAF METAL METAL P. AGULHA 9,5/13 | PORTA EUCATEX 35MM 0,82 * 2.10 M BR | REQUA...";"7500,00"
"28/08/2026";"23:00:17";2024;2;"Ordinária";619;"Eleições Municipais 2024";"06/10/2024";"1";"Final";"04/11/2024";5286822108;"ES";"Nota Fiscal";"1240919690824";2;"Fundo Especial de Financiamento de Campanha";20110000;"Publicidade por adesivos";1;"Financeiro";19;"PIX";65882446;48515554;"04/09/2024";"NF 3410 ADESIVOS 30 X 10 CM COM VEREADORES";"420,00"
"28/08/2026";"23:00:17";2024;2;"Ordinária";619;"Eleições Municipais 2024";"06/10/2024";"1";"Final";"02/10/2025";5262590103;"ES";"Cupom Fiscal";"1240921913798";2;"Fundo Especial de Financiamento de Campanha";20100000;"Combustíveis e lubrificantes";1;"Financeiro";19;"PIX";73012790;55461374;"17/09/2024";"GASOLINA";"300,00"
"28/08/2026";"23:00:17";2024;2;"Ordinária";619;"Eleições Municipais 2024";"06/10/2024";"1";"Final";"16/10/2024";5262590008;"ES";"Outro";"1";2;"Fundo Especial de Financiamento de Campanha";20010000;"Despesas com pessoal";1;"Financeiro";19;"PIX";62154529;45089837;"17/09/2024";"CONTRAOTPRESTAÇÃO DE SERVIÇO";"300,00"
"28/08/2026";"23:00:17";2024;2;"Ordinária";619;"Eleições Municipais 2024";"06/10/2024";"1";"Final";"22/11/2024";5259798168;"ES";"Nota Fiscal";"1240919880808";1;"Outros Recursos";20140000;"Publicidade por materiais impressos";1;"Financeiro";19;"PIX";70651125;53056104;"05/09/2024";"CONFECÇÃO DE IMPRESSOS 10X7 CM";"290,00"
"28/08/2026";"23:00:17";2024;2;"Ordinária";619;"Eleições Municipais 2024";"06/10/2024";"1";"Final";"04/11/2024";5286822108;"ES";"Nota Fiscal";"1240922509406";2;"Fundo Especial de Financiamento de Campanha";20140000;"Publicidade por materiais impressos";1;"Financeiro";19;"PIX";65882466;48515603;"20/09/2024";"BANDEIRAS IMPRESSAS EM TECIDO 70X100CM";"1000,00"
"28/08/2026";"23:00:17";2024;2;"Ordinária";619;"Eleições Municipais 2024";"06/10/2024";"1";"Final";"02/10/2025";5262590437;"ES";"Cupom Fiscal";"1241025406212";1;"Outros Recursos";20100000;"Combustíveis e lubrificantes";1;"Financeiro";19;"PIX";73009655;55454737;"05/10/2024";"GASOLIAN";"50,00"
"28/08/2026";"23:00:17";2024;2;"Ordinária";619;"Eleições Municipais 2024";"06/10/2024";"1";"Final";"16/10/2024";5262590005;"ES";"Cupom Fiscal";"1241024804264";1;"Outros Recursos";20100000;"Combustíveis e lubrificantes";1;"Financeiro";19;"PIX";61827742;44810092;"03/10/2024";"GASOLINA";"249,27"
"28/08/2026";"23:00:17";2024;2;"Ordinária";619;"Eleições Municipais 2024";"06/10/2024";"1";"Final";"04/11/2024";5286822108;"ES";"Outro";"1240923355969";2;"Fundo Especial de Financiamento de Campanha";20800000;"Atividades de militância e mobilização de rua";1;"Financeiro";19;"PIX";65882375;48515600;"26/09/2024";"SERVIÇOS DE MILITANCIA 08 HORAS DIÁRIAS";"1000,00"
"28/08/2026";"23:00:17";2024;2;"Ordinária";619;"Eleições Municipais 2024";"06/10/2024";"1";"Final";"29/11/2024";5277252365;"ES";"Nota Fiscal";"1241025129521";2;"Fundo Especial de Financiamento de Campanha";20150000;"Alimentação";1;"Financeiro";19;"PIX";70911659;53306178;"04/10/2024";"DESP COM ALIMENTAÇÃO COMITE";"400,00"
"28/08/2026";"23:00:17";2024;2;"Ordinária";619;"Eleições Municipais 2024";"06/10/2024";"1";"Final";"20/11/2024";5259798225;"ES";"Nota Fiscal";"1240922948167";1;"Outros Recursos";20420000;"Despesa com Impulsionamento de Conteúdos";1;"Financeiro";19;"PIX";70526611;52940707;"23/09/2024";"IMPULSIOANMENTO CONTEUDO INTERNET";"350,00"
"28/08/2026";"23:00:17";2024;2;"Ordinária";619;"Eleições Municipais 2024";"06/10/2024";"1";"Final";"20/11/2024";5259798163;"ES";"Cupom Fiscal";"1241025680842";1;"Outros Recursos";20150000;"Alimentação";1;"Financeiro";19;"PIX";70527124;52941290;"07/10/2024";"DESP COM ALIMENTAÇÃO";"2,00"
"28/08/2026";"23:00:17";2024;2;"Ordinária";619;"Eleições Municipais 2024";"06/10/2024";"1";"Final";"04/11/2024";5286822108;"ES";"Nota Fiscal";"1240919686846";2;"Fundo Especial de Financiamento de Campanha";20140000;"Publicidade por materiais impressos";1;"Financeiro";19;"PIX";65882387;48515560;"04/09/2024";"NF 3416 IMPRESSOS DE 9X5CM COM VEREADORES";"840,00"
"28/08/2026";"23:00:17";2024;2;"Ordinária";619;"Eleições Municipais 2024";"06/10/2024";"1";"Final";"04/11/2024";5286822108;"ES";"Nota Fiscal";"02";2;"Fundo Especial de Financiamento de Campanha";20120000;"Serviços prestados por terceiros";1;"Financeiro";0;"Cheque";65882390;48515574;"17/09/2024";"SERVIÇOS DE FOTOGRAFIA E EDIÇÃO PARA MAT DE CAMPAN";"3320,00"
"28/08/2026";"23:00:17";2024;2;"Ordinária";619;"Eleições Municipais 2024";"06/10/2024";"1";"Final";"17/10/2024";5256706282;"ES";"Nota Fiscal";"31727078";1;"Outros Recursos";20140000;"Publicidade por materiais impressos";1;"Financeiro";1;"Transferência eletrônica";62307876;45225764;"23/08/2024";"SANTINHOS";"1080,00"
"28/08/2026";"23:00:17";2024;2;"Ordinária";619;"Eleições Municipais 2024";"06/10/2024";"1";"Final";"29/11/2024";5277252365;"ES";"Nota Fiscal";"1240919049946";2;"Fundo Especial de Financiamento de Campanha";20110000;"Publicidade por adesivos";1;"Financeiro";19;"PIX";70911607;53306147;"01/09/2024";"ADESIVOS LEITOSO 30X15 | PERFURADOS 70X35";"4082,50"
"28/08/2026";"23:00:17";2024;2;"Ordinária";619;"Eleições Municipais 2024";"06/10/2024";"1";"Final";"01/10/2025";5259798213;"ES";"Cupom Fiscal";"1241024658540";1;"Outros Recursos";20150000;"Alimentação";1;"Financeiro";19;"PIX";73007674;55456124;"02/10/2024";"DESP COM PADARIA";"10,00"
"28/08/2026";"23:00:17";2024;2;"Ordinária";619;"Eleições Municipais 2024";"06/10/2024";"1";"Final";"17/10/2024";5256706282;"ES";"Nota Fiscal";"0001";1;"Outros Recursos";20310000;"Produção de jingles, vinhetas e slogans";1;"Financeiro";0;"Cheque";62307875;45225765;"05/09/2024";"JINGLE DE CAMPANHA";"400,00"
"28/08/2026";"23:00:17";2024;2;"Ordinária";619;"Eleições Municipais 2024";"06/10/2024";"1";"Final";"22/11/2024";5262590091;"ES";"Outro";"1240924044793";2;"Fundo Especial de Financiamento de Campanha";20010000;"Despesas com pessoal";1;"Financeiro";19;"PIX";70635324;53036903;"03/10/2024";"PREST SERV DISTRIBUIÇÃO DE SNATINHO";"700,00"
"28/08/2026";"23:00:17";2024;2;"Ordinária";619;"Eleições Municipais 2024";"06/10/2024";"1";"Final";"04/11/2024";5283267239;"ES";"Fatura";"032462135";1;"Outros Recursos";20260000;"Criação e inclusão de páginas na internet";1;"Financeiro";1;"Transferência eletrônica";65886314;48519245;"09/09/2024";"DOMÍNIO E HOSPEDAGEM EM SITE";"87,60"
"28/08/2026";"23:00:17";2024;2;"Ordinária";619;"Eleições Municipais 2024";"06/10/2024";"1";"Final";"14/10/2024";5262590004;"ES";"Cupom Fiscal";"1240920049831";1;"Outros Recursos";20100000;"Combustíveis e lubrificantes";1;"Financeiro";19;"PIX";61783497;44775006;"06/09/2024";"COMBUSTIVEL";"290,01"
"28/08/2026";"23:00:17";2024;2;"Ordinária";619;"Eleições Municipais 2024";"06/10/2024";"1";"Final";"29/11/2024";5277252365;"ES";"Nota Fiscal";"1241025121373";2;"Fundo Especial de Financiamento de Campanha";20160000;"Água";1;"Financeiro";19;"PIX";70911633;53306172;"04/10/2024";"AGUA MINERAL PEDRA AZUL";"400,00"
"28/08/2026";"23:00:17";2024;2;"Ordinária";619;"Eleições Municipais 2024";"06/10/2024";"1";"Final";"04/11/2024";5286822108;"ES";"Outro";"1240923331879";2;"Fundo Especial de Financiamento de Campanha";20800000;"Atividades de militância e mobilização de rua";1;"Financeiro";19;"PIX";65882436;48515593;"26/09/2024";"SERVIÇOS DE MILITANCIA 08 HORAS DIÁRIAS";"1000,00"
"28/08/2026";"23:00:17";2024;2;"Ordinária";619;"Eleições Municipais 2024";"06/10/2024";"1";"Final";"01/10/2025";5259798278;"ES";"Cupom Fiscal";"1241024597038";1;"Outros Recursos";20100000;"Combustíveis e lubrificantes";1;"Financeiro";19;"PIX";72933445;55373692;"02/10/2024";"GASOLIAN ADITIVADA | GASOLINA ADITIVADA";"130,02"
"28/08/2026";"23:00:17";2024;2;"Ordinária";619;"Eleições Municipais 2024";"06/10/2024";"1";"Final";"01/10/2025";5259798229;"ES";"Cupom Fiscal";"1241024856146";1;"Outros Recursos";20100000;"Combustíveis e lubrificantes";1;"Financeiro";19;"PIX";73011258;55457022;"03/10/2024";"GASOLINA";"123,00"
"28/08/2026";"23:00:17";2024;2;"Ordinária";619;"Eleições Municipais 2024";"06/10/2024";"1";"Final";"04/11/2024";5286822108;"ES";"Outro";"1240923574582";2;"Fundo Especial de Financiamento de Campanha";20800000;"Atividades de militância e mobilização de rua";1;"Financeiro";19;"PIX";65882406;48515596;"27/09/2024";"SERVIÇOS DE MILITANCIA 08HORA DIÁRIAS";"1000,00"
"28/08/2026";"23:00:17";2024;2;"Ordinária";619;"Eleições Municipais 2024";"06/10/2024";"1";"Final";"04/11/2024";5286822108;"ES";"Nota Fiscal";"1241025102683";2;"Fundo Especial de Financiamento de Campanha";20270000;"Diversas a especificar";1;"Financeiro";19;"PIX";65882439;48515611;"04/10/2024";"ALUGUEL DE CADEIRAS PARA COMITÊ | ALUGUEL DE MESAS PARA COMITÊ";"300,00"
"28/08/2026";"23:00:17";2024;2;"Ordinária";619;"Eleições Municipais 2024";"06/10/2024";"1";"Final";"01/10/2025";5262590082;"ES";"Cupom Fiscal";"1240817020035";1;"Outros Recursos";20100000;"Combustíveis e lubrificantes";1;"Financeiro";19;"PIX";72933489;55373736;"20/08/2024";"ABASTECIMENTO DE VEICULO COM COMBUSTIVEL";"130,04"
"28/08/2026";"23:00:17";2024;2;"Ordinária";619;"Eleições Municipais 2024";"06/10/2024";"1";"Final";"29/11/2024";5256706492;"ES";"Outro";"33586901";2;"Fundo Especial de Financiamento de Campanha";20120000;"Serviços prestados por terceiros";1;"Financeiro";1;"Transferência eletrônica";70922965;53316708;"08/10/2024";"SERVIÇOS DE PRODUÇÃO DE CAMPANHA ELEITORAL";"831,73"
"28/08/2026";"23:00:17";2024;2;"Ordinária";619;"Eleições Municipais 2024";"06/10/2024";"1";"Final";"29/11/2024";5256706492;"ES";"Outro";"33639198";1;"Outros Recursos";20120000;"Serviços prestados por terceiros";1;"Financeiro";1;"Transferência eletrônica";70922965;53316709;"08/10/2024";"SERVIÇOS DE PRODUÇÃO DE CAMPANHA ELEITORAL";"3371,40"
"28/08/2026";"23:00:17";2024;2;"Ordinária";619;"Eleições Municipais 2024";"06/10/2024";"1";"Final";"29/11/2024";5277252365;"ES";"Outro";"1240921103308";2;"Fundo Especial de Financiamento de Campanha";20260000;"Criação e inclusão de páginas na internet";1;"Financeiro";19;"PIX";70911652;53306209;"11/09/2024";"SERVIÇOS DE TRÁFEGO PAGO";"1500,00"
"28/08/2026";"23:00:17";2024;2;"Ordinária";619;"Eleições Municipais 2024";"06/10/2024";"1";"Final";"29/11/2024";5277252365;"ES";"Outro";"1240920973652";2;"Fundo Especial de Financiamento de Campanha";20260000;"Criação e inclusão de páginas na internet";1;"Financeiro";19;"PIX";70911652;53306210;"11/09/2024";"SERVIÇOS DE TRÁFEGO PAGO";"1500,00"
"28/08/2026";"23:00:17";2024;2;"Ordinária";619;"Eleições Municipais 2024";"06/10/2024";"1";"Final";"04/11/2024";5286822108;"ES";"Outro";"1241025116377";2;"Fundo Especial de Financiamento de Campanha";20800000;"Atividades de militância e mobilização de rua";1;"Financeiro";19;"PIX";65882397;48515618;"04/10/2024";"SERVIÇOS DE MILITANCIA 08H DIÁRIAS";"1000,00"
"28/08/2026";"23:00:17";2024;2;"Ordinária";619;"Eleições Municipais 2024";"06/10/2024";"1";"Final";"03/11/2024";5256706502;"ES";"Outro";"74311417772";2;"Fundo Especial de Financiamento de Campanha";20010000;"Despesas com pessoal";1;"Financeiro";1;"Transferência eletrônica";65692965;48337884;"04/10/2024";"SERVIÇOS DE PANFLETAGEM";"1412,00"
"28/08/2026";"23:00:17";2024;2;"Ordinária";619;"Eleições Municipais 2024";"06/10/2024";"1";"Final";"03/11/2024";5256706502;"ES";"Nota Fiscal";"1241025873075";2;"Fundo Especial de Financiamento de Campanha";20100000;"Combustíveis e lubrificantes";1;"Financeiro";19;"PIX";65692941;48337886;"08/10/2024";"GASOLINA";"2930,03"
"28/08/2026";"23:00:17";2024;2;"Ordinária";619;"Eleições Municipais 2024";"06/10/2024";"1";"Final";"03/11/2024";5256706502;"ES";"Nota Fiscal";"1240921936831";2;"Fundo Especial de Financiamento de Campanha";20110000;"Publicidade por adesivos";1;"Financeiro";19;"PIX";65692943;48337891;"17/09/2024";"ADESIVO FAIXA 64 X11 | ADESIVO PERFURADO 60 X 30 | ADESIVO PERFURADO 65 X 30 | CONFECÇÃO DE ADESIVOS 30CM DIAMETRO";"1085,00"
"28/08/2026";"23:00:17";2024;2;"Ordinária";619;"Eleições Municipais 2024";"06/10/2024";"1";"Final";"01/10/2025";5262590086;"ES";"Cupom Fiscal";"1240924296642";1;"Outros Recursos";20100000;"Combustíveis e lubrificantes";1;"Financeiro";19;"PIX";73011571;55457339;"30/09/2024";"GASOLINA";"100,00"
"28/08/2026";"23:00:17";2024;2;"Ordinária";619;"Eleições Municipais 2024";"06/10/2024";"1";"Final";"02/10/2025";5262590103;"ES";"Cupom Fiscal";"1241025340180";2;"Fundo Especial de Financiamento de Campanha";20100000;"Combustíveis e lubrificantes";1;"Financeiro";19;"PIX";73012788;55461377;"05/10/2024";"GASOLIAN";"166,62"
"28/08/2026";"23:00:17";2024;2;"Ordinária";619;"Eleições Municipais 2024";"06/10/2024";"1";"Final";"01/10/2025";5259798284;"ES";"Cupom Fiscal";"1241025101167";1;"Outros Recursos";20100000;"Combustíveis e lubrificantes";1;"Financeiro";19;"PIX";73011548;55457311;"04/10/2024";"GASOLINA COMUN";"100,00"
"28/08/2026";"23:00:17";2024;2;"Ordinária";619;"Eleições Municipais 2024";"06/10/2024";"1";"Final";"03/11/2024";5256706502;"ES";"Nota Fiscal";"1240922258147";2;"Fundo Especial de Financiamento de Campanha";20100000;"Combustíveis e lubrificantes";1;"Financeiro";19;"PIX";65692938;48337899;"19/09/2024";"GASOLINA";"1077,16"
"28/08/2026";"23:00:17";2024;2;"Ordinária";619;"Eleições Municipais 2024";"06/10/2024";"1";"Final";"04/11/2024";5286822108;"ES";"Outro";"1240923202005";2;"Fundo Especial de Financiamento de Campanha";20800000;"Atividades de militância e mobilização de rua";1;"Financeiro";19;"PIX";65882437;48515595;"25/09/2024";"SERVIÇOS DE MILITANCIA 08 HORAS DIÁRIAS";"1000,00"
"28/08/2026";"23:00:17";2024;2;"Ordinária";619;"Eleições Municipais 2024";"06/10/2024";"1";"Final";"03/11/2024";5256706502;"ES";"Nota Fiscal";"1240921938312";2;"Fundo Especial de Financiamento de Campanha";20110000;"Publicidade por adesivos";1;"Financeiro";19;"PIX";65692960;48337893;"17/08/2024";"ADESIVOS PERFURADOS 70 X 40 CM | ADESIVOS REDONDOS 30 X 30 CM | FAIXA ADESIVO 64 X 11 CM";"1520,00"
"28/08/2026";"23:00:17";2024;2;"Ordinária";619;"Eleições Municipais 2024";"06/10/2024";"1";"Final";"03/11/2024";5256706502;"ES";"Nota Fiscal";"1240923217006";2;"Fundo Especial de Financiamento de Campanha";20110000;"Publicidade por adesivos";1;"Financeiro";19;"PIX";65692964;48337878;"25/09/2024";"ADESIVOS PERFURADOS";"922,50"
"28/08/2026";"23:00:17";2024;2;"Ordinária";619;"Eleições Municipais 2024";"06/10/2024";"1";"Final";"04/11/2024";5286822108;"ES";"Nota Fiscal";"1241025109101";2;"Fundo Especial de Financiamento de Campanha";20160000;"Água";1;"Financeiro";19;"PIX";65882425;48515612;"04/10/2024";"ÁGUA MINERAL PARA PESSOAL CONTRATADO NA CAMPANHA";"300,00"
"28/08/2026";"23:00:17";2024;2;"Ordinária";619;"Eleições Municipais 2024";"06/10/2024";"1";"Final";"14/11/2024";5256706434;"ES";"Nota Fiscal";"1240922423743";1;"Outros Recursos";20110000;"Publicidade por adesivos";1;"Financeiro";19;"PIX";69858954;52300321;"20/09/2024";"ADESIVO PERFURADO";"75,00"
"28/08/2026";"23:00:17";2024;2;"Ordinária";619;"Eleições Municipais 2024";"06/10/2024";"1";"Final";"29/11/2024";5277252365;"ES";"Nota Fiscal";"1240919047422";2;"Fundo Especial de Financiamento de Campanha";20270000;"Diversas a especificar";1;"Financeiro";19;"PIX";70911624;53306151;"01/09/2024";"ALUGUEL DE CADEIRAS | ALUGUEL DE CADEIRAS | ALUGUEL DE MESAS";"490,40"
"28/08/2026";"23:00:17";2024;2;"Ordinária";619;"Eleições Municipais 2024";"06/10/2024";"1";"Final";"29/11/2024";5277252365;"ES";"Nota Fiscal";"1240919048530";2;"Fundo Especial de Financiamento de Campanha";20160000;"Água";1;"Financeiro";19;"PIX";70911641;53306170;"01/09/2024";"AGUA MINERAL PEDRA AZUL 20L | AGUA MINERAL PEDRA AZUL 500ML";"423,50"
"28/08/2026";"23:00:17";2024;2;"Ordinária";619;"Eleições Municipais 2024";"06/10/2024";"1";"Final";"29/11/2024";5277252365;"ES";"Nota Fiscal";"1240919130217";2;"Fundo Especial de Financiamento de Campanha";20160000;"Água";1;"Financeiro";19;"PIX";70911641;53306171;"02/09/2024";"AGUA MINERAL PEDRA AZUL 20L | AGUA MINERAL PEDRA AZUL 500ML";"2,00"
"28/08/2026";"23:00:17";2024;2;"Ordinária";619;"Eleições Municipais 2024";"06/10/2024";"1";"Final";"29/11/2024";5277252365;"ES";"Cupom Fiscal";"1240818457847";2;"Fundo Especial de Financiamento de Campanha";20090000;"Materiais de expediente";1;"Financeiro";19;"PIX";70911618;53306216;"30/08/2024";"CANETA BIC | COLA | COLHER | COLHER | ESCVA SANITARIA | LIXEIRA | PA DE LIXO | PILHA | POTE TRIO BAIIXO | SUPORTE COPO";"752,50"
"28/08/2026";"23:00:17";2024;2;"Ordinária";619;"Eleições Municipais 2024";"06/10/2024";"1";"Final";"15/10/2024";5262590006;"ES";"Outro";"1240920870628";2;"Fundo Especial de Financiamento de Campanha";20010000;"Despesas com pessoal";1;"Financeiro";19;"PIX";61957263;44924899;"10/09/2024";"CABO ELEITORAL";"500,00"
"28/08/2026";"23:00:17";2024;2;"Ordinária";619;"Eleições Municipais 2024";"06/10/2024";"1";"Final";"01/10/2025";5259798278;"ES";"Cupom Fiscal";"1240922853340";1;"Outros Recursos";20100000;"Combustíveis e lubrificantes";1;"Financeiro";19;"PIX";72933443;55373690;"23/09/2024";"GASOLINA ADITIVADA";"125,14"
"28/08/2026";"23:00:17";2024;2;"Ordinária";619;"Eleições Municipais 2024";"06/10/2024";"1";"Final";"01/10/2025";5262590082;"ES";"Nota Fiscal";"1240919569312";1;"Outros Recursos";20100000;"Combustíveis e lubrificantes";1;"Financeiro";19;"PIX";72933490;55373738;"04/09/2024";"COMBUSTIVEL";"50,08"
"28/08/2026";"23:00:17";2024;2;"Ordinária";619;"Eleições Municipais 2024";"06/10/2024";"1";"Final";"01/10/2025";5262590082;"ES";"Nota Fiscal";"1240919568693";1;"Outros Recursos";20100000;"Combustíveis e lubrificantes";1;"Financeiro";19;"PIX";72933490;55373739;"04/09/2024";"COMBUSTIVEL";"70,03"
"28/08/2026";"23:00:17";2024;2;"Ordinária";619;"Eleições Municipais 2024";"06/10/2024";"1";"Final";"29/11/2024";5277252365;"ES";"#NULO";"1240920046752";2;"Fundo Especial de Financiamento de Campanha";20240000;"Doações financeiras a outros candidatos/partidos";1;"Financeiro";19;"PIX";70911662;53306158;"06/09/2024";"#NULO";"1000,00"
"28/08/2026";"23:00:17";2024;2;"Ordinária";619;"Eleições Municipais 2024";"06/10/2024";"1";"Final";"14/10/2024";5262590004;"ES";"Cupom Fiscal";"1240922859566";2;"Fundo Especial de Financiamento de Campanha";20100000;"Combustíveis e lubrificantes";1;"Financeiro";19;"PIX";61783492;44775007;"23/09/2024";"GASOLINA COMUN";"185,01"
"28/08/2026";"23:00:17";2024;2;"Ordinária";619;"Eleições Municipais 2024";"06/10/2024";"1";"Final";"29/11/2024";5277252365;"ES";"#NULO";"1240920973763";2;"Fundo Especial de Financiamento de Campanha";20240000;"Doações financeiras a outros candidatos/partidos";1;"Financeiro";19;"PIX";70911663;53306159;"11/09/2024";"#NULO";"1000,00"
"28/08/2026";"23:00:17";2024;2;"Ordinária";619;"Eleições Municipais 2024";"06/10/2024";"1";"Final";"14/04/2025";5256706494;"ES";"Cupom Fiscal";"1241025121721";2;"Fundo Especial de Financiamento de Campanha";20100000;"Combustíveis e lubrificantes";1;"Financeiro";19;"PIX";72182741;54533694;"04/10/2024";"GASOLINA ADITIVADA";"195,77"
"28/08/2026";"23:00:17";2024;2;"Ordinária";619;"Eleições Municipais 2024";"06/10/2024";"1";"Final";"04/11/2024";5283267239;"ES";"Outro";"1241024673662";1;"Outros Recursos";20420000;"Despesa com Impulsionamento de Conteúdos";1;"Financeiro";19;"PIX";65886317;48519252;"02/10/2024";"CRÉDITO PARA IMPULSIONAMENTO DE CONTEÚDO";"50,00"
"28/08/2026";"23:00:17";2024;2;"Ordinária";619;"Eleições Municipais 2024";"06/10/2024";"1";"Final";"04/11/2024";5286822108;"ES";"Outro";"1240923332306";2;"Fundo Especial de Financiamento de Campanha";20800000;"Atividades de militância e mobilização de rua";1;"Financeiro";19;"PIX";65882392;48515590;"26/09/2024";"SERVIÇOS DE MILITANCIA 08 HORAS DIÁRIAS";"1000,00"
"28/08/2026";"23:00:17";2024;2;"Ordinária";619;"Eleições Municipais 2024";"06/10/2024";"1";"Final";"03/11/2024";5256706502;"ES";"Fatura";"1240923226169";2;"Fundo Especial de Financiamento de Campanha";20420000;"Despesa com Impulsionamento de Conteúdos";1;"Financeiro";19;"PIX";65692953;48337909;"25/09/2024";"IMPULSIONAMENTO DE CAMPANHA";"1000,00"
"28/08/2026";"23:00:17";2024;2;"Ordinária";619;"Eleições Municipais 2024";"06/10/2024";"1";"Final";"29/11/2024";5277252365;"ES";"#NULO";"1240919782532";2;"Fundo Especial de Financiamento de Campanha";20240000;"Doações financeiras a outros candidatos/partidos";1;"Financeiro";19;"PIX";70911610;53306154;"05/09/2024";"#NULO";"1000,00"
"28/08/2026";"23:00:17";2024;2;"Ordinária";619;"Eleições Municipais 2024";"06/10/2024";"1";"Final";"29/11/2024";5277252365;"ES";"Nota Fiscal";"1240919519278";2;"Fundo Especial de Financiamento de Campanha";20150000;"Alimentação";1;"Financeiro";19;"PIX";70911655;53306152;"03/09/2024";"PÃO DE SAL";"222,30"
"28/08/2026";"23:00:17";2024;2;"Ordinária";619;"Eleições Municipais 2024";"06/10/2024";"1";"Final";"20/11/2024";5262590098;"ES";"Nota Fiscal";"1241024838035";2;"Fundo Especial de Financiamento de Campanha";20100000;"Combustíveis e lubrificantes";1;"Financeiro";19;"PIX";70531330;52944387;"03/10/2024";"COMBUSTIVEL";"330,92"
"28/08/2026";"23:00:17";2024;2;"Ordinária";619;"Eleições Municipais 2024";"06/10/2024";"1";"Final";"20/11/2024";5262590098;"ES";"Nota Fiscal";"1240921810318";1;"Outros Recursos";20100000;"Combustíveis e lubrificantes";1;"Financeiro";19;"PIX";70531328;52944386;"16/09/2024";"GASOLINA ADITIVADA | GASOLINA COMUM";"112,80"
"28/08/2026";"23:00:17";2024;2;"Ordinária";619;"Eleições Municipais 2024";"06/10/2024";"1";"Final";"03/11/2024";5256706502;"ES";"Nota Fiscal";"1240921945468";2;"Fundo Especial de Financiamento de Campanha";20270000;"Diversas a especificar";1;"Financeiro";19;"PIX";65692944;48337896;"17/09/2024";"LONA COM ILHÓS 275 X 75 CM";"270,00"
"28/08/2026";"23:00:17";2024;2;"Ordinária";619;"Eleições Municipais 2024";"06/10/2024";"1";"Final";"01/10/2025";5259798278;"ES";"Nota Fiscal";"1241025063533";1;"Outros Recursos";20100000;"Combustíveis e lubrificantes";1;"Financeiro";19;"PIX";72933441;55373693;"04/10/2024";"GASOLINA COMUM";"20,42"
"28/08/2026";"23:00:17";2024;2;"Ordinária";619;"Eleições Municipais 2024";"06/10/2024";"1";"Final";"18/10/2024";5256706348;"ES";"Nota Fiscal";"18230802000153";1;"Outros Recursos";20110000;"Publicidade por adesivos";1;"Financeiro";19;"PIX";62501260;45391172;"10/09/2024";"ADESIVOS DE PAPEL";"300,00"
"28/08/2026";"23:00:17";2024;2;"Ordinária";619;"Eleições Municipais 2024";"06/10/2024";"1";"Final";"14/04/2025";5256706494;"ES";"Cupom Fiscal";"1240923776959";2;"Fundo Especial de Financiamento de Campanha";20100000;"Combustíveis e lubrificantes";1;"Financeiro";19;"PIX";72182743;54533692;"28/09/2024";"GASOLINA ADITIVADA";"150,00"
"28/08/2026";"23:00:17";2024;2;"Ordinária";619;"Eleições Municipais 2024";"06/10/2024";"1";"Final";"04/11/2024";5286822108;"ES";"Nota Fiscal";"1240919692305";2;"Fundo Especial de Financiamento de Campanha";20110000;"Publicidade por adesivos";1;"Financeiro";19;"PIX";65882414;48515553;"04/09/2024";"NF3409 ADESIVOS PERFURADOS 30X70 CM COM VEREADORES";"690,00"
"28/08/2026";"23:00:17";2024;2;"Ordinária";619;"Eleições Municipais 2024";"06/10/2024";"1";"Final";"04/11/2024";5286822108;"ES";"Nota Fiscal";"1240919686518";2;"Fundo Especial de Financiamento de Campanha";20140000;"Publicidade por materiais impressos";1;"Financeiro";19;"PIX";65882371;48515559;"04/09/2024";"NF 3415 IMPRESSOS DE 7,9 X 7,9 CM COM VEREADORES";"4375,00"
"28/08/2026";"23:00:17";2024;2;"Ordinária";619;"Eleições Municipais 2024";"06/10/2024";"1";"Final";"18/10/2024";5256706348;"ES";"Nota Fiscal";"5627369600018";1;"Outros Recursos";20140000;"Publicidade por materiais impressos";1;"Financeiro";19;"PIX";62501259;45391171;"22/08/2024";"COLINHA, ADESIVOS REDONDO, ADESIVO VINIL";"214,00"
"28/08/2026";"23:00:17";2024;2;"Ordinária";619;"Eleições Municipais 2024";"06/10/2024";"1";"Final";"04/11/2024";5286822108;"ES";"Nota Fiscal";"1240919687927";2;"Fundo Especial de Financiamento de Campanha";20110000;"Publicidade por adesivos";1;"Financeiro";19;"PIX";65882416;48515557;"04/09/2024";"NF 3413 ADESIVOS 30X70CM COM VEREADORES";"1610,00"
"28/08/2026";"23:00:17";2024;2;"Ordinária";619;"Eleições Municipais 2024";"06/10/2024";"1";"Final";"01/10/2025";5259798216;"ES";"Nota Fiscal";"1240922281592";1;"Outros Recursos";20140000;"Publicidade por materiais impressos";1;"Financeiro";19;"PIX";73011547;55457310;"19/09/2024";"CONFECÇÃO DE IMPRESSOS 10X7 CM SANTINHOS";"290,00"
"28/08/2026";"23:00:17";2024;2;"Ordinária";619;"Eleições Municipais 2024";"06/10/2024";"1";"Final";"04/11/2024";5286822108;"ES";"Nota Fiscal";"1240920561121";2;"Fundo Especial de Financiamento de Campanha";20120000;"Serviços prestados por terceiros";1;"Financeiro";19;"PIX";65882473;48515571;"09/09/2024";"PRODUÇÃO DE MAT PUBLICITÁRIOS PARA CAND VEREADORES";"12800,00"
"28/08/2026";"23:00:17";2024;2;"Ordinária";619;"Eleições Municipais 2024";"06/10/2024";"1";"Final";"29/11/2024";5277252365;"ES";"Cupom Fiscal";"1240818263642";2;"Fundo Especial de Financiamento de Campanha";20090000;"Materiais de expediente";1;"Financeiro";19;"PIX";70911632;53306168;"29/08/2024";"COMPRA DE MATERIAL PARA O COMITE";"310,00"
"28/08/2026";"23:00:17";2024;2;"Ordinária";619;"Eleições Municipais 2024";"06/10/2024";"1";"Final";"29/11/2024";5277252365;"ES";"Nota Fiscal";"1240919519094";2;"Fundo Especial de Financiamento de Campanha";20110000;"Publicidade por adesivos";1;"Financeiro";19;"PIX";70911620;53306220;"03/09/2024";"PAINEL SUBLIMADO | PAINEL SUBLIMADO | PAINEL SUBLIMADO";"1245,00"
"28/08/2026";"23:00:17";2024;2;"Ordinária";619;"Eleições Municipais 2024";"06/10/2024";"1";"Final";"22/10/2024";5256706345;"ES";"Nota Fiscal";"02";1;"Outros Recursos";20140000;"Publicidade por materiais impressos";1;"Financeiro";0;"Cheque";63004590;45840854;"04/10/2024";"IMPRESSOS COLINHA";"550,00"
"28/08/2026";"23:00:17";2024;2;"Ordinária";619;"Eleições Municipais 2024";"06/10/2024";"1";"Final";"14/04/2025";5256706494;"ES";"Nota Fiscal";"1241024633646";2;"Fundo Especial de Financiamento de Campanha";20100000;"Combustíveis e lubrificantes";1;"Financeiro";19;"PIX";72182740;54533693;"02/10/2024";"GASOLINA COMUM";"250,06"
"28/08/2026";"23:00:17";2024;2;"Ordinária";619;"Eleições Municipais 2024";"06/10/2024";"1";"Final";"14/10/2024";5262590009;"ES";"Cupom Fiscal";"1240923362095";2;"Fundo Especial de Financiamento de Campanha";20100000;"Combustíveis e lubrificantes";1;"Financeiro";19;"PIX";61781616;44774398;"26/09/2024";"GASOLINA TIPO C";"200,01"
"28/08/2026";"23:00:17";2024;2;"Ordinária";619;"Eleições Municipais 2024";"06/10/2024";"1";"Final";"02/10/2025";5262590433;"ES";"Nota Fiscal";"1240924123796";1;"Outros Recursos";20420000;"Despesa com Impulsionamento de Conteúdos";1;"Financeiro";19;"PIX";72934195;55459426;"30/09/2024";"IMPULSIONAMENTOO REFERNETE AO MES DE OUTUBRO";"17,08"
"28/08/2026";"23:00:17";2024;2;"Ordinária";619;"Eleições Municipais 2024";"06/10/2024";"1";"Final";"02/10/2025";5262590433;"ES";"Nota Fiscal";"1211021601836";1;"Outros Recursos";20420000;"Despesa com Impulsionamento de Conteúdos";1;"Financeiro";19;"PIX";72934195;55459427;"02/10/2024";"IMPULSIONAMENTOO REFERNETE AO MES DE OUTUBRO";"200,00"
"28/08/2026";"23:00:17";2024;2;"Ordinária";619;"Eleições Municipais 2024";"06/10/2024";"1";"Final";"31/10/2024";5256706499;"ES";"Nota Fiscal";"3";1;"Outros Recursos";20100000;"Combustíveis e lubrificantes";1;"Financeiro";0;"Cheque";64503717;47235415;"20/09/2024";"GASOLINA COMUM";"200,00"
"28/08/2026";"23:00:17";2024;2;"Ordinária";619;"Eleições Municipais 2024";"06/10/2024";"1";"Final";"29/11/2024";5277252365;"ES";"Cupom Fiscal";"1240921175114";2;"Fundo Especial de Financiamento de Campanha";20100000;"Combustíveis e lubrificantes";1;"Financeiro";19;"PIX";70911656;53306162;"11/09/2024";"GSOLINA";"150,00"
"28/08/2026";"23:00:17";2024;2;"Ordinária";619;"Eleições Municipais 2024";"06/10/2024";"1";"Final";"04/11/2024";5283267239;"ES";"Outro";"1240921394292";1;"Outros Recursos";20420000;"Despesa com Impulsionamento de Conteúdos";1;"Financeiro";19;"PIX";65886313;48519247;"13/09/2024";"IMPULSIONAMENTO DE CONTEÚDO NO FACEBOOK";"52,00"
"28/08/2026";"23:00:17";2024;2;"Ordinária";619;"Eleições Municipais 2024";"06/10/2024";"1";"Final";"02/10/2025";5262590433;"ES";"Nota Fiscal";"1";1;"Outros Recursos";20110000;"Publicidade por adesivos";1;"Financeiro";0;"Cheque";72934192;55459423;"26/08/2024";"CONFECÇÃO 123 ADESIVO PERFURADO 100X50CM";"520,40"
"28/08/2026";"23:00:17";2024;2;"Ordinária";619;"Eleições Municipais 2024";"06/10/2024";"1";"Final";"03/11/2024";5256706502;"ES";"Outro";"07144027700";2;"Fundo Especial de Financiamento de Campanha";20010000;"Despesas com pessoal";1;"Financeiro";1;"Transferência eletrônica";65692949;48337883;"04/10/2024";"SERVIÇOS PRESTADOS DE PANFLETAGEM";"1412,00"
"28/08/2026";"23:00:17";2024;2;"Ordinária";619;"Eleições Municipais 2024";"06/10/2024";"1";"Final";"04/11/2024";5283267239;"ES";"Outro";"1240922454269";1;"Outros Recursos";20420000;"Despesa com Impulsionamento de Conteúdos";1;"Financeiro";19;"PIX";65886311;48519249;"20/09/2024";"CRÉDITO DE IMPULSIONAMENTO FACEBOOK";"30,00"
"28/08/2026";"23:00:17";2024;2;"Ordinária";619;"Eleições Municipais 2024";"06/10/2024";"1";"Final";"20/11/2024";5262590098;"ES";"Nota Fiscal";"1240817419017";1;"Outros Recursos";20110000;"Publicidade por adesivos";1;"Financeiro";19;"PIX";70531329;52944382;"23/08/2024";"02 ADESIVOS 100X10CM | 20 ADESIVOS 30X10CM | 20 PRAGUINHAS 15X15CM | 200 PRAGUINHAS 7X7CM";"272,20"
"28/08/2026";"23:00:17";2024;2;"Ordinária";619;"Eleições Municipais 2024";"06/10/2024";"1";"Final";"16/10/2024";5262590005;"ES";"Nota Fiscal";"1240818689728";1;"Outros Recursos";20110000;"Publicidade por adesivos";1;"Financeiro";19;"PIX";61827740;44810089;"24/08/2024";"IMPRESSÃO EM 150 UNIDADES 7,5X7,5CM";"60,00"
"28/08/2026";"23:00:17";2024;2;"Ordinária";619;"Eleições Municipais 2024";"06/10/2024";"1";"Final";"20/11/2024";5259798225;"ES";"Nota Fiscal";"1240817607771";1;"Outros Recursos";20140000;"Publicidade por materiais impressos";1;"Financeiro";19;"PIX";70526608;52940703;"24/08/2024";"CONFECÇÃODEPANFLETOS";"380,00"
"28/08/2026";"23:00:17";2024;2;"Ordinária";619;"Eleições Municipais 2024";"06/10/2024";"1";"Final";"04/11/2024";5286822108;"ES";"Nota Fiscal";"1240919687667";2;"Fundo Especial de Financiamento de Campanha";20110000;"Publicidade por adesivos";1;"Financeiro";19;"PIX";65882461;48515558;"04/09/2024";"NF 3414 ADESIVOS 30X10CM COM VEREADORES";"980,00"
"28/08/2026";"23:00:17";2024;2;"Ordinária";619;"Eleições Municipais 2024";"06/10/2024";"1";"Final";"04/11/2024";5286822108;"ES";"Outro";"1240922897601";2;"Fundo Especial de Financiamento de Campanha";20800000;"Atividades de militância e mobilização de rua";1;"Financeiro";19;"PIX";65882477;48515587;"23/09/2024";"SERVIÇOS DE MILITANCIA 08 HORAS DIÁRIAS";"1000,00"
"28/08/2026";"23:00:17";2024;2;"Ordinária";619;"Eleições Municipais 2024";"06/10/2024";"1";"Final";"04/11/2024";5286822108;"ES";"Outro";"003";2;"Fundo Especial de Financiamento de Campanha";20800000;"Atividades de militância e mobilização de rua";1;"Financeiro";0;"Cheque";65882453;48515620;"18/09/2024";"SERVIÇOS DE MILITANTE 08 H DIÁRIAS";"1000,00"
"28/08/2026";"23:00:17";2024;2;"Ordinária";619;"Eleições Municipais 2024";"06/10/2024";"1";"Final";"29/11/2024";5277252365;"ES";"Outro";"1240818259629";2;"Fundo Especial de Financiamento de Campanha";20010000;"Despesas com pessoal";1;"Financeiro";19;"PIX";70911667;53306195;"29/08/2024";"PRESTAÇAO DE SERVIÇO DE MARKETING";"930,00"
"28/08/2026";"23:00:17";2024;2;"Ordinária";619;"Eleições Municipais 2024";"06/10/2024";"1";"Final";"29/11/2024";5277252365;"ES";"Outro";"1241024428049";2;"Fundo Especial de Financiamento de Campanha";20010000;"Despesas com pessoal";1;"Financeiro";19;"PIX";70911667;53306196;"02/10/2024";"PRESTAÇAO DE SERVIÇO DE MARKETING";"930,00"
"28/08/2026";"23:00:17";2024;2;"Ordinária";619;"Eleições Municipais 2024";"06/10/2024";"1";"Final";"04/11/2024";5286822108;"ES";"Outro";"1241025117617";2;"Fundo Especial de Financiamento de Campanha";20800000;"Atividades de militância e mobilização de rua";1;"Financeiro";19;"PIX";65882467;48515610;"04/10/2024";"SERVIÇOS DE MILITANCIA 08H DIÁRIAS";"1000,00"
"28/08/2026";"23:00:17";2024;2;"Ordinária";619;"Eleições Municipais 2024";"06/10/2024";"1";"Final";"04/11/2024";5286822108;"ES";"Outro";"1240922898379";2;"Fundo Especial de Financiamento de Campanha";20800000;"Atividades de militância e mobilização de rua";1;"Financeiro";19;"PIX";65882476;48515585;"23/09/2024";"SERVIÇOS DE MILITANCIA 8 HORAS DIÁRIAS";"1000,00"
"28/08/2026";"23:00:17";2024;2;"Ordinária";619;"Eleições Municipais 2024";"06/10/2024";"1";"Final";"15/10/2024";5262590006;"ES";"Outro";"1240919867370";2;"Fundo Especial de Financiamento de Campanha";20010000;"Despesas com pessoal";1;"Financeiro";19;"PIX";61957261;44924900;"05/09/2024";"CONTRATO DE PRESTAÇÃO DE SEVIÇOS ELEITORAIS";"1000,00"
"28/08/2026";"23:00:17";2024;2;"Ordinária";619;"Eleições Municipais 2024";"06/10/2024";"1";"Final";"04/11/2024";5286822108;"ES";"Outro";"1240922899401";2;"Fundo Especial de Financiamento de Campanha";20800000;"Atividades de militância e mobilização de rua";1;"Financeiro";19;"PIX";65882475;48515583;"23/09/2024";"SERVIÇOS DE MILITANCIA 08 HORAS DIÁRIAS";"1000,00"
"28/08/2026";"23:00:17";2024;2;"Ordinária";619;"Eleições Municipais 2024";"06/10/2024";"1";"Final";"04/11/2024";5286822108;"ES";"Outro";"1240922487588";2;"Fundo Especial de Financiamento de Campanha";20800000;"Atividades de militância e mobilização de rua";1;"Financeiro";19;"PIX";65882449;48515586;"20/09/2024";"SERVIÇOS DE MILITANCIA 8HORAS DIÁRIAS";"1000,00"
"28/08/2026";"23:00:17";2024;2;"Ordinária";619;"Eleições Municipais 2024";"06/10/2024";"1";"Final";"04/11/2024";5286822108;"ES";"Outro";"1240922150832";2;"Fundo Especial de Financiamento de Campanha";20800000;"Atividades de militância e mobilização de rua";1;"Financeiro";19;"PIX";65882405;48515577;"18/09/2024";"SERVIÇOS DE MILITANTE DE RUA 08H DIÁRIAS 18 DIAS";"1000,00"
"28/08/2026";"23:00:17";2024;2;"Ordinária";619;"Eleições Municipais 2024";"06/10/2024";"1";"Final";"04/11/2024";5286822108;"ES";"Outro";"1240923322285";2;"Fundo Especial de Financiamento de Campanha";20010000;"Despesas com pessoal";1;"Financeiro";19;"PIX";65882479;48515592;"26/09/2024";"PREST DE SERV ADMIN (COORD DE CAMPANHA) 08H DIÁRIA";"3900,00"
"28/08/2026";"23:00:17";2024;2;"Ordinária";619;"Eleições Municipais 2024";"06/10/2024";"1";"Final";"04/11/2024";5286822108;"ES";"Outro";"1241025115462";2;"Fundo Especial de Financiamento de Campanha";20800000;"Atividades de militância e mobilização de rua";1;"Financeiro";19;"PIX";65882377;48515615;"04/10/2024";"SERVIÇOS DE MILITANCIA 08H DIÁRIAS";"1000,00"
"28/08/2026";"23:00:17";2024;2;"Ordinária";619;"Eleições Municipais 2024";"06/10/2024";"1";"Final";"04/11/2024";5286822108;"ES";"Outro";"04";2;"Fundo Especial de Financiamento de Campanha";20800000;"Atividades de militância e mobilização de rua";1;"Financeiro";0;"Cheque";65882438;48515608;"18/09/2024";"SERVIÇOS DE MILITANCIA 08HORAS DIÁRIAS";"1000,00"
"28/08/2026";"23:00:17";2024;2;"Ordinária";619;"Eleições Municipais 2024";"06/10/2024";"1";"Final";"24/10/2024";5256706366;"ES";"Cupom Fiscal";"7";1;"Outros Recursos";20100000;"Combustíveis e lubrificantes";1;"Financeiro";0;"Cheque";63233331;46052868;"05/10/2024";"GASOLINA COMUM";"170,15"
"28/08/2026";"23:00:17";2024;2;"Ordinária";619;"Eleições Municipais 2024";"06/10/2024";"1";"Final";"02/10/2025";5262590103;"ES";"Cupom Fiscal";"1240818887244";2;"Fundo Especial de Financiamento de Campanha";20100000;"Combustíveis e lubrificantes";1;"Financeiro";19;"PIX";73012789;55461373;"31/08/2024";"GASOLINA";"265,02"
"28/08/2026";"23:00:17";2024;2;"Ordinária";619;"Eleições Municipais 2024";"06/10/2024";"1";"Final";"04/11/2024";5286822108;"ES";"Outro";"1240920145350";2;"Fundo Especial de Financiamento de Campanha";20360002;"Serviços contábeis";1;"Financeiro";19;"PIX";65882418;48515563;"06/09/2024";"PRESTAÇÃO DE SERVIÇOS CONTABEIS AO PREFEITO E VERE";"11500,00"
"28/08/2026";"23:00:17";2024;2;"Ordinária";619;"Eleições Municipais 2024";"06/10/2024";"1";"Final";"29/11/2024";5277252365;"ES";"Nota Fiscal";"1241025119458";2;"Fundo Especial de Financiamento de Campanha";20090000;"Materiais de expediente";1;"Financeiro";19;"PIX";70911613;53306174;"04/10/2024";"CORDAO PPORTA CRACHA CPRESILHA | CORDAO PPORTA CRACHA CPRESILHA PT | CRACHA 10X7 HORIZ SPRESILHA(1045) | ENV C. VISITA 72X108 80G AZ RO | ETIQ.CARTA 1CARR.288 5X200";"258,80"
"28/08/2026";"23:00:17";2024;2;"Ordinária";619;"Eleições Municipais 2024";"06/10/2024";"1";"Final";"29/11/2024";5277252365;"ES";"Nota Fiscal";"1241024347327";2;"Fundo Especial de Financiamento de Campanha";20140000;"Publicidade por materiais impressos";1;"Financeiro";19;"PIX";70911634;53306173;"01/10/2024";"SANTINHOS 4/4 CORES";"1050,00"
"28/08/2026";"23:00:17";2024;2;"Ordinária";619;"Eleições Municipais 2024";"06/10/2024";"1";"Final";"04/11/2024";5286822108;"ES";"Outro";"1241024919756";2;"Fundo Especial de Financiamento de Campanha";20010000;"Despesas com pessoal";1;"Financeiro";19;"PIX";65882378;48515616;"03/10/2024";"SERVIÇOS DE MOTORISTA 08 H DIÁRIAS";"2500,00"
"28/08/2026";"23:00:17";2024;2;"Ordinária";619;"Eleições Municipais 2024";"06/10/2024";"1";"Final";"03/11/2024";5256706502;"ES";"Outro";"1341024921399";2;"Fundo Especial de Financiamento de Campanha";20010000;"Despesas com pessoal";1;"Financeiro";19;"PIX";65692957;48337900;"04/10/2024";"SERVIÇOS PRESTADO DE PANFLETAGEM";"1412,00"
"28/08/2026";"23:00:17";2024;2;"Ordinária";619;"Eleições Municipais 2024";"06/10/2024";"1";"Final";"29/11/2024";5277252365;"ES";"Outro";"1241024425741";2;"Fundo Especial de Financiamento de Campanha";20360001;"Serviços advocatícios";1;"Financeiro";19;"PIX";70911644;53306212;"01/10/2024";"CONTRATO ADVOCATICIO";"17000,00"
"28/08/2026";"23:00:17";2024;2;"Ordinária";619;"Eleições Municipais 2024";"06/10/2024";"1";"Final";"29/11/2024";5277252365;"ES";"Outro";"1240923228368";2;"Fundo Especial de Financiamento de Campanha";20600000;"Cessão ou locação de veículos";1;"Financeiro";19;"PIX";70911617;53306211;"25/09/2024";"VW/SPCAEFOX ANO 2007/2008";"3600,00"
"28/08/2026";"23:00:17";2024;2;"Ordinária";619;"Eleições Municipais 2024";"06/10/2024";"1";"Final";"01/10/2025";5259798229;"ES";"Cupom Fiscal";"1240921143706";1;"Outros Recursos";20100000;"Combustíveis e lubrificantes";1;"Financeiro";19;"PIX";73011261;55457024;"12/09/2024";"GASOLINA";"150,00"
"28/08/2026";"23:00:17";2024;2;"Ordinária";619;"Eleições Municipais 2024";"06/10/2024";"1";"Final";"14/11/2024";5256706434;"ES";"Nota Fiscal";"1241025081535";1;"Outros Recursos";20100000;"Combustíveis e lubrificantes";1;"Financeiro";19;"PIX";69858955;52300323;"04/10/2024";"GASOLINA POWER ADITIVADA";"670,08"
"28/08/2026";"23:00:17";2024;2;"Ordinária";619;"Eleições Municipais 2024";"06/10/2024";"1";"Final";"04/11/2024";5286822108;"ES";"Outro";"1240920719472";2;"Fundo Especial de Financiamento de Campanha";20010000;"Despesas com pessoal";1;"Financeiro";19;"PIX";65882419;48515570;"09/09/2024";"PREST DE SERV ADM E COMUN 06 H DIÁRIAS";"1800,00"
"28/08/2026";"23:00:17";2024;2;"Ordinária";619;"Eleições Municipais 2024";"06/10/2024";"1";"Final";"14/04/2025";5256706494;"ES";"Cupom Fiscal";"1240922770735";2;"Fundo Especial de Financiamento de Campanha";20100000;"Combustíveis e lubrificantes";1;"Financeiro";19;"PIX";72182739;54533691;"22/09/2024";"GASOLINA ADITIVADA";"260,02"
"28/08/2026";"23:00:17";2024;2;"Ordinária";619;"Eleições Municipais 2024";"06/10/2024";"1";"Final";"14/10/2024";5262590004;"ES";"Cupom Fiscal";"1241025230901";2;"Fundo Especial de Financiamento de Campanha";20100000;"Combustíveis e lubrificantes";1;"Financeiro";19;"PIX";61783493;44775011;"04/10/2024";"GASOLINA";"0,03"
"28/08/2026";"23:00:17";2024;2;"Ordinária";619;"Eleições Municipais 2024";"06/10/2024";"1";"Final";"24/10/2024";5256706366;"ES";"Nota Fiscal";"0001";1;"Outros Recursos";20100000;"Combustíveis e lubrificantes";1;"Financeiro";0;"Cheque";63233336;46052866;"09/09/2024";"GASOLINA";"260,00"
"28/08/2026";"23:00:17";2024;2;"Ordinária";619;"Eleições Municipais 2024";"06/10/2024";"1";"Final";"20/11/2024";5262590007;"ES";"Nota Fiscal";"1241024883625";2;"Fundo Especial de Financiamento de Campanha";20100000;"Combustíveis e lubrificantes";1;"Financeiro";19;"PIX";70531203;52944279;"03/10/2024";"GASOLINA";"68,97"
"28/08/2026";"23:00:17";2024;2;"Ordinária";619;"Eleições Municipais 2024";"06/10/2024";"1";"Final";"16/10/2024";5262590005;"ES";"Outro";"1240922414507";2;"Fundo Especial de Financiamento de Campanha";20010000;"Despesas com pessoal";1;"Financeiro";19;"PIX";61827738;44810093;"20/09/2024";"PREST SERVIÇ CABO ELEITORAL";"500,00"
"28/08/2026";"23:00:17";2024;2;"Ordinária";619;"Eleições Municipais 2024";"06/10/2024";"1";"Final";"29/11/2024";5277252365;"ES";"Outro";"1240818260187";2;"Fundo Especial de Financiamento de Campanha";20010000;"Despesas com pessoal";1;"Financeiro";19;"PIX";70911645;53306213;"29/08/2024";"MARKETING";"930,00"
"28/08/2026";"23:00:17";2024;2;"Ordinária";619;"Eleições Municipais 2024";"06/10/2024";"1";"Final";"29/11/2024";5277252365;"ES";"Outro";"1241024429438";2;"Fundo Especial de Financiamento de Campanha";20010000;"Despesas com pessoal";1;"Financeiro";19;"PIX";70911645;53306214;"02/10/2024";"MARKETING";"930,00"
"28/08/2026";"23:00:17";2024;2;"Ordinária";619;"Eleições Municipais 2024";"06/10/2024";"1";"Final";"16/10/2024";5262590095;"ES";"Outro";"1240920031224";2;"Fundo Especial de Financiamento de Campanha";20010000;"Despesas com pessoal";1;"Financeiro";19;"PIX";61986931;44950854;"06/09/2024";"PRESTAÇÃO DE SERVIÇO ELEITORAL";"300,00"
"28/08/2026";"23:00:17";2024;2;"Ordinária";619;"Eleições Municipais 2024";"06/10/2024";"1";"Final";"29/11/2024";5277252365;"ES";"Nota Fiscal";"1240818253706";2;"Fundo Especial de Financiamento de Campanha";20090000;"Materiais de expediente";1;"Financeiro";19;"PIX";70911654;53306150;"29/08/2024";"UNIFORME FUNCIONARIOS COMITE";"600,00"
"28/08/2026";"23:00:17";2024;2;"Ordinária";619;"Eleições Municipais 2024";"06/10/2024";"1";"Final";"24/10/2024";5256706366;"ES";"Nota Fiscal";"06";1;"Outros Recursos";20100000;"Combustíveis e lubrificantes";1;"Financeiro";0;"Cheque";63233330;46052867;"28/09/2024";"GASOLINA COMUM";"213,25"
"28/08/2026";"23:00:17";2024;2;"Ordinária";619;"Eleições Municipais 2024";"06/10/2024";"1";"Final";"29/11/2024";5277252365;"ES";"Outro";"1240920061881";2;"Fundo Especial de Financiamento de Campanha";20010000;"Despesas com pessoal";1;"Financeiro";19;"PIX";70911666;53306192;"09/09/2024";"SERVIÇOS DE SECRETARIA";"90,00"
"28/08/2026";"23:00:17";2024;2;"Ordinária";619;"Eleições Municipais 2024";"06/10/2024";"1";"Final";"29/11/2024";5277252365;"ES";"Outro";"1240818260413";2;"Fundo Especial de Financiamento de Campanha";20010000;"Despesas com pessoal";1;"Financeiro";19;"PIX";70911666;53306193;"29/08/2024";"SERVIÇOS DE SECRETARIA";"1860,00"
"28/08/2026";"23:00:17";2024;2;"Ordinária";619;"Eleições Municipais 2024";"06/10/2024";"1";"Final";"29/11/2024";5277252365;"ES";"Outro";"1241024431623";2;"Fundo Especial de Financiamento de Campanha";20010000;"Despesas com pessoal";1;"Financeiro";19;"PIX";70911666;53306194;"02/10/2024";"SERVIÇOS DE SECRETARIA";"1950,00"
"28/08/2026";"23:00:17";2024;2;"Ordinária";619;"Eleições Municipais 2024";"06/10/2024";"1";"Final";"29/11/2024";5277252365;"ES";"Outro";"1240919521027";2;"Fundo Especial de Financiamento de Campanha";20360002;"Serviços contábeis";1;"Financeiro";19;"PIX";70911626;53306182;"03/09/2024";"SERVIÇOS CONTABEIS";"5800,00"
"28/08/2026";"23:00:17";2024;2;"Ordinária";619;"Eleições Municipais 2024";"06/10/2024";"1";"Final";"29/11/2024";5277252365;"ES";"Outro";"1241024429800";2;"Fundo Especial de Financiamento de Campanha";20360002;"Serviços contábeis";1;"Financeiro";19;"PIX";70911626;53306183;"04/10/2024";"SERVIÇOS CONTABEIS";"5800,00"
"28/08/2026";"23:00:17";2024;2;"Ordinária";619;"Eleições Municipais 2024";"06/10/2024";"1";"Final";"14/04/2025";5256706494;"ES";"Outro";"1241025257125";2;"Fundo Especial de Financiamento de Campanha";20600000;"Cessão ou locação de veículos";1;"Financeiro";19;"PIX";72182742;54533695;"04/10/2024";"LOCAÇAO VW/SAVEIRO CL 1.6 MI ANO 1999 POR 06 DIAS";"300,00"
"28/08/2026";"23:00:17";2024;2;"Ordinária";619;"Eleições Municipais 2024";"06/10/2024";"1";"Final";"16/10/2024";5262590005;"ES";"Nota Fiscal";"1240818230444";1;"Outros Recursos";20140000;"Publicidade por materiais impressos";1;"Financeiro";19;"PIX";61827743;44810087;"28/08/2024";"IMPRESSÃO COLORIDA EM 2.500 TAMANHO 20X28 CM";"1649,20"
"28/08/2026";"23:00:17";2024;2;"Ordinária";619;"Eleições Municipais 2024";"06/10/2024";"1";"Final";"01/10/2025";5259798213;"ES";"Nota Fiscal";"1240919598445";1;"Outros Recursos";20140000;"Publicidade por materiais impressos";1;"Financeiro";19;"PIX";73007673;55456123;"04/09/2024";"CONFECÇÃO DE IMPRESSOS GRÁFICOS 4/4 CORES - 10X7CM";"290,00"
"28/08/2026";"23:00:17";2024;2;"Ordinária";619;"Eleições Municipais 2024";"06/10/2024";"1";"Final";"20/11/2024";5259798225;"ES";"Nota Fiscal";"1240816989908";1;"Outros Recursos";20110000;"Publicidade por adesivos";1;"Financeiro";19;"PIX";70526609;52940702;"20/08/2024";"ADESIVO PARA CAMPANHA";"530,00"
"28/08/2026";"23:00:17";2024;2;"Ordinária";619;"Eleições Municipais 2024";"06/10/2024";"1";"Final";"29/10/2024";5256706336;"ES";"Outro";"1240923773417";2;"Fundo Especial de Financiamento de Campanha";20010000;"Despesas com pessoal";1;"Financeiro";19;"PIX";64177467;46928528;"28/09/2024";"SERVIÇO DE PRODUÇAO DE PUBLICIDADE PARA CAMPANHA";"250,00"
"28/08/2026";"23:00:17";2024;2;"Ordinária";619;"Eleições Municipais 2024";"06/10/2024";"1";"Final";"16/10/2024";5262590005;"ES";"Nota Fiscal";"1240817590010";1;"Outros Recursos";20110000;"Publicidade por adesivos";1;"Financeiro";19;"PIX";61827739;44810088;"24/08/2024";"IMPRESSÃO EM 80 ADESIVOS TAMANHO 0,30X0,30 CM";"307,00"
"28/08/2026";"23:00:17";2024;2;"Ordinária";619;"Eleições Municipais 2024";"06/10/2024";"1";"Final";"03/11/2024";5256706502;"ES";"Outro";"1241026032533";2;"Fundo Especial de Financiamento de Campanha";20600000;"Cessão ou locação de veículos";1;"Financeiro";19;"PIX";65692948;48337887;"09/10/2024";"ALUGUEL VEICULO AUTOMOTIVO RENAULT/KWIND ZEN 10MT";"2000,00"
"28/08/2026";"23:00:17";2024;2;"Ordinária";619;"Eleições Municipais 2024";"06/10/2024";"1";"Final";"04/11/2024";5286822108;"ES";"Outro";"1240922146968";2;"Fundo Especial de Financiamento de Campanha";20800000;"Atividades de militância e mobilização de rua";1;"Financeiro";19;"PIX";65882464;48515578;"18/09/2024";"SERVIÇOS DE MILITANTE 08 H DIÁRIAS 18 DIAS";"1000,00"
"28/08/2026";"23:00:17";2024;2;"Ordinária";619;"Eleições Municipais 2024";"06/10/2024";"1";"Final";"03/11/2024";5256706502;"ES";"Fatura";"1240921356786";2;"Fundo Especial de Financiamento de Campanha";20420000;"Despesa com Impulsionamento de Conteúdos";1;"Financeiro";19;"PIX";65692968;48337908;"13/09/2024";"VALOR REFERENTE IMPULSIONAMENTO DE CAMPANHA";"1000,00"
"28/08/2026";"23:00:17";2024;2;"Ordinária";619;"Eleições Municipais 2024";"06/10/2024";"1";"Final";"29/11/2024";5277252365;"ES";"Outro";"1241024436223";2;"Fundo Especial de Financiamento de Campanha";20010000;"Despesas com pessoal";1;"Financeiro";19;"PIX";70911614;53306189;"02/10/2024";"SERVIÇO DISTRIBUIÇÃO DE SANTINHO";"500,00"
"28/08/2026";"23:00:17";2024;2;"Ordinária";619;"Eleições Municipais 2024";"06/10/2024";"1";"Final";"29/11/2024";5277252365;"ES";"Nota Fiscal";"031702448";1;"Outros Recursos";20420000;"Despesa com Impulsionamento de Conteúdos";1;"Financeiro";6;"Boleto de cobrança";70911621;53306221;"22/08/2024";"IMPUSIONAMENTO REFERNTE AO MES DE AGOSTO";"714,92"
"28/08/2026";"23:00:17";2024;2;"Ordinária";619;"Eleições Municipais 2024";"06/10/2024";"1";"Final";"02/10/2025";5262590103;"ES";"Outro";"1240922145485";2;"Fundo Especial de Financiamento de Campanha";20010000;"Despesas com pessoal";1;"Financeiro";19;"PIX";73012785;55461375;"18/09/2024";"CABO ELEITORAL";"1000,00"
"28/08/2026";"23:00:17";2024;2;"Ordinária";619;"Eleições Municipais 2024";"06/10/2024";"1";"Final";"03/11/2024";5256706502;"ES";"Nota Fiscal";"1240922152096";2;"Fundo Especial de Financiamento de Campanha";20140000;"Publicidade por materiais impressos";1;"Financeiro";19;"PIX";65692950;48337890;"18/09/2024";"PRAGUINHA 7X7 - 4Q0 CORES | SANTINHO  - 10X7 - 4/1 CORES  | SANTINHO PREFEITO X VICE COM COLIGAÇOES 10 X 18";"6030,00"
"28/08/2026";"23:00:17";2024;2;"Ordinária";619;"Eleições Municipais 2024";"06/10/2024";"1";"Final";"29/11/2024";5277252365;"ES";"Outro";"1241024346197";2;"Fundo Especial de Financiamento de Campanha";20010000;"Despesas com pessoal";1;"Financeiro";19;"PIX";70911609;53306184;"01/10/2024";"AUXILIAR DE SERVIÇOS GERAIS";"1200,00"
"28/08/2026";"23:00:17";2024;2;"Ordinária";619;"Eleições Municipais 2024";"06/10/2024";"1";"Final";"04/11/2024";5283267239;"ES";"Outro";"1240923128911";1;"Outros Recursos";20420000;"Despesa com Impulsionamento de Conteúdos";1;"Financeiro";19;"PIX";65886316;48519250;"25/09/2024";"CRÉDITO IMPULSIONAMENTO FACEBOOK";"100,00"
"28/08/2026";"23:00:17";2024;2;"Ordinária";619;"Eleições Municipais 2024";"06/10/2024";"1";"Final";"04/11/2024";5286822108;"ES";"Nota Fiscal";"1241024846499";2;"Fundo Especial de Financiamento de Campanha";20120000;"Serviços prestados por terceiros";1;"Financeiro";19;"PIX";65882483;48515614;"03/10/2024";"SERVIÇOS DE EDIÇÃO E PUBLICAÇÃO DE VÍDEO";"2720,00"
"28/08/2026";"23:00:17";2024;2;"Ordinária";619;"Eleições Municipais 2024";"06/10/2024";"1";"Final";"03/11/2024";5256706502;"ES";"Nota Fiscal";"1240921797259";2;"Fundo Especial de Financiamento de Campanha";20270000;"Diversas a especificar";1;"Financeiro";19;"PIX";65692958;48337877;"16/09/2024";"FORNECIMENTO DE WINDBANNER | FORNEI=CIMENTO DE BANDEIRAS";"4690,00"
"28/08/2026";"23:00:17";2024;2;"Ordinária";619;"Eleições Municipais 2024";"06/10/2024";"1";"Final";"29/11/2024";5277252365;"ES";"Outro";"1240922837185";0;"Fundo Partidário";20360001;"Serviços advocatícios";1;"Financeiro";19;"PIX";70911608;53306180;"23/09/2024";"SERVIÇO ADVOCATICIO";"10000,00"
"28/08/2026";"23:00:17";2024;2;"Ordinária";619;"Eleições Municipais 2024";"06/10/2024";"1";"Final";"29/11/2024";5277252365;"ES";"Outro";"1240923229570";0;"Fundo Partidário";20360001;"Serviços advocatícios";1;"Financeiro";19;"PIX";70911608;53306181;"25/09/2024";"SERVIÇO ADVOCATICIO";"10000,00"
"28/08/2026";"23:00:17";2024;2;"Ordinária";619;"Eleições Municipais 2024";"06/10/2024";"1";"Final";"29/11/2024";5277252365;"ES";"Outro";"1240920048857";2;"Fundo Especial de Financiamento de Campanha";20360001;"Serviços advocatícios";1;"Financeiro";19;"PIX";70911608;53306179;"06/09/2024";"SERVIÇO ADVOCATICIO";"20000,00"
"28/08/2026";"23:00:17";2024;2;"Ordinária";619;"Eleições Municipais 2024";"06/10/2024";"1";"Final";"04/11/2024";5286822108;"ES";"Nota Fiscal";"1240920061641";2;"Fundo Especial de Financiamento de Campanha";20140000;"Publicidade por materiais impressos";1;"Financeiro";19;"PIX";65882462;48515561;"06/09/2024";"30000 PANFLETOS 7X5 CM";"1300,00"
"28/08/2026";"23:00:17";2024;2;"Ordinária";619;"Eleições Municipais 2024";"06/10/2024";"1";"Final";"03/11/2024";5256706502;"ES";"Nota Fiscal";"1340924189149";2;"Fundo Especial de Financiamento de Campanha";20140000;"Publicidade por materiais impressos";1;"Financeiro";19;"PIX";65692939;48337879;"30/09/2024";"DIVULGAÇÃO COM LOCUÇÃO AO VIVO E SONORIZAÇÃO";"3300,00"
"28/08/2026";"23:00:17";2024;2;"Ordinária";619;"Eleições Municipais 2024";"06/10/2024";"1";"Final";"03/11/2024";5256706502;"ES";"Outro";"1241025871164";2;"Fundo Especial de Financiamento de Campanha";20360001;"Serviços advocatícios";1;"Financeiro";19;"PIX";65692942;48337889;"08/10/2024";"PRESTAÇÃO DE SERVIÇOS ADVOCATICIOS CAMPANHA ELEITO";"10000,00"
"28/08/2026";"23:00:17";2024;2;"Ordinária";619;"Eleições Municipais 2024";"06/10/2024";"1";"Final";"03/11/2024";5256706502;"ES";"Outro";"1241024712924";2;"Fundo Especial de Financiamento de Campanha";20360001;"Serviços advocatícios";1;"Financeiro";19;"PIX";65692942;48337888;"02/09/2024";"PRESTAÇÃO DE SERVIÇOS ADVOCATICIOS CAMPANHA ELEITO";"10000,00"
"28/08/2026";"23:00:17";2024;2;"Ordinária";619;"Eleições Municipais 2024";"06/10/2024";"1";"Final";"29/11/2024";5277252365;"ES";"Nota Fiscal";"32663268";2;"Fundo Especial de Financiamento de Campanha";20420000;"Despesa com Impulsionamento de Conteúdos";1;"Financeiro";6;"Boleto de cobrança";70911647;53306222;"13/09/2024";"IMPULSIONAMENTO REFERENTE A OUTUBRO";"641,58"
"28/08/2026";"23:00:17";2024;2;"Ordinária";619;"Eleições Municipais 2024";"06/10/2024";"1";"Final";"01/10/2025";5262590435;"ES";"Outro";"1240921390159";1;"Outros Recursos";20010000;"Despesas com pessoal";1;"Financeiro";19;"PIX";73011254;55457020;"13/09/2024";"PRESTAÇÃO DE SERVIÇOS ELEITORAIS";"50,00"
"28/08/2026";"23:00:17";2024;2;"Ordinária";619;"Eleições Municipais 2024";"06/10/2024";"1";"Final";"04/11/2024";5286822108;"ES";"Outro";"1240922513830";2;"Fundo Especial de Financiamento de Campanha";20800000;"Atividades de militância e mobilização de rua";1;"Financeiro";19;"PIX";65882448;48515581;"20/09/2024";"SERVIÇOS DE MILITÂNCIA 08 HORAS DIÁRIAS";"1000,00"
"28/08/2026";"23:00:17";2024;2;"Ordinária";619;"Eleições Municipais 2024";"06/10/2024";"1";"Final";"04/11/2024";5286822108;"ES";"Nota Fiscal";"1240919691603";2;"Fundo Especial de Financiamento de Campanha";20140000;"Publicidade por materiais impressos";1;"Financeiro";19;"PIX";65882433;48515555;"04/09/2024";"NF 3411 7500 IMPRESSOS COM VEREADORES";"1875,00"
"28/08/2026";"23:00:17";2024;2;"Ordinária";619;"Eleições Municipais 2024";"06/10/2024";"1";"Final";"22/11/2024";5262590091;"ES";"Nota Fiscal";"1240919542017";1;"Outros Recursos";20140000;"Publicidade por materiais impressos";1;"Financeiro";19;"PIX";70635320;53036900;"03/09/2024";"CONFECÇÃO DE IMPRESSOS GRÁFICOS 4/4 CORES - 10X7CM";"290,00"
"28/08/2026";"23:00:17";2024;2;"Ordinária";619;"Eleições Municipais 2024";"06/10/2024";"1";"Final";"29/11/2024";5277252365;"ES";"Nota Fiscal";"1240922838554";2;"Fundo Especial de Financiamento de Campanha";20090000;"Materiais de expediente";1;"Financeiro";19;"PIX";70911669;53306208;"23/09/2024";"CLIPS 3/0 GALVONIZADO CX/50 | CLIPS 4/0 GALVONIZADO CX/50 | FITA ADES.MARROM DUREX 45MMX40 | FITA ADES.TRANSP.48MMX40M | FITA D.FACE PERM.12MMX2MT | FITA D.FACE PERM.12MMX2MT | GRAMPEADOR P/25 FOLHAS METAL | GRAMPO 266 CX5000 COBREADO | PAPEL CENARIO...";"237,60"
"28/08/2026";"23:00:17";2024;2;"Ordinária";619;"Eleições Municipais 2024";"06/10/2024";"1";"Final";"29/11/2024";5277252365;"ES";"Outro";"1241024440082";2;"Fundo Especial de Financiamento de Campanha";20010000;"Despesas com pessoal";1;"Financeiro";19;"PIX";70911627;53306187;"02/10/2024";"DISTRIBUIÇÃO DE SANTINHO";"500,00"
"28/08/2026";"23:00:17";2024;2;"Ordinária";619;"Eleições Municipais 2024";"06/10/2024";"1";"Final";"04/11/2024";5286822108;"ES";"Nota Fiscal";"1240919687357";2;"Fundo Especial de Financiamento de Campanha";20140000;"Publicidade por materiais impressos";1;"Financeiro";19;"PIX";65882415;48515556;"04/09/2024";"NF 3412 IMPRESSOS DE 9X5CM COM VEREADORES";"360,00"
"28/08/2026";"23:00:17";2024;2;"Ordinária";619;"Eleições Municipais 2024";"06/10/2024";"1";"Final";"20/11/2024";5259798225;"ES";"Nota Fiscal";"1240919235716";1;"Outros Recursos";20140000;"Publicidade por materiais impressos";1;"Financeiro";19;"PIX";70526610;52940704;"02/09/2024";"CONFECÇÃO DE IMPRESSO 10X7 CM";"145,00"
"28/08/2026";"23:00:17";2024;2;"Ordinária";619;"Eleições Municipais 2024";"06/10/2024";"1";"Final";"20/11/2024";5259798225;"ES";"Nota Fiscal";"1240817975536";1;"Outros Recursos";20140000;"Publicidade por materiais impressos";1;"Financeiro";19;"PIX";70526610;52940705;"27/08/2024";"CONFECÇÃO DE IMPRESSO 10X7 CM";"145,00"
"28/08/2026";"23:00:17";2024;2;"Ordinária";619;"Eleições Municipais 2024";"06/10/2024";"1";"Final";"29/11/2024";5256706492;"ES";"Cupom Fiscal";"32894825";2;"Fundo Especial de Financiamento de Campanha";20270000;"Diversas a especificar";1;"Financeiro";1;"Transferência eletrônica";70922968;53316710;"19/09/2024";"AQUISIÇÃO DE ENVELOPES | AQUISIÇÃO TINTA CARIMBO";"274,95"
"28/08/2026";"23:00:17";2024;2;"Ordinária";619;"Eleições Municipais 2024";"06/10/2024";"1";"Final";"29/11/2024";5277252365;"ES";"#NULO";"1240921365546";2;"Fundo Especial de Financiamento de Campanha";20240000;"Doações financeiras a outros candidatos/partidos";1;"Financeiro";19;"PIX";70911612;53306166;"13/09/2024";"#NULO";"1000,00"
"28/08/2026";"23:00:17";2024;2;"Ordinária";619;"Eleições Municipais 2024";"06/10/2024";"1";"Final";"03/11/2024";5256706502;"ES";"Outro";"1241024919175";2;"Fundo Especial de Financiamento de Campanha";20010000;"Despesas com pessoal";1;"Financeiro";19;"PIX";65692959;48337880;"04/10/2024";"SERVIÇOS PRESTADOS DE PANFLETAGEM";"1412,00"
"28/08/2026";"23:00:17";2024;2;"Ordinária";619;"Eleições Municipais 2024";"06/10/2024";"1";"Final";"03/11/2024";5256706502;"ES";"Outro";"1241024907218";2;"Fundo Especial de Financiamento de Campanha";20010000;"Despesas com pessoal";1;"Financeiro";19;"PIX";65692947;48337881;"04/10/2024";"SERVIÇOS PRESTADOS DE PANFLETAGEM";"1412,00"
"28/08/2026";"23:00:17";2024;2;"Ordinária";619;"Eleições Municipais 2024";"06/10/2024";"1";"Final";"29/11/2024";5277252365;"ES";"Nota Fiscal";"1240921842540";2;"Fundo Especial de Financiamento de Campanha";20150000;"Alimentação";1;"Financeiro";19;"PIX";70911640;53306169;"16/09/2024";"COFFEE BREAK";"505,49"
"28/08/2026";"23:00:17";2024;2;"Ordinária";619;"Eleições Municipais 2024";"06/10/2024";"1";"Final";"03/11/2024";5256706502;"ES";"Recibo";"1241129986939";2;"Fundo Especial de Financiamento de Campanha";20010000;"Despesas com pessoal";1;"Financeiro";19;"PIX";65692946;48337906;"01/11/2024";"PANFLETAGEM";"159,31"
"28/08/2026";"23:00:17";2024;2;"Ordinária";619;"Eleições Municipais 2024";"06/10/2024";"1";"Final";"31/10/2024";5256706313;"ES";"Outro";"1241025248265";2;"Fundo Especial de Financiamento de Campanha";20600000;"Cessão ou locação de veículos";1;"Financeiro";19;"PIX";64742807;47454976;"04/10/2024";"VW/GOL 1.0 CITY ANO 2013/2014 PARA TRANSPORTE";"1115,00"
"28/08/2026";"23:00:17";2024;2;"Ordinária";619;"Eleições Municipais 2024";"06/10/2024";"1";"Final";"16/10/2024";5262590005;"ES";"Outro";"1240922414620";2;"Fundo Especial de Financiamento de Campanha";20010000;"Despesas com pessoal";1;"Financeiro";19;"PIX";61827737;44810090;"20/09/2024";"PREST SERV CABO ELEITORAL";"500,00"
"28/08/2026";"23:00:17";2024;2;"Ordinária";619;"Eleições Municipais 2024";"06/10/2024";"1";"Final";"20/11/2024";5262590090;"ES";"Nota Fiscal";"1240817329937";1;"Outros Recursos";20110000;"Publicidade por adesivos";1;"Financeiro";19;"PIX";70533740;52946174;"22/08/2024";"10 ADESIVOS PERFURADO 50X30 POLÍTICA | 60 BOLAS VINIL 09X09 POLÍTICA | 60 BOLAS VINIL 15X15 POLÍTICA";"400,00"
"28/08/2026";"23:00:17";2024;2;"Ordinária";619;"Eleições Municipais 2024";"06/10/2024";"1";"Final";"29/11/2024";5277252365;"ES";"Cupom Fiscal";"1240919787226";2;"Fundo Especial de Financiamento de Campanha";20100000;"Combustíveis e lubrificantes";1;"Financeiro";19;"PIX";70911649;53306160;"05/09/2024";"GASOLINA";"150,00"
"28/08/2026";"23:00:17";2024;2;"Ordinária";619;"Eleições Municipais 2024";"06/10/2024";"1";"Final";"29/11/2024";5277252365;"ES";"Cupom Fiscal";"1240920434796";2;"Fundo Especial de Financiamento de Campanha";20100000;"Combustíveis e lubrificantes";1;"Financeiro";19;"PIX";70911664;53306161;"08/09/2024";"GASOLINA";"150,00"
"28/08/2026";"23:00:17";2024;2;"Ordinária";619;"Eleições Municipais 2024";"06/10/2024";"1";"Final";"17/10/2024";5256706284;"ES";"Recibo";"123416299709";2;"Fundo Especial de Financiamento de Campanha";20010000;"Despesas com pessoal";1;"Financeiro";19;"PIX";62286529;45205868;"02/10/2024";"SERVIÇOS DE PRODUÇÃO PUBLICIDADE";"1000,00"
"28/08/2026";"23:00:17";2024;2;"Ordinária";619;"Eleições Municipais 2024";"06/10/2024";"1";"Final";"14/11/2024";5256706368;"ES";"Outro";"4";1;"Outros Recursos";20010000;"Despesas com pessoal";1;"Financeiro";0;"Cheque";69841081;52285014;"04/10/2024";"SERVIÇOS DE PANFLETAGEM EM DIVULGAÇAO DE CAMPANHA";"143,36"
"28/08/2026";"23:00:17";2024;2;"Ordinária";619;"Eleições Municipais 2024";"06/10/2024";"1";"Final";"17/10/2024";5256706282;"ES";"Nota Fiscal";"031727513";1;"Outros Recursos";20110000;"Publicidade por adesivos";1;"Financeiro";1;"Transferência eletrônica";62307874;45225763;"23/08/2024";"ADESIVOS 30 X 30 E ADESIVOS 9 X 9";"1000,00"
"28/08/2026";"23:00:17";2024;2;"Ordinária";619;"Eleições Municipais 2024";"06/10/2024";"1";"Final";"17/10/2024";5256706282;"ES";"Nota Fiscal";"031727431";1;"Outros Recursos";20140000;"Publicidade por materiais impressos";1;"Financeiro";1;"Transferência eletrônica";62307873;45225762;"23/08/2024";"PANFLETOS";"1250,00"
"28/08/2026";"23:00:17";2024;2;"Ordinária";619;"Eleições Municipais 2024";"06/10/2024";"1";"Final";"01/10/2025";5262590082;"ES";"Nota Fiscal";"1240921107721";2;"Fundo Especial de Financiamento de Campanha";20100000;"Combustíveis e lubrificantes";1;"Financeiro";19;"PIX";72933491;55373740;"11/09/2024";"COMBUSTIVEL";"48,00"
"28/08/2026";"23:00:17";2024;2;"Ordinária";619;"Eleições Municipais 2024";"06/10/2024";"1";"Final";"29/11/2024";5277252365;"ES";"Outro";"1241025119294";2;"Fundo Especial de Financiamento de Campanha";20060000;"Publicidade por carros de som";1;"Financeiro";19;"PIX";70911636;53306185;"04/10/2024";"CARRO DE SON UTILIZADO NA CAMINHADA";"500,00"
"28/08/2026";"23:00:17";2024;2;"Ordinária";619;"Eleições Municipais 2024";"06/10/2024";"1";"Final";"04/11/2024";5286822108;"ES";"Outro";"1240922435401";2;"Fundo Especial de Financiamento de Campanha";20800000;"Atividades de militância e mobilização de rua";1;"Financeiro";19;"PIX";65882422;48515580;"20/09/2024";"SERVIÇO DE MILITANTE 08 HORAS DIÁRIAS";"1000,00"
"28/08/2026";"23:00:17";2024;2;"Ordinária";619;"Eleições Municipais 2024";"06/10/2024";"1";"Final";"04/11/2024";5286822108;"ES";"Nota Fiscal";"1240923135749";2;"Fundo Especial de Financiamento de Campanha";20100000;"Combustíveis e lubrificantes";1;"Financeiro";19;"PIX";65882450;48515604;"25/09/2024";"01 LITRO DE ÓLEO LUBRIFICANTE | 358 LITROS DE GASOLINA";"2260,89"
"28/08/2026";"23:00:17";2024;2;"Ordinária";619;"Eleições Municipais 2024";"06/10/2024";"1";"Final";"14/10/2024";5262590009;"ES";"Cupom Fiscal";"1240924202864";2;"Fundo Especial de Financiamento de Campanha";20100000;"Combustíveis e lubrificantes";1;"Financeiro";19;"PIX";61781614;44774400;"30/09/2024";"GASOLIAN TIPO C";"81,89"
"28/08/2026";"23:00:17";2024;2;"Ordinária";619;"Eleições Municipais 2024";"06/10/2024";"1";"Final";"16/10/2024";5262590008;"ES";"Cupom Fiscal";"1240921697169";2;"Fundo Especial de Financiamento de Campanha";20100000;"Combustíveis e lubrificantes";1;"Financeiro";19;"PIX";62154532;45089835;"15/09/2024";"COMBUSTIVEL";"160,00"
"28/08/2026";"23:00:17";2024;2;"Ordinária";619;"Eleições Municipais 2024";"06/10/2024";"1";"Final";"04/11/2024";5286822108;"ES";"Nota Fiscal";"1240923139140";2;"Fundo Especial de Financiamento de Campanha";20110000;"Publicidade por adesivos";1;"Financeiro";19;"PIX";65882396;48515602;"25/09/2024";"ADESIVO MED. 20CM  | ADESIVO MED. 40 X 60 CM  | LONA COMILHOS MED 60X 30CM  | |BANNER COMILHOSMED.50X70";"10545,00"
"28/08/2026";"23:00:17";2024;2;"Ordinária";619;"Eleições Municipais 2024";"06/10/2024";"1";"Final";"29/11/2024";5277252365;"ES";"Cupom Fiscal";"1240922774124";2;"Fundo Especial de Financiamento de Campanha";20100000;"Combustíveis e lubrificantes";1;"Financeiro";19;"PIX";70911651;53306204;"22/09/2024";"GASOLINA COMUN";"200,00"
"28/08/2026";"23:00:17";2024;2;"Ordinária";619;"Eleições Municipais 2024";"06/10/2024";"1";"Final";"01/10/2025";5259798278;"ES";"Cupom Fiscal";"28473494000140";1;"Outros Recursos";20100000;"Combustíveis e lubrificantes";1;"Financeiro";19;"PIX";72933446;55373687;"05/09/2024";"GASOLINA";"240,15"
"28/08/2026";"23:00:17";2024;2;"Ordinária";619;"Eleições Municipais 2024";"06/10/2024";"1";"Final";"24/10/2024";5256706366;"ES";"Nota Fiscal";"002";1;"Outros Recursos";20110000;"Publicidade por adesivos";1;"Financeiro";0;"Cheque";63233334;46052865;"09/09/2024";"ADESIVO PERFURADO 65 X 30 | ADESIVO REDONDO";"66,60"
"28/08/2026";"23:00:17";2024;2;"Ordinária";619;"Eleições Municipais 2024";"06/10/2024";"1";"Final";"14/11/2024";5256706368;"ES";"Cupom Fiscal";"3";1;"Outros Recursos";20100000;"Combustíveis e lubrificantes";1;"Financeiro";0;"Cheque";69841079;52285015;"04/10/2024";"GASOLINA ADITIVADA";"250,04"
"28/08/2026";"23:00:17";2024;2;"Ordinária";619;"Eleições Municipais 2024";"06/10/2024";"1";"Final";"14/10/2024";5262590004;"ES";"Nota Fiscal";"1240919575418";1;"Outros Recursos";20140000;"Publicidade por materiais impressos";1;"Financeiro";19;"PIX";61783496;44775005;"04/09/2024";"IMPRESSOS - SANTÃO - TAMANHO 10X15 COLORIDO F/V";"460,00"
"28/08/2026";"23:00:17";2024;2;"Ordinária";619;"Eleições Municipais 2024";"06/10/2024";"1";"Final";"29/11/2024";5277252365;"ES";"Cupom Fiscal";"1241025121669";2;"Fundo Especial de Financiamento de Campanha";20090000;"Materiais de expediente";1;"Financeiro";19;"PIX";70911642;53306188;"04/10/2024";"CHAMEQUINHO A4";"88,34"
"28/08/2026";"23:00:17";2024;2;"Ordinária";619;"Eleições Municipais 2024";"06/10/2024";"1";"Final";"20/11/2024";5262590098;"ES";"Nota Fiscal";"1240818150850";1;"Outros Recursos";20140000;"Publicidade por materiais impressos";1;"Financeiro";19;"PIX";70531325;52944383;"25/08/2024";"CONFECÇÃO DE 06 BANDEIRAS";"165,00"
"28/08/2026";"23:00:17";2024;2;"Ordinária";619;"Eleições Municipais 2024";"06/10/2024";"1";"Final";"22/10/2024";5283267130;"ES";"Nota Fiscal";"033489961";1;"Outros Recursos";20110000;"Publicidade por adesivos";1;"Financeiro";1;"Transferência eletrônica";62912506;45754724;"04/10/2024";"IMPRESSÃO DE ADESIVOS - PRAGUINHAS/PERFURADO/VINIL";"351,00"
"28/08/2026";"23:00:17";2024;2;"Ordinária";619;"Eleições Municipais 2024";"06/10/2024";"1";"Final";"17/10/2024";5256706282;"ES";"Nota Fiscal";"002";1;"Outros Recursos";20270000;"Diversas a especificar";1;"Financeiro";0;"Cheque";62307872;45225766;"02/10/2024";"CONFECÇÃO DE BANDEIRAS EM T4ECIDO TAM 60 X 30";"600,00"
"28/08/2026";"23:00:17";2024;2;"Ordinária";619;"Eleições Municipais 2024";"06/10/2024";"1";"Final";"01/10/2025";5259798278;"ES";"Cupom Fiscal";"1240923516910";1;"Outros Recursos";20100000;"Combustíveis e lubrificantes";1;"Financeiro";19;"PIX";72933444;55373691;"27/09/2024";"GASOLINA COMUN";"290,10"
"28/08/2026";"23:00:17";2024;2;"Ordinária";619;"Eleições Municipais 2024";"06/10/2024";"1";"Final";"01/10/2025";5262590434;"ES";"Nota Fiscal";"1240921428362";2;"Fundo Especial de Financiamento de Campanha";20110000;"Publicidade por adesivos";1;"Financeiro";19;"PIX";72933403;55373648;"13/09/2024";"SERVIÇO DE CONFECÇÃO DE ADESIVOS";"105,00"
"28/08/2026";"23:00:17";2024;2;"Ordinária";619;"Eleições Municipais 2024";"06/10/2024";"1";"Final";"16/10/2024";5262590008;"ES";"Nota Fiscal";"1240920657915";2;"Fundo Especial de Financiamento de Campanha";20110000;"Publicidade por adesivos";1;"Financeiro";19;"PIX";62154533;45089834;"09/09/2024";"05 ADESIVOS PERFURADOS 50X30CM | 05 UNIDADES 50X30CM | CONFECÇÃO 05 ADESIVOS 20X20CM";"193,00"
"28/08/2026";"23:00:17";2024;2;"Ordinária";619;"Eleições Municipais 2024";"06/10/2024";"1";"Final";"01/10/2025";5262590435;"ES";"Nota Fiscal";"1240920976513";1;"Outros Recursos";20100000;"Combustíveis e lubrificantes";1;"Financeiro";19;"PIX";73011256;55457015;"11/09/2024";"GASOLINA";"50,00"
"28/08/2026";"23:00:17";2024;2;"Ordinária";619;"Eleições Municipais 2024";"06/10/2024";"1";"Final";"20/11/2024";5262590007;"ES";"Cupom Fiscal";"1240922430165";2;"Fundo Especial de Financiamento de Campanha";20100000;"Combustíveis e lubrificantes";1;"Financeiro";19;"PIX";70531204;52944276;"20/09/2024";"GASOLINA";"187,00"
"28/08/2026";"23:00:17";2024;2;"Ordinária";619;"Eleições Municipais 2024";"06/10/2024";"1";"Final";"14/10/2024";5262590004;"ES";"Nota Fiscal";"1240919471924";1;"Outros Recursos";20140000;"Publicidade por materiais impressos";1;"Financeiro";19;"PIX";61783490;44775004;"03/09/2024";"30 ADESIVOS 30X15CM";"168,00"
"28/08/2026";"23:00:17";2024;2;"Ordinária";619;"Eleições Municipais 2024";"06/10/2024";"1";"Final";"22/10/2024";5256706345;"ES";"Cupom Fiscal";"04";1;"Outros Recursos";20100000;"Combustíveis e lubrificantes";1;"Financeiro";0;"Cheque";63004588;45840856;"06/10/2024";"GASOLINA COMUM";"80,23"
"28/08/2026";"23:00:17";2024;2;"Ordinária";619;"Eleições Municipais 2024";"06/10/2024";"1";"Final";"01/10/2025";5262590435;"ES";"Outro";"1240920968071";1;"Outros Recursos";20010000;"Despesas com pessoal";1;"Financeiro";19;"PIX";73011255;55457018;"11/09/2024";"CABO ELEITORAL";"50,00"
"28/08/2026";"23:00:17";2024;2;"Ordinária";619;"Eleições Municipais 2024";"06/10/2024";"1";"Final";"01/10/2025";5262590435;"ES";"Outro";"1240921856470";1;"Outros Recursos";20010000;"Despesas com pessoal";1;"Financeiro";19;"PIX";73011255;55457019;"16/09/2024";"CABO ELEITORAL";"50,00"
"28/08/2026";"23:00:17";2024;2;"Ordinária";619;"Eleições Municipais 2024";"06/10/2024";"1";"Final";"16/10/2024";5262590095;"ES";"Nota Fiscal";"1240922749854";2;"Fundo Especial de Financiamento de Campanha";20100000;"Combustíveis e lubrificantes";1;"Financeiro";19;"PIX";61986936;44950857;"22/09/2024";"GASOLINA";"200,04"
"28/08/2026";"23:00:17";2024;2;"Ordinária";619;"Eleições Municipais 2024";"06/10/2024";"1";"Final";"16/10/2024";5262590095;"ES";"Nota Fiscal";"1240920017487";2;"Fundo Especial de Financiamento de Campanha";20110000;"Publicidade por adesivos";1;"Financeiro";19;"PIX";61986934;44950852;"06/09/2024";"04 ADESIVOS PERFURADOS 60X30CM | 15 ADESIVOS PERFURADOS50CMX25CM | 5000 SANTINHOS, | CONFECÇÃO DE 100 PRAGUINHAS,";"1236,00"
"28/08/2026";"23:00:17";2024;2;"Ordinária";619;"Eleições Municipais 2024";"06/10/2024";"1";"Final";"20/11/2024";5262590098;"ES";"Nota Fiscal";"1240920986123";2;"Fundo Especial de Financiamento de Campanha";20110000;"Publicidade por adesivos";1;"Financeiro";19;"PIX";70531327;52944385;"11/09/2024";"CONFECÇÃO DE 100 PRAGUINHAS";"144,00"
"28/08/2026";"23:00:17";2024;2;"Ordinária";619;"Eleições Municipais 2024";"06/10/2024";"1";"Final";"20/11/2024";5259798163;"ES";"Nota Fiscal";"1240816879063";1;"Outros Recursos";20110000;"Publicidade por adesivos";1;"Financeiro";19;"PIX";70527123;52941291;"19/08/2024";"CONFECÇÃO DE 45 ADESIVOS";"378,00"
"28/08/2026";"23:00:17";2024;2;"Ordinária";619;"Eleições Municipais 2024";"06/10/2024";"1";"Final";"29/11/2024";5277252365;"ES";"Nota Fiscal";"1241025117685";2;"Fundo Especial de Financiamento de Campanha";20140000;"Publicidade por materiais impressos";1;"Financeiro";19;"PIX";70911635;53306176;"04/10/2024";"SERVIÇO DE CONFECÇÃO DE 50 BANDEIRAS 100X0,50C";"1250,00"
"28/08/2026";"23:00:17";2024;2;"Ordinária";619;"Eleições Municipais 2024";"06/10/2024";"1";"Final";"04/11/2024";5286822108;"ES";"Outro";"1240920158336";2;"Fundo Especial de Financiamento de Campanha";20600000;"Cessão ou locação de veículos";1;"Financeiro";19;"PIX";65882372;48515566;"06/09/2024";"LOCAÇÃO DE VEÍCULO FIAT UNO PLACA MIC 7H81";"3368,00"
"28/08/2026";"23:00:17";2024;2;"Ordinária";619;"Eleições Municipais 2024";"06/10/2024";"1";"Final";"04/11/2024";5286822108;"ES";"Outro";"001";2;"Fundo Especial de Financiamento de Campanha";20040000;"Locação/cessão de bens imóveis";1;"Financeiro";0;"Cheque";65882389;48515573;"16/09/2024";"LOC DE IMÓVEL PARA COMITÊ CENTRAL DE CAMPANHA";"2200,00"
"28/08/2026";"23:00:17";2024;2;"Ordinária";619;"Eleições Municipais 2024";"06/10/2024";"1";"Final";"01/10/2025";5262590435;"ES";"Outro";"1240920879629";1;"Outros Recursos";20260000;"Criação e inclusão de páginas na internet";1;"Financeiro";19;"PIX";73011257;55457017;"10/09/2024";"CONTRATO DE MARKETING";"80,00"
"28/08/2026";"23:00:17";2024;2;"Ordinária";619;"Eleições Municipais 2024";"06/10/2024";"1";"Final";"29/11/2024";5277252365;"ES";"Outro";"1240920061705";2;"Fundo Especial de Financiamento de Campanha";20010000;"Despesas com pessoal";1;"Financeiro";19;"PIX";70911643;53306197;"09/09/2024";"SERVIÇOS GERAIS";"600,00"
"28/08/2026";"23:00:17";2024;2;"Ordinária";619;"Eleições Municipais 2024";"06/10/2024";"1";"Final";"29/11/2024";5277252365;"ES";"Outro";"1241024428939";2;"Fundo Especial de Financiamento de Campanha";20010000;"Despesas com pessoal";1;"Financeiro";19;"PIX";70911643;53306198;"02/10/2024";"SERVIÇOS GERAIS";"1000,00"
"28/08/2026";"23:00:17";2024;2;"Ordinária";619;"Eleições Municipais 2024";"06/10/2024";"1";"Final";"29/11/2024";5277252365;"ES";"Nota Fiscal";"1240919050123";2;"Fundo Especial de Financiamento de Campanha";20400000;"Pré-instalação física de comitê de campanha";1;"Financeiro";19;"PIX";70911622;53306145;"01/09/2024";"DECORAÇÃO DE COMITÊ.";"814,00"
"28/08/2026";"23:00:17";2024;2;"Ordinária";619;"Eleições Municipais 2024";"06/10/2024";"1";"Final";"04/11/2024";5286822108;"ES";"Outro";"1240920151453";2;"Fundo Especial de Financiamento de Campanha";20600000;"Cessão ou locação de veículos";1;"Financeiro";19;"PIX";65882434;48515565;"06/09/2024";"LOCAÇÃO DE VEÍCULO PARA USO DO CANDIDATO";"4000,00"
"28/08/2026";"23:00:17";2024;2;"Ordinária";619;"Eleições Municipais 2024";"06/10/2024";"1";"Final";"14/11/2024";5256706368;"ES";"Nota Fiscal";"2";1;"Outros Recursos";20110000;"Publicidade por adesivos";1;"Financeiro";0;"Cheque";69841082;52285012;"20/09/2024";"ADESIVO PERFURADO | ADESIVO REDONDO";"106,60"
"28/08/2026";"23:00:17";2024;2;"Ordinária";619;"Eleições Municipais 2024";"06/10/2024";"1";"Final";"16/10/2024";5262590005;"ES";"Nota Fiscal";"1241025329903";2;"Fundo Especial de Financiamento de Campanha";20100000;"Combustíveis e lubrificantes";1;"Financeiro";19;"PIX";61827744;44810094;"05/10/2024";"GASOLIAN COMUN";"255,53"
"28/08/2026";"23:00:17";2024;2;"Ordinária";619;"Eleições Municipais 2024";"06/10/2024";"1";"Final";"02/10/2025";5262590103;"ES";"Nota Fiscal";"1240919399727";2;"Fundo Especial de Financiamento de Campanha";20140000;"Publicidade por materiais impressos";1;"Financeiro";19;"PIX";73012787;55461372;"03/09/2024";"10 ADESIVO PERFURADO 50X30CM | 100 ADESIVOS 9X9CM POLITÍCA";"19,00"
"28/08/2026";"23:00:17";2024;2;"Ordinária";619;"Eleições Municipais 2024";"06/10/2024";"1";"Final";"02/10/2025";5262590103;"ES";"Nota Fiscal";"1240919399385";1;"Outros Recursos";20140000;"Publicidade por materiais impressos";1;"Financeiro";19;"PIX";73012787;55461371;"03/09/2024";"10 ADESIVO PERFURADO 50X30CM | 100 ADESIVOS 9X9CM POLITÍCA";"300,00"
"28/08/2026";"23:00:17";2024;2;"Ordinária";619;"Eleições Municipais 2024";"06/10/2024";"1";"Final";"04/11/2024";5286822108;"ES";"Nota Fiscal";"1240919345444";2;"Fundo Especial de Financiamento de Campanha";20120000;"Serviços prestados por terceiros";1;"Financeiro";19;"PIX";65882370;48515551;"03/09/2024";"SERVIÇOS DE FILMAGEM E EDIÇÃO DE MIDIA DE CAMPANHA";"450,00"
"28/08/2026";"23:00:17";2024;2;"Ordinária";619;"Eleições Municipais 2024";"06/10/2024";"1";"Final";"29/11/2024";5277252365;"ES";"Nota Fiscal";"1240818262324";2;"Fundo Especial de Financiamento de Campanha";20110000;"Publicidade por adesivos";1;"Financeiro";19;"PIX";70911646;53306215;"29/08/2024";"1.000 ADESIVOS 09X09CM VINIL";"688,00"
"28/08/2026";"23:00:17";2024;2;"Ordinária";619;"Eleições Municipais 2024";"06/10/2024";"1";"Final";"01/10/2025";5259798278;"ES";"Nota Fiscal";"19075339000185";1;"Outros Recursos";20110000;"Publicidade por adesivos";1;"Financeiro";19;"PIX";72933442;55373688;"13/09/2024";"CONFECÇÃO 04 ADESIVOS 50X30CM";"54,00"
"28/08/2026";"23:00:17";2024;2;"Ordinária";619;"Eleições Municipais 2024";"06/10/2024";"1";"Final";"01/10/2025";5262590086;"ES";"Nota Fiscal";"1240817326566";1;"Outros Recursos";20110000;"Publicidade por adesivos";1;"Financeiro";19;"PIX";73011572;55457337;"22/08/2024";"04 ADESIVOS PARA BRISA | 04 BANDEIRAS DE PANO | CONFECÇÃO 20 PRAGUINHAS";"381,00"
"28/08/2026";"23:00:17";2024;2;"Ordinária";619;"Eleições Municipais 2024";"06/10/2024";"1";"Final";"03/11/2024";5256706502;"ES";"Nota Fiscal";"1240921941698";2;"Fundo Especial de Financiamento de Campanha";20270000;"Diversas a especificar";1;"Financeiro";19;"PIX";65692937;48337894;"17/09/2024";"BANDEIRA EM TAFETA 100 X 70CM SUBLIMAÇÃO TOTAL";"1032,00"
"28/08/2026";"23:00:17";2024;2;"Ordinária";619;"Eleições Municipais 2024";"06/10/2024";"1";"Final";"29/11/2024";5277252365;"ES";"Nota Fiscal";"1240920976660";2;"Fundo Especial de Financiamento de Campanha";20140000;"Publicidade por materiais impressos";1;"Financeiro";19;"PIX";70911611;53306165;"11/09/2024";"CONFECÇÃO QUE IMPRESSOS 15X20 CM";"1150,00"
"28/08/2026";"23:00:17";2024;2;"Ordinária";619;"Eleições Municipais 2024";"06/10/2024";"1";"Final";"14/11/2024";5256706368;"ES";"Nota Fiscal";"1";1;"Outros Recursos";20140000;"Publicidade por materiais impressos";1;"Financeiro";0;"Cheque";69841080;52285013;"20/09/2024";"SANTINHO";"500,00"
"28/08/2026";"23:00:17";2024;2;"Ordinária";619;"Eleições Municipais 2024";"06/10/2024";"1";"Final";"22/11/2024";5262590091;"ES";"Nota Fiscal";"1240818159640";1;"Outros Recursos";20140000;"Publicidade por materiais impressos";1;"Financeiro";1;"Transferência eletrônica";70635327;53036905;"28/08/2024";"10 ADESIVOS 100X10CM | CONFECÇÃO 15 ADESIVOS 30X50CM";"270,00"
"28/08/2026";"23:00:17";2024;2;"Ordinária";619;"Eleições Municipais 2024";"06/10/2024";"1";"Final";"20/11/2024";5262590007;"ES";"Nota Fiscal";"1240816818942";1;"Outros Recursos";20110000;"Publicidade por adesivos";1;"Financeiro";19;"PIX";70531198;52944273;"19/08/2024";"ADESIVO | SANTÃO";"500,00"
"28/08/2026";"23:00:17";2024;2;"Ordinária";619;"Eleições Municipais 2024";"06/10/2024";"1";"Final";"22/11/2024";5262590091;"ES";"Nota Fiscal";"1240921225226";2;"Fundo Especial de Financiamento de Campanha";20110000;"Publicidade por adesivos";1;"Financeiro";19;"PIX";70635323;53036902;"12/09/2024";"CONFECÇÃO DE 210 PRAGUINHAS";"140,00"
"28/08/2026";"23:00:17";2024;2;"Ordinária";619;"Eleições Municipais 2024";"06/10/2024";"1";"Final";"03/11/2024";5256706502;"ES";"Nota Fiscal";"12410250811114";2;"Fundo Especial de Financiamento de Campanha";20130000;"Publicidade por jornais e revistas";1;"Financeiro";19;"PIX";65692952;48337902;"04/10/2024";"ANUNCIO EDIÇÃO 22 JORNAL FOLHA DA CIDADE PAG 10";"2950,00"
"28/08/2026";"23:00:17";2024;2;"Ordinária";619;"Eleições Municipais 2024";"06/10/2024";"1";"Final";"03/11/2024";5256706502;"ES";"Nota Fiscal";"33503282";2;"Fundo Especial de Financiamento de Campanha";20270000;"Diversas a especificar";1;"Financeiro";1;"Transferência eletrônica";65692961;48337903;"04/10/2024";"CAMPANHA PUBLICIDADE";"30000,00"
"28/08/2026";"23:00:17";2024;2;"Ordinária";619;"Eleições Municipais 2024";"06/10/2024";"1";"Final";"14/04/2025";5256706494;"ES";"Outro";"1241027710952";2;"Fundo Especial de Financiamento de Campanha";20600000;"Cessão ou locação de veículos";1;"Financeiro";19;"PIX";72182738;54533696;"19/10/2024";"LOCAÇAO FORD/RANGER XLS 10A ANO 2012 POR 06 DIAS";"344,15"
"28/08/2026";"23:00:17";2024;2;"Ordinária";619;"Eleições Municipais 2024";"06/10/2024";"1";"Final";"04/11/2024";5286822108;"ES";"Outro";"1240922148254";2;"Fundo Especial de Financiamento de Campanha";20190000;"Pesquisas ou testes eleitorais";1;"Financeiro";19;"PIX";65882421;48515579;"18/09/2024";"SERVIÇOS DE PESQUISA DE OPINIÃO PUBL EM ALFREDO CH";"10000,00"
"28/08/2026";"23:00:17";2024;2;"Ordinária";619;"Eleições Municipais 2024";"06/10/2024";"1";"Final";"29/10/2024";5256706336;"ES";"Outro";"1240923591353";2;"Fundo Especial de Financiamento de Campanha";20010000;"Despesas com pessoal";1;"Financeiro";19;"PIX";64177470;46928526;"27/09/2024";"SERVIÇO DE PANFLETAGEM PARA DIVULGAÇAO DE CAMPANHA";"1000,00"
"28/08/2026";"23:00:17";2024;2;"Ordinária";619;"Eleições Municipais 2024";"06/10/2024";"1";"Final";"03/11/2024";5256706502;"ES";"Nota Fiscal";"1240921935719";2;"Fundo Especial de Financiamento de Campanha";20130000;"Publicidade por jornais e revistas";1;"Financeiro";19;"PIX";65692955;48337895;"17/09/2024";"VEICULAÇÃO DE ANUNCIO NO JORNAL DA CIDADE ED 231";"1490,00"
"28/08/2026";"23:00:17";2024;2;"Ordinária";619;"Eleições Municipais 2024";"06/10/2024";"1";"Final";"03/11/2024";5256706502;"ES";"Nota Fiscal";"1241025540808";2;"Fundo Especial de Financiamento de Campanha";20270000;"Diversas a especificar";1;"Financeiro";19;"PIX";65692966;48337885;"06/10/2024";"CONTRATAÇÃO DE MARKETING DE CAMPANHA";"9650,00"
"28/08/2026";"23:00:17";2024;2;"Ordinária";619;"Eleições Municipais 2024";"06/10/2024";"1";"Final";"16/10/2024";5262590095;"ES";"Cupom Fiscal";"1240924268808";2;"Fundo Especial de Financiamento de Campanha";20100000;"Combustíveis e lubrificantes";1;"Financeiro";19;"PIX";61986932;44950858;"30/09/2024";"GASOLINA ADITIVADA";"150,07"
"28/08/2026";"23:00:17";2024;2;"Ordinária";619;"Eleições Municipais 2024";"06/10/2024";"1";"Final";"17/10/2024";5256706282;"ES";"Nota Fiscal";"003";1;"Outros Recursos";20100000;"Combustíveis e lubrificantes";1;"Financeiro";0;"Cheque";62307877;45225767;"03/10/2024";"GASOLINA ADITIVADA V POWER";"300,00"
"28/08/2026";"23:00:17";2024;2;"Ordinária";619;"Eleições Municipais 2024";"06/10/2024";"1";"Final";"01/10/2025";5259798229;"ES";"Cupom Fiscal";"1240919770679";1;"Outros Recursos";20100000;"Combustíveis e lubrificantes";1;"Financeiro";19;"PIX";73011260;55457023;"05/09/2024";"GASOLINA";"200,00"
"28/08/2026";"23:00:17";2024;2;"Ordinária";619;"Eleições Municipais 2024";"06/10/2024";"1";"Final";"29/11/2024";5277252365;"ES";"Nota Fiscal";"1240919129219";2;"Fundo Especial de Financiamento de Campanha";20140000;"Publicidade por materiais impressos";1;"Financeiro";19;"PIX";70911623;53306146;"02/09/2024";"SANTINHOS 4/4 CORES";"1475,00"
"28/08/2026";"23:00:17";2024;2;"Ordinária";619;"Eleições Municipais 2024";"06/10/2024";"1";"Final";"24/10/2024";5256706366;"ES";"Nota Fiscal";"005";1;"Outros Recursos";20110000;"Publicidade por adesivos";1;"Financeiro";0;"Cheque";63233335;46052869;"24/09/2024";"ADESIVOS";"20,00"
"28/08/2026";"23:00:17";2024;2;"Ordinária";619;"Eleições Municipais 2024";"06/10/2024";"1";"Final";"03/11/2024";5256706502;"ES";"Outro";"1240922989951";2;"Fundo Especial de Financiamento de Campanha";20040000;"Locação/cessão de bens imóveis";1;"Financeiro";19;"PIX";65692963;48337907;"24/09/2024";"ALUGUEL DE ESPAÇO PARA REUNIAO POLITICA COM A COMU";"250,00"
"28/08/2026";"23:00:17";2024;2;"Ordinária";619;"Eleições Municipais 2024";"06/10/2024";"1";"Final";"31/10/2024";5256706499;"ES";"Nota Fiscal";"001";1;"Outros Recursos";20100000;"Combustíveis e lubrificantes";1;"Financeiro";0;"Cheque";64503715;47235418;"28/08/2024";"GASOLINA COMUM";"200,00"
"28/08/2026";"23:00:17";2024;2;"Ordinária";619;"Eleições Municipais 2024";"06/10/2024";"1";"Final";"04/11/2024";5286822108;"ES";"Nota Fiscal";"1240920151072";2;"Fundo Especial de Financiamento de Campanha";20140000;"Publicidade por materiais impressos";1;"Financeiro";19;"PIX";65882463;48515569;"06/09/2024";"IMPRESSÃO EM LONA 2,5 X 1,6 M";"500,00"
"28/08/2026";"23:00:17";2024;2;"Ordinária";619;"Eleições Municipais 2024";"06/10/2024";"1";"Final";"29/11/2024";5277252365;"ES";"Cupom Fiscal";"1240818270835";2;"Fundo Especial de Financiamento de Campanha";20090000;"Materiais de expediente";1;"Financeiro";19;"PIX";70911650;53306163;"29/08/2024";"FONE | PENDRIVE";"100,00"
"28/08/2026";"23:00:17";2024;2;"Ordinária";619;"Eleições Municipais 2024";"06/10/2024";"1";"Final";"29/11/2024";5277252365;"ES";"Outro";"1240919047293";2;"Fundo Especial de Financiamento de Campanha";20040000;"Locação/cessão de bens imóveis";1;"Financeiro";19;"PIX";70911668;53306201;"01/09/2024";"CONTRATO DE ALUGUEL";"4900,00"
"28/08/2026";"23:00:17";2024;2;"Ordinária";619;"Eleições Municipais 2024";"06/10/2024";"1";"Final";"29/11/2024";5277252365;"ES";"Outro";"1241024428362";2;"Fundo Especial de Financiamento de Campanha";20040000;"Locação/cessão de bens imóveis";1;"Financeiro";19;"PIX";70911668;53306202;"04/10/2024";"CONTRATO DE ALUGUEL";"4900,00"
"28/08/2026";"23:00:17";2024;2;"Ordinária";619;"Eleições Municipais 2024";"06/10/2024";"1";"Final";"15/10/2024";5262590006;"ES";"Outro";"1240920765387";2;"Fundo Especial de Financiamento de Campanha";20010000;"Despesas com pessoal";1;"Financeiro";19;"PIX";61957262;44924897;"10/09/2024";"CONTRATO PRESTAÇÃO DE SERVIÇO ELEITORAL";"1000,00"
"28/08/2026";"23:00:17";2024;2;"Ordinária";619;"Eleições Municipais 2024";"06/10/2024";"1";"Final";"14/10/2024";5262590004;"ES";"Cupom Fiscal";"1240923854308";2;"Fundo Especial de Financiamento de Campanha";20100000;"Combustíveis e lubrificantes";1;"Financeiro";19;"PIX";61783494;44775009;"28/09/2024";"GASOLINA COMUN";"330,00"
"28/08/2026";"23:00:17";2024;2;"Ordinária";619;"Eleições Municipais 2024";"06/10/2024";"1";"Final";"04/11/2024";5286822108;"ES";"Outro";"1240920155499";2;"Fundo Especial de Financiamento de Campanha";20360001;"Serviços advocatícios";1;"Financeiro";19;"PIX";65882447;48515564;"06/09/2024";"PRESTAÇÃO DE SERVIÇOS ADV AO PREFEITO E VEREADORES";"8000,00"
"28/08/2026";"23:00:17";2024;2;"Ordinária";619;"Eleições Municipais 2024";"06/10/2024";"1";"Final";"04/11/2024";5286822108;"ES";"Outro";"1241024352560";2;"Fundo Especial de Financiamento de Campanha";20800000;"Atividades de militância e mobilização de rua";1;"Financeiro";19;"PIX";65882480;48515594;"01/10/2024";"SERVIÇOS DE MILITANCIA 08 HORAS DIÁRIAS";"1000,00"
"28/08/2026";"23:00:17";2024;2;"Ordinária";619;"Eleições Municipais 2024";"06/10/2024";"1";"Final";"04/11/2024";5286822108;"ES";"Outro";"1240923202118";2;"Fundo Especial de Financiamento de Campanha";20800000;"Atividades de militância e mobilização de rua";1;"Financeiro";19;"PIX";65882394;48515597;"25/09/2024";"SERVIÇOS DE MILITANCIA 08 HORAS DIÁRIAS";"1000,00"
"28/08/2026";"23:00:17";2024;2;"Ordinária";619;"Eleições Municipais 2024";"06/10/2024";"1";"Final";"04/11/2024";5286822108;"ES";"Outro";"12409225516675";2;"Fundo Especial de Financiamento de Campanha";20800000;"Atividades de militância e mobilização de rua";1;"Financeiro";19;"PIX";65882478;48515588;"20/09/2024";"SERVIÇOS DE MILITANCIA 08HORAS DIÁRIAS";"1000,00"
"28/08/2026";"23:00:17";2024;2;"Ordinária";619;"Eleições Municipais 2024";"06/10/2024";"1";"Final";"02/10/2025";5262590103;"ES";"Outro";"1240922242693";2;"Fundo Especial de Financiamento de Campanha";20010000;"Despesas com pessoal";1;"Financeiro";19;"PIX";73012786;55461378;"19/09/2024";"CABO ELEITORAL";"1000,00"
"28/08/2026";"23:00:17";2024;2;"Ordinária";619;"Eleições Municipais 2024";"06/10/2024";"1";"Final";"04/11/2024";5286822108;"ES";"Nota Fiscal";"1241024352747";2;"Fundo Especial de Financiamento de Campanha";20120000;"Serviços prestados por terceiros";1;"Financeiro";19;"PIX";65882395;48515601;"01/10/2024";"SERVIÇO DE FOTOGRAFIA E VÍDEO";"4500,00"
"28/08/2026";"23:00:17";2024;2;"Ordinária";619;"Eleições Municipais 2024";"06/10/2024";"1";"Final";"29/11/2024";5277252365;"ES";"#NULO";"1240921366910";2;"Fundo Especial de Financiamento de Campanha";20240000;"Doações financeiras a outros candidatos/partidos";1;"Financeiro";19;"PIX";70911658;53306167;"13/09/2024";"#NULO";"1550,00"
"28/08/2026";"23:00:17";2024;2;"Ordinária";619;"Eleições Municipais 2024";"06/10/2024";"1";"Final";"04/11/2024";5286822108;"ES";"Outro";"1241025063573";2;"Fundo Especial de Financiamento de Campanha";20800000;"Atividades de militância e mobilização de rua";1;"Financeiro";19;"PIX";65882482;48515607;"04/10/2024";"SERVIÇOS DE MILITANCIA 08H DIÁRIAS";"1000,00"
"28/08/2026";"23:00:17";2024;2;"Ordinária";619;"Eleições Municipais 2024";"06/10/2024";"1";"Final";"16/10/2024";5262590095;"ES";"Outro";"1240920029905";2;"Fundo Especial de Financiamento de Campanha";20010000;"Despesas com pessoal";1;"Financeiro";19;"PIX";61986935;44950855;"06/09/2024";"PRESTAÇÃO DE SERVIÇO ELEITORAL";"300,00"
"28/08/2026";"23:00:17";2024;2;"Ordinária";619;"Eleições Municipais 2024";"06/10/2024";"1";"Final";"16/10/2024";5262590095;"ES";"Outro";"1240922870475";2;"Fundo Especial de Financiamento de Campanha";20010000;"Despesas com pessoal";1;"Financeiro";19;"PIX";61986935;44950856;"23/09/2024";"PRESTAÇÃO DE SERVIÇO ELEITORAL";"650,00"
"28/08/2026";"23:00:17";2024;2;"Ordinária";619;"Eleições Municipais 2024";"06/10/2024";"1";"Final";"01/10/2025";5262590086;"ES";"Nota Fiscal";"1240920721449";1;"Outros Recursos";20140000;"Publicidade por materiais impressos";1;"Financeiro";19;"PIX";73011573;55457338;"09/09/2024";"2.000 UND IMPRESSÃO SANTINHOS 10X7CM";"269,00"
"28/08/2026";"23:00:17";2024;2;"Ordinária";619;"Eleições Municipais 2024";"06/10/2024";"1";"Final";"14/10/2024";5262590009;"ES";"Nota Fiscal";"1240921048062";2;"Fundo Especial de Financiamento de Campanha";20140000;"Publicidade por materiais impressos";1;"Financeiro";19;"PIX";61781613;44774397;"11/09/2024";"05 ADESIVOS 0,50X0,30 | 05 ADESIVOS 0,50X0,30 PERFURADOS | 100 PRAGUINHAS 7X7 | 20 ADESIVOS 30X15CM | CONFECÇÃO 05 BANDEIRAS 100X0,50CM(";"518,10"
"28/08/2026";"23:00:17";2024;2;"Ordinária";619;"Eleições Municipais 2024";"06/10/2024";"1";"Final";"29/11/2024";5256706492;"ES";"Nota Fiscal";"33466916";2;"Fundo Especial de Financiamento de Campanha";20140000;"Publicidade por materiais impressos";1;"Financeiro";1;"Transferência eletrônica";70922966;53316711;"20/09/2024";"CONFECÇÃO MATERIAL DE CAMPANHA";"610,00"
"28/08/2026";"23:00:17";2024;2;"Ordinária";619;"Eleições Municipais 2024";"06/10/2024";"1";"Final";"01/10/2025";5262590082;"ES";"Cupom Fiscal";"1240817545197";1;"Outros Recursos";20100000;"Combustíveis e lubrificantes";1;"Financeiro";19;"PIX";72933492;55373737;"23/08/2024";"GASOLINA";"50,03"
"28/08/2026";"23:00:17";2024;2;"Ordinária";619;"Eleições Municipais 2024";"06/10/2024";"1";"Final";"16/10/2024";5262590095;"ES";"Nota Fiscal";"19075339000185";2;"Fundo Especial de Financiamento de Campanha";20110000;"Publicidade por adesivos";1;"Financeiro";19;"PIX";61986930;44950853;"06/09/2024";"CONFECÇÃO DE 100 PRAGUINHAS";"68,60"
"28/08/2026";"23:00:17";2024;2;"Ordinária";619;"Eleições Municipais 2024";"06/10/2024";"1";"Final";"29/10/2024";5256706336;"ES";"Outro";"1240923701893";2;"Fundo Especial de Financiamento de Campanha";20010000;"Despesas com pessoal";1;"Financeiro";19;"PIX";64177468;46928529;"28/09/2024";"SERVIÇO DE ADESIVAGEM PARA DIVULGAÇAO DE CAMPANHA";"400,00"
"28/08/2026";"23:00:17";2024;2;"Ordinária";619;"Eleições Municipais 2024";"06/10/2024";"1";"Final";"29/11/2024";5256706492;"ES";"Fatura";"32847145";2;"Fundo Especial de Financiamento de Campanha";20080000;"Correspondências e despesas postais";1;"Financeiro";1;"Transferência eletrônica";70922967;53316712;"11/09/2024";"DESPESAS COM POSTAGEM DE CORRESPONDENCIAS";"583,90"
"28/08/2026";"23:00:17";2024;2;"Ordinária";619;"Eleições Municipais 2024";"06/10/2024";"1";"Final";"29/11/2024";5277252365;"ES";"Nota Fiscal";"1240818252282";2;"Fundo Especial de Financiamento de Campanha";20140000;"Publicidade por materiais impressos";1;"Financeiro";19;"PIX";70911653;53306149;"29/08/2024";"CONFECÇÃO 100 BANDEIRAS 100X0,50";"2380,00"
"28/08/2026";"23:00:17";2024;2;"Ordinária";619;"Eleições Municipais 2024";"06/10/2024";"1";"Final";"01/10/2025";5262590434;"ES";"Nota Fiscal";"1241024910829";1;"Outros Recursos";20110000;"Publicidade por adesivos";1;"Financeiro";19;"PIX";72933404;55373647;"03/10/2024";"CONFECÇÃO 02 BANDEIRAS | CONFECÇÃO DE 100 PRAGUINHAS";"199,00"
"28/08/2026";"23:00:17";2024;2;"Ordinária";619;"Eleições Municipais 2024";"06/10/2024";"1";"Final";"29/11/2024";5277252365;"ES";"Nota Fiscal";"1240921106477";2;"Fundo Especial de Financiamento de Campanha";20140000;"Publicidade por materiais impressos";1;"Financeiro";19;"PIX";70911657;53306164;"11/09/2024";"CONFECÇÃO DE 10 LONAS FORMATO 150 CM X 0,85 CM( | CONFECÇÃO DE 50 BANDEIRAS FORMATO 100 CM X 050 CM";"1875,00"
"28/08/2026";"23:00:17";2024;2;"Ordinária";619;"Eleições Municipais 2024";"06/10/2024";"1";"Final";"20/11/2024";5259798163;"ES";"Cupom Fiscal";"1240923197683";1;"Outros Recursos";20100000;"Combustíveis e lubrificantes";1;"Financeiro";19;"PIX";70527125;52941292;"25/09/2024";"GASOLINA";"120,00"
"28/08/2026";"23:00:17";2024;2;"Ordinária";619;"Eleições Municipais 2024";"06/10/2024";"1";"Final";"29/11/2024";5277252365;"ES";"Cupom Fiscal";"1240923467186";2;"Fundo Especial de Financiamento de Campanha";20100000;"Combustíveis e lubrificantes";1;"Financeiro";19;"PIX";70911628;53306205;"27/09/2024";"GASOLINA";"150,00"
"28/08/2026";"23:00:17";2024;2;"Ordinária";619;"Eleições Municipais 2024";"06/10/2024";"1";"Final";"04/11/2024";5286822108;"ES";"Outro";"1240923202235";2;"Fundo Especial de Financiamento de Campanha";20800000;"Atividades de militância e mobilização de rua";1;"Financeiro";19;"PIX";65882465;48515589;"25/09/2024";"SERVIÇOS DE MILITANCIA 08 HORAS DIÁRIAS";"1000,00"
"28/08/2026";"23:00:17";2024;2;"Ordinária";619;"Eleições Municipais 2024";"06/10/2024";"1";"Final";"04/11/2024";5286822108;"ES";"Fatura";"032775347";2;"Fundo Especial de Financiamento de Campanha";20420000;"Despesa com Impulsionamento de Conteúdos";1;"Financeiro";6;"Boleto de cobrança";65882474;48515575;"17/09/2024";"PAGAMENTO FATURA HOSPEDAGEM PG INTERNET";"87,60"
"28/08/2026";"23:00:17";2024;2;"Ordinária";619;"Eleições Municipais 2024";"06/10/2024";"1";"Final";"29/11/2024";5256706492;"ES";"Nota Fiscal";"04389051000108";2;"Fundo Especial de Financiamento de Campanha";20140000;"Publicidade por materiais impressos";1;"Financeiro";1;"Transferência eletrônica";70922964;53316706;"10/09/2024";"COLINHA 4,5 X8,5 | SANTINHO 10,5 X 15";"1000,00"
"28/08/2026";"23:00:17";2024;2;"Ordinária";619;"Eleições Municipais 2024";"06/10/2024";"1";"Final";"29/11/2024";5256706492;"ES";"Nota Fiscal";"#NULO";2;"Fundo Especial de Financiamento de Campanha";20140000;"Publicidade por materiais impressos";1;"Financeiro";8;"Débito em conta";70922964;53316707;"11/09/2024";"COLINHA 4,5 X8,5 | SANTINHO 10,5 X 15";"410,00"
"28/08/2026";"23:00:17";2024;2;"Ordinária";619;"Eleições Municipais 2024";"06/10/2024";"1";"Final";"01/10/2025";5259798278;"ES";"Cupom Fiscal";"1240922151676";1;"Outros Recursos";20100000;"Combustíveis e lubrificantes";1;"Financeiro";19;"PIX";72933440;55373689;"18/09/2024";"GASOLINA";"160,17"
"28/08/2026";"23:00:17";2024;2;"Ordinária";619;"Eleições Municipais 2024";"06/10/2024";"1";"Final";"02/10/2025";5262590436;"ES";"Nota Fiscal";"1240818604634";1;"Outros Recursos";20140000;"Publicidade por materiais impressos";1;"Financeiro";19;"PIX";73011673;55457460;"30/08/2024";"01 ADESIVO PERFURADO 108X44CM | 01 ADESIVO PERFURADO 110X55CM | CONFECÇÃO 01 ADESIVO PERFURADO 115X46CM";"207,30"
"28/08/2026";"23:00:17";2024;2;"Ordinária";619;"Eleições Municipais 2024";"06/10/2024";"1";"Final";"01/10/2025";5259798216;"ES";"Nota Fiscal";"1240922285131";1;"Outros Recursos";20110000;"Publicidade por adesivos";1;"Financeiro";19;"PIX";73011546;55457309;"19/09/2024";"02 ADESIVOS 0,35X0,35CM | 04 ADESIVOS 100X10 | 10 ADESIVOS 15X15 | 50 ADESIVOS 10X10 | CONFECÇÃO 04 ADESIVOS PERFURADOS 0,50X0,30";"245,80"
"28/08/2026";"23:00:17";2024;2;"Ordinária";619;"Eleições Municipais 2024";"06/10/2024";"1";"Final";"16/10/2024";5262590008;"ES";"Nota Fiscal";"1241024906389";1;"Outros Recursos";20110000;"Publicidade por adesivos";1;"Financeiro";19;"PIX";62154530;45089836;"03/10/2024";"CONFECÇÃO DE 50 PRAGINHA";"40,00"
"28/08/2026";"23:00:17";2024;2;"Ordinária";619;"Eleições Municipais 2024";"06/10/2024";"1";"Final";"29/11/2024";5277252365;"ES";"Nota Fiscal";"1241025118124";2;"Fundo Especial de Financiamento de Campanha";20110000;"Publicidade por adesivos";1;"Financeiro";19;"PIX";70911625;53306175;"04/10/2024";"200 PRAGUINHAS 15X15 | CONFECÇÃO 1000 PRAGUINHAS 8X8";"994,00"
"28/08/2026";"23:00:17";2024;2;"Ordinária";619;"Eleições Municipais 2024";"06/10/2024";"1";"Final";"04/11/2024";5286822108;"ES";"Outro";"031675561";1;"Outros Recursos";20420000;"Despesa com Impulsionamento de Conteúdos";1;"Financeiro";6;"Boleto de cobrança";65882432;48515550;"21/08/2024";"PAGAMENTO AO FACEBOOK PARA IMPULS DE CONTEÚDO";"130,00"
"28/08/2026";"23:00:17";2024;2;"Ordinária";619;"Eleições Municipais 2024";"06/10/2024";"1";"Final";"04/11/2024";5283267239;"ES";"Outro";"1240920987389";1;"Outros Recursos";20420000;"Despesa com Impulsionamento de Conteúdos";1;"Financeiro";19;"PIX";65886312;48519246;"11/09/2024";"CRÉDITO PARA IMPULSIONAMENTO DE CONTEÚDO REDE SOCI";"60,00"
"28/08/2026";"23:00:17";2024;2;"Ordinária";619;"Eleições Municipais 2024";"06/10/2024";"1";"Final";"22/11/2024";5262590091;"ES";"Nota Fiscal";"1240818158651";1;"Outros Recursos";20110000;"Publicidade por adesivos";1;"Financeiro";19;"PIX";70635325;53036901;"28/08/2024";"CONFECÇÃO DE 200 PRAGUINHAS - 7X7CM";"120,00"
"28/08/2026";"23:00:17";2024;2;"Ordinária";619;"Eleições Municipais 2024";"06/10/2024";"1";"Final";"01/10/2025";5262590435;"ES";"Nota Fiscal";"1240922473940";1;"Outros Recursos";20110000;"Publicidade por adesivos";1;"Financeiro";19;"PIX";73011253;55457016;"20/09/2024";"02 ADESIVOS PERFURADOS | 50 PRAGUINHAS 7X7 | CONFECÇÃO DE 2000 UNID DE SANTINHOS";"325,00"
"28/08/2026";"23:00:17";2024;2;"Ordinária";619;"Eleições Municipais 2024";"06/10/2024";"1";"Final";"20/11/2024";5262590438;"ES";"Nota Fiscal";"1240920835392";1;"Outros Recursos";20140000;"Publicidade por materiais impressos";1;"Financeiro";19;"PIX";70531815;52944800;"10/09/2024";"06 ADESIVOS PERFURADOS 50X30CM | CONFECÇÃO 02 LONA 100X0,50CM";"172,00"
"28/08/2026";"23:00:17";2024;2;"Ordinária";619;"Eleições Municipais 2024";"06/10/2024";"1";"Final";"04/11/2024";5286822108;"ES";"Nota Fiscal";"1240919425191";2;"Fundo Especial de Financiamento de Campanha";20110000;"Publicidade por adesivos";1;"Financeiro";19;"PIX";65882386;48515552;"03/09/2024";"ADESIVO 30 CM DIAMETRO  | |ADESIVO 9 CM DIAMETRO  | |ADESIVO PERFURADO MED 60X 30 CM | |ADESIVO30X 15 CM";"4460,00"
"28/08/2026";"23:00:17";2024;2;"Ordinária";619;"Eleições Municipais 2024";"06/10/2024";"1";"Final";"22/11/2024";5262590091;"ES";"Nota Fiscal";"1240919273875";1;"Outros Recursos";20140000;"Publicidade por materiais impressos";1;"Financeiro";19;"PIX";70635322;53036899;"02/09/2024";"100 ADESIVOS 11X11CM | 15 ADESIVOS 0,80X0,80CM | CONFECÇÃO 25 BANDEIRAS 100X0,50";"772,30"
"28/08/2026";"23:00:17";2024;2;"Ordinária";619;"Eleições Municipais 2024";"06/10/2024";"1";"Final";"04/11/2024";5286822108;"ES";"Outro";"1240922914001";2;"Fundo Especial de Financiamento de Campanha";20800000;"Atividades de militância e mobilização de rua";1;"Financeiro";19;"PIX";65882423;48515584;"23/09/2024";"SERVIÇOS DE MILITANCIA 08 HORAS DIÁRIAS";"1000,00"
"28/08/2026";"23:00:17";2024;2;"Ordinária";619;"Eleições Municipais 2024";"06/10/2024";"1";"Final";"04/11/2024";5286822108;"ES";"Outro";"1241025114929";2;"Fundo Especial de Financiamento de Campanha";20800000;"Atividades de militância e mobilização de rua";1;"Financeiro";19;"PIX";65882407;48515609;"04/10/2024";"SERVIÇOS DE MILITANCIA 08H DIÁRIAS";"1000,00"
"28/08/2026";"23:00:17";2024;2;"Ordinária";619;"Eleições Municipais 2024";"06/10/2024";"1";"Final";"04/11/2024";5286822108;"ES";"Outro";"1240922604061";2;"Fundo Especial de Financiamento de Campanha";20420000;"Despesa com Impulsionamento de Conteúdos";1;"Financeiro";19;"PIX";65882376;48515605;"21/09/2024";"CRÉDITO PARA IMPULSIONAMENTO DE CONTEÚDO";"130,00"
"28/08/2026";"23:00:17";2024;2;"Ordinária";619;"Eleições Municipais 2024";"06/10/2024";"1";"Final";"04/11/2024";5286822108;"ES";"Outro";"1240922152231";2;"Fundo Especial de Financiamento de Campanha";20800000;"Atividades de militância e mobilização de rua";1;"Financeiro";19;"PIX";65882435;48515576;"18/09/2024";"SERVIÇOS DE MILITANTE DE RUA 08 H DIÁRIAS 18 DIAS";"1000,00"
"28/08/2026";"23:00:17";2024;2;"Ordinária";619;"Eleições Municipais 2024";"06/10/2024";"1";"Final";"20/11/2024";5262590007;"ES";"Nota Fiscal";"1240921994469";2;"Fundo Especial de Financiamento de Campanha";20100000;"Combustíveis e lubrificantes";1;"Financeiro";19;"PIX";70531201;52944275;"17/09/2024";"GASOLINA COMUN";"170,03"
"28/08/2026";"23:00:17";2024;2;"Ordinária";619;"Eleições Municipais 2024";"06/10/2024";"1";"Final";"20/11/2024";5262590007;"ES";"Nota Fiscal";"1240924208875";2;"Fundo Especial de Financiamento de Campanha";20100000;"Combustíveis e lubrificantes";1;"Financeiro";19;"PIX";70531200;52944277;"30/09/2024";"GASOLINA  TIPO C";"162,00"
"28/08/2026";"23:00:17";2024;2;"Ordinária";619;"Eleições Municipais 2024";"06/10/2024";"1";"Final";"14/11/2024";5256706434;"ES";"Nota Fiscal";"1241025081297";1;"Outros Recursos";20100000;"Combustíveis e lubrificantes";1;"Financeiro";19;"PIX";69858953;52300324;"04/10/2024";"GASOLINA POWER ADITIVADA";"86,40"
"28/08/2026";"23:00:17";2024;2;"Ordinária";619;"Eleições Municipais 2024";"06/10/2024";"1";"Final";"29/11/2024";5256706492;"ES";"Nota Fiscal";"CONTA13951";1;"Outros Recursos";20100000;"Combustíveis e lubrificantes";1;"Financeiro";1;"Transferência eletrônica";70922969;53316713;"04/10/2024";"GASOLINA COMUM | GASOLINA SHELL POWER ADITIVADA";"1000,00"
"28/08/2026";"23:00:17";2024;2;"Ordinária";619;"Eleições Municipais 2024";"06/10/2024";"1";"Final";"29/11/2024";5256706492;"ES";"Nota Fiscal";"CONTA13951";2;"Fundo Especial de Financiamento de Campanha";20100000;"Combustíveis e lubrificantes";1;"Financeiro";1;"Transferência eletrônica";70922969;53316714;"07/10/2024";"GASOLINA COMUM | GASOLINA SHELL POWER ADITIVADA";"1289,42"
"28/08/2026";"23:00:17";2024;2;"Ordinária";619;"Eleições Municipais 2024";"06/10/2024";"1";"Final";"14/10/2024";5262590009;"ES";"Nota Fiscal";"1240922005883";2;"Fundo Especial de Financiamento de Campanha";20100000;"Combustíveis e lubrificantes";1;"Financeiro";19;"PIX";61781615;44774399;"17/09/2024";"GAASOLINA";"200,00"
"28/08/2026";"23:00:17";2024;2;"Ordinária";619;"Eleições Municipais 2024";"06/10/2024";"1";"Final";"31/10/2024";5256706499;"ES";"Nota Fiscal";"4";1;"Outros Recursos";20100000;"Combustíveis e lubrificantes";1;"Financeiro";0;"Cheque";64503714;47235416;"25/09/2024";"GASOLINA COMUM";"100,00"
"28/08/2026";"23:00:17";2024;2;"Ordinária";619;"Eleições Municipais 2024";"06/10/2024";"1";"Final";"01/10/2025";5262590082;"ES";"Nota Fiscal";"1240922915510";2;"Fundo Especial de Financiamento de Campanha";20100000;"Combustíveis e lubrificantes";1;"Financeiro";19;"PIX";72933493;55373741;"23/09/2024";"GASOLINA";"41,82"
"28/08/2026";"23:00:17";2024;2;"Ordinária";619;"Eleições Municipais 2024";"06/10/2024";"1";"Final";"04/11/2024";5286822108;"ES";"Nota Fiscal";"1241025072996";2;"Fundo Especial de Financiamento de Campanha";20100000;"Combustíveis e lubrificantes";1;"Financeiro";19;"PIX";65882451;48515613;"04/10/2024";"GASOLINA";"893,73"
"28/08/2026";"23:00:17";2024;2;"Ordinária";619;"Eleições Municipais 2024";"06/10/2024";"1";"Final";"03/11/2024";5256706502;"ES";"Nota Fiscal";"1240921945759";2;"Fundo Especial de Financiamento de Campanha";20140000;"Publicidade por materiais impressos";1;"Financeiro";19;"PIX";65692951;48337898;"17/09/2024";"FOLDER 1 DOBRA - PAPEL CB 90G";"2000,00"
"28/08/2026";"23:00:17";2024;2;"Ordinária";619;"Eleições Municipais 2024";"06/10/2024";"1";"Final";"24/10/2024";5256706366;"ES";"Nota Fiscal";"003";1;"Outros Recursos";20140000;"Publicidade por materiais impressos";1;"Financeiro";0;"Cheque";63233333;46052864;"09/09/2024";"PRAGUINHA | SANTINHOS";"1220,00"
"28/08/2026";"23:00:17";2024;2;"Ordinária";619;"Eleições Municipais 2024";"06/10/2024";"1";"Final";"04/11/2024";5286822108;"ES";"Outro";"1241025140456";2;"Fundo Especial de Financiamento de Campanha";20800000;"Atividades de militância e mobilização de rua";1;"Financeiro";19;"PIX";65882408;48515619;"04/10/2024";"SERVIÇOS DE MILITANCIA 8H DIÁRIAS";"994,90"
"28/08/2026";"23:00:17";2024;2;"Ordinária";619;"Eleições Municipais 2024";"06/10/2024";"1";"Final";"04/11/2024";5286822108;"ES";"Fatura";"1240920203990";2;"Fundo Especial de Financiamento de Campanha";20260000;"Criação e inclusão de páginas na internet";1;"Financeiro";19;"PIX";65882373;48515567;"06/09/2024";"REGISTRO DE DOMÍNIO";"40,00"
"28/08/2026";"23:00:17";2024;2;"Ordinária";619;"Eleições Municipais 2024";"06/10/2024";"1";"Final";"04/11/2024";5286822108;"ES";"Outro";"1241025110202";2;"Fundo Especial de Financiamento de Campanha";20800000;"Atividades de militância e mobilização de rua";1;"Financeiro";19;"PIX";65882452;48515617;"04/10/2024";"SERVIÇOS DE MILITANCIA 08H DIÁRIAS";"1000,00"
"28/08/2026";"23:00:17";2024;2;"Ordinária";619;"Eleições Municipais 2024";"06/10/2024";"1";"Final";"29/11/2024";5277252365;"ES";"Outro";"1241024438405";2;"Fundo Especial de Financiamento de Campanha";20010000;"Despesas com pessoal";1;"Financeiro";19;"PIX";70911637;53306186;"02/10/2024";"SERVIÇO DE DISTRIBUIÇÃO DE SANTINHO";"500,00"
"28/08/2026";"23:00:17";2024;2;"Ordinária";619;"Eleições Municipais 2024";"06/10/2024";"1";"Final";"04/11/2024";5286822108;"ES";"Outro";"1240923574747";2;"Fundo Especial de Financiamento de Campanha";20800000;"Atividades de militância e mobilização de rua";1;"Financeiro";19;"PIX";65882393;48515591;"27/09/2024";"SERVIÇOS DE MILITANCIA 08 HORAS DIÁRIAS";"1000,00"
"28/08/2026";"23:00:17";2024;2;"Ordinária";619;"Eleições Municipais 2024";"06/10/2024";"1";"Final";"04/11/2024";5286822108;"ES";"Nota Fiscal";"1240921247275";2;"Fundo Especial de Financiamento de Campanha";20270000;"Diversas a especificar";1;"Financeiro";19;"PIX";65882420;48515572;"12/09/2024";"PROCESSAMENTO DE DADOS, VÍDEOS, TEXTOS, IMAGENS";"2360,00"
"28/08/2026";"23:00:17";2024;2;"Ordinária";619;"Eleições Municipais 2024";"06/10/2024";"1";"Final";"03/11/2024";5256706502;"ES";"Nota Fiscal";"1241025078149";2;"Fundo Especial de Financiamento de Campanha";20360002;"Serviços contábeis";1;"Financeiro";19;"PIX";65692945;48337901;"04/10/2024";"SERVIÇOS CONTABEIS CAMPANHA ELEITORAL";"7050,00"
"28/08/2026";"23:00:17";2024;2;"Ordinária";619;"Eleições Municipais 2024";"06/10/2024";"1";"Final";"29/10/2024";5256706369;"ES";"Outro";"034118355";2;"Fundo Especial de Financiamento de Campanha";20010000;"Despesas com pessoal";1;"Financeiro";1;"Transferência eletrônica";64170858;46922415;"22/10/2024";"SERVIÇOS EM DIVULGAÇAO DE CAMPANHA COM PANFLETAGEM";"1500,00"
"28/08/2026";"23:00:17";2024;2;"Ordinária";619;"Eleições Municipais 2024";"06/10/2024";"1";"Final";"20/11/2024";5262590098;"ES";"Nota Fiscal";"1240920984196";2;"Fundo Especial de Financiamento de Campanha";20100000;"Combustíveis e lubrificantes";1;"Financeiro";19;"PIX";70531326;52944384;"11/09/2024";"GASOLINA COMUN";"300,08"