DT_GERACAO;HH_GERACAO;ANO_ELEICAO;SG_UF;CD_MUNICIPIO;NM_MUNICIPIO;NR_ZONA;NR_SECAO;NR_LOCAL_VOTACAO;NM_LOCAL_VOTACAO;CD_GENERO;DS_GENERO;CD_ESTADO_CIVIL;DS_ESTADO_CIVIL;CD_FAIXA_ETARIA;DS_FAIXA_ETARIA;CD_GRAU_ESCOLARIDADE;DS_GRAU_ESCOLARIDADE;CD_RACA_COR;DS_RACA_COR;CD_IDENTIDADE_GENERO;DS_IDENTIDADE_GENERO;CD_QUILOMBOLA;DS_QUILOMBOLA;CD_INTERPRETE_LIBRAS;DS_INTERPRETE_LIBRAS;TP_OBRIGATORIEDADE_VOTO;QT_ELEITORES_PERFIL;QT_ELEITORES_BIOMETRIA;QT_ELEITORES_DEFICIENCIA;QT_ELEITORES_INC_NM_SOCIAL
13/04/2021;19:37:12;2012;ES;56057;ALFREDO CHAVES;12;34;1171;;4;FEMININO;3;CASADO;4549;45 a 49 anos                  ;8;SUPERIOR COMPLETO;-3;#NE;-3;#NE;-3;#NE;-3;#NE;Obrigatório;2;0;0;0
13/04/2021;19:37:12;2012;ES;56057;ALFREDO CHAVES;12;34;1171;;4;FEMININO;3;CASADO;5559;55 a 59 anos                  ;2;LÊ E ESCREVE;-3;#NE;-3;#NE;-3;#NE;-3;#NE;Obrigatório;1;0;0;0
13/04/2021;19:37:12;2012;ES;56057;ALFREDO CHAVES;12;34;1171;;4;FEMININO;3;CASADO;6569;65 a 69 anos                  ;2;LÊ E ESCREVE;-3;#NE;-3;#NE;-3;#NE;-3;#NE;Obrigatório;3;0;0;0
13/04/2021;19:37:12;2012;ES;56057;ALFREDO CHAVES;12;34;1171;;4;FEMININO;3;CASADO;7579;75 a 79 anos                  ;1;ANALFABETO;-3;#NE;-3;#NE;-3;#NE;-3;#NE;Facultativo;1;0;0;0
13/04/2021;19:37:12;2012;ES;56057;ALFREDO CHAVES;12;34;1171;;4;FEMININO;5;VIÚVO;3539;35 a 39 anos                  ;6;ENSINO MÉDIO COMPLETO;-3;#NE;-3;#NE;-3;#NE;-3;#NE;Obrigatório;1;0;0;0
13/04/2021;19:37:12;2012;ES;56057;ALFREDO CHAVES;12;34;1171;;4;FEMININO;9;DIVORCIADO;4044;40 a 44 anos                  ;8;SUPERIOR COMPLETO;-3;#NE;-3;#NE;-3;#NE;-3;#NE;Obrigatório;1;0;0;0
13/04/2021;19:37:12;2012;ES;56057;ALFREDO CHAVES;12;35;1171;;2;MASCULINO;1;SOLTEIRO;1900;19 anos                       ;3;ENSINO FUNDAMENTAL INCOMPLETO;-3;#NE;-3;#NE;-3;#NE;-3;#NE;Obrigatório;1;0;0;0
13/04/2021;19:37:12;2012;ES;56057;ALFREDO CHAVES;12;35;1171;;2;MASCULINO;1;SOLTEIRO;2124;21 a 24 anos                  ;3;ENSINO FUNDAMENTAL INCOMPLETO;-3;#NE;-3;#NE;-3;#NE;-3;#NE;Obrigatório;6;0;0;0
13/04/2021;19:37:12;2012;ES;56057;ALFREDO CHAVES;12;35;1171;;2;MASCULINO;1;SOLTEIRO;2529;25 a 29 anos                  ;3;ENSINO FUNDAMENTAL INCOMPLETO;-3;#NE;-3;#NE;-3;#NE;-3;#NE;Obrigatório;3;0;0;0
13/04/2021;19:37:12;2012;ES;56057;ALFREDO CHAVES;12;35;1171;;2;MASCULINO;1;SOLTEIRO;3034;30 a 34 anos                  ;4;ENSINO FUNDAMENTAL COMPLETO;-3;#NE;-3;#NE;-3;#NE;-3;#NE;Obrigatório;5;0;0;0
13/04/2021;19:37:12;2012;ES;56057;ALFREDO CHAVES;12;35;1171;;2;MASCULINO;1;SOLTEIRO;3539;35 a 39 anos                  ;2;LÊ E ESCREVE;-3;#NE;-3;#NE;-3;#NE;-3;#NE;Obrigatório;1;0;0;0
13/04/2021;19:37:12;2012;ES;56057;ALFREDO CHAVES;12;35;1171;;2;MASCULINO;1;SOLTEIRO;4044;40 a 44 anos                  ;4;ENSINO FUNDAMENTAL COMPLETO;-3;#NE;-3;#NE;-3;#NE;-3;#NE;Obrigatório;1;0;0;0
13/04/2021;19:37:12;2012;ES;56057;ALFREDO CHAVES;12;35;1171;;4;FEMININO;1;SOLTEIRO;2000;20 anos                       ;5;ENSINO MÉDIO INCOMPLETO;-3;#NE;-3;#NE;-3;#NE;-3;#NE;Obrigatório;4;0;0;0
13/04/2021;19:37:12;2012;ES;56057;ALFREDO CHAVES;12;35;1171;;4;FEMININO;1;SOLTEIRO;2124;21 a 24 anos                  ;6;ENSINO MÉDIO COMPLETO;-3;#NE;-3;#NE;-3;#NE;-3;#NE;Obrigatório;2;0;0;0
13/04/2021;19:37:12;2012;ES;56057;ALFREDO CHAVES;12;35;1171;;4;FEMININO;1;SOLTEIRO;2529;25 a 29 anos                  ;6;ENSINO MÉDIO COMPLETO;-3;#NE;-3;#NE;-3;#NE;-3;#NE;Obrigatório;3;0;0;0
13/04/2021;19:37:12;2012;ES;56057;ALFREDO CHAVES;12;35;1171;;4;FEMININO;1;SOLTEIRO;3034;30 a 34 anos                  ;5;ENSINO MÉDIO INCOMPLETO;-3;#NE;-3;#NE;-3;#NE;-3;#NE;Obrigatório;38;0;0;0
13/04/2021;19:37:12;2012;ES;56057;ALFREDO CHAVES;12;35;1171;;4;FEMININO;1;SOLTEIRO;3539;35 a 39 anos                  ;3;ENSINO FUNDAMENTAL INCOMPLETO;-3;#NE;-3;#NE;-3;#NE;-3;#NE;Obrigatório;4;0;0;0
13/04/2021;19:37:12;2012;ES;56057;ALFREDO CHAVES;12;35;1171;;4;FEMININO;1;SOLTEIRO;4549;45 a 49 anos                  ;2;LÊ E ESCREVE;-3;#NE;-3;#NE;-3;#NE;-3;#NE;Obrigatório;1;0;0;0
13/04/2021;19:37:12;2012;ES;56057;ALFREDO CHAVES;12;35;1171;;4;FEMININO;1;SOLTEIRO;5559;55 a 59 anos                  ;3;ENSINO FUNDAMENTAL INCOMPLETO;-3;#NE;-3;#NE;-3;#NE;-3;#NE;Obrigatório;1;0;0;0
13/04/2021;19:37:12;2012;ES;56057;ALFREDO CHAVES;12;35;1171;;4;FEMININO;3;CASADO;2529;25 a 29 anos                  ;3;ENSINO FUNDAMENTAL INCOMPLETO;-3;#NE;-3;#NE;-3;#NE;-3;#NE;Obrigatório;2;0;0;0
13/04/2021;19:37:12;2012;ES;56057;ALFREDO CHAVES;12;35;1171;;4;FEMININO;3;CASADO;3034;30 a 34 anos                  ;8;SUPERIOR COMPLETO;-3;#NE;-3;#NE;-3;#NE;-3;#NE;Obrigatório;3;0;0;0
13/04/2021;19:37:12;2012;ES;56057;ALFREDO CHAVES;12;35;1171;;4;FEMININO;3;CASADO;3539;35 a 39 anos                  ;5;ENSINO MÉDIO INCOMPLETO;-3;#NE;-3;#NE;-3;#NE;-3;#NE;Obrigatório;1;0;0;0
13/04/2021;19:37:12;2012;ES;56057;ALFREDO CHAVES;12;35;1171;;4;FEMININO;3;CASADO;4044;40 a 44 anos                  ;5;ENSINO MÉDIO INCOMPLETO;-3;#NE;-3;#NE;-3;#NE;-3;#NE;Obrigatório;1;0;0;0
13/04/2021;19:37:12;2012;ES;56057;ALFREDO CHAVES;12;35;1171;;4;FEMININO;3;CASADO;5054;50 a 54 anos                  ;2;LÊ E ESCREVE;-3;#NE;-3;#NE;-3;#NE;-3;#NE;Obrigatório;1;0;0;0
13/04/2021;19:37:12;2012;ES;56057;ALFREDO CHAVES;12;35;1171;;4;FEMININO;3;CASADO;5559;55 a 59 anos                  ;1;ANALFABETO;-3;#NE;-3;#NE;-3;#NE;-3;#NE;Facultativo;1;0;0;0
13/04/2021;19:37:12;2012;ES;56057;ALFREDO CHAVES;12;37;1228;;2;MASCULINO;1;SOLTEIRO;2529;25 a 29 anos                  ;7;SUPERIOR INCOMPLETO;-3;#NE;-3;#NE;-3;#NE;-3;#NE;Obrigatório;2;0;0;0
13/04/2021;19:37:12;2012;ES;56057;ALFREDO CHAVES;12;37;1228;;2;MASCULINO;1;SOLTEIRO;3539;35 a 39 anos                  ;6;ENSINO MÉDIO COMPLETO;-3;#NE;-3;#NE;-3;#NE;-3;#NE;Obrigatório;1;0;0;0
13/04/2021;19:37:12;2012;ES;56057;ALFREDO CHAVES;12;37;1228;;2;MASCULINO;1;SOLTEIRO;4549;45 a 49 anos                  ;1;ANALFABETO;-3;#NE;-3;#NE;-3;#NE;-3;#NE;Facultativo;1;0;0;0
13/04/2021;19:37:12;2012;ES;56057;ALFREDO CHAVES;12;37;1228;;2;MASCULINO;1;SOLTEIRO;5054;50 a 54 anos                  ;6;ENSINO MÉDIO COMPLETO;-3;#NE;-3;#NE;-3;#NE;-3;#NE;Obrigatório;1;0;0;0
13/04/2021;19:37:12;2012;ES;56057;ALFREDO CHAVES;12;37;1228;;2;MASCULINO;1;SOLTEIRO;7074;70 a 74 anos                  ;3;ENSINO FUNDAMENTAL INCOMPLETO;-3;#NE;-3;#NE;-3;#NE;-3;#NE;Facultativo;1;0;0;0
13/04/2021;19:37:12;2012;ES;56057;ALFREDO CHAVES;12;37;1228;;2;MASCULINO;3;CASADO;3034;30 a 34 anos                  ;6;ENSINO MÉDIO COMPLETO;-3;#NE;-3;#NE;-3;#NE;-3;#NE;Obrigatório;1;0;0;0
13/04/2021;19:37:12;2012;ES;56057;ALFREDO CHAVES;12;37;1228;;2;MASCULINO;3;CASADO;4044;40 a 44 anos                  ;3;ENSINO FUNDAMENTAL INCOMPLETO;-3;#NE;-3;#NE;-3;#NE;-3;#NE;Obrigatório;2;0;0;0
13/04/2021;19:37:12;2012;ES;56057;ALFREDO CHAVES;12;37;1228;;2;MASCULINO;3;CASADO;6064;60 a 64 anos                  ;2;LÊ E ESCREVE;-3;#NE;-3;#NE;-3;#NE;-3;#NE;Obrigatório;3;0;0;0
13/04/2021;19:37:12;2012;ES;56057;ALFREDO CHAVES;12;37;1228;;2;MASCULINO;3;CASADO;7074;70 a 74 anos                  ;3;ENSINO FUNDAMENTAL INCOMPLETO;-3;#NE;-3;#NE;-3;#NE;-3;#NE;Facultativo;1;0;0;0
13/04/2021;19:37:12;2012;ES;56057;ALFREDO CHAVES;12;37;1228;;4;FEMININO;1;SOLTEIRO;1600;16 anos                       ;5;ENSINO MÉDIO INCOMPLETO;-3;#NE;-3;#NE;-3;#NE;-3;#NE;Facultativo;2;0;0;0
13/04/2021;19:37:12;2012;ES;56057;ALFREDO CHAVES;12;37;1228;;4;FEMININO;1;SOLTEIRO;2000;20 anos                       ;3;ENSINO FUNDAMENTAL INCOMPLETO;-3;#NE;-3;#NE;-3;#NE;-3;#NE;Obrigatório;4;0;0;0
13/04/2021;19:37:12;2012;ES;56057;ALFREDO CHAVES;12;37;1228;;4;FEMININO;1;SOLTEIRO;2124;21 a 24 anos                  ;7;SUPERIOR INCOMPLETO;-3;#NE;-3;#NE;-3;#NE;-3;#NE;Obrigatório;1;0;0;0
13/04/2021;19:37:12;2012;ES;56057;ALFREDO CHAVES;12;37;1228;;4;FEMININO;1;SOLTEIRO;3034;30 a 34 anos                  ;3;ENSINO FUNDAMENTAL INCOMPLETO;-3;#NE;-3;#NE;-3;#NE;-3;#NE;Obrigatório;1;0;0;0
13/04/2021;19:37:12;2012;ES;56057;ALFREDO CHAVES;12;26;1163;;4;FEMININO;9;DIVORCIADO;5559;55 a 59 anos                  ;1;ANALFABETO;-3;#NE;-3;#NE;-3;#NE;-3;#NE;Facultativo;1;0;0;0
13/04/2021;19:37:12;2012;ES;56057;ALFREDO CHAVES;12;27;1171;;2;MASCULINO;1;SOLTEIRO;1800;18 anos                       ;5;ENSINO MÉDIO INCOMPLETO;-3;#NE;-3;#NE;-3;#NE;-3;#NE;Obrigatório;4;0;0;0
13/04/2021;19:37:12;2012;ES;56057;ALFREDO CHAVES;12;27;1171;;2;MASCULINO;1;SOLTEIRO;2000;20 anos                       ;6;ENSINO MÉDIO COMPLETO;-3;#NE;-3;#NE;-3;#NE;-3;#NE;Obrigatório;2;0;0;0
13/04/2021;19:37:12;2012;ES;56057;ALFREDO CHAVES;12;27;1171;;2;MASCULINO;1;SOLTEIRO;2124;21 a 24 anos                  ;6;ENSINO MÉDIO COMPLETO;-3;#NE;-3;#NE;-3;#NE;-3;#NE;Obrigatório;2;0;0;0
13/04/2021;19:37:12;2012;ES;56057;ALFREDO CHAVES;12;27;1171;;2;MASCULINO;1;SOLTEIRO;2529;25 a 29 anos                  ;6;ENSINO MÉDIO COMPLETO;-3;#NE;-3;#NE;-3;#NE;-3;#NE;Obrigatório;1;0;0;0
13/04/2021;19:37:12;2012;ES;56057;ALFREDO CHAVES;12;27;1171;;2;MASCULINO;1;SOLTEIRO;3034;30 a 34 anos                  ;6;ENSINO MÉDIO COMPLETO;-3;#NE;-3;#NE;-3;#NE;-3;#NE;Obrigatório;1;0;0;0
13/04/2021;19:37:12;2012;ES;56057;ALFREDO CHAVES;12;27;1171;;2;MASCULINO;1;SOLTEIRO;3539;35 a 39 anos                  ;6;ENSINO MÉDIO COMPLETO;-3;#NE;-3;#NE;-3;#NE;-3;#NE;Obrigatório;1;0;0;0
13/04/2021;19:37:12;2012;ES;56057;ALFREDO CHAVES;12;27;1171;;2;MASCULINO;1;SOLTEIRO;4044;40 a 44 anos                  ;4;ENSINO FUNDAMENTAL COMPLETO;-3;#NE;-3;#NE;-3;#NE;-3;#NE;Obrigatório;3;0;0;0
13/04/2021;19:37:12;2012;ES;56057;ALFREDO CHAVES;12;27;1171;;2;MASCULINO;1;SOLTEIRO;4044;40 a 44 anos                  ;8;SUPERIOR COMPLETO;-3;#NE;-3;#NE;-3;#NE;-3;#NE;Obrigatório;2;0;0;0
13/04/2021;19:37:12;2012;ES;56057;ALFREDO CHAVES;12;27;1171;;2;MASCULINO;1;SOLTEIRO;5054;50 a 54 anos                  ;2;LÊ E ESCREVE;-3;#NE;-3;#NE;-3;#NE;-3;#NE;Obrigatório;1;0;0;0
13/04/2021;19:37:12;2012;ES;56057;ALFREDO CHAVES;12;27;1171;;2;MASCULINO;1;SOLTEIRO;5559;55 a 59 anos                  ;3;ENSINO FUNDAMENTAL INCOMPLETO;-3;#NE;-3;#NE;-3;#NE;-3;#NE;Obrigatório;2;0;0;0
13/04/2021;19:37:12;2012;ES;56057;ALFREDO CHAVES;12;27;1171;;2;MASCULINO;7;SEPARADO JUDICIALMENTE;8084;80 a 84 anos                  ;2;LÊ E ESCREVE;-3;#NE;-3;#NE;-3;#NE;-3;#NE;Facultativo;1;0;0;0
13/04/2021;19:37:12;2012;ES;56057;ALFREDO CHAVES;12;27;1171;;4;FEMININO;1;SOLTEIRO;1600;16 anos                       ;5;ENSINO MÉDIO INCOMPLETO;-3;#NE;-3;#NE;-3;#NE;-3;#NE;Facultativo;1;0;0;0
13/04/2021;19:37:12;2012;ES;56057;ALFREDO CHAVES;12;27;1171;;4;FEMININO;1;SOLTEIRO;1800;18 anos                       ;6;ENSINO MÉDIO COMPLETO;-3;#NE;-3;#NE;-3;#NE;-3;#NE;Obrigatório;1;0;0;0
13/04/2021;19:37:12;2012;ES;56057;ALFREDO CHAVES;12;27;1171;;4;FEMININO;1;SOLTEIRO;2000;20 anos                       ;6;ENSINO MÉDIO COMPLETO;-3;#NE;-3;#NE;-3;#NE;-3;#NE;Obrigatório;2;0;0;0
13/04/2021;19:37:12;2012;ES;56057;ALFREDO CHAVES;12;27;1171;;4;FEMININO;1;SOLTEIRO;2124;21 a 24 anos                  ;6;ENSINO MÉDIO COMPLETO;-3;#NE;-3;#NE;-3;#NE;-3;#NE;Obrigatório;2;0;0;0
13/04/2021;19:37:12;2012;ES;56057;ALFREDO CHAVES;12;27;1171;;4;FEMININO;1;SOLTEIRO;2529;25 a 29 anos                  ;6;ENSINO MÉDIO COMPLETO;-3;#NE;-3;#NE;-3;#NE;-3;#NE;Obrigatório;2;0;0;0
13/04/2021;19:37:12;2012;ES;56057;ALFREDO CHAVES;12;27;1171;;4;FEMININO;1;SOLTEIRO;3539;35 a 39 anos                  ;3;ENSINO FUNDAMENTAL INCOMPLETO;-3;#NE;-3;#NE;-3;#NE;-3;#NE;Obrigatório;4;0;0;0
13/04/2021;19:37:12;2012;ES;56057;ALFREDO CHAVES;12;27;1171;;4;FEMININO;1;SOLTEIRO;4044;40 a 44 anos                  ;4;ENSINO FUNDAMENTAL COMPLETO;-3;#NE;-3;#NE;-3;#NE;-3;#NE;Obrigatório;1;0;0;0
13/04/2021;19:37:12;2012;ES;56057;ALFREDO CHAVES;12;27;1171;;4;FEMININO;1;SOLTEIRO;4549;45 a 49 anos                  ;3;ENSINO FUNDAMENTAL INCOMPLETO;-3;#NE;-3;#NE;-3;#NE;-3;#NE;Obrigatório;2;0;0;0
13/04/2021;19:37:12;2012;ES;56057;ALFREDO CHAVES;12;27;1171;;4;FEMININO;1;SOLTEIRO;5054;50 a 54 anos                  ;3;ENSINO FUNDAMENTAL INCOMPLETO;-3;#NE;-3;#NE;-3;#NE;-3;#NE;Obrigatório;3;0;0;0
13/04/2021;19:37:12;2012;ES;56057;ALFREDO CHAVES;12;27;1171;;4;FEMININO;3;CASADO;2124;21 a 24 anos                  ;4;ENSINO FUNDAMENTAL COMPLETO;-3;#NE;-3;#NE;-3;#NE;-3;#NE;Obrigatório;1;0;0;0
13/04/2021;19:37:12;2012;ES;56057;ALFREDO CHAVES;12;27;1171;;4;FEMININO;3;CASADO;3034;30 a 34 anos                  ;4;ENSINO FUNDAMENTAL COMPLETO;-3;#NE;-3;#NE;-3;#NE;-3;#NE;Obrigatório;1;0;0;0
13/04/2021;19:37:12;2012;ES;56057;ALFREDO CHAVES;12;27;1171;;4;FEMININO;3;CASADO;3539;35 a 39 anos                  ;4;ENSINO FUNDAMENTAL COMPLETO;-3;#NE;-3;#NE;-3;#NE;-3;#NE;Obrigatório;1;0;0;0
13/04/2021;19:37:12;2012;ES;56057;ALFREDO CHAVES;12;27;1171;;4;FEMININO;5;VIÚVO;8084;80 a 84 anos                  ;2;LÊ E ESCREVE;-3;#NE;-3;#NE;-3;#NE;-3;#NE;Facultativo;1;0;0;0
13/04/2021;19:37:12;2012;ES;56057;ALFREDO CHAVES;12;27;1171;;4;FEMININO;7;SEPARADO JUDICIALMENTE;5559;55 a 59 anos                  ;2;LÊ E ESCREVE;-3;#NE;-3;#NE;-3;#NE;-3;#NE;Obrigatório;1;0;0;0
13/04/2021;19:37:12;2012;ES;56057;ALFREDO CHAVES;12;27;1171;;4;FEMININO;9;DIVORCIADO;6064;60 a 64 anos                  ;6;ENSINO MÉDIO COMPLETO;-3;#NE;-3;#NE;-3;#NE;-3;#NE;Obrigatório;1;0;0;0
13/04/2021;19:37:12;2012;ES;56057;ALFREDO CHAVES;12;28;1074;;2;MASCULINO;1;SOLTEIRO;1900;19 anos                       ;5;ENSINO MÉDIO INCOMPLETO;-3;#NE;-3;#NE;-3;#NE;-3;#NE;Obrigatório;1;0;0;0
13/04/2021;19:37:12;2012;ES;56057;ALFREDO CHAVES;12;28;1074;;2;MASCULINO;1;SOLTEIRO;2124;21 a 24 anos                  ;3;ENSINO FUNDAMENTAL INCOMPLETO;-3;#NE;-3;#NE;-3;#NE;-3;#NE;Obrigatório;12;0;0;0
13/04/2021;19:37:12;2012;ES;56057;ALFREDO CHAVES;12;28;1074;;2;MASCULINO;1;SOLTEIRO;2529;25 a 29 anos                  ;3;ENSINO FUNDAMENTAL INCOMPLETO;-3;#NE;-3;#NE;-3;#NE;-3;#NE;Obrigatório;5;0;0;0
13/04/2021;19:37:12;2012;ES;56057;ALFREDO CHAVES;12;28;1074;;2;MASCULINO;1;SOLTEIRO;3034;30 a 34 anos                  ;4;ENSINO FUNDAMENTAL COMPLETO;-3;#NE;-3;#NE;-3;#NE;-3;#NE;Obrigatório;2;0;0;0
13/04/2021;19:37:12;2012;ES;56057;ALFREDO CHAVES;12;28;1074;;2;MASCULINO;1;SOLTEIRO;4549;45 a 49 anos                  ;1;ANALFABETO;-3;#NE;-3;#NE;-3;#NE;-3;#NE;Facultativo;1;0;0;0
13/04/2021;19:37:12;2012;ES;56057;ALFREDO CHAVES;12;25;1155;;4;FEMININO;1;SOLTEIRO;1800;18 anos                       ;6;ENSINO MÉDIO COMPLETO;-3;#NE;-3;#NE;-3;#NE;-3;#NE;Obrigatório;1;0;0;0
13/04/2021;19:37:12;2012;ES;56057;ALFREDO CHAVES;12;25;1155;;4;FEMININO;1;SOLTEIRO;2124;21 a 24 anos                  ;3;ENSINO FUNDAMENTAL INCOMPLETO;-3;#NE;-3;#NE;-3;#NE;-3;#NE;Obrigatório;2;0;0;0
13/04/2021;19:37:12;2012;ES;56057;ALFREDO CHAVES;12;25;1155;;4;FEMININO;1;SOLTEIRO;2529;25 a 29 anos                  ;4;ENSINO FUNDAMENTAL COMPLETO;-3;#NE;-3;#NE;-3;#NE;-3;#NE;Obrigatório;1;0;0;0
13/04/2021;19:37:12;2012;ES;56057;ALFREDO CHAVES;12;25;1155;;4;FEMININO;1;SOLTEIRO;3034;30 a 34 anos                  ;3;ENSINO FUNDAMENTAL INCOMPLETO;-3;#NE;-3;#NE;-3;#NE;-3;#NE;Obrigatório;6;0;0;0
13/04/2021;19:37:12;2012;ES;56057;ALFREDO CHAVES;12;25;1155;;4;FEMININO;1;SOLTEIRO;3539;35 a 39 anos                  ;3;ENSINO FUNDAMENTAL INCOMPLETO;-3;#NE;-3;#NE;-3;#NE;-3;#NE;Obrigatório;4;0;0;0
13/04/2021;19:37:12;2012;ES;56057;ALFREDO CHAVES;12;25;1155;;4;FEMININO;1;SOLTEIRO;4549;45 a 49 anos                  ;2;LÊ E ESCREVE;-3;#NE;-3;#NE;-3;#NE;-3;#NE;Obrigatório;1;0;0;0
13/04/2021;19:37:12;2012;ES;56057;ALFREDO CHAVES;12;25;1155;;4;FEMININO;3;CASADO;2124;21 a 24 anos                  ;3;ENSINO FUNDAMENTAL INCOMPLETO;-3;#NE;-3;#NE;-3;#NE;-3;#NE;Obrigatório;1;0;0;0
13/04/2021;19:37:12;2012;ES;56057;ALFREDO CHAVES;12;25;1155;;4;FEMININO;3;CASADO;3034;30 a 34 anos                  ;3;ENSINO FUNDAMENTAL INCOMPLETO;-3;#NE;-3;#NE;-3;#NE;-3;#NE;Obrigatório;3;0;0;0
13/04/2021;19:37:12;2012;ES;56057;ALFREDO CHAVES;12;25;1155;;4;FEMININO;3;CASADO;3539;35 a 39 anos                  ;3;ENSINO FUNDAMENTAL INCOMPLETO;-3;#NE;-3;#NE;-3;#NE;-3;#NE;Obrigatório;3;0;0;0
13/04/2021;19:37:12;2012;ES;56057;ALFREDO CHAVES;12;25;1155;;4;FEMININO;3;CASADO;4549;45 a 49 anos                  ;6;ENSINO MÉDIO COMPLETO;-3;#NE;-3;#NE;-3;#NE;-3;#NE;Obrigatório;1;0;0;0
13/04/2021;19:37:12;2012;ES;56057;ALFREDO CHAVES;12;25;1155;;4;FEMININO;3;CASADO;5559;55 a 59 anos                  ;1;ANALFABETO;-3;#NE;-3;#NE;-3;#NE;-3;#NE;Facultativo;1;0;0;0
13/04/2021;19:37:12;2012;ES;56057;ALFREDO CHAVES;12;25;1155;;4;FEMININO;3;CASADO;6569;65 a 69 anos                  ;1;ANALFABETO;-3;#NE;-3;#NE;-3;#NE;-3;#NE;Facultativo;2;0;0;0
13/04/2021;19:37:12;2012;ES;56057;ALFREDO CHAVES;12;26;1163;;2;MASCULINO;1;SOLTEIRO;5054;50 a 54 anos                  ;2;LÊ E ESCREVE;-3;#NE;-3;#NE;-3;#NE;-3;#NE;Obrigatório;1;0;0;0
13/04/2021;19:37:12;2012;ES;56057;ALFREDO CHAVES;12;26;1163;;2;MASCULINO;1;SOLTEIRO;7074;70 a 74 anos                  ;3;ENSINO FUNDAMENTAL INCOMPLETO;-3;#NE;-3;#NE;-3;#NE;-3;#NE;Facultativo;1;0;0;0
13/04/2021;19:37:12;2012;ES;56057;ALFREDO CHAVES;12;26;1163;;2;MASCULINO;3;CASADO;3034;30 a 34 anos                  ;3;ENSINO FUNDAMENTAL INCOMPLETO;-3;#NE;-3;#NE;-3;#NE;-3;#NE;Obrigatório;2;0;0;0
13/04/2021;19:37:12;2012;ES;56057;ALFREDO CHAVES;12;26;1163;;2;MASCULINO;3;CASADO;4044;40 a 44 anos                  ;3;ENSINO FUNDAMENTAL INCOMPLETO;-3;#NE;-3;#NE;-3;#NE;-3;#NE;Obrigatório;2;0;0;0
13/04/2021;19:37:12;2012;ES;56057;ALFREDO CHAVES;12;26;1163;;2;MASCULINO;3;CASADO;5559;55 a 59 anos                  ;2;LÊ E ESCREVE;-3;#NE;-3;#NE;-3;#NE;-3;#NE;Obrigatório;2;0;0;0
13/04/2021;19:37:12;2012;ES;56057;ALFREDO CHAVES;12;26;1163;;2;MASCULINO;3;CASADO;6064;60 a 64 anos                  ;6;ENSINO MÉDIO COMPLETO;-3;#NE;-3;#NE;-3;#NE;-3;#NE;Obrigatório;1;0;0;0
13/04/2021;19:37:12;2012;ES;56057;ALFREDO CHAVES;12;26;1163;;2;MASCULINO;3;CASADO;6569;65 a 69 anos                  ;4;ENSINO FUNDAMENTAL COMPLETO;-3;#NE;-3;#NE;-3;#NE;-3;#NE;Obrigatório;1;0;0;0
13/04/2021;19:37:12;2012;ES;56057;ALFREDO CHAVES;12;26;1163;;2;MASCULINO;3;CASADO;7579;75 a 79 anos                  ;3;ENSINO FUNDAMENTAL INCOMPLETO;-3;#NE;-3;#NE;-3;#NE;-3;#NE;Facultativo;1;0;0;0
13/04/2021;19:37:12;2012;ES;56057;ALFREDO CHAVES;12;26;1163;;4;FEMININO;0;NÃO INFORMADO;4549;45 a 49 anos                  ;2;LÊ E ESCREVE;-3;#NE;-3;#NE;-3;#NE;-3;#NE;Obrigatório;1;0;0;0
13/04/2021;19:37:12;2012;ES;56057;ALFREDO CHAVES;12;26;1163;;4;FEMININO;1;SOLTEIRO;2124;21 a 24 anos                  ;5;ENSINO MÉDIO INCOMPLETO;-3;#NE;-3;#NE;-3;#NE;-3;#NE;Obrigatório;2;0;0;0
13/04/2021;19:37:12;2012;ES;56057;ALFREDO CHAVES;12;26;1163;;4;FEMININO;1;SOLTEIRO;3034;30 a 34 anos                  ;1;ANALFABETO;-3;#NE;-3;#NE;-3;#NE;-3;#NE;Facultativo;1;0;0;0
13/04/2021;19:37:12;2012;ES;56057;ALFREDO CHAVES;12;26;1163;;4;FEMININO;1;SOLTEIRO;3539;35 a 39 anos                  ;3;ENSINO FUNDAMENTAL INCOMPLETO;-3;#NE;-3;#NE;-3;#NE;-3;#NE;Obrigatório;7;0;0;0
13/04/2021;19:37:12;2012;ES;56057;ALFREDO CHAVES;12;26;1163;;4;FEMININO;3;CASADO;8084;80 a 84 anos                  ;2;LÊ E ESCREVE;-3;#NE;-3;#NE;-3;#NE;-3;#NE;Facultativo;1;0;0;0
13/04/2021;19:37:12;2012;ES;56057;ALFREDO CHAVES;12;33;1171;;2;MASCULINO;3;CASADO;3539;35 a 39 anos                  ;6;ENSINO MÉDIO COMPLETO;-3;#NE;-3;#NE;-3;#NE;-3;#NE;Obrigatório;1;0;0;0
13/04/2021;19:37:12;2012;ES;56057;ALFREDO CHAVES;12;33;1171;;4;FEMININO;1;SOLTEIRO;4044;40 a 44 anos                  ;4;ENSINO FUNDAMENTAL COMPLETO;-3;#NE;-3;#NE;-3;#NE;-3;#NE;Obrigatório;3;0;0;0
13/04/2021;19:37:12;2012;ES;56057;ALFREDO CHAVES;12;34;1171;;2;MASCULINO;1;SOLTEIRO;2529;25 a 29 anos                  ;7;SUPERIOR INCOMPLETO;-3;#NE;-3;#NE;-3;#NE;-3;#NE;Obrigatório;1;0;0;0
13/04/2021;19:37:12;2012;ES;56057;ALFREDO CHAVES;12;34;1171;;2;MASCULINO;5;VIÚVO;8084;80 a 84 anos                  ;3;ENSINO FUNDAMENTAL INCOMPLETO;-3;#NE;-3;#NE;-3;#NE;-3;#NE;Facultativo;1;0;0;0
13/04/2021;19:37:12;2012;ES;56057;ALFREDO CHAVES;12;34;1171;;4;FEMININO;3;CASADO;3034;30 a 34 anos                  ;7;SUPERIOR INCOMPLETO;-3;#NE;-3;#NE;-3;#NE;-3;#NE;Obrigatório;1;0;0;0
13/04/2021;19:37:12;2012;ES;56057;ALFREDO CHAVES;12;25;1155;;2;MASCULINO;3;CASADO;5054;50 a 54 anos                  ;3;ENSINO FUNDAMENTAL INCOMPLETO;-3;#NE;-3;#NE;-3;#NE;-3;#NE;Obrigatório;6;0;0;0
13/04/2021;19:37:12;2012;ES;56057;ALFREDO CHAVES;12;25;1155;;4;FEMININO;1;SOLTEIRO;3034;30 a 34 anos                  ;2;LÊ E ESCREVE;-3;#NE;-3;#NE;-3;#NE;-3;#NE;Obrigatório;1;0;0;0
13/04/2021;19:37:12;2012;ES;56057;ALFREDO CHAVES;12;25;1155;;4;FEMININO;3;CASADO;7579;75 a 79 anos                  ;3;ENSINO FUNDAMENTAL INCOMPLETO;-3;#NE;-3;#NE;-3;#NE;-3;#NE;Facultativo;1;0;0;0
13/04/2021;19:37:12;2012;ES;56057;ALFREDO CHAVES;12;26;1163;;2;MASCULINO;3;CASADO;3539;35 a 39 anos                  ;4;ENSINO FUNDAMENTAL COMPLETO;-3;#NE;-3;#NE;-3;#NE;-3;#NE;Obrigatório;1;0;0;0
13/04/2021;19:37:12;2012;ES;56057;ALFREDO CHAVES;12;26;1163;;4;FEMININO;1;SOLTEIRO;5559;55 a 59 anos                  ;3;ENSINO FUNDAMENTAL INCOMPLETO;-3;#NE;-3;#NE;-3;#NE;-3;#NE;Obrigatório;2;0;0;0
13/04/2021;19:37:12;2012;ES;56057;ALFREDO CHAVES;12;27;1171;;2;MASCULINO;1;SOLTEIRO;1900;19 anos                       ;5;ENSINO MÉDIO INCOMPLETO;-3;#NE;-3;#NE;-3;#NE;-3;#NE;Obrigatório;1;0;0;0
13/04/2021;19:37:12;2012;ES;56057;ALFREDO CHAVES;12;27;1171;;4;FEMININO;0;NÃO INFORMADO;4549;45 a 49 anos                  ;4;ENSINO FUNDAMENTAL COMPLETO;-3;#NE;-3;#NE;-3;#NE;-3;#NE;Obrigatório;1;0;0;0
13/04/2021;19:37:12;2012;ES;56057;ALFREDO CHAVES;12;27;1171;;4;FEMININO;5;VIÚVO;7579;75 a 79 anos                  ;3;ENSINO FUNDAMENTAL INCOMPLETO;-3;#NE;-3;#NE;-3;#NE;-3;#NE;Facultativo;2;0;0;0
13/04/2021;19:37:12;2012;ES;56057;ALFREDO CHAVES;12;28;1074;;2;MASCULINO;3;CASADO;6569;65 a 69 anos                  ;3;ENSINO FUNDAMENTAL INCOMPLETO;-3;#NE;-3;#NE;-3;#NE;-3;#NE;Obrigatório;2;0;0;0
13/04/2021;19:37:12;2012;ES;56057;ALFREDO CHAVES;12;28;1074;;4;FEMININO;1;SOLTEIRO;3034;30 a 34 anos                  ;4;ENSINO FUNDAMENTAL COMPLETO;-3;#NE;-3;#NE;-3;#NE;-3;#NE;Obrigatório;1;0;0;0
13/04/2021;19:37:12;2012;ES;56057;ALFREDO CHAVES;12;29;1147;;2;MASCULINO;1;SOLTEIRO;1700;17 anos                       ;4;ENSINO FUNDAMENTAL COMPLETO;-3;#NE;-3;#NE;-3;#NE;-3;#NE;Facultativo;2;0;0;0
13/04/2021;19:37:12;2012;ES;56057;ALFREDO CHAVES;12;29;1147;;2;MASCULINO;7;SEPARADO JUDICIALMENTE;2529;25 a 29 anos                  ;3;ENSINO FUNDAMENTAL INCOMPLETO;-3;#NE;-3;#NE;-3;#NE;-3;#NE;Obrigatório;1;0;0;0
13/04/2021;19:37:12;2012;ES;56057;ALFREDO CHAVES;12;29;1147;;4;FEMININO;3;CASADO;5559;55 a 59 anos                  ;3;ENSINO FUNDAMENTAL INCOMPLETO;-3;#NE;-3;#NE;-3;#NE;-3;#NE;Obrigatório;4;0;0;0
13/04/2021;19:37:12;2012;ES;56057;ALFREDO CHAVES;12;30;1171;;2;MASCULINO;3;CASADO;4549;45 a 49 anos                  ;3;ENSINO FUNDAMENTAL INCOMPLETO;-3;#NE;-3;#NE;-3;#NE;-3;#NE;Obrigatório;4;0;0;0
13/04/2021;19:37:12;2012;ES;56057;ALFREDO CHAVES;12;30;1171;;4;FEMININO;1;SOLTEIRO;3539;35 a 39 anos                  ;4;ENSINO FUNDAMENTAL COMPLETO;-3;#NE;-3;#NE;-3;#NE;-3;#NE;Obrigatório;1;0;0;0
13/04/2021;19:37:12;2012;ES;56057;ALFREDO CHAVES;12;30;1171;;4;FEMININO;1;SOLTEIRO;5054;50 a 54 anos                  ;5;ENSINO MÉDIO INCOMPLETO;-3;#NE;-3;#NE;-3;#NE;-3;#NE;Obrigatório;1;0;0;0
13/04/2021;19:37:12;2012;ES;56057;ALFREDO CHAVES;12;30;1171;;4;FEMININO;5;VIÚVO;7579;75 a 79 anos                  ;2;LÊ E ESCREVE;-3;#NE;-3;#NE;-3;#NE;-3;#NE;Facultativo;1;0;0;0
13/04/2021;19:37:12;2012;ES;56057;ALFREDO CHAVES;12;31;1171;;2;MASCULINO;3;CASADO;5054;50 a 54 anos                  ;3;ENSINO FUNDAMENTAL INCOMPLETO;-3;#NE;-3;#NE;-3;#NE;-3;#NE;Obrigatório;3;0;0;0
13/04/2021;19:37:12;2012;ES;56057;ALFREDO CHAVES;12;31;1171;;4;FEMININO;3;CASADO;2124;21 a 24 anos                  ;3;ENSINO FUNDAMENTAL INCOMPLETO;-3;#NE;-3;#NE;-3;#NE;-3;#NE;Obrigatório;1;0;0;0
13/04/2021;19:37:12;2012;ES;56057;ALFREDO CHAVES;12;31;1171;;4;FEMININO;3;CASADO;5054;50 a 54 anos                  ;6;ENSINO MÉDIO COMPLETO;-3;#NE;-3;#NE;-3;#NE;-3;#NE;Obrigatório;1;0;0;0
13/04/2021;19:37:12;2012;ES;56057;ALFREDO CHAVES;12;32;1031;;2;MASCULINO;1;SOLTEIRO;4044;40 a 44 anos                  ;4;ENSINO FUNDAMENTAL COMPLETO;-3;#NE;-3;#NE;-3;#NE;-3;#NE;Obrigatório;1;0;0;0
13/04/2021;19:37:12;2012;ES;56057;ALFREDO CHAVES;12;32;1031;;4;FEMININO;3;CASADO;3034;30 a 34 anos                  ;3;ENSINO FUNDAMENTAL INCOMPLETO;-3;#NE;-3;#NE;-3;#NE;-3;#NE;Obrigatório;1;0;0;0
13/04/2021;19:37:12;2012;ES;56057;ALFREDO CHAVES;12;33;1171;;2;MASCULINO;1;SOLTEIRO;4044;40 a 44 anos                  ;3;ENSINO FUNDAMENTAL INCOMPLETO;-3;#NE;-3;#NE;-3;#NE;-3;#NE;Obrigatório;6;0;0;0
13/04/2021;19:37:12;2012;ES;56057;ALFREDO CHAVES;12;34;1171;;4;FEMININO;1;SOLTEIRO;2124;21 a 24 anos                  ;6;ENSINO MÉDIO COMPLETO;-3;#NE;-3;#NE;-3;#NE;-3;#NE;Obrigatório;3;0;0;0
13/04/2021;19:37:12;2012;ES;56057;ALFREDO CHAVES;12;34;1171;;4;FEMININO;1;SOLTEIRO;2529;25 a 29 anos                  ;6;ENSINO MÉDIO COMPLETO;-3;#NE;-3;#NE;-3;#NE;-3;#NE;Obrigatório;2;0;0;0
13/04/2021;19:37:12;2012;ES;56057;ALFREDO CHAVES;12;34;1171;;4;FEMININO;1;SOLTEIRO;3034;30 a 34 anos                  ;6;ENSINO MÉDIO COMPLETO;-3;#NE;-3;#NE;-3;#NE;-3;#NE;Obrigatório;4;0;0;0
13/04/2021;19:37:12;2012;ES;56057;ALFREDO CHAVES;12;34;1171;;4;FEMININO;3;CASADO;4044;40 a 44 anos                  ;5;ENSINO MÉDIO INCOMPLETO;-3;#NE;-3;#NE;-3;#NE;-3;#NE;Obrigatório;1;0;0;0
13/04/2021;19:37:12;2012;ES;56057;ALFREDO CHAVES;12;28;1074;;2;MASCULINO;3;CASADO;2124;21 a 24 anos                  ;3;ENSINO FUNDAMENTAL INCOMPLETO;-3;#NE;-3;#NE;-3;#NE;-3;#NE;Obrigatório;1;0;0;0
13/04/2021;19:37:12;2012;ES;56057;ALFREDO CHAVES;12;28;1074;;2;MASCULINO;3;CASADO;4044;40 a 44 anos                  ;3;ENSINO FUNDAMENTAL INCOMPLETO;-3;#NE;-3;#NE;-3;#NE;-3;#NE;Obrigatório;3;0;0;0
13/04/2021;19:37:12;2012;ES;56057;ALFREDO CHAVES;12;28;1074;;2;MASCULINO;3;CASADO;5054;50 a 54 anos                  ;3;ENSINO FUNDAMENTAL INCOMPLETO;-3;#NE;-3;#NE;-3;#NE;-3;#NE;Obrigatório;2;0;0;0
13/04/2021;19:37:12;2012;ES;56057;ALFREDO CHAVES;12;28;1074;;2;MASCULINO;3;CASADO;6064;60 a 64 anos                  ;3;ENSINO FUNDAMENTAL INCOMPLETO;-3;#NE;-3;#NE;-3;#NE;-3;#NE;Obrigatório;3;0;0;0
13/04/2021;19:37:12;2012;ES;56057;ALFREDO CHAVES;12;28;1074;;4;FEMININO;1;SOLTEIRO;1600;16 anos                       ;5;ENSINO MÉDIO INCOMPLETO;-3;#NE;-3;#NE;-3;#NE;-3;#NE;Facultativo;1;0;0;0
13/04/2021;19:37:12;2012;ES;56057;ALFREDO CHAVES;12;28;1074;;4;FEMININO;3;CASADO;4044;40 a 44 anos                  ;4;ENSINO FUNDAMENTAL COMPLETO;-3;#NE;-3;#NE;-3;#NE;-3;#NE;Obrigatório;1;0;0;0
13/04/2021;19:37:12;2012;ES;56057;ALFREDO CHAVES;12;28;1074;;4;FEMININO;3;CASADO;5054;50 a 54 anos                  ;3;ENSINO FUNDAMENTAL INCOMPLETO;-3;#NE;-3;#NE;-3;#NE;-3;#NE;Obrigatório;7;0;0;0
13/04/2021;19:37:12;2012;ES;56057;ALFREDO CHAVES;12;28;1074;;4;FEMININO;3;CASADO;6064;60 a 64 anos                  ;1;ANALFABETO;-3;#NE;-3;#NE;-3;#NE;-3;#NE;Facultativo;1;0;0;0
13/04/2021;19:37:12;2012;ES;56057;ALFREDO CHAVES;12;28;1074;;4;FEMININO;3;CASADO;7074;70 a 74 anos                  ;3;ENSINO FUNDAMENTAL INCOMPLETO;-3;#NE;-3;#NE;-3;#NE;-3;#NE;Facultativo;1;0;0;0
13/04/2021;19:37:12;2012;ES;56057;ALFREDO CHAVES;12;28;1074;;4;FEMININO;5;VIÚVO;6569;65 a 69 anos                  ;2;LÊ E ESCREVE;-3;#NE;-3;#NE;-3;#NE;-3;#NE;Obrigatório;1;0;0;0
13/04/2021;19:37:12;2012;ES;56057;ALFREDO CHAVES;12;35;1171;;2;MASCULINO;1;SOLTEIRO;2124;21 a 24 anos                  ;7;SUPERIOR INCOMPLETO;-3;#NE;-3;#NE;-3;#NE;-3;#NE;Obrigatório;2;0;0;0
13/04/2021;19:37:12;2012;ES;56057;ALFREDO CHAVES;12;35;1171;;2;MASCULINO;9;DIVORCIADO;5054;50 a 54 anos                  ;3;ENSINO FUNDAMENTAL INCOMPLETO;-3;#NE;-3;#NE;-3;#NE;-3;#NE;Obrigatório;1;0;0;0
13/04/2021;19:37:12;2012;ES;56057;ALFREDO CHAVES;12;35;1171;;4;FEMININO;3;CASADO;4549;45 a 49 anos                  ;3;ENSINO FUNDAMENTAL INCOMPLETO;-3;#NE;-3;#NE;-3;#NE;-3;#NE;Obrigatório;1;0;0;0
13/04/2021;19:37:12;2012;ES;56057;ALFREDO CHAVES;12;35;1171;;4;FEMININO;9;DIVORCIADO;5054;50 a 54 anos                  ;3;ENSINO FUNDAMENTAL INCOMPLETO;-3;#NE;-3;#NE;-3;#NE;-3;#NE;Obrigatório;1;0;0;0
13/04/2021;19:37:12;2012;ES;56057;ALFREDO CHAVES;12;37;1228;;2;MASCULINO;7;SEPARADO JUDICIALMENTE;6569;65 a 69 anos                  ;7;SUPERIOR INCOMPLETO;-3;#NE;-3;#NE;-3;#NE;-3;#NE;Obrigatório;1;0;0;0
13/04/2021;19:37:12;2012;ES;56057;ALFREDO CHAVES;12;37;1228;;4;FEMININO;3;CASADO;4044;40 a 44 anos                  ;3;ENSINO FUNDAMENTAL INCOMPLETO;-3;#NE;-3;#NE;-3;#NE;-3;#NE;Obrigatório;1;0;0;0
13/04/2021;19:37:12;2012;ES;56057;ALFREDO CHAVES;12;2;1015;;2;MASCULINO;1;SOLTEIRO;5054;50 a 54 anos                  ;4;ENSINO FUNDAMENTAL COMPLETO;-3;#NE;-3;#NE;-3;#NE;-3;#NE;Obrigatório;3;0;0;0
13/04/2021;19:37:12;2012;ES;56057;ALFREDO CHAVES;12;2;1015;;2;MASCULINO;1;SOLTEIRO;5559;55 a 59 anos                  ;1;ANALFABETO;-3;#NE;-3;#NE;-3;#NE;-3;#NE;Facultativo;1;0;0;0
13/04/2021;19:37:12;2012;ES;56057;ALFREDO CHAVES;12;2;1015;;2;MASCULINO;1;SOLTEIRO;6064;60 a 64 anos                  ;3;ENSINO FUNDAMENTAL INCOMPLETO;-3;#NE;-3;#NE;-3;#NE;-3;#NE;Obrigatório;1;0;0;0
13/04/2021;19:37:12;2012;ES;56057;ALFREDO CHAVES;12;2;1015;;2;MASCULINO;3;CASADO;3539;35 a 39 anos                  ;2;LÊ E ESCREVE;-3;#NE;-3;#NE;-3;#NE;-3;#NE;Obrigatório;1;0;0;0
13/04/2021;19:37:12;2012;ES;56057;ALFREDO CHAVES;12;2;1015;;2;MASCULINO;3;CASADO;4044;40 a 44 anos                  ;4;ENSINO FUNDAMENTAL COMPLETO;-3;#NE;-3;#NE;-3;#NE;-3;#NE;Obrigatório;2;0;0;0
13/04/2021;19:37:12;2012;ES;56057;ALFREDO CHAVES;12;2;1015;;2;MASCULINO;3;CASADO;4549;45 a 49 anos                  ;6;ENSINO MÉDIO COMPLETO;-3;#NE;-3;#NE;-3;#NE;-3;#NE;Obrigatório;2;0;0;0
13/04/2021;19:37:12;2012;ES;56057;ALFREDO CHAVES;12;2;1015;;2;MASCULINO;3;CASADO;5054;50 a 54 anos                  ;5;ENSINO MÉDIO INCOMPLETO;-3;#NE;-3;#NE;-3;#NE;-3;#NE;Obrigatório;2;0;0;0
13/04/2021;19:37:12;2012;ES;56057;ALFREDO CHAVES;12;2;1015;;4;FEMININO;1;SOLTEIRO;1800;18 anos                       ;6;ENSINO MÉDIO COMPLETO;-3;#NE;-3;#NE;-3;#NE;-3;#NE;Obrigatório;1;0;0;0
13/04/2021;19:37:12;2012;ES;56057;ALFREDO CHAVES;12;2;1015;;4;FEMININO;1;SOLTEIRO;2000;20 anos                       ;6;ENSINO MÉDIO COMPLETO;-3;#NE;-3;#NE;-3;#NE;-3;#NE;Obrigatório;1;0;0;0
13/04/2021;19:37:12;2012;ES;56057;ALFREDO CHAVES;12;2;1015;;4;FEMININO;1;SOLTEIRO;2124;21 a 24 anos                  ;7;SUPERIOR INCOMPLETO;-3;#NE;-3;#NE;-3;#NE;-3;#NE;Obrigatório;1;0;0;0
13/04/2021;19:37:12;2012;ES;56057;ALFREDO CHAVES;12;2;1015;;4;FEMININO;1;SOLTEIRO;3034;30 a 34 anos                  ;1;ANALFABETO;-3;#NE;-3;#NE;-3;#NE;-3;#NE;Facultativo;1;0;0;0
13/04/2021;19:37:12;2012;ES;56057;ALFREDO CHAVES;12;2;1015;;4;FEMININO;1;SOLTEIRO;3034;30 a 34 anos                  ;6;ENSINO MÉDIO COMPLETO;-3;#NE;-3;#NE;-3;#NE;-3;#NE;Obrigatório;3;0;0;0
13/04/2021;19:37:12;2012;ES;56057;ALFREDO CHAVES;12;2;1015;;4;FEMININO;1;SOLTEIRO;4044;40 a 44 anos                  ;3;ENSINO FUNDAMENTAL INCOMPLETO;-3;#NE;-3;#NE;-3;#NE;-3;#NE;Obrigatório;1;0;0;0
13/04/2021;19:37:12;2012;ES;56057;ALFREDO CHAVES;12;2;1015;;4;FEMININO;1;SOLTEIRO;5054;50 a 54 anos                  ;3;ENSINO FUNDAMENTAL INCOMPLETO;-3;#NE;-3;#NE;-3;#NE;-3;#NE;Obrigatório;2;0;0;0
13/04/2021;19:37:12;2012;ES;56057;ALFREDO CHAVES;12;2;1015;;4;FEMININO;1;SOLTEIRO;5559;55 a 59 anos                  ;6;ENSINO MÉDIO COMPLETO;-3;#NE;-3;#NE;-3;#NE;-3;#NE;Obrigatório;1;0;0;0
13/04/2021;19:37:12;2012;ES;56057;ALFREDO CHAVES;12;2;1015;;4;FEMININO;1;SOLTEIRO;6569;65 a 69 anos                  ;8;SUPERIOR COMPLETO;-3;#NE;-3;#NE;-3;#NE;-3;#NE;Obrigatório;1;0;0;0
13/04/2021;19:37:12;2012;ES;56057;ALFREDO CHAVES;12;2;1015;;4;FEMININO;3;CASADO;2124;21 a 24 anos                  ;3;ENSINO FUNDAMENTAL INCOMPLETO;-3;#NE;-3;#NE;-3;#NE;-3;#NE;Obrigatório;1;0;0;0
13/04/2021;19:37:12;2012;ES;56057;ALFREDO CHAVES;12;2;1015;;4;FEMININO;3;CASADO;3034;30 a 34 anos                  ;7;SUPERIOR INCOMPLETO;-3;#NE;-3;#NE;-3;#NE;-3;#NE;Obrigatório;1;0;0;0
13/04/2021;19:37:12;2012;ES;56057;ALFREDO CHAVES;12;2;1015;;4;FEMININO;3;CASADO;3539;35 a 39 anos                  ;5;ENSINO MÉDIO INCOMPLETO;-3;#NE;-3;#NE;-3;#NE;-3;#NE;Obrigatório;1;0;0;0
13/04/2021;19:37:12;2012;ES;56057;ALFREDO CHAVES;12;2;1015;;4;FEMININO;3;CASADO;4044;40 a 44 anos                  ;8;SUPERIOR COMPLETO;-3;#NE;-3;#NE;-3;#NE;-3;#NE;Obrigatório;1;0;0;0
13/04/2021;19:37:12;2012;ES;56057;ALFREDO CHAVES;12;2;1015;;4;FEMININO;5;VIÚVO;7074;70 a 74 anos                  ;3;ENSINO FUNDAMENTAL INCOMPLETO;-3;#NE;-3;#NE;-3;#NE;-3;#NE;Facultativo;1;0;0;0
13/04/2021;19:37:12;2012;ES;56057;ALFREDO CHAVES;12;2;1015;;4;FEMININO;7;SEPARADO JUDICIALMENTE;4044;40 a 44 anos                  ;3;ENSINO FUNDAMENTAL INCOMPLETO;-3;#NE;-3;#NE;-3;#NE;-3;#NE;Obrigatório;1;0;0;0
13/04/2021;19:37:12;2012;ES;56057;ALFREDO CHAVES;12;2;1015;;4;FEMININO;7;SEPARADO JUDICIALMENTE;6569;65 a 69 anos                  ;3;ENSINO FUNDAMENTAL INCOMPLETO;-3;#NE;-3;#NE;-3;#NE;-3;#NE;Obrigatório;1;0;0;0
13/04/2021;19:37:12;2012;ES;56057;ALFREDO CHAVES;12;2;1015;;4;FEMININO;9;DIVORCIADO;5054;50 a 54 anos                  ;6;ENSINO MÉDIO COMPLETO;-3;#NE;-3;#NE;-3;#NE;-3;#NE;Obrigatório;1;0;0;0
13/04/2021;19:37:12;2012;ES;56057;ALFREDO CHAVES;12;2;1015;;4;FEMININO;9;DIVORCIADO;8084;80 a 84 anos                  ;2;LÊ E ESCREVE;-3;#NE;-3;#NE;-3;#NE;-3;#NE;Facultativo;1;0;0;0
13/04/2021;19:37:12;2012;ES;56057;ALFREDO CHAVES;12;3;1015;;2;MASCULINO;1;SOLTEIRO;1900;19 anos                       ;6;ENSINO MÉDIO COMPLETO;-3;#NE;-3;#NE;-3;#NE;-3;#NE;Obrigatório;1;0;0;0
13/04/2021;19:37:12;2012;ES;56057;ALFREDO CHAVES;12;3;1015;;2;MASCULINO;1;SOLTEIRO;2124;21 a 24 anos                  ;5;ENSINO MÉDIO INCOMPLETO;-3;#NE;-3;#NE;-3;#NE;-3;#NE;Obrigatório;12;0;0;0
13/04/2021;19:37:12;2012;ES;56057;ALFREDO CHAVES;12;3;1015;;2;MASCULINO;1;SOLTEIRO;2529;25 a 29 anos                  ;5;ENSINO MÉDIO INCOMPLETO;-3;#NE;-3;#NE;-3;#NE;-3;#NE;Obrigatório;6;0;0;0
13/04/2021;19:37:12;2012;ES;56057;ALFREDO CHAVES;12;3;1015;;2;MASCULINO;1;SOLTEIRO;3539;35 a 39 anos                  ;4;ENSINO FUNDAMENTAL COMPLETO;-3;#NE;-3;#NE;-3;#NE;-3;#NE;Obrigatório;1;0;0;0
13/04/2021;19:37:12;2012;ES;56057;ALFREDO CHAVES;12;3;1015;;2;MASCULINO;1;SOLTEIRO;4549;45 a 49 anos                  ;1;ANALFABETO;-3;#NE;-3;#NE;-3;#NE;-3;#NE;Facultativo;1;0;0;0
13/04/2021;19:37:12;2012;ES;56057;ALFREDO CHAVES;12;3;1015;;2;MASCULINO;1;SOLTEIRO;4549;45 a 49 anos                  ;5;ENSINO MÉDIO INCOMPLETO;-3;#NE;-3;#NE;-3;#NE;-3;#NE;Obrigatório;1;0;0;0
13/04/2021;19:37:12;2012;ES;56057;ALFREDO CHAVES;12;3;1015;;2;MASCULINO;1;SOLTEIRO;5054;50 a 54 anos                  ;3;ENSINO FUNDAMENTAL INCOMPLETO;-3;#NE;-3;#NE;-3;#NE;-3;#NE;Obrigatório;1;0;0;0
13/04/2021;19:37:12;2012;ES;56057;ALFREDO CHAVES;12;3;1015;;2;MASCULINO;3;CASADO;6064;60 a 64 anos                  ;3;ENSINO FUNDAMENTAL INCOMPLETO;-3;#NE;-3;#NE;-3;#NE;-3;#NE;Obrigatório;2;0;0;0
13/04/2021;19:37:12;2012;ES;56057;ALFREDO CHAVES;12;3;1015;;2;MASCULINO;3;CASADO;6569;65 a 69 anos                  ;2;LÊ E ESCREVE;-3;#NE;-3;#NE;-3;#NE;-3;#NE;Obrigatório;1;0;0;0
13/04/2021;19:37:12;2012;ES;56057;ALFREDO CHAVES;12;3;1015;;2;MASCULINO;3;CASADO;7074;70 a 74 anos                  ;2;LÊ E ESCREVE;-3;#NE;-3;#NE;-3;#NE;-3;#NE;Facultativo;2;0;0;0
13/04/2021;19:37:12;2012;ES;56057;ALFREDO CHAVES;12;3;1015;;2;MASCULINO;3;CASADO;7579;75 a 79 anos                  ;3;ENSINO FUNDAMENTAL INCOMPLETO;-3;#NE;-3;#NE;-3;#NE;-3;#NE;Facultativo;2;0;0;0
13/04/2021;19:37:12;2012;ES;56057;ALFREDO CHAVES;12;3;1015;;2;MASCULINO;3;CASADO;8589;85 a 89 anos                  ;2;LÊ E ESCREVE;-3;#NE;-3;#NE;-3;#NE;-3;#NE;Facultativo;2;0;0;0
13/04/2021;19:37:12;2012;ES;56057;ALFREDO CHAVES;12;3;1015;;2;MASCULINO;9;DIVORCIADO;4044;40 a 44 anos                  ;3;ENSINO FUNDAMENTAL INCOMPLETO;-3;#NE;-3;#NE;-3;#NE;-3;#NE;Obrigatório;1;0;0;0
13/04/2021;19:37:12;2012;ES;56057;ALFREDO CHAVES;12;3;1015;;4;FEMININO;1;SOLTEIRO;1700;17 anos                       ;5;ENSINO MÉDIO INCOMPLETO;-3;#NE;-3;#NE;-3;#NE;-3;#NE;Facultativo;1;0;0;0
13/04/2021;19:37:12;2012;ES;56057;ALFREDO CHAVES;12;28;1074;;4;FEMININO;5;VIÚVO;7579;75 a 79 anos                  ;6;ENSINO MÉDIO COMPLETO;-3;#NE;-3;#NE;-3;#NE;-3;#NE;Facultativo;1;0;0;0
13/04/2021;19:37:12;2012;ES;56057;ALFREDO CHAVES;12;29;1147;;2;MASCULINO;1;SOLTEIRO;1600;16 anos                       ;5;ENSINO MÉDIO INCOMPLETO;-3;#NE;-3;#NE;-3;#NE;-3;#NE;Facultativo;1;0;0;0
13/04/2021;19:37:12;2012;ES;56057;ALFREDO CHAVES;12;29;1147;;2;MASCULINO;1;SOLTEIRO;1800;18 anos                       ;5;ENSINO MÉDIO INCOMPLETO;-3;#NE;-3;#NE;-3;#NE;-3;#NE;Obrigatório;2;0;0;0
13/04/2021;19:37:12;2012;ES;56057;ALFREDO CHAVES;12;29;1147;;2;MASCULINO;1;SOLTEIRO;2000;20 anos                       ;3;ENSINO FUNDAMENTAL INCOMPLETO;-3;#NE;-3;#NE;-3;#NE;-3;#NE;Obrigatório;1;0;0;0
13/04/2021;19:37:12;2012;ES;56057;ALFREDO CHAVES;12;29;1147;;2;MASCULINO;1;SOLTEIRO;2529;25 a 29 anos                  ;3;ENSINO FUNDAMENTAL INCOMPLETO;-3;#NE;-3;#NE;-3;#NE;-3;#NE;Obrigatório;9;0;0;0
13/04/2021;19:37:12;2012;ES;56057;ALFREDO CHAVES;12;29;1147;;2;MASCULINO;1;SOLTEIRO;3034;30 a 34 anos                  ;3;ENSINO FUNDAMENTAL INCOMPLETO;-3;#NE;-3;#NE;-3;#NE;-3;#NE;Obrigatório;17;0;0;0
13/04/2021;19:37:12;2012;ES;56057;ALFREDO CHAVES;12;29;1147;;2;MASCULINO;1;SOLTEIRO;3539;35 a 39 anos                  ;4;ENSINO FUNDAMENTAL COMPLETO;-3;#NE;-3;#NE;-3;#NE;-3;#NE;Obrigatório;1;0;0;0
13/04/2021;19:37:12;2012;ES;56057;ALFREDO CHAVES;12;29;1147;;4;FEMININO;1;SOLTEIRO;2529;25 a 29 anos                  ;5;ENSINO MÉDIO INCOMPLETO;-3;#NE;-3;#NE;-3;#NE;-3;#NE;Obrigatório;2;0;0;0
13/04/2021;19:37:12;2012;ES;56057;ALFREDO CHAVES;12;29;1147;;4;FEMININO;1;SOLTEIRO;3539;35 a 39 anos                  ;3;ENSINO FUNDAMENTAL INCOMPLETO;-3;#NE;-3;#NE;-3;#NE;-3;#NE;Obrigatório;15;0;0;0
13/04/2021;19:37:12;2012;ES;56057;ALFREDO CHAVES;12;29;1147;;4;FEMININO;1;SOLTEIRO;4044;40 a 44 anos                  ;4;ENSINO FUNDAMENTAL COMPLETO;-3;#NE;-3;#NE;-3;#NE;-3;#NE;Obrigatório;1;0;0;0
13/04/2021;19:37:12;2012;ES;56057;ALFREDO CHAVES;12;29;1147;;4;FEMININO;3;CASADO;2529;25 a 29 anos                  ;3;ENSINO FUNDAMENTAL INCOMPLETO;-3;#NE;-3;#NE;-3;#NE;-3;#NE;Obrigatório;2;0;0;0
13/04/2021;19:37:12;2012;ES;56057;ALFREDO CHAVES;12;29;1147;;4;FEMININO;3;CASADO;3034;30 a 34 anos                  ;4;ENSINO FUNDAMENTAL COMPLETO;-3;#NE;-3;#NE;-3;#NE;-3;#NE;Obrigatório;2;0;0;0
13/04/2021;19:37:12;2012;ES;56057;ALFREDO CHAVES;12;29;1147;;4;FEMININO;3;CASADO;3539;35 a 39 anos                  ;8;SUPERIOR COMPLETO;-3;#NE;-3;#NE;-3;#NE;-3;#NE;Obrigatório;1;0;0;0
13/04/2021;19:37:12;2012;ES;56057;ALFREDO CHAVES;12;29;1147;;4;FEMININO;3;CASADO;4044;40 a 44 anos                  ;6;ENSINO MÉDIO COMPLETO;-3;#NE;-3;#NE;-3;#NE;-3;#NE;Obrigatório;2;0;0;0
13/04/2021;19:37:12;2012;ES;56057;ALFREDO CHAVES;12;29;1147;;4;FEMININO;3;CASADO;5054;50 a 54 anos                  ;3;ENSINO FUNDAMENTAL INCOMPLETO;-3;#NE;-3;#NE;-3;#NE;-3;#NE;Obrigatório;2;0;0;0
13/04/2021;19:37:12;2012;ES;56057;ALFREDO CHAVES;12;29;1147;;4;FEMININO;3;CASADO;6569;65 a 69 anos                  ;3;ENSINO FUNDAMENTAL INCOMPLETO;-3;#NE;-3;#NE;-3;#NE;-3;#NE;Obrigatório;1;0;0;0
13/04/2021;19:37:12;2012;ES;56057;ALFREDO CHAVES;12;29;1147;;4;FEMININO;9;DIVORCIADO;3034;30 a 34 anos                  ;3;ENSINO FUNDAMENTAL INCOMPLETO;-3;#NE;-3;#NE;-3;#NE;-3;#NE;Obrigatório;2;0;0;0
13/04/2021;19:37:12;2012;ES;56057;ALFREDO CHAVES;12;30;1171;;2;MASCULINO;1;SOLTEIRO;1800;18 anos                       ;7;SUPERIOR INCOMPLETO;-3;#NE;-3;#NE;-3;#NE;-3;#NE;Obrigatório;1;0;0;0
13/04/2021;19:37:12;2012;ES;56057;ALFREDO CHAVES;12;30;1171;;2;MASCULINO;1;SOLTEIRO;2000;20 anos                       ;6;ENSINO MÉDIO COMPLETO;-3;#NE;-3;#NE;-3;#NE;-3;#NE;Obrigatório;1;0;0;0
13/04/2021;19:37:12;2012;ES;56057;ALFREDO CHAVES;12;30;1171;;2;MASCULINO;3;CASADO;4044;40 a 44 anos                  ;4;ENSINO FUNDAMENTAL COMPLETO;-3;#NE;-3;#NE;-3;#NE;-3;#NE;Obrigatório;2;0;0;0
13/04/2021;19:37:12;2012;ES;56057;ALFREDO CHAVES;12;30;1171;;2;MASCULINO;3;CASADO;4549;45 a 49 anos                  ;8;SUPERIOR COMPLETO;-3;#NE;-3;#NE;-3;#NE;-3;#NE;Obrigatório;1;0;0;0
13/04/2021;19:37:12;2012;ES;56057;ALFREDO CHAVES;12;30;1171;;2;MASCULINO;3;CASADO;5054;50 a 54 anos                  ;6;ENSINO MÉDIO COMPLETO;-3;#NE;-3;#NE;-3;#NE;-3;#NE;Obrigatório;1;0;0;0
13/04/2021;19:37:12;2012;ES;56057;ALFREDO CHAVES;12;30;1171;;2;MASCULINO;3;CASADO;5559;55 a 59 anos                  ;4;ENSINO FUNDAMENTAL COMPLETO;-3;#NE;-3;#NE;-3;#NE;-3;#NE;Obrigatório;1;0;0;0
13/04/2021;19:37:12;2012;ES;56057;ALFREDO CHAVES;12;30;1171;;2;MASCULINO;3;CASADO;6064;60 a 64 anos                  ;4;ENSINO FUNDAMENTAL COMPLETO;-3;#NE;-3;#NE;-3;#NE;-3;#NE;Obrigatório;1;0;0;0
13/04/2021;19:37:12;2012;ES;56057;ALFREDO CHAVES;12;30;1171;;2;MASCULINO;3;CASADO;6569;65 a 69 anos                  ;3;ENSINO FUNDAMENTAL INCOMPLETO;-3;#NE;-3;#NE;-3;#NE;-3;#NE;Obrigatório;2;0;0;0
13/04/2021;19:37:12;2012;ES;56057;ALFREDO CHAVES;12;30;1171;;2;MASCULINO;7;SEPARADO JUDICIALMENTE;5559;55 a 59 anos                  ;3;ENSINO FUNDAMENTAL INCOMPLETO;-3;#NE;-3;#NE;-3;#NE;-3;#NE;Obrigatório;1;0;0;0
13/04/2021;19:37:12;2012;ES;56057;ALFREDO CHAVES;12;30;1171;;4;FEMININO;1;SOLTEIRO;1800;18 anos                       ;3;ENSINO FUNDAMENTAL INCOMPLETO;-3;#NE;-3;#NE;-3;#NE;-3;#NE;Obrigatório;1;0;0;0
13/04/2021;19:37:12;2012;ES;56057;ALFREDO CHAVES;12;30;1171;;4;FEMININO;1;SOLTEIRO;2000;20 anos                       ;3;ENSINO FUNDAMENTAL INCOMPLETO;-3;#NE;-3;#NE;-3;#NE;-3;#NE;Obrigatório;1;0;0;0
13/04/2021;19:37:12;2012;ES;56057;ALFREDO CHAVES;12;30;1171;;4;FEMININO;1;SOLTEIRO;2124;21 a 24 anos                  ;7;SUPERIOR INCOMPLETO;-3;#NE;-3;#NE;-3;#NE;-3;#NE;Obrigatório;3;0;0;0
13/04/2021;19:37:12;2012;ES;56057;ALFREDO CHAVES;12;30;1171;;4;FEMININO;1;SOLTEIRO;2529;25 a 29 anos                  ;6;ENSINO MÉDIO COMPLETO;-3;#NE;-3;#NE;-3;#NE;-3;#NE;Obrigatório;3;0;0;0
13/04/2021;19:37:12;2012;ES;56057;ALFREDO CHAVES;12;30;1171;;4;FEMININO;1;SOLTEIRO;3034;30 a 34 anos                  ;5;ENSINO MÉDIO INCOMPLETO;-3;#NE;-3;#NE;-3;#NE;-3;#NE;Obrigatório;4;0;0;0
13/04/2021;19:37:12;2012;ES;56057;ALFREDO CHAVES;12;30;1171;;4;FEMININO;1;SOLTEIRO;3539;35 a 39 anos                  ;5;ENSINO MÉDIO INCOMPLETO;-3;#NE;-3;#NE;-3;#NE;-3;#NE;Obrigatório;11;0;0;0
13/04/2021;19:37:12;2012;ES;56057;ALFREDO CHAVES;12;30;1171;;4;FEMININO;3;CASADO;4549;45 a 49 anos                  ;3;ENSINO FUNDAMENTAL INCOMPLETO;-3;#NE;-3;#NE;-3;#NE;-3;#NE;Obrigatório;7;0;0;0
13/04/2021;19:37:12;2012;ES;56057;ALFREDO CHAVES;12;30;1171;;4;FEMININO;3;CASADO;5054;50 a 54 anos                  ;3;ENSINO FUNDAMENTAL INCOMPLETO;-3;#NE;-3;#NE;-3;#NE;-3;#NE;Obrigatório;4;0;0;0
13/04/2021;19:37:12;2012;ES;56057;ALFREDO CHAVES;12;30;1171;;4;FEMININO;3;CASADO;5559;55 a 59 anos                  ;3;ENSINO FUNDAMENTAL INCOMPLETO;-3;#NE;-3;#NE;-3;#NE;-3;#NE;Obrigatório;5;0;0;0
13/04/2021;19:37:12;2012;ES;56057;ALFREDO CHAVES;12;30;1171;;4;FEMININO;3;CASADO;6064;60 a 64 anos                  ;2;LÊ E ESCREVE;-3;#NE;-3;#NE;-3;#NE;-3;#NE;Obrigatório;1;0;0;0
13/04/2021;19:37:12;2012;ES;56057;ALFREDO CHAVES;12;30;1171;;4;FEMININO;3;CASADO;7579;75 a 79 anos                  ;3;ENSINO FUNDAMENTAL INCOMPLETO;-3;#NE;-3;#NE;-3;#NE;-3;#NE;Facultativo;2;0;0;0
13/04/2021;19:37:12;2012;ES;56057;ALFREDO CHAVES;12;30;1171;;4;FEMININO;5;VIÚVO;5559;55 a 59 anos                  ;3;ENSINO FUNDAMENTAL INCOMPLETO;-3;#NE;-3;#NE;-3;#NE;-3;#NE;Obrigatório;1;0;0;0
13/04/2021;19:37:12;2012;ES;56057;ALFREDO CHAVES;12;30;1171;;4;FEMININO;9;DIVORCIADO;4044;40 a 44 anos                  ;6;ENSINO MÉDIO COMPLETO;-3;#NE;-3;#NE;-3;#NE;-3;#NE;Obrigatório;2;0;0;0
13/04/2021;19:37:12;2012;ES;56057;ALFREDO CHAVES;12;31;1171;;2;MASCULINO;1;SOLTEIRO;1800;18 anos                       ;5;ENSINO MÉDIO INCOMPLETO;-3;#NE;-3;#NE;-3;#NE;-3;#NE;Obrigatório;3;0;0;0
13/04/2021;19:37:12;2012;ES;56057;ALFREDO CHAVES;12;31;1171;;2;MASCULINO;1;SOLTEIRO;2124;21 a 24 anos                  ;3;ENSINO FUNDAMENTAL INCOMPLETO;-3;#NE;-3;#NE;-3;#NE;-3;#NE;Obrigatório;6;0;0;0
13/04/2021;19:37:12;2012;ES;56057;ALFREDO CHAVES;12;31;1171;;2;MASCULINO;1;SOLTEIRO;2529;25 a 29 anos                  ;5;ENSINO MÉDIO INCOMPLETO;-3;#NE;-3;#NE;-3;#NE;-3;#NE;Obrigatório;14;0;0;0
13/04/2021;19:37:12;2012;ES;56057;ALFREDO CHAVES;12;31;1171;;2;MASCULINO;1;SOLTEIRO;3034;30 a 34 anos                  ;5;ENSINO MÉDIO INCOMPLETO;-3;#NE;-3;#NE;-3;#NE;-3;#NE;Obrigatório;5;0;0;0
13/04/2021;19:37:12;2012;ES;56057;ALFREDO CHAVES;12;31;1171;;2;MASCULINO;1;SOLTEIRO;3539;35 a 39 anos                  ;4;ENSINO FUNDAMENTAL COMPLETO;-3;#NE;-3;#NE;-3;#NE;-3;#NE;Obrigatório;3;0;0;0
13/04/2021;19:37:12;2012;ES;56057;ALFREDO CHAVES;12;31;1171;;2;MASCULINO;3;CASADO;5559;55 a 59 anos                  ;4;ENSINO FUNDAMENTAL COMPLETO;-3;#NE;-3;#NE;-3;#NE;-3;#NE;Obrigatório;1;0;0;0
13/04/2021;19:37:12;2012;ES;56057;ALFREDO CHAVES;12;31;1171;;2;MASCULINO;3;CASADO;6064;60 a 64 anos                  ;6;ENSINO MÉDIO COMPLETO;-3;#NE;-3;#NE;-3;#NE;-3;#NE;Obrigatório;1;0;0;0
13/04/2021;19:37:12;2012;ES;56057;ALFREDO CHAVES;12;1;1015;;2;MASCULINO;1;SOLTEIRO;5559;55 a 59 anos                  ;6;ENSINO MÉDIO COMPLETO;-3;#NE;-3;#NE;-3;#NE;-3;#NE;Obrigatório;2;0;0;0
13/04/2021;19:37:12;2012;ES;56057;ALFREDO CHAVES;12;1;1015;;2;MASCULINO;1;SOLTEIRO;6569;65 a 69 anos                  ;3;ENSINO FUNDAMENTAL INCOMPLETO;-3;#NE;-3;#NE;-3;#NE;-3;#NE;Obrigatório;1;0;0;0
13/04/2021;19:37:12;2012;ES;56057;ALFREDO CHAVES;12;1;1015;;2;MASCULINO;1;SOLTEIRO;7579;75 a 79 anos                  ;2;LÊ E ESCREVE;-3;#NE;-3;#NE;-3;#NE;-3;#NE;Facultativo;1;0;0;0
13/04/2021;19:37:12;2012;ES;56057;ALFREDO CHAVES;12;1;1015;;2;MASCULINO;3;CASADO;2529;25 a 29 anos                  ;3;ENSINO FUNDAMENTAL INCOMPLETO;-3;#NE;-3;#NE;-3;#NE;-3;#NE;Obrigatório;2;0;0;0
13/04/2021;19:37:12;2012;ES;56057;ALFREDO CHAVES;12;1;1015;;2;MASCULINO;3;CASADO;4044;40 a 44 anos                  ;3;ENSINO FUNDAMENTAL INCOMPLETO;-3;#NE;-3;#NE;-3;#NE;-3;#NE;Obrigatório;1;0;0;0
13/04/2021;19:37:12;2012;ES;56057;ALFREDO CHAVES;12;1;1015;;2;MASCULINO;3;CASADO;5054;50 a 54 anos                  ;5;ENSINO MÉDIO INCOMPLETO;-3;#NE;-3;#NE;-3;#NE;-3;#NE;Obrigatório;1;0;0;0
13/04/2021;19:37:12;2012;ES;56057;ALFREDO CHAVES;12;1;1015;;2;MASCULINO;3;CASADO;5559;55 a 59 anos                  ;3;ENSINO FUNDAMENTAL INCOMPLETO;-3;#NE;-3;#NE;-3;#NE;-3;#NE;Obrigatório;8;0;0;0
13/04/2021;19:37:12;2012;ES;56057;ALFREDO CHAVES;12;1;1015;;2;MASCULINO;3;CASADO;5559;55 a 59 anos                  ;8;SUPERIOR COMPLETO;-3;#NE;-3;#NE;-3;#NE;-3;#NE;Obrigatório;1;0;0;0
13/04/2021;19:37:12;2012;ES;56057;ALFREDO CHAVES;12;1;1015;;2;MASCULINO;3;CASADO;6064;60 a 64 anos                  ;5;ENSINO MÉDIO INCOMPLETO;-3;#NE;-3;#NE;-3;#NE;-3;#NE;Obrigatório;1;0;0;0
13/04/2021;19:37:12;2012;ES;56057;ALFREDO CHAVES;12;1;1015;;2;MASCULINO;3;CASADO;6569;65 a 69 anos                  ;2;LÊ E ESCREVE;-3;#NE;-3;#NE;-3;#NE;-3;#NE;Obrigatório;2;0;0;0
13/04/2021;19:37:12;2012;ES;56057;ALFREDO CHAVES;12;1;1015;;2;MASCULINO;3;CASADO;7074;70 a 74 anos                  ;3;ENSINO FUNDAMENTAL INCOMPLETO;-3;#NE;-3;#NE;-3;#NE;-3;#NE;Facultativo;3;0;0;0
13/04/2021;19:37:12;2012;ES;56057;ALFREDO CHAVES;12;1;1015;;2;MASCULINO;3;CASADO;8084;80 a 84 anos                  ;2;LÊ E ESCREVE;-3;#NE;-3;#NE;-3;#NE;-3;#NE;Facultativo;2;0;0;0
13/04/2021;19:37:12;2012;ES;56057;ALFREDO CHAVES;12;1;1015;;2;MASCULINO;3;CASADO;8589;85 a 89 anos                  ;2;LÊ E ESCREVE;-3;#NE;-3;#NE;-3;#NE;-3;#NE;Facultativo;1;0;0;0
13/04/2021;19:37:12;2012;ES;56057;ALFREDO CHAVES;12;1;1015;;0;NÃO INFORMADO;3;CASADO;7579;75 a 79 anos                  ;2;LÊ E ESCREVE;-3;#NE;-3;#NE;-3;#NE;-3;#NE;Facultativo;1;0;0;0
13/04/2021;19:37:12;2012;ES;56057;ALFREDO CHAVES;12;2;1015;;2;MASCULINO;1;SOLTEIRO;2529;25 a 29 anos                  ;4;ENSINO FUNDAMENTAL COMPLETO;-3;#NE;-3;#NE;-3;#NE;-3;#NE;Obrigatório;1;0;0;0
13/04/2021;19:37:12;2012;ES;56057;ALFREDO CHAVES;12;2;1015;;2;MASCULINO;1;SOLTEIRO;3034;30 a 34 anos                  ;3;ENSINO FUNDAMENTAL INCOMPLETO;-3;#NE;-3;#NE;-3;#NE;-3;#NE;Obrigatório;5;0;0;0
13/04/2021;19:37:12;2012;ES;56057;ALFREDO CHAVES;12;2;1015;;2;MASCULINO;1;SOLTEIRO;4044;40 a 44 anos                  ;1;ANALFABETO;-3;#NE;-3;#NE;-3;#NE;-3;#NE;Facultativo;1;0;0;0
13/04/2021;19:37:12;2012;ES;56057;ALFREDO CHAVES;12;2;1015;;2;MASCULINO;1;SOLTEIRO;4549;45 a 49 anos                  ;2;LÊ E ESCREVE;-3;#NE;-3;#NE;-3;#NE;-3;#NE;Obrigatório;1;0;0;0
13/04/2021;19:37:12;2012;ES;56057;ALFREDO CHAVES;12;2;1015;;2;MASCULINO;1;SOLTEIRO;4549;45 a 49 anos                  ;6;ENSINO MÉDIO COMPLETO;-3;#NE;-3;#NE;-3;#NE;-3;#NE;Obrigatório;3;0;0;0
13/04/2021;19:37:12;2012;ES;56057;ALFREDO CHAVES;12;1;1015;;4;FEMININO;1;SOLTEIRO;4549;45 a 49 anos                  ;3;ENSINO FUNDAMENTAL INCOMPLETO;-3;#NE;-3;#NE;-3;#NE;-3;#NE;Obrigatório;3;0;0;0
13/04/2021;19:37:12;2012;ES;56057;ALFREDO CHAVES;12;1;1015;;4;FEMININO;1;SOLTEIRO;5054;50 a 54 anos                  ;3;ENSINO FUNDAMENTAL INCOMPLETO;-3;#NE;-3;#NE;-3;#NE;-3;#NE;Obrigatório;1;0;0;0
13/04/2021;19:37:12;2012;ES;56057;ALFREDO CHAVES;12;1;1015;;4;FEMININO;1;SOLTEIRO;5559;55 a 59 anos                  ;7;SUPERIOR INCOMPLETO;-3;#NE;-3;#NE;-3;#NE;-3;#NE;Obrigatório;1;0;0;0
13/04/2021;19:37:12;2012;ES;56057;ALFREDO CHAVES;12;1;1015;;4;FEMININO;1;SOLTEIRO;7579;75 a 79 anos                  ;2;LÊ E ESCREVE;-3;#NE;-3;#NE;-3;#NE;-3;#NE;Facultativo;1;0;0;0
13/04/2021;19:37:12;2012;ES;56057;ALFREDO CHAVES;12;1;1015;;4;FEMININO;3;CASADO;2529;25 a 29 anos                  ;4;ENSINO FUNDAMENTAL COMPLETO;-3;#NE;-3;#NE;-3;#NE;-3;#NE;Obrigatório;1;0;0;0
13/04/2021;19:37:12;2012;ES;56057;ALFREDO CHAVES;12;1;1015;;4;FEMININO;3;CASADO;3539;35 a 39 anos                  ;2;LÊ E ESCREVE;-3;#NE;-3;#NE;-3;#NE;-3;#NE;Obrigatório;1;0;0;0
13/04/2021;19:37:12;2012;ES;56057;ALFREDO CHAVES;12;1;1015;;4;FEMININO;3;CASADO;4549;45 a 49 anos                  ;1;ANALFABETO;-3;#NE;-3;#NE;-3;#NE;-3;#NE;Facultativo;1;0;0;0
13/04/2021;19:37:12;2012;ES;56057;ALFREDO CHAVES;12;1;1015;;4;FEMININO;3;CASADO;4549;45 a 49 anos                  ;6;ENSINO MÉDIO COMPLETO;-3;#NE;-3;#NE;-3;#NE;-3;#NE;Obrigatório;4;0;0;0
13/04/2021;19:37:12;2012;ES;56057;ALFREDO CHAVES;12;1;1015;;4;FEMININO;3;CASADO;5054;50 a 54 anos                  ;8;SUPERIOR COMPLETO;-3;#NE;-3;#NE;-3;#NE;-3;#NE;Obrigatório;1;0;0;0
13/04/2021;19:37:12;2012;ES;56057;ALFREDO CHAVES;12;1;1015;;4;FEMININO;3;CASADO;5559;55 a 59 anos                  ;6;ENSINO MÉDIO COMPLETO;-3;#NE;-3;#NE;-3;#NE;-3;#NE;Obrigatório;1;0;0;0
13/04/2021;19:37:12;2012;ES;56057;ALFREDO CHAVES;12;1;1015;;4;FEMININO;3;CASADO;6064;60 a 64 anos                  ;2;LÊ E ESCREVE;-3;#NE;-3;#NE;-3;#NE;-3;#NE;Obrigatório;1;0;0;0
13/04/2021;19:37:12;2012;ES;56057;ALFREDO CHAVES;12;1;1015;;4;FEMININO;3;CASADO;6569;65 a 69 anos                  ;2;LÊ E ESCREVE;-3;#NE;-3;#NE;-3;#NE;-3;#NE;Obrigatório;2;0;0;0
13/04/2021;19:37:12;2012;ES;56057;ALFREDO CHAVES;12;2;1015;;2;MASCULINO;1;SOLTEIRO;2124;21 a 24 anos                  ;5;ENSINO MÉDIO INCOMPLETO;-3;#NE;-3;#NE;-3;#NE;-3;#NE;Obrigatório;5;0;0;0
13/04/2021;19:37:12;2012;ES;56057;ALFREDO CHAVES;12;8;1023;;4;FEMININO;1;SOLTEIRO;4549;45 a 49 anos                  ;3;ENSINO FUNDAMENTAL INCOMPLETO;-3;#NE;-3;#NE;-3;#NE;-3;#NE;Obrigatório;3;0;0;0
13/04/2021;19:37:12;2012;ES;56057;ALFREDO CHAVES;12;8;1023;;4;FEMININO;1;SOLTEIRO;5054;50 a 54 anos                  ;6;ENSINO MÉDIO COMPLETO;-3;#NE;-3;#NE;-3;#NE;-3;#NE;Obrigatório;2;0;0;0
13/04/2021;19:37:12;2012;ES;56057;ALFREDO CHAVES;12;8;1023;;4;FEMININO;1;SOLTEIRO;6064;60 a 64 anos                  ;3;ENSINO FUNDAMENTAL INCOMPLETO;-3;#NE;-3;#NE;-3;#NE;-3;#NE;Obrigatório;1;0;0;0
13/04/2021;19:37:12;2012;ES;56057;ALFREDO CHAVES;12;8;1023;;4;FEMININO;1;SOLTEIRO;7579;75 a 79 anos                  ;6;ENSINO MÉDIO COMPLETO;-3;#NE;-3;#NE;-3;#NE;-3;#NE;Facultativo;1;0;0;0
13/04/2021;19:37:12;2012;ES;56057;ALFREDO CHAVES;12;8;1023;;4;FEMININO;3;CASADO;2529;25 a 29 anos                  ;8;SUPERIOR COMPLETO;-3;#NE;-3;#NE;-3;#NE;-3;#NE;Obrigatório;1;0;0;0
13/04/2021;19:37:12;2012;ES;56057;ALFREDO CHAVES;12;8;1023;;4;FEMININO;3;CASADO;3539;35 a 39 anos                  ;3;ENSINO FUNDAMENTAL INCOMPLETO;-3;#NE;-3;#NE;-3;#NE;-3;#NE;Obrigatório;2;0;0;0
13/04/2021;19:37:12;2012;ES;56057;ALFREDO CHAVES;12;8;1023;;4;FEMININO;3;CASADO;4044;40 a 44 anos                  ;8;SUPERIOR COMPLETO;-3;#NE;-3;#NE;-3;#NE;-3;#NE;Obrigatório;2;0;0;0
13/04/2021;19:37:12;2012;ES;56057;ALFREDO CHAVES;12;8;1023;;4;FEMININO;3;CASADO;5054;50 a 54 anos                  ;1;ANALFABETO;-3;#NE;-3;#NE;-3;#NE;-3;#NE;Facultativo;2;0;0;0
13/04/2021;19:37:12;2012;ES;56057;ALFREDO CHAVES;12;8;1023;;4;FEMININO;3;CASADO;5054;50 a 54 anos                  ;6;ENSINO MÉDIO COMPLETO;-3;#NE;-3;#NE;-3;#NE;-3;#NE;Obrigatório;8;0;0;0
13/04/2021;19:37:12;2012;ES;56057;ALFREDO CHAVES;12;8;1023;;4;FEMININO;3;CASADO;5559;55 a 59 anos                  ;4;ENSINO FUNDAMENTAL COMPLETO;-3;#NE;-3;#NE;-3;#NE;-3;#NE;Obrigatório;1;0;0;0
13/04/2021;19:37:12;2012;ES;56057;ALFREDO CHAVES;12;8;1023;;4;FEMININO;3;CASADO;6064;60 a 64 anos                  ;3;ENSINO FUNDAMENTAL INCOMPLETO;-3;#NE;-3;#NE;-3;#NE;-3;#NE;Obrigatório;2;0;0;0
13/04/2021;19:37:12;2012;ES;56057;ALFREDO CHAVES;12;9;1031;;2;MASCULINO;1;SOLTEIRO;5559;55 a 59 anos                  ;2;LÊ E ESCREVE;-3;#NE;-3;#NE;-3;#NE;-3;#NE;Obrigatório;1;0;0;0
13/04/2021;19:37:12;2012;ES;56057;ALFREDO CHAVES;12;9;1031;;2;MASCULINO;3;CASADO;3539;35 a 39 anos                  ;5;ENSINO MÉDIO INCOMPLETO;-3;#NE;-3;#NE;-3;#NE;-3;#NE;Obrigatório;1;0;0;0
13/04/2021;19:37:12;2012;ES;56057;ALFREDO CHAVES;12;9;1031;;2;MASCULINO;3;CASADO;4549;45 a 49 anos                  ;2;LÊ E ESCREVE;-3;#NE;-3;#NE;-3;#NE;-3;#NE;Obrigatório;1;0;0;0
13/04/2021;19:37:12;2012;ES;56057;ALFREDO CHAVES;12;9;1031;;2;MASCULINO;3;CASADO;5559;55 a 59 anos                  ;2;LÊ E ESCREVE;-3;#NE;-3;#NE;-3;#NE;-3;#NE;Obrigatório;2;0;0;0
13/04/2021;19:37:12;2012;ES;56057;ALFREDO CHAVES;12;9;1031;;2;MASCULINO;3;CASADO;6064;60 a 64 anos                  ;3;ENSINO FUNDAMENTAL INCOMPLETO;-3;#NE;-3;#NE;-3;#NE;-3;#NE;Obrigatório;7;0;0;0
13/04/2021;19:37:12;2012;ES;56057;ALFREDO CHAVES;12;9;1031;;2;MASCULINO;3;CASADO;7074;70 a 74 anos                  ;2;LÊ E ESCREVE;-3;#NE;-3;#NE;-3;#NE;-3;#NE;Facultativo;1;0;0;0
13/04/2021;19:37:12;2012;ES;56057;ALFREDO CHAVES;12;9;1031;;2;MASCULINO;3;CASADO;8589;85 a 89 anos                  ;2;LÊ E ESCREVE;-3;#NE;-3;#NE;-3;#NE;-3;#NE;Facultativo;2;0;0;0
13/04/2021;19:37:12;2012;ES;56057;ALFREDO CHAVES;12;9;1031;;4;FEMININO;1;SOLTEIRO;1600;16 anos                       ;5;ENSINO MÉDIO INCOMPLETO;-3;#NE;-3;#NE;-3;#NE;-3;#NE;Facultativo;1;0;0;0
13/04/2021;19:37:12;2012;ES;56057;ALFREDO CHAVES;12;9;1031;;4;FEMININO;1;SOLTEIRO;2124;21 a 24 anos                  ;6;ENSINO MÉDIO COMPLETO;-3;#NE;-3;#NE;-3;#NE;-3;#NE;Obrigatório;1;0;0;0
13/04/2021;19:37:12;2012;ES;56057;ALFREDO CHAVES;12;9;1031;;4;FEMININO;1;SOLTEIRO;3034;30 a 34 anos                  ;7;SUPERIOR INCOMPLETO;-3;#NE;-3;#NE;-3;#NE;-3;#NE;Obrigatório;1;0;0;0
13/04/2021;19:37:12;2012;ES;56057;ALFREDO CHAVES;12;9;1031;;4;FEMININO;1;SOLTEIRO;5054;50 a 54 anos                  ;3;ENSINO FUNDAMENTAL INCOMPLETO;-3;#NE;-3;#NE;-3;#NE;-3;#NE;Obrigatório;1;0;0;0
13/04/2021;19:37:12;2012;ES;56057;ALFREDO CHAVES;12;9;1031;;4;FEMININO;3;CASADO;2124;21 a 24 anos                  ;5;ENSINO MÉDIO INCOMPLETO;-3;#NE;-3;#NE;-3;#NE;-3;#NE;Obrigatório;1;0;0;0
13/04/2021;19:37:12;2012;ES;56057;ALFREDO CHAVES;12;9;1031;;4;FEMININO;3;CASADO;4044;40 a 44 anos                  ;2;LÊ E ESCREVE;-3;#NE;-3;#NE;-3;#NE;-3;#NE;Obrigatório;1;0;0;0
13/04/2021;19:37:12;2012;ES;56057;ALFREDO CHAVES;12;10;1040;;2;MASCULINO;1;SOLTEIRO;2124;21 a 24 anos                  ;5;ENSINO MÉDIO INCOMPLETO;-3;#NE;-3;#NE;-3;#NE;-3;#NE;Obrigatório;3;0;0;0
13/04/2021;19:37:12;2012;ES;56057;ALFREDO CHAVES;12;10;1040;;2;MASCULINO;1;SOLTEIRO;3539;35 a 39 anos                  ;2;LÊ E ESCREVE;-3;#NE;-3;#NE;-3;#NE;-3;#NE;Obrigatório;1;0;0;0
13/04/2021;19:37:12;2012;ES;56057;ALFREDO CHAVES;12;10;1040;;2;MASCULINO;1;SOLTEIRO;4044;40 a 44 anos                  ;2;LÊ E ESCREVE;-3;#NE;-3;#NE;-3;#NE;-3;#NE;Obrigatório;1;0;0;0
13/04/2021;19:37:12;2012;ES;56057;ALFREDO CHAVES;12;10;1040;;2;MASCULINO;1;SOLTEIRO;4549;45 a 49 anos                  ;3;ENSINO FUNDAMENTAL INCOMPLETO;-3;#NE;-3;#NE;-3;#NE;-3;#NE;Obrigatório;7;0;0;0
13/04/2021;19:37:12;2012;ES;56057;ALFREDO CHAVES;12;10;1040;;2;MASCULINO;1;SOLTEIRO;5054;50 a 54 anos                  ;4;ENSINO FUNDAMENTAL COMPLETO;-3;#NE;-3;#NE;-3;#NE;-3;#NE;Obrigatório;1;0;0;0
13/04/2021;19:37:12;2012;ES;56057;ALFREDO CHAVES;12;10;1040;;2;MASCULINO;1;SOLTEIRO;6064;60 a 64 anos                  ;2;LÊ E ESCREVE;-3;#NE;-3;#NE;-3;#NE;-3;#NE;Obrigatório;1;0;0;0
13/04/2021;19:37:12;2012;ES;56057;ALFREDO CHAVES;12;10;1040;;2;MASCULINO;3;CASADO;3539;35 a 39 anos                  ;4;ENSINO FUNDAMENTAL COMPLETO;-3;#NE;-3;#NE;-3;#NE;-3;#NE;Obrigatório;1;0;0;0
13/04/2021;19:37:12;2012;ES;56057;ALFREDO CHAVES;12;10;1040;;2;MASCULINO;3;CASADO;4549;45 a 49 anos                  ;2;LÊ E ESCREVE;-3;#NE;-3;#NE;-3;#NE;-3;#NE;Obrigatório;1;0;0;0
13/04/2021;19:37:12;2012;ES;56057;ALFREDO CHAVES;12;7;1023;;4;FEMININO;3;CASADO;8589;85 a 89 anos                  ;3;ENSINO FUNDAMENTAL INCOMPLETO;-3;#NE;-3;#NE;-3;#NE;-3;#NE;Facultativo;1;0;0;0
13/04/2021;19:37:12;2012;ES;56057;ALFREDO CHAVES;12;7;1023;;4;FEMININO;5;VIÚVO;6064;60 a 64 anos                  ;3;ENSINO FUNDAMENTAL INCOMPLETO;-3;#NE;-3;#NE;-3;#NE;-3;#NE;Obrigatório;2;0;0;0
13/04/2021;19:37:12;2012;ES;56057;ALFREDO CHAVES;12;7;1023;;4;FEMININO;7;SEPARADO JUDICIALMENTE;4549;45 a 49 anos                  ;3;ENSINO FUNDAMENTAL INCOMPLETO;-3;#NE;-3;#NE;-3;#NE;-3;#NE;Obrigatório;1;0;0;0
13/04/2021;19:37:12;2012;ES;56057;ALFREDO CHAVES;12;7;1023;;4;FEMININO;7;SEPARADO JUDICIALMENTE;5559;55 a 59 anos                  ;3;ENSINO FUNDAMENTAL INCOMPLETO;-3;#NE;-3;#NE;-3;#NE;-3;#NE;Obrigatório;1;0;0;0
13/04/2021;19:37:12;2012;ES;56057;ALFREDO CHAVES;12;8;1023;;2;MASCULINO;1;SOLTEIRO;3034;30 a 34 anos                  ;8;SUPERIOR COMPLETO;-3;#NE;-3;#NE;-3;#NE;-3;#NE;Obrigatório;1;0;0;0
13/04/2021;19:37:12;2012;ES;56057;ALFREDO CHAVES;12;8;1023;;2;MASCULINO;1;SOLTEIRO;4044;40 a 44 anos                  ;3;ENSINO FUNDAMENTAL INCOMPLETO;-3;#NE;-3;#NE;-3;#NE;-3;#NE;Obrigatório;1;0;0;0
13/04/2021;19:37:12;2012;ES;56057;ALFREDO CHAVES;12;8;1023;;2;MASCULINO;1;SOLTEIRO;4549;45 a 49 anos                  ;3;ENSINO FUNDAMENTAL INCOMPLETO;-3;#NE;-3;#NE;-3;#NE;-3;#NE;Obrigatório;6;0;0;0
13/04/2021;19:37:12;2012;ES;56057;ALFREDO CHAVES;12;8;1023;;2;MASCULINO;1;SOLTEIRO;5054;50 a 54 anos                  ;2;LÊ E ESCREVE;-3;#NE;-3;#NE;-3;#NE;-3;#NE;Obrigatório;1;0;0;0
13/04/2021;19:37:12;2012;ES;56057;ALFREDO CHAVES;12;8;1023;;2;MASCULINO;1;SOLTEIRO;5559;55 a 59 anos                  ;3;ENSINO FUNDAMENTAL INCOMPLETO;-3;#NE;-3;#NE;-3;#NE;-3;#NE;Obrigatório;1;0;0;0
13/04/2021;19:37:12;2012;ES;56057;ALFREDO CHAVES;12;8;1023;;2;MASCULINO;1;SOLTEIRO;6569;65 a 69 anos                  ;3;ENSINO FUNDAMENTAL INCOMPLETO;-3;#NE;-3;#NE;-3;#NE;-3;#NE;Obrigatório;2;0;0;0
13/04/2021;19:37:12;2012;ES;56057;ALFREDO CHAVES;12;8;1023;;2;MASCULINO;3;CASADO;3539;35 a 39 anos                  ;3;ENSINO FUNDAMENTAL INCOMPLETO;-3;#NE;-3;#NE;-3;#NE;-3;#NE;Obrigatório;2;0;0;0
13/04/2021;19:37:12;2012;ES;56057;ALFREDO CHAVES;12;8;1023;;2;MASCULINO;3;CASADO;4549;45 a 49 anos                  ;3;ENSINO FUNDAMENTAL INCOMPLETO;-3;#NE;-3;#NE;-3;#NE;-3;#NE;Obrigatório;2;0;0;0
13/04/2021;19:37:12;2012;ES;56057;ALFREDO CHAVES;12;8;1023;;2;MASCULINO;3;CASADO;5054;50 a 54 anos                  ;8;SUPERIOR COMPLETO;-3;#NE;-3;#NE;-3;#NE;-3;#NE;Obrigatório;2;0;0;0
13/04/2021;19:37:12;2012;ES;56057;ALFREDO CHAVES;12;8;1023;;2;MASCULINO;3;CASADO;5559;55 a 59 anos                  ;5;ENSINO MÉDIO INCOMPLETO;-3;#NE;-3;#NE;-3;#NE;-3;#NE;Obrigatório;1;0;0;0
13/04/2021;19:37:12;2012;ES;56057;ALFREDO CHAVES;12;8;1023;;2;MASCULINO;3;CASADO;6064;60 a 64 anos                  ;8;SUPERIOR COMPLETO;-3;#NE;-3;#NE;-3;#NE;-3;#NE;Obrigatório;1;0;0;0
13/04/2021;19:37:12;2012;ES;56057;ALFREDO CHAVES;12;8;1023;;2;MASCULINO;3;CASADO;6569;65 a 69 anos                  ;8;SUPERIOR COMPLETO;-3;#NE;-3;#NE;-3;#NE;-3;#NE;Obrigatório;1;0;0;0
13/04/2021;19:37:12;2012;ES;56057;ALFREDO CHAVES;12;8;1023;;2;MASCULINO;3;CASADO;7579;75 a 79 anos                  ;2;LÊ E ESCREVE;-3;#NE;-3;#NE;-3;#NE;-3;#NE;Facultativo;2;0;0;0
13/04/2021;19:37:12;2012;ES;56057;ALFREDO CHAVES;12;8;1023;;4;FEMININO;1;SOLTEIRO;3539;35 a 39 anos                  ;8;SUPERIOR COMPLETO;-3;#NE;-3;#NE;-3;#NE;-3;#NE;Obrigatório;1;0;0;0
13/04/2021;19:37:12;2012;ES;56057;ALFREDO CHAVES;12;16;1082;;4;FEMININO;5;VIÚVO;7074;70 a 74 anos                  ;2;LÊ E ESCREVE;-3;#NE;-3;#NE;-3;#NE;-3;#NE;Facultativo;1;0;0;0
13/04/2021;19:37:12;2012;ES;56057;ALFREDO CHAVES;12;17;1090;;2;MASCULINO;1;SOLTEIRO;1700;17 anos                       ;5;ENSINO MÉDIO INCOMPLETO;-3;#NE;-3;#NE;-3;#NE;-3;#NE;Facultativo;2;0;0;0
13/04/2021;19:37:12;2012;ES;56057;ALFREDO CHAVES;12;17;1090;;2;MASCULINO;1;SOLTEIRO;2000;20 anos                       ;5;ENSINO MÉDIO INCOMPLETO;-3;#NE;-3;#NE;-3;#NE;-3;#NE;Obrigatório;2;0;0;0
13/04/2021;19:37:12;2012;ES;56057;ALFREDO CHAVES;12;17;1090;;2;MASCULINO;1;SOLTEIRO;2529;25 a 29 anos                  ;4;ENSINO FUNDAMENTAL COMPLETO;-3;#NE;-3;#NE;-3;#NE;-3;#NE;Obrigatório;1;0;0;0
13/04/2021;19:37:12;2012;ES;56057;ALFREDO CHAVES;12;17;1090;;2;MASCULINO;1;SOLTEIRO;3034;30 a 34 anos                  ;8;SUPERIOR COMPLETO;-3;#NE;-3;#NE;-3;#NE;-3;#NE;Obrigatório;1;0;0;0
13/04/2021;19:37:12;2012;ES;56057;ALFREDO CHAVES;12;17;1090;;2;MASCULINO;1;SOLTEIRO;4044;40 a 44 anos                  ;3;ENSINO FUNDAMENTAL INCOMPLETO;-3;#NE;-3;#NE;-3;#NE;-3;#NE;Obrigatório;11;0;0;0
13/04/2021;19:37:12;2012;ES;56057;ALFREDO CHAVES;12;17;1090;;2;MASCULINO;1;SOLTEIRO;4549;45 a 49 anos                  ;4;ENSINO FUNDAMENTAL COMPLETO;-3;#NE;-3;#NE;-3;#NE;-3;#NE;Obrigatório;7;0;0;0
13/04/2021;19:37:12;2012;ES;56057;ALFREDO CHAVES;12;17;1090;;2;MASCULINO;1;SOLTEIRO;5054;50 a 54 anos                  ;7;SUPERIOR INCOMPLETO;-3;#NE;-3;#NE;-3;#NE;-3;#NE;Obrigatório;1;0;0;0
13/04/2021;19:37:12;2012;ES;56057;ALFREDO CHAVES;12;17;1090;;2;MASCULINO;3;CASADO;3034;30 a 34 anos                  ;3;ENSINO FUNDAMENTAL INCOMPLETO;-3;#NE;-3;#NE;-3;#NE;-3;#NE;Obrigatório;1;0;0;0
13/04/2021;19:37:12;2012;ES;56057;ALFREDO CHAVES;12;17;1090;;4;FEMININO;1;SOLTEIRO;1600;16 anos                       ;5;ENSINO MÉDIO INCOMPLETO;-3;#NE;-3;#NE;-3;#NE;-3;#NE;Facultativo;2;0;0;0
13/04/2021;19:37:12;2012;ES;56057;ALFREDO CHAVES;12;17;1090;;4;FEMININO;1;SOLTEIRO;2000;20 anos                       ;6;ENSINO MÉDIO COMPLETO;-3;#NE;-3;#NE;-3;#NE;-3;#NE;Obrigatório;1;0;0;0
13/04/2021;19:37:12;2012;ES;56057;ALFREDO CHAVES;12;17;1090;;4;FEMININO;1;SOLTEIRO;2529;25 a 29 anos                  ;5;ENSINO MÉDIO INCOMPLETO;-3;#NE;-3;#NE;-3;#NE;-3;#NE;Obrigatório;4;0;0;0
13/04/2021;19:37:12;2012;ES;56057;ALFREDO CHAVES;12;17;1090;;4;FEMININO;1;SOLTEIRO;3034;30 a 34 anos                  ;4;ENSINO FUNDAMENTAL COMPLETO;-3;#NE;-3;#NE;-3;#NE;-3;#NE;Obrigatório;1;0;0;0
13/04/2021;19:37:12;2012;ES;56057;ALFREDO CHAVES;12;17;1090;;4;FEMININO;1;SOLTEIRO;3539;35 a 39 anos                  ;3;ENSINO FUNDAMENTAL INCOMPLETO;-3;#NE;-3;#NE;-3;#NE;-3;#NE;Obrigatório;7;0;0;0
13/04/2021;19:37:12;2012;ES;56057;ALFREDO CHAVES;12;17;1090;;4;FEMININO;1;SOLTEIRO;4044;40 a 44 anos                  ;5;ENSINO MÉDIO INCOMPLETO;-3;#NE;-3;#NE;-3;#NE;-3;#NE;Obrigatório;1;0;0;0
13/04/2021;19:37:12;2012;ES;56057;ALFREDO CHAVES;12;17;1090;;4;FEMININO;1;SOLTEIRO;6064;60 a 64 anos                  ;8;SUPERIOR COMPLETO;-3;#NE;-3;#NE;-3;#NE;-3;#NE;Obrigatório;1;0;0;0
13/04/2021;19:37:12;2012;ES;56057;ALFREDO CHAVES;12;17;1090;;4;FEMININO;1;SOLTEIRO;7579;75 a 79 anos                  ;1;ANALFABETO;-3;#NE;-3;#NE;-3;#NE;-3;#NE;Facultativo;1;0;0;0
13/04/2021;19:37:12;2012;ES;56057;ALFREDO CHAVES;12;10;1040;;2;MASCULINO;3;CASADO;5559;55 a 59 anos                  ;1;ANALFABETO;-3;#NE;-3;#NE;-3;#NE;-3;#NE;Facultativo;1;0;0;0
13/04/2021;19:37:12;2012;ES;56057;ALFREDO CHAVES;12;10;1040;;2;MASCULINO;3;CASADO;6064;60 a 64 anos                  ;2;LÊ E ESCREVE;-3;#NE;-3;#NE;-3;#NE;-3;#NE;Obrigatório;3;0;0;0
13/04/2021;19:37:12;2012;ES;56057;ALFREDO CHAVES;12;10;1040;;2;MASCULINO;3;CASADO;6569;65 a 69 anos                  ;3;ENSINO FUNDAMENTAL INCOMPLETO;-3;#NE;-3;#NE;-3;#NE;-3;#NE;Obrigatório;9;0;0;0
13/04/2021;19:37:12;2012;ES;56057;ALFREDO CHAVES;12;10;1040;;2;MASCULINO;3;CASADO;8084;80 a 84 anos                  ;2;LÊ E ESCREVE;-3;#NE;-3;#NE;-3;#NE;-3;#NE;Facultativo;4;0;0;0
13/04/2021;19:37:12;2012;ES;56057;ALFREDO CHAVES;12;10;1040;;4;FEMININO;1;SOLTEIRO;1600;16 anos                       ;5;ENSINO MÉDIO INCOMPLETO;-3;#NE;-3;#NE;-3;#NE;-3;#NE;Facultativo;1;0;0;0
13/04/2021;19:37:12;2012;ES;56057;ALFREDO CHAVES;12;10;1040;;4;FEMININO;3;CASADO;4549;45 a 49 anos                  ;3;ENSINO FUNDAMENTAL INCOMPLETO;-3;#NE;-3;#NE;-3;#NE;-3;#NE;Obrigatório;6;0;0;0
13/04/2021;19:37:12;2012;ES;56057;ALFREDO CHAVES;12;10;1040;;4;FEMININO;3;CASADO;5054;50 a 54 anos                  ;6;ENSINO MÉDIO COMPLETO;-3;#NE;-3;#NE;-3;#NE;-3;#NE;Obrigatório;3;0;0;0
13/04/2021;19:37:12;2012;ES;56057;ALFREDO CHAVES;12;31;1171;;2;MASCULINO;7;SEPARADO JUDICIALMENTE;4044;40 a 44 anos                  ;3;ENSINO FUNDAMENTAL INCOMPLETO;-3;#NE;-3;#NE;-3;#NE;-3;#NE;Obrigatório;1;0;0;0
13/04/2021;19:37:12;2012;ES;56057;ALFREDO CHAVES;12;31;1171;;4;FEMININO;1;SOLTEIRO;1600;16 anos                       ;5;ENSINO MÉDIO INCOMPLETO;-3;#NE;-3;#NE;-3;#NE;-3;#NE;Facultativo;1;0;0;0
13/04/2021;19:37:12;2012;ES;56057;ALFREDO CHAVES;12;31;1171;;4;FEMININO;1;SOLTEIRO;1900;19 anos                       ;3;ENSINO FUNDAMENTAL INCOMPLETO;-3;#NE;-3;#NE;-3;#NE;-3;#NE;Obrigatório;1;0;0;0
13/04/2021;19:37:12;2012;ES;56057;ALFREDO CHAVES;12;31;1171;;4;FEMININO;1;SOLTEIRO;2124;21 a 24 anos                  ;6;ENSINO MÉDIO COMPLETO;-3;#NE;-3;#NE;-3;#NE;-3;#NE;Obrigatório;4;0;0;0
13/04/2021;19:37:12;2012;ES;56057;ALFREDO CHAVES;12;31;1171;;4;FEMININO;1;SOLTEIRO;2529;25 a 29 anos                  ;6;ENSINO MÉDIO COMPLETO;-3;#NE;-3;#NE;-3;#NE;-3;#NE;Obrigatório;3;0;0;0
13/04/2021;19:37:12;2012;ES;56057;ALFREDO CHAVES;12;31;1171;;4;FEMININO;1;SOLTEIRO;3034;30 a 34 anos                  ;6;ENSINO MÉDIO COMPLETO;-3;#NE;-3;#NE;-3;#NE;-3;#NE;Obrigatório;2;0;0;0
13/04/2021;19:37:12;2012;ES;56057;ALFREDO CHAVES;12;31;1171;;4;FEMININO;1;SOLTEIRO;3539;35 a 39 anos                  ;4;ENSINO FUNDAMENTAL COMPLETO;-3;#NE;-3;#NE;-3;#NE;-3;#NE;Obrigatório;1;0;0;0
13/04/2021;19:37:12;2012;ES;56057;ALFREDO CHAVES;12;31;1171;;4;FEMININO;1;SOLTEIRO;4044;40 a 44 anos                  ;3;ENSINO FUNDAMENTAL INCOMPLETO;-3;#NE;-3;#NE;-3;#NE;-3;#NE;Obrigatório;6;0;0;0
13/04/2021;19:37:12;2012;ES;56057;ALFREDO CHAVES;12;31;1171;;4;FEMININO;1;SOLTEIRO;5559;55 a 59 anos                  ;2;LÊ E ESCREVE;-3;#NE;-3;#NE;-3;#NE;-3;#NE;Obrigatório;1;0;0;0
13/04/2021;19:37:12;2012;ES;56057;ALFREDO CHAVES;12;31;1171;;4;FEMININO;3;CASADO;2529;25 a 29 anos                  ;7;SUPERIOR INCOMPLETO;-3;#NE;-3;#NE;-3;#NE;-3;#NE;Obrigatório;1;0;0;0
13/04/2021;19:37:12;2012;ES;56057;ALFREDO CHAVES;12;31;1171;;4;FEMININO;3;CASADO;3539;35 a 39 anos                  ;3;ENSINO FUNDAMENTAL INCOMPLETO;-3;#NE;-3;#NE;-3;#NE;-3;#NE;Obrigatório;3;0;0;0
13/04/2021;19:37:12;2012;ES;56057;ALFREDO CHAVES;12;31;1171;;4;FEMININO;9;DIVORCIADO;4044;40 a 44 anos                  ;8;SUPERIOR COMPLETO;-3;#NE;-3;#NE;-3;#NE;-3;#NE;Obrigatório;1;0;0;0
13/04/2021;19:37:12;2012;ES;56057;ALFREDO CHAVES;12;32;1031;;2;MASCULINO;1;SOLTEIRO;1800;18 anos                       ;5;ENSINO MÉDIO INCOMPLETO;-3;#NE;-3;#NE;-3;#NE;-3;#NE;Obrigatório;1;0;0;0
13/04/2021;19:37:12;2012;ES;56057;ALFREDO CHAVES;12;32;1031;;2;MASCULINO;1;SOLTEIRO;2124;21 a 24 anos                  ;3;ENSINO FUNDAMENTAL INCOMPLETO;-3;#NE;-3;#NE;-3;#NE;-3;#NE;Obrigatório;6;0;0;0
13/04/2021;19:37:12;2012;ES;56057;ALFREDO CHAVES;12;32;1031;;2;MASCULINO;1;SOLTEIRO;2529;25 a 29 anos                  ;6;ENSINO MÉDIO COMPLETO;-3;#NE;-3;#NE;-3;#NE;-3;#NE;Obrigatório;2;0;0;0
13/04/2021;19:37:12;2012;ES;56057;ALFREDO CHAVES;12;32;1031;;2;MASCULINO;1;SOLTEIRO;3539;35 a 39 anos                  ;3;ENSINO FUNDAMENTAL INCOMPLETO;-3;#NE;-3;#NE;-3;#NE;-3;#NE;Obrigatório;9;0;0;0
13/04/2021;19:37:12;2012;ES;56057;ALFREDO CHAVES;12;32;1031;;2;MASCULINO;1;SOLTEIRO;4549;45 a 49 anos                  ;1;ANALFABETO;-3;#NE;-3;#NE;-3;#NE;-3;#NE;Facultativo;1;0;0;0
13/04/2021;19:37:12;2012;ES;56057;ALFREDO CHAVES;12;32;1031;;2;MASCULINO;3;CASADO;2529;25 a 29 anos                  ;5;ENSINO MÉDIO INCOMPLETO;-3;#NE;-3;#NE;-3;#NE;-3;#NE;Obrigatório;1;0;0;0
13/04/2021;19:37:12;2012;ES;56057;ALFREDO CHAVES;12;32;1031;;2;MASCULINO;3;CASADO;3539;35 a 39 anos                  ;8;SUPERIOR COMPLETO;-3;#NE;-3;#NE;-3;#NE;-3;#NE;Obrigatório;1;0;0;0
13/04/2021;19:37:12;2012;ES;56057;ALFREDO CHAVES;12;32;1031;;2;MASCULINO;3;CASADO;4549;45 a 49 anos                  ;4;ENSINO FUNDAMENTAL COMPLETO;-3;#NE;-3;#NE;-3;#NE;-3;#NE;Obrigatório;1;0;0;0
13/04/2021;19:37:12;2012;ES;56057;ALFREDO CHAVES;12;32;1031;;2;MASCULINO;3;CASADO;6064;60 a 64 anos                  ;6;ENSINO MÉDIO COMPLETO;-3;#NE;-3;#NE;-3;#NE;-3;#NE;Obrigatório;1;0;0;0
13/04/2021;19:37:12;2012;ES;56057;ALFREDO CHAVES;12;32;1031;;2;MASCULINO;3;CASADO;7074;70 a 74 anos                  ;2;LÊ E ESCREVE;-3;#NE;-3;#NE;-3;#NE;-3;#NE;Facultativo;1;0;0;0
13/04/2021;19:37:12;2012;ES;56057;ALFREDO CHAVES;12;32;1031;;2;MASCULINO;5;VIÚVO;6064;60 a 64 anos                  ;3;ENSINO FUNDAMENTAL INCOMPLETO;-3;#NE;-3;#NE;-3;#NE;-3;#NE;Obrigatório;1;0;0;0
13/04/2021;19:37:12;2012;ES;56057;ALFREDO CHAVES;12;32;1031;;4;FEMININO;3;CASADO;4549;45 a 49 anos                  ;2;LÊ E ESCREVE;-3;#NE;-3;#NE;-3;#NE;-3;#NE;Obrigatório;1;0;0;0
13/04/2021;19:37:12;2012;ES;56057;ALFREDO CHAVES;12;32;1031;;4;FEMININO;3;CASADO;4549;45 a 49 anos                  ;8;SUPERIOR COMPLETO;-3;#NE;-3;#NE;-3;#NE;-3;#NE;Obrigatório;1;0;0;0
13/04/2021;19:37:12;2012;ES;56057;ALFREDO CHAVES;12;32;1031;;4;FEMININO;3;CASADO;5559;55 a 59 anos                  ;3;ENSINO FUNDAMENTAL INCOMPLETO;-3;#NE;-3;#NE;-3;#NE;-3;#NE;Obrigatório;3;0;0;0
13/04/2021;19:37:12;2012;ES;56057;ALFREDO CHAVES;12;32;1031;;4;FEMININO;3;CASADO;7074;70 a 74 anos                  ;1;ANALFABETO;-3;#NE;-3;#NE;-3;#NE;-3;#NE;Facultativo;1;0;0;0
13/04/2021;19:37:12;2012;ES;56057;ALFREDO CHAVES;12;33;1171;;2;MASCULINO;1;SOLTEIRO;1700;17 anos                       ;5;ENSINO MÉDIO INCOMPLETO;-3;#NE;-3;#NE;-3;#NE;-3;#NE;Facultativo;3;0;0;0
13/04/2021;19:37:12;2012;ES;56057;ALFREDO CHAVES;12;33;1171;;2;MASCULINO;1;SOLTEIRO;2124;21 a 24 anos                  ;3;ENSINO FUNDAMENTAL INCOMPLETO;-3;#NE;-3;#NE;-3;#NE;-3;#NE;Obrigatório;1;0;0;0
13/04/2021;19:37:12;2012;ES;56057;ALFREDO CHAVES;12;33;1171;;2;MASCULINO;1;SOLTEIRO;2529;25 a 29 anos                  ;3;ENSINO FUNDAMENTAL INCOMPLETO;-3;#NE;-3;#NE;-3;#NE;-3;#NE;Obrigatório;5;0;0;0
13/04/2021;19:37:12;2012;ES;56057;ALFREDO CHAVES;12;33;1171;;2;MASCULINO;1;SOLTEIRO;3034;30 a 34 anos                  ;3;ENSINO FUNDAMENTAL INCOMPLETO;-3;#NE;-3;#NE;-3;#NE;-3;#NE;Obrigatório;8;0;0;0
13/04/2021;19:37:12;2012;ES;56057;ALFREDO CHAVES;12;33;1171;;2;MASCULINO;1;SOLTEIRO;3539;35 a 39 anos                  ;3;ENSINO FUNDAMENTAL INCOMPLETO;-3;#NE;-3;#NE;-3;#NE;-3;#NE;Obrigatório;32;0;0;0
13/04/2021;19:37:12;2012;ES;56057;ALFREDO CHAVES;12;33;1171;;2;MASCULINO;1;SOLTEIRO;3539;35 a 39 anos                  ;8;SUPERIOR COMPLETO;-3;#NE;-3;#NE;-3;#NE;-3;#NE;Obrigatório;2;0;0;0
13/04/2021;19:37:12;2012;ES;56057;ALFREDO CHAVES;12;33;1171;;2;MASCULINO;1;SOLTEIRO;4549;45 a 49 anos                  ;2;LÊ E ESCREVE;-3;#NE;-3;#NE;-3;#NE;-3;#NE;Obrigatório;1;0;0;0
13/04/2021;19:37:12;2012;ES;56057;ALFREDO CHAVES;12;33;1171;;2;MASCULINO;1;SOLTEIRO;4549;45 a 49 anos                  ;6;ENSINO MÉDIO COMPLETO;-3;#NE;-3;#NE;-3;#NE;-3;#NE;Obrigatório;1;0;0;0
13/04/2021;19:37:12;2012;ES;56057;ALFREDO CHAVES;12;33;1171;;2;MASCULINO;3;CASADO;3034;30 a 34 anos                  ;3;ENSINO FUNDAMENTAL INCOMPLETO;-3;#NE;-3;#NE;-3;#NE;-3;#NE;Obrigatório;1;0;0;0
13/04/2021;19:37:12;2012;ES;56057;ALFREDO CHAVES;12;33;1171;;4;FEMININO;1;SOLTEIRO;3034;30 a 34 anos                  ;7;SUPERIOR INCOMPLETO;-3;#NE;-3;#NE;-3;#NE;-3;#NE;Obrigatório;1;0;0;0
13/04/2021;19:37:12;2012;ES;56057;ALFREDO CHAVES;12;33;1171;;4;FEMININO;1;SOLTEIRO;3539;35 a 39 anos                  ;6;ENSINO MÉDIO COMPLETO;-3;#NE;-3;#NE;-3;#NE;-3;#NE;Obrigatório;4;0;0;0
13/04/2021;19:37:12;2012;ES;56057;ALFREDO CHAVES;12;33;1171;;4;FEMININO;1;SOLTEIRO;4549;45 a 49 anos                  ;3;ENSINO FUNDAMENTAL INCOMPLETO;-3;#NE;-3;#NE;-3;#NE;-3;#NE;Obrigatório;1;0;0;0
13/04/2021;19:37:12;2012;ES;56057;ALFREDO CHAVES;12;33;1171;;4;FEMININO;1;SOLTEIRO;5559;55 a 59 anos                  ;8;SUPERIOR COMPLETO;-3;#NE;-3;#NE;-3;#NE;-3;#NE;Obrigatório;1;0;0;0
13/04/2021;19:37:12;2012;ES;56057;ALFREDO CHAVES;12;33;1171;;4;FEMININO;3;CASADO;2529;25 a 29 anos                  ;3;ENSINO FUNDAMENTAL INCOMPLETO;-3;#NE;-3;#NE;-3;#NE;-3;#NE;Obrigatório;1;0;0;0
13/04/2021;19:37:12;2012;ES;56057;ALFREDO CHAVES;12;33;1171;;4;FEMININO;3;CASADO;3539;35 a 39 anos                  ;4;ENSINO FUNDAMENTAL COMPLETO;-3;#NE;-3;#NE;-3;#NE;-3;#NE;Obrigatório;1;0;0;0
13/04/2021;19:37:12;2012;ES;56057;ALFREDO CHAVES;12;33;1171;;4;FEMININO;3;CASADO;4044;40 a 44 anos                  ;5;ENSINO MÉDIO INCOMPLETO;-3;#NE;-3;#NE;-3;#NE;-3;#NE;Obrigatório;1;0;0;0
13/04/2021;19:37:12;2012;ES;56057;ALFREDO CHAVES;12;33;1171;;4;FEMININO;3;CASADO;4549;45 a 49 anos                  ;4;ENSINO FUNDAMENTAL COMPLETO;-3;#NE;-3;#NE;-3;#NE;-3;#NE;Obrigatório;1;0;0;0
13/04/2021;19:37:12;2012;ES;56057;ALFREDO CHAVES;12;33;1171;;4;FEMININO;3;CASADO;5054;50 a 54 anos                  ;6;ENSINO MÉDIO COMPLETO;-3;#NE;-3;#NE;-3;#NE;-3;#NE;Obrigatório;1;0;0;0
13/04/2021;19:37:12;2012;ES;56057;ALFREDO CHAVES;12;33;1171;;4;FEMININO;3;CASADO;6064;60 a 64 anos                  ;1;ANALFABETO;-3;#NE;-3;#NE;-3;#NE;-3;#NE;Facultativo;1;0;0;0
13/04/2021;19:37:12;2012;ES;56057;ALFREDO CHAVES;12;33;1171;;4;FEMININO;3;CASADO;7074;70 a 74 anos                  ;1;ANALFABETO;-3;#NE;-3;#NE;-3;#NE;-3;#NE;Facultativo;1;0;0;0
13/04/2021;19:37:12;2012;ES;56057;ALFREDO CHAVES;12;33;1171;;4;FEMININO;3;CASADO;8084;80 a 84 anos                  ;6;ENSINO MÉDIO COMPLETO;-3;#NE;-3;#NE;-3;#NE;-3;#NE;Facultativo;1;0;0;0
13/04/2021;19:37:12;2012;ES;56057;ALFREDO CHAVES;12;34;1171;;2;MASCULINO;1;SOLTEIRO;6064;60 a 64 anos                  ;8;SUPERIOR COMPLETO;-3;#NE;-3;#NE;-3;#NE;-3;#NE;Obrigatório;1;0;0;0
13/04/2021;19:37:12;2012;ES;56057;ALFREDO CHAVES;12;34;1171;;2;MASCULINO;3;CASADO;3034;30 a 34 anos                  ;3;ENSINO FUNDAMENTAL INCOMPLETO;-3;#NE;-3;#NE;-3;#NE;-3;#NE;Obrigatório;2;0;0;0
13/04/2021;19:37:12;2012;ES;56057;ALFREDO CHAVES;12;34;1171;;2;MASCULINO;3;CASADO;3539;35 a 39 anos                  ;6;ENSINO MÉDIO COMPLETO;-3;#NE;-3;#NE;-3;#NE;-3;#NE;Obrigatório;1;0;0;0
13/04/2021;19:37:12;2012;ES;56057;ALFREDO CHAVES;12;34;1171;;2;MASCULINO;3;CASADO;4549;45 a 49 anos                  ;2;LÊ E ESCREVE;-3;#NE;-3;#NE;-3;#NE;-3;#NE;Obrigatório;2;0;0;0
13/04/2021;19:37:12;2012;ES;56057;ALFREDO CHAVES;12;34;1171;;2;MASCULINO;3;CASADO;5054;50 a 54 anos                  ;6;ENSINO MÉDIO COMPLETO;-3;#NE;-3;#NE;-3;#NE;-3;#NE;Obrigatório;1;0;0;0
13/04/2021;19:37:12;2012;ES;56057;ALFREDO CHAVES;12;34;1171;;2;MASCULINO;3;CASADO;6569;65 a 69 anos                  ;3;ENSINO FUNDAMENTAL INCOMPLETO;-3;#NE;-3;#NE;-3;#NE;-3;#NE;Obrigatório;2;0;0;0
13/04/2021;19:37:12;2012;ES;56057;ALFREDO CHAVES;12;34;1171;;2;MASCULINO;5;VIÚVO;6569;65 a 69 anos                  ;3;ENSINO FUNDAMENTAL INCOMPLETO;-3;#NE;-3;#NE;-3;#NE;-3;#NE;Obrigatório;1;0;0;0
13/04/2021;19:37:12;2012;ES;56057;ALFREDO CHAVES;12;34;1171;;4;FEMININO;1;SOLTEIRO;1700;17 anos                       ;5;ENSINO MÉDIO INCOMPLETO;-3;#NE;-3;#NE;-3;#NE;-3;#NE;Facultativo;4;0;0;0
13/04/2021;19:37:12;2012;ES;56057;ALFREDO CHAVES;12;34;1171;;4;FEMININO;1;SOLTEIRO;2000;20 anos                       ;5;ENSINO MÉDIO INCOMPLETO;-3;#NE;-3;#NE;-3;#NE;-3;#NE;Obrigatório;9;0;0;0
13/04/2021;19:37:12;2012;ES;56057;ALFREDO CHAVES;12;19;1104;;4;FEMININO;1;SOLTEIRO;3034;30 a 34 anos                  ;3;ENSINO FUNDAMENTAL INCOMPLETO;-3;#NE;-3;#NE;-3;#NE;-3;#NE;Obrigatório;4;0;0;0
13/04/2021;19:37:12;2012;ES;56057;ALFREDO CHAVES;12;19;1104;;4;FEMININO;1;SOLTEIRO;3539;35 a 39 anos                  ;3;ENSINO FUNDAMENTAL INCOMPLETO;-3;#NE;-3;#NE;-3;#NE;-3;#NE;Obrigatório;4;0;0;0
13/04/2021;19:37:12;2012;ES;56057;ALFREDO CHAVES;12;17;1090;;4;FEMININO;3;CASADO;2529;25 a 29 anos                  ;3;ENSINO FUNDAMENTAL INCOMPLETO;-3;#NE;-3;#NE;-3;#NE;-3;#NE;Obrigatório;3;0;0;0
13/04/2021;19:37:12;2012;ES;56057;ALFREDO CHAVES;12;17;1090;;4;FEMININO;3;CASADO;3034;30 a 34 anos                  ;6;ENSINO MÉDIO COMPLETO;-3;#NE;-3;#NE;-3;#NE;-3;#NE;Obrigatório;3;0;0;0
13/04/2021;19:37:12;2012;ES;56057;ALFREDO CHAVES;12;17;1090;;4;FEMININO;3;CASADO;3539;35 a 39 anos                  ;6;ENSINO MÉDIO COMPLETO;-3;#NE;-3;#NE;-3;#NE;-3;#NE;Obrigatório;1;0;0;0
13/04/2021;19:37:12;2012;ES;56057;ALFREDO CHAVES;12;17;1090;;4;FEMININO;3;CASADO;4044;40 a 44 anos                  ;5;ENSINO MÉDIO INCOMPLETO;-3;#NE;-3;#NE;-3;#NE;-3;#NE;Obrigatório;1;0;0;0
13/04/2021;19:37:12;2012;ES;56057;ALFREDO CHAVES;12;17;1090;;4;FEMININO;3;CASADO;5054;50 a 54 anos                  ;3;ENSINO FUNDAMENTAL INCOMPLETO;-3;#NE;-3;#NE;-3;#NE;-3;#NE;Obrigatório;5;0;0;0
13/04/2021;19:37:12;2012;ES;56057;ALFREDO CHAVES;12;18;1090;;2;MASCULINO;1;SOLTEIRO;1800;18 anos                       ;5;ENSINO MÉDIO INCOMPLETO;-3;#NE;-3;#NE;-3;#NE;-3;#NE;Obrigatório;2;0;0;0
13/04/2021;19:37:12;2012;ES;56057;ALFREDO CHAVES;12;18;1090;;2;MASCULINO;1;SOLTEIRO;2124;21 a 24 anos                  ;3;ENSINO FUNDAMENTAL INCOMPLETO;-3;#NE;-3;#NE;-3;#NE;-3;#NE;Obrigatório;6;0;0;0
13/04/2021;19:37:12;2012;ES;56057;ALFREDO CHAVES;12;18;1090;;2;MASCULINO;1;SOLTEIRO;2529;25 a 29 anos                  ;2;LÊ E ESCREVE;-3;#NE;-3;#NE;-3;#NE;-3;#NE;Obrigatório;1;0;0;0
13/04/2021;19:37:12;2012;ES;56057;ALFREDO CHAVES;12;18;1090;;2;MASCULINO;1;SOLTEIRO;3034;30 a 34 anos                  ;2;LÊ E ESCREVE;-3;#NE;-3;#NE;-3;#NE;-3;#NE;Obrigatório;1;0;0;0
13/04/2021;19:37:12;2012;ES;56057;ALFREDO CHAVES;12;18;1090;;2;MASCULINO;1;SOLTEIRO;3034;30 a 34 anos                  ;6;ENSINO MÉDIO COMPLETO;-3;#NE;-3;#NE;-3;#NE;-3;#NE;Obrigatório;4;0;0;0
13/04/2021;19:37:12;2012;ES;56057;ALFREDO CHAVES;12;18;1090;;2;MASCULINO;1;SOLTEIRO;3539;35 a 39 anos                  ;5;ENSINO MÉDIO INCOMPLETO;-3;#NE;-3;#NE;-3;#NE;-3;#NE;Obrigatório;3;0;0;0
13/04/2021;19:37:12;2012;ES;56057;ALFREDO CHAVES;12;18;1090;;2;MASCULINO;1;SOLTEIRO;4549;45 a 49 anos                  ;4;ENSINO FUNDAMENTAL COMPLETO;-3;#NE;-3;#NE;-3;#NE;-3;#NE;Obrigatório;2;0;0;0
13/04/2021;19:37:12;2012;ES;56057;ALFREDO CHAVES;12;18;1090;;2;MASCULINO;1;SOLTEIRO;5054;50 a 54 anos                  ;3;ENSINO FUNDAMENTAL INCOMPLETO;-3;#NE;-3;#NE;-3;#NE;-3;#NE;Obrigatório;7;0;0;0
13/04/2021;19:37:12;2012;ES;56057;ALFREDO CHAVES;12;18;1090;;2;MASCULINO;1;SOLTEIRO;5054;50 a 54 anos                  ;7;SUPERIOR INCOMPLETO;-3;#NE;-3;#NE;-3;#NE;-3;#NE;Obrigatório;1;0;0;0
13/04/2021;19:37:12;2012;ES;56057;ALFREDO CHAVES;12;18;1090;;2;MASCULINO;1;SOLTEIRO;6569;65 a 69 anos                  ;2;LÊ E ESCREVE;-3;#NE;-3;#NE;-3;#NE;-3;#NE;Obrigatório;1;0;0;0
13/04/2021;19:37:12;2012;ES;56057;ALFREDO CHAVES;12;18;1090;;2;MASCULINO;3;CASADO;4044;40 a 44 anos                  ;6;ENSINO MÉDIO COMPLETO;-3;#NE;-3;#NE;-3;#NE;-3;#NE;Obrigatório;2;0;0;0
13/04/2021;19:37:12;2012;ES;56057;ALFREDO CHAVES;12;18;1090;;2;MASCULINO;3;CASADO;5559;55 a 59 anos                  ;3;ENSINO FUNDAMENTAL INCOMPLETO;-3;#NE;-3;#NE;-3;#NE;-3;#NE;Obrigatório;5;0;0;0
13/04/2021;19:37:12;2012;ES;56057;ALFREDO CHAVES;12;18;1090;;4;FEMININO;1;SOLTEIRO;2529;25 a 29 anos                  ;8;SUPERIOR COMPLETO;-3;#NE;-3;#NE;-3;#NE;-3;#NE;Obrigatório;1;0;0;0
13/04/2021;19:37:12;2012;ES;56057;ALFREDO CHAVES;12;18;1090;;4;FEMININO;1;SOLTEIRO;3034;30 a 34 anos                  ;5;ENSINO MÉDIO INCOMPLETO;-3;#NE;-3;#NE;-3;#NE;-3;#NE;Obrigatório;3;0;0;0
13/04/2021;19:37:12;2012;ES;56057;ALFREDO CHAVES;12;18;1090;;4;FEMININO;1;SOLTEIRO;3539;35 a 39 anos                  ;3;ENSINO FUNDAMENTAL INCOMPLETO;-3;#NE;-3;#NE;-3;#NE;-3;#NE;Obrigatório;3;0;0;0
13/04/2021;19:37:12;2012;ES;56057;ALFREDO CHAVES;12;18;1090;;4;FEMININO;1;SOLTEIRO;4549;45 a 49 anos                  ;3;ENSINO FUNDAMENTAL INCOMPLETO;-3;#NE;-3;#NE;-3;#NE;-3;#NE;Obrigatório;4;0;0;0
13/04/2021;19:37:12;2012;ES;56057;ALFREDO CHAVES;12;18;1090;;4;FEMININO;1;SOLTEIRO;5559;55 a 59 anos                  ;3;ENSINO FUNDAMENTAL INCOMPLETO;-3;#NE;-3;#NE;-3;#NE;-3;#NE;Obrigatório;1;0;0;0
13/04/2021;19:37:12;2012;ES;56057;ALFREDO CHAVES;12;18;1090;;4;FEMININO;3;CASADO;3034;30 a 34 anos                  ;3;ENSINO FUNDAMENTAL INCOMPLETO;-3;#NE;-3;#NE;-3;#NE;-3;#NE;Obrigatório;2;0;0;0
13/04/2021;19:37:12;2012;ES;56057;ALFREDO CHAVES;12;18;1090;;4;FEMININO;3;CASADO;4044;40 a 44 anos                  ;6;ENSINO MÉDIO COMPLETO;-3;#NE;-3;#NE;-3;#NE;-3;#NE;Obrigatório;3;0;0;0
13/04/2021;19:37:12;2012;ES;56057;ALFREDO CHAVES;12;18;1090;;4;FEMININO;3;CASADO;5054;50 a 54 anos                  ;4;ENSINO FUNDAMENTAL COMPLETO;-3;#NE;-3;#NE;-3;#NE;-3;#NE;Obrigatório;2;0;0;0
13/04/2021;19:37:12;2012;ES;56057;ALFREDO CHAVES;12;18;1090;;4;FEMININO;3;CASADO;5559;55 a 59 anos                  ;3;ENSINO FUNDAMENTAL INCOMPLETO;-3;#NE;-3;#NE;-3;#NE;-3;#NE;Obrigatório;5;0;0;0
13/04/2021;19:37:12;2012;ES;56057;ALFREDO CHAVES;12;18;1090;;4;FEMININO;3;CASADO;6064;60 a 64 anos                  ;1;ANALFABETO;-3;#NE;-3;#NE;-3;#NE;-3;#NE;Facultativo;1;0;0;0
13/04/2021;19:37:12;2012;ES;56057;ALFREDO CHAVES;12;18;1090;;4;FEMININO;3;CASADO;6064;60 a 64 anos                  ;7;SUPERIOR INCOMPLETO;-3;#NE;-3;#NE;-3;#NE;-3;#NE;Obrigatório;1;0;0;0
13/04/2021;19:37:12;2012;ES;56057;ALFREDO CHAVES;12;18;1090;;4;FEMININO;3;CASADO;6569;65 a 69 anos                  ;3;ENSINO FUNDAMENTAL INCOMPLETO;-3;#NE;-3;#NE;-3;#NE;-3;#NE;Obrigatório;5;0;0;0
13/04/2021;19:37:12;2012;ES;56057;ALFREDO CHAVES;12;18;1090;;4;FEMININO;3;CASADO;7579;75 a 79 anos                  ;1;ANALFABETO;-3;#NE;-3;#NE;-3;#NE;-3;#NE;Facultativo;2;0;0;0
13/04/2021;19:37:12;2012;ES;56057;ALFREDO CHAVES;12;19;1104;;2;MASCULINO;1;SOLTEIRO;6064;60 a 64 anos                  ;3;ENSINO FUNDAMENTAL INCOMPLETO;-3;#NE;-3;#NE;-3;#NE;-3;#NE;Obrigatório;3;0;0;0
13/04/2021;19:37:12;2012;ES;56057;ALFREDO CHAVES;12;19;1104;;2;MASCULINO;3;CASADO;4044;40 a 44 anos                  ;3;ENSINO FUNDAMENTAL INCOMPLETO;-3;#NE;-3;#NE;-3;#NE;-3;#NE;Obrigatório;2;0;0;0
13/04/2021;19:37:12;2012;ES;56057;ALFREDO CHAVES;12;19;1104;;2;MASCULINO;3;CASADO;5054;50 a 54 anos                  ;3;ENSINO FUNDAMENTAL INCOMPLETO;-3;#NE;-3;#NE;-3;#NE;-3;#NE;Obrigatório;1;0;0;0
13/04/2021;19:37:12;2012;ES;56057;ALFREDO CHAVES;12;19;1104;;2;MASCULINO;3;CASADO;5559;55 a 59 anos                  ;3;ENSINO FUNDAMENTAL INCOMPLETO;-3;#NE;-3;#NE;-3;#NE;-3;#NE;Obrigatório;2;0;0;0
13/04/2021;19:37:12;2012;ES;56057;ALFREDO CHAVES;12;19;1104;;2;MASCULINO;3;CASADO;6569;65 a 69 anos                  ;2;LÊ E ESCREVE;-3;#NE;-3;#NE;-3;#NE;-3;#NE;Obrigatório;3;0;0;0
13/04/2021;19:37:12;2012;ES;56057;ALFREDO CHAVES;12;19;1104;;2;MASCULINO;3;CASADO;7579;75 a 79 anos                  ;1;ANALFABETO;-3;#NE;-3;#NE;-3;#NE;-3;#NE;Facultativo;1;0;0;0
13/04/2021;19:37:12;2012;ES;56057;ALFREDO CHAVES;12;19;1104;;2;MASCULINO;3;CASADO;9094;90 a 94 anos                  ;3;ENSINO FUNDAMENTAL INCOMPLETO;-3;#NE;-3;#NE;-3;#NE;-3;#NE;Facultativo;1;0;0;0
13/04/2021;19:37:12;2012;ES;56057;ALFREDO CHAVES;12;19;1104;;4;FEMININO;1;SOLTEIRO;2124;21 a 24 anos                  ;5;ENSINO MÉDIO INCOMPLETO;-3;#NE;-3;#NE;-3;#NE;-3;#NE;Obrigatório;4;0;0;0
13/04/2021;19:37:12;2012;ES;56057;ALFREDO CHAVES;12;1;1015;;0;NÃO INFORMADO;3;CASADO;7074;70 a 74 anos                  ;3;ENSINO FUNDAMENTAL INCOMPLETO;-3;#NE;-3;#NE;-3;#NE;-3;#NE;Facultativo;1;0;0;0
13/04/2021;19:37:12;2012;ES;56057;ALFREDO CHAVES;12;1;1015;;2;MASCULINO;1;SOLTEIRO;1800;18 anos                       ;5;ENSINO MÉDIO INCOMPLETO;-3;#NE;-3;#NE;-3;#NE;-3;#NE;Obrigatório;1;0;0;0
13/04/2021;19:37:12;2012;ES;56057;ALFREDO CHAVES;12;1;1015;;2;MASCULINO;1;SOLTEIRO;1800;18 anos                       ;6;ENSINO MÉDIO COMPLETO;-3;#NE;-3;#NE;-3;#NE;-3;#NE;Obrigatório;1;0;0;0
13/04/2021;19:37:12;2012;ES;56057;ALFREDO CHAVES;12;1;1015;;2;MASCULINO;1;SOLTEIRO;1900;19 anos                       ;3;ENSINO FUNDAMENTAL INCOMPLETO;-3;#NE;-3;#NE;-3;#NE;-3;#NE;Obrigatório;2;0;0;0
13/04/2021;19:37:12;2012;ES;56057;ALFREDO CHAVES;12;1;1015;;2;MASCULINO;1;SOLTEIRO;1900;19 anos                       ;5;ENSINO MÉDIO INCOMPLETO;-3;#NE;-3;#NE;-3;#NE;-3;#NE;Obrigatório;3;0;0;0
13/04/2021;19:37:12;2012;ES;56057;ALFREDO CHAVES;12;1;1015;;2;MASCULINO;1;SOLTEIRO;2000;20 anos                       ;3;ENSINO FUNDAMENTAL INCOMPLETO;-3;#NE;-3;#NE;-3;#NE;-3;#NE;Obrigatório;1;0;0;0
13/04/2021;19:37:12;2012;ES;56057;ALFREDO CHAVES;12;1;1015;;2;MASCULINO;1;SOLTEIRO;2000;20 anos                       ;5;ENSINO MÉDIO INCOMPLETO;-3;#NE;-3;#NE;-3;#NE;-3;#NE;Obrigatório;1;0;0;0
13/04/2021;19:37:12;2012;ES;56057;ALFREDO CHAVES;12;1;1015;;2;MASCULINO;1;SOLTEIRO;2000;20 anos                       ;6;ENSINO MÉDIO COMPLETO;-3;#NE;-3;#NE;-3;#NE;-3;#NE;Obrigatório;2;0;0;0
13/04/2021;19:37:12;2012;ES;56057;ALFREDO CHAVES;12;1;1015;;2;MASCULINO;1;SOLTEIRO;2124;21 a 24 anos                  ;2;LÊ E ESCREVE;-3;#NE;-3;#NE;-3;#NE;-3;#NE;Obrigatório;1;0;0;0
13/04/2021;19:37:12;2012;ES;56057;ALFREDO CHAVES;12;1;1015;;2;MASCULINO;1;SOLTEIRO;2124;21 a 24 anos                  ;3;ENSINO FUNDAMENTAL INCOMPLETO;-3;#NE;-3;#NE;-3;#NE;-3;#NE;Obrigatório;3;0;0;0
13/04/2021;19:37:12;2012;ES;56057;ALFREDO CHAVES;12;1;1015;;2;MASCULINO;1;SOLTEIRO;2124;21 a 24 anos                  ;5;ENSINO MÉDIO INCOMPLETO;-3;#NE;-3;#NE;-3;#NE;-3;#NE;Obrigatório;9;0;0;0
13/04/2021;19:37:12;2012;ES;56057;ALFREDO CHAVES;12;1;1015;;2;MASCULINO;1;SOLTEIRO;2124;21 a 24 anos                  ;6;ENSINO MÉDIO COMPLETO;-3;#NE;-3;#NE;-3;#NE;-3;#NE;Obrigatório;2;0;0;0
13/04/2021;19:37:12;2012;ES;56057;ALFREDO CHAVES;12;1;1015;;2;MASCULINO;1;SOLTEIRO;2529;25 a 29 anos                  ;3;ENSINO FUNDAMENTAL INCOMPLETO;-3;#NE;-3;#NE;-3;#NE;-3;#NE;Obrigatório;5;0;0;0
13/04/2021;19:37:12;2012;ES;56057;ALFREDO CHAVES;12;1;1015;;2;MASCULINO;1;SOLTEIRO;2529;25 a 29 anos                  ;4;ENSINO FUNDAMENTAL COMPLETO;-3;#NE;-3;#NE;-3;#NE;-3;#NE;Obrigatório;4;0;0;0
13/04/2021;19:37:12;2012;ES;56057;ALFREDO CHAVES;12;1;1015;;2;MASCULINO;1;SOLTEIRO;2529;25 a 29 anos                  ;5;ENSINO MÉDIO INCOMPLETO;-3;#NE;-3;#NE;-3;#NE;-3;#NE;Obrigatório;10;0;0;0
13/04/2021;19:37:12;2012;ES;56057;ALFREDO CHAVES;12;1;1015;;2;MASCULINO;1;SOLTEIRO;2529;25 a 29 anos                  ;6;ENSINO MÉDIO COMPLETO;-3;#NE;-3;#NE;-3;#NE;-3;#NE;Obrigatório;5;0;0;0
13/04/2021;19:37:12;2012;ES;56057;ALFREDO CHAVES;12;1;1015;;2;MASCULINO;1;SOLTEIRO;2529;25 a 29 anos                  ;7;SUPERIOR INCOMPLETO;-3;#NE;-3;#NE;-3;#NE;-3;#NE;Obrigatório;1;0;0;0
13/04/2021;19:37:12;2012;ES;56057;ALFREDO CHAVES;12;1;1015;;2;MASCULINO;1;SOLTEIRO;3034;30 a 34 anos                  ;3;ENSINO FUNDAMENTAL INCOMPLETO;-3;#NE;-3;#NE;-3;#NE;-3;#NE;Obrigatório;6;0;0;0
13/04/2021;19:37:12;2012;ES;56057;ALFREDO CHAVES;12;1;1015;;2;MASCULINO;1;SOLTEIRO;3034;30 a 34 anos                  ;4;ENSINO FUNDAMENTAL COMPLETO;-3;#NE;-3;#NE;-3;#NE;-3;#NE;Obrigatório;1;0;0;0
13/04/2021;19:37:12;2012;ES;56057;ALFREDO CHAVES;12;1;1015;;2;MASCULINO;1;SOLTEIRO;3034;30 a 34 anos                  ;5;ENSINO MÉDIO INCOMPLETO;-3;#NE;-3;#NE;-3;#NE;-3;#NE;Obrigatório;3;0;0;0
13/04/2021;19:37:12;2012;ES;56057;ALFREDO CHAVES;12;1;1015;;2;MASCULINO;1;SOLTEIRO;3034;30 a 34 anos                  ;6;ENSINO MÉDIO COMPLETO;-3;#NE;-3;#NE;-3;#NE;-3;#NE;Obrigatório;2;0;0;0
13/04/2021;19:37:12;2012;ES;56057;ALFREDO CHAVES;12;1;1015;;2;MASCULINO;1;SOLTEIRO;3034;30 a 34 anos                  ;7;SUPERIOR INCOMPLETO;-3;#NE;-3;#NE;-3;#NE;-3;#NE;Obrigatório;2;0;0;0
13/04/2021;19:37:12;2012;ES;56057;ALFREDO CHAVES;12;1;1015;;2;MASCULINO;1;SOLTEIRO;3539;35 a 39 anos                  ;3;ENSINO FUNDAMENTAL INCOMPLETO;-3;#NE;-3;#NE;-3;#NE;-3;#NE;Obrigatório;4;0;0;0
13/04/2021;19:37:12;2012;ES;56057;ALFREDO CHAVES;12;1;1015;;2;MASCULINO;1;SOLTEIRO;3539;35 a 39 anos                  ;5;ENSINO MÉDIO INCOMPLETO;-3;#NE;-3;#NE;-3;#NE;-3;#NE;Obrigatório;1;0;0;0
13/04/2021;19:37:12;2012;ES;56057;ALFREDO CHAVES;12;1;1015;;2;MASCULINO;1;SOLTEIRO;3539;35 a 39 anos                  ;8;SUPERIOR COMPLETO;-3;#NE;-3;#NE;-3;#NE;-3;#NE;Obrigatório;1;0;0;0
13/04/2021;19:37:12;2012;ES;56057;ALFREDO CHAVES;12;1;1015;;2;MASCULINO;1;SOLTEIRO;4044;40 a 44 anos                  ;3;ENSINO FUNDAMENTAL INCOMPLETO;-3;#NE;-3;#NE;-3;#NE;-3;#NE;Obrigatório;3;0;0;0
13/04/2021;19:37:12;2012;ES;56057;ALFREDO CHAVES;12;1;1015;;2;MASCULINO;1;SOLTEIRO;4549;45 a 49 anos                  ;3;ENSINO FUNDAMENTAL INCOMPLETO;-3;#NE;-3;#NE;-3;#NE;-3;#NE;Obrigatório;2;0;0;0
13/04/2021;19:37:12;2012;ES;56057;ALFREDO CHAVES;12;1;1015;;2;MASCULINO;1;SOLTEIRO;4549;45 a 49 anos                  ;4;ENSINO FUNDAMENTAL COMPLETO;-3;#NE;-3;#NE;-3;#NE;-3;#NE;Obrigatório;1;0;0;0
13/04/2021;19:37:12;2012;ES;56057;ALFREDO CHAVES;12;1;1015;;2;MASCULINO;1;SOLTEIRO;4549;45 a 49 anos                  ;5;ENSINO MÉDIO INCOMPLETO;-3;#NE;-3;#NE;-3;#NE;-3;#NE;Obrigatório;1;0;0;0
13/04/2021;19:37:12;2012;ES;56057;ALFREDO CHAVES;12;1;1015;;2;MASCULINO;1;SOLTEIRO;4549;45 a 49 anos                  ;6;ENSINO MÉDIO COMPLETO;-3;#NE;-3;#NE;-3;#NE;-3;#NE;Obrigatório;4;0;0;0
13/04/2021;19:37:12;2012;ES;56057;ALFREDO CHAVES;12;1;1015;;2;MASCULINO;1;SOLTEIRO;4549;45 a 49 anos                  ;8;SUPERIOR COMPLETO;-3;#NE;-3;#NE;-3;#NE;-3;#NE;Obrigatório;1;0;0;0
13/04/2021;19:37:12;2012;ES;56057;ALFREDO CHAVES;12;1;1015;;2;MASCULINO;1;SOLTEIRO;5054;50 a 54 anos                  ;3;ENSINO FUNDAMENTAL INCOMPLETO;-3;#NE;-3;#NE;-3;#NE;-3;#NE;Obrigatório;2;0;0;0
13/04/2021;19:37:12;2012;ES;56057;ALFREDO CHAVES;12;1;1015;;2;MASCULINO;1;SOLTEIRO;5054;50 a 54 anos                  ;6;ENSINO MÉDIO COMPLETO;-3;#NE;-3;#NE;-3;#NE;-3;#NE;Obrigatório;1;0;0;0
13/04/2021;19:37:12;2012;ES;56057;ALFREDO CHAVES;12;1;1015;;2;MASCULINO;1;SOLTEIRO;5054;50 a 54 anos                  ;8;SUPERIOR COMPLETO;-3;#NE;-3;#NE;-3;#NE;-3;#NE;Obrigatório;1;0;0;0
13/04/2021;19:37:12;2012;ES;56057;ALFREDO CHAVES;12;1;1015;;2;MASCULINO;1;SOLTEIRO;5559;55 a 59 anos                  ;2;LÊ E ESCREVE;-3;#NE;-3;#NE;-3;#NE;-3;#NE;Obrigatório;2;0;0;0
13/04/2021;19:37:12;2012;ES;56057;ALFREDO CHAVES;12;1;1015;;2;MASCULINO;1;SOLTEIRO;5559;55 a 59 anos                  ;3;ENSINO FUNDAMENTAL INCOMPLETO;-3;#NE;-3;#NE;-3;#NE;-3;#NE;Obrigatório;3;0;0;0
13/04/2021;19:37:12;2012;ES;56057;ALFREDO CHAVES;12;1;1015;;2;MASCULINO;1;SOLTEIRO;6064;60 a 64 anos                  ;3;ENSINO FUNDAMENTAL INCOMPLETO;-3;#NE;-3;#NE;-3;#NE;-3;#NE;Obrigatório;1;0;0;0
13/04/2021;19:37:12;2012;ES;56057;ALFREDO CHAVES;12;1;1015;;2;MASCULINO;1;SOLTEIRO;6064;60 a 64 anos                  ;6;ENSINO MÉDIO COMPLETO;-3;#NE;-3;#NE;-3;#NE;-3;#NE;Obrigatório;1;0;0;0
13/04/2021;19:37:12;2012;ES;56057;ALFREDO CHAVES;12;1;1015;;2;MASCULINO;1;SOLTEIRO;6064;60 a 64 anos                  ;8;SUPERIOR COMPLETO;-3;#NE;-3;#NE;-3;#NE;-3;#NE;Obrigatório;1;0;0;0
13/04/2021;19:37:12;2012;ES;56057;ALFREDO CHAVES;12;1;1015;;2;MASCULINO;1;SOLTEIRO;6569;65 a 69 anos                  ;8;SUPERIOR COMPLETO;-3;#NE;-3;#NE;-3;#NE;-3;#NE;Obrigatório;1;0;0;0
13/04/2021;19:37:12;2012;ES;56057;ALFREDO CHAVES;12;1;1015;;2;MASCULINO;1;SOLTEIRO;7074;70 a 74 anos                  ;2;LÊ E ESCREVE;-3;#NE;-3;#NE;-3;#NE;-3;#NE;Facultativo;1;0;0;0
13/04/2021;19:37:12;2012;ES;56057;ALFREDO CHAVES;12;1;1015;;2;MASCULINO;1;SOLTEIRO;7074;70 a 74 anos                  ;3;ENSINO FUNDAMENTAL INCOMPLETO;-3;#NE;-3;#NE;-3;#NE;-3;#NE;Facultativo;1;0;0;0
13/04/2021;19:37:12;2012;ES;56057;ALFREDO CHAVES;12;1;1015;;2;MASCULINO;1;SOLTEIRO;8084;80 a 84 anos                  ;8;SUPERIOR COMPLETO;-3;#NE;-3;#NE;-3;#NE;-3;#NE;Facultativo;1;0;0;0
13/04/2021;19:37:12;2012;ES;56057;ALFREDO CHAVES;12;1;1015;;2;MASCULINO;1;SOLTEIRO;8589;85 a 89 anos                  ;2;LÊ E ESCREVE;-3;#NE;-3;#NE;-3;#NE;-3;#NE;Facultativo;1;0;0;0
13/04/2021;19:37:12;2012;ES;56057;ALFREDO CHAVES;12;1;1015;;2;MASCULINO;1;SOLTEIRO;9094;90 a 94 anos                  ;3;ENSINO FUNDAMENTAL INCOMPLETO;-3;#NE;-3;#NE;-3;#NE;-3;#NE;Facultativo;1;0;0;0
13/04/2021;19:37:12;2012;ES;56057;ALFREDO CHAVES;12;1;1015;;2;MASCULINO;3;CASADO;3539;35 a 39 anos                  ;3;ENSINO FUNDAMENTAL INCOMPLETO;-3;#NE;-3;#NE;-3;#NE;-3;#NE;Obrigatório;1;0;0;0
13/04/2021;19:37:12;2012;ES;56057;ALFREDO CHAVES;12;1;1015;;2;MASCULINO;3;CASADO;3539;35 a 39 anos                  ;5;ENSINO MÉDIO INCOMPLETO;-3;#NE;-3;#NE;-3;#NE;-3;#NE;Obrigatório;1;0;0;0
13/04/2021;19:37:12;2012;ES;56057;ALFREDO CHAVES;12;1;1015;;2;MASCULINO;3;CASADO;3539;35 a 39 anos                  ;7;SUPERIOR INCOMPLETO;-3;#NE;-3;#NE;-3;#NE;-3;#NE;Obrigatório;1;0;0;0
13/04/2021;19:37:12;2012;ES;56057;ALFREDO CHAVES;12;2;1015;;2;MASCULINO;3;CASADO;8084;80 a 84 anos                  ;1;ANALFABETO;-3;#NE;-3;#NE;-3;#NE;-3;#NE;Facultativo;1;0;0;0
13/04/2021;19:37:12;2012;ES;56057;ALFREDO CHAVES;12;2;1015;;2;MASCULINO;3;CASADO;8084;80 a 84 anos                  ;2;LÊ E ESCREVE;-3;#NE;-3;#NE;-3;#NE;-3;#NE;Facultativo;2;0;0;0
13/04/2021;19:37:12;2012;ES;56057;ALFREDO CHAVES;12;2;1015;;2;MASCULINO;3;CASADO;8084;80 a 84 anos                  ;3;ENSINO FUNDAMENTAL INCOMPLETO;-3;#NE;-3;#NE;-3;#NE;-3;#NE;Facultativo;4;0;0;0
13/04/2021;19:37:12;2012;ES;56057;ALFREDO CHAVES;12;2;1015;;2;MASCULINO;3;CASADO;8589;85 a 89 anos                  ;2;LÊ E ESCREVE;-3;#NE;-3;#NE;-3;#NE;-3;#NE;Facultativo;2;0;0;0
13/04/2021;19:37:12;2012;ES;56057;ALFREDO CHAVES;12;2;1015;;2;MASCULINO;3;CASADO;8589;85 a 89 anos                  ;3;ENSINO FUNDAMENTAL INCOMPLETO;-3;#NE;-3;#NE;-3;#NE;-3;#NE;Facultativo;2;0;0;0
13/04/2021;19:37:12;2012;ES;56057;ALFREDO CHAVES;12;2;1015;;2;MASCULINO;3;CASADO;9094;90 a 94 anos                  ;2;LÊ E ESCREVE;-3;#NE;-3;#NE;-3;#NE;-3;#NE;Facultativo;1;0;0;0
13/04/2021;19:37:12;2012;ES;56057;ALFREDO CHAVES;12;2;1015;;2;MASCULINO;5;VIÚVO;8084;80 a 84 anos                  ;8;SUPERIOR COMPLETO;-3;#NE;-3;#NE;-3;#NE;-3;#NE;Facultativo;1;0;0;0
13/04/2021;19:37:12;2012;ES;56057;ALFREDO CHAVES;12;2;1015;;2;MASCULINO;7;SEPARADO JUDICIALMENTE;4044;40 a 44 anos                  ;6;ENSINO MÉDIO COMPLETO;-3;#NE;-3;#NE;-3;#NE;-3;#NE;Obrigatório;1;0;0;0
13/04/2021;19:37:12;2012;ES;56057;ALFREDO CHAVES;12;2;1015;;2;MASCULINO;9;DIVORCIADO;6569;65 a 69 anos                  ;6;ENSINO MÉDIO COMPLETO;-3;#NE;-3;#NE;-3;#NE;-3;#NE;Obrigatório;1;0;0;0
13/04/2021;19:37:12;2012;ES;56057;ALFREDO CHAVES;12;2;1015;;4;FEMININO;1;SOLTEIRO;1600;16 anos                       ;5;ENSINO MÉDIO INCOMPLETO;-3;#NE;-3;#NE;-3;#NE;-3;#NE;Facultativo;1;0;0;0
13/04/2021;19:37:12;2012;ES;56057;ALFREDO CHAVES;12;2;1015;;4;FEMININO;1;SOLTEIRO;1700;17 anos                       ;5;ENSINO MÉDIO INCOMPLETO;-3;#NE;-3;#NE;-3;#NE;-3;#NE;Facultativo;1;0;0;0
13/04/2021;19:37:12;2012;ES;56057;ALFREDO CHAVES;12;2;1015;;4;FEMININO;1;SOLTEIRO;1800;18 anos                       ;5;ENSINO MÉDIO INCOMPLETO;-3;#NE;-3;#NE;-3;#NE;-3;#NE;Obrigatório;2;0;0;0
13/04/2021;19:37:12;2012;ES;56057;ALFREDO CHAVES;12;2;1015;;4;FEMININO;1;SOLTEIRO;1900;19 anos                       ;5;ENSINO MÉDIO INCOMPLETO;-3;#NE;-3;#NE;-3;#NE;-3;#NE;Obrigatório;3;0;0;0
13/04/2021;19:37:12;2012;ES;56057;ALFREDO CHAVES;12;2;1015;;4;FEMININO;1;SOLTEIRO;2000;20 anos                       ;3;ENSINO FUNDAMENTAL INCOMPLETO;-3;#NE;-3;#NE;-3;#NE;-3;#NE;Obrigatório;1;0;0;0
13/04/2021;19:37:12;2012;ES;56057;ALFREDO CHAVES;12;2;1015;;4;FEMININO;1;SOLTEIRO;2000;20 anos                       ;5;ENSINO MÉDIO INCOMPLETO;-3;#NE;-3;#NE;-3;#NE;-3;#NE;Obrigatório;1;0;0;0
13/04/2021;19:37:12;2012;ES;56057;ALFREDO CHAVES;12;2;1015;;4;FEMININO;1;SOLTEIRO;2124;21 a 24 anos                  ;3;ENSINO FUNDAMENTAL INCOMPLETO;-3;#NE;-3;#NE;-3;#NE;-3;#NE;Obrigatório;3;0;0;0
13/04/2021;19:37:12;2012;ES;56057;ALFREDO CHAVES;12;2;1015;;4;FEMININO;1;SOLTEIRO;2124;21 a 24 anos                  ;5;ENSINO MÉDIO INCOMPLETO;-3;#NE;-3;#NE;-3;#NE;-3;#NE;Obrigatório;9;0;0;0
13/04/2021;19:37:12;2012;ES;56057;ALFREDO CHAVES;12;2;1015;;4;FEMININO;1;SOLTEIRO;2124;21 a 24 anos                  ;6;ENSINO MÉDIO COMPLETO;-3;#NE;-3;#NE;-3;#NE;-3;#NE;Obrigatório;2;0;0;0
13/04/2021;19:37:12;2012;ES;56057;ALFREDO CHAVES;12;2;1015;;4;FEMININO;1;SOLTEIRO;2529;25 a 29 anos                  ;3;ENSINO FUNDAMENTAL INCOMPLETO;-3;#NE;-3;#NE;-3;#NE;-3;#NE;Obrigatório;7;0;0;0
13/04/2021;19:37:12;2012;ES;56057;ALFREDO CHAVES;12;2;1015;;4;FEMININO;1;SOLTEIRO;2529;25 a 29 anos                  ;5;ENSINO MÉDIO INCOMPLETO;-3;#NE;-3;#NE;-3;#NE;-3;#NE;Obrigatório;6;0;0;0
13/04/2021;19:37:12;2012;ES;56057;ALFREDO CHAVES;12;2;1015;;4;FEMININO;1;SOLTEIRO;2529;25 a 29 anos                  ;6;ENSINO MÉDIO COMPLETO;-3;#NE;-3;#NE;-3;#NE;-3;#NE;Obrigatório;5;0;0;0
13/04/2021;19:37:12;2012;ES;56057;ALFREDO CHAVES;12;2;1015;;4;FEMININO;1;SOLTEIRO;3034;30 a 34 anos                  ;3;ENSINO FUNDAMENTAL INCOMPLETO;-3;#NE;-3;#NE;-3;#NE;-3;#NE;Obrigatório;5;0;0;0
13/04/2021;19:37:12;2012;ES;56057;ALFREDO CHAVES;12;2;1015;;4;FEMININO;1;SOLTEIRO;3034;30 a 34 anos                  ;4;ENSINO FUNDAMENTAL COMPLETO;-3;#NE;-3;#NE;-3;#NE;-3;#NE;Obrigatório;1;0;0;0
13/04/2021;19:37:12;2012;ES;56057;ALFREDO CHAVES;12;2;1015;;4;FEMININO;1;SOLTEIRO;3034;30 a 34 anos                  ;5;ENSINO MÉDIO INCOMPLETO;-3;#NE;-3;#NE;-3;#NE;-3;#NE;Obrigatório;6;0;0;0
13/04/2021;19:37:12;2012;ES;56057;ALFREDO CHAVES;12;2;1015;;4;FEMININO;1;SOLTEIRO;3034;30 a 34 anos                  ;7;SUPERIOR INCOMPLETO;-3;#NE;-3;#NE;-3;#NE;-3;#NE;Obrigatório;1;0;0;0
13/04/2021;19:37:12;2012;ES;56057;ALFREDO CHAVES;12;2;1015;;4;FEMININO;1;SOLTEIRO;3539;35 a 39 anos                  ;3;ENSINO FUNDAMENTAL INCOMPLETO;-3;#NE;-3;#NE;-3;#NE;-3;#NE;Obrigatório;1;0;0;0
13/04/2021;19:37:12;2012;ES;56057;ALFREDO CHAVES;12;2;1015;;4;FEMININO;1;SOLTEIRO;3539;35 a 39 anos                  ;5;ENSINO MÉDIO INCOMPLETO;-3;#NE;-3;#NE;-3;#NE;-3;#NE;Obrigatório;1;0;0;0
13/04/2021;19:37:12;2012;ES;56057;ALFREDO CHAVES;12;2;1015;;4;FEMININO;1;SOLTEIRO;4549;45 a 49 anos                  ;3;ENSINO FUNDAMENTAL INCOMPLETO;-3;#NE;-3;#NE;-3;#NE;-3;#NE;Obrigatório;1;0;0;0
13/04/2021;19:37:12;2012;ES;56057;ALFREDO CHAVES;12;2;1015;;4;FEMININO;1;SOLTEIRO;4549;45 a 49 anos                  ;5;ENSINO MÉDIO INCOMPLETO;-3;#NE;-3;#NE;-3;#NE;-3;#NE;Obrigatório;3;0;0;0
13/04/2021;19:37:12;2012;ES;56057;ALFREDO CHAVES;12;2;1015;;4;FEMININO;1;SOLTEIRO;4549;45 a 49 anos                  ;6;ENSINO MÉDIO COMPLETO;-3;#NE;-3;#NE;-3;#NE;-3;#NE;Obrigatório;3;0;0;0
13/04/2021;19:37:12;2012;ES;56057;ALFREDO CHAVES;12;2;1015;;4;FEMININO;1;SOLTEIRO;5054;50 a 54 anos                  ;6;ENSINO MÉDIO COMPLETO;-3;#NE;-3;#NE;-3;#NE;-3;#NE;Obrigatório;1;0;0;0
13/04/2021;19:37:12;2012;ES;56057;ALFREDO CHAVES;12;2;1015;;4;FEMININO;1;SOLTEIRO;5054;50 a 54 anos                  ;8;SUPERIOR COMPLETO;-3;#NE;-3;#NE;-3;#NE;-3;#NE;Obrigatório;1;0;0;0
13/04/2021;19:37:12;2012;ES;56057;ALFREDO CHAVES;12;2;1015;;4;FEMININO;1;SOLTEIRO;5559;55 a 59 anos                  ;1;ANALFABETO;-3;#NE;-3;#NE;-3;#NE;-3;#NE;Facultativo;2;0;0;0
13/04/2021;19:37:12;2012;ES;56057;ALFREDO CHAVES;12;2;1015;;4;FEMININO;1;SOLTEIRO;6064;60 a 64 anos                  ;1;ANALFABETO;-3;#NE;-3;#NE;-3;#NE;-3;#NE;Facultativo;1;0;0;0
13/04/2021;19:37:12;2012;ES;56057;ALFREDO CHAVES;12;2;1015;;4;FEMININO;1;SOLTEIRO;6569;65 a 69 anos                  ;3;ENSINO FUNDAMENTAL INCOMPLETO;-3;#NE;-3;#NE;-3;#NE;-3;#NE;Obrigatório;1;0;0;0
13/04/2021;19:37:12;2012;ES;56057;ALFREDO CHAVES;12;2;1015;;4;FEMININO;1;SOLTEIRO;6569;65 a 69 anos                  ;4;ENSINO FUNDAMENTAL COMPLETO;-3;#NE;-3;#NE;-3;#NE;-3;#NE;Obrigatório;1;0;0;0
13/04/2021;19:37:12;2012;ES;56057;ALFREDO CHAVES;12;2;1015;;4;FEMININO;1;SOLTEIRO;7074;70 a 74 anos                  ;1;ANALFABETO;-3;#NE;-3;#NE;-3;#NE;-3;#NE;Facultativo;1;0;0;0
13/04/2021;19:37:12;2012;ES;56057;ALFREDO CHAVES;12;2;1015;;4;FEMININO;1;SOLTEIRO;7074;70 a 74 anos                  ;6;ENSINO MÉDIO COMPLETO;-3;#NE;-3;#NE;-3;#NE;-3;#NE;Facultativo;1;0;0;0
13/04/2021;19:37:12;2012;ES;56057;ALFREDO CHAVES;12;2;1015;;4;FEMININO;1;SOLTEIRO;8084;80 a 84 anos                  ;1;ANALFABETO;-3;#NE;-3;#NE;-3;#NE;-3;#NE;Facultativo;1;0;0;0
13/04/2021;19:37:12;2012;ES;56057;ALFREDO CHAVES;12;2;1015;;4;FEMININO;3;CASADO;2124;21 a 24 anos                  ;6;ENSINO MÉDIO COMPLETO;-3;#NE;-3;#NE;-3;#NE;-3;#NE;Obrigatório;1;0;0;0
13/04/2021;19:37:12;2012;ES;56057;ALFREDO CHAVES;12;2;1015;;4;FEMININO;3;CASADO;2529;25 a 29 anos                  ;3;ENSINO FUNDAMENTAL INCOMPLETO;-3;#NE;-3;#NE;-3;#NE;-3;#NE;Obrigatório;3;0;0;0
13/04/2021;19:37:12;2012;ES;56057;ALFREDO CHAVES;12;2;1015;;4;FEMININO;3;CASADO;3034;30 a 34 anos                  ;3;ENSINO FUNDAMENTAL INCOMPLETO;-3;#NE;-3;#NE;-3;#NE;-3;#NE;Obrigatório;2;0;0;0
13/04/2021;19:37:12;2012;ES;56057;ALFREDO CHAVES;12;2;1015;;4;FEMININO;3;CASADO;3034;30 a 34 anos                  ;6;ENSINO MÉDIO COMPLETO;-3;#NE;-3;#NE;-3;#NE;-3;#NE;Obrigatório;1;0;0;0
13/04/2021;19:37:12;2012;ES;56057;ALFREDO CHAVES;12;2;1015;;4;FEMININO;3;CASADO;3034;30 a 34 anos                  ;8;SUPERIOR COMPLETO;-3;#NE;-3;#NE;-3;#NE;-3;#NE;Obrigatório;1;0;0;0
13/04/2021;19:37:12;2012;ES;56057;ALFREDO CHAVES;12;2;1015;;4;FEMININO;3;CASADO;3539;35 a 39 anos                  ;3;ENSINO FUNDAMENTAL INCOMPLETO;-3;#NE;-3;#NE;-3;#NE;-3;#NE;Obrigatório;3;0;0;0
13/04/2021;19:37:12;2012;ES;56057;ALFREDO CHAVES;12;2;1015;;4;FEMININO;3;CASADO;3539;35 a 39 anos                  ;4;ENSINO FUNDAMENTAL COMPLETO;-3;#NE;-3;#NE;-3;#NE;-3;#NE;Obrigatório;1;0;0;0
13/04/2021;19:37:12;2012;ES;56057;ALFREDO CHAVES;12;2;1015;;4;FEMININO;3;CASADO;3539;35 a 39 anos                  ;6;ENSINO MÉDIO COMPLETO;-3;#NE;-3;#NE;-3;#NE;-3;#NE;Obrigatório;2;0;0;0
13/04/2021;19:37:12;2012;ES;56057;ALFREDO CHAVES;12;2;1015;;4;FEMININO;3;CASADO;3539;35 a 39 anos                  ;8;SUPERIOR COMPLETO;-3;#NE;-3;#NE;-3;#NE;-3;#NE;Obrigatório;1;0;0;0
13/04/2021;19:37:12;2012;ES;56057;ALFREDO CHAVES;12;2;1015;;4;FEMININO;3;CASADO;4044;40 a 44 anos                  ;3;ENSINO FUNDAMENTAL INCOMPLETO;-3;#NE;-3;#NE;-3;#NE;-3;#NE;Obrigatório;2;0;0;0
13/04/2021;19:37:12;2012;ES;56057;ALFREDO CHAVES;12;2;1015;;4;FEMININO;3;CASADO;4549;45 a 49 anos                  ;1;ANALFABETO;-3;#NE;-3;#NE;-3;#NE;-3;#NE;Facultativo;1;0;0;0
13/04/2021;19:37:12;2012;ES;56057;ALFREDO CHAVES;12;2;1015;;4;FEMININO;3;CASADO;4549;45 a 49 anos                  ;2;LÊ E ESCREVE;-3;#NE;-3;#NE;-3;#NE;-3;#NE;Obrigatório;3;0;0;0
13/04/2021;19:37:12;2012;ES;56057;ALFREDO CHAVES;12;2;1015;;4;FEMININO;3;CASADO;4549;45 a 49 anos                  ;3;ENSINO FUNDAMENTAL INCOMPLETO;-3;#NE;-3;#NE;-3;#NE;-3;#NE;Obrigatório;4;0;0;0
13/04/2021;19:37:12;2012;ES;56057;ALFREDO CHAVES;12;2;1015;;4;FEMININO;3;CASADO;4549;45 a 49 anos                  ;4;ENSINO FUNDAMENTAL COMPLETO;-3;#NE;-3;#NE;-3;#NE;-3;#NE;Obrigatório;1;0;0;0
13/04/2021;19:37:12;2012;ES;56057;ALFREDO CHAVES;12;2;1015;;4;FEMININO;3;CASADO;4549;45 a 49 anos                  ;6;ENSINO MÉDIO COMPLETO;-3;#NE;-3;#NE;-3;#NE;-3;#NE;Obrigatório;1;0;0;0
13/04/2021;19:37:12;2012;ES;56057;ALFREDO CHAVES;12;2;1015;;4;FEMININO;3;CASADO;5054;50 a 54 anos                  ;3;ENSINO FUNDAMENTAL INCOMPLETO;-3;#NE;-3;#NE;-3;#NE;-3;#NE;Obrigatório;6;0;0;0
13/04/2021;19:37:12;2012;ES;56057;ALFREDO CHAVES;12;2;1015;;4;FEMININO;3;CASADO;5054;50 a 54 anos                  ;4;ENSINO FUNDAMENTAL COMPLETO;-3;#NE;-3;#NE;-3;#NE;-3;#NE;Obrigatório;1;0;0;0
13/04/2021;19:37:12;2012;ES;56057;ALFREDO CHAVES;12;2;1015;;4;FEMININO;3;CASADO;5054;50 a 54 anos                  ;6;ENSINO MÉDIO COMPLETO;-3;#NE;-3;#NE;-3;#NE;-3;#NE;Obrigatório;4;0;0;0
13/04/2021;19:37:12;2012;ES;56057;ALFREDO CHAVES;12;2;1015;;4;FEMININO;3;CASADO;5054;50 a 54 anos                  ;7;SUPERIOR INCOMPLETO;-3;#NE;-3;#NE;-3;#NE;-3;#NE;Obrigatório;1;0;0;0
13/04/2021;19:37:12;2012;ES;56057;ALFREDO CHAVES;12;2;1015;;4;FEMININO;3;CASADO;5559;55 a 59 anos                  ;2;LÊ E ESCREVE;-3;#NE;-3;#NE;-3;#NE;-3;#NE;Obrigatório;1;0;0;0
13/04/2021;19:37:12;2012;ES;56057;ALFREDO CHAVES;12;4;1015;;2;MASCULINO;1;SOLTEIRO;2124;21 a 24 anos                  ;3;ENSINO FUNDAMENTAL INCOMPLETO;-3;#NE;-3;#NE;-3;#NE;-3;#NE;Obrigatório;2;0;0;0
13/04/2021;19:37:12;2012;ES;56057;ALFREDO CHAVES;12;4;1015;;2;MASCULINO;1;SOLTEIRO;2124;21 a 24 anos                  ;5;ENSINO MÉDIO INCOMPLETO;-3;#NE;-3;#NE;-3;#NE;-3;#NE;Obrigatório;5;0;0;0
13/04/2021;19:37:12;2012;ES;56057;ALFREDO CHAVES;12;4;1015;;2;MASCULINO;1;SOLTEIRO;2529;25 a 29 anos                  ;3;ENSINO FUNDAMENTAL INCOMPLETO;-3;#NE;-3;#NE;-3;#NE;-3;#NE;Obrigatório;5;0;0;0
13/04/2021;19:37:12;2012;ES;56057;ALFREDO CHAVES;12;4;1015;;2;MASCULINO;1;SOLTEIRO;2529;25 a 29 anos                  ;4;ENSINO FUNDAMENTAL COMPLETO;-3;#NE;-3;#NE;-3;#NE;-3;#NE;Obrigatório;4;0;0;0
13/04/2021;19:37:12;2012;ES;56057;ALFREDO CHAVES;12;4;1015;;2;MASCULINO;1;SOLTEIRO;2529;25 a 29 anos                  ;5;ENSINO MÉDIO INCOMPLETO;-3;#NE;-3;#NE;-3;#NE;-3;#NE;Obrigatório;8;0;0;0
13/04/2021;19:37:12;2012;ES;56057;ALFREDO CHAVES;12;4;1015;;2;MASCULINO;1;SOLTEIRO;3034;30 a 34 anos                  ;3;ENSINO FUNDAMENTAL INCOMPLETO;-3;#NE;-3;#NE;-3;#NE;-3;#NE;Obrigatório;8;0;0;0
13/04/2021;19:37:12;2012;ES;56057;ALFREDO CHAVES;12;4;1015;;2;MASCULINO;1;SOLTEIRO;3034;30 a 34 anos                  ;4;ENSINO FUNDAMENTAL COMPLETO;-3;#NE;-3;#NE;-3;#NE;-3;#NE;Obrigatório;1;0;0;0
13/04/2021;19:37:12;2012;ES;56057;ALFREDO CHAVES;12;4;1015;;2;MASCULINO;1;SOLTEIRO;3034;30 a 34 anos                  ;5;ENSINO MÉDIO INCOMPLETO;-3;#NE;-3;#NE;-3;#NE;-3;#NE;Obrigatório;2;0;0;0
13/04/2021;19:37:12;2012;ES;56057;ALFREDO CHAVES;12;4;1015;;2;MASCULINO;1;SOLTEIRO;3034;30 a 34 anos                  ;8;SUPERIOR COMPLETO;-3;#NE;-3;#NE;-3;#NE;-3;#NE;Obrigatório;2;0;0;0
13/04/2021;19:37:12;2012;ES;56057;ALFREDO CHAVES;12;4;1015;;2;MASCULINO;1;SOLTEIRO;3539;35 a 39 anos                  ;3;ENSINO FUNDAMENTAL INCOMPLETO;-3;#NE;-3;#NE;-3;#NE;-3;#NE;Obrigatório;2;0;0;0
13/04/2021;19:37:12;2012;ES;56057;ALFREDO CHAVES;12;4;1015;;2;MASCULINO;1;SOLTEIRO;3539;35 a 39 anos                  ;5;ENSINO MÉDIO INCOMPLETO;-3;#NE;-3;#NE;-3;#NE;-3;#NE;Obrigatório;2;0;0;0
13/04/2021;19:37:12;2012;ES;56057;ALFREDO CHAVES;12;4;1015;;2;MASCULINO;1;SOLTEIRO;4549;45 a 49 anos                  ;3;ENSINO FUNDAMENTAL INCOMPLETO;-3;#NE;-3;#NE;-3;#NE;-3;#NE;Obrigatório;3;0;0;0
13/04/2021;19:37:12;2012;ES;56057;ALFREDO CHAVES;12;4;1015;;2;MASCULINO;1;SOLTEIRO;4549;45 a 49 anos                  ;6;ENSINO MÉDIO COMPLETO;-3;#NE;-3;#NE;-3;#NE;-3;#NE;Obrigatório;4;0;0;0
13/04/2021;19:37:12;2012;ES;56057;ALFREDO CHAVES;12;4;1015;;2;MASCULINO;1;SOLTEIRO;4549;45 a 49 anos                  ;7;SUPERIOR INCOMPLETO;-3;#NE;-3;#NE;-3;#NE;-3;#NE;Obrigatório;1;0;0;0
13/04/2021;19:37:12;2012;ES;56057;ALFREDO CHAVES;12;4;1015;;2;MASCULINO;1;SOLTEIRO;5054;50 a 54 anos                  ;2;LÊ E ESCREVE;-3;#NE;-3;#NE;-3;#NE;-3;#NE;Obrigatório;1;0;0;0
13/04/2021;19:37:12;2012;ES;56057;ALFREDO CHAVES;12;4;1015;;2;MASCULINO;1;SOLTEIRO;5054;50 a 54 anos                  ;3;ENSINO FUNDAMENTAL INCOMPLETO;-3;#NE;-3;#NE;-3;#NE;-3;#NE;Obrigatório;2;0;0;0
13/04/2021;19:37:12;2012;ES;56057;ALFREDO CHAVES;12;4;1015;;2;MASCULINO;1;SOLTEIRO;5054;50 a 54 anos                  ;6;ENSINO MÉDIO COMPLETO;-3;#NE;-3;#NE;-3;#NE;-3;#NE;Obrigatório;2;0;0;0
13/04/2021;19:37:12;2012;ES;56057;ALFREDO CHAVES;12;4;1015;;2;MASCULINO;1;SOLTEIRO;5054;50 a 54 anos                  ;8;SUPERIOR COMPLETO;-3;#NE;-3;#NE;-3;#NE;-3;#NE;Obrigatório;2;0;0;0
13/04/2021;19:37:12;2012;ES;56057;ALFREDO CHAVES;12;4;1015;;2;MASCULINO;1;SOLTEIRO;5559;55 a 59 anos                  ;3;ENSINO FUNDAMENTAL INCOMPLETO;-3;#NE;-3;#NE;-3;#NE;-3;#NE;Obrigatório;2;0;0;0
13/04/2021;19:37:12;2012;ES;56057;ALFREDO CHAVES;12;4;1015;;2;MASCULINO;1;SOLTEIRO;5559;55 a 59 anos                  ;4;ENSINO FUNDAMENTAL COMPLETO;-3;#NE;-3;#NE;-3;#NE;-3;#NE;Obrigatório;1;0;0;0
13/04/2021;19:37:12;2012;ES;56057;ALFREDO CHAVES;12;4;1015;;2;MASCULINO;1;SOLTEIRO;6569;65 a 69 anos                  ;1;ANALFABETO;-3;#NE;-3;#NE;-3;#NE;-3;#NE;Facultativo;1;0;0;0
13/04/2021;19:37:12;2012;ES;56057;ALFREDO CHAVES;12;4;1015;;2;MASCULINO;1;SOLTEIRO;6569;65 a 69 anos                  ;3;ENSINO FUNDAMENTAL INCOMPLETO;-3;#NE;-3;#NE;-3;#NE;-3;#NE;Obrigatório;1;0;0;0
13/04/2021;19:37:12;2012;ES;56057;ALFREDO CHAVES;12;4;1015;;2;MASCULINO;1;SOLTEIRO;7074;70 a 74 anos                  ;2;LÊ E ESCREVE;-3;#NE;-3;#NE;-3;#NE;-3;#NE;Facultativo;1;0;0;0
13/04/2021;19:37:12;2012;ES;56057;ALFREDO CHAVES;12;4;1015;;2;MASCULINO;1;SOLTEIRO;8589;85 a 89 anos                  ;2;LÊ E ESCREVE;-3;#NE;-3;#NE;-3;#NE;-3;#NE;Facultativo;1;0;0;0
13/04/2021;19:37:12;2012;ES;56057;ALFREDO CHAVES;12;4;1015;;2;MASCULINO;1;SOLTEIRO;8589;85 a 89 anos                  ;3;ENSINO FUNDAMENTAL INCOMPLETO;-3;#NE;-3;#NE;-3;#NE;-3;#NE;Facultativo;1;0;0;0
13/04/2021;19:37:12;2012;ES;56057;ALFREDO CHAVES;12;4;1015;;2;MASCULINO;3;CASADO;2529;25 a 29 anos                  ;3;ENSINO FUNDAMENTAL INCOMPLETO;-3;#NE;-3;#NE;-3;#NE;-3;#NE;Obrigatório;1;0;0;0
13/04/2021;19:37:12;2012;ES;56057;ALFREDO CHAVES;12;4;1015;;2;MASCULINO;3;CASADO;3034;30 a 34 anos                  ;6;ENSINO MÉDIO COMPLETO;-3;#NE;-3;#NE;-3;#NE;-3;#NE;Obrigatório;1;0;0;0
13/04/2021;19:37:12;2012;ES;56057;ALFREDO CHAVES;12;4;1015;;2;MASCULINO;3;CASADO;3539;35 a 39 anos                  ;3;ENSINO FUNDAMENTAL INCOMPLETO;-3;#NE;-3;#NE;-3;#NE;-3;#NE;Obrigatório;2;0;0;0
13/04/2021;19:37:12;2012;ES;56057;ALFREDO CHAVES;12;4;1015;;2;MASCULINO;3;CASADO;3539;35 a 39 anos                  ;4;ENSINO FUNDAMENTAL COMPLETO;-3;#NE;-3;#NE;-3;#NE;-3;#NE;Obrigatório;1;0;0;0
13/04/2021;19:37:12;2012;ES;56057;ALFREDO CHAVES;12;4;1015;;2;MASCULINO;3;CASADO;3539;35 a 39 anos                  ;5;ENSINO MÉDIO INCOMPLETO;-3;#NE;-3;#NE;-3;#NE;-3;#NE;Obrigatório;1;0;0;0
13/04/2021;19:37:12;2012;ES;56057;ALFREDO CHAVES;12;4;1015;;2;MASCULINO;3;CASADO;4044;40 a 44 anos                  ;3;ENSINO FUNDAMENTAL INCOMPLETO;-3;#NE;-3;#NE;-3;#NE;-3;#NE;Obrigatório;1;0;0;0
13/04/2021;19:37:12;2012;ES;56057;ALFREDO CHAVES;12;4;1015;;2;MASCULINO;3;CASADO;4044;40 a 44 anos                  ;4;ENSINO FUNDAMENTAL COMPLETO;-3;#NE;-3;#NE;-3;#NE;-3;#NE;Obrigatório;1;0;0;0
13/04/2021;19:37:12;2012;ES;56057;ALFREDO CHAVES;12;4;1015;;2;MASCULINO;3;CASADO;4044;40 a 44 anos                  ;5;ENSINO MÉDIO INCOMPLETO;-3;#NE;-3;#NE;-3;#NE;-3;#NE;Obrigatório;1;0;0;0
13/04/2021;19:37:12;2012;ES;56057;ALFREDO CHAVES;12;4;1015;;2;MASCULINO;3;CASADO;4549;45 a 49 anos                  ;3;ENSINO FUNDAMENTAL INCOMPLETO;-3;#NE;-3;#NE;-3;#NE;-3;#NE;Obrigatório;4;0;0;0
13/04/2021;19:37:12;2012;ES;56057;ALFREDO CHAVES;12;4;1015;;2;MASCULINO;3;CASADO;4549;45 a 49 anos                  ;5;ENSINO MÉDIO INCOMPLETO;-3;#NE;-3;#NE;-3;#NE;-3;#NE;Obrigatório;1;0;0;0
13/04/2021;19:37:12;2012;ES;56057;ALFREDO CHAVES;12;4;1015;;2;MASCULINO;3;CASADO;5054;50 a 54 anos                  ;2;LÊ E ESCREVE;-3;#NE;-3;#NE;-3;#NE;-3;#NE;Obrigatório;2;0;0;0
13/04/2021;19:37:12;2012;ES;56057;ALFREDO CHAVES;12;4;1015;;2;MASCULINO;3;CASADO;5054;50 a 54 anos                  ;3;ENSINO FUNDAMENTAL INCOMPLETO;-3;#NE;-3;#NE;-3;#NE;-3;#NE;Obrigatório;1;0;0;0
13/04/2021;19:37:12;2012;ES;56057;ALFREDO CHAVES;12;4;1015;;2;MASCULINO;3;CASADO;5054;50 a 54 anos                  ;7;SUPERIOR INCOMPLETO;-3;#NE;-3;#NE;-3;#NE;-3;#NE;Obrigatório;1;0;0;0
13/04/2021;19:37:12;2012;ES;56057;ALFREDO CHAVES;12;4;1015;;2;MASCULINO;3;CASADO;5559;55 a 59 anos                  ;3;ENSINO FUNDAMENTAL INCOMPLETO;-3;#NE;-3;#NE;-3;#NE;-3;#NE;Obrigatório;1;0;0;0
13/04/2021;19:37:12;2012;ES;56057;ALFREDO CHAVES;12;4;1015;;2;MASCULINO;3;CASADO;5559;55 a 59 anos                  ;5;ENSINO MÉDIO INCOMPLETO;-3;#NE;-3;#NE;-3;#NE;-3;#NE;Obrigatório;1;0;0;0
13/04/2021;19:37:12;2012;ES;56057;ALFREDO CHAVES;12;4;1015;;2;MASCULINO;3;CASADO;5559;55 a 59 anos                  ;6;ENSINO MÉDIO COMPLETO;-3;#NE;-3;#NE;-3;#NE;-3;#NE;Obrigatório;2;0;0;0
13/04/2021;19:37:12;2012;ES;56057;ALFREDO CHAVES;12;4;1015;;2;MASCULINO;3;CASADO;6064;60 a 64 anos                  ;2;LÊ E ESCREVE;-3;#NE;-3;#NE;-3;#NE;-3;#NE;Obrigatório;1;0;0;0
13/04/2021;19:37:12;2012;ES;56057;ALFREDO CHAVES;12;4;1015;;2;MASCULINO;3;CASADO;6064;60 a 64 anos                  ;3;ENSINO FUNDAMENTAL INCOMPLETO;-3;#NE;-3;#NE;-3;#NE;-3;#NE;Obrigatório;1;0;0;0
13/04/2021;19:37:12;2012;ES;56057;ALFREDO CHAVES;12;4;1015;;2;MASCULINO;3;CASADO;6064;60 a 64 anos                  ;8;SUPERIOR COMPLETO;-3;#NE;-3;#NE;-3;#NE;-3;#NE;Obrigatório;1;0;0;0
13/04/2021;19:37:12;2012;ES;56057;ALFREDO CHAVES;12;4;1015;;2;MASCULINO;3;CASADO;6569;65 a 69 anos                  ;1;ANALFABETO;-3;#NE;-3;#NE;-3;#NE;-3;#NE;Facultativo;2;0;0;0
13/04/2021;19:37:12;2012;ES;56057;ALFREDO CHAVES;12;4;1015;;2;MASCULINO;3;CASADO;6569;65 a 69 anos                  ;3;ENSINO FUNDAMENTAL INCOMPLETO;-3;#NE;-3;#NE;-3;#NE;-3;#NE;Obrigatório;5;0;0;0
13/04/2021;19:37:12;2012;ES;56057;ALFREDO CHAVES;12;4;1015;;2;MASCULINO;3;CASADO;6569;65 a 69 anos                  ;5;ENSINO MÉDIO INCOMPLETO;-3;#NE;-3;#NE;-3;#NE;-3;#NE;Obrigatório;1;0;0;0
13/04/2021;19:37:12;2012;ES;56057;ALFREDO CHAVES;12;4;1015;;2;MASCULINO;3;CASADO;6569;65 a 69 anos                  ;6;ENSINO MÉDIO COMPLETO;-3;#NE;-3;#NE;-3;#NE;-3;#NE;Obrigatório;1;0;0;0
13/04/2021;19:37:12;2012;ES;56057;ALFREDO CHAVES;12;5;1015;;4;FEMININO;3;CASADO;2529;25 a 29 anos                  ;8;SUPERIOR COMPLETO;-3;#NE;-3;#NE;-3;#NE;-3;#NE;Obrigatório;1;0;0;0
13/04/2021;19:37:12;2012;ES;56057;ALFREDO CHAVES;12;5;1015;;4;FEMININO;3;CASADO;3034;30 a 34 anos                  ;3;ENSINO FUNDAMENTAL INCOMPLETO;-3;#NE;-3;#NE;-3;#NE;-3;#NE;Obrigatório;1;0;0;0
13/04/2021;19:37:12;2012;ES;56057;ALFREDO CHAVES;12;5;1015;;4;FEMININO;3;CASADO;3539;35 a 39 anos                  ;3;ENSINO FUNDAMENTAL INCOMPLETO;-3;#NE;-3;#NE;-3;#NE;-3;#NE;Obrigatório;1;0;0;0
13/04/2021;19:37:12;2012;ES;56057;ALFREDO CHAVES;12;5;1015;;4;FEMININO;3;CASADO;3539;35 a 39 anos                  ;4;ENSINO FUNDAMENTAL COMPLETO;-3;#NE;-3;#NE;-3;#NE;-3;#NE;Obrigatório;1;0;0;0
13/04/2021;19:37:12;2012;ES;56057;ALFREDO CHAVES;12;5;1015;;4;FEMININO;3;CASADO;4044;40 a 44 anos                  ;3;ENSINO FUNDAMENTAL INCOMPLETO;-3;#NE;-3;#NE;-3;#NE;-3;#NE;Obrigatório;2;0;0;0
13/04/2021;19:37:12;2012;ES;56057;ALFREDO CHAVES;12;5;1015;;4;FEMININO;3;CASADO;4044;40 a 44 anos                  ;5;ENSINO MÉDIO INCOMPLETO;-3;#NE;-3;#NE;-3;#NE;-3;#NE;Obrigatório;1;0;0;0
13/04/2021;19:37:12;2012;ES;56057;ALFREDO CHAVES;12;5;1015;;4;FEMININO;3;CASADO;4044;40 a 44 anos                  ;6;ENSINO MÉDIO COMPLETO;-3;#NE;-3;#NE;-3;#NE;-3;#NE;Obrigatório;1;0;0;0
13/04/2021;19:37:12;2012;ES;56057;ALFREDO CHAVES;12;5;1015;;4;FEMININO;3;CASADO;4549;45 a 49 anos                  ;3;ENSINO FUNDAMENTAL INCOMPLETO;-3;#NE;-3;#NE;-3;#NE;-3;#NE;Obrigatório;4;0;0;0
13/04/2021;19:37:12;2012;ES;56057;ALFREDO CHAVES;12;5;1015;;4;FEMININO;3;CASADO;4549;45 a 49 anos                  ;6;ENSINO MÉDIO COMPLETO;-3;#NE;-3;#NE;-3;#NE;-3;#NE;Obrigatório;5;0;0;0
13/04/2021;19:37:12;2012;ES;56057;ALFREDO CHAVES;12;5;1015;;4;FEMININO;3;CASADO;4549;45 a 49 anos                  ;7;SUPERIOR INCOMPLETO;-3;#NE;-3;#NE;-3;#NE;-3;#NE;Obrigatório;1;0;0;0
13/04/2021;19:37:12;2012;ES;56057;ALFREDO CHAVES;12;5;1015;;4;FEMININO;3;CASADO;4549;45 a 49 anos                  ;8;SUPERIOR COMPLETO;-3;#NE;-3;#NE;-3;#NE;-3;#NE;Obrigatório;1;0;0;0
13/04/2021;19:37:12;2012;ES;56057;ALFREDO CHAVES;12;5;1015;;4;FEMININO;3;CASADO;5054;50 a 54 anos                  ;3;ENSINO FUNDAMENTAL INCOMPLETO;-3;#NE;-3;#NE;-3;#NE;-3;#NE;Obrigatório;4;0;0;0
13/04/2021;19:37:12;2012;ES;56057;ALFREDO CHAVES;12;5;1015;;4;FEMININO;3;CASADO;5054;50 a 54 anos                  ;4;ENSINO FUNDAMENTAL COMPLETO;-3;#NE;-3;#NE;-3;#NE;-3;#NE;Obrigatório;1;0;0;0
13/04/2021;19:37:12;2012;ES;56057;ALFREDO CHAVES;12;5;1015;;4;FEMININO;3;CASADO;5054;50 a 54 anos                  ;6;ENSINO MÉDIO COMPLETO;-3;#NE;-3;#NE;-3;#NE;-3;#NE;Obrigatório;3;0;0;0
13/04/2021;19:37:12;2012;ES;56057;ALFREDO CHAVES;12;5;1015;;4;FEMININO;3;CASADO;5559;55 a 59 anos                  ;3;ENSINO FUNDAMENTAL INCOMPLETO;-3;#NE;-3;#NE;-3;#NE;-3;#NE;Obrigatório;4;0;0;0
13/04/2021;19:37:12;2012;ES;56057;ALFREDO CHAVES;12;5;1015;;4;FEMININO;3;CASADO;5559;55 a 59 anos                  ;6;ENSINO MÉDIO COMPLETO;-3;#NE;-3;#NE;-3;#NE;-3;#NE;Obrigatório;6;0;0;0
13/04/2021;19:37:12;2012;ES;56057;ALFREDO CHAVES;12;5;1015;;4;FEMININO;3;CASADO;5559;55 a 59 anos                  ;7;SUPERIOR INCOMPLETO;-3;#NE;-3;#NE;-3;#NE;-3;#NE;Obrigatório;1;0;0;0
13/04/2021;19:37:12;2012;ES;56057;ALFREDO CHAVES;12;5;1015;;4;FEMININO;3;CASADO;6064;60 a 64 anos                  ;2;LÊ E ESCREVE;-3;#NE;-3;#NE;-3;#NE;-3;#NE;Obrigatório;1;0;0;0
13/04/2021;19:37:12;2012;ES;56057;ALFREDO CHAVES;12;5;1015;;4;FEMININO;3;CASADO;6064;60 a 64 anos                  ;6;ENSINO MÉDIO COMPLETO;-3;#NE;-3;#NE;-3;#NE;-3;#NE;Obrigatório;1;0;0;0
13/04/2021;19:37:12;2012;ES;56057;ALFREDO CHAVES;12;5;1015;;4;FEMININO;3;CASADO;6569;65 a 69 anos                  ;2;LÊ E ESCREVE;-3;#NE;-3;#NE;-3;#NE;-3;#NE;Obrigatório;2;0;0;0
13/04/2021;19:37:12;2012;ES;56057;ALFREDO CHAVES;12;5;1015;;4;FEMININO;3;CASADO;6569;65 a 69 anos                  ;3;ENSINO FUNDAMENTAL INCOMPLETO;-3;#NE;-3;#NE;-3;#NE;-3;#NE;Obrigatório;4;0;0;0
13/04/2021;19:37:12;2012;ES;56057;ALFREDO CHAVES;12;5;1015;;4;FEMININO;3;CASADO;7074;70 a 74 anos                  ;3;ENSINO FUNDAMENTAL INCOMPLETO;-3;#NE;-3;#NE;-3;#NE;-3;#NE;Facultativo;3;0;0;0
13/04/2021;19:37:12;2012;ES;56057;ALFREDO CHAVES;12;5;1015;;4;FEMININO;3;CASADO;7074;70 a 74 anos                  ;6;ENSINO MÉDIO COMPLETO;-3;#NE;-3;#NE;-3;#NE;-3;#NE;Facultativo;1;0;0;0
13/04/2021;19:37:12;2012;ES;56057;ALFREDO CHAVES;12;5;1015;;4;FEMININO;3;CASADO;7579;75 a 79 anos                  ;1;ANALFABETO;-3;#NE;-3;#NE;-3;#NE;-3;#NE;Facultativo;1;0;0;0
13/04/2021;19:37:12;2012;ES;56057;ALFREDO CHAVES;12;5;1015;;4;FEMININO;3;CASADO;7579;75 a 79 anos                  ;3;ENSINO FUNDAMENTAL INCOMPLETO;-3;#NE;-3;#NE;-3;#NE;-3;#NE;Facultativo;3;0;0;0
13/04/2021;19:37:12;2012;ES;56057;ALFREDO CHAVES;12;5;1015;;4;FEMININO;3;CASADO;7579;75 a 79 anos                  ;6;ENSINO MÉDIO COMPLETO;-3;#NE;-3;#NE;-3;#NE;-3;#NE;Facultativo;1;0;0;0
13/04/2021;19:37:12;2012;ES;56057;ALFREDO CHAVES;12;5;1015;;4;FEMININO;3;CASADO;8084;80 a 84 anos                  ;3;ENSINO FUNDAMENTAL INCOMPLETO;-3;#NE;-3;#NE;-3;#NE;-3;#NE;Facultativo;4;0;0;0
13/04/2021;19:37:12;2012;ES;56057;ALFREDO CHAVES;12;5;1015;;4;FEMININO;3;CASADO;8589;85 a 89 anos                  ;4;ENSINO FUNDAMENTAL COMPLETO;-3;#NE;-3;#NE;-3;#NE;-3;#NE;Facultativo;1;0;0;0
13/04/2021;19:37:12;2012;ES;56057;ALFREDO CHAVES;12;5;1015;;4;FEMININO;3;CASADO;9094;90 a 94 anos                  ;2;LÊ E ESCREVE;-3;#NE;-3;#NE;-3;#NE;-3;#NE;Facultativo;1;0;0;0
13/04/2021;19:37:12;2012;ES;56057;ALFREDO CHAVES;12;5;1015;;4;FEMININO;5;VIÚVO;4549;45 a 49 anos                  ;3;ENSINO FUNDAMENTAL INCOMPLETO;-3;#NE;-3;#NE;-3;#NE;-3;#NE;Obrigatório;1;0;0;0
13/04/2021;19:37:12;2012;ES;56057;ALFREDO CHAVES;12;5;1015;;4;FEMININO;5;VIÚVO;6569;65 a 69 anos                  ;1;ANALFABETO;-3;#NE;-3;#NE;-3;#NE;-3;#NE;Facultativo;1;0;0;0
13/04/2021;19:37:12;2012;ES;56057;ALFREDO CHAVES;12;5;1015;;4;FEMININO;5;VIÚVO;7579;75 a 79 anos                  ;3;ENSINO FUNDAMENTAL INCOMPLETO;-3;#NE;-3;#NE;-3;#NE;-3;#NE;Facultativo;1;0;0;0
13/04/2021;19:37:12;2012;ES;56057;ALFREDO CHAVES;12;5;1015;;4;FEMININO;5;VIÚVO;8084;80 a 84 anos                  ;3;ENSINO FUNDAMENTAL INCOMPLETO;-3;#NE;-3;#NE;-3;#NE;-3;#NE;Facultativo;1;0;0;0
13/04/2021;19:37:12;2012;ES;56057;ALFREDO CHAVES;12;5;1015;;4;FEMININO;7;SEPARADO JUDICIALMENTE;4549;45 a 49 anos                  ;6;ENSINO MÉDIO COMPLETO;-3;#NE;-3;#NE;-3;#NE;-3;#NE;Obrigatório;1;0;0;0
13/04/2021;19:37:12;2012;ES;56057;ALFREDO CHAVES;12;5;1015;;4;FEMININO;7;SEPARADO JUDICIALMENTE;5054;50 a 54 anos                  ;6;ENSINO MÉDIO COMPLETO;-3;#NE;-3;#NE;-3;#NE;-3;#NE;Obrigatório;1;0;0;0
13/04/2021;19:37:12;2012;ES;56057;ALFREDO CHAVES;12;5;1015;;4;FEMININO;7;SEPARADO JUDICIALMENTE;5559;55 a 59 anos                  ;6;ENSINO MÉDIO COMPLETO;-3;#NE;-3;#NE;-3;#NE;-3;#NE;Obrigatório;1;0;0;0
13/04/2021;19:37:12;2012;ES;56057;ALFREDO CHAVES;12;5;1015;;4;FEMININO;9;DIVORCIADO;4549;45 a 49 anos                  ;6;ENSINO MÉDIO COMPLETO;-3;#NE;-3;#NE;-3;#NE;-3;#NE;Obrigatório;1;0;0;0
13/04/2021;19:37:12;2012;ES;56057;ALFREDO CHAVES;12;7;1023;;2;MASCULINO;3;CASADO;6064;60 a 64 anos                  ;3;ENSINO FUNDAMENTAL INCOMPLETO;-3;#NE;-3;#NE;-3;#NE;-3;#NE;Obrigatório;10;0;0;0
13/04/2021;19:37:12;2012;ES;56057;ALFREDO CHAVES;12;7;1023;;2;MASCULINO;3;CASADO;6064;60 a 64 anos                  ;5;ENSINO MÉDIO INCOMPLETO;-3;#NE;-3;#NE;-3;#NE;-3;#NE;Obrigatório;1;0;0;0
13/04/2021;19:37:12;2012;ES;56057;ALFREDO CHAVES;12;7;1023;;2;MASCULINO;3;CASADO;6064;60 a 64 anos                  ;6;ENSINO MÉDIO COMPLETO;-3;#NE;-3;#NE;-3;#NE;-3;#NE;Obrigatório;1;0;0;0
13/04/2021;19:37:12;2012;ES;56057;ALFREDO CHAVES;12;7;1023;;2;MASCULINO;3;CASADO;6569;65 a 69 anos                  ;2;LÊ E ESCREVE;-3;#NE;-3;#NE;-3;#NE;-3;#NE;Obrigatório;3;0;0;0
13/04/2021;19:37:12;2012;ES;56057;ALFREDO CHAVES;12;7;1023;;2;MASCULINO;3;CASADO;6569;65 a 69 anos                  ;3;ENSINO FUNDAMENTAL INCOMPLETO;-3;#NE;-3;#NE;-3;#NE;-3;#NE;Obrigatório;5;0;0;0
13/04/2021;19:37:12;2012;ES;56057;ALFREDO CHAVES;12;7;1023;;2;MASCULINO;3;CASADO;7074;70 a 74 anos                  ;3;ENSINO FUNDAMENTAL INCOMPLETO;-3;#NE;-3;#NE;-3;#NE;-3;#NE;Facultativo;2;0;0;0
13/04/2021;19:37:12;2012;ES;56057;ALFREDO CHAVES;12;7;1023;;2;MASCULINO;3;CASADO;7579;75 a 79 anos                  ;3;ENSINO FUNDAMENTAL INCOMPLETO;-3;#NE;-3;#NE;-3;#NE;-3;#NE;Facultativo;1;0;0;0
13/04/2021;19:37:12;2012;ES;56057;ALFREDO CHAVES;12;7;1023;;2;MASCULINO;3;CASADO;8589;85 a 89 anos                  ;2;LÊ E ESCREVE;-3;#NE;-3;#NE;-3;#NE;-3;#NE;Facultativo;1;0;0;0
13/04/2021;19:37:12;2012;ES;56057;ALFREDO CHAVES;12;7;1023;;2;MASCULINO;5;VIÚVO;7074;70 a 74 anos                  ;3;ENSINO FUNDAMENTAL INCOMPLETO;-3;#NE;-3;#NE;-3;#NE;-3;#NE;Facultativo;1;0;0;0
13/04/2021;19:37:12;2012;ES;56057;ALFREDO CHAVES;12;7;1023;;2;MASCULINO;7;SEPARADO JUDICIALMENTE;2529;25 a 29 anos                  ;6;ENSINO MÉDIO COMPLETO;-3;#NE;-3;#NE;-3;#NE;-3;#NE;Obrigatório;1;0;0;0
13/04/2021;19:37:12;2012;ES;56057;ALFREDO CHAVES;12;7;1023;;2;MASCULINO;7;SEPARADO JUDICIALMENTE;6064;60 a 64 anos                  ;3;ENSINO FUNDAMENTAL INCOMPLETO;-3;#NE;-3;#NE;-3;#NE;-3;#NE;Obrigatório;1;0;0;0
13/04/2021;19:37:12;2012;ES;56057;ALFREDO CHAVES;12;7;1023;;2;MASCULINO;9;DIVORCIADO;5054;50 a 54 anos                  ;8;SUPERIOR COMPLETO;-3;#NE;-3;#NE;-3;#NE;-3;#NE;Obrigatório;1;0;0;0
13/04/2021;19:37:12;2012;ES;56057;ALFREDO CHAVES;12;7;1023;;2;MASCULINO;9;DIVORCIADO;5559;55 a 59 anos                  ;8;SUPERIOR COMPLETO;-3;#NE;-3;#NE;-3;#NE;-3;#NE;Obrigatório;1;0;0;0
13/04/2021;19:37:12;2012;ES;56057;ALFREDO CHAVES;12;7;1023;;4;FEMININO;1;SOLTEIRO;1700;17 anos                       ;5;ENSINO MÉDIO INCOMPLETO;-3;#NE;-3;#NE;-3;#NE;-3;#NE;Facultativo;5;0;0;0
13/04/2021;19:37:12;2012;ES;56057;ALFREDO CHAVES;12;7;1023;;4;FEMININO;1;SOLTEIRO;1800;18 anos                       ;6;ENSINO MÉDIO COMPLETO;-3;#NE;-3;#NE;-3;#NE;-3;#NE;Obrigatório;3;0;0;0
13/04/2021;19:37:12;2012;ES;56057;ALFREDO CHAVES;12;7;1023;;4;FEMININO;1;SOLTEIRO;1800;18 anos                       ;7;SUPERIOR INCOMPLETO;-3;#NE;-3;#NE;-3;#NE;-3;#NE;Obrigatório;1;0;0;0
13/04/2021;19:37:12;2012;ES;56057;ALFREDO CHAVES;12;7;1023;;4;FEMININO;1;SOLTEIRO;1900;19 anos                       ;3;ENSINO FUNDAMENTAL INCOMPLETO;-3;#NE;-3;#NE;-3;#NE;-3;#NE;Obrigatório;1;0;0;0
13/04/2021;19:37:12;2012;ES;56057;ALFREDO CHAVES;12;7;1023;;4;FEMININO;1;SOLTEIRO;1900;19 anos                       ;7;SUPERIOR INCOMPLETO;-3;#NE;-3;#NE;-3;#NE;-3;#NE;Obrigatório;1;0;0;0
13/04/2021;19:37:12;2012;ES;56057;ALFREDO CHAVES;12;7;1023;;4;FEMININO;1;SOLTEIRO;2000;20 anos                       ;5;ENSINO MÉDIO INCOMPLETO;-3;#NE;-3;#NE;-3;#NE;-3;#NE;Obrigatório;2;0;0;0
13/04/2021;19:37:12;2012;ES;56057;ALFREDO CHAVES;12;7;1023;;4;FEMININO;1;SOLTEIRO;2000;20 anos                       ;6;ENSINO MÉDIO COMPLETO;-3;#NE;-3;#NE;-3;#NE;-3;#NE;Obrigatório;1;0;0;0
13/04/2021;19:37:12;2012;ES;56057;ALFREDO CHAVES;12;7;1023;;4;FEMININO;1;SOLTEIRO;2124;21 a 24 anos                  ;3;ENSINO FUNDAMENTAL INCOMPLETO;-3;#NE;-3;#NE;-3;#NE;-3;#NE;Obrigatório;3;0;0;0
13/04/2021;19:37:12;2012;ES;56057;ALFREDO CHAVES;12;7;1023;;4;FEMININO;1;SOLTEIRO;2124;21 a 24 anos                  ;4;ENSINO FUNDAMENTAL COMPLETO;-3;#NE;-3;#NE;-3;#NE;-3;#NE;Obrigatório;1;0;0;0
13/04/2021;19:37:12;2012;ES;56057;ALFREDO CHAVES;12;7;1023;;4;FEMININO;1;SOLTEIRO;2124;21 a 24 anos                  ;5;ENSINO MÉDIO INCOMPLETO;-3;#NE;-3;#NE;-3;#NE;-3;#NE;Obrigatório;11;0;0;0
13/04/2021;19:37:12;2012;ES;56057;ALFREDO CHAVES;12;7;1023;;4;FEMININO;1;SOLTEIRO;2124;21 a 24 anos                  ;6;ENSINO MÉDIO COMPLETO;-3;#NE;-3;#NE;-3;#NE;-3;#NE;Obrigatório;2;0;0;0
13/04/2021;19:37:12;2012;ES;56057;ALFREDO CHAVES;12;7;1023;;4;FEMININO;1;SOLTEIRO;2124;21 a 24 anos                  ;7;SUPERIOR INCOMPLETO;-3;#NE;-3;#NE;-3;#NE;-3;#NE;Obrigatório;1;0;0;0
13/04/2021;19:37:12;2012;ES;56057;ALFREDO CHAVES;12;9;1031;;2;MASCULINO;1;SOLTEIRO;1800;18 anos                       ;3;ENSINO FUNDAMENTAL INCOMPLETO;-3;#NE;-3;#NE;-3;#NE;-3;#NE;Obrigatório;1;0;0;0
13/04/2021;19:37:12;2012;ES;56057;ALFREDO CHAVES;12;9;1031;;2;MASCULINO;1;SOLTEIRO;1900;19 anos                       ;5;ENSINO MÉDIO INCOMPLETO;-3;#NE;-3;#NE;-3;#NE;-3;#NE;Obrigatório;1;0;0;0
13/04/2021;19:37:12;2012;ES;56057;ALFREDO CHAVES;12;9;1031;;2;MASCULINO;1;SOLTEIRO;2000;20 anos                       ;3;ENSINO FUNDAMENTAL INCOMPLETO;-3;#NE;-3;#NE;-3;#NE;-3;#NE;Obrigatório;1;0;0;0
13/04/2021;19:37:12;2012;ES;56057;ALFREDO CHAVES;12;9;1031;;2;MASCULINO;1;SOLTEIRO;2124;21 a 24 anos                  ;3;ENSINO FUNDAMENTAL INCOMPLETO;-3;#NE;-3;#NE;-3;#NE;-3;#NE;Obrigatório;2;0;0;0
13/04/2021;19:37:12;2012;ES;56057;ALFREDO CHAVES;12;9;1031;;2;MASCULINO;1;SOLTEIRO;2124;21 a 24 anos                  ;5;ENSINO MÉDIO INCOMPLETO;-3;#NE;-3;#NE;-3;#NE;-3;#NE;Obrigatório;3;0;0;0
13/04/2021;19:37:12;2012;ES;56057;ALFREDO CHAVES;12;9;1031;;2;MASCULINO;1;SOLTEIRO;2529;25 a 29 anos                  ;3;ENSINO FUNDAMENTAL INCOMPLETO;-3;#NE;-3;#NE;-3;#NE;-3;#NE;Obrigatório;1;0;0;0
13/04/2021;19:37:12;2012;ES;56057;ALFREDO CHAVES;12;9;1031;;2;MASCULINO;1;SOLTEIRO;2529;25 a 29 anos                  ;5;ENSINO MÉDIO INCOMPLETO;-3;#NE;-3;#NE;-3;#NE;-3;#NE;Obrigatório;1;0;0;0
13/04/2021;19:37:12;2012;ES;56057;ALFREDO CHAVES;12;9;1031;;2;MASCULINO;1;SOLTEIRO;3034;30 a 34 anos                  ;2;LÊ E ESCREVE;-3;#NE;-3;#NE;-3;#NE;-3;#NE;Obrigatório;1;0;0;0
13/04/2021;19:37:12;2012;ES;56057;ALFREDO CHAVES;12;9;1031;;2;MASCULINO;1;SOLTEIRO;3034;30 a 34 anos                  ;3;ENSINO FUNDAMENTAL INCOMPLETO;-3;#NE;-3;#NE;-3;#NE;-3;#NE;Obrigatório;6;0;0;0
13/04/2021;19:37:12;2012;ES;56057;ALFREDO CHAVES;12;9;1031;;2;MASCULINO;1;SOLTEIRO;3034;30 a 34 anos                  ;5;ENSINO MÉDIO INCOMPLETO;-3;#NE;-3;#NE;-3;#NE;-3;#NE;Obrigatório;1;0;0;0
13/04/2021;19:37:12;2012;ES;56057;ALFREDO CHAVES;12;9;1031;;2;MASCULINO;1;SOLTEIRO;3539;35 a 39 anos                  ;2;LÊ E ESCREVE;-3;#NE;-3;#NE;-3;#NE;-3;#NE;Obrigatório;1;0;0;0
13/04/2021;19:37:12;2012;ES;56057;ALFREDO CHAVES;12;2;1015;;4;FEMININO;3;CASADO;5559;55 a 59 anos                  ;3;ENSINO FUNDAMENTAL INCOMPLETO;-3;#NE;-3;#NE;-3;#NE;-3;#NE;Obrigatório;3;0;0;0
13/04/2021;19:37:12;2012;ES;56057;ALFREDO CHAVES;12;2;1015;;4;FEMININO;3;CASADO;5559;55 a 59 anos                  ;6;ENSINO MÉDIO COMPLETO;-3;#NE;-3;#NE;-3;#NE;-3;#NE;Obrigatório;2;0;0;0
13/04/2021;19:37:12;2012;ES;56057;ALFREDO CHAVES;12;4;1015;;2;MASCULINO;3;CASADO;7074;70 a 74 anos                  ;1;ANALFABETO;-3;#NE;-3;#NE;-3;#NE;-3;#NE;Facultativo;1;0;0;0
13/04/2021;19:37:12;2012;ES;56057;ALFREDO CHAVES;12;4;1015;;2;MASCULINO;3;CASADO;7579;75 a 79 anos                  ;1;ANALFABETO;-3;#NE;-3;#NE;-3;#NE;-3;#NE;Facultativo;1;0;0;0
13/04/2021;19:37:12;2012;ES;56057;ALFREDO CHAVES;12;4;1015;;2;MASCULINO;3;CASADO;7579;75 a 79 anos                  ;2;LÊ E ESCREVE;-3;#NE;-3;#NE;-3;#NE;-3;#NE;Facultativo;2;0;0;0
13/04/2021;19:37:12;2012;ES;56057;ALFREDO CHAVES;12;4;1015;;2;MASCULINO;3;CASADO;7579;75 a 79 anos                  ;6;ENSINO MÉDIO COMPLETO;-3;#NE;-3;#NE;-3;#NE;-3;#NE;Facultativo;1;0;0;0
13/04/2021;19:37:12;2012;ES;56057;ALFREDO CHAVES;12;4;1015;;2;MASCULINO;5;VIÚVO;5559;55 a 59 anos                  ;3;ENSINO FUNDAMENTAL INCOMPLETO;-3;#NE;-3;#NE;-3;#NE;-3;#NE;Obrigatório;1;0;0;0
13/04/2021;19:37:12;2012;ES;56057;ALFREDO CHAVES;12;4;1015;;2;MASCULINO;5;VIÚVO;7579;75 a 79 anos                  ;2;LÊ E ESCREVE;-3;#NE;-3;#NE;-3;#NE;-3;#NE;Facultativo;1;0;0;0
13/04/2021;19:37:12;2012;ES;56057;ALFREDO CHAVES;12;4;1015;;2;MASCULINO;7;SEPARADO JUDICIALMENTE;6569;65 a 69 anos                  ;2;LÊ E ESCREVE;-3;#NE;-3;#NE;-3;#NE;-3;#NE;Obrigatório;1;0;0;0
13/04/2021;19:37:12;2012;ES;56057;ALFREDO CHAVES;12;4;1015;;4;FEMININO;1;SOLTEIRO;1900;19 anos                       ;3;ENSINO FUNDAMENTAL INCOMPLETO;-3;#NE;-3;#NE;-3;#NE;-3;#NE;Obrigatório;1;0;0;0
13/04/2021;19:37:12;2012;ES;56057;ALFREDO CHAVES;12;4;1015;;4;FEMININO;1;SOLTEIRO;1900;19 anos                       ;5;ENSINO MÉDIO INCOMPLETO;-3;#NE;-3;#NE;-3;#NE;-3;#NE;Obrigatório;2;0;0;0
13/04/2021;19:37:12;2012;ES;56057;ALFREDO CHAVES;12;4;1015;;4;FEMININO;1;SOLTEIRO;2000;20 anos                       ;3;ENSINO FUNDAMENTAL INCOMPLETO;-3;#NE;-3;#NE;-3;#NE;-3;#NE;Obrigatório;1;0;0;0
13/04/2021;19:37:12;2012;ES;56057;ALFREDO CHAVES;12;4;1015;;4;FEMININO;1;SOLTEIRO;2000;20 anos                       ;7;SUPERIOR INCOMPLETO;-3;#NE;-3;#NE;-3;#NE;-3;#NE;Obrigatório;1;0;0;0
13/04/2021;19:37:12;2012;ES;56057;ALFREDO CHAVES;12;4;1015;;4;FEMININO;1;SOLTEIRO;2124;21 a 24 anos                  ;3;ENSINO FUNDAMENTAL INCOMPLETO;-3;#NE;-3;#NE;-3;#NE;-3;#NE;Obrigatório;1;0;0;0
13/04/2021;19:37:12;2012;ES;56057;ALFREDO CHAVES;12;4;1015;;4;FEMININO;1;SOLTEIRO;2124;21 a 24 anos                  ;4;ENSINO FUNDAMENTAL COMPLETO;-3;#NE;-3;#NE;-3;#NE;-3;#NE;Obrigatório;1;0;0;0
13/04/2021;19:37:12;2012;ES;56057;ALFREDO CHAVES;12;5;1015;;4;FEMININO;9;DIVORCIADO;5054;50 a 54 anos                  ;3;ENSINO FUNDAMENTAL INCOMPLETO;-3;#NE;-3;#NE;-3;#NE;-3;#NE;Obrigatório;1;0;0;0
13/04/2021;19:37:12;2012;ES;56057;ALFREDO CHAVES;12;5;1015;;4;FEMININO;9;DIVORCIADO;5559;55 a 59 anos                  ;6;ENSINO MÉDIO COMPLETO;-3;#NE;-3;#NE;-3;#NE;-3;#NE;Obrigatório;1;0;0;0
13/04/2021;19:37:12;2012;ES;56057;ALFREDO CHAVES;12;5;1015;;4;FEMININO;9;DIVORCIADO;7579;75 a 79 anos                  ;3;ENSINO FUNDAMENTAL INCOMPLETO;-3;#NE;-3;#NE;-3;#NE;-3;#NE;Facultativo;1;0;0;0
13/04/2021;19:37:12;2012;ES;56057;ALFREDO CHAVES;12;6;1023;;2;MASCULINO;1;SOLTEIRO;1600;16 anos                       ;5;ENSINO MÉDIO INCOMPLETO;-3;#NE;-3;#NE;-3;#NE;-3;#NE;Facultativo;2;0;0;0
13/04/2021;19:37:12;2012;ES;56057;ALFREDO CHAVES;12;6;1023;;2;MASCULINO;1;SOLTEIRO;1700;17 anos                       ;5;ENSINO MÉDIO INCOMPLETO;-3;#NE;-3;#NE;-3;#NE;-3;#NE;Facultativo;3;0;0;0
13/04/2021;19:37:12;2012;ES;56057;ALFREDO CHAVES;12;6;1023;;2;MASCULINO;1;SOLTEIRO;1800;18 anos                       ;3;ENSINO FUNDAMENTAL INCOMPLETO;-3;#NE;-3;#NE;-3;#NE;-3;#NE;Obrigatório;2;0;0;0
13/04/2021;19:37:12;2012;ES;56057;ALFREDO CHAVES;12;6;1023;;2;MASCULINO;1;SOLTEIRO;1900;19 anos                       ;3;ENSINO FUNDAMENTAL INCOMPLETO;-3;#NE;-3;#NE;-3;#NE;-3;#NE;Obrigatório;2;0;0;0
13/04/2021;19:37:12;2012;ES;56057;ALFREDO CHAVES;12;6;1023;;2;MASCULINO;1;SOLTEIRO;1900;19 anos                       ;5;ENSINO MÉDIO INCOMPLETO;-3;#NE;-3;#NE;-3;#NE;-3;#NE;Obrigatório;1;0;0;0
13/04/2021;19:37:12;2012;ES;56057;ALFREDO CHAVES;12;6;1023;;2;MASCULINO;1;SOLTEIRO;1900;19 anos                       ;7;SUPERIOR INCOMPLETO;-3;#NE;-3;#NE;-3;#NE;-3;#NE;Obrigatório;1;0;0;0
13/04/2021;19:37:12;2012;ES;56057;ALFREDO CHAVES;12;6;1023;;2;MASCULINO;1;SOLTEIRO;2000;20 anos                       ;5;ENSINO MÉDIO INCOMPLETO;-3;#NE;-3;#NE;-3;#NE;-3;#NE;Obrigatório;2;0;0;0
13/04/2021;19:37:12;2012;ES;56057;ALFREDO CHAVES;12;6;1023;;2;MASCULINO;1;SOLTEIRO;2000;20 anos                       ;6;ENSINO MÉDIO COMPLETO;-3;#NE;-3;#NE;-3;#NE;-3;#NE;Obrigatório;1;0;0;0
13/04/2021;19:37:12;2012;ES;56057;ALFREDO CHAVES;12;6;1023;;2;MASCULINO;1;SOLTEIRO;2124;21 a 24 anos                  ;3;ENSINO FUNDAMENTAL INCOMPLETO;-3;#NE;-3;#NE;-3;#NE;-3;#NE;Obrigatório;3;0;0;0
13/04/2021;19:37:12;2012;ES;56057;ALFREDO CHAVES;12;6;1023;;2;MASCULINO;1;SOLTEIRO;2124;21 a 24 anos                  ;5;ENSINO MÉDIO INCOMPLETO;-3;#NE;-3;#NE;-3;#NE;-3;#NE;Obrigatório;7;0;0;0
13/04/2021;19:37:12;2012;ES;56057;ALFREDO CHAVES;12;6;1023;;2;MASCULINO;1;SOLTEIRO;2124;21 a 24 anos                  ;6;ENSINO MÉDIO COMPLETO;-3;#NE;-3;#NE;-3;#NE;-3;#NE;Obrigatório;3;0;0;0
13/04/2021;19:37:12;2012;ES;56057;ALFREDO CHAVES;12;6;1023;;2;MASCULINO;1;SOLTEIRO;2124;21 a 24 anos                  ;7;SUPERIOR INCOMPLETO;-3;#NE;-3;#NE;-3;#NE;-3;#NE;Obrigatório;1;0;0;0
13/04/2021;19:37:12;2012;ES;56057;ALFREDO CHAVES;12;6;1023;;2;MASCULINO;1;SOLTEIRO;2529;25 a 29 anos                  ;5;ENSINO MÉDIO INCOMPLETO;-3;#NE;-3;#NE;-3;#NE;-3;#NE;Obrigatório;1;0;0;0
13/04/2021;19:37:12;2012;ES;56057;ALFREDO CHAVES;12;6;1023;;2;MASCULINO;1;SOLTEIRO;2529;25 a 29 anos                  ;6;ENSINO MÉDIO COMPLETO;-3;#NE;-3;#NE;-3;#NE;-3;#NE;Obrigatório;2;0;0;0
13/04/2021;19:37:12;2012;ES;56057;ALFREDO CHAVES;12;6;1023;;2;MASCULINO;1;SOLTEIRO;3034;30 a 34 anos                  ;3;ENSINO FUNDAMENTAL INCOMPLETO;-3;#NE;-3;#NE;-3;#NE;-3;#NE;Obrigatório;7;0;0;0
13/04/2021;19:37:12;2012;ES;56057;ALFREDO CHAVES;12;6;1023;;2;MASCULINO;1;SOLTEIRO;3034;30 a 34 anos                  ;5;ENSINO MÉDIO INCOMPLETO;-3;#NE;-3;#NE;-3;#NE;-3;#NE;Obrigatório;5;0;0;0
13/04/2021;19:37:12;2012;ES;56057;ALFREDO CHAVES;12;6;1023;;2;MASCULINO;1;SOLTEIRO;3034;30 a 34 anos                  ;6;ENSINO MÉDIO COMPLETO;-3;#NE;-3;#NE;-3;#NE;-3;#NE;Obrigatório;2;0;0;0
13/04/2021;19:37:12;2012;ES;56057;ALFREDO CHAVES;12;6;1023;;2;MASCULINO;1;SOLTEIRO;3034;30 a 34 anos                  ;7;SUPERIOR INCOMPLETO;-3;#NE;-3;#NE;-3;#NE;-3;#NE;Obrigatório;1;0;0;0
13/04/2021;19:37:12;2012;ES;56057;ALFREDO CHAVES;12;6;1023;;2;MASCULINO;1;SOLTEIRO;3539;35 a 39 anos                  ;3;ENSINO FUNDAMENTAL INCOMPLETO;-3;#NE;-3;#NE;-3;#NE;-3;#NE;Obrigatório;2;0;0;0
13/04/2021;19:37:12;2012;ES;56057;ALFREDO CHAVES;12;6;1023;;2;MASCULINO;1;SOLTEIRO;3539;35 a 39 anos                  ;5;ENSINO MÉDIO INCOMPLETO;-3;#NE;-3;#NE;-3;#NE;-3;#NE;Obrigatório;2;0;0;0
13/04/2021;19:37:12;2012;ES;56057;ALFREDO CHAVES;12;7;1023;;4;FEMININO;1;SOLTEIRO;2529;25 a 29 anos                  ;3;ENSINO FUNDAMENTAL INCOMPLETO;-3;#NE;-3;#NE;-3;#NE;-3;#NE;Obrigatório;4;0;0;0
13/04/2021;19:37:12;2012;ES;56057;ALFREDO CHAVES;12;7;1023;;4;FEMININO;1;SOLTEIRO;2529;25 a 29 anos                  ;4;ENSINO FUNDAMENTAL COMPLETO;-3;#NE;-3;#NE;-3;#NE;-3;#NE;Obrigatório;2;0;0;0
13/04/2021;19:37:12;2012;ES;56057;ALFREDO CHAVES;12;7;1023;;4;FEMININO;1;SOLTEIRO;2529;25 a 29 anos                  ;5;ENSINO MÉDIO INCOMPLETO;-3;#NE;-3;#NE;-3;#NE;-3;#NE;Obrigatório;3;0;0;0
13/04/2021;19:37:12;2012;ES;56057;ALFREDO CHAVES;12;7;1023;;4;FEMININO;1;SOLTEIRO;2529;25 a 29 anos                  ;6;ENSINO MÉDIO COMPLETO;-3;#NE;-3;#NE;-3;#NE;-3;#NE;Obrigatório;2;0;0;0
13/04/2021;19:37:12;2012;ES;56057;ALFREDO CHAVES;12;7;1023;;4;FEMININO;1;SOLTEIRO;3034;30 a 34 anos                  ;3;ENSINO FUNDAMENTAL INCOMPLETO;-3;#NE;-3;#NE;-3;#NE;-3;#NE;Obrigatório;2;0;0;0
13/04/2021;19:37:12;2012;ES;56057;ALFREDO CHAVES;12;7;1023;;4;FEMININO;1;SOLTEIRO;3034;30 a 34 anos                  ;5;ENSINO MÉDIO INCOMPLETO;-3;#NE;-3;#NE;-3;#NE;-3;#NE;Obrigatório;5;0;0;0
13/04/2021;19:37:12;2012;ES;56057;ALFREDO CHAVES;12;7;1023;;4;FEMININO;1;SOLTEIRO;3034;30 a 34 anos                  ;6;ENSINO MÉDIO COMPLETO;-3;#NE;-3;#NE;-3;#NE;-3;#NE;Obrigatório;3;0;0;0
13/04/2021;19:37:12;2012;ES;56057;ALFREDO CHAVES;12;7;1023;;4;FEMININO;1;SOLTEIRO;3034;30 a 34 anos                  ;7;SUPERIOR INCOMPLETO;-3;#NE;-3;#NE;-3;#NE;-3;#NE;Obrigatório;1;0;0;0
13/04/2021;19:37:12;2012;ES;56057;ALFREDO CHAVES;12;7;1023;;4;FEMININO;1;SOLTEIRO;3034;30 a 34 anos                  ;8;SUPERIOR COMPLETO;-3;#NE;-3;#NE;-3;#NE;-3;#NE;Obrigatório;1;0;0;0
13/04/2021;19:37:12;2012;ES;56057;ALFREDO CHAVES;12;7;1023;;4;FEMININO;1;SOLTEIRO;3539;35 a 39 anos                  ;3;ENSINO FUNDAMENTAL INCOMPLETO;-3;#NE;-3;#NE;-3;#NE;-3;#NE;Obrigatório;6;0;0;0
13/04/2021;19:37:12;2012;ES;56057;ALFREDO CHAVES;12;7;1023;;4;FEMININO;1;SOLTEIRO;3539;35 a 39 anos                  ;4;ENSINO FUNDAMENTAL COMPLETO;-3;#NE;-3;#NE;-3;#NE;-3;#NE;Obrigatório;1;0;0;0
13/04/2021;19:37:12;2012;ES;56057;ALFREDO CHAVES;12;7;1023;;4;FEMININO;1;SOLTEIRO;3539;35 a 39 anos                  ;6;ENSINO MÉDIO COMPLETO;-3;#NE;-3;#NE;-3;#NE;-3;#NE;Obrigatório;1;0;0;0
13/04/2021;19:37:12;2012;ES;56057;ALFREDO CHAVES;12;7;1023;;4;FEMININO;1;SOLTEIRO;4044;40 a 44 anos                  ;3;ENSINO FUNDAMENTAL INCOMPLETO;-3;#NE;-3;#NE;-3;#NE;-3;#NE;Obrigatório;2;0;0;0
13/04/2021;19:37:12;2012;ES;56057;ALFREDO CHAVES;12;7;1023;;4;FEMININO;1;SOLTEIRO;4549;45 a 49 anos                  ;3;ENSINO FUNDAMENTAL INCOMPLETO;-3;#NE;-3;#NE;-3;#NE;-3;#NE;Obrigatório;1;0;0;0
13/04/2021;19:37:12;2012;ES;56057;ALFREDO CHAVES;12;7;1023;;4;FEMININO;1;SOLTEIRO;4549;45 a 49 anos                  ;5;ENSINO MÉDIO INCOMPLETO;-3;#NE;-3;#NE;-3;#NE;-3;#NE;Obrigatório;1;0;0;0
13/04/2021;19:37:12;2012;ES;56057;ALFREDO CHAVES;12;7;1023;;4;FEMININO;1;SOLTEIRO;4549;45 a 49 anos                  ;6;ENSINO MÉDIO COMPLETO;-3;#NE;-3;#NE;-3;#NE;-3;#NE;Obrigatório;2;0;0;0
13/04/2021;19:37:12;2012;ES;56057;ALFREDO CHAVES;12;7;1023;;4;FEMININO;1;SOLTEIRO;5054;50 a 54 anos                  ;3;ENSINO FUNDAMENTAL INCOMPLETO;-3;#NE;-3;#NE;-3;#NE;-3;#NE;Obrigatório;1;0;0;0
13/04/2021;19:37:12;2012;ES;56057;ALFREDO CHAVES;12;7;1023;;4;FEMININO;1;SOLTEIRO;5054;50 a 54 anos                  ;5;ENSINO MÉDIO INCOMPLETO;-3;#NE;-3;#NE;-3;#NE;-3;#NE;Obrigatório;1;0;0;0
13/04/2021;19:37:12;2012;ES;56057;ALFREDO CHAVES;12;7;1023;;4;FEMININO;1;SOLTEIRO;5559;55 a 59 anos                  ;3;ENSINO FUNDAMENTAL INCOMPLETO;-3;#NE;-3;#NE;-3;#NE;-3;#NE;Obrigatório;1;0;0;0
13/04/2021;19:37:12;2012;ES;56057;ALFREDO CHAVES;12;7;1023;;4;FEMININO;1;SOLTEIRO;5559;55 a 59 anos                  ;6;ENSINO MÉDIO COMPLETO;-3;#NE;-3;#NE;-3;#NE;-3;#NE;Obrigatório;1;0;0;0
13/04/2021;19:37:12;2012;ES;56057;ALFREDO CHAVES;12;7;1023;;4;FEMININO;1;SOLTEIRO;6569;65 a 69 anos                  ;6;ENSINO MÉDIO COMPLETO;-3;#NE;-3;#NE;-3;#NE;-3;#NE;Obrigatório;1;0;0;0
13/04/2021;19:37:12;2012;ES;56057;ALFREDO CHAVES;12;7;1023;;4;FEMININO;1;SOLTEIRO;7579;75 a 79 anos                  ;2;LÊ E ESCREVE;-3;#NE;-3;#NE;-3;#NE;-3;#NE;Facultativo;1;0;0;0
13/04/2021;19:37:12;2012;ES;56057;ALFREDO CHAVES;12;7;1023;;4;FEMININO;1;SOLTEIRO;7579;75 a 79 anos                  ;3;ENSINO FUNDAMENTAL INCOMPLETO;-3;#NE;-3;#NE;-3;#NE;-3;#NE;Facultativo;2;0;0;0
13/04/2021;19:37:12;2012;ES;56057;ALFREDO CHAVES;12;7;1023;;4;FEMININO;3;CASADO;1900;19 anos                       ;4;ENSINO FUNDAMENTAL COMPLETO;-3;#NE;-3;#NE;-3;#NE;-3;#NE;Obrigatório;1;0;0;0
13/04/2021;19:37:12;2012;ES;56057;ALFREDO CHAVES;12;7;1023;;4;FEMININO;3;CASADO;2000;20 anos                       ;6;ENSINO MÉDIO COMPLETO;-3;#NE;-3;#NE;-3;#NE;-3;#NE;Obrigatório;1;0;0;0
13/04/2021;19:37:12;2012;ES;56057;ALFREDO CHAVES;12;7;1023;;4;FEMININO;3;CASADO;2529;25 a 29 anos                  ;3;ENSINO FUNDAMENTAL INCOMPLETO;-3;#NE;-3;#NE;-3;#NE;-3;#NE;Obrigatório;1;0;0;0
13/04/2021;19:37:12;2012;ES;56057;ALFREDO CHAVES;12;7;1023;;4;FEMININO;3;CASADO;2529;25 a 29 anos                  ;5;ENSINO MÉDIO INCOMPLETO;-3;#NE;-3;#NE;-3;#NE;-3;#NE;Obrigatório;1;0;0;0
13/04/2021;19:37:12;2012;ES;56057;ALFREDO CHAVES;12;7;1023;;4;FEMININO;3;CASADO;2529;25 a 29 anos                  ;7;SUPERIOR INCOMPLETO;-3;#NE;-3;#NE;-3;#NE;-3;#NE;Obrigatório;1;0;0;0
13/04/2021;19:37:12;2012;ES;56057;ALFREDO CHAVES;12;7;1023;;4;FEMININO;3;CASADO;2529;25 a 29 anos                  ;8;SUPERIOR COMPLETO;-3;#NE;-3;#NE;-3;#NE;-3;#NE;Obrigatório;1;0;0;0
13/04/2021;19:37:12;2012;ES;56057;ALFREDO CHAVES;12;7;1023;;4;FEMININO;3;CASADO;3034;30 a 34 anos                  ;3;ENSINO FUNDAMENTAL INCOMPLETO;-3;#NE;-3;#NE;-3;#NE;-3;#NE;Obrigatório;4;0;0;0
13/04/2021;19:37:12;2012;ES;56057;ALFREDO CHAVES;12;7;1023;;4;FEMININO;3;CASADO;3034;30 a 34 anos                  ;7;SUPERIOR INCOMPLETO;-3;#NE;-3;#NE;-3;#NE;-3;#NE;Obrigatório;1;0;0;0
13/04/2021;19:37:12;2012;ES;56057;ALFREDO CHAVES;12;7;1023;;4;FEMININO;3;CASADO;3539;35 a 39 anos                  ;1;ANALFABETO;-3;#NE;-3;#NE;-3;#NE;-3;#NE;Facultativo;1;0;0;0
13/04/2021;19:37:12;2012;ES;56057;ALFREDO CHAVES;12;7;1023;;4;FEMININO;3;CASADO;3539;35 a 39 anos                  ;3;ENSINO FUNDAMENTAL INCOMPLETO;-3;#NE;-3;#NE;-3;#NE;-3;#NE;Obrigatório;2;0;0;0
13/04/2021;19:37:12;2012;ES;56057;ALFREDO CHAVES;12;7;1023;;4;FEMININO;3;CASADO;3539;35 a 39 anos                  ;6;ENSINO MÉDIO COMPLETO;-3;#NE;-3;#NE;-3;#NE;-3;#NE;Obrigatório;1;0;0;0
13/04/2021;19:37:12;2012;ES;56057;ALFREDO CHAVES;12;7;1023;;4;FEMININO;3;CASADO;4044;40 a 44 anos                  ;3;ENSINO FUNDAMENTAL INCOMPLETO;-3;#NE;-3;#NE;-3;#NE;-3;#NE;Obrigatório;1;0;0;0
13/04/2021;19:37:12;2012;ES;56057;ALFREDO CHAVES;12;9;1031;;2;MASCULINO;1;SOLTEIRO;3539;35 a 39 anos                  ;3;ENSINO FUNDAMENTAL INCOMPLETO;-3;#NE;-3;#NE;-3;#NE;-3;#NE;Obrigatório;4;0;0;0
13/04/2021;19:37:12;2012;ES;56057;ALFREDO CHAVES;12;9;1031;;2;MASCULINO;1;SOLTEIRO;4044;40 a 44 anos                  ;2;LÊ E ESCREVE;-3;#NE;-3;#NE;-3;#NE;-3;#NE;Obrigatório;2;0;0;0
13/04/2021;19:37:12;2012;ES;56057;ALFREDO CHAVES;12;9;1031;;2;MASCULINO;1;SOLTEIRO;4549;45 a 49 anos                  ;3;ENSINO FUNDAMENTAL INCOMPLETO;-3;#NE;-3;#NE;-3;#NE;-3;#NE;Obrigatório;2;0;0;0
13/04/2021;19:37:12;2012;ES;56057;ALFREDO CHAVES;12;9;1031;;2;MASCULINO;1;SOLTEIRO;4549;45 a 49 anos                  ;5;ENSINO MÉDIO INCOMPLETO;-3;#NE;-3;#NE;-3;#NE;-3;#NE;Obrigatório;1;0;0;0
13/04/2021;19:37:12;2012;ES;56057;ALFREDO CHAVES;12;9;1031;;2;MASCULINO;1;SOLTEIRO;5054;50 a 54 anos                  ;2;LÊ E ESCREVE;-3;#NE;-3;#NE;-3;#NE;-3;#NE;Obrigatório;2;0;0;0
13/04/2021;19:37:12;2012;ES;56057;ALFREDO CHAVES;12;9;1031;;2;MASCULINO;1;SOLTEIRO;5559;55 a 59 anos                  ;0;NÃO INFORMADO;-3;#NE;-3;#NE;-3;#NE;-3;#NE;Obrigatório;1;0;0;0
13/04/2021;19:37:12;2012;ES;56057;ALFREDO CHAVES;12;9;1031;;2;MASCULINO;1;SOLTEIRO;6064;60 a 64 anos                  ;2;LÊ E ESCREVE;-3;#NE;-3;#NE;-3;#NE;-3;#NE;Obrigatório;1;0;0;0
13/04/2021;19:37:12;2012;ES;56057;ALFREDO CHAVES;12;9;1031;;2;MASCULINO;1;SOLTEIRO;7074;70 a 74 anos                  ;2;LÊ E ESCREVE;-3;#NE;-3;#NE;-3;#NE;-3;#NE;Facultativo;1;0;0;0
13/04/2021;19:37:12;2012;ES;56057;ALFREDO CHAVES;12;9;1031;;2;MASCULINO;3;CASADO;3539;35 a 39 anos                  ;3;ENSINO FUNDAMENTAL INCOMPLETO;-3;#NE;-3;#NE;-3;#NE;-3;#NE;Obrigatório;1;0;0;0
13/04/2021;19:37:12;2012;ES;56057;ALFREDO CHAVES;12;9;1031;;2;MASCULINO;3;CASADO;4044;40 a 44 anos                  ;3;ENSINO FUNDAMENTAL INCOMPLETO;-3;#NE;-3;#NE;-3;#NE;-3;#NE;Obrigatório;4;0;0;0
13/04/2021;19:37:12;2012;ES;56057;ALFREDO CHAVES;12;9;1031;;2;MASCULINO;3;CASADO;4044;40 a 44 anos                  ;5;ENSINO MÉDIO INCOMPLETO;-3;#NE;-3;#NE;-3;#NE;-3;#NE;Obrigatório;1;0;0;0
13/04/2021;19:37:12;2012;ES;56057;ALFREDO CHAVES;12;9;1031;;2;MASCULINO;3;CASADO;4044;40 a 44 anos                  ;6;ENSINO MÉDIO COMPLETO;-3;#NE;-3;#NE;-3;#NE;-3;#NE;Obrigatório;1;0;0;0
13/04/2021;19:37:12;2012;ES;56057;ALFREDO CHAVES;12;9;1031;;2;MASCULINO;3;CASADO;5054;50 a 54 anos                  ;2;LÊ E ESCREVE;-3;#NE;-3;#NE;-3;#NE;-3;#NE;Obrigatório;1;0;0;0
13/04/2021;19:37:12;2012;ES;56057;ALFREDO CHAVES;12;9;1031;;2;MASCULINO;3;CASADO;5054;50 a 54 anos                  ;3;ENSINO FUNDAMENTAL INCOMPLETO;-3;#NE;-3;#NE;-3;#NE;-3;#NE;Obrigatório;1;0;0;0
13/04/2021;19:37:12;2012;ES;56057;ALFREDO CHAVES;12;9;1031;;2;MASCULINO;3;CASADO;5054;50 a 54 anos                  ;8;SUPERIOR COMPLETO;-3;#NE;-3;#NE;-3;#NE;-3;#NE;Obrigatório;1;0;0;0
13/04/2021;19:37:12;2012;ES;56057;ALFREDO CHAVES;12;9;1031;;2;MASCULINO;3;CASADO;5559;55 a 59 anos                  ;3;ENSINO FUNDAMENTAL INCOMPLETO;-3;#NE;-3;#NE;-3;#NE;-3;#NE;Obrigatório;8;0;0;0
13/04/2021;19:37:12;2012;ES;56057;ALFREDO CHAVES;12;9;1031;;2;MASCULINO;3;CASADO;5559;55 a 59 anos                  ;6;ENSINO MÉDIO COMPLETO;-3;#NE;-3;#NE;-3;#NE;-3;#NE;Obrigatório;1;0;0;0
13/04/2021;19:37:12;2012;ES;56057;ALFREDO CHAVES;12;9;1031;;2;MASCULINO;3;CASADO;6064;60 a 64 anos                  ;2;LÊ E ESCREVE;-3;#NE;-3;#NE;-3;#NE;-3;#NE;Obrigatório;2;0;0;0
13/04/2021;19:37:12;2012;ES;56057;ALFREDO CHAVES;12;9;1031;;2;MASCULINO;3;CASADO;6569;65 a 69 anos                  ;2;LÊ E ESCREVE;-3;#NE;-3;#NE;-3;#NE;-3;#NE;Obrigatório;2;0;0;0
13/04/2021;19:37:12;2012;ES;56057;ALFREDO CHAVES;12;9;1031;;2;MASCULINO;3;CASADO;6569;65 a 69 anos                  ;3;ENSINO FUNDAMENTAL INCOMPLETO;-3;#NE;-3;#NE;-3;#NE;-3;#NE;Obrigatório;3;0;0;0
13/04/2021;19:37:12;2012;ES;56057;ALFREDO CHAVES;12;9;1031;;2;MASCULINO;3;CASADO;7074;70 a 74 anos                  ;1;ANALFABETO;-3;#NE;-3;#NE;-3;#NE;-3;#NE;Facultativo;1;0;0;0
13/04/2021;19:37:12;2012;ES;56057;ALFREDO CHAVES;12;9;1031;;2;MASCULINO;3;CASADO;7074;70 a 74 anos                  ;3;ENSINO FUNDAMENTAL INCOMPLETO;-3;#NE;-3;#NE;-3;#NE;-3;#NE;Facultativo;2;0;0;0
13/04/2021;19:37:12;2012;ES;56057;ALFREDO CHAVES;12;9;1031;;2;MASCULINO;3;CASADO;8084;80 a 84 anos                  ;2;LÊ E ESCREVE;-3;#NE;-3;#NE;-3;#NE;-3;#NE;Facultativo;1;0;0;0
13/04/2021;19:37:12;2012;ES;56057;ALFREDO CHAVES;12;9;1031;;2;MASCULINO;3;CASADO;8084;80 a 84 anos                  ;6;ENSINO MÉDIO COMPLETO;-3;#NE;-3;#NE;-3;#NE;-3;#NE;Facultativo;1;0;0;0
13/04/2021;19:37:12;2012;ES;56057;ALFREDO CHAVES;12;9;1031;;2;MASCULINO;3;CASADO;8589;85 a 89 anos                  ;3;ENSINO FUNDAMENTAL INCOMPLETO;-3;#NE;-3;#NE;-3;#NE;-3;#NE;Facultativo;1;0;0;0
13/04/2021;19:37:12;2012;ES;56057;ALFREDO CHAVES;12;9;1031;;2;MASCULINO;3;CASADO;9094;90 a 94 anos                  ;2;LÊ E ESCREVE;-3;#NE;-3;#NE;-3;#NE;-3;#NE;Facultativo;1;0;0;0
13/04/2021;19:37:12;2012;ES;56057;ALFREDO CHAVES;12;9;1031;;4;FEMININO;0;NÃO INFORMADO;9094;90 a 94 anos                  ;2;LÊ E ESCREVE;-3;#NE;-3;#NE;-3;#NE;-3;#NE;Facultativo;1;0;0;0
13/04/2021;19:37:12;2012;ES;56057;ALFREDO CHAVES;12;9;1031;;4;FEMININO;1;SOLTEIRO;1700;17 anos                       ;5;ENSINO MÉDIO INCOMPLETO;-3;#NE;-3;#NE;-3;#NE;-3;#NE;Facultativo;3;0;0;0
13/04/2021;19:37:12;2012;ES;56057;ALFREDO CHAVES;12;9;1031;;4;FEMININO;1;SOLTEIRO;1900;19 anos                       ;6;ENSINO MÉDIO COMPLETO;-3;#NE;-3;#NE;-3;#NE;-3;#NE;Obrigatório;1;0;0;0
13/04/2021;19:37:12;2012;ES;56057;ALFREDO CHAVES;12;9;1031;;4;FEMININO;1;SOLTEIRO;2124;21 a 24 anos                  ;5;ENSINO MÉDIO INCOMPLETO;-3;#NE;-3;#NE;-3;#NE;-3;#NE;Obrigatório;2;0;0;0
13/04/2021;19:37:12;2012;ES;56057;ALFREDO CHAVES;12;9;1031;;4;FEMININO;1;SOLTEIRO;2529;25 a 29 anos                  ;3;ENSINO FUNDAMENTAL INCOMPLETO;-3;#NE;-3;#NE;-3;#NE;-3;#NE;Obrigatório;1;0;0;0
13/04/2021;19:37:12;2012;ES;56057;ALFREDO CHAVES;12;9;1031;;4;FEMININO;1;SOLTEIRO;2529;25 a 29 anos                  ;5;ENSINO MÉDIO INCOMPLETO;-3;#NE;-3;#NE;-3;#NE;-3;#NE;Obrigatório;1;0;0;0
13/04/2021;19:37:12;2012;ES;56057;ALFREDO CHAVES;12;9;1031;;4;FEMININO;1;SOLTEIRO;3034;30 a 34 anos                  ;3;ENSINO FUNDAMENTAL INCOMPLETO;-3;#NE;-3;#NE;-3;#NE;-3;#NE;Obrigatório;2;0;0;0
13/04/2021;19:37:12;2012;ES;56057;ALFREDO CHAVES;12;9;1031;;4;FEMININO;1;SOLTEIRO;3539;35 a 39 anos                  ;1;ANALFABETO;-3;#NE;-3;#NE;-3;#NE;-3;#NE;Facultativo;1;0;0;0
13/04/2021;19:37:12;2012;ES;56057;ALFREDO CHAVES;12;9;1031;;4;FEMININO;1;SOLTEIRO;3539;35 a 39 anos                  ;3;ENSINO FUNDAMENTAL INCOMPLETO;-3;#NE;-3;#NE;-3;#NE;-3;#NE;Obrigatório;4;0;0;0
13/04/2021;19:37:12;2012;ES;56057;ALFREDO CHAVES;12;9;1031;;4;FEMININO;1;SOLTEIRO;4549;45 a 49 anos                  ;3;ENSINO FUNDAMENTAL INCOMPLETO;-3;#NE;-3;#NE;-3;#NE;-3;#NE;Obrigatório;1;0;0;0
13/04/2021;19:37:12;2012;ES;56057;ALFREDO CHAVES;12;9;1031;;4;FEMININO;1;SOLTEIRO;4549;45 a 49 anos                  ;5;ENSINO MÉDIO INCOMPLETO;-3;#NE;-3;#NE;-3;#NE;-3;#NE;Obrigatório;1;0;0;0
13/04/2021;19:37:12;2012;ES;56057;ALFREDO CHAVES;12;9;1031;;4;FEMININO;1;SOLTEIRO;5054;50 a 54 anos                  ;6;ENSINO MÉDIO COMPLETO;-3;#NE;-3;#NE;-3;#NE;-3;#NE;Obrigatório;2;0;0;0
13/04/2021;19:37:12;2012;ES;56057;ALFREDO CHAVES;12;9;1031;;4;FEMININO;1;SOLTEIRO;5559;55 a 59 anos                  ;8;SUPERIOR COMPLETO;-3;#NE;-3;#NE;-3;#NE;-3;#NE;Obrigatório;1;0;0;0
13/04/2021;19:37:12;2012;ES;56057;ALFREDO CHAVES;12;9;1031;;4;FEMININO;3;CASADO;2529;25 a 29 anos                  ;3;ENSINO FUNDAMENTAL INCOMPLETO;-3;#NE;-3;#NE;-3;#NE;-3;#NE;Obrigatório;1;0;0;0
13/04/2021;19:37:12;2012;ES;56057;ALFREDO CHAVES;12;9;1031;;4;FEMININO;3;CASADO;3034;30 a 34 anos                  ;2;LÊ E ESCREVE;-3;#NE;-3;#NE;-3;#NE;-3;#NE;Obrigatório;1;0;0;0
13/04/2021;19:37:12;2012;ES;56057;ALFREDO CHAVES;12;9;1031;;4;FEMININO;3;CASADO;3539;35 a 39 anos                  ;6;ENSINO MÉDIO COMPLETO;-3;#NE;-3;#NE;-3;#NE;-3;#NE;Obrigatório;1;0;0;0
13/04/2021;19:37:12;2012;ES;56057;ALFREDO CHAVES;12;9;1031;;4;FEMININO;3;CASADO;4044;40 a 44 anos                  ;3;ENSINO FUNDAMENTAL INCOMPLETO;-3;#NE;-3;#NE;-3;#NE;-3;#NE;Obrigatório;1;0;0;0
13/04/2021;19:37:12;2012;ES;56057;ALFREDO CHAVES;12;9;1031;;4;FEMININO;3;CASADO;4044;40 a 44 anos                  ;8;SUPERIOR COMPLETO;-3;#NE;-3;#NE;-3;#NE;-3;#NE;Obrigatório;1;0;0;0
13/04/2021;19:37:12;2012;ES;56057;ALFREDO CHAVES;12;9;1031;;4;FEMININO;3;CASADO;4549;45 a 49 anos                  ;1;ANALFABETO;-3;#NE;-3;#NE;-3;#NE;-3;#NE;Facultativo;1;0;0;0
13/04/2021;19:37:12;2012;ES;56057;ALFREDO CHAVES;12;9;1031;;4;FEMININO;3;CASADO;4549;45 a 49 anos                  ;3;ENSINO FUNDAMENTAL INCOMPLETO;-3;#NE;-3;#NE;-3;#NE;-3;#NE;Obrigatório;2;0;0;0
13/04/2021;19:37:12;2012;ES;56057;ALFREDO CHAVES;12;9;1031;;4;FEMININO;3;CASADO;5054;50 a 54 anos                  ;3;ENSINO FUNDAMENTAL INCOMPLETO;-3;#NE;-3;#NE;-3;#NE;-3;#NE;Obrigatório;4;0;0;0
13/04/2021;19:37:12;2012;ES;56057;ALFREDO CHAVES;12;9;1031;;4;FEMININO;3;CASADO;5054;50 a 54 anos                  ;6;ENSINO MÉDIO COMPLETO;-3;#NE;-3;#NE;-3;#NE;-3;#NE;Obrigatório;1;0;0;0
13/04/2021;19:37:12;2012;ES;56057;ALFREDO CHAVES;12;9;1031;;4;FEMININO;3;CASADO;5559;55 a 59 anos                  ;2;LÊ E ESCREVE;-3;#NE;-3;#NE;-3;#NE;-3;#NE;Obrigatório;4;0;0;0
13/04/2021;19:37:12;2012;ES;56057;ALFREDO CHAVES;12;9;1031;;4;FEMININO;3;CASADO;5559;55 a 59 anos                  ;3;ENSINO FUNDAMENTAL INCOMPLETO;-3;#NE;-3;#NE;-3;#NE;-3;#NE;Obrigatório;10;0;0;0
13/04/2021;19:37:12;2012;ES;56057;ALFREDO CHAVES;12;11;1040;;4;FEMININO;1;SOLTEIRO;3539;35 a 39 anos                  ;3;ENSINO FUNDAMENTAL INCOMPLETO;-3;#NE;-3;#NE;-3;#NE;-3;#NE;Obrigatório;1;0;0;0
13/04/2021;19:37:12;2012;ES;56057;ALFREDO CHAVES;12;11;1040;;4;FEMININO;1;SOLTEIRO;3539;35 a 39 anos                  ;5;ENSINO MÉDIO INCOMPLETO;-3;#NE;-3;#NE;-3;#NE;-3;#NE;Obrigatório;2;0;0;0
13/04/2021;19:37:12;2012;ES;56057;ALFREDO CHAVES;12;11;1040;;4;FEMININO;1;SOLTEIRO;3539;35 a 39 anos                  ;6;ENSINO MÉDIO COMPLETO;-3;#NE;-3;#NE;-3;#NE;-3;#NE;Obrigatório;1;0;0;0
13/04/2021;19:37:12;2012;ES;56057;ALFREDO CHAVES;12;11;1040;;4;FEMININO;1;SOLTEIRO;4044;40 a 44 anos                  ;4;ENSINO FUNDAMENTAL COMPLETO;-3;#NE;-3;#NE;-3;#NE;-3;#NE;Obrigatório;1;0;0;0
13/04/2021;19:37:12;2012;ES;56057;ALFREDO CHAVES;12;11;1040;;4;FEMININO;1;SOLTEIRO;4549;45 a 49 anos                  ;3;ENSINO FUNDAMENTAL INCOMPLETO;-3;#NE;-3;#NE;-3;#NE;-3;#NE;Obrigatório;4;0;0;0
13/04/2021;19:37:12;2012;ES;56057;ALFREDO CHAVES;12;11;1040;;4;FEMININO;1;SOLTEIRO;4549;45 a 49 anos                  ;4;ENSINO FUNDAMENTAL COMPLETO;-3;#NE;-3;#NE;-3;#NE;-3;#NE;Obrigatório;5;0;0;0
13/04/2021;19:37:12;2012;ES;56057;ALFREDO CHAVES;12;11;1040;;4;FEMININO;1;SOLTEIRO;5559;55 a 59 anos                  ;2;LÊ E ESCREVE;-3;#NE;-3;#NE;-3;#NE;-3;#NE;Obrigatório;1;0;0;0
13/04/2021;19:37:12;2012;ES;56057;ALFREDO CHAVES;12;11;1040;;4;FEMININO;1;SOLTEIRO;5559;55 a 59 anos                  ;3;ENSINO FUNDAMENTAL INCOMPLETO;-3;#NE;-3;#NE;-3;#NE;-3;#NE;Obrigatório;1;0;0;0
13/04/2021;19:37:12;2012;ES;56057;ALFREDO CHAVES;12;11;1040;;4;FEMININO;1;SOLTEIRO;7579;75 a 79 anos                  ;2;LÊ E ESCREVE;-3;#NE;-3;#NE;-3;#NE;-3;#NE;Facultativo;1;0;0;0
13/04/2021;19:37:12;2012;ES;56057;ALFREDO CHAVES;12;11;1040;;4;FEMININO;3;CASADO;2124;21 a 24 anos                  ;5;ENSINO MÉDIO INCOMPLETO;-3;#NE;-3;#NE;-3;#NE;-3;#NE;Obrigatório;1;0;0;0
13/04/2021;19:37:12;2012;ES;56057;ALFREDO CHAVES;12;11;1040;;4;FEMININO;3;CASADO;2529;25 a 29 anos                  ;4;ENSINO FUNDAMENTAL COMPLETO;-3;#NE;-3;#NE;-3;#NE;-3;#NE;Obrigatório;1;0;0;0
13/04/2021;19:37:12;2012;ES;56057;ALFREDO CHAVES;12;11;1040;;4;FEMININO;3;CASADO;2529;25 a 29 anos                  ;8;SUPERIOR COMPLETO;-3;#NE;-3;#NE;-3;#NE;-3;#NE;Obrigatório;1;0;0;0
13/04/2021;19:37:12;2012;ES;56057;ALFREDO CHAVES;12;11;1040;;4;FEMININO;3;CASADO;3034;30 a 34 anos                  ;4;ENSINO FUNDAMENTAL COMPLETO;-3;#NE;-3;#NE;-3;#NE;-3;#NE;Obrigatório;2;0;0;0
13/04/2021;19:37:12;2012;ES;56057;ALFREDO CHAVES;12;11;1040;;4;FEMININO;3;CASADO;3034;30 a 34 anos                  ;6;ENSINO MÉDIO COMPLETO;-3;#NE;-3;#NE;-3;#NE;-3;#NE;Obrigatório;3;0;0;0
13/04/2021;19:37:12;2012;ES;56057;ALFREDO CHAVES;12;11;1040;;4;FEMININO;3;CASADO;3539;35 a 39 anos                  ;5;ENSINO MÉDIO INCOMPLETO;-3;#NE;-3;#NE;-3;#NE;-3;#NE;Obrigatório;1;0;0;0
13/04/2021;19:37:12;2012;ES;56057;ALFREDO CHAVES;12;11;1040;;4;FEMININO;3;CASADO;4044;40 a 44 anos                  ;2;LÊ E ESCREVE;-3;#NE;-3;#NE;-3;#NE;-3;#NE;Obrigatório;1;0;0;0
13/04/2021;19:37:12;2012;ES;56057;ALFREDO CHAVES;12;11;1040;;4;FEMININO;3;CASADO;4044;40 a 44 anos                  ;5;ENSINO MÉDIO INCOMPLETO;-3;#NE;-3;#NE;-3;#NE;-3;#NE;Obrigatório;1;0;0;0
13/04/2021;19:37:12;2012;ES;56057;ALFREDO CHAVES;12;11;1040;;4;FEMININO;3;CASADO;4044;40 a 44 anos                  ;6;ENSINO MÉDIO COMPLETO;-3;#NE;-3;#NE;-3;#NE;-3;#NE;Obrigatório;3;0;0;0
13/04/2021;19:37:12;2012;ES;56057;ALFREDO CHAVES;12;11;1040;;4;FEMININO;3;CASADO;4549;45 a 49 anos                  ;2;LÊ E ESCREVE;-3;#NE;-3;#NE;-3;#NE;-3;#NE;Obrigatório;1;0;0;0
13/04/2021;19:37:12;2012;ES;56057;ALFREDO CHAVES;12;11;1040;;4;FEMININO;3;CASADO;4549;45 a 49 anos                  ;3;ENSINO FUNDAMENTAL INCOMPLETO;-3;#NE;-3;#NE;-3;#NE;-3;#NE;Obrigatório;6;0;0;0
13/04/2021;19:37:12;2012;ES;56057;ALFREDO CHAVES;12;11;1040;;4;FEMININO;3;CASADO;4549;45 a 49 anos                  ;4;ENSINO FUNDAMENTAL COMPLETO;-3;#NE;-3;#NE;-3;#NE;-3;#NE;Obrigatório;1;0;0;0
13/04/2021;19:37:12;2012;ES;56057;ALFREDO CHAVES;12;11;1040;;4;FEMININO;3;CASADO;5054;50 a 54 anos                  ;3;ENSINO FUNDAMENTAL INCOMPLETO;-3;#NE;-3;#NE;-3;#NE;-3;#NE;Obrigatório;6;0;0;0
13/04/2021;19:37:12;2012;ES;56057;ALFREDO CHAVES;12;11;1040;;4;FEMININO;3;CASADO;5054;50 a 54 anos                  ;4;ENSINO FUNDAMENTAL COMPLETO;-3;#NE;-3;#NE;-3;#NE;-3;#NE;Obrigatório;2;0;0;0
13/04/2021;19:37:12;2012;ES;56057;ALFREDO CHAVES;12;11;1040;;4;FEMININO;3;CASADO;5559;55 a 59 anos                  ;1;ANALFABETO;-3;#NE;-3;#NE;-3;#NE;-3;#NE;Facultativo;1;0;0;0
13/04/2021;19:37:12;2012;ES;56057;ALFREDO CHAVES;12;11;1040;;4;FEMININO;3;CASADO;5559;55 a 59 anos                  ;2;LÊ E ESCREVE;-3;#NE;-3;#NE;-3;#NE;-3;#NE;Obrigatório;4;0;0;0
13/04/2021;19:37:12;2012;ES;56057;ALFREDO CHAVES;12;11;1040;;4;FEMININO;3;CASADO;5559;55 a 59 anos                  ;3;ENSINO FUNDAMENTAL INCOMPLETO;-3;#NE;-3;#NE;-3;#NE;-3;#NE;Obrigatório;7;0;0;0
13/04/2021;19:37:12;2012;ES;56057;ALFREDO CHAVES;12;11;1040;;4;FEMININO;3;CASADO;6064;60 a 64 anos                  ;2;LÊ E ESCREVE;-3;#NE;-3;#NE;-3;#NE;-3;#NE;Obrigatório;3;0;0;0
13/04/2021;19:37:12;2012;ES;56057;ALFREDO CHAVES;12;11;1040;;4;FEMININO;3;CASADO;6064;60 a 64 anos                  ;3;ENSINO FUNDAMENTAL INCOMPLETO;-3;#NE;-3;#NE;-3;#NE;-3;#NE;Obrigatório;10;0;0;0
13/04/2021;19:37:12;2012;ES;56057;ALFREDO CHAVES;12;11;1040;;4;FEMININO;3;CASADO;6064;60 a 64 anos                  ;4;ENSINO FUNDAMENTAL COMPLETO;-3;#NE;-3;#NE;-3;#NE;-3;#NE;Obrigatório;1;0;0;0
13/04/2021;19:37:12;2012;ES;56057;ALFREDO CHAVES;12;11;1040;;4;FEMININO;3;CASADO;6569;65 a 69 anos                  ;2;LÊ E ESCREVE;-3;#NE;-3;#NE;-3;#NE;-3;#NE;Obrigatório;1;0;0;0
13/04/2021;19:37:12;2012;ES;56057;ALFREDO CHAVES;12;11;1040;;4;FEMININO;3;CASADO;6569;65 a 69 anos                  ;3;ENSINO FUNDAMENTAL INCOMPLETO;-3;#NE;-3;#NE;-3;#NE;-3;#NE;Obrigatório;3;0;0;0
13/04/2021;19:37:12;2012;ES;56057;ALFREDO CHAVES;12;11;1040;;4;FEMININO;3;CASADO;6569;65 a 69 anos                  ;5;ENSINO MÉDIO INCOMPLETO;-3;#NE;-3;#NE;-3;#NE;-3;#NE;Obrigatório;1;0;0;0
13/04/2021;19:37:12;2012;ES;56057;ALFREDO CHAVES;12;11;1040;;4;FEMININO;3;CASADO;7074;70 a 74 anos                  ;1;ANALFABETO;-3;#NE;-3;#NE;-3;#NE;-3;#NE;Facultativo;1;0;0;0
13/04/2021;19:37:12;2012;ES;56057;ALFREDO CHAVES;12;11;1040;;4;FEMININO;3;CASADO;7074;70 a 74 anos                  ;3;ENSINO FUNDAMENTAL INCOMPLETO;-3;#NE;-3;#NE;-3;#NE;-3;#NE;Facultativo;2;0;0;0
13/04/2021;19:37:12;2012;ES;56057;ALFREDO CHAVES;12;11;1040;;4;FEMININO;3;CASADO;8084;80 a 84 anos                  ;3;ENSINO FUNDAMENTAL INCOMPLETO;-3;#NE;-3;#NE;-3;#NE;-3;#NE;Facultativo;3;0;0;0
13/04/2021;19:37:12;2012;ES;56057;ALFREDO CHAVES;12;11;1040;;4;FEMININO;9;DIVORCIADO;3539;35 a 39 anos                  ;3;ENSINO FUNDAMENTAL INCOMPLETO;-3;#NE;-3;#NE;-3;#NE;-3;#NE;Obrigatório;1;0;0;0
13/04/2021;19:37:12;2012;ES;56057;ALFREDO CHAVES;12;11;1040;;4;FEMININO;9;DIVORCIADO;7579;75 a 79 anos                  ;1;ANALFABETO;-3;#NE;-3;#NE;-3;#NE;-3;#NE;Facultativo;1;0;0;0
13/04/2021;19:37:12;2012;ES;56057;ALFREDO CHAVES;12;12;1058;;0;NÃO INFORMADO;3;CASADO;7074;70 a 74 anos                  ;3;ENSINO FUNDAMENTAL INCOMPLETO;-3;#NE;-3;#NE;-3;#NE;-3;#NE;Facultativo;1;0;0;0
13/04/2021;19:37:12;2012;ES;56057;ALFREDO CHAVES;12;12;1058;;2;MASCULINO;1;SOLTEIRO;1600;16 anos                       ;5;ENSINO MÉDIO INCOMPLETO;-3;#NE;-3;#NE;-3;#NE;-3;#NE;Facultativo;1;0;0;0
13/04/2021;19:37:12;2012;ES;56057;ALFREDO CHAVES;12;12;1058;;2;MASCULINO;1;SOLTEIRO;1700;17 anos                       ;5;ENSINO MÉDIO INCOMPLETO;-3;#NE;-3;#NE;-3;#NE;-3;#NE;Facultativo;7;0;0;0
13/04/2021;19:37:12;2012;ES;56057;ALFREDO CHAVES;12;12;1058;;2;MASCULINO;1;SOLTEIRO;1800;18 anos                       ;3;ENSINO FUNDAMENTAL INCOMPLETO;-3;#NE;-3;#NE;-3;#NE;-3;#NE;Obrigatório;1;0;0;0
13/04/2021;19:37:12;2012;ES;56057;ALFREDO CHAVES;12;12;1058;;2;MASCULINO;1;SOLTEIRO;1800;18 anos                       ;5;ENSINO MÉDIO INCOMPLETO;-3;#NE;-3;#NE;-3;#NE;-3;#NE;Obrigatório;4;0;0;0
13/04/2021;19:37:12;2012;ES;56057;ALFREDO CHAVES;12;12;1058;;2;MASCULINO;1;SOLTEIRO;2000;20 anos                       ;4;ENSINO FUNDAMENTAL COMPLETO;-3;#NE;-3;#NE;-3;#NE;-3;#NE;Obrigatório;1;0;0;0
13/04/2021;19:37:12;2012;ES;56057;ALFREDO CHAVES;12;12;1058;;2;MASCULINO;1;SOLTEIRO;2000;20 anos                       ;5;ENSINO MÉDIO INCOMPLETO;-3;#NE;-3;#NE;-3;#NE;-3;#NE;Obrigatório;1;0;0;0
13/04/2021;19:37:12;2012;ES;56057;ALFREDO CHAVES;12;12;1058;;2;MASCULINO;1;SOLTEIRO;2124;21 a 24 anos                  ;5;ENSINO MÉDIO INCOMPLETO;-3;#NE;-3;#NE;-3;#NE;-3;#NE;Obrigatório;8;0;0;0
13/04/2021;19:37:12;2012;ES;56057;ALFREDO CHAVES;12;12;1058;;2;MASCULINO;1;SOLTEIRO;2124;21 a 24 anos                  ;6;ENSINO MÉDIO COMPLETO;-3;#NE;-3;#NE;-3;#NE;-3;#NE;Obrigatório;1;0;0;0
13/04/2021;19:37:12;2012;ES;56057;ALFREDO CHAVES;12;12;1058;;2;MASCULINO;1;SOLTEIRO;2529;25 a 29 anos                  ;3;ENSINO FUNDAMENTAL INCOMPLETO;-3;#NE;-3;#NE;-3;#NE;-3;#NE;Obrigatório;3;0;0;0
13/04/2021;19:37:12;2012;ES;56057;ALFREDO CHAVES;12;12;1058;;2;MASCULINO;1;SOLTEIRO;2529;25 a 29 anos                  ;4;ENSINO FUNDAMENTAL COMPLETO;-3;#NE;-3;#NE;-3;#NE;-3;#NE;Obrigatório;5;0;0;0
13/04/2021;19:37:12;2012;ES;56057;ALFREDO CHAVES;12;12;1058;;2;MASCULINO;1;SOLTEIRO;2529;25 a 29 anos                  ;5;ENSINO MÉDIO INCOMPLETO;-3;#NE;-3;#NE;-3;#NE;-3;#NE;Obrigatório;5;0;0;0
13/04/2021;19:37:12;2012;ES;56057;ALFREDO CHAVES;12;12;1058;;2;MASCULINO;1;SOLTEIRO;2529;25 a 29 anos                  ;6;ENSINO MÉDIO COMPLETO;-3;#NE;-3;#NE;-3;#NE;-3;#NE;Obrigatório;5;0;0;0
13/04/2021;19:37:12;2012;ES;56057;ALFREDO CHAVES;12;12;1058;;2;MASCULINO;1;SOLTEIRO;3034;30 a 34 anos                  ;3;ENSINO FUNDAMENTAL INCOMPLETO;-3;#NE;-3;#NE;-3;#NE;-3;#NE;Obrigatório;2;0;0;0
13/04/2021;19:37:12;2012;ES;56057;ALFREDO CHAVES;12;12;1058;;2;MASCULINO;1;SOLTEIRO;3034;30 a 34 anos                  ;4;ENSINO FUNDAMENTAL COMPLETO;-3;#NE;-3;#NE;-3;#NE;-3;#NE;Obrigatório;1;0;0;0
13/04/2021;19:37:12;2012;ES;56057;ALFREDO CHAVES;12;12;1058;;2;MASCULINO;1;SOLTEIRO;3539;35 a 39 anos                  ;3;ENSINO FUNDAMENTAL INCOMPLETO;-3;#NE;-3;#NE;-3;#NE;-3;#NE;Obrigatório;7;0;0;0
13/04/2021;19:37:12;2012;ES;56057;ALFREDO CHAVES;12;12;1058;;2;MASCULINO;1;SOLTEIRO;3539;35 a 39 anos                  ;5;ENSINO MÉDIO INCOMPLETO;-3;#NE;-3;#NE;-3;#NE;-3;#NE;Obrigatório;5;0;0;0
13/04/2021;19:37:12;2012;ES;56057;ALFREDO CHAVES;12;12;1058;;2;MASCULINO;1;SOLTEIRO;4044;40 a 44 anos                  ;3;ENSINO FUNDAMENTAL INCOMPLETO;-3;#NE;-3;#NE;-3;#NE;-3;#NE;Obrigatório;5;0;0;0
13/04/2021;19:37:12;2012;ES;56057;ALFREDO CHAVES;12;12;1058;;2;MASCULINO;1;SOLTEIRO;4044;40 a 44 anos                  ;4;ENSINO FUNDAMENTAL COMPLETO;-3;#NE;-3;#NE;-3;#NE;-3;#NE;Obrigatório;5;0;0;0
13/04/2021;19:37:12;2012;ES;56057;ALFREDO CHAVES;12;12;1058;;2;MASCULINO;1;SOLTEIRO;4044;40 a 44 anos                  ;6;ENSINO MÉDIO COMPLETO;-3;#NE;-3;#NE;-3;#NE;-3;#NE;Obrigatório;6;0;0;0
13/04/2021;19:37:12;2012;ES;56057;ALFREDO CHAVES;12;12;1058;;2;MASCULINO;1;SOLTEIRO;4549;45 a 49 anos                  ;3;ENSINO FUNDAMENTAL INCOMPLETO;-3;#NE;-3;#NE;-3;#NE;-3;#NE;Obrigatório;7;0;0;0
13/04/2021;19:37:12;2012;ES;56057;ALFREDO CHAVES;12;13;1058;;4;FEMININO;3;CASADO;3034;30 a 34 anos                  ;5;ENSINO MÉDIO INCOMPLETO;-3;#NE;-3;#NE;-3;#NE;-3;#NE;Obrigatório;2;0;0;0
13/04/2021;19:37:12;2012;ES;56057;ALFREDO CHAVES;12;13;1058;;4;FEMININO;3;CASADO;3034;30 a 34 anos                  ;6;ENSINO MÉDIO COMPLETO;-3;#NE;-3;#NE;-3;#NE;-3;#NE;Obrigatório;3;0;0;0
13/04/2021;19:37:12;2012;ES;56057;ALFREDO CHAVES;12;13;1058;;4;FEMININO;3;CASADO;3034;30 a 34 anos                  ;7;SUPERIOR INCOMPLETO;-3;#NE;-3;#NE;-3;#NE;-3;#NE;Obrigatório;1;0;0;0
13/04/2021;19:37:12;2012;ES;56057;ALFREDO CHAVES;12;13;1058;;4;FEMININO;3;CASADO;3539;35 a 39 anos                  ;3;ENSINO FUNDAMENTAL INCOMPLETO;-3;#NE;-3;#NE;-3;#NE;-3;#NE;Obrigatório;3;0;0;0
13/04/2021;19:37:12;2012;ES;56057;ALFREDO CHAVES;12;13;1058;;4;FEMININO;3;CASADO;3539;35 a 39 anos                  ;6;ENSINO MÉDIO COMPLETO;-3;#NE;-3;#NE;-3;#NE;-3;#NE;Obrigatório;2;0;0;0
13/04/2021;19:37:12;2012;ES;56057;ALFREDO CHAVES;12;13;1058;;4;FEMININO;3;CASADO;4044;40 a 44 anos                  ;3;ENSINO FUNDAMENTAL INCOMPLETO;-3;#NE;-3;#NE;-3;#NE;-3;#NE;Obrigatório;2;0;0;0
13/04/2021;19:37:12;2012;ES;56057;ALFREDO CHAVES;12;13;1058;;4;FEMININO;3;CASADO;4044;40 a 44 anos                  ;6;ENSINO MÉDIO COMPLETO;-3;#NE;-3;#NE;-3;#NE;-3;#NE;Obrigatório;3;0;0;0
13/04/2021;19:37:12;2012;ES;56057;ALFREDO CHAVES;12;13;1058;;4;FEMININO;3;CASADO;4549;45 a 49 anos                  ;2;LÊ E ESCREVE;-3;#NE;-3;#NE;-3;#NE;-3;#NE;Obrigatório;1;0;0;0
13/04/2021;19:37:12;2012;ES;56057;ALFREDO CHAVES;12;13;1058;;4;FEMININO;3;CASADO;4549;45 a 49 anos                  ;3;ENSINO FUNDAMENTAL INCOMPLETO;-3;#NE;-3;#NE;-3;#NE;-3;#NE;Obrigatório;8;0;0;0
13/04/2021;19:37:12;2012;ES;56057;ALFREDO CHAVES;12;13;1058;;4;FEMININO;3;CASADO;4549;45 a 49 anos                  ;4;ENSINO FUNDAMENTAL COMPLETO;-3;#NE;-3;#NE;-3;#NE;-3;#NE;Obrigatório;1;0;0;0
13/04/2021;19:37:12;2012;ES;56057;ALFREDO CHAVES;12;13;1058;;4;FEMININO;3;CASADO;4549;45 a 49 anos                  ;6;ENSINO MÉDIO COMPLETO;-3;#NE;-3;#NE;-3;#NE;-3;#NE;Obrigatório;2;0;0;0
13/04/2021;19:37:12;2012;ES;56057;ALFREDO CHAVES;12;13;1058;;4;FEMININO;3;CASADO;5054;50 a 54 anos                  ;2;LÊ E ESCREVE;-3;#NE;-3;#NE;-3;#NE;-3;#NE;Obrigatório;1;0;0;0
13/04/2021;19:37:12;2012;ES;56057;ALFREDO CHAVES;12;13;1058;;4;FEMININO;3;CASADO;5054;50 a 54 anos                  ;3;ENSINO FUNDAMENTAL INCOMPLETO;-3;#NE;-3;#NE;-3;#NE;-3;#NE;Obrigatório;5;0;0;0
13/04/2021;19:37:12;2012;ES;56057;ALFREDO CHAVES;12;13;1058;;4;FEMININO;3;CASADO;5054;50 a 54 anos                  ;4;ENSINO FUNDAMENTAL COMPLETO;-3;#NE;-3;#NE;-3;#NE;-3;#NE;Obrigatório;2;0;0;0
13/04/2021;19:37:12;2012;ES;56057;ALFREDO CHAVES;12;13;1058;;4;FEMININO;3;CASADO;5054;50 a 54 anos                  ;6;ENSINO MÉDIO COMPLETO;-3;#NE;-3;#NE;-3;#NE;-3;#NE;Obrigatório;2;0;0;0
13/04/2021;19:37:12;2012;ES;56057;ALFREDO CHAVES;12;13;1058;;4;FEMININO;3;CASADO;5559;55 a 59 anos                  ;3;ENSINO FUNDAMENTAL INCOMPLETO;-3;#NE;-3;#NE;-3;#NE;-3;#NE;Obrigatório;9;0;0;0
13/04/2021;19:37:12;2012;ES;56057;ALFREDO CHAVES;12;13;1058;;4;FEMININO;3;CASADO;5559;55 a 59 anos                  ;5;ENSINO MÉDIO INCOMPLETO;-3;#NE;-3;#NE;-3;#NE;-3;#NE;Obrigatório;1;0;0;0
13/04/2021;19:37:12;2012;ES;56057;ALFREDO CHAVES;12;13;1058;;4;FEMININO;3;CASADO;5559;55 a 59 anos                  ;6;ENSINO MÉDIO COMPLETO;-3;#NE;-3;#NE;-3;#NE;-3;#NE;Obrigatório;4;0;0;0
13/04/2021;19:37:12;2012;ES;56057;ALFREDO CHAVES;12;13;1058;;4;FEMININO;3;CASADO;6064;60 a 64 anos                  ;1;ANALFABETO;-3;#NE;-3;#NE;-3;#NE;-3;#NE;Facultativo;1;0;0;0
13/04/2021;19:37:12;2012;ES;56057;ALFREDO CHAVES;12;13;1058;;4;FEMININO;3;CASADO;6064;60 a 64 anos                  ;2;LÊ E ESCREVE;-3;#NE;-3;#NE;-3;#NE;-3;#NE;Obrigatório;2;0;0;0
13/04/2021;19:37:12;2012;ES;56057;ALFREDO CHAVES;12;13;1058;;4;FEMININO;3;CASADO;6064;60 a 64 anos                  ;6;ENSINO MÉDIO COMPLETO;-3;#NE;-3;#NE;-3;#NE;-3;#NE;Obrigatório;4;0;0;0
13/04/2021;19:37:12;2012;ES;56057;ALFREDO CHAVES;12;13;1058;;4;FEMININO;3;CASADO;6569;65 a 69 anos                  ;1;ANALFABETO;-3;#NE;-3;#NE;-3;#NE;-3;#NE;Facultativo;1;0;0;0
13/04/2021;19:37:12;2012;ES;56057;ALFREDO CHAVES;12;13;1058;;4;FEMININO;3;CASADO;6569;65 a 69 anos                  ;2;LÊ E ESCREVE;-3;#NE;-3;#NE;-3;#NE;-3;#NE;Obrigatório;1;0;0;0
13/04/2021;19:37:12;2012;ES;56057;ALFREDO CHAVES;12;13;1058;;4;FEMININO;3;CASADO;7074;70 a 74 anos                  ;2;LÊ E ESCREVE;-3;#NE;-3;#NE;-3;#NE;-3;#NE;Facultativo;2;0;0;0
13/04/2021;19:37:12;2012;ES;56057;ALFREDO CHAVES;12;13;1058;;4;FEMININO;3;CASADO;7074;70 a 74 anos                  ;3;ENSINO FUNDAMENTAL INCOMPLETO;-3;#NE;-3;#NE;-3;#NE;-3;#NE;Facultativo;4;0;0;0
13/04/2021;19:37:12;2012;ES;56057;ALFREDO CHAVES;12;13;1058;;4;FEMININO;3;CASADO;7579;75 a 79 anos                  ;2;LÊ E ESCREVE;-3;#NE;-3;#NE;-3;#NE;-3;#NE;Facultativo;3;0;0;0
13/04/2021;19:37:12;2012;ES;56057;ALFREDO CHAVES;12;13;1058;;4;FEMININO;5;VIÚVO;6569;65 a 69 anos                  ;1;ANALFABETO;-3;#NE;-3;#NE;-3;#NE;-3;#NE;Facultativo;1;0;0;0
13/04/2021;19:37:12;2012;ES;56057;ALFREDO CHAVES;12;13;1058;;4;FEMININO;5;VIÚVO;7579;75 a 79 anos                  ;2;LÊ E ESCREVE;-3;#NE;-3;#NE;-3;#NE;-3;#NE;Facultativo;1;0;0;0
13/04/2021;19:37:12;2012;ES;56057;ALFREDO CHAVES;12;14;1066;;2;MASCULINO;1;SOLTEIRO;1600;16 anos                       ;5;ENSINO MÉDIO INCOMPLETO;-3;#NE;-3;#NE;-3;#NE;-3;#NE;Facultativo;1;0;0;0
13/04/2021;19:37:12;2012;ES;56057;ALFREDO CHAVES;12;14;1066;;2;MASCULINO;1;SOLTEIRO;1700;17 anos                       ;5;ENSINO MÉDIO INCOMPLETO;-3;#NE;-3;#NE;-3;#NE;-3;#NE;Facultativo;3;0;0;0
13/04/2021;19:37:12;2012;ES;56057;ALFREDO CHAVES;12;14;1066;;2;MASCULINO;1;SOLTEIRO;1800;18 anos                       ;3;ENSINO FUNDAMENTAL INCOMPLETO;-3;#NE;-3;#NE;-3;#NE;-3;#NE;Obrigatório;1;0;0;0
13/04/2021;19:37:12;2012;ES;56057;ALFREDO CHAVES;12;14;1066;;2;MASCULINO;1;SOLTEIRO;1800;18 anos                       ;5;ENSINO MÉDIO INCOMPLETO;-3;#NE;-3;#NE;-3;#NE;-3;#NE;Obrigatório;3;0;0;0
13/04/2021;19:37:12;2012;ES;56057;ALFREDO CHAVES;12;14;1066;;2;MASCULINO;1;SOLTEIRO;1900;19 anos                       ;7;SUPERIOR INCOMPLETO;-3;#NE;-3;#NE;-3;#NE;-3;#NE;Obrigatório;1;0;0;0
13/04/2021;19:37:12;2012;ES;56057;ALFREDO CHAVES;12;14;1066;;2;MASCULINO;1;SOLTEIRO;2124;21 a 24 anos                  ;3;ENSINO FUNDAMENTAL INCOMPLETO;-3;#NE;-3;#NE;-3;#NE;-3;#NE;Obrigatório;6;0;0;0
13/04/2021;19:37:12;2012;ES;56057;ALFREDO CHAVES;12;14;1066;;2;MASCULINO;1;SOLTEIRO;2124;21 a 24 anos                  ;4;ENSINO FUNDAMENTAL COMPLETO;-3;#NE;-3;#NE;-3;#NE;-3;#NE;Obrigatório;1;0;0;0
13/04/2021;19:37:12;2012;ES;56057;ALFREDO CHAVES;12;14;1066;;2;MASCULINO;1;SOLTEIRO;2529;25 a 29 anos                  ;3;ENSINO FUNDAMENTAL INCOMPLETO;-3;#NE;-3;#NE;-3;#NE;-3;#NE;Obrigatório;4;0;0;0
13/04/2021;19:37:12;2012;ES;56057;ALFREDO CHAVES;12;14;1066;;2;MASCULINO;1;SOLTEIRO;2529;25 a 29 anos                  ;4;ENSINO FUNDAMENTAL COMPLETO;-3;#NE;-3;#NE;-3;#NE;-3;#NE;Obrigatório;3;0;0;0
13/04/2021;19:37:12;2012;ES;56057;ALFREDO CHAVES;12;14;1066;;2;MASCULINO;1;SOLTEIRO;2529;25 a 29 anos                  ;5;ENSINO MÉDIO INCOMPLETO;-3;#NE;-3;#NE;-3;#NE;-3;#NE;Obrigatório;3;0;0;0
13/04/2021;19:37:12;2012;ES;56057;ALFREDO CHAVES;12;14;1066;;2;MASCULINO;1;SOLTEIRO;2529;25 a 29 anos                  ;7;SUPERIOR INCOMPLETO;-3;#NE;-3;#NE;-3;#NE;-3;#NE;Obrigatório;1;0;0;0
13/04/2021;19:37:12;2012;ES;56057;ALFREDO CHAVES;12;14;1066;;2;MASCULINO;1;SOLTEIRO;3034;30 a 34 anos                  ;3;ENSINO FUNDAMENTAL INCOMPLETO;-3;#NE;-3;#NE;-3;#NE;-3;#NE;Obrigatório;9;0;0;0
13/04/2021;19:37:12;2012;ES;56057;ALFREDO CHAVES;12;14;1066;;2;MASCULINO;1;SOLTEIRO;3034;30 a 34 anos                  ;4;ENSINO FUNDAMENTAL COMPLETO;-3;#NE;-3;#NE;-3;#NE;-3;#NE;Obrigatório;1;0;0;0
13/04/2021;19:37:12;2012;ES;56057;ALFREDO CHAVES;12;14;1066;;2;MASCULINO;1;SOLTEIRO;3539;35 a 39 anos                  ;3;ENSINO FUNDAMENTAL INCOMPLETO;-3;#NE;-3;#NE;-3;#NE;-3;#NE;Obrigatório;8;0;0;0
13/04/2021;19:37:12;2012;ES;56057;ALFREDO CHAVES;12;14;1066;;2;MASCULINO;1;SOLTEIRO;4044;40 a 44 anos                  ;1;ANALFABETO;-3;#NE;-3;#NE;-3;#NE;-3;#NE;Facultativo;1;0;0;0
13/04/2021;19:37:12;2012;ES;56057;ALFREDO CHAVES;12;14;1066;;2;MASCULINO;1;SOLTEIRO;4044;40 a 44 anos                  ;2;LÊ E ESCREVE;-3;#NE;-3;#NE;-3;#NE;-3;#NE;Obrigatório;1;0;0;0
13/04/2021;19:37:12;2012;ES;56057;ALFREDO CHAVES;12;14;1066;;2;MASCULINO;1;SOLTEIRO;4044;40 a 44 anos                  ;3;ENSINO FUNDAMENTAL INCOMPLETO;-3;#NE;-3;#NE;-3;#NE;-3;#NE;Obrigatório;6;0;0;0
13/04/2021;19:37:12;2012;ES;56057;ALFREDO CHAVES;12;16;1082;;2;MASCULINO;3;CASADO;5054;50 a 54 anos                  ;3;ENSINO FUNDAMENTAL INCOMPLETO;-3;#NE;-3;#NE;-3;#NE;-3;#NE;Obrigatório;6;0;0;0
13/04/2021;19:37:12;2012;ES;56057;ALFREDO CHAVES;12;16;1082;;2;MASCULINO;3;CASADO;5054;50 a 54 anos                  ;4;ENSINO FUNDAMENTAL COMPLETO;-3;#NE;-3;#NE;-3;#NE;-3;#NE;Obrigatório;1;0;0;0
13/04/2021;19:37:12;2012;ES;56057;ALFREDO CHAVES;12;16;1082;;2;MASCULINO;3;CASADO;5559;55 a 59 anos                  ;1;ANALFABETO;-3;#NE;-3;#NE;-3;#NE;-3;#NE;Facultativo;1;0;0;0
13/04/2021;19:37:12;2012;ES;56057;ALFREDO CHAVES;12;16;1082;;2;MASCULINO;3;CASADO;5559;55 a 59 anos                  ;2;LÊ E ESCREVE;-3;#NE;-3;#NE;-3;#NE;-3;#NE;Obrigatório;1;0;0;0
13/04/2021;19:37:12;2012;ES;56057;ALFREDO CHAVES;12;16;1082;;2;MASCULINO;3;CASADO;5559;55 a 59 anos                  ;3;ENSINO FUNDAMENTAL INCOMPLETO;-3;#NE;-3;#NE;-3;#NE;-3;#NE;Obrigatório;9;0;0;0
13/04/2021;19:37:12;2012;ES;56057;ALFREDO CHAVES;12;16;1082;;2;MASCULINO;3;CASADO;5559;55 a 59 anos                  ;5;ENSINO MÉDIO INCOMPLETO;-3;#NE;-3;#NE;-3;#NE;-3;#NE;Obrigatório;1;0;0;0
13/04/2021;19:37:12;2012;ES;56057;ALFREDO CHAVES;12;16;1082;;2;MASCULINO;3;CASADO;6064;60 a 64 anos                  ;2;LÊ E ESCREVE;-3;#NE;-3;#NE;-3;#NE;-3;#NE;Obrigatório;1;0;0;0
13/04/2021;19:37:12;2012;ES;56057;ALFREDO CHAVES;12;16;1082;;2;MASCULINO;3;CASADO;6064;60 a 64 anos                  ;3;ENSINO FUNDAMENTAL INCOMPLETO;-3;#NE;-3;#NE;-3;#NE;-3;#NE;Obrigatório;2;0;0;0
13/04/2021;19:37:12;2012;ES;56057;ALFREDO CHAVES;12;16;1082;;2;MASCULINO;3;CASADO;6569;65 a 69 anos                  ;2;LÊ E ESCREVE;-3;#NE;-3;#NE;-3;#NE;-3;#NE;Obrigatório;2;0;0;0
13/04/2021;19:37:12;2012;ES;56057;ALFREDO CHAVES;12;16;1082;;2;MASCULINO;3;CASADO;6569;65 a 69 anos                  ;3;ENSINO FUNDAMENTAL INCOMPLETO;-3;#NE;-3;#NE;-3;#NE;-3;#NE;Obrigatório;2;0;0;0
13/04/2021;19:37:12;2012;ES;56057;ALFREDO CHAVES;12;16;1082;;2;MASCULINO;3;CASADO;7074;70 a 74 anos                  ;2;LÊ E ESCREVE;-3;#NE;-3;#NE;-3;#NE;-3;#NE;Facultativo;1;0;0;0
13/04/2021;19:37:12;2012;ES;56057;ALFREDO CHAVES;12;16;1082;;2;MASCULINO;3;CASADO;7074;70 a 74 anos                  ;3;ENSINO FUNDAMENTAL INCOMPLETO;-3;#NE;-3;#NE;-3;#NE;-3;#NE;Facultativo;3;0;0;0
13/04/2021;19:37:12;2012;ES;56057;ALFREDO CHAVES;12;16;1082;;2;MASCULINO;3;CASADO;8084;80 a 84 anos                  ;2;LÊ E ESCREVE;-3;#NE;-3;#NE;-3;#NE;-3;#NE;Facultativo;2;0;0;0
13/04/2021;19:37:12;2012;ES;56057;ALFREDO CHAVES;12;16;1082;;2;MASCULINO;3;CASADO;8084;80 a 84 anos                  ;3;ENSINO FUNDAMENTAL INCOMPLETO;-3;#NE;-3;#NE;-3;#NE;-3;#NE;Facultativo;1;0;0;0
13/04/2021;19:37:12;2012;ES;56057;ALFREDO CHAVES;12;16;1082;;2;MASCULINO;3;CASADO;8589;85 a 89 anos                  ;1;ANALFABETO;-3;#NE;-3;#NE;-3;#NE;-3;#NE;Facultativo;1;0;0;0
13/04/2021;19:37:12;2012;ES;56057;ALFREDO CHAVES;12;16;1082;;4;FEMININO;1;SOLTEIRO;1600;16 anos                       ;5;ENSINO MÉDIO INCOMPLETO;-3;#NE;-3;#NE;-3;#NE;-3;#NE;Facultativo;2;0;0;0
13/04/2021;19:37:12;2012;ES;56057;ALFREDO CHAVES;12;16;1082;;4;FEMININO;1;SOLTEIRO;1700;17 anos                       ;5;ENSINO MÉDIO INCOMPLETO;-3;#NE;-3;#NE;-3;#NE;-3;#NE;Facultativo;3;0;0;0
13/04/2021;19:37:12;2012;ES;56057;ALFREDO CHAVES;12;16;1082;;4;FEMININO;1;SOLTEIRO;1800;18 anos                       ;5;ENSINO MÉDIO INCOMPLETO;-3;#NE;-3;#NE;-3;#NE;-3;#NE;Obrigatório;3;0;0;0
13/04/2021;19:37:12;2012;ES;56057;ALFREDO CHAVES;12;16;1082;;4;FEMININO;1;SOLTEIRO;1900;19 anos                       ;5;ENSINO MÉDIO INCOMPLETO;-3;#NE;-3;#NE;-3;#NE;-3;#NE;Obrigatório;1;0;0;0
13/04/2021;19:37:12;2012;ES;56057;ALFREDO CHAVES;12;16;1082;;4;FEMININO;1;SOLTEIRO;1900;19 anos                       ;6;ENSINO MÉDIO COMPLETO;-3;#NE;-3;#NE;-3;#NE;-3;#NE;Obrigatório;1;0;0;0
13/04/2021;19:37:12;2012;ES;56057;ALFREDO CHAVES;12;16;1082;;4;FEMININO;1;SOLTEIRO;2000;20 anos                       ;5;ENSINO MÉDIO INCOMPLETO;-3;#NE;-3;#NE;-3;#NE;-3;#NE;Obrigatório;2;0;0;0
13/04/2021;19:37:12;2012;ES;56057;ALFREDO CHAVES;12;16;1082;;4;FEMININO;1;SOLTEIRO;2000;20 anos                       ;6;ENSINO MÉDIO COMPLETO;-3;#NE;-3;#NE;-3;#NE;-3;#NE;Obrigatório;1;0;0;0
13/04/2021;19:37:12;2012;ES;56057;ALFREDO CHAVES;12;16;1082;;4;FEMININO;1;SOLTEIRO;2124;21 a 24 anos                  ;4;ENSINO FUNDAMENTAL COMPLETO;-3;#NE;-3;#NE;-3;#NE;-3;#NE;Obrigatório;2;0;0;0
13/04/2021;19:37:12;2012;ES;56057;ALFREDO CHAVES;12;16;1082;;4;FEMININO;1;SOLTEIRO;2124;21 a 24 anos                  ;5;ENSINO MÉDIO INCOMPLETO;-3;#NE;-3;#NE;-3;#NE;-3;#NE;Obrigatório;2;0;0;0
13/04/2021;19:37:12;2012;ES;56057;ALFREDO CHAVES;12;16;1082;;4;FEMININO;1;SOLTEIRO;2529;25 a 29 anos                  ;3;ENSINO FUNDAMENTAL INCOMPLETO;-3;#NE;-3;#NE;-3;#NE;-3;#NE;Obrigatório;2;0;0;0
13/04/2021;19:37:12;2012;ES;56057;ALFREDO CHAVES;12;16;1082;;4;FEMININO;1;SOLTEIRO;2529;25 a 29 anos                  ;5;ENSINO MÉDIO INCOMPLETO;-3;#NE;-3;#NE;-3;#NE;-3;#NE;Obrigatório;8;0;0;0
13/04/2021;19:37:12;2012;ES;56057;ALFREDO CHAVES;12;16;1082;;4;FEMININO;1;SOLTEIRO;2529;25 a 29 anos                  ;6;ENSINO MÉDIO COMPLETO;-3;#NE;-3;#NE;-3;#NE;-3;#NE;Obrigatório;1;0;0;0
13/04/2021;19:37:12;2012;ES;56057;ALFREDO CHAVES;12;16;1082;;4;FEMININO;1;SOLTEIRO;3034;30 a 34 anos                  ;3;ENSINO FUNDAMENTAL INCOMPLETO;-3;#NE;-3;#NE;-3;#NE;-3;#NE;Obrigatório;6;0;0;0
13/04/2021;19:37:12;2012;ES;56057;ALFREDO CHAVES;12;16;1082;;4;FEMININO;1;SOLTEIRO;3034;30 a 34 anos                  ;5;ENSINO MÉDIO INCOMPLETO;-3;#NE;-3;#NE;-3;#NE;-3;#NE;Obrigatório;1;0;0;0
13/04/2021;19:37:12;2012;ES;56057;ALFREDO CHAVES;12;16;1082;;4;FEMININO;1;SOLTEIRO;3034;30 a 34 anos                  ;6;ENSINO MÉDIO COMPLETO;-3;#NE;-3;#NE;-3;#NE;-3;#NE;Obrigatório;2;0;0;0
13/04/2021;19:37:12;2012;ES;56057;ALFREDO CHAVES;12;16;1082;;4;FEMININO;1;SOLTEIRO;3539;35 a 39 anos                  ;3;ENSINO FUNDAMENTAL INCOMPLETO;-3;#NE;-3;#NE;-3;#NE;-3;#NE;Obrigatório;3;0;0;0
13/04/2021;19:37:12;2012;ES;56057;ALFREDO CHAVES;12;16;1082;;4;FEMININO;1;SOLTEIRO;3539;35 a 39 anos                  ;5;ENSINO MÉDIO INCOMPLETO;-3;#NE;-3;#NE;-3;#NE;-3;#NE;Obrigatório;1;0;0;0
13/04/2021;19:37:12;2012;ES;56057;ALFREDO CHAVES;12;18;1090;;2;MASCULINO;7;SEPARADO JUDICIALMENTE;5559;55 a 59 anos                  ;4;ENSINO FUNDAMENTAL COMPLETO;-3;#NE;-3;#NE;-3;#NE;-3;#NE;Obrigatório;1;0;0;0
13/04/2021;19:37:12;2012;ES;56057;ALFREDO CHAVES;12;18;1090;;2;MASCULINO;9;DIVORCIADO;5559;55 a 59 anos                  ;6;ENSINO MÉDIO COMPLETO;-3;#NE;-3;#NE;-3;#NE;-3;#NE;Obrigatório;1;0;0;0
13/04/2021;19:37:12;2012;ES;56057;ALFREDO CHAVES;12;18;1090;;2;MASCULINO;9;DIVORCIADO;5559;55 a 59 anos                  ;8;SUPERIOR COMPLETO;-3;#NE;-3;#NE;-3;#NE;-3;#NE;Obrigatório;1;0;0;0
13/04/2021;19:37:12;2012;ES;56057;ALFREDO CHAVES;12;18;1090;;2;MASCULINO;9;DIVORCIADO;7074;70 a 74 anos                  ;6;ENSINO MÉDIO COMPLETO;-3;#NE;-3;#NE;-3;#NE;-3;#NE;Facultativo;1;0;0;0
13/04/2021;19:37:12;2012;ES;56057;ALFREDO CHAVES;12;18;1090;;4;FEMININO;1;SOLTEIRO;1600;16 anos                       ;5;ENSINO MÉDIO INCOMPLETO;-3;#NE;-3;#NE;-3;#NE;-3;#NE;Facultativo;1;0;0;0
13/04/2021;19:37:12;2012;ES;56057;ALFREDO CHAVES;12;18;1090;;4;FEMININO;1;SOLTEIRO;1800;18 anos                       ;5;ENSINO MÉDIO INCOMPLETO;-3;#NE;-3;#NE;-3;#NE;-3;#NE;Obrigatório;2;0;0;0
13/04/2021;19:37:12;2012;ES;56057;ALFREDO CHAVES;12;18;1090;;4;FEMININO;1;SOLTEIRO;1900;19 anos                       ;5;ENSINO MÉDIO INCOMPLETO;-3;#NE;-3;#NE;-3;#NE;-3;#NE;Obrigatório;3;0;0;0
13/04/2021;19:37:12;2012;ES;56057;ALFREDO CHAVES;12;18;1090;;4;FEMININO;1;SOLTEIRO;1900;19 anos                       ;6;ENSINO MÉDIO COMPLETO;-3;#NE;-3;#NE;-3;#NE;-3;#NE;Obrigatório;1;0;0;0
13/04/2021;19:37:12;2012;ES;56057;ALFREDO CHAVES;12;18;1090;;4;FEMININO;1;SOLTEIRO;2000;20 anos                       ;5;ENSINO MÉDIO INCOMPLETO;-3;#NE;-3;#NE;-3;#NE;-3;#NE;Obrigatório;2;0;0;0
13/04/2021;19:37:12;2012;ES;56057;ALFREDO CHAVES;12;18;1090;;4;FEMININO;1;SOLTEIRO;2000;20 anos                       ;7;SUPERIOR INCOMPLETO;-3;#NE;-3;#NE;-3;#NE;-3;#NE;Obrigatório;1;0;0;0
13/04/2021;19:37:12;2012;ES;56057;ALFREDO CHAVES;12;18;1090;;4;FEMININO;1;SOLTEIRO;2124;21 a 24 anos                  ;3;ENSINO FUNDAMENTAL INCOMPLETO;-3;#NE;-3;#NE;-3;#NE;-3;#NE;Obrigatório;3;0;0;0
13/04/2021;19:37:12;2012;ES;56057;ALFREDO CHAVES;12;18;1090;;4;FEMININO;1;SOLTEIRO;2124;21 a 24 anos                  ;4;ENSINO FUNDAMENTAL COMPLETO;-3;#NE;-3;#NE;-3;#NE;-3;#NE;Obrigatório;2;0;0;0
13/04/2021;19:37:12;2012;ES;56057;ALFREDO CHAVES;12;18;1090;;4;FEMININO;1;SOLTEIRO;2124;21 a 24 anos                  ;5;ENSINO MÉDIO INCOMPLETO;-3;#NE;-3;#NE;-3;#NE;-3;#NE;Obrigatório;3;0;0;0
13/04/2021;19:37:12;2012;ES;56057;ALFREDO CHAVES;12;18;1090;;4;FEMININO;1;SOLTEIRO;2124;21 a 24 anos                  ;6;ENSINO MÉDIO COMPLETO;-3;#NE;-3;#NE;-3;#NE;-3;#NE;Obrigatório;1;0;0;0
13/04/2021;19:37:12;2012;ES;56057;ALFREDO CHAVES;12;18;1090;;4;FEMININO;1;SOLTEIRO;2529;25 a 29 anos                  ;3;ENSINO FUNDAMENTAL INCOMPLETO;-3;#NE;-3;#NE;-3;#NE;-3;#NE;Obrigatório;5;0;0;0
13/04/2021;19:37:12;2012;ES;56057;ALFREDO CHAVES;12;18;1090;;4;FEMININO;1;SOLTEIRO;2529;25 a 29 anos                  ;5;ENSINO MÉDIO INCOMPLETO;-3;#NE;-3;#NE;-3;#NE;-3;#NE;Obrigatório;4;0;0;0
13/04/2021;19:37:12;2012;ES;56057;ALFREDO CHAVES;12;18;1090;;4;FEMININO;1;SOLTEIRO;2529;25 a 29 anos                  ;6;ENSINO MÉDIO COMPLETO;-3;#NE;-3;#NE;-3;#NE;-3;#NE;Obrigatório;5;0;0;0
13/04/2021;19:37:12;2012;ES;56057;ALFREDO CHAVES;12;20;1112;;4;FEMININO;3;CASADO;5559;55 a 59 anos                  ;2;LÊ E ESCREVE;-3;#NE;-3;#NE;-3;#NE;-3;#NE;Obrigatório;1;0;0;0
13/04/2021;19:37:12;2012;ES;56057;ALFREDO CHAVES;12;20;1112;;4;FEMININO;3;CASADO;5559;55 a 59 anos                  ;6;ENSINO MÉDIO COMPLETO;-3;#NE;-3;#NE;-3;#NE;-3;#NE;Obrigatório;6;0;0;0
13/04/2021;19:37:12;2012;ES;56057;ALFREDO CHAVES;12;20;1112;;4;FEMININO;3;CASADO;6064;60 a 64 anos                  ;1;ANALFABETO;-3;#NE;-3;#NE;-3;#NE;-3;#NE;Facultativo;1;0;0;0
13/04/2021;19:37:12;2012;ES;56057;ALFREDO CHAVES;12;20;1112;;4;FEMININO;3;CASADO;6064;60 a 64 anos                  ;2;LÊ E ESCREVE;-3;#NE;-3;#NE;-3;#NE;-3;#NE;Obrigatório;1;0;0;0
13/04/2021;19:37:12;2012;ES;56057;ALFREDO CHAVES;12;5;1015;;4;FEMININO;3;CASADO;7074;70 a 74 anos                  ;2;LÊ E ESCREVE;-3;#NE;-3;#NE;-3;#NE;-3;#NE;Facultativo;1;0;0;0
13/04/2021;19:37:12;2012;ES;56057;ALFREDO CHAVES;12;5;1015;;4;FEMININO;3;CASADO;7579;75 a 79 anos                  ;2;LÊ E ESCREVE;-3;#NE;-3;#NE;-3;#NE;-3;#NE;Facultativo;2;0;0;0
13/04/2021;19:37:12;2012;ES;56057;ALFREDO CHAVES;12;5;1015;;4;FEMININO;3;CASADO;8589;85 a 89 anos                  ;3;ENSINO FUNDAMENTAL INCOMPLETO;-3;#NE;-3;#NE;-3;#NE;-3;#NE;Facultativo;1;0;0;0
13/04/2021;19:37:12;2012;ES;56057;ALFREDO CHAVES;12;5;1015;;4;FEMININO;5;VIÚVO;7579;75 a 79 anos                  ;2;LÊ E ESCREVE;-3;#NE;-3;#NE;-3;#NE;-3;#NE;Facultativo;1;0;0;0
13/04/2021;19:37:12;2012;ES;56057;ALFREDO CHAVES;12;5;1015;;4;FEMININO;5;VIÚVO;8589;85 a 89 anos                  ;1;ANALFABETO;-3;#NE;-3;#NE;-3;#NE;-3;#NE;Facultativo;1;0;0;0
13/04/2021;19:37:12;2012;ES;56057;ALFREDO CHAVES;12;5;1015;;4;FEMININO;7;SEPARADO JUDICIALMENTE;6064;60 a 64 anos                  ;8;SUPERIOR COMPLETO;-3;#NE;-3;#NE;-3;#NE;-3;#NE;Obrigatório;1;0;0;0
13/04/2021;19:37:12;2012;ES;56057;ALFREDO CHAVES;12;6;1023;;0;NÃO INFORMADO;3;CASADO;9094;90 a 94 anos                  ;3;ENSINO FUNDAMENTAL INCOMPLETO;-3;#NE;-3;#NE;-3;#NE;-3;#NE;Facultativo;1;0;0;0
13/04/2021;19:37:12;2012;ES;56057;ALFREDO CHAVES;12;6;1023;;2;MASCULINO;1;SOLTEIRO;1800;18 anos                       ;5;ENSINO MÉDIO INCOMPLETO;-3;#NE;-3;#NE;-3;#NE;-3;#NE;Obrigatório;9;0;0;0
13/04/2021;19:37:12;2012;ES;56057;ALFREDO CHAVES;12;6;1023;;2;MASCULINO;1;SOLTEIRO;2000;20 anos                       ;3;ENSINO FUNDAMENTAL INCOMPLETO;-3;#NE;-3;#NE;-3;#NE;-3;#NE;Obrigatório;1;0;0;0
13/04/2021;19:37:12;2012;ES;56057;ALFREDO CHAVES;12;6;1023;;2;MASCULINO;1;SOLTEIRO;2124;21 a 24 anos                  ;4;ENSINO FUNDAMENTAL COMPLETO;-3;#NE;-3;#NE;-3;#NE;-3;#NE;Obrigatório;1;0;0;0
13/04/2021;19:37:12;2012;ES;56057;ALFREDO CHAVES;12;6;1023;;2;MASCULINO;1;SOLTEIRO;2529;25 a 29 anos                  ;3;ENSINO FUNDAMENTAL INCOMPLETO;-3;#NE;-3;#NE;-3;#NE;-3;#NE;Obrigatório;7;0;0;0
13/04/2021;19:37:12;2012;ES;56057;ALFREDO CHAVES;12;6;1023;;2;MASCULINO;3;CASADO;3539;35 a 39 anos                  ;3;ENSINO FUNDAMENTAL INCOMPLETO;-3;#NE;-3;#NE;-3;#NE;-3;#NE;Obrigatório;2;0;0;0
13/04/2021;19:37:12;2012;ES;56057;ALFREDO CHAVES;12;6;1023;;2;MASCULINO;3;CASADO;4549;45 a 49 anos                  ;1;ANALFABETO;-3;#NE;-3;#NE;-3;#NE;-3;#NE;Facultativo;1;0;0;0
13/04/2021;19:37:12;2012;ES;56057;ALFREDO CHAVES;12;6;1023;;2;MASCULINO;3;CASADO;4549;45 a 49 anos                  ;6;ENSINO MÉDIO COMPLETO;-3;#NE;-3;#NE;-3;#NE;-3;#NE;Obrigatório;1;0;0;0
13/04/2021;19:37:12;2012;ES;56057;ALFREDO CHAVES;12;6;1023;;2;MASCULINO;3;CASADO;5054;50 a 54 anos                  ;5;ENSINO MÉDIO INCOMPLETO;-3;#NE;-3;#NE;-3;#NE;-3;#NE;Obrigatório;1;0;0;0
13/04/2021;19:37:12;2012;ES;56057;ALFREDO CHAVES;12;6;1023;;2;MASCULINO;3;CASADO;5559;55 a 59 anos                  ;6;ENSINO MÉDIO COMPLETO;-3;#NE;-3;#NE;-3;#NE;-3;#NE;Obrigatório;1;0;0;0
13/04/2021;19:37:12;2012;ES;56057;ALFREDO CHAVES;12;6;1023;;2;MASCULINO;3;CASADO;6064;60 a 64 anos                  ;8;SUPERIOR COMPLETO;-3;#NE;-3;#NE;-3;#NE;-3;#NE;Obrigatório;1;0;0;0
13/04/2021;19:37:12;2012;ES;56057;ALFREDO CHAVES;12;6;1023;;2;MASCULINO;3;CASADO;6569;65 a 69 anos                  ;6;ENSINO MÉDIO COMPLETO;-3;#NE;-3;#NE;-3;#NE;-3;#NE;Obrigatório;4;0;0;0
13/04/2021;19:37:12;2012;ES;56057;ALFREDO CHAVES;12;6;1023;;2;MASCULINO;3;CASADO;7074;70 a 74 anos                  ;3;ENSINO FUNDAMENTAL INCOMPLETO;-3;#NE;-3;#NE;-3;#NE;-3;#NE;Facultativo;5;0;0;0
13/04/2021;19:37:12;2012;ES;56057;ALFREDO CHAVES;12;6;1023;;2;MASCULINO;3;CASADO;8084;80 a 84 anos                  ;3;ENSINO FUNDAMENTAL INCOMPLETO;-3;#NE;-3;#NE;-3;#NE;-3;#NE;Facultativo;4;0;0;0
13/04/2021;19:37:12;2012;ES;56057;ALFREDO CHAVES;12;6;1023;;2;MASCULINO;7;SEPARADO JUDICIALMENTE;4549;45 a 49 anos                  ;3;ENSINO FUNDAMENTAL INCOMPLETO;-3;#NE;-3;#NE;-3;#NE;-3;#NE;Obrigatório;1;0;0;0
13/04/2021;19:37:12;2012;ES;56057;ALFREDO CHAVES;12;6;1023;;4;FEMININO;1;SOLTEIRO;1800;18 anos                       ;3;ENSINO FUNDAMENTAL INCOMPLETO;-3;#NE;-3;#NE;-3;#NE;-3;#NE;Obrigatório;1;0;0;0
13/04/2021;19:37:12;2012;ES;56057;ALFREDO CHAVES;12;6;1023;;4;FEMININO;1;SOLTEIRO;1900;19 anos                       ;5;ENSINO MÉDIO INCOMPLETO;-3;#NE;-3;#NE;-3;#NE;-3;#NE;Obrigatório;1;0;0;0
13/04/2021;19:37:12;2012;ES;56057;ALFREDO CHAVES;12;6;1023;;4;FEMININO;1;SOLTEIRO;2000;20 anos                       ;5;ENSINO MÉDIO INCOMPLETO;-3;#NE;-3;#NE;-3;#NE;-3;#NE;Obrigatório;2;0;0;0
13/04/2021;19:37:12;2012;ES;56057;ALFREDO CHAVES;12;6;1023;;4;FEMININO;3;CASADO;2529;25 a 29 anos                  ;5;ENSINO MÉDIO INCOMPLETO;-3;#NE;-3;#NE;-3;#NE;-3;#NE;Obrigatório;1;0;0;0
13/04/2021;19:37:12;2012;ES;56057;ALFREDO CHAVES;12;6;1023;;4;FEMININO;3;CASADO;4044;40 a 44 anos                  ;3;ENSINO FUNDAMENTAL INCOMPLETO;-3;#NE;-3;#NE;-3;#NE;-3;#NE;Obrigatório;2;0;0;0
13/04/2021;19:37:12;2012;ES;56057;ALFREDO CHAVES;12;6;1023;;4;FEMININO;3;CASADO;4549;45 a 49 anos                  ;6;ENSINO MÉDIO COMPLETO;-3;#NE;-3;#NE;-3;#NE;-3;#NE;Obrigatório;4;0;0;0
13/04/2021;19:37:12;2012;ES;56057;ALFREDO CHAVES;12;6;1023;;4;FEMININO;3;CASADO;5559;55 a 59 anos                  ;3;ENSINO FUNDAMENTAL INCOMPLETO;-3;#NE;-3;#NE;-3;#NE;-3;#NE;Obrigatório;8;0;0;0
13/04/2021;19:37:12;2012;ES;56057;ALFREDO CHAVES;12;6;1023;;4;FEMININO;3;CASADO;6064;60 a 64 anos                  ;3;ENSINO FUNDAMENTAL INCOMPLETO;-3;#NE;-3;#NE;-3;#NE;-3;#NE;Obrigatório;4;0;0;0
13/04/2021;19:37:12;2012;ES;56057;ALFREDO CHAVES;12;6;1023;;4;FEMININO;3;CASADO;6569;65 a 69 anos                  ;6;ENSINO MÉDIO COMPLETO;-3;#NE;-3;#NE;-3;#NE;-3;#NE;Obrigatório;2;0;0;0
13/04/2021;19:37:12;2012;ES;56057;ALFREDO CHAVES;12;6;1023;;4;FEMININO;3;CASADO;8084;80 a 84 anos                  ;3;ENSINO FUNDAMENTAL INCOMPLETO;-3;#NE;-3;#NE;-3;#NE;-3;#NE;Facultativo;2;0;0;0
13/04/2021;19:37:12;2012;ES;56057;ALFREDO CHAVES;12;6;1023;;4;FEMININO;5;VIÚVO;5559;55 a 59 anos                  ;3;ENSINO FUNDAMENTAL INCOMPLETO;-3;#NE;-3;#NE;-3;#NE;-3;#NE;Obrigatório;1;0;0;0
13/04/2021;19:37:12;2012;ES;56057;ALFREDO CHAVES;12;6;1023;;4;FEMININO;7;SEPARADO JUDICIALMENTE;3539;35 a 39 anos                  ;3;ENSINO FUNDAMENTAL INCOMPLETO;-3;#NE;-3;#NE;-3;#NE;-3;#NE;Obrigatório;1;0;0;0
13/04/2021;19:37:12;2012;ES;56057;ALFREDO CHAVES;12;7;1023;;0;NÃO INFORMADO;3;CASADO;5559;55 a 59 anos                  ;6;ENSINO MÉDIO COMPLETO;-3;#NE;-3;#NE;-3;#NE;-3;#NE;Obrigatório;1;0;0;0
13/04/2021;19:37:12;2012;ES;56057;ALFREDO CHAVES;12;7;1023;;2;MASCULINO;1;SOLTEIRO;1700;17 anos                       ;5;ENSINO MÉDIO INCOMPLETO;-3;#NE;-3;#NE;-3;#NE;-3;#NE;Facultativo;2;0;0;0
13/04/2021;19:37:12;2012;ES;56057;ALFREDO CHAVES;12;7;1023;;2;MASCULINO;1;SOLTEIRO;1900;19 anos                       ;3;ENSINO FUNDAMENTAL INCOMPLETO;-3;#NE;-3;#NE;-3;#NE;-3;#NE;Obrigatório;2;0;0;0
13/04/2021;19:37:12;2012;ES;56057;ALFREDO CHAVES;12;7;1023;;2;MASCULINO;1;SOLTEIRO;6064;60 a 64 anos                  ;1;ANALFABETO;-3;#NE;-3;#NE;-3;#NE;-3;#NE;Facultativo;1;0;0;0
13/04/2021;19:37:12;2012;ES;56057;ALFREDO CHAVES;12;7;1023;;2;MASCULINO;3;CASADO;3034;30 a 34 anos                  ;2;LÊ E ESCREVE;-3;#NE;-3;#NE;-3;#NE;-3;#NE;Obrigatório;1;0;0;0
13/04/2021;19:37:12;2012;ES;56057;ALFREDO CHAVES;12;7;1023;;2;MASCULINO;3;CASADO;3539;35 a 39 anos                  ;5;ENSINO MÉDIO INCOMPLETO;-3;#NE;-3;#NE;-3;#NE;-3;#NE;Obrigatório;1;0;0;0
13/04/2021;19:37:12;2012;ES;56057;ALFREDO CHAVES;12;7;1023;;2;MASCULINO;3;CASADO;4549;45 a 49 anos                  ;3;ENSINO FUNDAMENTAL INCOMPLETO;-3;#NE;-3;#NE;-3;#NE;-3;#NE;Obrigatório;4;0;0;0
13/04/2021;19:37:12;2012;ES;56057;ALFREDO CHAVES;12;7;1023;;2;MASCULINO;3;CASADO;5054;50 a 54 anos                  ;6;ENSINO MÉDIO COMPLETO;-3;#NE;-3;#NE;-3;#NE;-3;#NE;Obrigatório;4;0;0;0
13/04/2021;19:37:12;2012;ES;56057;ALFREDO CHAVES;12;7;1023;;2;MASCULINO;3;CASADO;5559;55 a 59 anos                  ;6;ENSINO MÉDIO COMPLETO;-3;#NE;-3;#NE;-3;#NE;-3;#NE;Obrigatório;6;0;0;0
13/04/2021;19:37:12;2012;ES;56057;ALFREDO CHAVES;12;7;1023;;2;MASCULINO;3;CASADO;6064;60 a 64 anos                  ;2;LÊ E ESCREVE;-3;#NE;-3;#NE;-3;#NE;-3;#NE;Obrigatório;2;0;0;0
13/04/2021;19:37:12;2012;ES;56057;ALFREDO CHAVES;12;7;1023;;2;MASCULINO;3;CASADO;6064;60 a 64 anos                  ;8;SUPERIOR COMPLETO;-3;#NE;-3;#NE;-3;#NE;-3;#NE;Obrigatório;1;0;0;0
13/04/2021;19:37:12;2012;ES;56057;ALFREDO CHAVES;12;7;1023;;2;MASCULINO;3;CASADO;7579;75 a 79 anos                  ;2;LÊ E ESCREVE;-3;#NE;-3;#NE;-3;#NE;-3;#NE;Facultativo;2;0;0;0
13/04/2021;19:37:12;2012;ES;56057;ALFREDO CHAVES;12;22;1139;;4;FEMININO;3;CASADO;7579;75 a 79 anos                  ;3;ENSINO FUNDAMENTAL INCOMPLETO;-3;#NE;-3;#NE;-3;#NE;-3;#NE;Facultativo;3;0;0;0
13/04/2021;19:37:12;2012;ES;56057;ALFREDO CHAVES;12;22;1139;;4;FEMININO;3;CASADO;8084;80 a 84 anos                  ;2;LÊ E ESCREVE;-3;#NE;-3;#NE;-3;#NE;-3;#NE;Facultativo;3;0;0;0
13/04/2021;19:37:12;2012;ES;56057;ALFREDO CHAVES;12;22;1139;;4;FEMININO;3;CASADO;8084;80 a 84 anos                  ;3;ENSINO FUNDAMENTAL INCOMPLETO;-3;#NE;-3;#NE;-3;#NE;-3;#NE;Facultativo;1;0;0;0
13/04/2021;19:37:12;2012;ES;56057;ALFREDO CHAVES;12;22;1139;;4;FEMININO;3;CASADO;8589;85 a 89 anos                  ;1;ANALFABETO;-3;#NE;-3;#NE;-3;#NE;-3;#NE;Facultativo;1;0;0;0
13/04/2021;19:37:12;2012;ES;56057;ALFREDO CHAVES;12;22;1139;;4;FEMININO;3;CASADO;8589;85 a 89 anos                  ;2;LÊ E ESCREVE;-3;#NE;-3;#NE;-3;#NE;-3;#NE;Facultativo;1;0;0;0
13/04/2021;19:37:12;2012;ES;56057;ALFREDO CHAVES;12;22;1139;;4;FEMININO;3;CASADO;9094;90 a 94 anos                  ;2;LÊ E ESCREVE;-3;#NE;-3;#NE;-3;#NE;-3;#NE;Facultativo;1;0;0;0
13/04/2021;19:37:12;2012;ES;56057;ALFREDO CHAVES;12;22;1139;;4;FEMININO;5;VIÚVO;6569;65 a 69 anos                  ;3;ENSINO FUNDAMENTAL INCOMPLETO;-3;#NE;-3;#NE;-3;#NE;-3;#NE;Obrigatório;1;0;0;0
13/04/2021;19:37:12;2012;ES;56057;ALFREDO CHAVES;12;24;1147;;4;FEMININO;3;CASADO;5559;55 a 59 anos                  ;6;ENSINO MÉDIO COMPLETO;-3;#NE;-3;#NE;-3;#NE;-3;#NE;Obrigatório;1;0;0;0
13/04/2021;19:37:12;2012;ES;56057;ALFREDO CHAVES;12;24;1147;;4;FEMININO;3;CASADO;6064;60 a 64 anos                  ;1;ANALFABETO;-3;#NE;-3;#NE;-3;#NE;-3;#NE;Facultativo;1;0;0;0
13/04/2021;19:37:12;2012;ES;56057;ALFREDO CHAVES;12;24;1147;;4;FEMININO;3;CASADO;6064;60 a 64 anos                  ;3;ENSINO FUNDAMENTAL INCOMPLETO;-3;#NE;-3;#NE;-3;#NE;-3;#NE;Obrigatório;10;0;0;0
13/04/2021;19:37:12;2012;ES;56057;ALFREDO CHAVES;12;24;1147;;4;FEMININO;3;CASADO;6569;65 a 69 anos                  ;1;ANALFABETO;-3;#NE;-3;#NE;-3;#NE;-3;#NE;Facultativo;1;0;0;0
13/04/2021;19:37:12;2012;ES;56057;ALFREDO CHAVES;12;24;1147;;4;FEMININO;3;CASADO;6569;65 a 69 anos                  ;2;LÊ E ESCREVE;-3;#NE;-3;#NE;-3;#NE;-3;#NE;Obrigatório;3;0;0;0
13/04/2021;19:37:12;2012;ES;56057;ALFREDO CHAVES;12;24;1147;;4;FEMININO;3;CASADO;6569;65 a 69 anos                  ;3;ENSINO FUNDAMENTAL INCOMPLETO;-3;#NE;-3;#NE;-3;#NE;-3;#NE;Obrigatório;2;0;0;0
13/04/2021;19:37:12;2012;ES;56057;ALFREDO CHAVES;12;24;1147;;4;FEMININO;3;CASADO;7074;70 a 74 anos                  ;3;ENSINO FUNDAMENTAL INCOMPLETO;-3;#NE;-3;#NE;-3;#NE;-3;#NE;Facultativo;2;0;0;0
13/04/2021;19:37:12;2012;ES;56057;ALFREDO CHAVES;12;24;1147;;4;FEMININO;3;CASADO;7579;75 a 79 anos                  ;3;ENSINO FUNDAMENTAL INCOMPLETO;-3;#NE;-3;#NE;-3;#NE;-3;#NE;Facultativo;2;0;0;0
13/04/2021;19:37:12;2012;ES;56057;ALFREDO CHAVES;12;24;1147;;4;FEMININO;3;CASADO;8084;80 a 84 anos                  ;2;LÊ E ESCREVE;-3;#NE;-3;#NE;-3;#NE;-3;#NE;Facultativo;1;0;0;0
13/04/2021;19:37:12;2012;ES;56057;ALFREDO CHAVES;12;24;1147;;4;FEMININO;5;VIÚVO;6064;60 a 64 anos                  ;8;SUPERIOR COMPLETO;-3;#NE;-3;#NE;-3;#NE;-3;#NE;Obrigatório;1;0;0;0
13/04/2021;19:37:12;2012;ES;56057;ALFREDO CHAVES;12;24;1147;;4;FEMININO;5;VIÚVO;6569;65 a 69 anos                  ;2;LÊ E ESCREVE;-3;#NE;-3;#NE;-3;#NE;-3;#NE;Obrigatório;1;0;0;0
13/04/2021;19:37:12;2012;ES;56057;ALFREDO CHAVES;12;24;1147;;4;FEMININO;9;DIVORCIADO;3034;30 a 34 anos                  ;3;ENSINO FUNDAMENTAL INCOMPLETO;-3;#NE;-3;#NE;-3;#NE;-3;#NE;Obrigatório;1;0;0;0
13/04/2021;19:37:12;2012;ES;56057;ALFREDO CHAVES;12;24;1147;;4;FEMININO;9;DIVORCIADO;4549;45 a 49 anos                  ;3;ENSINO FUNDAMENTAL INCOMPLETO;-3;#NE;-3;#NE;-3;#NE;-3;#NE;Obrigatório;1;0;0;0
13/04/2021;19:37:12;2012;ES;56057;ALFREDO CHAVES;12;25;1155;;0;NÃO INFORMADO;3;CASADO;5559;55 a 59 anos                  ;3;ENSINO FUNDAMENTAL INCOMPLETO;-3;#NE;-3;#NE;-3;#NE;-3;#NE;Obrigatório;1;0;0;0
13/04/2021;19:37:12;2012;ES;56057;ALFREDO CHAVES;12;25;1155;;2;MASCULINO;0;NÃO INFORMADO;8084;80 a 84 anos                  ;2;LÊ E ESCREVE;-3;#NE;-3;#NE;-3;#NE;-3;#NE;Facultativo;1;0;0;0
13/04/2021;19:37:12;2012;ES;56057;ALFREDO CHAVES;12;25;1155;;2;MASCULINO;1;SOLTEIRO;1700;17 anos                       ;5;ENSINO MÉDIO INCOMPLETO;-3;#NE;-3;#NE;-3;#NE;-3;#NE;Facultativo;1;0;0;0
13/04/2021;19:37:12;2012;ES;56057;ALFREDO CHAVES;12;25;1155;;2;MASCULINO;1;SOLTEIRO;1800;18 anos                       ;3;ENSINO FUNDAMENTAL INCOMPLETO;-3;#NE;-3;#NE;-3;#NE;-3;#NE;Obrigatório;1;0;0;0
13/04/2021;19:37:12;2012;ES;56057;ALFREDO CHAVES;12;25;1155;;2;MASCULINO;1;SOLTEIRO;1800;18 anos                       ;5;ENSINO MÉDIO INCOMPLETO;-3;#NE;-3;#NE;-3;#NE;-3;#NE;Obrigatório;2;0;0;0
13/04/2021;19:37:12;2012;ES;56057;ALFREDO CHAVES;12;25;1155;;2;MASCULINO;1;SOLTEIRO;2000;20 anos                       ;3;ENSINO FUNDAMENTAL INCOMPLETO;-3;#NE;-3;#NE;-3;#NE;-3;#NE;Obrigatório;1;0;0;0
13/04/2021;19:37:12;2012;ES;56057;ALFREDO CHAVES;12;25;1155;;2;MASCULINO;1;SOLTEIRO;2124;21 a 24 anos                  ;3;ENSINO FUNDAMENTAL INCOMPLETO;-3;#NE;-3;#NE;-3;#NE;-3;#NE;Obrigatório;3;0;0;0
13/04/2021;19:37:12;2012;ES;56057;ALFREDO CHAVES;12;13;1058;;4;FEMININO;1;SOLTEIRO;4549;45 a 49 anos                  ;4;ENSINO FUNDAMENTAL COMPLETO;-3;#NE;-3;#NE;-3;#NE;-3;#NE;Obrigatório;1;0;0;0
13/04/2021;19:37:12;2012;ES;56057;ALFREDO CHAVES;12;13;1058;;4;FEMININO;1;SOLTEIRO;4549;45 a 49 anos                  ;5;ENSINO MÉDIO INCOMPLETO;-3;#NE;-3;#NE;-3;#NE;-3;#NE;Obrigatório;3;0;0;0
13/04/2021;19:37:12;2012;ES;56057;ALFREDO CHAVES;12;13;1058;;4;FEMININO;1;SOLTEIRO;4549;45 a 49 anos                  ;7;SUPERIOR INCOMPLETO;-3;#NE;-3;#NE;-3;#NE;-3;#NE;Obrigatório;2;0;0;0
13/04/2021;19:37:12;2012;ES;56057;ALFREDO CHAVES;12;13;1058;;4;FEMININO;1;SOLTEIRO;4549;45 a 49 anos                  ;8;SUPERIOR COMPLETO;-3;#NE;-3;#NE;-3;#NE;-3;#NE;Obrigatório;1;0;0;0
13/04/2021;19:37:12;2012;ES;56057;ALFREDO CHAVES;12;13;1058;;4;FEMININO;1;SOLTEIRO;5054;50 a 54 anos                  ;1;ANALFABETO;-3;#NE;-3;#NE;-3;#NE;-3;#NE;Facultativo;1;0;0;0
13/04/2021;19:37:12;2012;ES;56057;ALFREDO CHAVES;12;13;1058;;4;FEMININO;1;SOLTEIRO;5054;50 a 54 anos                  ;2;LÊ E ESCREVE;-3;#NE;-3;#NE;-3;#NE;-3;#NE;Obrigatório;1;0;0;0
13/04/2021;19:37:12;2012;ES;56057;ALFREDO CHAVES;12;13;1058;;4;FEMININO;1;SOLTEIRO;5054;50 a 54 anos                  ;3;ENSINO FUNDAMENTAL INCOMPLETO;-3;#NE;-3;#NE;-3;#NE;-3;#NE;Obrigatório;1;0;0;0
13/04/2021;19:37:12;2012;ES;56057;ALFREDO CHAVES;12;13;1058;;4;FEMININO;1;SOLTEIRO;5054;50 a 54 anos                  ;6;ENSINO MÉDIO COMPLETO;-3;#NE;-3;#NE;-3;#NE;-3;#NE;Obrigatório;1;0;0;0
13/04/2021;19:37:12;2012;ES;56057;ALFREDO CHAVES;12;13;1058;;4;FEMININO;3;CASADO;2529;25 a 29 anos                  ;6;ENSINO MÉDIO COMPLETO;-3;#NE;-3;#NE;-3;#NE;-3;#NE;Obrigatório;2;0;0;0
13/04/2021;19:37:12;2012;ES;56057;ALFREDO CHAVES;12;13;1058;;4;FEMININO;3;CASADO;2529;25 a 29 anos                  ;8;SUPERIOR COMPLETO;-3;#NE;-3;#NE;-3;#NE;-3;#NE;Obrigatório;2;0;0;0
13/04/2021;19:37:12;2012;ES;56057;ALFREDO CHAVES;12;13;1058;;4;FEMININO;3;CASADO;3034;30 a 34 anos                  ;3;ENSINO FUNDAMENTAL INCOMPLETO;-3;#NE;-3;#NE;-3;#NE;-3;#NE;Obrigatório;1;0;0;0
13/04/2021;19:37:12;2012;ES;56057;ALFREDO CHAVES;12;13;1058;;4;FEMININO;3;CASADO;3034;30 a 34 anos                  ;4;ENSINO FUNDAMENTAL COMPLETO;-3;#NE;-3;#NE;-3;#NE;-3;#NE;Obrigatório;1;0;0;0
13/04/2021;19:37:12;2012;ES;56057;ALFREDO CHAVES;12;16;1082;;2;MASCULINO;1;SOLTEIRO;2000;20 anos                       ;5;ENSINO MÉDIO INCOMPLETO;-3;#NE;-3;#NE;-3;#NE;-3;#NE;Obrigatório;1;0;0;0
13/04/2021;19:37:12;2012;ES;56057;ALFREDO CHAVES;12;16;1082;;2;MASCULINO;1;SOLTEIRO;2124;21 a 24 anos                  ;3;ENSINO FUNDAMENTAL INCOMPLETO;-3;#NE;-3;#NE;-3;#NE;-3;#NE;Obrigatório;1;0;0;0
13/04/2021;19:37:12;2012;ES;56057;ALFREDO CHAVES;12;16;1082;;2;MASCULINO;1;SOLTEIRO;2124;21 a 24 anos                  ;4;ENSINO FUNDAMENTAL COMPLETO;-3;#NE;-3;#NE;-3;#NE;-3;#NE;Obrigatório;1;0;0;0
13/04/2021;19:37:12;2012;ES;56057;ALFREDO CHAVES;12;16;1082;;2;MASCULINO;1;SOLTEIRO;2124;21 a 24 anos                  ;5;ENSINO MÉDIO INCOMPLETO;-3;#NE;-3;#NE;-3;#NE;-3;#NE;Obrigatório;4;0;0;0
13/04/2021;19:37:12;2012;ES;56057;ALFREDO CHAVES;12;16;1082;;2;MASCULINO;1;SOLTEIRO;2529;25 a 29 anos                  ;3;ENSINO FUNDAMENTAL INCOMPLETO;-3;#NE;-3;#NE;-3;#NE;-3;#NE;Obrigatório;5;0;0;0
13/04/2021;19:37:12;2012;ES;56057;ALFREDO CHAVES;12;16;1082;;2;MASCULINO;1;SOLTEIRO;2529;25 a 29 anos                  ;4;ENSINO FUNDAMENTAL COMPLETO;-3;#NE;-3;#NE;-3;#NE;-3;#NE;Obrigatório;2;0;0;0
13/04/2021;19:37:12;2012;ES;56057;ALFREDO CHAVES;12;16;1082;;2;MASCULINO;1;SOLTEIRO;2529;25 a 29 anos                  ;5;ENSINO MÉDIO INCOMPLETO;-3;#NE;-3;#NE;-3;#NE;-3;#NE;Obrigatório;1;0;0;0
13/04/2021;19:37:12;2012;ES;56057;ALFREDO CHAVES;12;16;1082;;2;MASCULINO;1;SOLTEIRO;3034;30 a 34 anos                  ;1;ANALFABETO;-3;#NE;-3;#NE;-3;#NE;-3;#NE;Facultativo;2;0;0;0
13/04/2021;19:37:12;2012;ES;56057;ALFREDO CHAVES;12;16;1082;;2;MASCULINO;1;SOLTEIRO;3034;30 a 34 anos                  ;3;ENSINO FUNDAMENTAL INCOMPLETO;-3;#NE;-3;#NE;-3;#NE;-3;#NE;Obrigatório;6;0;0;0
13/04/2021;19:37:12;2012;ES;56057;ALFREDO CHAVES;12;16;1082;;2;MASCULINO;1;SOLTEIRO;3034;30 a 34 anos                  ;4;ENSINO FUNDAMENTAL COMPLETO;-3;#NE;-3;#NE;-3;#NE;-3;#NE;Obrigatório;2;0;0;0
13/04/2021;19:37:12;2012;ES;56057;ALFREDO CHAVES;12;16;1082;;2;MASCULINO;1;SOLTEIRO;3539;35 a 39 anos                  ;3;ENSINO FUNDAMENTAL INCOMPLETO;-3;#NE;-3;#NE;-3;#NE;-3;#NE;Obrigatório;6;0;0;0
13/04/2021;19:37:12;2012;ES;56057;ALFREDO CHAVES;12;16;1082;;2;MASCULINO;1;SOLTEIRO;3539;35 a 39 anos                  ;8;SUPERIOR COMPLETO;-3;#NE;-3;#NE;-3;#NE;-3;#NE;Obrigatório;1;0;0;0
13/04/2021;19:37:12;2012;ES;56057;ALFREDO CHAVES;12;16;1082;;2;MASCULINO;1;SOLTEIRO;4044;40 a 44 anos                  ;3;ENSINO FUNDAMENTAL INCOMPLETO;-3;#NE;-3;#NE;-3;#NE;-3;#NE;Obrigatório;10;0;0;0
13/04/2021;19:37:12;2012;ES;56057;ALFREDO CHAVES;12;16;1082;;2;MASCULINO;1;SOLTEIRO;4044;40 a 44 anos                  ;7;SUPERIOR INCOMPLETO;-3;#NE;-3;#NE;-3;#NE;-3;#NE;Obrigatório;1;0;0;0
13/04/2021;19:37:12;2012;ES;56057;ALFREDO CHAVES;12;16;1082;;2;MASCULINO;1;SOLTEIRO;4549;45 a 49 anos                  ;3;ENSINO FUNDAMENTAL INCOMPLETO;-3;#NE;-3;#NE;-3;#NE;-3;#NE;Obrigatório;10;0;0;0
13/04/2021;19:37:12;2012;ES;56057;ALFREDO CHAVES;12;16;1082;;2;MASCULINO;1;SOLTEIRO;4549;45 a 49 anos                  ;4;ENSINO FUNDAMENTAL COMPLETO;-3;#NE;-3;#NE;-3;#NE;-3;#NE;Obrigatório;2;0;0;0
13/04/2021;19:37:12;2012;ES;56057;ALFREDO CHAVES;12;16;1082;;2;MASCULINO;1;SOLTEIRO;5054;50 a 54 anos                  ;3;ENSINO FUNDAMENTAL INCOMPLETO;-3;#NE;-3;#NE;-3;#NE;-3;#NE;Obrigatório;7;0;0;0
13/04/2021;19:37:12;2012;ES;56057;ALFREDO CHAVES;12;16;1082;;2;MASCULINO;1;SOLTEIRO;5559;55 a 59 anos                  ;1;ANALFABETO;-3;#NE;-3;#NE;-3;#NE;-3;#NE;Facultativo;1;0;0;0
13/04/2021;19:37:12;2012;ES;56057;ALFREDO CHAVES;12;16;1082;;2;MASCULINO;1;SOLTEIRO;5559;55 a 59 anos                  ;2;LÊ E ESCREVE;-3;#NE;-3;#NE;-3;#NE;-3;#NE;Obrigatório;1;0;0;0
13/04/2021;19:37:12;2012;ES;56057;ALFREDO CHAVES;12;16;1082;;2;MASCULINO;1;SOLTEIRO;6064;60 a 64 anos                  ;1;ANALFABETO;-3;#NE;-3;#NE;-3;#NE;-3;#NE;Facultativo;1;0;0;0
13/04/2021;19:37:12;2012;ES;56057;ALFREDO CHAVES;12;16;1082;;2;MASCULINO;1;SOLTEIRO;7074;70 a 74 anos                  ;2;LÊ E ESCREVE;-3;#NE;-3;#NE;-3;#NE;-3;#NE;Facultativo;1;0;0;0
13/04/2021;19:37:12;2012;ES;56057;ALFREDO CHAVES;12;16;1082;;2;MASCULINO;3;CASADO;3034;30 a 34 anos                  ;2;LÊ E ESCREVE;-3;#NE;-3;#NE;-3;#NE;-3;#NE;Obrigatório;1;0;0;0
13/04/2021;19:37:12;2012;ES;56057;ALFREDO CHAVES;12;16;1082;;2;MASCULINO;3;CASADO;3539;35 a 39 anos                  ;3;ENSINO FUNDAMENTAL INCOMPLETO;-3;#NE;-3;#NE;-3;#NE;-3;#NE;Obrigatório;2;0;0;0
13/04/2021;19:37:12;2012;ES;56057;ALFREDO CHAVES;12;16;1082;;2;MASCULINO;3;CASADO;3539;35 a 39 anos                  ;4;ENSINO FUNDAMENTAL COMPLETO;-3;#NE;-3;#NE;-3;#NE;-3;#NE;Obrigatório;1;0;0;0
13/04/2021;19:37:12;2012;ES;56057;ALFREDO CHAVES;12;16;1082;;2;MASCULINO;3;CASADO;3539;35 a 39 anos                  ;8;SUPERIOR COMPLETO;-3;#NE;-3;#NE;-3;#NE;-3;#NE;Obrigatório;1;0;0;0
13/04/2021;19:37:12;2012;ES;56057;ALFREDO CHAVES;12;16;1082;;2;MASCULINO;3;CASADO;5054;50 a 54 anos                  ;2;LÊ E ESCREVE;-3;#NE;-3;#NE;-3;#NE;-3;#NE;Obrigatório;1;0;0;0
13/04/2021;19:37:12;2012;ES;56057;ALFREDO CHAVES;12;18;1090;;2;MASCULINO;1;SOLTEIRO;3034;30 a 34 anos                  ;3;ENSINO FUNDAMENTAL INCOMPLETO;-3;#NE;-3;#NE;-3;#NE;-3;#NE;Obrigatório;9;0;0;0
13/04/2021;19:37:12;2012;ES;56057;ALFREDO CHAVES;12;18;1090;;2;MASCULINO;1;SOLTEIRO;3034;30 a 34 anos                  ;4;ENSINO FUNDAMENTAL COMPLETO;-3;#NE;-3;#NE;-3;#NE;-3;#NE;Obrigatório;2;0;0;0
13/04/2021;19:37:12;2012;ES;56057;ALFREDO CHAVES;12;18;1090;;2;MASCULINO;1;SOLTEIRO;3034;30 a 34 anos                  ;5;ENSINO MÉDIO INCOMPLETO;-3;#NE;-3;#NE;-3;#NE;-3;#NE;Obrigatório;10;0;0;0
13/04/2021;19:37:12;2012;ES;56057;ALFREDO CHAVES;12;18;1090;;2;MASCULINO;1;SOLTEIRO;3034;30 a 34 anos                  ;8;SUPERIOR COMPLETO;-3;#NE;-3;#NE;-3;#NE;-3;#NE;Obrigatório;1;0;0;0
13/04/2021;19:37:12;2012;ES;56057;ALFREDO CHAVES;12;18;1090;;2;MASCULINO;1;SOLTEIRO;3539;35 a 39 anos                  ;3;ENSINO FUNDAMENTAL INCOMPLETO;-3;#NE;-3;#NE;-3;#NE;-3;#NE;Obrigatório;5;0;0;0
13/04/2021;19:37:12;2012;ES;56057;ALFREDO CHAVES;12;18;1090;;2;MASCULINO;1;SOLTEIRO;3539;35 a 39 anos                  ;4;ENSINO FUNDAMENTAL COMPLETO;-3;#NE;-3;#NE;-3;#NE;-3;#NE;Obrigatório;3;0;0;0
13/04/2021;19:37:12;2012;ES;56057;ALFREDO CHAVES;12;18;1090;;2;MASCULINO;1;SOLTEIRO;4044;40 a 44 anos                  ;1;ANALFABETO;-3;#NE;-3;#NE;-3;#NE;-3;#NE;Facultativo;1;0;0;0
13/04/2021;19:37:12;2012;ES;56057;ALFREDO CHAVES;12;18;1090;;2;MASCULINO;1;SOLTEIRO;4044;40 a 44 anos                  ;2;LÊ E ESCREVE;-3;#NE;-3;#NE;-3;#NE;-3;#NE;Obrigatório;1;0;0;0
13/04/2021;19:37:12;2012;ES;56057;ALFREDO CHAVES;12;18;1090;;2;MASCULINO;1;SOLTEIRO;4549;45 a 49 anos                  ;3;ENSINO FUNDAMENTAL INCOMPLETO;-3;#NE;-3;#NE;-3;#NE;-3;#NE;Obrigatório;7;0;0;0
13/04/2021;19:37:12;2012;ES;56057;ALFREDO CHAVES;12;18;1090;;2;MASCULINO;1;SOLTEIRO;4549;45 a 49 anos                  ;5;ENSINO MÉDIO INCOMPLETO;-3;#NE;-3;#NE;-3;#NE;-3;#NE;Obrigatório;1;0;0;0
13/04/2021;19:37:12;2012;ES;56057;ALFREDO CHAVES;12;18;1090;;2;MASCULINO;1;SOLTEIRO;4549;45 a 49 anos                  ;6;ENSINO MÉDIO COMPLETO;-3;#NE;-3;#NE;-3;#NE;-3;#NE;Obrigatório;2;0;0;0
13/04/2021;19:37:12;2012;ES;56057;ALFREDO CHAVES;12;18;1090;;2;MASCULINO;1;SOLTEIRO;5054;50 a 54 anos                  ;2;LÊ E ESCREVE;-3;#NE;-3;#NE;-3;#NE;-3;#NE;Obrigatório;2;0;0;0
13/04/2021;19:37:12;2012;ES;56057;ALFREDO CHAVES;12;18;1090;;2;MASCULINO;1;SOLTEIRO;5054;50 a 54 anos                  ;4;ENSINO FUNDAMENTAL COMPLETO;-3;#NE;-3;#NE;-3;#NE;-3;#NE;Obrigatório;1;0;0;0
13/04/2021;19:37:12;2012;ES;56057;ALFREDO CHAVES;12;18;1090;;2;MASCULINO;1;SOLTEIRO;5054;50 a 54 anos                  ;5;ENSINO MÉDIO INCOMPLETO;-3;#NE;-3;#NE;-3;#NE;-3;#NE;Obrigatório;1;0;0;0
13/04/2021;19:37:12;2012;ES;56057;ALFREDO CHAVES;12;18;1090;;2;MASCULINO;1;SOLTEIRO;5054;50 a 54 anos                  ;6;ENSINO MÉDIO COMPLETO;-3;#NE;-3;#NE;-3;#NE;-3;#NE;Obrigatório;1;0;0;0
13/04/2021;19:37:12;2012;ES;56057;ALFREDO CHAVES;12;18;1090;;2;MASCULINO;1;SOLTEIRO;5559;55 a 59 anos                  ;3;ENSINO FUNDAMENTAL INCOMPLETO;-3;#NE;-3;#NE;-3;#NE;-3;#NE;Obrigatório;4;0;0;0
13/04/2021;19:37:12;2012;ES;56057;ALFREDO CHAVES;12;18;1090;;2;MASCULINO;1;SOLTEIRO;5559;55 a 59 anos                  ;4;ENSINO FUNDAMENTAL COMPLETO;-3;#NE;-3;#NE;-3;#NE;-3;#NE;Obrigatório;1;0;0;0
13/04/2021;19:37:12;2012;ES;56057;ALFREDO CHAVES;12;18;1090;;2;MASCULINO;1;SOLTEIRO;5559;55 a 59 anos                  ;7;SUPERIOR INCOMPLETO;-3;#NE;-3;#NE;-3;#NE;-3;#NE;Obrigatório;1;0;0;0
13/04/2021;19:37:12;2012;ES;56057;ALFREDO CHAVES;12;18;1090;;2;MASCULINO;3;CASADO;2529;25 a 29 anos                  ;3;ENSINO FUNDAMENTAL INCOMPLETO;-3;#NE;-3;#NE;-3;#NE;-3;#NE;Obrigatório;1;0;0;0
13/04/2021;19:37:12;2012;ES;56057;ALFREDO CHAVES;12;18;1090;;2;MASCULINO;3;CASADO;3034;30 a 34 anos                  ;3;ENSINO FUNDAMENTAL INCOMPLETO;-3;#NE;-3;#NE;-3;#NE;-3;#NE;Obrigatório;1;0;0;0
13/04/2021;19:37:12;2012;ES;56057;ALFREDO CHAVES;12;18;1090;;2;MASCULINO;3;CASADO;4044;40 a 44 anos                  ;3;ENSINO FUNDAMENTAL INCOMPLETO;-3;#NE;-3;#NE;-3;#NE;-3;#NE;Obrigatório;2;0;0;0
13/04/2021;19:37:12;2012;ES;56057;ALFREDO CHAVES;12;18;1090;;2;MASCULINO;3;CASADO;4044;40 a 44 anos                  ;8;SUPERIOR COMPLETO;-3;#NE;-3;#NE;-3;#NE;-3;#NE;Obrigatório;1;0;0;0
13/04/2021;19:37:12;2012;ES;56057;ALFREDO CHAVES;12;18;1090;;2;MASCULINO;3;CASADO;4549;45 a 49 anos                  ;3;ENSINO FUNDAMENTAL INCOMPLETO;-3;#NE;-3;#NE;-3;#NE;-3;#NE;Obrigatório;1;0;0;0
13/04/2021;19:37:12;2012;ES;56057;ALFREDO CHAVES;12;18;1090;;2;MASCULINO;3;CASADO;5054;50 a 54 anos                  ;3;ENSINO FUNDAMENTAL INCOMPLETO;-3;#NE;-3;#NE;-3;#NE;-3;#NE;Obrigatório;1;0;0;0
13/04/2021;19:37:12;2012;ES;56057;ALFREDO CHAVES;12;18;1090;;2;MASCULINO;3;CASADO;5054;50 a 54 anos                  ;6;ENSINO MÉDIO COMPLETO;-3;#NE;-3;#NE;-3;#NE;-3;#NE;Obrigatório;1;0;0;0
13/04/2021;19:37:12;2012;ES;56057;ALFREDO CHAVES;12;18;1090;;2;MASCULINO;3;CASADO;5559;55 a 59 anos                  ;8;SUPERIOR COMPLETO;-3;#NE;-3;#NE;-3;#NE;-3;#NE;Obrigatório;1;0;0;0
13/04/2021;19:37:12;2012;ES;56057;ALFREDO CHAVES;12;18;1090;;2;MASCULINO;3;CASADO;6064;60 a 64 anos                  ;2;LÊ E ESCREVE;-3;#NE;-3;#NE;-3;#NE;-3;#NE;Obrigatório;1;0;0;0
13/04/2021;19:37:12;2012;ES;56057;ALFREDO CHAVES;12;18;1090;;2;MASCULINO;3;CASADO;6064;60 a 64 anos                  ;3;ENSINO FUNDAMENTAL INCOMPLETO;-3;#NE;-3;#NE;-3;#NE;-3;#NE;Obrigatório;3;0;0;0
13/04/2021;19:37:12;2012;ES;56057;ALFREDO CHAVES;12;18;1090;;2;MASCULINO;3;CASADO;6064;60 a 64 anos                  ;4;ENSINO FUNDAMENTAL COMPLETO;-3;#NE;-3;#NE;-3;#NE;-3;#NE;Obrigatório;1;0;0;0
13/04/2021;19:37:12;2012;ES;56057;ALFREDO CHAVES;12;18;1090;;2;MASCULINO;3;CASADO;6064;60 a 64 anos                  ;8;SUPERIOR COMPLETO;-3;#NE;-3;#NE;-3;#NE;-3;#NE;Obrigatório;2;0;0;0
13/04/2021;19:37:12;2012;ES;56057;ALFREDO CHAVES;12;18;1090;;2;MASCULINO;3;CASADO;6569;65 a 69 anos                  ;1;ANALFABETO;-3;#NE;-3;#NE;-3;#NE;-3;#NE;Facultativo;1;0;0;0
13/04/2021;19:37:12;2012;ES;56057;ALFREDO CHAVES;12;18;1090;;2;MASCULINO;3;CASADO;6569;65 a 69 anos                  ;2;LÊ E ESCREVE;-3;#NE;-3;#NE;-3;#NE;-3;#NE;Obrigatório;1;0;0;0
13/04/2021;19:37:12;2012;ES;56057;ALFREDO CHAVES;12;18;1090;;2;MASCULINO;3;CASADO;6569;65 a 69 anos                  ;3;ENSINO FUNDAMENTAL INCOMPLETO;-3;#NE;-3;#NE;-3;#NE;-3;#NE;Obrigatório;4;0;0;0
13/04/2021;19:37:12;2012;ES;56057;ALFREDO CHAVES;12;18;1090;;2;MASCULINO;3;CASADO;6569;65 a 69 anos                  ;5;ENSINO MÉDIO INCOMPLETO;-3;#NE;-3;#NE;-3;#NE;-3;#NE;Obrigatório;1;0;0;0
13/04/2021;19:37:12;2012;ES;56057;ALFREDO CHAVES;12;18;1090;;2;MASCULINO;3;CASADO;6569;65 a 69 anos                  ;6;ENSINO MÉDIO COMPLETO;-3;#NE;-3;#NE;-3;#NE;-3;#NE;Obrigatório;2;0;0;0
13/04/2021;19:37:12;2012;ES;56057;ALFREDO CHAVES;12;18;1090;;2;MASCULINO;3;CASADO;7074;70 a 74 anos                  ;5;ENSINO MÉDIO INCOMPLETO;-3;#NE;-3;#NE;-3;#NE;-3;#NE;Facultativo;1;0;0;0
13/04/2021;19:37:12;2012;ES;56057;ALFREDO CHAVES;12;18;1090;;2;MASCULINO;3;CASADO;7074;70 a 74 anos                  ;6;ENSINO MÉDIO COMPLETO;-3;#NE;-3;#NE;-3;#NE;-3;#NE;Facultativo;1;0;0;0
13/04/2021;19:37:12;2012;ES;56057;ALFREDO CHAVES;12;18;1090;;2;MASCULINO;3;CASADO;7579;75 a 79 anos                  ;2;LÊ E ESCREVE;-3;#NE;-3;#NE;-3;#NE;-3;#NE;Facultativo;1;0;0;0
13/04/2021;19:37:12;2012;ES;56057;ALFREDO CHAVES;12;18;1090;;2;MASCULINO;3;CASADO;7579;75 a 79 anos                  ;3;ENSINO FUNDAMENTAL INCOMPLETO;-3;#NE;-3;#NE;-3;#NE;-3;#NE;Facultativo;3;0;0;0
13/04/2021;19:37:12;2012;ES;56057;ALFREDO CHAVES;12;18;1090;;2;MASCULINO;3;CASADO;8084;80 a 84 anos                  ;3;ENSINO FUNDAMENTAL INCOMPLETO;-3;#NE;-3;#NE;-3;#NE;-3;#NE;Facultativo;1;0;0;0
13/04/2021;19:37:12;2012;ES;56057;ALFREDO CHAVES;12;20;1112;;2;MASCULINO;3;CASADO;6064;60 a 64 anos                  ;4;ENSINO FUNDAMENTAL COMPLETO;-3;#NE;-3;#NE;-3;#NE;-3;#NE;Obrigatório;1;0;0;0
13/04/2021;19:37:12;2012;ES;56057;ALFREDO CHAVES;12;20;1112;;2;MASCULINO;3;CASADO;6064;60 a 64 anos                  ;7;SUPERIOR INCOMPLETO;-3;#NE;-3;#NE;-3;#NE;-3;#NE;Obrigatório;1;0;0;0
13/04/2021;19:37:12;2012;ES;56057;ALFREDO CHAVES;12;20;1112;;2;MASCULINO;3;CASADO;6064;60 a 64 anos                  ;8;SUPERIOR COMPLETO;-3;#NE;-3;#NE;-3;#NE;-3;#NE;Obrigatório;1;0;0;0
13/04/2021;19:37:12;2012;ES;56057;ALFREDO CHAVES;12;20;1112;;2;MASCULINO;3;CASADO;6569;65 a 69 anos                  ;1;ANALFABETO;-3;#NE;-3;#NE;-3;#NE;-3;#NE;Facultativo;1;0;0;0
13/04/2021;19:37:12;2012;ES;56057;ALFREDO CHAVES;12;20;1112;;2;MASCULINO;3;CASADO;6569;65 a 69 anos                  ;3;ENSINO FUNDAMENTAL INCOMPLETO;-3;#NE;-3;#NE;-3;#NE;-3;#NE;Obrigatório;3;0;0;0
13/04/2021;19:37:12;2012;ES;56057;ALFREDO CHAVES;12;20;1112;;2;MASCULINO;3;CASADO;7074;70 a 74 anos                  ;3;ENSINO FUNDAMENTAL INCOMPLETO;-3;#NE;-3;#NE;-3;#NE;-3;#NE;Facultativo;4;0;0;0
13/04/2021;19:37:12;2012;ES;56057;ALFREDO CHAVES;12;20;1112;;2;MASCULINO;3;CASADO;7074;70 a 74 anos                  ;5;ENSINO MÉDIO INCOMPLETO;-3;#NE;-3;#NE;-3;#NE;-3;#NE;Facultativo;1;0;0;0
13/04/2021;19:37:12;2012;ES;56057;ALFREDO CHAVES;12;20;1112;;2;MASCULINO;3;CASADO;7579;75 a 79 anos                  ;1;ANALFABETO;-3;#NE;-3;#NE;-3;#NE;-3;#NE;Facultativo;1;0;0;0
13/04/2021;19:37:12;2012;ES;56057;ALFREDO CHAVES;12;20;1112;;2;MASCULINO;3;CASADO;7579;75 a 79 anos                  ;3;ENSINO FUNDAMENTAL INCOMPLETO;-3;#NE;-3;#NE;-3;#NE;-3;#NE;Facultativo;2;0;0;0
13/04/2021;19:37:12;2012;ES;56057;ALFREDO CHAVES;12;20;1112;;2;MASCULINO;3;CASADO;8084;80 a 84 anos                  ;1;ANALFABETO;-3;#NE;-3;#NE;-3;#NE;-3;#NE;Facultativo;1;0;0;0
13/04/2021;19:37:12;2012;ES;56057;ALFREDO CHAVES;12;20;1112;;2;MASCULINO;3;CASADO;8084;80 a 84 anos                  ;2;LÊ E ESCREVE;-3;#NE;-3;#NE;-3;#NE;-3;#NE;Facultativo;2;0;0;0
13/04/2021;19:37:12;2012;ES;56057;ALFREDO CHAVES;12;20;1112;;2;MASCULINO;3;CASADO;8084;80 a 84 anos                  ;3;ENSINO FUNDAMENTAL INCOMPLETO;-3;#NE;-3;#NE;-3;#NE;-3;#NE;Facultativo;1;0;0;0
13/04/2021;19:37:12;2012;ES;56057;ALFREDO CHAVES;12;20;1112;;2;MASCULINO;5;VIÚVO;4044;40 a 44 anos                  ;3;ENSINO FUNDAMENTAL INCOMPLETO;-3;#NE;-3;#NE;-3;#NE;-3;#NE;Obrigatório;1;0;0;0
13/04/2021;19:37:12;2012;ES;56057;ALFREDO CHAVES;12;20;1112;;2;MASCULINO;5;VIÚVO;5054;50 a 54 anos                  ;3;ENSINO FUNDAMENTAL INCOMPLETO;-3;#NE;-3;#NE;-3;#NE;-3;#NE;Obrigatório;1;0;0;0
13/04/2021;19:37:12;2012;ES;56057;ALFREDO CHAVES;12;20;1112;;2;MASCULINO;5;VIÚVO;7074;70 a 74 anos                  ;3;ENSINO FUNDAMENTAL INCOMPLETO;-3;#NE;-3;#NE;-3;#NE;-3;#NE;Facultativo;1;0;0;0
13/04/2021;19:37:12;2012;ES;56057;ALFREDO CHAVES;12;20;1112;;2;MASCULINO;7;SEPARADO JUDICIALMENTE;6569;65 a 69 anos                  ;3;ENSINO FUNDAMENTAL INCOMPLETO;-3;#NE;-3;#NE;-3;#NE;-3;#NE;Obrigatório;1;0;0;0
13/04/2021;19:37:12;2012;ES;56057;ALFREDO CHAVES;12;20;1112;;2;MASCULINO;9;DIVORCIADO;4549;45 a 49 anos                  ;6;ENSINO MÉDIO COMPLETO;-3;#NE;-3;#NE;-3;#NE;-3;#NE;Obrigatório;1;0;0;0
13/04/2021;19:37:12;2012;ES;56057;ALFREDO CHAVES;12;20;1112;;4;FEMININO;0;NÃO INFORMADO;7579;75 a 79 anos                  ;3;ENSINO FUNDAMENTAL INCOMPLETO;-3;#NE;-3;#NE;-3;#NE;-3;#NE;Facultativo;1;0;0;0
13/04/2021;19:37:12;2012;ES;56057;ALFREDO CHAVES;12;20;1112;;4;FEMININO;1;SOLTEIRO;1600;16 anos                       ;5;ENSINO MÉDIO INCOMPLETO;-3;#NE;-3;#NE;-3;#NE;-3;#NE;Facultativo;1;0;0;0
13/04/2021;19:37:12;2012;ES;56057;ALFREDO CHAVES;12;20;1112;;4;FEMININO;1;SOLTEIRO;1700;17 anos                       ;3;ENSINO FUNDAMENTAL INCOMPLETO;-3;#NE;-3;#NE;-3;#NE;-3;#NE;Facultativo;1;0;0;0
13/04/2021;19:37:12;2012;ES;56057;ALFREDO CHAVES;12;20;1112;;4;FEMININO;1;SOLTEIRO;1800;18 anos                       ;5;ENSINO MÉDIO INCOMPLETO;-3;#NE;-3;#NE;-3;#NE;-3;#NE;Obrigatório;1;0;0;0
13/04/2021;19:37:12;2012;ES;56057;ALFREDO CHAVES;12;20;1112;;4;FEMININO;1;SOLTEIRO;2000;20 anos                       ;5;ENSINO MÉDIO INCOMPLETO;-3;#NE;-3;#NE;-3;#NE;-3;#NE;Obrigatório;1;0;0;0
13/04/2021;19:37:12;2012;ES;56057;ALFREDO CHAVES;12;20;1112;;4;FEMININO;1;SOLTEIRO;2124;21 a 24 anos                  ;5;ENSINO MÉDIO INCOMPLETO;-3;#NE;-3;#NE;-3;#NE;-3;#NE;Obrigatório;4;0;0;0
13/04/2021;19:37:12;2012;ES;56057;ALFREDO CHAVES;12;20;1112;;4;FEMININO;1;SOLTEIRO;2124;21 a 24 anos                  ;6;ENSINO MÉDIO COMPLETO;-3;#NE;-3;#NE;-3;#NE;-3;#NE;Obrigatório;2;0;0;0
13/04/2021;19:37:12;2012;ES;56057;ALFREDO CHAVES;12;20;1112;;4;FEMININO;1;SOLTEIRO;2529;25 a 29 anos                  ;3;ENSINO FUNDAMENTAL INCOMPLETO;-3;#NE;-3;#NE;-3;#NE;-3;#NE;Obrigatório;1;0;0;0
13/04/2021;19:37:12;2012;ES;56057;ALFREDO CHAVES;12;20;1112;;4;FEMININO;1;SOLTEIRO;2529;25 a 29 anos                  ;4;ENSINO FUNDAMENTAL COMPLETO;-3;#NE;-3;#NE;-3;#NE;-3;#NE;Obrigatório;1;0;0;0
13/04/2021;19:37:12;2012;ES;56057;ALFREDO CHAVES;12;20;1112;;4;FEMININO;1;SOLTEIRO;2529;25 a 29 anos                  ;5;ENSINO MÉDIO INCOMPLETO;-3;#NE;-3;#NE;-3;#NE;-3;#NE;Obrigatório;4;0;0;0
13/04/2021;19:37:12;2012;ES;56057;ALFREDO CHAVES;12;20;1112;;4;FEMININO;1;SOLTEIRO;2529;25 a 29 anos                  ;6;ENSINO MÉDIO COMPLETO;-3;#NE;-3;#NE;-3;#NE;-3;#NE;Obrigatório;4;0;0;0
13/04/2021;19:37:12;2012;ES;56057;ALFREDO CHAVES;12;20;1112;;4;FEMININO;1;SOLTEIRO;3034;30 a 34 anos                  ;3;ENSINO FUNDAMENTAL INCOMPLETO;-3;#NE;-3;#NE;-3;#NE;-3;#NE;Obrigatório;2;0;0;0
13/04/2021;19:37:12;2012;ES;56057;ALFREDO CHAVES;12;20;1112;;4;FEMININO;1;SOLTEIRO;3034;30 a 34 anos                  ;5;ENSINO MÉDIO INCOMPLETO;-3;#NE;-3;#NE;-3;#NE;-3;#NE;Obrigatório;8;0;0;0
13/04/2021;19:37:12;2012;ES;56057;ALFREDO CHAVES;12;20;1112;;4;FEMININO;1;SOLTEIRO;3034;30 a 34 anos                  ;6;ENSINO MÉDIO COMPLETO;-3;#NE;-3;#NE;-3;#NE;-3;#NE;Obrigatório;2;0;0;0
13/04/2021;19:37:12;2012;ES;56057;ALFREDO CHAVES;12;20;1112;;4;FEMININO;1;SOLTEIRO;3034;30 a 34 anos                  ;7;SUPERIOR INCOMPLETO;-3;#NE;-3;#NE;-3;#NE;-3;#NE;Obrigatório;1;0;0;0
13/04/2021;19:37:12;2012;ES;56057;ALFREDO CHAVES;12;20;1112;;4;FEMININO;1;SOLTEIRO;3034;30 a 34 anos                  ;8;SUPERIOR COMPLETO;-3;#NE;-3;#NE;-3;#NE;-3;#NE;Obrigatório;1;0;0;0
13/04/2021;19:37:12;2012;ES;56057;ALFREDO CHAVES;12;20;1112;;4;FEMININO;1;SOLTEIRO;3539;35 a 39 anos                  ;1;ANALFABETO;-3;#NE;-3;#NE;-3;#NE;-3;#NE;Facultativo;1;0;0;0
13/04/2021;19:37:12;2012;ES;56057;ALFREDO CHAVES;12;20;1112;;4;FEMININO;1;SOLTEIRO;3539;35 a 39 anos                  ;3;ENSINO FUNDAMENTAL INCOMPLETO;-3;#NE;-3;#NE;-3;#NE;-3;#NE;Obrigatório;7;0;0;0
13/04/2021;19:37:12;2012;ES;56057;ALFREDO CHAVES;12;20;1112;;4;FEMININO;1;SOLTEIRO;3539;35 a 39 anos                  ;6;ENSINO MÉDIO COMPLETO;-3;#NE;-3;#NE;-3;#NE;-3;#NE;Obrigatório;4;0;0;0
13/04/2021;19:37:12;2012;ES;56057;ALFREDO CHAVES;12;20;1112;;4;FEMININO;1;SOLTEIRO;4044;40 a 44 anos                  ;3;ENSINO FUNDAMENTAL INCOMPLETO;-3;#NE;-3;#NE;-3;#NE;-3;#NE;Obrigatório;5;0;0;0
13/04/2021;19:37:12;2012;ES;56057;ALFREDO CHAVES;12;20;1112;;4;FEMININO;1;SOLTEIRO;4044;40 a 44 anos                  ;8;SUPERIOR COMPLETO;-3;#NE;-3;#NE;-3;#NE;-3;#NE;Obrigatório;1;0;0;0
13/04/2021;19:37:12;2012;ES;56057;ALFREDO CHAVES;12;20;1112;;4;FEMININO;1;SOLTEIRO;4549;45 a 49 anos                  ;3;ENSINO FUNDAMENTAL INCOMPLETO;-3;#NE;-3;#NE;-3;#NE;-3;#NE;Obrigatório;1;0;0;0
13/04/2021;19:37:12;2012;ES;56057;ALFREDO CHAVES;12;20;1112;;4;FEMININO;1;SOLTEIRO;4549;45 a 49 anos                  ;6;ENSINO MÉDIO COMPLETO;-3;#NE;-3;#NE;-3;#NE;-3;#NE;Obrigatório;1;0;0;0
13/04/2021;19:37:12;2012;ES;56057;ALFREDO CHAVES;12;20;1112;;4;FEMININO;1;SOLTEIRO;4549;45 a 49 anos                  ;8;SUPERIOR COMPLETO;-3;#NE;-3;#NE;-3;#NE;-3;#NE;Obrigatório;1;0;0;0
13/04/2021;19:37:12;2012;ES;56057;ALFREDO CHAVES;12;20;1112;;4;FEMININO;3;CASADO;2529;25 a 29 anos                  ;4;ENSINO FUNDAMENTAL COMPLETO;-3;#NE;-3;#NE;-3;#NE;-3;#NE;Obrigatório;1;0;0;0
13/04/2021;19:37:12;2012;ES;56057;ALFREDO CHAVES;12;20;1112;;4;FEMININO;3;CASADO;2529;25 a 29 anos                  ;5;ENSINO MÉDIO INCOMPLETO;-3;#NE;-3;#NE;-3;#NE;-3;#NE;Obrigatório;2;0;0;0
13/04/2021;19:37:12;2012;ES;56057;ALFREDO CHAVES;12;20;1112;;4;FEMININO;3;CASADO;3034;30 a 34 anos                  ;3;ENSINO FUNDAMENTAL INCOMPLETO;-3;#NE;-3;#NE;-3;#NE;-3;#NE;Obrigatório;1;0;0;0
13/04/2021;19:37:12;2012;ES;56057;ALFREDO CHAVES;12;20;1112;;4;FEMININO;3;CASADO;3034;30 a 34 anos                  ;5;ENSINO MÉDIO INCOMPLETO;-3;#NE;-3;#NE;-3;#NE;-3;#NE;Obrigatório;1;0;0;0
13/04/2021;19:37:12;2012;ES;56057;ALFREDO CHAVES;12;20;1112;;4;FEMININO;3;CASADO;3034;30 a 34 anos                  ;6;ENSINO MÉDIO COMPLETO;-3;#NE;-3;#NE;-3;#NE;-3;#NE;Obrigatório;1;0;0;0
13/04/2021;19:37:12;2012;ES;56057;ALFREDO CHAVES;12;20;1112;;4;FEMININO;3;CASADO;3539;35 a 39 anos                  ;3;ENSINO FUNDAMENTAL INCOMPLETO;-3;#NE;-3;#NE;-3;#NE;-3;#NE;Obrigatório;4;0;0;0
13/04/2021;19:37:12;2012;ES;56057;ALFREDO CHAVES;12;20;1112;;4;FEMININO;3;CASADO;3539;35 a 39 anos                  ;6;ENSINO MÉDIO COMPLETO;-3;#NE;-3;#NE;-3;#NE;-3;#NE;Obrigatório;3;0;0;0
13/04/2021;19:37:12;2012;ES;56057;ALFREDO CHAVES;12;20;1112;;4;FEMININO;3;CASADO;3539;35 a 39 anos                  ;8;SUPERIOR COMPLETO;-3;#NE;-3;#NE;-3;#NE;-3;#NE;Obrigatório;1;0;0;0
13/04/2021;19:37:12;2012;ES;56057;ALFREDO CHAVES;12;20;1112;;4;FEMININO;3;CASADO;4044;40 a 44 anos                  ;4;ENSINO FUNDAMENTAL COMPLETO;-3;#NE;-3;#NE;-3;#NE;-3;#NE;Obrigatório;2;0;0;0
13/04/2021;19:37:12;2012;ES;56057;ALFREDO CHAVES;12;20;1112;;4;FEMININO;3;CASADO;4044;40 a 44 anos                  ;6;ENSINO MÉDIO COMPLETO;-3;#NE;-3;#NE;-3;#NE;-3;#NE;Obrigatório;1;0;0;0
13/04/2021;19:37:12;2012;ES;56057;ALFREDO CHAVES;12;20;1112;;4;FEMININO;3;CASADO;4549;45 a 49 anos                  ;2;LÊ E ESCREVE;-3;#NE;-3;#NE;-3;#NE;-3;#NE;Obrigatório;1;0;0;0
13/04/2021;19:37:12;2012;ES;56057;ALFREDO CHAVES;12;20;1112;;4;FEMININO;3;CASADO;5054;50 a 54 anos                  ;3;ENSINO FUNDAMENTAL INCOMPLETO;-3;#NE;-3;#NE;-3;#NE;-3;#NE;Obrigatório;2;0;0;0
13/04/2021;19:37:12;2012;ES;56057;ALFREDO CHAVES;12;20;1112;;4;FEMININO;3;CASADO;5559;55 a 59 anos                  ;1;ANALFABETO;-3;#NE;-3;#NE;-3;#NE;-3;#NE;Facultativo;1;0;0;0
13/04/2021;19:37:12;2012;ES;56057;ALFREDO CHAVES;12;22;1139;;2;MASCULINO;3;CASADO;9094;90 a 94 anos                  ;2;LÊ E ESCREVE;-3;#NE;-3;#NE;-3;#NE;-3;#NE;Facultativo;1;0;0;0
13/04/2021;19:37:12;2012;ES;56057;ALFREDO CHAVES;12;22;1139;;2;MASCULINO;5;VIÚVO;5054;50 a 54 anos                  ;3;ENSINO FUNDAMENTAL INCOMPLETO;-3;#NE;-3;#NE;-3;#NE;-3;#NE;Obrigatório;1;0;0;0
13/04/2021;19:37:12;2012;ES;56057;ALFREDO CHAVES;12;22;1139;;2;MASCULINO;5;VIÚVO;6569;65 a 69 anos                  ;1;ANALFABETO;-3;#NE;-3;#NE;-3;#NE;-3;#NE;Facultativo;1;0;0;0
13/04/2021;19:37:12;2012;ES;56057;ALFREDO CHAVES;12;22;1139;;2;MASCULINO;5;VIÚVO;8589;85 a 89 anos                  ;2;LÊ E ESCREVE;-3;#NE;-3;#NE;-3;#NE;-3;#NE;Facultativo;1;0;0;0
13/04/2021;19:37:12;2012;ES;56057;ALFREDO CHAVES;12;22;1139;;2;MASCULINO;7;SEPARADO JUDICIALMENTE;4044;40 a 44 anos                  ;6;ENSINO MÉDIO COMPLETO;-3;#NE;-3;#NE;-3;#NE;-3;#NE;Obrigatório;1;0;0;0
13/04/2021;19:37:12;2012;ES;56057;ALFREDO CHAVES;12;22;1139;;2;MASCULINO;7;SEPARADO JUDICIALMENTE;4549;45 a 49 anos                  ;3;ENSINO FUNDAMENTAL INCOMPLETO;-3;#NE;-3;#NE;-3;#NE;-3;#NE;Obrigatório;1;0;0;0
13/04/2021;19:37:12;2012;ES;56057;ALFREDO CHAVES;12;22;1139;;2;MASCULINO;9;DIVORCIADO;6569;65 a 69 anos                  ;8;SUPERIOR COMPLETO;-3;#NE;-3;#NE;-3;#NE;-3;#NE;Obrigatório;1;0;0;0
13/04/2021;19:37:12;2012;ES;56057;ALFREDO CHAVES;12;22;1139;;4;FEMININO;1;SOLTEIRO;1600;16 anos                       ;5;ENSINO MÉDIO INCOMPLETO;-3;#NE;-3;#NE;-3;#NE;-3;#NE;Facultativo;3;0;0;0
13/04/2021;19:37:12;2012;ES;56057;ALFREDO CHAVES;12;22;1139;;4;FEMININO;1;SOLTEIRO;1700;17 anos                       ;3;ENSINO FUNDAMENTAL INCOMPLETO;-3;#NE;-3;#NE;-3;#NE;-3;#NE;Facultativo;1;0;0;0
13/04/2021;19:37:12;2012;ES;56057;ALFREDO CHAVES;12;22;1139;;4;FEMININO;1;SOLTEIRO;1700;17 anos                       ;5;ENSINO MÉDIO INCOMPLETO;-3;#NE;-3;#NE;-3;#NE;-3;#NE;Facultativo;2;0;0;0
13/04/2021;19:37:12;2012;ES;56057;ALFREDO CHAVES;12;22;1139;;4;FEMININO;1;SOLTEIRO;1700;17 anos                       ;6;ENSINO MÉDIO COMPLETO;-3;#NE;-3;#NE;-3;#NE;-3;#NE;Facultativo;1;0;0;0
13/04/2021;19:37:12;2012;ES;56057;ALFREDO CHAVES;12;22;1139;;4;FEMININO;1;SOLTEIRO;1800;18 anos                       ;5;ENSINO MÉDIO INCOMPLETO;-3;#NE;-3;#NE;-3;#NE;-3;#NE;Obrigatório;3;0;0;0
13/04/2021;19:37:12;2012;ES;56057;ALFREDO CHAVES;12;22;1139;;4;FEMININO;1;SOLTEIRO;1900;19 anos                       ;4;ENSINO FUNDAMENTAL COMPLETO;-3;#NE;-3;#NE;-3;#NE;-3;#NE;Obrigatório;1;0;0;0
13/04/2021;19:37:12;2012;ES;56057;ALFREDO CHAVES;12;22;1139;;4;FEMININO;1;SOLTEIRO;2000;20 anos                       ;3;ENSINO FUNDAMENTAL INCOMPLETO;-3;#NE;-3;#NE;-3;#NE;-3;#NE;Obrigatório;1;0;0;0
13/04/2021;19:37:12;2012;ES;56057;ALFREDO CHAVES;12;22;1139;;4;FEMININO;1;SOLTEIRO;2000;20 anos                       ;5;ENSINO MÉDIO INCOMPLETO;-3;#NE;-3;#NE;-3;#NE;-3;#NE;Obrigatório;4;0;0;0
13/04/2021;19:37:12;2012;ES;56057;ALFREDO CHAVES;12;22;1139;;4;FEMININO;1;SOLTEIRO;2000;20 anos                       ;6;ENSINO MÉDIO COMPLETO;-3;#NE;-3;#NE;-3;#NE;-3;#NE;Obrigatório;1;0;0;0
13/04/2021;19:37:12;2012;ES;56057;ALFREDO CHAVES;12;22;1139;;4;FEMININO;1;SOLTEIRO;2124;21 a 24 anos                  ;6;ENSINO MÉDIO COMPLETO;-3;#NE;-3;#NE;-3;#NE;-3;#NE;Obrigatório;1;0;0;0
13/04/2021;19:37:12;2012;ES;56057;ALFREDO CHAVES;12;22;1139;;4;FEMININO;1;SOLTEIRO;2124;21 a 24 anos                  ;7;SUPERIOR INCOMPLETO;-3;#NE;-3;#NE;-3;#NE;-3;#NE;Obrigatório;1;0;0;0
13/04/2021;19:37:12;2012;ES;56057;ALFREDO CHAVES;12;22;1139;;4;FEMININO;1;SOLTEIRO;2529;25 a 29 anos                  ;3;ENSINO FUNDAMENTAL INCOMPLETO;-3;#NE;-3;#NE;-3;#NE;-3;#NE;Obrigatório;1;0;0;0
13/04/2021;19:37:12;2012;ES;56057;ALFREDO CHAVES;12;22;1139;;4;FEMININO;1;SOLTEIRO;2529;25 a 29 anos                  ;6;ENSINO MÉDIO COMPLETO;-3;#NE;-3;#NE;-3;#NE;-3;#NE;Obrigatório;3;0;0;0
13/04/2021;19:37:12;2012;ES;56057;ALFREDO CHAVES;12;22;1139;;4;FEMININO;1;SOLTEIRO;2529;25 a 29 anos                  ;8;SUPERIOR COMPLETO;-3;#NE;-3;#NE;-3;#NE;-3;#NE;Obrigatório;1;0;0;0
13/04/2021;19:37:12;2012;ES;56057;ALFREDO CHAVES;12;22;1139;;4;FEMININO;1;SOLTEIRO;3034;30 a 34 anos                  ;3;ENSINO FUNDAMENTAL INCOMPLETO;-3;#NE;-3;#NE;-3;#NE;-3;#NE;Obrigatório;3;0;0;0
13/04/2021;19:37:12;2012;ES;56057;ALFREDO CHAVES;12;22;1139;;4;FEMININO;1;SOLTEIRO;3539;35 a 39 anos                  ;3;ENSINO FUNDAMENTAL INCOMPLETO;-3;#NE;-3;#NE;-3;#NE;-3;#NE;Obrigatório;3;0;0;0
13/04/2021;19:37:12;2012;ES;56057;ALFREDO CHAVES;12;22;1139;;4;FEMININO;1;SOLTEIRO;3539;35 a 39 anos                  ;4;ENSINO FUNDAMENTAL COMPLETO;-3;#NE;-3;#NE;-3;#NE;-3;#NE;Obrigatório;2;0;0;0
13/04/2021;19:37:12;2012;ES;56057;ALFREDO CHAVES;12;22;1139;;4;FEMININO;1;SOLTEIRO;3539;35 a 39 anos                  ;6;ENSINO MÉDIO COMPLETO;-3;#NE;-3;#NE;-3;#NE;-3;#NE;Obrigatório;1;0;0;0
13/04/2021;19:37:12;2012;ES;56057;ALFREDO CHAVES;12;22;1139;;4;FEMININO;1;SOLTEIRO;4044;40 a 44 anos                  ;2;LÊ E ESCREVE;-3;#NE;-3;#NE;-3;#NE;-3;#NE;Obrigatório;1;0;0;0
13/04/2021;19:37:12;2012;ES;56057;ALFREDO CHAVES;12;22;1139;;4;FEMININO;1;SOLTEIRO;4044;40 a 44 anos                  ;3;ENSINO FUNDAMENTAL INCOMPLETO;-3;#NE;-3;#NE;-3;#NE;-3;#NE;Obrigatório;4;0;0;0
13/04/2021;19:37:12;2012;ES;56057;ALFREDO CHAVES;12;22;1139;;4;FEMININO;1;SOLTEIRO;4044;40 a 44 anos                  ;4;ENSINO FUNDAMENTAL COMPLETO;-3;#NE;-3;#NE;-3;#NE;-3;#NE;Obrigatório;2;0;0;0
13/04/2021;19:37:12;2012;ES;56057;ALFREDO CHAVES;12;22;1139;;4;FEMININO;1;SOLTEIRO;4044;40 a 44 anos                  ;6;ENSINO MÉDIO COMPLETO;-3;#NE;-3;#NE;-3;#NE;-3;#NE;Obrigatório;2;0;0;0
13/04/2021;19:37:12;2012;ES;56057;ALFREDO CHAVES;12;22;1139;;4;FEMININO;1;SOLTEIRO;4549;45 a 49 anos                  ;6;ENSINO MÉDIO COMPLETO;-3;#NE;-3;#NE;-3;#NE;-3;#NE;Obrigatório;1;0;0;0
13/04/2021;19:37:12;2012;ES;56057;ALFREDO CHAVES;12;22;1139;;4;FEMININO;1;SOLTEIRO;5054;50 a 54 anos                  ;3;ENSINO FUNDAMENTAL INCOMPLETO;-3;#NE;-3;#NE;-3;#NE;-3;#NE;Obrigatório;1;0;0;0
13/04/2021;19:37:12;2012;ES;56057;ALFREDO CHAVES;12;22;1139;;4;FEMININO;1;SOLTEIRO;5054;50 a 54 anos                  ;5;ENSINO MÉDIO INCOMPLETO;-3;#NE;-3;#NE;-3;#NE;-3;#NE;Obrigatório;1;0;0;0
13/04/2021;19:37:12;2012;ES;56057;ALFREDO CHAVES;12;22;1139;;4;FEMININO;1;SOLTEIRO;5054;50 a 54 anos                  ;6;ENSINO MÉDIO COMPLETO;-3;#NE;-3;#NE;-3;#NE;-3;#NE;Obrigatório;1;0;0;0
13/04/2021;19:37:12;2012;ES;56057;ALFREDO CHAVES;12;22;1139;;4;FEMININO;1;SOLTEIRO;5054;50 a 54 anos                  ;8;SUPERIOR COMPLETO;-3;#NE;-3;#NE;-3;#NE;-3;#NE;Obrigatório;1;0;0;0
13/04/2021;19:37:12;2012;ES;56057;ALFREDO CHAVES;12;22;1139;;4;FEMININO;1;SOLTEIRO;8084;80 a 84 anos                  ;2;LÊ E ESCREVE;-3;#NE;-3;#NE;-3;#NE;-3;#NE;Facultativo;1;0;0;0
13/04/2021;19:37:12;2012;ES;56057;ALFREDO CHAVES;12;22;1139;;4;FEMININO;3;CASADO;3034;30 a 34 anos                  ;3;ENSINO FUNDAMENTAL INCOMPLETO;-3;#NE;-3;#NE;-3;#NE;-3;#NE;Obrigatório;2;0;0;0
13/04/2021;19:37:12;2012;ES;56057;ALFREDO CHAVES;12;22;1139;;4;FEMININO;3;CASADO;3539;35 a 39 anos                  ;3;ENSINO FUNDAMENTAL INCOMPLETO;-3;#NE;-3;#NE;-3;#NE;-3;#NE;Obrigatório;1;0;0;0
13/04/2021;19:37:12;2012;ES;56057;ALFREDO CHAVES;12;22;1139;;4;FEMININO;3;CASADO;4044;40 a 44 anos                  ;4;ENSINO FUNDAMENTAL COMPLETO;-3;#NE;-3;#NE;-3;#NE;-3;#NE;Obrigatório;1;0;0;0
13/04/2021;19:37:12;2012;ES;56057;ALFREDO CHAVES;12;22;1139;;4;FEMININO;3;CASADO;4044;40 a 44 anos                  ;5;ENSINO MÉDIO INCOMPLETO;-3;#NE;-3;#NE;-3;#NE;-3;#NE;Obrigatório;1;0;0;0
13/04/2021;19:37:12;2012;ES;56057;ALFREDO CHAVES;12;22;1139;;4;FEMININO;3;CASADO;4044;40 a 44 anos                  ;7;SUPERIOR INCOMPLETO;-3;#NE;-3;#NE;-3;#NE;-3;#NE;Obrigatório;1;0;0;0
13/04/2021;19:37:12;2012;ES;56057;ALFREDO CHAVES;12;22;1139;;4;FEMININO;3;CASADO;4549;45 a 49 anos                  ;3;ENSINO FUNDAMENTAL INCOMPLETO;-3;#NE;-3;#NE;-3;#NE;-3;#NE;Obrigatório;3;0;0;0
13/04/2021;19:37:12;2012;ES;56057;ALFREDO CHAVES;12;22;1139;;4;FEMININO;3;CASADO;4549;45 a 49 anos                  ;8;SUPERIOR COMPLETO;-3;#NE;-3;#NE;-3;#NE;-3;#NE;Obrigatório;2;0;0;0
13/04/2021;19:37:12;2012;ES;56057;ALFREDO CHAVES;12;22;1139;;4;FEMININO;3;CASADO;5054;50 a 54 anos                  ;1;ANALFABETO;-3;#NE;-3;#NE;-3;#NE;-3;#NE;Facultativo;1;0;0;0
13/04/2021;19:37:12;2012;ES;56057;ALFREDO CHAVES;12;22;1139;;4;FEMININO;3;CASADO;5054;50 a 54 anos                  ;2;LÊ E ESCREVE;-3;#NE;-3;#NE;-3;#NE;-3;#NE;Obrigatório;1;0;0;0
13/04/2021;19:37:12;2012;ES;56057;ALFREDO CHAVES;12;22;1139;;4;FEMININO;3;CASADO;5054;50 a 54 anos                  ;6;ENSINO MÉDIO COMPLETO;-3;#NE;-3;#NE;-3;#NE;-3;#NE;Obrigatório;2;0;0;0
13/04/2021;19:37:12;2012;ES;56057;ALFREDO CHAVES;12;22;1139;;4;FEMININO;3;CASADO;5054;50 a 54 anos                  ;8;SUPERIOR COMPLETO;-3;#NE;-3;#NE;-3;#NE;-3;#NE;Obrigatório;2;0;0;0
13/04/2021;19:37:12;2012;ES;56057;ALFREDO CHAVES;12;22;1139;;4;FEMININO;3;CASADO;5559;55 a 59 anos                  ;2;LÊ E ESCREVE;-3;#NE;-3;#NE;-3;#NE;-3;#NE;Obrigatório;4;0;0;0
13/04/2021;19:37:12;2012;ES;56057;ALFREDO CHAVES;12;22;1139;;4;FEMININO;3;CASADO;5559;55 a 59 anos                  ;6;ENSINO MÉDIO COMPLETO;-3;#NE;-3;#NE;-3;#NE;-3;#NE;Obrigatório;1;0;0;0
13/04/2021;19:37:12;2012;ES;56057;ALFREDO CHAVES;12;22;1139;;4;FEMININO;3;CASADO;6064;60 a 64 anos                  ;2;LÊ E ESCREVE;-3;#NE;-3;#NE;-3;#NE;-3;#NE;Obrigatório;2;0;0;0
13/04/2021;19:37:12;2012;ES;56057;ALFREDO CHAVES;12;22;1139;;4;FEMININO;3;CASADO;6064;60 a 64 anos                  ;3;ENSINO FUNDAMENTAL INCOMPLETO;-3;#NE;-3;#NE;-3;#NE;-3;#NE;Obrigatório;6;0;0;0
13/04/2021;19:37:12;2012;ES;56057;ALFREDO CHAVES;12;22;1139;;4;FEMININO;3;CASADO;6569;65 a 69 anos                  ;3;ENSINO FUNDAMENTAL INCOMPLETO;-3;#NE;-3;#NE;-3;#NE;-3;#NE;Obrigatório;4;0;0;0
13/04/2021;19:37:12;2012;ES;56057;ALFREDO CHAVES;12;22;1139;;4;FEMININO;3;CASADO;7074;70 a 74 anos                  ;1;ANALFABETO;-3;#NE;-3;#NE;-3;#NE;-3;#NE;Facultativo;2;0;0;0
13/04/2021;19:37:12;2012;ES;56057;ALFREDO CHAVES;12;22;1139;;4;FEMININO;3;CASADO;7074;70 a 74 anos                  ;3;ENSINO FUNDAMENTAL INCOMPLETO;-3;#NE;-3;#NE;-3;#NE;-3;#NE;Facultativo;5;0;0;0
13/04/2021;19:37:12;2012;ES;56057;ALFREDO CHAVES;12;22;1139;;4;FEMININO;3;CASADO;7579;75 a 79 anos                  ;2;LÊ E ESCREVE;-3;#NE;-3;#NE;-3;#NE;-3;#NE;Facultativo;3;0;0;0
13/04/2021;19:37:12;2012;ES;56057;ALFREDO CHAVES;12;24;1147;;2;MASCULINO;3;CASADO;8084;80 a 84 anos                  ;1;ANALFABETO;-3;#NE;-3;#NE;-3;#NE;-3;#NE;Facultativo;1;0;0;0
13/04/2021;19:37:12;2012;ES;56057;ALFREDO CHAVES;12;24;1147;;2;MASCULINO;3;CASADO;8589;85 a 89 anos                  ;2;LÊ E ESCREVE;-3;#NE;-3;#NE;-3;#NE;-3;#NE;Facultativo;2;0;0;0
13/04/2021;19:37:12;2012;ES;56057;ALFREDO CHAVES;12;24;1147;;2;MASCULINO;3;CASADO;8589;85 a 89 anos                  ;3;ENSINO FUNDAMENTAL INCOMPLETO;-3;#NE;-3;#NE;-3;#NE;-3;#NE;Facultativo;1;0;0;0
13/04/2021;19:37:12;2012;ES;56057;ALFREDO CHAVES;12;24;1147;;2;MASCULINO;9;DIVORCIADO;5054;50 a 54 anos                  ;3;ENSINO FUNDAMENTAL INCOMPLETO;-3;#NE;-3;#NE;-3;#NE;-3;#NE;Obrigatório;1;0;0;0
13/04/2021;19:37:12;2012;ES;56057;ALFREDO CHAVES;12;24;1147;;4;FEMININO;1;SOLTEIRO;1600;16 anos                       ;5;ENSINO MÉDIO INCOMPLETO;-3;#NE;-3;#NE;-3;#NE;-3;#NE;Facultativo;2;0;0;0
13/04/2021;19:37:12;2012;ES;56057;ALFREDO CHAVES;12;24;1147;;4;FEMININO;1;SOLTEIRO;1700;17 anos                       ;5;ENSINO MÉDIO INCOMPLETO;-3;#NE;-3;#NE;-3;#NE;-3;#NE;Facultativo;1;0;0;0
13/04/2021;19:37:12;2012;ES;56057;ALFREDO CHAVES;12;24;1147;;4;FEMININO;1;SOLTEIRO;1800;18 anos                       ;5;ENSINO MÉDIO INCOMPLETO;-3;#NE;-3;#NE;-3;#NE;-3;#NE;Obrigatório;1;0;0;0
13/04/2021;19:37:12;2012;ES;56057;ALFREDO CHAVES;12;24;1147;;4;FEMININO;1;SOLTEIRO;1900;19 anos                       ;4;ENSINO FUNDAMENTAL COMPLETO;-3;#NE;-3;#NE;-3;#NE;-3;#NE;Obrigatório;1;0;0;0
13/04/2021;19:37:12;2012;ES;56057;ALFREDO CHAVES;12;24;1147;;4;FEMININO;1;SOLTEIRO;1900;19 anos                       ;5;ENSINO MÉDIO INCOMPLETO;-3;#NE;-3;#NE;-3;#NE;-3;#NE;Obrigatório;2;0;0;0
13/04/2021;19:37:12;2012;ES;56057;ALFREDO CHAVES;12;24;1147;;4;FEMININO;1;SOLTEIRO;2000;20 anos                       ;6;ENSINO MÉDIO COMPLETO;-3;#NE;-3;#NE;-3;#NE;-3;#NE;Obrigatório;1;0;0;0
13/04/2021;19:37:12;2012;ES;56057;ALFREDO CHAVES;12;24;1147;;4;FEMININO;1;SOLTEIRO;2124;21 a 24 anos                  ;3;ENSINO FUNDAMENTAL INCOMPLETO;-3;#NE;-3;#NE;-3;#NE;-3;#NE;Obrigatório;3;0;0;0
13/04/2021;19:37:12;2012;ES;56057;ALFREDO CHAVES;12;24;1147;;4;FEMININO;1;SOLTEIRO;2124;21 a 24 anos                  ;4;ENSINO FUNDAMENTAL COMPLETO;-3;#NE;-3;#NE;-3;#NE;-3;#NE;Obrigatório;1;0;0;0
13/04/2021;19:37:12;2012;ES;56057;ALFREDO CHAVES;12;24;1147;;4;FEMININO;1;SOLTEIRO;2124;21 a 24 anos                  ;5;ENSINO MÉDIO INCOMPLETO;-3;#NE;-3;#NE;-3;#NE;-3;#NE;Obrigatório;1;0;0;0
13/04/2021;19:37:12;2012;ES;56057;ALFREDO CHAVES;12;24;1147;;4;FEMININO;1;SOLTEIRO;2529;25 a 29 anos                  ;4;ENSINO FUNDAMENTAL COMPLETO;-3;#NE;-3;#NE;-3;#NE;-3;#NE;Obrigatório;1;0;0;0
13/04/2021;19:37:12;2012;ES;56057;ALFREDO CHAVES;12;24;1147;;4;FEMININO;1;SOLTEIRO;2529;25 a 29 anos                  ;6;ENSINO MÉDIO COMPLETO;-3;#NE;-3;#NE;-3;#NE;-3;#NE;Obrigatório;1;0;0;0
13/04/2021;19:37:12;2012;ES;56057;ALFREDO CHAVES;12;24;1147;;4;FEMININO;1;SOLTEIRO;3034;30 a 34 anos                  ;3;ENSINO FUNDAMENTAL INCOMPLETO;-3;#NE;-3;#NE;-3;#NE;-3;#NE;Obrigatório;1;0;0;0
13/04/2021;19:37:12;2012;ES;56057;ALFREDO CHAVES;12;24;1147;;4;FEMININO;1;SOLTEIRO;3034;30 a 34 anos                  ;5;ENSINO MÉDIO INCOMPLETO;-3;#NE;-3;#NE;-3;#NE;-3;#NE;Obrigatório;1;0;0;0
13/04/2021;19:37:12;2012;ES;56057;ALFREDO CHAVES;12;24;1147;;4;FEMININO;1;SOLTEIRO;3539;35 a 39 anos                  ;3;ENSINO FUNDAMENTAL INCOMPLETO;-3;#NE;-3;#NE;-3;#NE;-3;#NE;Obrigatório;4;0;0;0
13/04/2021;19:37:12;2012;ES;56057;ALFREDO CHAVES;12;24;1147;;4;FEMININO;1;SOLTEIRO;4044;40 a 44 anos                  ;1;ANALFABETO;-3;#NE;-3;#NE;-3;#NE;-3;#NE;Facultativo;1;0;0;0
13/04/2021;19:37:12;2012;ES;56057;ALFREDO CHAVES;12;24;1147;;4;FEMININO;1;SOLTEIRO;4044;40 a 44 anos                  ;3;ENSINO FUNDAMENTAL INCOMPLETO;-3;#NE;-3;#NE;-3;#NE;-3;#NE;Obrigatório;1;0;0;0
13/04/2021;19:37:12;2012;ES;56057;ALFREDO CHAVES;12;24;1147;;4;FEMININO;1;SOLTEIRO;4549;45 a 49 anos                  ;2;LÊ E ESCREVE;-3;#NE;-3;#NE;-3;#NE;-3;#NE;Obrigatório;1;0;0;0
13/04/2021;19:37:12;2012;ES;56057;ALFREDO CHAVES;12;24;1147;;4;FEMININO;1;SOLTEIRO;4549;45 a 49 anos                  ;3;ENSINO FUNDAMENTAL INCOMPLETO;-3;#NE;-3;#NE;-3;#NE;-3;#NE;Obrigatório;7;0;0;0
13/04/2021;19:37:12;2012;ES;56057;ALFREDO CHAVES;12;24;1147;;4;FEMININO;1;SOLTEIRO;4549;45 a 49 anos                  ;4;ENSINO FUNDAMENTAL COMPLETO;-3;#NE;-3;#NE;-3;#NE;-3;#NE;Obrigatório;1;0;0;0
13/04/2021;19:37:12;2012;ES;56057;ALFREDO CHAVES;12;24;1147;;4;FEMININO;1;SOLTEIRO;4549;45 a 49 anos                  ;6;ENSINO MÉDIO COMPLETO;-3;#NE;-3;#NE;-3;#NE;-3;#NE;Obrigatório;1;0;0;0
13/04/2021;19:37:12;2012;ES;56057;ALFREDO CHAVES;12;24;1147;;4;FEMININO;1;SOLTEIRO;5054;50 a 54 anos                  ;3;ENSINO FUNDAMENTAL INCOMPLETO;-3;#NE;-3;#NE;-3;#NE;-3;#NE;Obrigatório;2;0;0;0
13/04/2021;19:37:12;2012;ES;56057;ALFREDO CHAVES;12;24;1147;;4;FEMININO;1;SOLTEIRO;5559;55 a 59 anos                  ;2;LÊ E ESCREVE;-3;#NE;-3;#NE;-3;#NE;-3;#NE;Obrigatório;1;0;0;0
13/04/2021;19:37:12;2012;ES;56057;ALFREDO CHAVES;12;24;1147;;4;FEMININO;1;SOLTEIRO;5559;55 a 59 anos                  ;3;ENSINO FUNDAMENTAL INCOMPLETO;-3;#NE;-3;#NE;-3;#NE;-3;#NE;Obrigatório;1;0;0;0
13/04/2021;19:37:12;2012;ES;56057;ALFREDO CHAVES;12;24;1147;;4;FEMININO;1;SOLTEIRO;7579;75 a 79 anos                  ;3;ENSINO FUNDAMENTAL INCOMPLETO;-3;#NE;-3;#NE;-3;#NE;-3;#NE;Facultativo;2;0;0;0
13/04/2021;19:37:12;2012;ES;56057;ALFREDO CHAVES;12;24;1147;;4;FEMININO;3;CASADO;2000;20 anos                       ;3;ENSINO FUNDAMENTAL INCOMPLETO;-3;#NE;-3;#NE;-3;#NE;-3;#NE;Obrigatório;1;0;0;0
13/04/2021;19:37:12;2012;ES;56057;ALFREDO CHAVES;12;24;1147;;4;FEMININO;3;CASADO;2529;25 a 29 anos                  ;3;ENSINO FUNDAMENTAL INCOMPLETO;-3;#NE;-3;#NE;-3;#NE;-3;#NE;Obrigatório;2;0;0;0
13/04/2021;19:37:12;2012;ES;56057;ALFREDO CHAVES;12;24;1147;;4;FEMININO;3;CASADO;3034;30 a 34 anos                  ;2;LÊ E ESCREVE;-3;#NE;-3;#NE;-3;#NE;-3;#NE;Obrigatório;1;0;0;0
13/04/2021;19:37:12;2012;ES;56057;ALFREDO CHAVES;12;24;1147;;4;FEMININO;3;CASADO;3034;30 a 34 anos                  ;3;ENSINO FUNDAMENTAL INCOMPLETO;-3;#NE;-3;#NE;-3;#NE;-3;#NE;Obrigatório;4;0;0;0
13/04/2021;19:37:12;2012;ES;56057;ALFREDO CHAVES;12;24;1147;;4;FEMININO;3;CASADO;3034;30 a 34 anos                  ;4;ENSINO FUNDAMENTAL COMPLETO;-3;#NE;-3;#NE;-3;#NE;-3;#NE;Obrigatório;1;0;0;0
13/04/2021;19:37:12;2012;ES;56057;ALFREDO CHAVES;12;24;1147;;4;FEMININO;3;CASADO;3034;30 a 34 anos                  ;6;ENSINO MÉDIO COMPLETO;-3;#NE;-3;#NE;-3;#NE;-3;#NE;Obrigatório;1;0;0;0
13/04/2021;19:37:12;2012;ES;56057;ALFREDO CHAVES;12;24;1147;;4;FEMININO;3;CASADO;3539;35 a 39 anos                  ;3;ENSINO FUNDAMENTAL INCOMPLETO;-3;#NE;-3;#NE;-3;#NE;-3;#NE;Obrigatório;6;0;0;0
13/04/2021;19:37:12;2012;ES;56057;ALFREDO CHAVES;12;24;1147;;4;FEMININO;3;CASADO;3539;35 a 39 anos                  ;7;SUPERIOR INCOMPLETO;-3;#NE;-3;#NE;-3;#NE;-3;#NE;Obrigatório;1;0;0;0
13/04/2021;19:37:12;2012;ES;56057;ALFREDO CHAVES;12;19;1104;;4;FEMININO;1;SOLTEIRO;5054;50 a 54 anos                  ;3;ENSINO FUNDAMENTAL INCOMPLETO;-3;#NE;-3;#NE;-3;#NE;-3;#NE;Obrigatório;1;0;0;0
13/04/2021;19:37:12;2012;ES;56057;ALFREDO CHAVES;12;19;1104;;4;FEMININO;3;CASADO;1700;17 anos                       ;5;ENSINO MÉDIO INCOMPLETO;-3;#NE;-3;#NE;-3;#NE;-3;#NE;Facultativo;1;0;0;0
13/04/2021;19:37:12;2012;ES;56057;ALFREDO CHAVES;12;24;1147;;4;FEMININO;3;CASADO;4044;40 a 44 anos                  ;3;ENSINO FUNDAMENTAL INCOMPLETO;-3;#NE;-3;#NE;-3;#NE;-3;#NE;Obrigatório;2;0;0;0
13/04/2021;19:37:12;2012;ES;56057;ALFREDO CHAVES;12;24;1147;;4;FEMININO;3;CASADO;4549;45 a 49 anos                  ;3;ENSINO FUNDAMENTAL INCOMPLETO;-3;#NE;-3;#NE;-3;#NE;-3;#NE;Obrigatório;3;0;0;0
13/04/2021;19:37:12;2012;ES;56057;ALFREDO CHAVES;12;24;1147;;4;FEMININO;3;CASADO;5054;50 a 54 anos                  ;3;ENSINO FUNDAMENTAL INCOMPLETO;-3;#NE;-3;#NE;-3;#NE;-3;#NE;Obrigatório;8;0;0;0
13/04/2021;19:37:12;2012;ES;56057;ALFREDO CHAVES;12;24;1147;;4;FEMININO;3;CASADO;5054;50 a 54 anos                  ;6;ENSINO MÉDIO COMPLETO;-3;#NE;-3;#NE;-3;#NE;-3;#NE;Obrigatório;2;0;0;0
13/04/2021;19:37:12;2012;ES;56057;ALFREDO CHAVES;12;20;1112;;2;MASCULINO;1;SOLTEIRO;2529;25 a 29 anos                  ;4;ENSINO FUNDAMENTAL COMPLETO;-3;#NE;-3;#NE;-3;#NE;-3;#NE;Obrigatório;2;0;0;0
13/04/2021;19:37:12;2012;ES;56057;ALFREDO CHAVES;12;20;1112;;2;MASCULINO;1;SOLTEIRO;3034;30 a 34 anos                  ;3;ENSINO FUNDAMENTAL INCOMPLETO;-3;#NE;-3;#NE;-3;#NE;-3;#NE;Obrigatório;9;0;0;0
13/04/2021;19:37:12;2012;ES;56057;ALFREDO CHAVES;12;20;1112;;2;MASCULINO;1;SOLTEIRO;3034;30 a 34 anos                  ;8;SUPERIOR COMPLETO;-3;#NE;-3;#NE;-3;#NE;-3;#NE;Obrigatório;1;0;0;0
13/04/2021;19:37:12;2012;ES;56057;ALFREDO CHAVES;12;20;1112;;2;MASCULINO;1;SOLTEIRO;3539;35 a 39 anos                  ;5;ENSINO MÉDIO INCOMPLETO;-3;#NE;-3;#NE;-3;#NE;-3;#NE;Obrigatório;2;0;0;0
13/04/2021;19:37:12;2012;ES;56057;ALFREDO CHAVES;12;20;1112;;2;MASCULINO;1;SOLTEIRO;4549;45 a 49 anos                  ;4;ENSINO FUNDAMENTAL COMPLETO;-3;#NE;-3;#NE;-3;#NE;-3;#NE;Obrigatório;2;0;0;0
13/04/2021;19:37:12;2012;ES;56057;ALFREDO CHAVES;12;20;1112;;2;MASCULINO;1;SOLTEIRO;6064;60 a 64 anos                  ;1;ANALFABETO;-3;#NE;-3;#NE;-3;#NE;-3;#NE;Facultativo;1;0;0;0
13/04/2021;19:37:12;2012;ES;56057;ALFREDO CHAVES;12;20;1112;;2;MASCULINO;3;CASADO;3539;35 a 39 anos                  ;5;ENSINO MÉDIO INCOMPLETO;-3;#NE;-3;#NE;-3;#NE;-3;#NE;Obrigatório;1;0;0;0
13/04/2021;19:37:12;2012;ES;56057;ALFREDO CHAVES;12;20;1112;;2;MASCULINO;3;CASADO;4044;40 a 44 anos                  ;6;ENSINO MÉDIO COMPLETO;-3;#NE;-3;#NE;-3;#NE;-3;#NE;Obrigatório;2;0;0;0
13/04/2021;19:37:12;2012;ES;56057;ALFREDO CHAVES;12;20;1112;;2;MASCULINO;3;CASADO;5054;50 a 54 anos                  ;2;LÊ E ESCREVE;-3;#NE;-3;#NE;-3;#NE;-3;#NE;Obrigatório;2;0;0;0
13/04/2021;19:37:12;2012;ES;56057;ALFREDO CHAVES;12;20;1112;;2;MASCULINO;3;CASADO;5559;55 a 59 anos                  ;3;ENSINO FUNDAMENTAL INCOMPLETO;-3;#NE;-3;#NE;-3;#NE;-3;#NE;Obrigatório;7;0;0;0
13/04/2021;19:37:12;2012;ES;56057;ALFREDO CHAVES;12;20;1112;;2;MASCULINO;3;CASADO;6064;60 a 64 anos                  ;3;ENSINO FUNDAMENTAL INCOMPLETO;-3;#NE;-3;#NE;-3;#NE;-3;#NE;Obrigatório;5;0;0;0
13/04/2021;19:37:12;2012;ES;56057;ALFREDO CHAVES;12;20;1112;;2;MASCULINO;3;CASADO;6569;65 a 69 anos                  ;2;LÊ E ESCREVE;-3;#NE;-3;#NE;-3;#NE;-3;#NE;Obrigatório;1;0;0;0
13/04/2021;19:37:12;2012;ES;56057;ALFREDO CHAVES;12;20;1112;;2;MASCULINO;3;CASADO;7074;70 a 74 anos                  ;8;SUPERIOR COMPLETO;-3;#NE;-3;#NE;-3;#NE;-3;#NE;Facultativo;2;0;0;0
13/04/2021;19:37:12;2012;ES;56057;ALFREDO CHAVES;12;20;1112;;4;FEMININO;1;SOLTEIRO;5054;50 a 54 anos                  ;3;ENSINO FUNDAMENTAL INCOMPLETO;-3;#NE;-3;#NE;-3;#NE;-3;#NE;Obrigatório;2;0;0;0
13/04/2021;19:37:12;2012;ES;56057;ALFREDO CHAVES;12;20;1112;;4;FEMININO;3;CASADO;2529;25 a 29 anos                  ;6;ENSINO MÉDIO COMPLETO;-3;#NE;-3;#NE;-3;#NE;-3;#NE;Obrigatório;2;0;0;0
13/04/2021;19:37:12;2012;ES;56057;ALFREDO CHAVES;12;20;1112;;4;FEMININO;3;CASADO;3034;30 a 34 anos                  ;8;SUPERIOR COMPLETO;-3;#NE;-3;#NE;-3;#NE;-3;#NE;Obrigatório;2;0;0;0
13/04/2021;19:37:12;2012;ES;56057;ALFREDO CHAVES;12;20;1112;;4;FEMININO;3;CASADO;4044;40 a 44 anos                  ;3;ENSINO FUNDAMENTAL INCOMPLETO;-3;#NE;-3;#NE;-3;#NE;-3;#NE;Obrigatório;2;0;0;0
13/04/2021;19:37:12;2012;ES;56057;ALFREDO CHAVES;12;20;1112;;4;FEMININO;3;CASADO;5054;50 a 54 anos                  ;2;LÊ E ESCREVE;-3;#NE;-3;#NE;-3;#NE;-3;#NE;Obrigatório;2;0;0;0
13/04/2021;19:37:12;2012;ES;56057;ALFREDO CHAVES;12;20;1112;;4;FEMININO;3;CASADO;5559;55 a 59 anos                  ;3;ENSINO FUNDAMENTAL INCOMPLETO;-3;#NE;-3;#NE;-3;#NE;-3;#NE;Obrigatório;10;0;0;0
13/04/2021;19:37:12;2012;ES;56057;ALFREDO CHAVES;12;20;1112;;4;FEMININO;3;CASADO;6569;65 a 69 anos                  ;2;LÊ E ESCREVE;-3;#NE;-3;#NE;-3;#NE;-3;#NE;Obrigatório;1;0;0;0
13/04/2021;19:37:12;2012;ES;56057;ALFREDO CHAVES;12;20;1112;;4;FEMININO;3;CASADO;7074;70 a 74 anos                  ;2;LÊ E ESCREVE;-3;#NE;-3;#NE;-3;#NE;-3;#NE;Facultativo;1;0;0;0
13/04/2021;19:37:12;2012;ES;56057;ALFREDO CHAVES;12;20;1112;;4;FEMININO;3;CASADO;7579;75 a 79 anos                  ;3;ENSINO FUNDAMENTAL INCOMPLETO;-3;#NE;-3;#NE;-3;#NE;-3;#NE;Facultativo;1;0;0;0
13/04/2021;19:37:12;2012;ES;56057;ALFREDO CHAVES;12;20;1112;;4;FEMININO;5;VIÚVO;6064;60 a 64 anos                  ;6;ENSINO MÉDIO COMPLETO;-3;#NE;-3;#NE;-3;#NE;-3;#NE;Obrigatório;1;0;0;0
13/04/2021;19:37:12;2012;ES;56057;ALFREDO CHAVES;12;21;1120;;2;MASCULINO;0;NÃO INFORMADO;6569;65 a 69 anos                  ;1;ANALFABETO;-3;#NE;-3;#NE;-3;#NE;-3;#NE;Facultativo;1;0;0;0
13/04/2021;19:37:12;2012;ES;56057;ALFREDO CHAVES;12;21;1120;;2;MASCULINO;1;SOLTEIRO;1800;18 anos                       ;3;ENSINO FUNDAMENTAL INCOMPLETO;-3;#NE;-3;#NE;-3;#NE;-3;#NE;Obrigatório;2;0;0;0
13/04/2021;19:37:12;2012;ES;56057;ALFREDO CHAVES;12;21;1120;;2;MASCULINO;1;SOLTEIRO;2000;20 anos                       ;4;ENSINO FUNDAMENTAL COMPLETO;-3;#NE;-3;#NE;-3;#NE;-3;#NE;Obrigatório;1;0;0;0
13/04/2021;19:37:12;2012;ES;56057;ALFREDO CHAVES;12;21;1120;;2;MASCULINO;3;CASADO;5559;55 a 59 anos                  ;2;LÊ E ESCREVE;-3;#NE;-3;#NE;-3;#NE;-3;#NE;Obrigatório;2;0;0;0
13/04/2021;19:37:12;2012;ES;56057;ALFREDO CHAVES;12;21;1120;;2;MASCULINO;3;CASADO;6064;60 a 64 anos                  ;2;LÊ E ESCREVE;-3;#NE;-3;#NE;-3;#NE;-3;#NE;Obrigatório;4;0;0;0
13/04/2021;19:37:12;2012;ES;56057;ALFREDO CHAVES;12;21;1120;;2;MASCULINO;3;CASADO;6569;65 a 69 anos                  ;2;LÊ E ESCREVE;-3;#NE;-3;#NE;-3;#NE;-3;#NE;Obrigatório;4;0;0;0
13/04/2021;19:37:12;2012;ES;56057;ALFREDO CHAVES;12;21;1120;;2;MASCULINO;3;CASADO;7579;75 a 79 anos                  ;2;LÊ E ESCREVE;-3;#NE;-3;#NE;-3;#NE;-3;#NE;Facultativo;2;0;0;0
13/04/2021;19:37:12;2012;ES;56057;ALFREDO CHAVES;12;21;1120;;2;MASCULINO;3;CASADO;8589;85 a 89 anos                  ;2;LÊ E ESCREVE;-3;#NE;-3;#NE;-3;#NE;-3;#NE;Facultativo;2;0;0;0
13/04/2021;19:37:12;2012;ES;56057;ALFREDO CHAVES;12;21;1120;;2;MASCULINO;9;DIVORCIADO;5054;50 a 54 anos                  ;3;ENSINO FUNDAMENTAL INCOMPLETO;-3;#NE;-3;#NE;-3;#NE;-3;#NE;Obrigatório;1;0;0;0
13/04/2021;19:37:12;2012;ES;56057;ALFREDO CHAVES;12;21;1120;;4;FEMININO;1;SOLTEIRO;2000;20 anos                       ;3;ENSINO FUNDAMENTAL INCOMPLETO;-3;#NE;-3;#NE;-3;#NE;-3;#NE;Obrigatório;1;0;0;0
13/04/2021;19:37:12;2012;ES;56057;ALFREDO CHAVES;12;21;1120;;4;FEMININO;1;SOLTEIRO;2124;21 a 24 anos                  ;5;ENSINO MÉDIO INCOMPLETO;-3;#NE;-3;#NE;-3;#NE;-3;#NE;Obrigatório;6;0;0;0
13/04/2021;19:37:12;2012;ES;56057;ALFREDO CHAVES;12;21;1120;;4;FEMININO;1;SOLTEIRO;2529;25 a 29 anos                  ;5;ENSINO MÉDIO INCOMPLETO;-3;#NE;-3;#NE;-3;#NE;-3;#NE;Obrigatório;8;0;0;0
13/04/2021;19:37:12;2012;ES;56057;ALFREDO CHAVES;12;21;1120;;4;FEMININO;1;SOLTEIRO;3034;30 a 34 anos                  ;7;SUPERIOR INCOMPLETO;-3;#NE;-3;#NE;-3;#NE;-3;#NE;Obrigatório;1;0;0;0
13/04/2021;19:37:12;2012;ES;56057;ALFREDO CHAVES;12;21;1120;;4;FEMININO;1;SOLTEIRO;4044;40 a 44 anos                  ;3;ENSINO FUNDAMENTAL INCOMPLETO;-3;#NE;-3;#NE;-3;#NE;-3;#NE;Obrigatório;5;0;0;0
13/04/2021;19:37:12;2012;ES;56057;ALFREDO CHAVES;12;21;1120;;4;FEMININO;3;CASADO;2124;21 a 24 anos                  ;3;ENSINO FUNDAMENTAL INCOMPLETO;-3;#NE;-3;#NE;-3;#NE;-3;#NE;Obrigatório;2;0;0;0
13/04/2021;19:37:12;2012;ES;56057;ALFREDO CHAVES;12;22;1139;;2;MASCULINO;1;SOLTEIRO;2124;21 a 24 anos                  ;3;ENSINO FUNDAMENTAL INCOMPLETO;-3;#NE;-3;#NE;-3;#NE;-3;#NE;Obrigatório;4;0;0;0
13/04/2021;19:37:12;2012;ES;56057;ALFREDO CHAVES;12;22;1139;;2;MASCULINO;1;SOLTEIRO;2124;21 a 24 anos                  ;7;SUPERIOR INCOMPLETO;-3;#NE;-3;#NE;-3;#NE;-3;#NE;Obrigatório;1;0;0;0
13/04/2021;19:37:12;2012;ES;56057;ALFREDO CHAVES;12;22;1139;;2;MASCULINO;1;SOLTEIRO;3034;30 a 34 anos                  ;3;ENSINO FUNDAMENTAL INCOMPLETO;-3;#NE;-3;#NE;-3;#NE;-3;#NE;Obrigatório;8;0;0;0
13/04/2021;19:37:12;2012;ES;56057;ALFREDO CHAVES;12;22;1139;;2;MASCULINO;1;SOLTEIRO;3539;35 a 39 anos                  ;3;ENSINO FUNDAMENTAL INCOMPLETO;-3;#NE;-3;#NE;-3;#NE;-3;#NE;Obrigatório;5;0;0;0
13/04/2021;19:37:12;2012;ES;56057;ALFREDO CHAVES;12;22;1139;;2;MASCULINO;1;SOLTEIRO;4044;40 a 44 anos                  ;5;ENSINO MÉDIO INCOMPLETO;-3;#NE;-3;#NE;-3;#NE;-3;#NE;Obrigatório;3;0;0;0
13/04/2021;19:37:12;2012;ES;56057;ALFREDO CHAVES;12;22;1139;;2;MASCULINO;1;SOLTEIRO;4549;45 a 49 anos                  ;4;ENSINO FUNDAMENTAL COMPLETO;-3;#NE;-3;#NE;-3;#NE;-3;#NE;Obrigatório;6;0;0;0
13/04/2021;19:37:12;2012;ES;56057;ALFREDO CHAVES;12;22;1139;;2;MASCULINO;1;SOLTEIRO;5054;50 a 54 anos                  ;2;LÊ E ESCREVE;-3;#NE;-3;#NE;-3;#NE;-3;#NE;Obrigatório;1;0;0;0
13/04/2021;19:37:12;2012;ES;56057;ALFREDO CHAVES;12;22;1139;;2;MASCULINO;1;SOLTEIRO;5559;55 a 59 anos                  ;0;NÃO INFORMADO;-3;#NE;-3;#NE;-3;#NE;-3;#NE;Obrigatório;1;0;0;0
13/04/2021;19:37:12;2012;ES;56057;ALFREDO CHAVES;12;22;1139;;2;MASCULINO;1;SOLTEIRO;8084;80 a 84 anos                  ;2;LÊ E ESCREVE;-3;#NE;-3;#NE;-3;#NE;-3;#NE;Facultativo;1;0;0;0
13/04/2021;19:37:12;2012;ES;56057;ALFREDO CHAVES;12;22;1139;;2;MASCULINO;3;CASADO;3539;35 a 39 anos                  ;7;SUPERIOR INCOMPLETO;-3;#NE;-3;#NE;-3;#NE;-3;#NE;Obrigatório;1;0;0;0
13/04/2021;19:37:12;2012;ES;56057;ALFREDO CHAVES;12;22;1139;;2;MASCULINO;3;CASADO;4549;45 a 49 anos                  ;3;ENSINO FUNDAMENTAL INCOMPLETO;-3;#NE;-3;#NE;-3;#NE;-3;#NE;Obrigatório;1;0;0;0
13/04/2021;19:37:12;2012;ES;56057;ALFREDO CHAVES;12;22;1139;;2;MASCULINO;3;CASADO;5559;55 a 59 anos                  ;1;ANALFABETO;-3;#NE;-3;#NE;-3;#NE;-3;#NE;Facultativo;1;0;0;0
13/04/2021;19:37:12;2012;ES;56057;ALFREDO CHAVES;12;22;1139;;4;FEMININO;1;SOLTEIRO;1900;19 anos                       ;5;ENSINO MÉDIO INCOMPLETO;-3;#NE;-3;#NE;-3;#NE;-3;#NE;Obrigatório;1;0;0;0
13/04/2021;19:37:12;2012;ES;56057;ALFREDO CHAVES;12;22;1139;;4;FEMININO;1;SOLTEIRO;2124;21 a 24 anos                  ;5;ENSINO MÉDIO INCOMPLETO;-3;#NE;-3;#NE;-3;#NE;-3;#NE;Obrigatório;8;0;0;0
13/04/2021;19:37:12;2012;ES;56057;ALFREDO CHAVES;12;22;1139;;4;FEMININO;1;SOLTEIRO;2529;25 a 29 anos                  ;5;ENSINO MÉDIO INCOMPLETO;-3;#NE;-3;#NE;-3;#NE;-3;#NE;Obrigatório;9;0;0;0
13/04/2021;19:37:12;2012;ES;56057;ALFREDO CHAVES;12;22;1139;;4;FEMININO;1;SOLTEIRO;3034;30 a 34 anos                  ;6;ENSINO MÉDIO COMPLETO;-3;#NE;-3;#NE;-3;#NE;-3;#NE;Obrigatório;1;0;0;0
13/04/2021;19:37:12;2012;ES;56057;ALFREDO CHAVES;12;13;1058;;4;FEMININO;1;SOLTEIRO;1600;16 anos                       ;5;ENSINO MÉDIO INCOMPLETO;-3;#NE;-3;#NE;-3;#NE;-3;#NE;Facultativo;2;0;0;0
13/04/2021;19:37:12;2012;ES;56057;ALFREDO CHAVES;12;13;1058;;4;FEMININO;1;SOLTEIRO;1900;19 anos                       ;6;ENSINO MÉDIO COMPLETO;-3;#NE;-3;#NE;-3;#NE;-3;#NE;Obrigatório;1;0;0;0
13/04/2021;19:37:12;2012;ES;56057;ALFREDO CHAVES;12;13;1058;;4;FEMININO;1;SOLTEIRO;2124;21 a 24 anos                  ;3;ENSINO FUNDAMENTAL INCOMPLETO;-3;#NE;-3;#NE;-3;#NE;-3;#NE;Obrigatório;1;0;0;0
13/04/2021;19:37:12;2012;ES;56057;ALFREDO CHAVES;12;13;1058;;4;FEMININO;1;SOLTEIRO;2529;25 a 29 anos                  ;6;ENSINO MÉDIO COMPLETO;-3;#NE;-3;#NE;-3;#NE;-3;#NE;Obrigatório;1;0;0;0
13/04/2021;19:37:12;2012;ES;56057;ALFREDO CHAVES;12;13;1058;;4;FEMININO;1;SOLTEIRO;3034;30 a 34 anos                  ;6;ENSINO MÉDIO COMPLETO;-3;#NE;-3;#NE;-3;#NE;-3;#NE;Obrigatório;2;0;0;0
13/04/2021;19:37:12;2012;ES;56057;ALFREDO CHAVES;12;13;1058;;4;FEMININO;3;CASADO;5559;55 a 59 anos                  ;4;ENSINO FUNDAMENTAL COMPLETO;-3;#NE;-3;#NE;-3;#NE;-3;#NE;Obrigatório;1;0;0;0
13/04/2021;19:37:12;2012;ES;56057;ALFREDO CHAVES;12;13;1058;;4;FEMININO;3;CASADO;6064;60 a 64 anos                  ;3;ENSINO FUNDAMENTAL INCOMPLETO;-3;#NE;-3;#NE;-3;#NE;-3;#NE;Obrigatório;5;0;0;0
13/04/2021;19:37:12;2012;ES;56057;ALFREDO CHAVES;12;13;1058;;4;FEMININO;3;CASADO;6569;65 a 69 anos                  ;3;ENSINO FUNDAMENTAL INCOMPLETO;-3;#NE;-3;#NE;-3;#NE;-3;#NE;Obrigatório;4;0;0;0
13/04/2021;19:37:12;2012;ES;56057;ALFREDO CHAVES;12;13;1058;;4;FEMININO;3;CASADO;7579;75 a 79 anos                  ;3;ENSINO FUNDAMENTAL INCOMPLETO;-3;#NE;-3;#NE;-3;#NE;-3;#NE;Facultativo;2;0;0;0
13/04/2021;19:37:12;2012;ES;56057;ALFREDO CHAVES;12;13;1058;;4;FEMININO;7;SEPARADO JUDICIALMENTE;6569;65 a 69 anos                  ;3;ENSINO FUNDAMENTAL INCOMPLETO;-3;#NE;-3;#NE;-3;#NE;-3;#NE;Obrigatório;1;0;0;0
13/04/2021;19:37:12;2012;ES;56057;ALFREDO CHAVES;12;14;1066;;2;MASCULINO;1;SOLTEIRO;1900;19 anos                       ;6;ENSINO MÉDIO COMPLETO;-3;#NE;-3;#NE;-3;#NE;-3;#NE;Obrigatório;1;0;0;0
13/04/2021;19:37:12;2012;ES;56057;ALFREDO CHAVES;12;14;1066;;2;MASCULINO;1;SOLTEIRO;2124;21 a 24 anos                  ;5;ENSINO MÉDIO INCOMPLETO;-3;#NE;-3;#NE;-3;#NE;-3;#NE;Obrigatório;9;0;0;0
13/04/2021;19:37:12;2012;ES;56057;ALFREDO CHAVES;12;14;1066;;2;MASCULINO;1;SOLTEIRO;2529;25 a 29 anos                  ;6;ENSINO MÉDIO COMPLETO;-3;#NE;-3;#NE;-3;#NE;-3;#NE;Obrigatório;1;0;0;0
13/04/2021;19:37:12;2012;ES;56057;ALFREDO CHAVES;12;14;1066;;2;MASCULINO;1;SOLTEIRO;3034;30 a 34 anos                  ;5;ENSINO MÉDIO INCOMPLETO;-3;#NE;-3;#NE;-3;#NE;-3;#NE;Obrigatório;2;0;0;0
13/04/2021;19:37:12;2012;ES;56057;ALFREDO CHAVES;12;14;1066;;2;MASCULINO;1;SOLTEIRO;4044;40 a 44 anos                  ;4;ENSINO FUNDAMENTAL COMPLETO;-3;#NE;-3;#NE;-3;#NE;-3;#NE;Obrigatório;3;0;0;0
13/04/2021;19:37:12;2012;ES;56057;ALFREDO CHAVES;12;14;1066;;2;MASCULINO;1;SOLTEIRO;4549;45 a 49 anos                  ;6;ENSINO MÉDIO COMPLETO;-3;#NE;-3;#NE;-3;#NE;-3;#NE;Obrigatório;1;0;0;0
13/04/2021;19:37:12;2012;ES;56057;ALFREDO CHAVES;12;14;1066;;2;MASCULINO;1;SOLTEIRO;5054;50 a 54 anos                  ;7;SUPERIOR INCOMPLETO;-3;#NE;-3;#NE;-3;#NE;-3;#NE;Obrigatório;1;0;0;0
13/04/2021;19:37:12;2012;ES;56057;ALFREDO CHAVES;12;14;1066;;4;FEMININO;1;SOLTEIRO;2529;25 a 29 anos                  ;3;ENSINO FUNDAMENTAL INCOMPLETO;-3;#NE;-3;#NE;-3;#NE;-3;#NE;Obrigatório;1;0;0;0
13/04/2021;19:37:12;2012;ES;56057;ALFREDO CHAVES;12;14;1066;;4;FEMININO;1;SOLTEIRO;3034;30 a 34 anos                  ;3;ENSINO FUNDAMENTAL INCOMPLETO;-3;#NE;-3;#NE;-3;#NE;-3;#NE;Obrigatório;5;0;0;0
13/04/2021;19:37:12;2012;ES;56057;ALFREDO CHAVES;12;14;1066;;4;FEMININO;1;SOLTEIRO;3539;35 a 39 anos                  ;4;ENSINO FUNDAMENTAL COMPLETO;-3;#NE;-3;#NE;-3;#NE;-3;#NE;Obrigatório;1;0;0;0
13/04/2021;19:37:12;2012;ES;56057;ALFREDO CHAVES;12;14;1066;;4;FEMININO;1;SOLTEIRO;4549;45 a 49 anos                  ;3;ENSINO FUNDAMENTAL INCOMPLETO;-3;#NE;-3;#NE;-3;#NE;-3;#NE;Obrigatório;1;0;0;0
13/04/2021;19:37:12;2012;ES;56057;ALFREDO CHAVES;12;14;1066;;4;FEMININO;1;SOLTEIRO;8084;80 a 84 anos                  ;2;LÊ E ESCREVE;-3;#NE;-3;#NE;-3;#NE;-3;#NE;Facultativo;1;0;0;0
13/04/2021;19:37:12;2012;ES;56057;ALFREDO CHAVES;12;14;1066;;4;FEMININO;3;CASADO;3539;35 a 39 anos                  ;3;ENSINO FUNDAMENTAL INCOMPLETO;-3;#NE;-3;#NE;-3;#NE;-3;#NE;Obrigatório;2;0;0;0
13/04/2021;19:37:12;2012;ES;56057;ALFREDO CHAVES;12;14;1066;;4;FEMININO;3;CASADO;4044;40 a 44 anos                  ;4;ENSINO FUNDAMENTAL COMPLETO;-3;#NE;-3;#NE;-3;#NE;-3;#NE;Obrigatório;1;0;0;0
13/04/2021;19:37:12;2012;ES;56057;ALFREDO CHAVES;12;14;1066;;4;FEMININO;3;CASADO;4549;45 a 49 anos                  ;6;ENSINO MÉDIO COMPLETO;-3;#NE;-3;#NE;-3;#NE;-3;#NE;Obrigatório;1;0;0;0
13/04/2021;19:37:12;2012;ES;56057;ALFREDO CHAVES;12;14;1066;;4;FEMININO;3;CASADO;5559;55 a 59 anos                  ;2;LÊ E ESCREVE;-3;#NE;-3;#NE;-3;#NE;-3;#NE;Obrigatório;1;0;0;0
13/04/2021;19:37:12;2012;ES;56057;ALFREDO CHAVES;12;14;1066;;4;FEMININO;3;CASADO;6064;60 a 64 anos                  ;3;ENSINO FUNDAMENTAL INCOMPLETO;-3;#NE;-3;#NE;-3;#NE;-3;#NE;Obrigatório;4;0;0;0
13/04/2021;19:37:12;2012;ES;56057;ALFREDO CHAVES;12;14;1066;;4;FEMININO;3;CASADO;7074;70 a 74 anos                  ;3;ENSINO FUNDAMENTAL INCOMPLETO;-3;#NE;-3;#NE;-3;#NE;-3;#NE;Facultativo;1;0;0;0
13/04/2021;19:37:12;2012;ES;56057;ALFREDO CHAVES;12;14;1066;;4;FEMININO;3;CASADO;8589;85 a 89 anos                  ;3;ENSINO FUNDAMENTAL INCOMPLETO;-3;#NE;-3;#NE;-3;#NE;-3;#NE;Facultativo;1;0;0;0
13/04/2021;19:37:12;2012;ES;56057;ALFREDO CHAVES;12;15;1074;;2;MASCULINO;3;CASADO;5559;55 a 59 anos                  ;3;ENSINO FUNDAMENTAL INCOMPLETO;-3;#NE;-3;#NE;-3;#NE;-3;#NE;Obrigatório;7;0;0;0
13/04/2021;19:37:12;2012;ES;56057;ALFREDO CHAVES;12;15;1074;;2;MASCULINO;3;CASADO;6569;65 a 69 anos                  ;2;LÊ E ESCREVE;-3;#NE;-3;#NE;-3;#NE;-3;#NE;Obrigatório;4;0;0;0
13/04/2021;19:37:12;2012;ES;56057;ALFREDO CHAVES;12;15;1074;;2;MASCULINO;3;CASADO;7579;75 a 79 anos                  ;1;ANALFABETO;-3;#NE;-3;#NE;-3;#NE;-3;#NE;Facultativo;1;0;0;0
13/04/2021;19:37:12;2012;ES;56057;ALFREDO CHAVES;12;15;1074;;2;MASCULINO;3;CASADO;8589;85 a 89 anos                  ;1;ANALFABETO;-3;#NE;-3;#NE;-3;#NE;-3;#NE;Facultativo;1;0;0;0
13/04/2021;19:37:12;2012;ES;56057;ALFREDO CHAVES;12;15;1074;;2;MASCULINO;5;VIÚVO;9094;90 a 94 anos                  ;2;LÊ E ESCREVE;-3;#NE;-3;#NE;-3;#NE;-3;#NE;Facultativo;1;0;0;0
13/04/2021;19:37:12;2012;ES;56057;ALFREDO CHAVES;12;15;1074;;4;FEMININO;1;SOLTEIRO;1600;16 anos                       ;5;ENSINO MÉDIO INCOMPLETO;-3;#NE;-3;#NE;-3;#NE;-3;#NE;Facultativo;1;0;0;0
13/04/2021;19:37:12;2012;ES;56057;ALFREDO CHAVES;12;23;1139;;4;FEMININO;3;CASADO;6569;65 a 69 anos                  ;3;ENSINO FUNDAMENTAL INCOMPLETO;-3;#NE;-3;#NE;-3;#NE;-3;#NE;Obrigatório;5;0;0;0
13/04/2021;19:37:12;2012;ES;56057;ALFREDO CHAVES;12;23;1139;;4;FEMININO;3;CASADO;7579;75 a 79 anos                  ;2;LÊ E ESCREVE;-3;#NE;-3;#NE;-3;#NE;-3;#NE;Facultativo;2;0;0;0
13/04/2021;19:37:12;2012;ES;56057;ALFREDO CHAVES;12;23;1139;;4;FEMININO;3;CASADO;8084;80 a 84 anos                  ;1;ANALFABETO;-3;#NE;-3;#NE;-3;#NE;-3;#NE;Facultativo;1;0;0;0
13/04/2021;19:37:12;2012;ES;56057;ALFREDO CHAVES;12;24;1147;;2;MASCULINO;1;SOLTEIRO;4549;45 a 49 anos                  ;6;ENSINO MÉDIO COMPLETO;-3;#NE;-3;#NE;-3;#NE;-3;#NE;Obrigatório;1;0;0;0
13/04/2021;19:37:12;2012;ES;56057;ALFREDO CHAVES;12;24;1147;;2;MASCULINO;1;SOLTEIRO;6064;60 a 64 anos                  ;1;ANALFABETO;-3;#NE;-3;#NE;-3;#NE;-3;#NE;Facultativo;1;0;0;0
13/04/2021;19:37:12;2012;ES;56057;ALFREDO CHAVES;12;24;1147;;2;MASCULINO;1;SOLTEIRO;6569;65 a 69 anos                  ;3;ENSINO FUNDAMENTAL INCOMPLETO;-3;#NE;-3;#NE;-3;#NE;-3;#NE;Obrigatório;1;0;0;0
13/04/2021;19:37:12;2012;ES;56057;ALFREDO CHAVES;12;24;1147;;2;MASCULINO;3;CASADO;3034;30 a 34 anos                  ;7;SUPERIOR INCOMPLETO;-3;#NE;-3;#NE;-3;#NE;-3;#NE;Obrigatório;1;0;0;0
13/04/2021;19:37:12;2012;ES;56057;ALFREDO CHAVES;12;24;1147;;2;MASCULINO;3;CASADO;4044;40 a 44 anos                  ;5;ENSINO MÉDIO INCOMPLETO;-3;#NE;-3;#NE;-3;#NE;-3;#NE;Obrigatório;1;0;0;0
13/04/2021;19:37:12;2012;ES;56057;ALFREDO CHAVES;12;24;1147;;2;MASCULINO;3;CASADO;5559;55 a 59 anos                  ;2;LÊ E ESCREVE;-3;#NE;-3;#NE;-3;#NE;-3;#NE;Obrigatório;2;0;0;0
13/04/2021;19:37:12;2012;ES;56057;ALFREDO CHAVES;12;24;1147;;2;MASCULINO;3;CASADO;6569;65 a 69 anos                  ;3;ENSINO FUNDAMENTAL INCOMPLETO;-3;#NE;-3;#NE;-3;#NE;-3;#NE;Obrigatório;7;0;0;0
13/04/2021;19:37:12;2012;ES;56057;ALFREDO CHAVES;12;24;1147;;2;MASCULINO;3;CASADO;7579;75 a 79 anos                  ;3;ENSINO FUNDAMENTAL INCOMPLETO;-3;#NE;-3;#NE;-3;#NE;-3;#NE;Facultativo;3;0;0;0
13/04/2021;19:37:12;2012;ES;56057;ALFREDO CHAVES;12;24;1147;;2;MASCULINO;5;VIÚVO;8589;85 a 89 anos                  ;2;LÊ E ESCREVE;-3;#NE;-3;#NE;-3;#NE;-3;#NE;Facultativo;1;0;0;0
13/04/2021;19:37:12;2012;ES;56057;ALFREDO CHAVES;12;24;1147;;4;FEMININO;1;SOLTEIRO;1700;17 anos                       ;6;ENSINO MÉDIO COMPLETO;-3;#NE;-3;#NE;-3;#NE;-3;#NE;Facultativo;1;0;0;0
13/04/2021;19:37:12;2012;ES;56057;ALFREDO CHAVES;12;24;1147;;4;FEMININO;1;SOLTEIRO;2000;20 anos                       ;3;ENSINO FUNDAMENTAL INCOMPLETO;-3;#NE;-3;#NE;-3;#NE;-3;#NE;Obrigatório;1;0;0;0
13/04/2021;19:37:12;2012;ES;56057;ALFREDO CHAVES;12;24;1147;;4;FEMININO;1;SOLTEIRO;2529;25 a 29 anos                  ;3;ENSINO FUNDAMENTAL INCOMPLETO;-3;#NE;-3;#NE;-3;#NE;-3;#NE;Obrigatório;11;0;0;0
13/04/2021;19:37:12;2012;ES;56057;ALFREDO CHAVES;12;24;1147;;4;FEMININO;3;CASADO;7074;70 a 74 anos                  ;2;LÊ E ESCREVE;-3;#NE;-3;#NE;-3;#NE;-3;#NE;Facultativo;1;0;0;0
13/04/2021;19:37:12;2012;ES;56057;ALFREDO CHAVES;12;24;1147;;4;FEMININO;3;CASADO;8589;85 a 89 anos                  ;2;LÊ E ESCREVE;-3;#NE;-3;#NE;-3;#NE;-3;#NE;Facultativo;1;0;0;0
13/04/2021;19:37:12;2012;ES;56057;ALFREDO CHAVES;12;24;1147;;4;FEMININO;9;DIVORCIADO;3034;30 a 34 anos                  ;4;ENSINO FUNDAMENTAL COMPLETO;-3;#NE;-3;#NE;-3;#NE;-3;#NE;Obrigatório;1;0;0;0
13/04/2021;19:37:12;2012;ES;56057;ALFREDO CHAVES;12;25;1155;;2;MASCULINO;1;SOLTEIRO;1600;16 anos                       ;5;ENSINO MÉDIO INCOMPLETO;-3;#NE;-3;#NE;-3;#NE;-3;#NE;Facultativo;1;0;0;0
13/04/2021;19:37:12;2012;ES;56057;ALFREDO CHAVES;12;25;1155;;2;MASCULINO;1;SOLTEIRO;1900;19 anos                       ;5;ENSINO MÉDIO INCOMPLETO;-3;#NE;-3;#NE;-3;#NE;-3;#NE;Obrigatório;3;0;0;0
13/04/2021;19:37:12;2012;ES;56057;ALFREDO CHAVES;12;25;1155;;2;MASCULINO;1;SOLTEIRO;2124;21 a 24 anos                  ;6;ENSINO MÉDIO COMPLETO;-3;#NE;-3;#NE;-3;#NE;-3;#NE;Obrigatório;1;0;0;0
13/04/2021;19:37:12;2012;ES;56057;ALFREDO CHAVES;12;25;1155;;2;MASCULINO;1;SOLTEIRO;2529;25 a 29 anos                  ;6;ENSINO MÉDIO COMPLETO;-3;#NE;-3;#NE;-3;#NE;-3;#NE;Obrigatório;1;0;0;0
13/04/2021;19:37:12;2012;ES;56057;ALFREDO CHAVES;12;25;1155;;2;MASCULINO;1;SOLTEIRO;3539;35 a 39 anos                  ;2;LÊ E ESCREVE;-3;#NE;-3;#NE;-3;#NE;-3;#NE;Obrigatório;1;0;0;0
13/04/2021;19:37:12;2012;ES;56057;ALFREDO CHAVES;12;25;1155;;2;MASCULINO;1;SOLTEIRO;4044;40 a 44 anos                  ;3;ENSINO FUNDAMENTAL INCOMPLETO;-3;#NE;-3;#NE;-3;#NE;-3;#NE;Obrigatório;9;0;0;0
13/04/2021;19:37:12;2012;ES;56057;ALFREDO CHAVES;12;25;1155;;2;MASCULINO;1;SOLTEIRO;4549;45 a 49 anos                  ;4;ENSINO FUNDAMENTAL COMPLETO;-3;#NE;-3;#NE;-3;#NE;-3;#NE;Obrigatório;1;0;0;0
13/04/2021;19:37:12;2012;ES;56057;ALFREDO CHAVES;12;25;1155;;2;MASCULINO;1;SOLTEIRO;5054;50 a 54 anos                  ;4;ENSINO FUNDAMENTAL COMPLETO;-3;#NE;-3;#NE;-3;#NE;-3;#NE;Obrigatório;1;0;0;0
13/04/2021;19:37:12;2012;ES;56057;ALFREDO CHAVES;12;25;1155;;2;MASCULINO;1;SOLTEIRO;6064;60 a 64 anos                  ;3;ENSINO FUNDAMENTAL INCOMPLETO;-3;#NE;-3;#NE;-3;#NE;-3;#NE;Obrigatório;1;0;0;0
13/04/2021;19:37:12;2012;ES;56057;ALFREDO CHAVES;12;25;1155;;2;MASCULINO;3;CASADO;3034;30 a 34 anos                  ;3;ENSINO FUNDAMENTAL INCOMPLETO;-3;#NE;-3;#NE;-3;#NE;-3;#NE;Obrigatório;1;0;0;0
13/04/2021;19:37:12;2012;ES;56057;ALFREDO CHAVES;12;15;1074;;4;FEMININO;3;CASADO;4549;45 a 49 anos                  ;3;ENSINO FUNDAMENTAL INCOMPLETO;-3;#NE;-3;#NE;-3;#NE;-3;#NE;Obrigatório;8;0;0;0
13/04/2021;19:37:12;2012;ES;56057;ALFREDO CHAVES;12;16;1082;;2;MASCULINO;1;SOLTEIRO;3034;30 a 34 anos                  ;5;ENSINO MÉDIO INCOMPLETO;-3;#NE;-3;#NE;-3;#NE;-3;#NE;Obrigatório;2;0;0;0
13/04/2021;19:37:12;2012;ES;56057;ALFREDO CHAVES;12;16;1082;;2;MASCULINO;1;SOLTEIRO;4044;40 a 44 anos                  ;4;ENSINO FUNDAMENTAL COMPLETO;-3;#NE;-3;#NE;-3;#NE;-3;#NE;Obrigatório;1;0;0;0
13/04/2021;19:37:12;2012;ES;56057;ALFREDO CHAVES;12;16;1082;;2;MASCULINO;1;SOLTEIRO;4549;45 a 49 anos                  ;6;ENSINO MÉDIO COMPLETO;-3;#NE;-3;#NE;-3;#NE;-3;#NE;Obrigatório;1;0;0;0
13/04/2021;19:37:12;2012;ES;56057;ALFREDO CHAVES;12;16;1082;;2;MASCULINO;1;SOLTEIRO;5559;55 a 59 anos                  ;3;ENSINO FUNDAMENTAL INCOMPLETO;-3;#NE;-3;#NE;-3;#NE;-3;#NE;Obrigatório;2;0;0;0
13/04/2021;19:37:12;2012;ES;56057;ALFREDO CHAVES;12;16;1082;;2;MASCULINO;3;CASADO;3034;30 a 34 anos                  ;3;ENSINO FUNDAMENTAL INCOMPLETO;-3;#NE;-3;#NE;-3;#NE;-3;#NE;Obrigatório;1;0;0;0
13/04/2021;19:37:12;2012;ES;56057;ALFREDO CHAVES;12;16;1082;;2;MASCULINO;3;CASADO;4044;40 a 44 anos                  ;3;ENSINO FUNDAMENTAL INCOMPLETO;-3;#NE;-3;#NE;-3;#NE;-3;#NE;Obrigatório;1;0;0;0
13/04/2021;19:37:12;2012;ES;56057;ALFREDO CHAVES;12;16;1082;;2;MASCULINO;3;CASADO;5054;50 a 54 anos                  ;6;ENSINO MÉDIO COMPLETO;-3;#NE;-3;#NE;-3;#NE;-3;#NE;Obrigatório;1;0;0;0
13/04/2021;19:37:12;2012;ES;56057;ALFREDO CHAVES;12;16;1082;;2;MASCULINO;3;CASADO;6064;60 a 64 anos                  ;1;ANALFABETO;-3;#NE;-3;#NE;-3;#NE;-3;#NE;Facultativo;1;0;0;0
13/04/2021;19:37:12;2012;ES;56057;ALFREDO CHAVES;12;16;1082;;2;MASCULINO;3;CASADO;6064;60 a 64 anos                  ;4;ENSINO FUNDAMENTAL COMPLETO;-3;#NE;-3;#NE;-3;#NE;-3;#NE;Obrigatório;1;0;0;0
13/04/2021;19:37:12;2012;ES;56057;ALFREDO CHAVES;12;16;1082;;2;MASCULINO;3;CASADO;7579;75 a 79 anos                  ;3;ENSINO FUNDAMENTAL INCOMPLETO;-3;#NE;-3;#NE;-3;#NE;-3;#NE;Facultativo;4;0;0;0
13/04/2021;19:37:12;2012;ES;56057;ALFREDO CHAVES;12;16;1082;;2;MASCULINO;3;CASADO;8589;85 a 89 anos                  ;2;LÊ E ESCREVE;-3;#NE;-3;#NE;-3;#NE;-3;#NE;Facultativo;3;0;0;0
13/04/2021;19:37:12;2012;ES;56057;ALFREDO CHAVES;12;16;1082;;4;FEMININO;1;SOLTEIRO;1900;19 anos                       ;4;ENSINO FUNDAMENTAL COMPLETO;-3;#NE;-3;#NE;-3;#NE;-3;#NE;Obrigatório;1;0;0;0
13/04/2021;19:37:12;2012;ES;56057;ALFREDO CHAVES;12;16;1082;;4;FEMININO;3;CASADO;5054;50 a 54 anos                  ;4;ENSINO FUNDAMENTAL COMPLETO;-3;#NE;-3;#NE;-3;#NE;-3;#NE;Obrigatório;1;0;0;0
13/04/2021;19:37:12;2012;ES;56057;ALFREDO CHAVES;12;16;1082;;4;FEMININO;3;CASADO;6064;60 a 64 anos                  ;2;LÊ E ESCREVE;-3;#NE;-3;#NE;-3;#NE;-3;#NE;Obrigatório;1;0;0;0
13/04/2021;19:37:12;2012;ES;56057;ALFREDO CHAVES;12;16;1082;;4;FEMININO;3;CASADO;6569;65 a 69 anos                  ;3;ENSINO FUNDAMENTAL INCOMPLETO;-3;#NE;-3;#NE;-3;#NE;-3;#NE;Obrigatório;2;0;0;0
13/04/2021;19:37:12;2012;ES;56057;ALFREDO CHAVES;12;16;1082;;4;FEMININO;3;CASADO;7579;75 a 79 anos                  ;2;LÊ E ESCREVE;-3;#NE;-3;#NE;-3;#NE;-3;#NE;Facultativo;1;0;0;0
13/04/2021;19:37:12;2012;ES;56057;ALFREDO CHAVES;12;22;1139;;4;FEMININO;1;SOLTEIRO;3539;35 a 39 anos                  ;8;SUPERIOR COMPLETO;-3;#NE;-3;#NE;-3;#NE;-3;#NE;Obrigatório;1;0;0;0
13/04/2021;19:37:12;2012;ES;56057;ALFREDO CHAVES;12;15;1074;;4;FEMININO;1;SOLTEIRO;2529;25 a 29 anos                  ;6;ENSINO MÉDIO COMPLETO;-3;#NE;-3;#NE;-3;#NE;-3;#NE;Obrigatório;1;0;0;0
13/04/2021;19:37:12;2012;ES;56057;ALFREDO CHAVES;12;15;1074;;4;FEMININO;1;SOLTEIRO;4044;40 a 44 anos                  ;4;ENSINO FUNDAMENTAL COMPLETO;-3;#NE;-3;#NE;-3;#NE;-3;#NE;Obrigatório;1;0;0;0
13/04/2021;19:37:12;2012;ES;56057;ALFREDO CHAVES;12;15;1074;;4;FEMININO;1;SOLTEIRO;5054;50 a 54 anos                  ;6;ENSINO MÉDIO COMPLETO;-3;#NE;-3;#NE;-3;#NE;-3;#NE;Obrigatório;1;0;0;0
13/04/2021;19:37:12;2012;ES;56057;ALFREDO CHAVES;12;15;1074;;4;FEMININO;1;SOLTEIRO;6569;65 a 69 anos                  ;3;ENSINO FUNDAMENTAL INCOMPLETO;-3;#NE;-3;#NE;-3;#NE;-3;#NE;Obrigatório;2;0;0;0
13/04/2021;19:37:12;2012;ES;56057;ALFREDO CHAVES;12;15;1074;;4;FEMININO;3;CASADO;3034;30 a 34 anos                  ;3;ENSINO FUNDAMENTAL INCOMPLETO;-3;#NE;-3;#NE;-3;#NE;-3;#NE;Obrigatório;2;0;0;0
13/04/2021;19:37:12;2012;ES;56057;ALFREDO CHAVES;12;7;1023;;2;MASCULINO;3;CASADO;9094;90 a 94 anos                  ;3;ENSINO FUNDAMENTAL INCOMPLETO;-3;#NE;-3;#NE;-3;#NE;-3;#NE;Facultativo;1;0;0;0
13/04/2021;19:37:12;2012;ES;56057;ALFREDO CHAVES;12;7;1023;;2;MASCULINO;9;DIVORCIADO;4549;45 a 49 anos                  ;6;ENSINO MÉDIO COMPLETO;-3;#NE;-3;#NE;-3;#NE;-3;#NE;Obrigatório;1;0;0;0
13/04/2021;19:37:12;2012;ES;56057;ALFREDO CHAVES;12;7;1023;;4;FEMININO;1;SOLTEIRO;1800;18 anos                       ;5;ENSINO MÉDIO INCOMPLETO;-3;#NE;-3;#NE;-3;#NE;-3;#NE;Obrigatório;4;0;0;0
13/04/2021;19:37:12;2012;ES;56057;ALFREDO CHAVES;12;7;1023;;4;FEMININO;1;SOLTEIRO;1900;19 anos                       ;5;ENSINO MÉDIO INCOMPLETO;-3;#NE;-3;#NE;-3;#NE;-3;#NE;Obrigatório;2;0;0;0
13/04/2021;19:37:12;2012;ES;56057;ALFREDO CHAVES;12;7;1023;;4;FEMININO;3;CASADO;2529;25 a 29 anos                  ;6;ENSINO MÉDIO COMPLETO;-3;#NE;-3;#NE;-3;#NE;-3;#NE;Obrigatório;1;0;0;0
13/04/2021;19:37:12;2012;ES;56057;ALFREDO CHAVES;12;7;1023;;4;FEMININO;3;CASADO;3034;30 a 34 anos                  ;6;ENSINO MÉDIO COMPLETO;-3;#NE;-3;#NE;-3;#NE;-3;#NE;Obrigatório;2;0;0;0
13/04/2021;19:37:12;2012;ES;56057;ALFREDO CHAVES;12;7;1023;;4;FEMININO;3;CASADO;3539;35 a 39 anos                  ;4;ENSINO FUNDAMENTAL COMPLETO;-3;#NE;-3;#NE;-3;#NE;-3;#NE;Obrigatório;1;0;0;0
13/04/2021;19:37:12;2012;ES;56057;ALFREDO CHAVES;12;7;1023;;4;FEMININO;3;CASADO;4549;45 a 49 anos                  ;2;LÊ E ESCREVE;-3;#NE;-3;#NE;-3;#NE;-3;#NE;Obrigatório;1;0;0;0
13/04/2021;19:37:12;2012;ES;56057;ALFREDO CHAVES;12;7;1023;;4;FEMININO;3;CASADO;4549;45 a 49 anos                  ;7;SUPERIOR INCOMPLETO;-3;#NE;-3;#NE;-3;#NE;-3;#NE;Obrigatório;2;0;0;0
13/04/2021;19:37:12;2012;ES;56057;ALFREDO CHAVES;12;7;1023;;4;FEMININO;3;CASADO;5559;55 a 59 anos                  ;2;LÊ E ESCREVE;-3;#NE;-3;#NE;-3;#NE;-3;#NE;Obrigatório;3;0;0;0
13/04/2021;19:37:12;2012;ES;56057;ALFREDO CHAVES;12;7;1023;;4;FEMININO;3;CASADO;6064;60 a 64 anos                  ;3;ENSINO FUNDAMENTAL INCOMPLETO;-3;#NE;-3;#NE;-3;#NE;-3;#NE;Obrigatório;2;0;0;0
13/04/2021;19:37:12;2012;ES;56057;ALFREDO CHAVES;12;7;1023;;4;FEMININO;3;CASADO;7074;70 a 74 anos                  ;3;ENSINO FUNDAMENTAL INCOMPLETO;-3;#NE;-3;#NE;-3;#NE;-3;#NE;Facultativo;1;0;0;0
13/04/2021;19:37:12;2012;ES;56057;ALFREDO CHAVES;12;23;1139;;4;FEMININO;1;SOLTEIRO;5559;55 a 59 anos                  ;6;ENSINO MÉDIO COMPLETO;-3;#NE;-3;#NE;-3;#NE;-3;#NE;Obrigatório;1;0;0;0
13/04/2021;19:37:12;2012;ES;56057;ALFREDO CHAVES;12;23;1139;;4;FEMININO;1;SOLTEIRO;8589;85 a 89 anos                  ;2;LÊ E ESCREVE;-3;#NE;-3;#NE;-3;#NE;-3;#NE;Facultativo;1;0;0;0
13/04/2021;19:37:12;2012;ES;56057;ALFREDO CHAVES;12;23;1139;;4;FEMININO;3;CASADO;2529;25 a 29 anos                  ;6;ENSINO MÉDIO COMPLETO;-3;#NE;-3;#NE;-3;#NE;-3;#NE;Obrigatório;3;0;0;0
13/04/2021;19:37:12;2012;ES;56057;ALFREDO CHAVES;12;23;1139;;4;FEMININO;3;CASADO;3034;30 a 34 anos                  ;8;SUPERIOR COMPLETO;-3;#NE;-3;#NE;-3;#NE;-3;#NE;Obrigatório;2;0;0;0
13/04/2021;19:37:12;2012;ES;56057;ALFREDO CHAVES;12;23;1139;;4;FEMININO;3;CASADO;3539;35 a 39 anos                  ;8;SUPERIOR COMPLETO;-3;#NE;-3;#NE;-3;#NE;-3;#NE;Obrigatório;1;0;0;0
13/04/2021;19:37:12;2012;ES;56057;ALFREDO CHAVES;12;23;1139;;4;FEMININO;3;CASADO;4549;45 a 49 anos                  ;3;ENSINO FUNDAMENTAL INCOMPLETO;-3;#NE;-3;#NE;-3;#NE;-3;#NE;Obrigatório;5;0;0;0
13/04/2021;19:37:12;2012;ES;56057;ALFREDO CHAVES;12;23;1139;;4;FEMININO;3;CASADO;5054;50 a 54 anos                  ;5;ENSINO MÉDIO INCOMPLETO;-3;#NE;-3;#NE;-3;#NE;-3;#NE;Obrigatório;1;0;0;0
13/04/2021;19:37:12;2012;ES;56057;ALFREDO CHAVES;12;23;1139;;4;FEMININO;3;CASADO;5559;55 a 59 anos                  ;3;ENSINO FUNDAMENTAL INCOMPLETO;-3;#NE;-3;#NE;-3;#NE;-3;#NE;Obrigatório;5;0;0;0
13/04/2021;19:37:12;2012;ES;56057;ALFREDO CHAVES;12;23;1139;;4;FEMININO;3;CASADO;6064;60 a 64 anos                  ;3;ENSINO FUNDAMENTAL INCOMPLETO;-3;#NE;-3;#NE;-3;#NE;-3;#NE;Obrigatório;5;0;0;0
13/04/2021;19:37:12;2012;ES;56057;ALFREDO CHAVES;12;22;1139;;4;FEMININO;1;SOLTEIRO;4044;40 a 44 anos                  ;5;ENSINO MÉDIO INCOMPLETO;-3;#NE;-3;#NE;-3;#NE;-3;#NE;Obrigatório;5;0;0;0
13/04/2021;19:37:12;2012;ES;56057;ALFREDO CHAVES;12;22;1139;;4;FEMININO;1;SOLTEIRO;5054;50 a 54 anos                  ;4;ENSINO FUNDAMENTAL COMPLETO;-3;#NE;-3;#NE;-3;#NE;-3;#NE;Obrigatório;1;0;0;0
13/04/2021;19:37:12;2012;ES;56057;ALFREDO CHAVES;12;22;1139;;4;FEMININO;1;SOLTEIRO;6064;60 a 64 anos                  ;3;ENSINO FUNDAMENTAL INCOMPLETO;-3;#NE;-3;#NE;-3;#NE;-3;#NE;Obrigatório;1;0;0;0
13/04/2021;19:37:12;2012;ES;56057;ALFREDO CHAVES;12;22;1139;;4;FEMININO;3;CASADO;4044;40 a 44 anos                  ;3;ENSINO FUNDAMENTAL INCOMPLETO;-3;#NE;-3;#NE;-3;#NE;-3;#NE;Obrigatório;5;0;0;0
13/04/2021;19:37:12;2012;ES;56057;ALFREDO CHAVES;12;22;1139;;4;FEMININO;3;CASADO;4549;45 a 49 anos                  ;6;ENSINO MÉDIO COMPLETO;-3;#NE;-3;#NE;-3;#NE;-3;#NE;Obrigatório;1;0;0;0
13/04/2021;19:37:12;2012;ES;56057;ALFREDO CHAVES;12;22;1139;;4;FEMININO;3;CASADO;5054;50 a 54 anos                  ;3;ENSINO FUNDAMENTAL INCOMPLETO;-3;#NE;-3;#NE;-3;#NE;-3;#NE;Obrigatório;6;0;0;0
13/04/2021;19:37:12;2012;ES;56057;ALFREDO CHAVES;12;22;1139;;4;FEMININO;3;CASADO;5559;55 a 59 anos                  ;3;ENSINO FUNDAMENTAL INCOMPLETO;-3;#NE;-3;#NE;-3;#NE;-3;#NE;Obrigatório;2;0;0;0
13/04/2021;19:37:12;2012;ES;56057;ALFREDO CHAVES;12;23;1139;;2;MASCULINO;1;SOLTEIRO;3034;30 a 34 anos                  ;4;ENSINO FUNDAMENTAL COMPLETO;-3;#NE;-3;#NE;-3;#NE;-3;#NE;Obrigatório;3;0;0;0
13/04/2021;19:37:12;2012;ES;56057;ALFREDO CHAVES;12;23;1139;;2;MASCULINO;1;SOLTEIRO;3539;35 a 39 anos                  ;3;ENSINO FUNDAMENTAL INCOMPLETO;-3;#NE;-3;#NE;-3;#NE;-3;#NE;Obrigatório;13;0;0;0
13/04/2021;19:37:12;2012;ES;56057;ALFREDO CHAVES;12;23;1139;;2;MASCULINO;1;SOLTEIRO;3539;35 a 39 anos                  ;8;SUPERIOR COMPLETO;-3;#NE;-3;#NE;-3;#NE;-3;#NE;Obrigatório;1;0;0;0
13/04/2021;19:37:12;2012;ES;56057;ALFREDO CHAVES;12;23;1139;;2;MASCULINO;1;SOLTEIRO;4549;45 a 49 anos                  ;3;ENSINO FUNDAMENTAL INCOMPLETO;-3;#NE;-3;#NE;-3;#NE;-3;#NE;Obrigatório;4;0;0;0
13/04/2021;19:37:12;2012;ES;56057;ALFREDO CHAVES;12;23;1139;;2;MASCULINO;1;SOLTEIRO;5054;50 a 54 anos                  ;4;ENSINO FUNDAMENTAL COMPLETO;-3;#NE;-3;#NE;-3;#NE;-3;#NE;Obrigatório;1;0;0;0
13/04/2021;19:37:12;2012;ES;56057;ALFREDO CHAVES;12;23;1139;;2;MASCULINO;1;SOLTEIRO;6064;60 a 64 anos                  ;3;ENSINO FUNDAMENTAL INCOMPLETO;-3;#NE;-3;#NE;-3;#NE;-3;#NE;Obrigatório;1;0;0;0
13/04/2021;19:37:12;2012;ES;56057;ALFREDO CHAVES;12;23;1139;;2;MASCULINO;3;CASADO;4044;40 a 44 anos                  ;3;ENSINO FUNDAMENTAL INCOMPLETO;-3;#NE;-3;#NE;-3;#NE;-3;#NE;Obrigatório;1;0;0;0
13/04/2021;19:37:12;2012;ES;56057;ALFREDO CHAVES;12;23;1139;;2;MASCULINO;3;CASADO;4549;45 a 49 anos                  ;7;SUPERIOR INCOMPLETO;-3;#NE;-3;#NE;-3;#NE;-3;#NE;Obrigatório;1;0;0;0
13/04/2021;19:37:12;2012;ES;56057;ALFREDO CHAVES;12;23;1139;;2;MASCULINO;3;CASADO;5054;50 a 54 anos                  ;6;ENSINO MÉDIO COMPLETO;-3;#NE;-3;#NE;-3;#NE;-3;#NE;Obrigatório;2;0;0;0
13/04/2021;19:37:12;2012;ES;56057;ALFREDO CHAVES;12;23;1139;;2;MASCULINO;3;CASADO;5559;55 a 59 anos                  ;6;ENSINO MÉDIO COMPLETO;-3;#NE;-3;#NE;-3;#NE;-3;#NE;Obrigatório;1;0;0;0
13/04/2021;19:37:12;2012;ES;56057;ALFREDO CHAVES;12;23;1139;;2;MASCULINO;3;CASADO;6569;65 a 69 anos                  ;3;ENSINO FUNDAMENTAL INCOMPLETO;-3;#NE;-3;#NE;-3;#NE;-3;#NE;Obrigatório;3;0;0;0
13/04/2021;19:37:12;2012;ES;56057;ALFREDO CHAVES;12;23;1139;;2;MASCULINO;3;CASADO;7579;75 a 79 anos                  ;1;ANALFABETO;-3;#NE;-3;#NE;-3;#NE;-3;#NE;Facultativo;1;0;0;0
13/04/2021;19:37:12;2012;ES;56057;ALFREDO CHAVES;12;23;1139;;4;FEMININO;1;SOLTEIRO;4549;45 a 49 anos                  ;7;SUPERIOR INCOMPLETO;-3;#NE;-3;#NE;-3;#NE;-3;#NE;Obrigatório;1;0;0;0
13/04/2021;19:37:12;2012;ES;56057;ALFREDO CHAVES;12;3;1015;;4;FEMININO;1;SOLTEIRO;2529;25 a 29 anos                  ;3;ENSINO FUNDAMENTAL INCOMPLETO;-3;#NE;-3;#NE;-3;#NE;-3;#NE;Obrigatório;6;0;0;0
13/04/2021;19:37:12;2012;ES;56057;ALFREDO CHAVES;12;3;1015;;4;FEMININO;1;SOLTEIRO;2529;25 a 29 anos                  ;4;ENSINO FUNDAMENTAL COMPLETO;-3;#NE;-3;#NE;-3;#NE;-3;#NE;Obrigatório;2;0;0;0
13/04/2021;19:37:12;2012;ES;56057;ALFREDO CHAVES;12;3;1015;;4;FEMININO;1;SOLTEIRO;2529;25 a 29 anos                  ;6;ENSINO MÉDIO COMPLETO;-3;#NE;-3;#NE;-3;#NE;-3;#NE;Obrigatório;2;0;0;0
13/04/2021;19:37:12;2012;ES;56057;ALFREDO CHAVES;12;3;1015;;4;FEMININO;1;SOLTEIRO;2529;25 a 29 anos                  ;7;SUPERIOR INCOMPLETO;-3;#NE;-3;#NE;-3;#NE;-3;#NE;Obrigatório;1;0;0;0
13/04/2021;19:37:12;2012;ES;56057;ALFREDO CHAVES;12;3;1015;;4;FEMININO;1;SOLTEIRO;2529;25 a 29 anos                  ;8;SUPERIOR COMPLETO;-3;#NE;-3;#NE;-3;#NE;-3;#NE;Obrigatório;1;0;0;0
13/04/2021;19:37:12;2012;ES;56057;ALFREDO CHAVES;12;3;1015;;4;FEMININO;1;SOLTEIRO;3034;30 a 34 anos                  ;5;ENSINO MÉDIO INCOMPLETO;-3;#NE;-3;#NE;-3;#NE;-3;#NE;Obrigatório;3;0;0;0
13/04/2021;19:37:12;2012;ES;56057;ALFREDO CHAVES;12;3;1015;;4;FEMININO;1;SOLTEIRO;3034;30 a 34 anos                  ;6;ENSINO MÉDIO COMPLETO;-3;#NE;-3;#NE;-3;#NE;-3;#NE;Obrigatório;1;0;0;0
13/04/2021;19:37:12;2012;ES;56057;ALFREDO CHAVES;12;5;1015;;2;MASCULINO;1;SOLTEIRO;4549;45 a 49 anos                  ;5;ENSINO MÉDIO INCOMPLETO;-3;#NE;-3;#NE;-3;#NE;-3;#NE;Obrigatório;4;0;0;0
13/04/2021;19:37:12;2012;ES;56057;ALFREDO CHAVES;12;5;1015;;2;MASCULINO;1;SOLTEIRO;4549;45 a 49 anos                  ;6;ENSINO MÉDIO COMPLETO;-3;#NE;-3;#NE;-3;#NE;-3;#NE;Obrigatório;3;0;0;0
13/04/2021;19:37:12;2012;ES;56057;ALFREDO CHAVES;12;5;1015;;2;MASCULINO;1;SOLTEIRO;4549;45 a 49 anos                  ;7;SUPERIOR INCOMPLETO;-3;#NE;-3;#NE;-3;#NE;-3;#NE;Obrigatório;1;0;0;0
13/04/2021;19:37:12;2012;ES;56057;ALFREDO CHAVES;12;5;1015;;2;MASCULINO;1;SOLTEIRO;5054;50 a 54 anos                  ;3;ENSINO FUNDAMENTAL INCOMPLETO;-3;#NE;-3;#NE;-3;#NE;-3;#NE;Obrigatório;4;0;0;0
13/04/2021;19:37:12;2012;ES;56057;ALFREDO CHAVES;12;5;1015;;2;MASCULINO;1;SOLTEIRO;5054;50 a 54 anos                  ;4;ENSINO FUNDAMENTAL COMPLETO;-3;#NE;-3;#NE;-3;#NE;-3;#NE;Obrigatório;2;0;0;0
13/04/2021;19:37:12;2012;ES;56057;ALFREDO CHAVES;12;5;1015;;2;MASCULINO;1;SOLTEIRO;5054;50 a 54 anos                  ;5;ENSINO MÉDIO INCOMPLETO;-3;#NE;-3;#NE;-3;#NE;-3;#NE;Obrigatório;1;0;0;0
13/04/2021;19:37:12;2012;ES;56057;ALFREDO CHAVES;12;5;1015;;2;MASCULINO;1;SOLTEIRO;5054;50 a 54 anos                  ;6;ENSINO MÉDIO COMPLETO;-3;#NE;-3;#NE;-3;#NE;-3;#NE;Obrigatório;2;0;0;0
13/04/2021;19:37:12;2012;ES;56057;ALFREDO CHAVES;12;5;1015;;2;MASCULINO;1;SOLTEIRO;5054;50 a 54 anos                  ;7;SUPERIOR INCOMPLETO;-3;#NE;-3;#NE;-3;#NE;-3;#NE;Obrigatório;1;0;0;0
13/04/2021;19:37:12;2012;ES;56057;ALFREDO CHAVES;12;5;1015;;2;MASCULINO;1;SOLTEIRO;5559;55 a 59 anos                  ;2;LÊ E ESCREVE;-3;#NE;-3;#NE;-3;#NE;-3;#NE;Obrigatório;3;0;0;0
13/04/2021;19:37:12;2012;ES;56057;ALFREDO CHAVES;12;5;1015;;2;MASCULINO;1;SOLTEIRO;5559;55 a 59 anos                  ;3;ENSINO FUNDAMENTAL INCOMPLETO;-3;#NE;-3;#NE;-3;#NE;-3;#NE;Obrigatório;3;0;0;0
13/04/2021;19:37:12;2012;ES;56057;ALFREDO CHAVES;12;5;1015;;2;MASCULINO;1;SOLTEIRO;5559;55 a 59 anos                  ;7;SUPERIOR INCOMPLETO;-3;#NE;-3;#NE;-3;#NE;-3;#NE;Obrigatório;1;0;0;0
13/04/2021;19:37:12;2012;ES;56057;ALFREDO CHAVES;12;5;1015;;2;MASCULINO;1;SOLTEIRO;6064;60 a 64 anos                  ;2;LÊ E ESCREVE;-3;#NE;-3;#NE;-3;#NE;-3;#NE;Obrigatório;1;0;0;0
13/04/2021;19:37:12;2012;ES;56057;ALFREDO CHAVES;12;5;1015;;2;MASCULINO;1;SOLTEIRO;6064;60 a 64 anos                  ;6;ENSINO MÉDIO COMPLETO;-3;#NE;-3;#NE;-3;#NE;-3;#NE;Obrigatório;1;0;0;0
13/04/2021;19:37:12;2012;ES;56057;ALFREDO CHAVES;12;5;1015;;2;MASCULINO;1;SOLTEIRO;6569;65 a 69 anos                  ;8;SUPERIOR COMPLETO;-3;#NE;-3;#NE;-3;#NE;-3;#NE;Obrigatório;1;0;0;0
13/04/2021;19:37:12;2012;ES;56057;ALFREDO CHAVES;12;5;1015;;2;MASCULINO;1;SOLTEIRO;7074;70 a 74 anos                  ;0;NÃO INFORMADO;-3;#NE;-3;#NE;-3;#NE;-3;#NE;Facultativo;1;0;0;0
13/04/2021;19:37:12;2012;ES;56057;ALFREDO CHAVES;12;5;1015;;2;MASCULINO;3;CASADO;2529;25 a 29 anos                  ;3;ENSINO FUNDAMENTAL INCOMPLETO;-3;#NE;-3;#NE;-3;#NE;-3;#NE;Obrigatório;1;0;0;0
13/04/2021;19:37:12;2012;ES;56057;ALFREDO CHAVES;12;5;1015;;2;MASCULINO;3;CASADO;3034;30 a 34 anos                  ;3;ENSINO FUNDAMENTAL INCOMPLETO;-3;#NE;-3;#NE;-3;#NE;-3;#NE;Obrigatório;1;0;0;0
13/04/2021;19:37:12;2012;ES;56057;ALFREDO CHAVES;12;6;1023;;4;FEMININO;1;SOLTEIRO;9094;90 a 94 anos                  ;3;ENSINO FUNDAMENTAL INCOMPLETO;-3;#NE;-3;#NE;-3;#NE;-3;#NE;Facultativo;1;0;0;0
13/04/2021;19:37:12;2012;ES;56057;ALFREDO CHAVES;12;6;1023;;4;FEMININO;3;CASADO;2124;21 a 24 anos                  ;5;ENSINO MÉDIO INCOMPLETO;-3;#NE;-3;#NE;-3;#NE;-3;#NE;Obrigatório;1;0;0;0
13/04/2021;19:37:12;2012;ES;56057;ALFREDO CHAVES;12;6;1023;;4;FEMININO;3;CASADO;2529;25 a 29 anos                  ;6;ENSINO MÉDIO COMPLETO;-3;#NE;-3;#NE;-3;#NE;-3;#NE;Obrigatório;2;0;0;0
13/04/2021;19:37:12;2012;ES;56057;ALFREDO CHAVES;12;6;1023;;4;FEMININO;3;CASADO;3034;30 a 34 anos                  ;3;ENSINO FUNDAMENTAL INCOMPLETO;-3;#NE;-3;#NE;-3;#NE;-3;#NE;Obrigatório;2;0;0;0
13/04/2021;19:37:12;2012;ES;56057;ALFREDO CHAVES;12;6;1023;;4;FEMININO;3;CASADO;3539;35 a 39 anos                  ;6;ENSINO MÉDIO COMPLETO;-3;#NE;-3;#NE;-3;#NE;-3;#NE;Obrigatório;2;0;0;0
13/04/2021;19:37:12;2012;ES;56057;ALFREDO CHAVES;12;6;1023;;4;FEMININO;3;CASADO;4044;40 a 44 anos                  ;2;LÊ E ESCREVE;-3;#NE;-3;#NE;-3;#NE;-3;#NE;Obrigatório;1;0;0;0
13/04/2021;19:37:12;2012;ES;56057;ALFREDO CHAVES;12;6;1023;;4;FEMININO;3;CASADO;4044;40 a 44 anos                  ;6;ENSINO MÉDIO COMPLETO;-3;#NE;-3;#NE;-3;#NE;-3;#NE;Obrigatório;1;0;0;0
13/04/2021;19:37:12;2012;ES;56057;ALFREDO CHAVES;12;6;1023;;4;FEMININO;3;CASADO;4549;45 a 49 anos                  ;3;ENSINO FUNDAMENTAL INCOMPLETO;-3;#NE;-3;#NE;-3;#NE;-3;#NE;Obrigatório;6;0;0;0
13/04/2021;19:37:12;2012;ES;56057;ALFREDO CHAVES;12;6;1023;;4;FEMININO;3;CASADO;4549;45 a 49 anos                  ;5;ENSINO MÉDIO INCOMPLETO;-3;#NE;-3;#NE;-3;#NE;-3;#NE;Obrigatório;2;0;0;0
13/04/2021;19:37:12;2012;ES;56057;ALFREDO CHAVES;12;6;1023;;4;FEMININO;3;CASADO;5054;50 a 54 anos                  ;3;ENSINO FUNDAMENTAL INCOMPLETO;-3;#NE;-3;#NE;-3;#NE;-3;#NE;Obrigatório;6;0;0;0
13/04/2021;19:37:12;2012;ES;56057;ALFREDO CHAVES;12;6;1023;;4;FEMININO;3;CASADO;5054;50 a 54 anos                  ;6;ENSINO MÉDIO COMPLETO;-3;#NE;-3;#NE;-3;#NE;-3;#NE;Obrigatório;1;0;0;0
13/04/2021;19:37:12;2012;ES;56057;ALFREDO CHAVES;12;6;1023;;4;FEMININO;3;CASADO;5559;55 a 59 anos                  ;2;LÊ E ESCREVE;-3;#NE;-3;#NE;-3;#NE;-3;#NE;Obrigatório;2;0;0;0
13/04/2021;19:37:12;2012;ES;56057;ALFREDO CHAVES;12;6;1023;;4;FEMININO;3;CASADO;5559;55 a 59 anos                  ;4;ENSINO FUNDAMENTAL COMPLETO;-3;#NE;-3;#NE;-3;#NE;-3;#NE;Obrigatório;1;0;0;0
13/04/2021;19:37:12;2012;ES;56057;ALFREDO CHAVES;12;6;1023;;4;FEMININO;3;CASADO;5559;55 a 59 anos                  ;6;ENSINO MÉDIO COMPLETO;-3;#NE;-3;#NE;-3;#NE;-3;#NE;Obrigatório;1;0;0;0
13/04/2021;19:37:12;2012;ES;56057;ALFREDO CHAVES;12;6;1023;;4;FEMININO;3;CASADO;6064;60 a 64 anos                  ;2;LÊ E ESCREVE;-3;#NE;-3;#NE;-3;#NE;-3;#NE;Obrigatório;1;0;0;0
13/04/2021;19:37:12;2012;ES;56057;ALFREDO CHAVES;12;6;1023;;4;FEMININO;3;CASADO;6064;60 a 64 anos                  ;6;ENSINO MÉDIO COMPLETO;-3;#NE;-3;#NE;-3;#NE;-3;#NE;Obrigatório;2;0;0;0
13/04/2021;19:37:12;2012;ES;56057;ALFREDO CHAVES;12;6;1023;;4;FEMININO;3;CASADO;6569;65 a 69 anos                  ;1;ANALFABETO;-3;#NE;-3;#NE;-3;#NE;-3;#NE;Facultativo;1;0;0;0
13/04/2021;19:37:12;2012;ES;56057;ALFREDO CHAVES;12;6;1023;;4;FEMININO;3;CASADO;6569;65 a 69 anos                  ;2;LÊ E ESCREVE;-3;#NE;-3;#NE;-3;#NE;-3;#NE;Obrigatório;2;0;0;0
13/04/2021;19:37:12;2012;ES;56057;ALFREDO CHAVES;12;6;1023;;4;FEMININO;3;CASADO;6569;65 a 69 anos                  ;3;ENSINO FUNDAMENTAL INCOMPLETO;-3;#NE;-3;#NE;-3;#NE;-3;#NE;Obrigatório;3;0;0;0
13/04/2021;19:37:12;2012;ES;56057;ALFREDO CHAVES;12;6;1023;;4;FEMININO;3;CASADO;7074;70 a 74 anos                  ;2;LÊ E ESCREVE;-3;#NE;-3;#NE;-3;#NE;-3;#NE;Facultativo;1;0;0;0
13/04/2021;19:37:12;2012;ES;56057;ALFREDO CHAVES;12;6;1023;;4;FEMININO;3;CASADO;7074;70 a 74 anos                  ;3;ENSINO FUNDAMENTAL INCOMPLETO;-3;#NE;-3;#NE;-3;#NE;-3;#NE;Facultativo;3;0;0;0
13/04/2021;19:37:12;2012;ES;56057;ALFREDO CHAVES;12;6;1023;;4;FEMININO;3;CASADO;7579;75 a 79 anos                  ;3;ENSINO FUNDAMENTAL INCOMPLETO;-3;#NE;-3;#NE;-3;#NE;-3;#NE;Facultativo;2;0;0;0
13/04/2021;19:37:12;2012;ES;56057;ALFREDO CHAVES;12;6;1023;;4;FEMININO;5;VIÚVO;3034;30 a 34 anos                  ;3;ENSINO FUNDAMENTAL INCOMPLETO;-3;#NE;-3;#NE;-3;#NE;-3;#NE;Obrigatório;1;0;0;0
13/04/2021;19:37:12;2012;ES;56057;ALFREDO CHAVES;12;6;1023;;4;FEMININO;5;VIÚVO;4044;40 a 44 anos                  ;6;ENSINO MÉDIO COMPLETO;-3;#NE;-3;#NE;-3;#NE;-3;#NE;Obrigatório;1;0;0;0
13/04/2021;19:37:12;2012;ES;56057;ALFREDO CHAVES;12;6;1023;;4;FEMININO;5;VIÚVO;5559;55 a 59 anos                  ;6;ENSINO MÉDIO COMPLETO;-3;#NE;-3;#NE;-3;#NE;-3;#NE;Obrigatório;1;0;0;0
13/04/2021;19:37:12;2012;ES;56057;ALFREDO CHAVES;12;6;1023;;4;FEMININO;5;VIÚVO;7579;75 a 79 anos                  ;6;ENSINO MÉDIO COMPLETO;-3;#NE;-3;#NE;-3;#NE;-3;#NE;Facultativo;1;0;0;0
13/04/2021;19:37:12;2012;ES;56057;ALFREDO CHAVES;12;6;1023;;4;FEMININO;5;VIÚVO;8084;80 a 84 anos                  ;2;LÊ E ESCREVE;-3;#NE;-3;#NE;-3;#NE;-3;#NE;Facultativo;1;0;0;0
13/04/2021;19:37:12;2012;ES;56057;ALFREDO CHAVES;12;6;1023;;4;FEMININO;9;DIVORCIADO;3539;35 a 39 anos                  ;8;SUPERIOR COMPLETO;-3;#NE;-3;#NE;-3;#NE;-3;#NE;Obrigatório;1;0;0;0
13/04/2021;19:37:12;2012;ES;56057;ALFREDO CHAVES;12;6;1023;;4;FEMININO;9;DIVORCIADO;4044;40 a 44 anos                  ;6;ENSINO MÉDIO COMPLETO;-3;#NE;-3;#NE;-3;#NE;-3;#NE;Obrigatório;1;0;0;0
13/04/2021;19:37:12;2012;ES;56057;ALFREDO CHAVES;12;8;1023;;2;MASCULINO;3;CASADO;3539;35 a 39 anos                  ;6;ENSINO MÉDIO COMPLETO;-3;#NE;-3;#NE;-3;#NE;-3;#NE;Obrigatório;1;0;0;0
13/04/2021;19:37:12;2012;ES;56057;ALFREDO CHAVES;12;8;1023;;2;MASCULINO;3;CASADO;4044;40 a 44 anos                  ;3;ENSINO FUNDAMENTAL INCOMPLETO;-3;#NE;-3;#NE;-3;#NE;-3;#NE;Obrigatório;2;0;0;0
13/04/2021;19:37:12;2012;ES;56057;ALFREDO CHAVES;12;8;1023;;2;MASCULINO;3;CASADO;4044;40 a 44 anos                  ;5;ENSINO MÉDIO INCOMPLETO;-3;#NE;-3;#NE;-3;#NE;-3;#NE;Obrigatório;1;0;0;0
13/04/2021;19:37:12;2012;ES;56057;ALFREDO CHAVES;12;8;1023;;2;MASCULINO;3;CASADO;4549;45 a 49 anos                  ;5;ENSINO MÉDIO INCOMPLETO;-3;#NE;-3;#NE;-3;#NE;-3;#NE;Obrigatório;1;0;0;0
13/04/2021;19:37:12;2012;ES;56057;ALFREDO CHAVES;12;8;1023;;2;MASCULINO;3;CASADO;5054;50 a 54 anos                  ;2;LÊ E ESCREVE;-3;#NE;-3;#NE;-3;#NE;-3;#NE;Obrigatório;1;0;0;0
13/04/2021;19:37:12;2012;ES;56057;ALFREDO CHAVES;12;8;1023;;2;MASCULINO;3;CASADO;5054;50 a 54 anos                  ;3;ENSINO FUNDAMENTAL INCOMPLETO;-3;#NE;-3;#NE;-3;#NE;-3;#NE;Obrigatório;4;0;0;0
13/04/2021;19:37:12;2012;ES;56057;ALFREDO CHAVES;12;8;1023;;2;MASCULINO;3;CASADO;5559;55 a 59 anos                  ;2;LÊ E ESCREVE;-3;#NE;-3;#NE;-3;#NE;-3;#NE;Obrigatório;4;0;0;0
13/04/2021;19:37:12;2012;ES;56057;ALFREDO CHAVES;12;8;1023;;2;MASCULINO;3;CASADO;5559;55 a 59 anos                  ;3;ENSINO FUNDAMENTAL INCOMPLETO;-3;#NE;-3;#NE;-3;#NE;-3;#NE;Obrigatório;5;0;0;0
13/04/2021;19:37:12;2012;ES;56057;ALFREDO CHAVES;12;8;1023;;2;MASCULINO;3;CASADO;5559;55 a 59 anos                  ;4;ENSINO FUNDAMENTAL COMPLETO;-3;#NE;-3;#NE;-3;#NE;-3;#NE;Obrigatório;1;0;0;0
13/04/2021;19:37:12;2012;ES;56057;ALFREDO CHAVES;12;8;1023;;2;MASCULINO;3;CASADO;5559;55 a 59 anos                  ;6;ENSINO MÉDIO COMPLETO;-3;#NE;-3;#NE;-3;#NE;-3;#NE;Obrigatório;2;0;0;0
13/04/2021;19:37:12;2012;ES;56057;ALFREDO CHAVES;12;8;1023;;2;MASCULINO;3;CASADO;5559;55 a 59 anos                  ;8;SUPERIOR COMPLETO;-3;#NE;-3;#NE;-3;#NE;-3;#NE;Obrigatório;1;0;0;0
13/04/2021;19:37:12;2012;ES;56057;ALFREDO CHAVES;12;8;1023;;2;MASCULINO;3;CASADO;6064;60 a 64 anos                  ;4;ENSINO FUNDAMENTAL COMPLETO;-3;#NE;-3;#NE;-3;#NE;-3;#NE;Obrigatório;1;0;0;0
13/04/2021;19:37:12;2012;ES;56057;ALFREDO CHAVES;12;8;1023;;2;MASCULINO;3;CASADO;6569;65 a 69 anos                  ;2;LÊ E ESCREVE;-3;#NE;-3;#NE;-3;#NE;-3;#NE;Obrigatório;1;0;0;0
13/04/2021;19:37:12;2012;ES;56057;ALFREDO CHAVES;12;8;1023;;2;MASCULINO;3;CASADO;6569;65 a 69 anos                  ;3;ENSINO FUNDAMENTAL INCOMPLETO;-3;#NE;-3;#NE;-3;#NE;-3;#NE;Obrigatório;1;0;0;0
13/04/2021;19:37:12;2012;ES;56057;ALFREDO CHAVES;12;8;1023;;2;MASCULINO;3;CASADO;6569;65 a 69 anos                  ;6;ENSINO MÉDIO COMPLETO;-3;#NE;-3;#NE;-3;#NE;-3;#NE;Obrigatório;1;0;0;0
13/04/2021;19:37:12;2012;ES;56057;ALFREDO CHAVES;12;8;1023;;2;MASCULINO;3;CASADO;7074;70 a 74 anos                  ;1;ANALFABETO;-3;#NE;-3;#NE;-3;#NE;-3;#NE;Facultativo;1;0;0;0
13/04/2021;19:37:12;2012;ES;56057;ALFREDO CHAVES;12;8;1023;;2;MASCULINO;3;CASADO;7074;70 a 74 anos                  ;2;LÊ E ESCREVE;-3;#NE;-3;#NE;-3;#NE;-3;#NE;Facultativo;3;0;0;0
13/04/2021;19:37:12;2012;ES;56057;ALFREDO CHAVES;12;8;1023;;2;MASCULINO;3;CASADO;7074;70 a 74 anos                  ;3;ENSINO FUNDAMENTAL INCOMPLETO;-3;#NE;-3;#NE;-3;#NE;-3;#NE;Facultativo;2;0;0;0
13/04/2021;19:37:12;2012;ES;56057;ALFREDO CHAVES;12;8;1023;;2;MASCULINO;3;CASADO;7579;75 a 79 anos                  ;3;ENSINO FUNDAMENTAL INCOMPLETO;-3;#NE;-3;#NE;-3;#NE;-3;#NE;Facultativo;4;0;0;0
13/04/2021;19:37:12;2012;ES;56057;ALFREDO CHAVES;12;8;1023;;2;MASCULINO;3;CASADO;7579;75 a 79 anos                  ;8;SUPERIOR COMPLETO;-3;#NE;-3;#NE;-3;#NE;-3;#NE;Facultativo;1;0;0;0
13/04/2021;19:37:12;2012;ES;56057;ALFREDO CHAVES;12;8;1023;;2;MASCULINO;3;CASADO;8084;80 a 84 anos                  ;3;ENSINO FUNDAMENTAL INCOMPLETO;-3;#NE;-3;#NE;-3;#NE;-3;#NE;Facultativo;1;0;0;0
13/04/2021;19:37:12;2012;ES;56057;ALFREDO CHAVES;12;8;1023;;2;MASCULINO;3;CASADO;9094;90 a 94 anos                  ;1;ANALFABETO;-3;#NE;-3;#NE;-3;#NE;-3;#NE;Facultativo;1;0;0;0
13/04/2021;19:37:12;2012;ES;56057;ALFREDO CHAVES;12;8;1023;;2;MASCULINO;7;SEPARADO JUDICIALMENTE;5054;50 a 54 anos                  ;5;ENSINO MÉDIO INCOMPLETO;-3;#NE;-3;#NE;-3;#NE;-3;#NE;Obrigatório;1;0;0;0
13/04/2021;19:37:12;2012;ES;56057;ALFREDO CHAVES;12;8;1023;;2;MASCULINO;7;SEPARADO JUDICIALMENTE;6064;60 a 64 anos                  ;3;ENSINO FUNDAMENTAL INCOMPLETO;-3;#NE;-3;#NE;-3;#NE;-3;#NE;Obrigatório;1;0;0;0
13/04/2021;19:37:12;2012;ES;56057;ALFREDO CHAVES;12;8;1023;;2;MASCULINO;9;DIVORCIADO;5559;55 a 59 anos                  ;6;ENSINO MÉDIO COMPLETO;-3;#NE;-3;#NE;-3;#NE;-3;#NE;Obrigatório;1;0;0;0
13/04/2021;19:37:12;2012;ES;56057;ALFREDO CHAVES;12;8;1023;;4;FEMININO;1;SOLTEIRO;1700;17 anos                       ;5;ENSINO MÉDIO INCOMPLETO;-3;#NE;-3;#NE;-3;#NE;-3;#NE;Facultativo;2;0;0;0
13/04/2021;19:37:12;2012;ES;56057;ALFREDO CHAVES;12;8;1023;;4;FEMININO;1;SOLTEIRO;1800;18 anos                       ;5;ENSINO MÉDIO INCOMPLETO;-3;#NE;-3;#NE;-3;#NE;-3;#NE;Obrigatório;6;0;0;0
13/04/2021;19:37:12;2012;ES;56057;ALFREDO CHAVES;12;8;1023;;4;FEMININO;1;SOLTEIRO;1800;18 anos                       ;6;ENSINO MÉDIO COMPLETO;-3;#NE;-3;#NE;-3;#NE;-3;#NE;Obrigatório;4;0;0;0
13/04/2021;19:37:12;2012;ES;56057;ALFREDO CHAVES;12;8;1023;;4;FEMININO;1;SOLTEIRO;1900;19 anos                       ;5;ENSINO MÉDIO INCOMPLETO;-3;#NE;-3;#NE;-3;#NE;-3;#NE;Obrigatório;3;0;0;0
13/04/2021;19:37:12;2012;ES;56057;ALFREDO CHAVES;12;8;1023;;4;FEMININO;1;SOLTEIRO;1900;19 anos                       ;6;ENSINO MÉDIO COMPLETO;-3;#NE;-3;#NE;-3;#NE;-3;#NE;Obrigatório;3;0;0;0
13/04/2021;19:37:12;2012;ES;56057;ALFREDO CHAVES;12;8;1023;;4;FEMININO;1;SOLTEIRO;1900;19 anos                       ;7;SUPERIOR INCOMPLETO;-3;#NE;-3;#NE;-3;#NE;-3;#NE;Obrigatório;2;0;0;0
13/04/2021;19:37:12;2012;ES;56057;ALFREDO CHAVES;12;8;1023;;4;FEMININO;1;SOLTEIRO;2000;20 anos                       ;3;ENSINO FUNDAMENTAL INCOMPLETO;-3;#NE;-3;#NE;-3;#NE;-3;#NE;Obrigatório;1;0;0;0
13/04/2021;19:37:12;2012;ES;56057;ALFREDO CHAVES;12;8;1023;;4;FEMININO;1;SOLTEIRO;2000;20 anos                       ;5;ENSINO MÉDIO INCOMPLETO;-3;#NE;-3;#NE;-3;#NE;-3;#NE;Obrigatório;3;0;0;0
13/04/2021;19:37:12;2012;ES;56057;ALFREDO CHAVES;12;8;1023;;4;FEMININO;1;SOLTEIRO;2000;20 anos                       ;6;ENSINO MÉDIO COMPLETO;-3;#NE;-3;#NE;-3;#NE;-3;#NE;Obrigatório;1;0;0;0
13/04/2021;19:37:12;2012;ES;56057;ALFREDO CHAVES;12;8;1023;;4;FEMININO;1;SOLTEIRO;2124;21 a 24 anos                  ;3;ENSINO FUNDAMENTAL INCOMPLETO;-3;#NE;-3;#NE;-3;#NE;-3;#NE;Obrigatório;2;0;0;0
13/04/2021;19:37:12;2012;ES;56057;ALFREDO CHAVES;12;8;1023;;4;FEMININO;1;SOLTEIRO;2124;21 a 24 anos                  ;5;ENSINO MÉDIO INCOMPLETO;-3;#NE;-3;#NE;-3;#NE;-3;#NE;Obrigatório;6;0;0;0
13/04/2021;19:37:12;2012;ES;56057;ALFREDO CHAVES;12;8;1023;;4;FEMININO;1;SOLTEIRO;2124;21 a 24 anos                  ;6;ENSINO MÉDIO COMPLETO;-3;#NE;-3;#NE;-3;#NE;-3;#NE;Obrigatório;1;0;0;0
13/04/2021;19:37:12;2012;ES;56057;ALFREDO CHAVES;12;8;1023;;4;FEMININO;1;SOLTEIRO;2529;25 a 29 anos                  ;2;LÊ E ESCREVE;-3;#NE;-3;#NE;-3;#NE;-3;#NE;Obrigatório;1;0;0;0
13/04/2021;19:37:12;2012;ES;56057;ALFREDO CHAVES;12;8;1023;;4;FEMININO;1;SOLTEIRO;2529;25 a 29 anos                  ;3;ENSINO FUNDAMENTAL INCOMPLETO;-3;#NE;-3;#NE;-3;#NE;-3;#NE;Obrigatório;5;0;0;0
13/04/2021;19:37:12;2012;ES;56057;ALFREDO CHAVES;12;8;1023;;4;FEMININO;1;SOLTEIRO;2529;25 a 29 anos                  ;5;ENSINO MÉDIO INCOMPLETO;-3;#NE;-3;#NE;-3;#NE;-3;#NE;Obrigatório;2;0;0;0
13/04/2021;19:37:12;2012;ES;56057;ALFREDO CHAVES;12;8;1023;;4;FEMININO;1;SOLTEIRO;2529;25 a 29 anos                  ;6;ENSINO MÉDIO COMPLETO;-3;#NE;-3;#NE;-3;#NE;-3;#NE;Obrigatório;1;0;0;0
13/04/2021;19:37:12;2012;ES;56057;ALFREDO CHAVES;12;8;1023;;4;FEMININO;1;SOLTEIRO;2529;25 a 29 anos                  ;8;SUPERIOR COMPLETO;-3;#NE;-3;#NE;-3;#NE;-3;#NE;Obrigatório;1;0;0;0
13/04/2021;19:37:12;2012;ES;56057;ALFREDO CHAVES;12;8;1023;;4;FEMININO;1;SOLTEIRO;3034;30 a 34 anos                  ;2;LÊ E ESCREVE;-3;#NE;-3;#NE;-3;#NE;-3;#NE;Obrigatório;1;0;0;0
13/04/2021;19:37:12;2012;ES;56057;ALFREDO CHAVES;12;10;1040;;4;FEMININO;1;SOLTEIRO;2124;21 a 24 anos                  ;5;ENSINO MÉDIO INCOMPLETO;-3;#NE;-3;#NE;-3;#NE;-3;#NE;Obrigatório;4;0;0;0
13/04/2021;19:37:12;2012;ES;56057;ALFREDO CHAVES;12;10;1040;;4;FEMININO;1;SOLTEIRO;2124;21 a 24 anos                  ;6;ENSINO MÉDIO COMPLETO;-3;#NE;-3;#NE;-3;#NE;-3;#NE;Obrigatório;1;0;0;0
13/04/2021;19:37:12;2012;ES;56057;ALFREDO CHAVES;12;10;1040;;4;FEMININO;1;SOLTEIRO;2529;25 a 29 anos                  ;3;ENSINO FUNDAMENTAL INCOMPLETO;-3;#NE;-3;#NE;-3;#NE;-3;#NE;Obrigatório;2;0;0;0
13/04/2021;19:37:12;2012;ES;56057;ALFREDO CHAVES;12;10;1040;;4;FEMININO;1;SOLTEIRO;2529;25 a 29 anos                  ;4;ENSINO FUNDAMENTAL COMPLETO;-3;#NE;-3;#NE;-3;#NE;-3;#NE;Obrigatório;5;0;0;0
13/04/2021;19:37:12;2012;ES;56057;ALFREDO CHAVES;12;10;1040;;4;FEMININO;1;SOLTEIRO;2529;25 a 29 anos                  ;5;ENSINO MÉDIO INCOMPLETO;-3;#NE;-3;#NE;-3;#NE;-3;#NE;Obrigatório;4;0;0;0
13/04/2021;19:37:12;2012;ES;56057;ALFREDO CHAVES;12;10;1040;;4;FEMININO;1;SOLTEIRO;2529;25 a 29 anos                  ;7;SUPERIOR INCOMPLETO;-3;#NE;-3;#NE;-3;#NE;-3;#NE;Obrigatório;1;0;0;0
13/04/2021;19:37:12;2012;ES;56057;ALFREDO CHAVES;12;10;1040;;4;FEMININO;1;SOLTEIRO;3034;30 a 34 anos                  ;5;ENSINO MÉDIO INCOMPLETO;-3;#NE;-3;#NE;-3;#NE;-3;#NE;Obrigatório;1;0;0;0
13/04/2021;19:37:12;2012;ES;56057;ALFREDO CHAVES;12;10;1040;;4;FEMININO;1;SOLTEIRO;3034;30 a 34 anos                  ;6;ENSINO MÉDIO COMPLETO;-3;#NE;-3;#NE;-3;#NE;-3;#NE;Obrigatório;1;0;0;0
13/04/2021;19:37:12;2012;ES;56057;ALFREDO CHAVES;12;10;1040;;4;FEMININO;1;SOLTEIRO;3539;35 a 39 anos                  ;3;ENSINO FUNDAMENTAL INCOMPLETO;-3;#NE;-3;#NE;-3;#NE;-3;#NE;Obrigatório;4;0;0;0
13/04/2021;19:37:12;2012;ES;56057;ALFREDO CHAVES;12;10;1040;;4;FEMININO;1;SOLTEIRO;3539;35 a 39 anos                  ;5;ENSINO MÉDIO INCOMPLETO;-3;#NE;-3;#NE;-3;#NE;-3;#NE;Obrigatório;5;0;0;0
13/04/2021;19:37:12;2012;ES;56057;ALFREDO CHAVES;12;10;1040;;4;FEMININO;1;SOLTEIRO;3539;35 a 39 anos                  ;6;ENSINO MÉDIO COMPLETO;-3;#NE;-3;#NE;-3;#NE;-3;#NE;Obrigatório;3;0;0;0
13/04/2021;19:37:12;2012;ES;56057;ALFREDO CHAVES;12;10;1040;;4;FEMININO;1;SOLTEIRO;4044;40 a 44 anos                  ;2;LÊ E ESCREVE;-3;#NE;-3;#NE;-3;#NE;-3;#NE;Obrigatório;2;0;0;0
13/04/2021;19:37:12;2012;ES;56057;ALFREDO CHAVES;12;10;1040;;4;FEMININO;1;SOLTEIRO;4044;40 a 44 anos                  ;3;ENSINO FUNDAMENTAL INCOMPLETO;-3;#NE;-3;#NE;-3;#NE;-3;#NE;Obrigatório;4;0;0;0
13/04/2021;19:37:12;2012;ES;56057;ALFREDO CHAVES;12;10;1040;;4;FEMININO;1;SOLTEIRO;4044;40 a 44 anos                  ;4;ENSINO FUNDAMENTAL COMPLETO;-3;#NE;-3;#NE;-3;#NE;-3;#NE;Obrigatório;1;0;0;0
13/04/2021;19:37:12;2012;ES;56057;ALFREDO CHAVES;12;10;1040;;4;FEMININO;1;SOLTEIRO;4044;40 a 44 anos                  ;5;ENSINO MÉDIO INCOMPLETO;-3;#NE;-3;#NE;-3;#NE;-3;#NE;Obrigatório;1;0;0;0
13/04/2021;19:37:12;2012;ES;56057;ALFREDO CHAVES;12;10;1040;;4;FEMININO;1;SOLTEIRO;4549;45 a 49 anos                  ;3;ENSINO FUNDAMENTAL INCOMPLETO;-3;#NE;-3;#NE;-3;#NE;-3;#NE;Obrigatório;4;0;0;0
13/04/2021;19:37:12;2012;ES;56057;ALFREDO CHAVES;12;10;1040;;4;FEMININO;1;SOLTEIRO;5054;50 a 54 anos                  ;4;ENSINO FUNDAMENTAL COMPLETO;-3;#NE;-3;#NE;-3;#NE;-3;#NE;Obrigatório;1;0;0;0
13/04/2021;19:37:12;2012;ES;56057;ALFREDO CHAVES;12;10;1040;;4;FEMININO;1;SOLTEIRO;5054;50 a 54 anos                  ;6;ENSINO MÉDIO COMPLETO;-3;#NE;-3;#NE;-3;#NE;-3;#NE;Obrigatório;1;0;0;0
13/04/2021;19:37:12;2012;ES;56057;ALFREDO CHAVES;12;10;1040;;4;FEMININO;1;SOLTEIRO;6064;60 a 64 anos                  ;1;ANALFABETO;-3;#NE;-3;#NE;-3;#NE;-3;#NE;Facultativo;1;0;0;0
13/04/2021;19:37:12;2012;ES;56057;ALFREDO CHAVES;12;10;1040;;4;FEMININO;1;SOLTEIRO;8084;80 a 84 anos                  ;2;LÊ E ESCREVE;-3;#NE;-3;#NE;-3;#NE;-3;#NE;Facultativo;1;0;0;0
13/04/2021;19:37:12;2012;ES;56057;ALFREDO CHAVES;12;10;1040;;4;FEMININO;3;CASADO;2124;21 a 24 anos                  ;5;ENSINO MÉDIO INCOMPLETO;-3;#NE;-3;#NE;-3;#NE;-3;#NE;Obrigatório;1;0;0;0
13/04/2021;19:37:12;2012;ES;56057;ALFREDO CHAVES;12;10;1040;;4;FEMININO;3;CASADO;2529;25 a 29 anos                  ;4;ENSINO FUNDAMENTAL COMPLETO;-3;#NE;-3;#NE;-3;#NE;-3;#NE;Obrigatório;1;0;0;0
13/04/2021;19:37:12;2012;ES;56057;ALFREDO CHAVES;12;10;1040;;4;FEMININO;3;CASADO;2529;25 a 29 anos                  ;5;ENSINO MÉDIO INCOMPLETO;-3;#NE;-3;#NE;-3;#NE;-3;#NE;Obrigatório;1;0;0;0
13/04/2021;19:37:12;2012;ES;56057;ALFREDO CHAVES;12;10;1040;;4;FEMININO;3;CASADO;3034;30 a 34 anos                  ;3;ENSINO FUNDAMENTAL INCOMPLETO;-3;#NE;-3;#NE;-3;#NE;-3;#NE;Obrigatório;3;0;0;0
13/04/2021;19:37:12;2012;ES;56057;ALFREDO CHAVES;12;10;1040;;4;FEMININO;3;CASADO;3539;35 a 39 anos                  ;3;ENSINO FUNDAMENTAL INCOMPLETO;-3;#NE;-3;#NE;-3;#NE;-3;#NE;Obrigatório;2;0;0;0
13/04/2021;19:37:12;2012;ES;56057;ALFREDO CHAVES;12;10;1040;;4;FEMININO;3;CASADO;4044;40 a 44 anos                  ;3;ENSINO FUNDAMENTAL INCOMPLETO;-3;#NE;-3;#NE;-3;#NE;-3;#NE;Obrigatório;8;0;0;0
13/04/2021;19:37:12;2012;ES;56057;ALFREDO CHAVES;12;10;1040;;4;FEMININO;3;CASADO;4044;40 a 44 anos                  ;4;ENSINO FUNDAMENTAL COMPLETO;-3;#NE;-3;#NE;-3;#NE;-3;#NE;Obrigatório;2;0;0;0
13/04/2021;19:37:12;2012;ES;56057;ALFREDO CHAVES;12;10;1040;;4;FEMININO;3;CASADO;4549;45 a 49 anos                  ;2;LÊ E ESCREVE;-3;#NE;-3;#NE;-3;#NE;-3;#NE;Obrigatório;1;0;0;0
13/04/2021;19:37:12;2012;ES;56057;ALFREDO CHAVES;12;10;1040;;4;FEMININO;3;CASADO;4549;45 a 49 anos                  ;4;ENSINO FUNDAMENTAL COMPLETO;-3;#NE;-3;#NE;-3;#NE;-3;#NE;Obrigatório;2;0;0;0
13/04/2021;19:37:12;2012;ES;56057;ALFREDO CHAVES;12;10;1040;;4;FEMININO;3;CASADO;5054;50 a 54 anos                  ;3;ENSINO FUNDAMENTAL INCOMPLETO;-3;#NE;-3;#NE;-3;#NE;-3;#NE;Obrigatório;3;0;0;0
13/04/2021;19:37:12;2012;ES;56057;ALFREDO CHAVES;12;10;1040;;4;FEMININO;3;CASADO;5054;50 a 54 anos                  ;4;ENSINO FUNDAMENTAL COMPLETO;-3;#NE;-3;#NE;-3;#NE;-3;#NE;Obrigatório;1;0;0;0
13/04/2021;19:37:12;2012;ES;56057;ALFREDO CHAVES;12;10;1040;;4;FEMININO;3;CASADO;5054;50 a 54 anos                  ;8;SUPERIOR COMPLETO;-3;#NE;-3;#NE;-3;#NE;-3;#NE;Obrigatório;1;0;0;0
13/04/2021;19:37:12;2012;ES;56057;ALFREDO CHAVES;12;10;1040;;4;FEMININO;3;CASADO;5559;55 a 59 anos                  ;2;LÊ E ESCREVE;-3;#NE;-3;#NE;-3;#NE;-3;#NE;Obrigatório;1;0;0;0
13/04/2021;19:37:12;2012;ES;56057;ALFREDO CHAVES;12;10;1040;;4;FEMININO;3;CASADO;5559;55 a 59 anos                  ;3;ENSINO FUNDAMENTAL INCOMPLETO;-3;#NE;-3;#NE;-3;#NE;-3;#NE;Obrigatório;8;0;0;0
13/04/2021;19:37:12;2012;ES;56057;ALFREDO CHAVES;12;10;1040;;4;FEMININO;3;CASADO;5559;55 a 59 anos                  ;6;ENSINO MÉDIO COMPLETO;-3;#NE;-3;#NE;-3;#NE;-3;#NE;Obrigatório;1;0;0;0
13/04/2021;19:37:12;2012;ES;56057;ALFREDO CHAVES;12;10;1040;;4;FEMININO;3;CASADO;5559;55 a 59 anos                  ;7;SUPERIOR INCOMPLETO;-3;#NE;-3;#NE;-3;#NE;-3;#NE;Obrigatório;1;0;0;0
13/04/2021;19:37:12;2012;ES;56057;ALFREDO CHAVES;12;10;1040;;4;FEMININO;3;CASADO;6064;60 a 64 anos                  ;1;ANALFABETO;-3;#NE;-3;#NE;-3;#NE;-3;#NE;Facultativo;1;0;0;0
13/04/2021;19:37:12;2012;ES;56057;ALFREDO CHAVES;12;10;1040;;4;FEMININO;3;CASADO;6064;60 a 64 anos                  ;3;ENSINO FUNDAMENTAL INCOMPLETO;-3;#NE;-3;#NE;-3;#NE;-3;#NE;Obrigatório;1;0;0;0
13/04/2021;19:37:12;2012;ES;56057;ALFREDO CHAVES;12;10;1040;;4;FEMININO;3;CASADO;6569;65 a 69 anos                  ;2;LÊ E ESCREVE;-3;#NE;-3;#NE;-3;#NE;-3;#NE;Obrigatório;2;0;0;0
13/04/2021;19:37:12;2012;ES;56057;ALFREDO CHAVES;12;10;1040;;4;FEMININO;3;CASADO;6569;65 a 69 anos                  ;3;ENSINO FUNDAMENTAL INCOMPLETO;-3;#NE;-3;#NE;-3;#NE;-3;#NE;Obrigatório;4;0;0;0
13/04/2021;19:37:12;2012;ES;56057;ALFREDO CHAVES;12;10;1040;;4;FEMININO;3;CASADO;7074;70 a 74 anos                  ;1;ANALFABETO;-3;#NE;-3;#NE;-3;#NE;-3;#NE;Facultativo;2;0;0;0
13/04/2021;19:37:12;2012;ES;56057;ALFREDO CHAVES;12;10;1040;;4;FEMININO;3;CASADO;7074;70 a 74 anos                  ;2;LÊ E ESCREVE;-3;#NE;-3;#NE;-3;#NE;-3;#NE;Facultativo;1;0;0;0
13/04/2021;19:37:12;2012;ES;56057;ALFREDO CHAVES;12;10;1040;;4;FEMININO;3;CASADO;7074;70 a 74 anos                  ;3;ENSINO FUNDAMENTAL INCOMPLETO;-3;#NE;-3;#NE;-3;#NE;-3;#NE;Facultativo;4;0;0;0
13/04/2021;19:37:12;2012;ES;56057;ALFREDO CHAVES;12;10;1040;;4;FEMININO;3;CASADO;8084;80 a 84 anos                  ;2;LÊ E ESCREVE;-3;#NE;-3;#NE;-3;#NE;-3;#NE;Facultativo;2;0;0;0
13/04/2021;19:37:12;2012;ES;56057;ALFREDO CHAVES;12;10;1040;;4;FEMININO;3;CASADO;8589;85 a 89 anos                  ;2;LÊ E ESCREVE;-3;#NE;-3;#NE;-3;#NE;-3;#NE;Facultativo;2;0;0;0
13/04/2021;19:37:12;2012;ES;56057;ALFREDO CHAVES;12;10;1040;;4;FEMININO;3;CASADO;9094;90 a 94 anos                  ;3;ENSINO FUNDAMENTAL INCOMPLETO;-3;#NE;-3;#NE;-3;#NE;-3;#NE;Facultativo;1;0;0;0
13/04/2021;19:37:12;2012;ES;56057;ALFREDO CHAVES;12;10;1040;;4;FEMININO;5;VIÚVO;7074;70 a 74 anos                  ;3;ENSINO FUNDAMENTAL INCOMPLETO;-3;#NE;-3;#NE;-3;#NE;-3;#NE;Facultativo;1;0;0;0
13/04/2021;19:37:12;2012;ES;56057;ALFREDO CHAVES;12;10;1040;;4;FEMININO;7;SEPARADO JUDICIALMENTE;5559;55 a 59 anos                  ;3;ENSINO FUNDAMENTAL INCOMPLETO;-3;#NE;-3;#NE;-3;#NE;-3;#NE;Obrigatório;1;0;0;0
13/04/2021;19:37:12;2012;ES;56057;ALFREDO CHAVES;12;10;1040;;4;FEMININO;9;DIVORCIADO;4044;40 a 44 anos                  ;3;ENSINO FUNDAMENTAL INCOMPLETO;-3;#NE;-3;#NE;-3;#NE;-3;#NE;Obrigatório;1;0;0;0
13/04/2021;19:37:12;2012;ES;56057;ALFREDO CHAVES;12;10;1040;;4;FEMININO;9;DIVORCIADO;5559;55 a 59 anos                  ;6;ENSINO MÉDIO COMPLETO;-3;#NE;-3;#NE;-3;#NE;-3;#NE;Obrigatório;1;0;0;0
13/04/2021;19:37:12;2012;ES;56057;ALFREDO CHAVES;12;11;1040;;2;MASCULINO;1;SOLTEIRO;1800;18 anos                       ;4;ENSINO FUNDAMENTAL COMPLETO;-3;#NE;-3;#NE;-3;#NE;-3;#NE;Obrigatório;1;0;0;0
13/04/2021;19:37:12;2012;ES;56057;ALFREDO CHAVES;12;11;1040;;2;MASCULINO;1;SOLTEIRO;2000;20 anos                       ;4;ENSINO FUNDAMENTAL COMPLETO;-3;#NE;-3;#NE;-3;#NE;-3;#NE;Obrigatório;1;0;0;0
13/04/2021;19:37:12;2012;ES;56057;ALFREDO CHAVES;12;11;1040;;2;MASCULINO;1;SOLTEIRO;2124;21 a 24 anos                  ;3;ENSINO FUNDAMENTAL INCOMPLETO;-3;#NE;-3;#NE;-3;#NE;-3;#NE;Obrigatório;3;0;0;0
13/04/2021;19:37:12;2012;ES;56057;ALFREDO CHAVES;12;11;1040;;2;MASCULINO;1;SOLTEIRO;2124;21 a 24 anos                  ;5;ENSINO MÉDIO INCOMPLETO;-3;#NE;-3;#NE;-3;#NE;-3;#NE;Obrigatório;8;0;0;0
13/04/2021;19:37:12;2012;ES;56057;ALFREDO CHAVES;12;11;1040;;2;MASCULINO;1;SOLTEIRO;2124;21 a 24 anos                  ;6;ENSINO MÉDIO COMPLETO;-3;#NE;-3;#NE;-3;#NE;-3;#NE;Obrigatório;1;0;0;0
13/04/2021;19:37:12;2012;ES;56057;ALFREDO CHAVES;12;12;1058;;4;FEMININO;3;CASADO;2529;25 a 29 anos                  ;4;ENSINO FUNDAMENTAL COMPLETO;-3;#NE;-3;#NE;-3;#NE;-3;#NE;Obrigatório;2;0;0;0
13/04/2021;19:37:12;2012;ES;56057;ALFREDO CHAVES;12;12;1058;;4;FEMININO;3;CASADO;2529;25 a 29 anos                  ;5;ENSINO MÉDIO INCOMPLETO;-3;#NE;-3;#NE;-3;#NE;-3;#NE;Obrigatório;1;0;0;0
13/04/2021;19:37:12;2012;ES;56057;ALFREDO CHAVES;12;12;1058;;4;FEMININO;3;CASADO;3034;30 a 34 anos                  ;3;ENSINO FUNDAMENTAL INCOMPLETO;-3;#NE;-3;#NE;-3;#NE;-3;#NE;Obrigatório;2;0;0;0
13/04/2021;19:37:12;2012;ES;56057;ALFREDO CHAVES;12;12;1058;;4;FEMININO;3;CASADO;3034;30 a 34 anos                  ;4;ENSINO FUNDAMENTAL COMPLETO;-3;#NE;-3;#NE;-3;#NE;-3;#NE;Obrigatório;1;0;0;0
13/04/2021;19:37:12;2012;ES;56057;ALFREDO CHAVES;12;12;1058;;4;FEMININO;3;CASADO;3034;30 a 34 anos                  ;6;ENSINO MÉDIO COMPLETO;-3;#NE;-3;#NE;-3;#NE;-3;#NE;Obrigatório;1;0;0;0
13/04/2021;19:37:12;2012;ES;56057;ALFREDO CHAVES;12;12;1058;;4;FEMININO;3;CASADO;3539;35 a 39 anos                  ;3;ENSINO FUNDAMENTAL INCOMPLETO;-3;#NE;-3;#NE;-3;#NE;-3;#NE;Obrigatório;4;0;0;0
13/04/2021;19:37:12;2012;ES;56057;ALFREDO CHAVES;12;12;1058;;4;FEMININO;3;CASADO;3539;35 a 39 anos                  ;7;SUPERIOR INCOMPLETO;-3;#NE;-3;#NE;-3;#NE;-3;#NE;Obrigatório;1;0;0;0
13/04/2021;19:37:12;2012;ES;56057;ALFREDO CHAVES;12;12;1058;;4;FEMININO;3;CASADO;4044;40 a 44 anos                  ;2;LÊ E ESCREVE;-3;#NE;-3;#NE;-3;#NE;-3;#NE;Obrigatório;1;0;0;0
13/04/2021;19:37:12;2012;ES;56057;ALFREDO CHAVES;12;12;1058;;4;FEMININO;3;CASADO;4044;40 a 44 anos                  ;4;ENSINO FUNDAMENTAL COMPLETO;-3;#NE;-3;#NE;-3;#NE;-3;#NE;Obrigatório;1;0;0;0
13/04/2021;19:37:12;2012;ES;56057;ALFREDO CHAVES;12;12;1058;;4;FEMININO;3;CASADO;4044;40 a 44 anos                  ;6;ENSINO MÉDIO COMPLETO;-3;#NE;-3;#NE;-3;#NE;-3;#NE;Obrigatório;1;0;0;0
13/04/2021;19:37:12;2012;ES;56057;ALFREDO CHAVES;12;12;1058;;4;FEMININO;3;CASADO;4044;40 a 44 anos                  ;8;SUPERIOR COMPLETO;-3;#NE;-3;#NE;-3;#NE;-3;#NE;Obrigatório;1;0;0;0
13/04/2021;19:37:12;2012;ES;56057;ALFREDO CHAVES;12;12;1058;;4;FEMININO;3;CASADO;4549;45 a 49 anos                  ;3;ENSINO FUNDAMENTAL INCOMPLETO;-3;#NE;-3;#NE;-3;#NE;-3;#NE;Obrigatório;5;0;0;0
13/04/2021;19:37:12;2012;ES;56057;ALFREDO CHAVES;12;12;1058;;4;FEMININO;3;CASADO;5054;50 a 54 anos                  ;2;LÊ E ESCREVE;-3;#NE;-3;#NE;-3;#NE;-3;#NE;Obrigatório;1;0;0;0
13/04/2021;19:37:12;2012;ES;56057;ALFREDO CHAVES;12;12;1058;;4;FEMININO;3;CASADO;5054;50 a 54 anos                  ;3;ENSINO FUNDAMENTAL INCOMPLETO;-3;#NE;-3;#NE;-3;#NE;-3;#NE;Obrigatório;8;0;0;0
13/04/2021;19:37:12;2012;ES;56057;ALFREDO CHAVES;12;12;1058;;4;FEMININO;3;CASADO;5054;50 a 54 anos                  ;6;ENSINO MÉDIO COMPLETO;-3;#NE;-3;#NE;-3;#NE;-3;#NE;Obrigatório;3;0;0;0
13/04/2021;19:37:12;2012;ES;56057;ALFREDO CHAVES;12;12;1058;;4;FEMININO;3;CASADO;5559;55 a 59 anos                  ;1;ANALFABETO;-3;#NE;-3;#NE;-3;#NE;-3;#NE;Facultativo;2;0;0;0
13/04/2021;19:37:12;2012;ES;56057;ALFREDO CHAVES;12;12;1058;;4;FEMININO;3;CASADO;5559;55 a 59 anos                  ;3;ENSINO FUNDAMENTAL INCOMPLETO;-3;#NE;-3;#NE;-3;#NE;-3;#NE;Obrigatório;5;0;0;0
13/04/2021;19:37:12;2012;ES;56057;ALFREDO CHAVES;12;12;1058;;4;FEMININO;3;CASADO;5559;55 a 59 anos                  ;6;ENSINO MÉDIO COMPLETO;-3;#NE;-3;#NE;-3;#NE;-3;#NE;Obrigatório;2;0;0;0
13/04/2021;19:37:12;2012;ES;56057;ALFREDO CHAVES;12;12;1058;;4;FEMININO;3;CASADO;6064;60 a 64 anos                  ;1;ANALFABETO;-3;#NE;-3;#NE;-3;#NE;-3;#NE;Facultativo;1;0;0;0
13/04/2021;19:37:12;2012;ES;56057;ALFREDO CHAVES;12;12;1058;;4;FEMININO;3;CASADO;6064;60 a 64 anos                  ;2;LÊ E ESCREVE;-3;#NE;-3;#NE;-3;#NE;-3;#NE;Obrigatório;4;0;0;0
13/04/2021;19:37:12;2012;ES;56057;ALFREDO CHAVES;12;12;1058;;4;FEMININO;3;CASADO;6064;60 a 64 anos                  ;3;ENSINO FUNDAMENTAL INCOMPLETO;-3;#NE;-3;#NE;-3;#NE;-3;#NE;Obrigatório;4;0;0;0
13/04/2021;19:37:12;2012;ES;56057;ALFREDO CHAVES;12;12;1058;;4;FEMININO;3;CASADO;6569;65 a 69 anos                  ;2;LÊ E ESCREVE;-3;#NE;-3;#NE;-3;#NE;-3;#NE;Obrigatório;2;0;0;0
13/04/2021;19:37:12;2012;ES;56057;ALFREDO CHAVES;12;12;1058;;4;FEMININO;3;CASADO;6569;65 a 69 anos                  ;3;ENSINO FUNDAMENTAL INCOMPLETO;-3;#NE;-3;#NE;-3;#NE;-3;#NE;Obrigatório;1;0;0;0
13/04/2021;19:37:12;2012;ES;56057;ALFREDO CHAVES;12;12;1058;;4;FEMININO;3;CASADO;7074;70 a 74 anos                  ;2;LÊ E ESCREVE;-3;#NE;-3;#NE;-3;#NE;-3;#NE;Facultativo;5;0;0;0
13/04/2021;19:37:12;2012;ES;56057;ALFREDO CHAVES;12;12;1058;;4;FEMININO;3;CASADO;7579;75 a 79 anos                  ;3;ENSINO FUNDAMENTAL INCOMPLETO;-3;#NE;-3;#NE;-3;#NE;-3;#NE;Facultativo;1;0;0;0
13/04/2021;19:37:12;2012;ES;56057;ALFREDO CHAVES;12;12;1058;;4;FEMININO;3;CASADO;7579;75 a 79 anos                  ;4;ENSINO FUNDAMENTAL COMPLETO;-3;#NE;-3;#NE;-3;#NE;-3;#NE;Facultativo;2;0;0;0
13/04/2021;19:37:12;2012;ES;56057;ALFREDO CHAVES;12;12;1058;;4;FEMININO;3;CASADO;8589;85 a 89 anos                  ;3;ENSINO FUNDAMENTAL INCOMPLETO;-3;#NE;-3;#NE;-3;#NE;-3;#NE;Facultativo;1;0;0;0
13/04/2021;19:37:12;2012;ES;56057;ALFREDO CHAVES;12;12;1058;;4;FEMININO;9;DIVORCIADO;5054;50 a 54 anos                  ;6;ENSINO MÉDIO COMPLETO;-3;#NE;-3;#NE;-3;#NE;-3;#NE;Obrigatório;1;0;0;0
13/04/2021;19:37:12;2012;ES;56057;ALFREDO CHAVES;12;13;1058;;0;NÃO INFORMADO;1;SOLTEIRO;4549;45 a 49 anos                  ;4;ENSINO FUNDAMENTAL COMPLETO;-3;#NE;-3;#NE;-3;#NE;-3;#NE;Obrigatório;1;0;0;0
13/04/2021;19:37:12;2012;ES;56057;ALFREDO CHAVES;12;13;1058;;0;NÃO INFORMADO;3;CASADO;7579;75 a 79 anos                  ;2;LÊ E ESCREVE;-3;#NE;-3;#NE;-3;#NE;-3;#NE;Facultativo;1;0;0;0
13/04/2021;19:37:12;2012;ES;56057;ALFREDO CHAVES;12;13;1058;;2;MASCULINO;1;SOLTEIRO;1700;17 anos                       ;5;ENSINO MÉDIO INCOMPLETO;-3;#NE;-3;#NE;-3;#NE;-3;#NE;Facultativo;4;0;0;0
13/04/2021;19:37:12;2012;ES;56057;ALFREDO CHAVES;12;13;1058;;2;MASCULINO;1;SOLTEIRO;1800;18 anos                       ;6;ENSINO MÉDIO COMPLETO;-3;#NE;-3;#NE;-3;#NE;-3;#NE;Obrigatório;1;0;0;0
13/04/2021;19:37:12;2012;ES;56057;ALFREDO CHAVES;12;13;1058;;2;MASCULINO;1;SOLTEIRO;1900;19 anos                       ;3;ENSINO FUNDAMENTAL INCOMPLETO;-3;#NE;-3;#NE;-3;#NE;-3;#NE;Obrigatório;2;0;0;0
13/04/2021;19:37:12;2012;ES;56057;ALFREDO CHAVES;12;13;1058;;2;MASCULINO;1;SOLTEIRO;2124;21 a 24 anos                  ;3;ENSINO FUNDAMENTAL INCOMPLETO;-3;#NE;-3;#NE;-3;#NE;-3;#NE;Obrigatório;3;0;0;0
13/04/2021;19:37:12;2012;ES;56057;ALFREDO CHAVES;12;13;1058;;2;MASCULINO;1;SOLTEIRO;2124;21 a 24 anos                  ;4;ENSINO FUNDAMENTAL COMPLETO;-3;#NE;-3;#NE;-3;#NE;-3;#NE;Obrigatório;2;0;0;0
13/04/2021;19:37:12;2012;ES;56057;ALFREDO CHAVES;12;13;1058;;2;MASCULINO;1;SOLTEIRO;2124;21 a 24 anos                  ;5;ENSINO MÉDIO INCOMPLETO;-3;#NE;-3;#NE;-3;#NE;-3;#NE;Obrigatório;10;0;0;0
13/04/2021;19:37:12;2012;ES;56057;ALFREDO CHAVES;12;13;1058;;2;MASCULINO;1;SOLTEIRO;2124;21 a 24 anos                  ;7;SUPERIOR INCOMPLETO;-3;#NE;-3;#NE;-3;#NE;-3;#NE;Obrigatório;1;0;0;0
13/04/2021;19:37:12;2012;ES;56057;ALFREDO CHAVES;12;13;1058;;2;MASCULINO;1;SOLTEIRO;2529;25 a 29 anos                  ;3;ENSINO FUNDAMENTAL INCOMPLETO;-3;#NE;-3;#NE;-3;#NE;-3;#NE;Obrigatório;8;0;0;0
13/04/2021;19:37:12;2012;ES;56057;ALFREDO CHAVES;12;13;1058;;2;MASCULINO;1;SOLTEIRO;2529;25 a 29 anos                  ;4;ENSINO FUNDAMENTAL COMPLETO;-3;#NE;-3;#NE;-3;#NE;-3;#NE;Obrigatório;1;0;0;0
13/04/2021;19:37:12;2012;ES;56057;ALFREDO CHAVES;12;13;1058;;2;MASCULINO;1;SOLTEIRO;2529;25 a 29 anos                  ;5;ENSINO MÉDIO INCOMPLETO;-3;#NE;-3;#NE;-3;#NE;-3;#NE;Obrigatório;9;0;0;0
13/04/2021;19:37:12;2012;ES;56057;ALFREDO CHAVES;12;13;1058;;2;MASCULINO;1;SOLTEIRO;2529;25 a 29 anos                  ;6;ENSINO MÉDIO COMPLETO;-3;#NE;-3;#NE;-3;#NE;-3;#NE;Obrigatório;2;0;0;0
13/04/2021;19:37:12;2012;ES;56057;ALFREDO CHAVES;12;13;1058;;2;MASCULINO;1;SOLTEIRO;3034;30 a 34 anos                  ;3;ENSINO FUNDAMENTAL INCOMPLETO;-3;#NE;-3;#NE;-3;#NE;-3;#NE;Obrigatório;11;0;0;0
13/04/2021;19:37:12;2012;ES;56057;ALFREDO CHAVES;12;13;1058;;2;MASCULINO;1;SOLTEIRO;3034;30 a 34 anos                  ;4;ENSINO FUNDAMENTAL COMPLETO;-3;#NE;-3;#NE;-3;#NE;-3;#NE;Obrigatório;2;0;0;0
13/04/2021;19:37:12;2012;ES;56057;ALFREDO CHAVES;12;13;1058;;2;MASCULINO;1;SOLTEIRO;3034;30 a 34 anos                  ;5;ENSINO MÉDIO INCOMPLETO;-3;#NE;-3;#NE;-3;#NE;-3;#NE;Obrigatório;9;0;0;0
13/04/2021;19:37:12;2012;ES;56057;ALFREDO CHAVES;12;13;1058;;2;MASCULINO;1;SOLTEIRO;3034;30 a 34 anos                  ;6;ENSINO MÉDIO COMPLETO;-3;#NE;-3;#NE;-3;#NE;-3;#NE;Obrigatório;4;0;0;0
13/04/2021;19:37:12;2012;ES;56057;ALFREDO CHAVES;12;13;1058;;2;MASCULINO;1;SOLTEIRO;3034;30 a 34 anos                  ;7;SUPERIOR INCOMPLETO;-3;#NE;-3;#NE;-3;#NE;-3;#NE;Obrigatório;1;0;0;0
13/04/2021;19:37:12;2012;ES;56057;ALFREDO CHAVES;12;13;1058;;2;MASCULINO;1;SOLTEIRO;3034;30 a 34 anos                  ;8;SUPERIOR COMPLETO;-3;#NE;-3;#NE;-3;#NE;-3;#NE;Obrigatório;2;0;0;0
13/04/2021;19:37:12;2012;ES;56057;ALFREDO CHAVES;12;13;1058;;2;MASCULINO;1;SOLTEIRO;3539;35 a 39 anos                  ;3;ENSINO FUNDAMENTAL INCOMPLETO;-3;#NE;-3;#NE;-3;#NE;-3;#NE;Obrigatório;5;0;0;0
13/04/2021;19:37:12;2012;ES;56057;ALFREDO CHAVES;12;13;1058;;2;MASCULINO;1;SOLTEIRO;3539;35 a 39 anos                  ;4;ENSINO FUNDAMENTAL COMPLETO;-3;#NE;-3;#NE;-3;#NE;-3;#NE;Obrigatório;1;0;0;0
13/04/2021;19:37:12;2012;ES;56057;ALFREDO CHAVES;12;13;1058;;2;MASCULINO;1;SOLTEIRO;3539;35 a 39 anos                  ;5;ENSINO MÉDIO INCOMPLETO;-3;#NE;-3;#NE;-3;#NE;-3;#NE;Obrigatório;2;0;0;0
13/04/2021;19:37:12;2012;ES;56057;ALFREDO CHAVES;12;13;1058;;2;MASCULINO;1;SOLTEIRO;3539;35 a 39 anos                  ;6;ENSINO MÉDIO COMPLETO;-3;#NE;-3;#NE;-3;#NE;-3;#NE;Obrigatório;2;0;0;0
13/04/2021;19:37:12;2012;ES;56057;ALFREDO CHAVES;12;13;1058;;2;MASCULINO;1;SOLTEIRO;4044;40 a 44 anos                  ;5;ENSINO MÉDIO INCOMPLETO;-3;#NE;-3;#NE;-3;#NE;-3;#NE;Obrigatório;1;0;0;0
13/04/2021;19:37:12;2012;ES;56057;ALFREDO CHAVES;12;14;1066;;4;FEMININO;5;VIÚVO;4549;45 a 49 anos                  ;3;ENSINO FUNDAMENTAL INCOMPLETO;-3;#NE;-3;#NE;-3;#NE;-3;#NE;Obrigatório;1;0;0;0
13/04/2021;19:37:12;2012;ES;56057;ALFREDO CHAVES;12;14;1066;;4;FEMININO;5;VIÚVO;8084;80 a 84 anos                  ;2;LÊ E ESCREVE;-3;#NE;-3;#NE;-3;#NE;-3;#NE;Facultativo;1;0;0;0
13/04/2021;19:37:12;2012;ES;56057;ALFREDO CHAVES;12;14;1066;;4;FEMININO;5;VIÚVO;8589;85 a 89 anos                  ;2;LÊ E ESCREVE;-3;#NE;-3;#NE;-3;#NE;-3;#NE;Facultativo;1;0;0;0
13/04/2021;19:37:12;2012;ES;56057;ALFREDO CHAVES;12;14;1066;;4;FEMININO;9;DIVORCIADO;6064;60 a 64 anos                  ;4;ENSINO FUNDAMENTAL COMPLETO;-3;#NE;-3;#NE;-3;#NE;-3;#NE;Obrigatório;1;0;0;0
13/04/2021;19:37:12;2012;ES;56057;ALFREDO CHAVES;12;15;1074;;2;MASCULINO;0;NÃO INFORMADO;5054;50 a 54 anos                  ;2;LÊ E ESCREVE;-3;#NE;-3;#NE;-3;#NE;-3;#NE;Obrigatório;1;0;0;0
13/04/2021;19:37:12;2012;ES;56057;ALFREDO CHAVES;12;15;1074;;2;MASCULINO;0;NÃO INFORMADO;7579;75 a 79 anos                  ;1;ANALFABETO;-3;#NE;-3;#NE;-3;#NE;-3;#NE;Facultativo;1;0;0;0
13/04/2021;19:37:12;2012;ES;56057;ALFREDO CHAVES;12;15;1074;;2;MASCULINO;1;SOLTEIRO;1900;19 anos                       ;3;ENSINO FUNDAMENTAL INCOMPLETO;-3;#NE;-3;#NE;-3;#NE;-3;#NE;Obrigatório;1;0;0;0
13/04/2021;19:37:12;2012;ES;56057;ALFREDO CHAVES;12;15;1074;;2;MASCULINO;1;SOLTEIRO;2124;21 a 24 anos                  ;5;ENSINO MÉDIO INCOMPLETO;-3;#NE;-3;#NE;-3;#NE;-3;#NE;Obrigatório;3;0;0;0
13/04/2021;19:37:12;2012;ES;56057;ALFREDO CHAVES;12;15;1074;;2;MASCULINO;1;SOLTEIRO;2529;25 a 29 anos                  ;3;ENSINO FUNDAMENTAL INCOMPLETO;-3;#NE;-3;#NE;-3;#NE;-3;#NE;Obrigatório;11;0;0;0
13/04/2021;19:37:12;2012;ES;56057;ALFREDO CHAVES;12;15;1074;;2;MASCULINO;1;SOLTEIRO;2529;25 a 29 anos                  ;5;ENSINO MÉDIO INCOMPLETO;-3;#NE;-3;#NE;-3;#NE;-3;#NE;Obrigatório;3;0;0;0
13/04/2021;19:37:12;2012;ES;56057;ALFREDO CHAVES;12;15;1074;;2;MASCULINO;1;SOLTEIRO;2529;25 a 29 anos                  ;6;ENSINO MÉDIO COMPLETO;-3;#NE;-3;#NE;-3;#NE;-3;#NE;Obrigatório;1;0;0;0
13/04/2021;19:37:12;2012;ES;56057;ALFREDO CHAVES;12;15;1074;;2;MASCULINO;1;SOLTEIRO;3034;30 a 34 anos                  ;3;ENSINO FUNDAMENTAL INCOMPLETO;-3;#NE;-3;#NE;-3;#NE;-3;#NE;Obrigatório;3;0;0;0
13/04/2021;19:37:12;2012;ES;56057;ALFREDO CHAVES;12;15;1074;;2;MASCULINO;1;SOLTEIRO;3539;35 a 39 anos                  ;3;ENSINO FUNDAMENTAL INCOMPLETO;-3;#NE;-3;#NE;-3;#NE;-3;#NE;Obrigatório;3;0;0;0
13/04/2021;19:37:12;2012;ES;56057;ALFREDO CHAVES;12;15;1074;;2;MASCULINO;1;SOLTEIRO;3539;35 a 39 anos                  ;5;ENSINO MÉDIO INCOMPLETO;-3;#NE;-3;#NE;-3;#NE;-3;#NE;Obrigatório;1;0;0;0
13/04/2021;19:37:12;2012;ES;56057;ALFREDO CHAVES;12;15;1074;;2;MASCULINO;1;SOLTEIRO;4044;40 a 44 anos                  ;3;ENSINO FUNDAMENTAL INCOMPLETO;-3;#NE;-3;#NE;-3;#NE;-3;#NE;Obrigatório;9;0;0;0
13/04/2021;19:37:12;2012;ES;56057;ALFREDO CHAVES;12;15;1074;;2;MASCULINO;1;SOLTEIRO;4549;45 a 49 anos                  ;3;ENSINO FUNDAMENTAL INCOMPLETO;-3;#NE;-3;#NE;-3;#NE;-3;#NE;Obrigatório;9;0;0;0
13/04/2021;19:37:12;2012;ES;56057;ALFREDO CHAVES;12;15;1074;;2;MASCULINO;1;SOLTEIRO;4549;45 a 49 anos                  ;4;ENSINO FUNDAMENTAL COMPLETO;-3;#NE;-3;#NE;-3;#NE;-3;#NE;Obrigatório;4;0;0;0
13/04/2021;19:37:12;2012;ES;56057;ALFREDO CHAVES;12;15;1074;;2;MASCULINO;1;SOLTEIRO;4549;45 a 49 anos                  ;6;ENSINO MÉDIO COMPLETO;-3;#NE;-3;#NE;-3;#NE;-3;#NE;Obrigatório;1;0;0;0
13/04/2021;19:37:12;2012;ES;56057;ALFREDO CHAVES;12;15;1074;;2;MASCULINO;1;SOLTEIRO;5054;50 a 54 anos                  ;1;ANALFABETO;-3;#NE;-3;#NE;-3;#NE;-3;#NE;Facultativo;1;0;0;0
13/04/2021;19:37:12;2012;ES;56057;ALFREDO CHAVES;12;15;1074;;2;MASCULINO;1;SOLTEIRO;5054;50 a 54 anos                  ;3;ENSINO FUNDAMENTAL INCOMPLETO;-3;#NE;-3;#NE;-3;#NE;-3;#NE;Obrigatório;7;0;0;0
13/04/2021;19:37:12;2012;ES;56057;ALFREDO CHAVES;12;15;1074;;2;MASCULINO;1;SOLTEIRO;5054;50 a 54 anos                  ;6;ENSINO MÉDIO COMPLETO;-3;#NE;-3;#NE;-3;#NE;-3;#NE;Obrigatório;1;0;0;0
13/04/2021;19:37:12;2012;ES;56057;ALFREDO CHAVES;12;15;1074;;2;MASCULINO;1;SOLTEIRO;5559;55 a 59 anos                  ;3;ENSINO FUNDAMENTAL INCOMPLETO;-3;#NE;-3;#NE;-3;#NE;-3;#NE;Obrigatório;2;0;0;0
13/04/2021;19:37:12;2012;ES;56057;ALFREDO CHAVES;12;15;1074;;2;MASCULINO;1;SOLTEIRO;5559;55 a 59 anos                  ;4;ENSINO FUNDAMENTAL COMPLETO;-3;#NE;-3;#NE;-3;#NE;-3;#NE;Obrigatório;2;0;0;0
13/04/2021;19:37:12;2012;ES;56057;ALFREDO CHAVES;12;15;1074;;2;MASCULINO;1;SOLTEIRO;6064;60 a 64 anos                  ;2;LÊ E ESCREVE;-3;#NE;-3;#NE;-3;#NE;-3;#NE;Obrigatório;1;0;0;0
13/04/2021;19:37:12;2012;ES;56057;ALFREDO CHAVES;12;15;1074;;2;MASCULINO;1;SOLTEIRO;6064;60 a 64 anos                  ;3;ENSINO FUNDAMENTAL INCOMPLETO;-3;#NE;-3;#NE;-3;#NE;-3;#NE;Obrigatório;2;0;0;0
13/04/2021;19:37:12;2012;ES;56057;ALFREDO CHAVES;12;15;1074;;2;MASCULINO;1;SOLTEIRO;6064;60 a 64 anos                  ;6;ENSINO MÉDIO COMPLETO;-3;#NE;-3;#NE;-3;#NE;-3;#NE;Obrigatório;1;0;0;0
13/04/2021;19:37:12;2012;ES;56057;ALFREDO CHAVES;12;15;1074;;2;MASCULINO;1;SOLTEIRO;7579;75 a 79 anos                  ;2;LÊ E ESCREVE;-3;#NE;-3;#NE;-3;#NE;-3;#NE;Facultativo;1;0;0;0
13/04/2021;19:37:12;2012;ES;56057;ALFREDO CHAVES;12;15;1074;;2;MASCULINO;3;CASADO;3034;30 a 34 anos                  ;3;ENSINO FUNDAMENTAL INCOMPLETO;-3;#NE;-3;#NE;-3;#NE;-3;#NE;Obrigatório;1;0;0;0
13/04/2021;19:37:12;2012;ES;56057;ALFREDO CHAVES;12;15;1074;;2;MASCULINO;3;CASADO;4044;40 a 44 anos                  ;3;ENSINO FUNDAMENTAL INCOMPLETO;-3;#NE;-3;#NE;-3;#NE;-3;#NE;Obrigatório;2;0;0;0
13/04/2021;19:37:12;2012;ES;56057;ALFREDO CHAVES;12;15;1074;;2;MASCULINO;3;CASADO;4044;40 a 44 anos                  ;5;ENSINO MÉDIO INCOMPLETO;-3;#NE;-3;#NE;-3;#NE;-3;#NE;Obrigatório;1;0;0;0
13/04/2021;19:37:12;2012;ES;56057;ALFREDO CHAVES;12;15;1074;;2;MASCULINO;3;CASADO;4549;45 a 49 anos                  ;3;ENSINO FUNDAMENTAL INCOMPLETO;-3;#NE;-3;#NE;-3;#NE;-3;#NE;Obrigatório;1;0;0;0
13/04/2021;19:37:12;2012;ES;56057;ALFREDO CHAVES;12;15;1074;;2;MASCULINO;3;CASADO;5054;50 a 54 anos                  ;2;LÊ E ESCREVE;-3;#NE;-3;#NE;-3;#NE;-3;#NE;Obrigatório;2;0;0;0
13/04/2021;19:37:12;2012;ES;56057;ALFREDO CHAVES;12;15;1074;;2;MASCULINO;3;CASADO;5054;50 a 54 anos                  ;3;ENSINO FUNDAMENTAL INCOMPLETO;-3;#NE;-3;#NE;-3;#NE;-3;#NE;Obrigatório;6;0;0;0
13/04/2021;19:37:12;2012;ES;56057;ALFREDO CHAVES;12;15;1074;;2;MASCULINO;3;CASADO;5054;50 a 54 anos                  ;4;ENSINO FUNDAMENTAL COMPLETO;-3;#NE;-3;#NE;-3;#NE;-3;#NE;Obrigatório;2;0;0;0
13/04/2021;19:37:12;2012;ES;56057;ALFREDO CHAVES;12;15;1074;;2;MASCULINO;3;CASADO;5559;55 a 59 anos                  ;1;ANALFABETO;-3;#NE;-3;#NE;-3;#NE;-3;#NE;Facultativo;2;0;0;0
13/04/2021;19:37:12;2012;ES;56057;ALFREDO CHAVES;12;15;1074;;2;MASCULINO;3;CASADO;5559;55 a 59 anos                  ;2;LÊ E ESCREVE;-3;#NE;-3;#NE;-3;#NE;-3;#NE;Obrigatório;4;0;0;0
13/04/2021;19:37:12;2012;ES;56057;ALFREDO CHAVES;12;15;1074;;2;MASCULINO;3;CASADO;5559;55 a 59 anos                  ;4;ENSINO FUNDAMENTAL COMPLETO;-3;#NE;-3;#NE;-3;#NE;-3;#NE;Obrigatório;1;0;0;0
13/04/2021;19:37:12;2012;ES;56057;ALFREDO CHAVES;12;17;1090;;2;MASCULINO;9;DIVORCIADO;4044;40 a 44 anos                  ;8;SUPERIOR COMPLETO;-3;#NE;-3;#NE;-3;#NE;-3;#NE;Obrigatório;1;0;0;0
13/04/2021;19:37:12;2012;ES;56057;ALFREDO CHAVES;12;17;1090;;2;MASCULINO;9;DIVORCIADO;5054;50 a 54 anos                  ;6;ENSINO MÉDIO COMPLETO;-3;#NE;-3;#NE;-3;#NE;-3;#NE;Obrigatório;1;0;0;0
13/04/2021;19:37:12;2012;ES;56057;ALFREDO CHAVES;12;17;1090;;4;FEMININO;1;SOLTEIRO;1700;17 anos                       ;5;ENSINO MÉDIO INCOMPLETO;-3;#NE;-3;#NE;-3;#NE;-3;#NE;Facultativo;2;0;0;0
13/04/2021;19:37:12;2012;ES;56057;ALFREDO CHAVES;12;17;1090;;4;FEMININO;1;SOLTEIRO;1900;19 anos                       ;4;ENSINO FUNDAMENTAL COMPLETO;-3;#NE;-3;#NE;-3;#NE;-3;#NE;Obrigatório;1;0;0;0
13/04/2021;19:37:12;2012;ES;56057;ALFREDO CHAVES;12;17;1090;;4;FEMININO;1;SOLTEIRO;2000;20 anos                       ;5;ENSINO MÉDIO INCOMPLETO;-3;#NE;-3;#NE;-3;#NE;-3;#NE;Obrigatório;2;0;0;0
13/04/2021;19:37:12;2012;ES;56057;ALFREDO CHAVES;12;17;1090;;4;FEMININO;1;SOLTEIRO;2124;21 a 24 anos                  ;3;ENSINO FUNDAMENTAL INCOMPLETO;-3;#NE;-3;#NE;-3;#NE;-3;#NE;Obrigatório;3;0;0;0
13/04/2021;19:37:12;2012;ES;56057;ALFREDO CHAVES;12;17;1090;;4;FEMININO;1;SOLTEIRO;2124;21 a 24 anos                  ;5;ENSINO MÉDIO INCOMPLETO;-3;#NE;-3;#NE;-3;#NE;-3;#NE;Obrigatório;4;0;0;0
13/04/2021;19:37:12;2012;ES;56057;ALFREDO CHAVES;12;17;1090;;4;FEMININO;1;SOLTEIRO;2529;25 a 29 anos                  ;3;ENSINO FUNDAMENTAL INCOMPLETO;-3;#NE;-3;#NE;-3;#NE;-3;#NE;Obrigatório;1;0;0;0
13/04/2021;19:37:12;2012;ES;56057;ALFREDO CHAVES;12;17;1090;;4;FEMININO;1;SOLTEIRO;2529;25 a 29 anos                  ;6;ENSINO MÉDIO COMPLETO;-3;#NE;-3;#NE;-3;#NE;-3;#NE;Obrigatório;3;0;0;0
13/04/2021;19:37:12;2012;ES;56057;ALFREDO CHAVES;12;17;1090;;4;FEMININO;1;SOLTEIRO;3034;30 a 34 anos                  ;2;LÊ E ESCREVE;-3;#NE;-3;#NE;-3;#NE;-3;#NE;Obrigatório;1;0;0;0
13/04/2021;19:37:12;2012;ES;56057;ALFREDO CHAVES;12;17;1090;;4;FEMININO;1;SOLTEIRO;3034;30 a 34 anos                  ;3;ENSINO FUNDAMENTAL INCOMPLETO;-3;#NE;-3;#NE;-3;#NE;-3;#NE;Obrigatório;1;0;0;0
13/04/2021;19:37:12;2012;ES;56057;ALFREDO CHAVES;12;17;1090;;4;FEMININO;1;SOLTEIRO;3034;30 a 34 anos                  ;5;ENSINO MÉDIO INCOMPLETO;-3;#NE;-3;#NE;-3;#NE;-3;#NE;Obrigatório;1;0;0;0
13/04/2021;19:37:12;2012;ES;56057;ALFREDO CHAVES;12;17;1090;;4;FEMININO;1;SOLTEIRO;3034;30 a 34 anos                  ;6;ENSINO MÉDIO COMPLETO;-3;#NE;-3;#NE;-3;#NE;-3;#NE;Obrigatório;1;0;0;0
13/04/2021;19:37:12;2012;ES;56057;ALFREDO CHAVES;12;17;1090;;4;FEMININO;1;SOLTEIRO;3034;30 a 34 anos                  ;8;SUPERIOR COMPLETO;-3;#NE;-3;#NE;-3;#NE;-3;#NE;Obrigatório;2;0;0;0
13/04/2021;19:37:12;2012;ES;56057;ALFREDO CHAVES;12;17;1090;;4;FEMININO;1;SOLTEIRO;3539;35 a 39 anos                  ;4;ENSINO FUNDAMENTAL COMPLETO;-3;#NE;-3;#NE;-3;#NE;-3;#NE;Obrigatório;1;0;0;0
13/04/2021;19:37:12;2012;ES;56057;ALFREDO CHAVES;12;17;1090;;4;FEMININO;1;SOLTEIRO;3539;35 a 39 anos                  ;5;ENSINO MÉDIO INCOMPLETO;-3;#NE;-3;#NE;-3;#NE;-3;#NE;Obrigatório;1;0;0;0
13/04/2021;19:37:12;2012;ES;56057;ALFREDO CHAVES;12;17;1090;;4;FEMININO;1;SOLTEIRO;4044;40 a 44 anos                  ;3;ENSINO FUNDAMENTAL INCOMPLETO;-3;#NE;-3;#NE;-3;#NE;-3;#NE;Obrigatório;8;0;0;0
13/04/2021;19:37:12;2012;ES;56057;ALFREDO CHAVES;12;17;1090;;4;FEMININO;1;SOLTEIRO;4044;40 a 44 anos                  ;6;ENSINO MÉDIO COMPLETO;-3;#NE;-3;#NE;-3;#NE;-3;#NE;Obrigatório;2;0;0;0
13/04/2021;19:37:12;2012;ES;56057;ALFREDO CHAVES;12;17;1090;;4;FEMININO;1;SOLTEIRO;4549;45 a 49 anos                  ;4;ENSINO FUNDAMENTAL COMPLETO;-3;#NE;-3;#NE;-3;#NE;-3;#NE;Obrigatório;1;0;0;0
13/04/2021;19:37:12;2012;ES;56057;ALFREDO CHAVES;12;17;1090;;4;FEMININO;1;SOLTEIRO;4549;45 a 49 anos                  ;5;ENSINO MÉDIO INCOMPLETO;-3;#NE;-3;#NE;-3;#NE;-3;#NE;Obrigatório;2;0;0;0
13/04/2021;19:37:12;2012;ES;56057;ALFREDO CHAVES;12;17;1090;;4;FEMININO;1;SOLTEIRO;5054;50 a 54 anos                  ;6;ENSINO MÉDIO COMPLETO;-3;#NE;-3;#NE;-3;#NE;-3;#NE;Obrigatório;1;0;0;0
13/04/2021;19:37:12;2012;ES;56057;ALFREDO CHAVES;12;17;1090;;4;FEMININO;1;SOLTEIRO;6569;65 a 69 anos                  ;3;ENSINO FUNDAMENTAL INCOMPLETO;-3;#NE;-3;#NE;-3;#NE;-3;#NE;Obrigatório;2;0;0;0
13/04/2021;19:37:12;2012;ES;56057;ALFREDO CHAVES;12;17;1090;;4;FEMININO;1;SOLTEIRO;6569;65 a 69 anos                  ;4;ENSINO FUNDAMENTAL COMPLETO;-3;#NE;-3;#NE;-3;#NE;-3;#NE;Obrigatório;1;0;0;0
13/04/2021;19:37:12;2012;ES;56057;ALFREDO CHAVES;12;17;1090;;4;FEMININO;1;SOLTEIRO;7074;70 a 74 anos                  ;3;ENSINO FUNDAMENTAL INCOMPLETO;-3;#NE;-3;#NE;-3;#NE;-3;#NE;Facultativo;1;0;0;0
13/04/2021;19:37:12;2012;ES;56057;ALFREDO CHAVES;12;17;1090;;4;FEMININO;3;CASADO;1800;18 anos                       ;6;ENSINO MÉDIO COMPLETO;-3;#NE;-3;#NE;-3;#NE;-3;#NE;Obrigatório;1;0;0;0
13/04/2021;19:37:12;2012;ES;56057;ALFREDO CHAVES;12;19;1104;;4;FEMININO;1;SOLTEIRO;5559;55 a 59 anos                  ;1;ANALFABETO;-3;#NE;-3;#NE;-3;#NE;-3;#NE;Facultativo;1;0;0;0
13/04/2021;19:37:12;2012;ES;56057;ALFREDO CHAVES;12;19;1104;;4;FEMININO;1;SOLTEIRO;6064;60 a 64 anos                  ;2;LÊ E ESCREVE;-3;#NE;-3;#NE;-3;#NE;-3;#NE;Obrigatório;1;0;0;0
13/04/2021;19:37:12;2012;ES;56057;ALFREDO CHAVES;12;19;1104;;4;FEMININO;1;SOLTEIRO;7074;70 a 74 anos                  ;3;ENSINO FUNDAMENTAL INCOMPLETO;-3;#NE;-3;#NE;-3;#NE;-3;#NE;Facultativo;1;0;0;0
13/04/2021;19:37:12;2012;ES;56057;ALFREDO CHAVES;12;19;1104;;4;FEMININO;3;CASADO;1900;19 anos                       ;5;ENSINO MÉDIO INCOMPLETO;-3;#NE;-3;#NE;-3;#NE;-3;#NE;Obrigatório;1;0;0;0
13/04/2021;19:37:12;2012;ES;56057;ALFREDO CHAVES;12;19;1104;;4;FEMININO;3;CASADO;2124;21 a 24 anos                  ;6;ENSINO MÉDIO COMPLETO;-3;#NE;-3;#NE;-3;#NE;-3;#NE;Obrigatório;2;0;0;0
13/04/2021;19:37:12;2012;ES;56057;ALFREDO CHAVES;12;19;1104;;4;FEMININO;3;CASADO;2529;25 a 29 anos                  ;6;ENSINO MÉDIO COMPLETO;-3;#NE;-3;#NE;-3;#NE;-3;#NE;Obrigatório;1;0;0;0
13/04/2021;19:37:12;2012;ES;56057;ALFREDO CHAVES;12;19;1104;;4;FEMININO;3;CASADO;3034;30 a 34 anos                  ;3;ENSINO FUNDAMENTAL INCOMPLETO;-3;#NE;-3;#NE;-3;#NE;-3;#NE;Obrigatório;4;0;0;0
13/04/2021;19:37:12;2012;ES;56057;ALFREDO CHAVES;12;19;1104;;4;FEMININO;3;CASADO;3034;30 a 34 anos                  ;4;ENSINO FUNDAMENTAL COMPLETO;-3;#NE;-3;#NE;-3;#NE;-3;#NE;Obrigatório;3;0;0;0
13/04/2021;19:37:12;2012;ES;56057;ALFREDO CHAVES;12;19;1104;;4;FEMININO;3;CASADO;3034;30 a 34 anos                  ;5;ENSINO MÉDIO INCOMPLETO;-3;#NE;-3;#NE;-3;#NE;-3;#NE;Obrigatório;2;0;0;0
13/04/2021;19:37:12;2012;ES;56057;ALFREDO CHAVES;12;19;1104;;4;FEMININO;3;CASADO;3539;35 a 39 anos                  ;8;SUPERIOR COMPLETO;-3;#NE;-3;#NE;-3;#NE;-3;#NE;Obrigatório;1;0;0;0
13/04/2021;19:37:12;2012;ES;56057;ALFREDO CHAVES;12;1;1015;;4;FEMININO;1;SOLTEIRO;5054;50 a 54 anos                  ;8;SUPERIOR COMPLETO;-3;#NE;-3;#NE;-3;#NE;-3;#NE;Obrigatório;1;0;0;0
13/04/2021;19:37:12;2012;ES;56057;ALFREDO CHAVES;12;1;1015;;4;FEMININO;1;SOLTEIRO;5559;55 a 59 anos                  ;6;ENSINO MÉDIO COMPLETO;-3;#NE;-3;#NE;-3;#NE;-3;#NE;Obrigatório;3;0;0;0
13/04/2021;19:37:12;2012;ES;56057;ALFREDO CHAVES;12;1;1015;;4;FEMININO;1;SOLTEIRO;6064;60 a 64 anos                  ;6;ENSINO MÉDIO COMPLETO;-3;#NE;-3;#NE;-3;#NE;-3;#NE;Obrigatório;1;0;0;0
13/04/2021;19:37:12;2012;ES;56057;ALFREDO CHAVES;12;1;1015;;4;FEMININO;1;SOLTEIRO;6064;60 a 64 anos                  ;8;SUPERIOR COMPLETO;-3;#NE;-3;#NE;-3;#NE;-3;#NE;Obrigatório;1;0;0;0
13/04/2021;19:37:12;2012;ES;56057;ALFREDO CHAVES;12;22;1139;;2;MASCULINO;1;SOLTEIRO;1700;17 anos                       ;5;ENSINO MÉDIO INCOMPLETO;-3;#NE;-3;#NE;-3;#NE;-3;#NE;Facultativo;1;0;0;0
13/04/2021;19:37:12;2012;ES;56057;ALFREDO CHAVES;12;22;1139;;2;MASCULINO;1;SOLTEIRO;1800;18 anos                       ;5;ENSINO MÉDIO INCOMPLETO;-3;#NE;-3;#NE;-3;#NE;-3;#NE;Obrigatório;2;0;0;0
13/04/2021;19:37:12;2012;ES;56057;ALFREDO CHAVES;12;23;1139;;4;FEMININO;3;CASADO;5054;50 a 54 anos                  ;1;ANALFABETO;-3;#NE;-3;#NE;-3;#NE;-3;#NE;Facultativo;1;0;0;0
13/04/2021;19:37:12;2012;ES;56057;ALFREDO CHAVES;12;23;1139;;4;FEMININO;3;CASADO;5054;50 a 54 anos                  ;2;LÊ E ESCREVE;-3;#NE;-3;#NE;-3;#NE;-3;#NE;Obrigatório;1;0;0;0
13/04/2021;19:37:12;2012;ES;56057;ALFREDO CHAVES;12;23;1139;;4;FEMININO;3;CASADO;5054;50 a 54 anos                  ;3;ENSINO FUNDAMENTAL INCOMPLETO;-3;#NE;-3;#NE;-3;#NE;-3;#NE;Obrigatório;5;0;0;0
13/04/2021;19:37:12;2012;ES;56057;ALFREDO CHAVES;12;23;1139;;4;FEMININO;3;CASADO;5054;50 a 54 anos                  ;6;ENSINO MÉDIO COMPLETO;-3;#NE;-3;#NE;-3;#NE;-3;#NE;Obrigatório;2;0;0;0
13/04/2021;19:37:12;2012;ES;56057;ALFREDO CHAVES;12;23;1139;;4;FEMININO;3;CASADO;5054;50 a 54 anos                  ;8;SUPERIOR COMPLETO;-3;#NE;-3;#NE;-3;#NE;-3;#NE;Obrigatório;2;0;0;0
13/04/2021;19:37:12;2012;ES;56057;ALFREDO CHAVES;12;23;1139;;4;FEMININO;3;CASADO;5559;55 a 59 anos                  ;2;LÊ E ESCREVE;-3;#NE;-3;#NE;-3;#NE;-3;#NE;Obrigatório;5;0;0;0
13/04/2021;19:37:12;2012;ES;56057;ALFREDO CHAVES;12;23;1139;;4;FEMININO;3;CASADO;5559;55 a 59 anos                  ;4;ENSINO FUNDAMENTAL COMPLETO;-3;#NE;-3;#NE;-3;#NE;-3;#NE;Obrigatório;2;0;0;0
13/04/2021;19:37:12;2012;ES;56057;ALFREDO CHAVES;12;23;1139;;4;FEMININO;3;CASADO;5559;55 a 59 anos                  ;6;ENSINO MÉDIO COMPLETO;-3;#NE;-3;#NE;-3;#NE;-3;#NE;Obrigatório;1;0;0;0
13/04/2021;19:37:12;2012;ES;56057;ALFREDO CHAVES;12;23;1139;;4;FEMININO;3;CASADO;6064;60 a 64 anos                  ;2;LÊ E ESCREVE;-3;#NE;-3;#NE;-3;#NE;-3;#NE;Obrigatório;3;0;0;0
13/04/2021;19:37:12;2012;ES;56057;ALFREDO CHAVES;12;23;1139;;4;FEMININO;3;CASADO;6064;60 a 64 anos                  ;8;SUPERIOR COMPLETO;-3;#NE;-3;#NE;-3;#NE;-3;#NE;Obrigatório;2;0;0;0
13/04/2021;19:37:12;2012;ES;56057;ALFREDO CHAVES;12;23;1139;;4;FEMININO;3;CASADO;6569;65 a 69 anos                  ;1;ANALFABETO;-3;#NE;-3;#NE;-3;#NE;-3;#NE;Facultativo;1;0;0;0
13/04/2021;19:37:12;2012;ES;56057;ALFREDO CHAVES;12;23;1139;;4;FEMININO;3;CASADO;6569;65 a 69 anos                  ;2;LÊ E ESCREVE;-3;#NE;-3;#NE;-3;#NE;-3;#NE;Obrigatório;3;0;0;0
13/04/2021;19:37:12;2012;ES;56057;ALFREDO CHAVES;12;23;1139;;4;FEMININO;3;CASADO;6569;65 a 69 anos                  ;6;ENSINO MÉDIO COMPLETO;-3;#NE;-3;#NE;-3;#NE;-3;#NE;Obrigatório;1;0;0;0
13/04/2021;19:37:12;2012;ES;56057;ALFREDO CHAVES;12;23;1139;;4;FEMININO;3;CASADO;7074;70 a 74 anos                  ;1;ANALFABETO;-3;#NE;-3;#NE;-3;#NE;-3;#NE;Facultativo;1;0;0;0
13/04/2021;19:37:12;2012;ES;56057;ALFREDO CHAVES;12;23;1139;;4;FEMININO;3;CASADO;7074;70 a 74 anos                  ;2;LÊ E ESCREVE;-3;#NE;-3;#NE;-3;#NE;-3;#NE;Facultativo;3;0;0;0
13/04/2021;19:37:12;2012;ES;56057;ALFREDO CHAVES;12;25;1155;;4;FEMININO;1;SOLTEIRO;1600;16 anos                       ;5;ENSINO MÉDIO INCOMPLETO;-3;#NE;-3;#NE;-3;#NE;-3;#NE;Facultativo;6;0;0;0
13/04/2021;19:37:12;2012;ES;56057;ALFREDO CHAVES;12;25;1155;;4;FEMININO;1;SOLTEIRO;1700;17 anos                       ;3;ENSINO FUNDAMENTAL INCOMPLETO;-3;#NE;-3;#NE;-3;#NE;-3;#NE;Facultativo;1;0;0;0
13/04/2021;19:37:12;2012;ES;56057;ALFREDO CHAVES;12;25;1155;;4;FEMININO;1;SOLTEIRO;1700;17 anos                       ;4;ENSINO FUNDAMENTAL COMPLETO;-3;#NE;-3;#NE;-3;#NE;-3;#NE;Facultativo;1;0;0;0
13/04/2021;19:37:12;2012;ES;56057;ALFREDO CHAVES;12;25;1155;;4;FEMININO;1;SOLTEIRO;1700;17 anos                       ;5;ENSINO MÉDIO INCOMPLETO;-3;#NE;-3;#NE;-3;#NE;-3;#NE;Facultativo;2;0;0;0
13/04/2021;19:37:12;2012;ES;56057;ALFREDO CHAVES;12;25;1155;;4;FEMININO;1;SOLTEIRO;1700;17 anos                       ;6;ENSINO MÉDIO COMPLETO;-3;#NE;-3;#NE;-3;#NE;-3;#NE;Facultativo;1;0;0;0
13/04/2021;19:37:12;2012;ES;56057;ALFREDO CHAVES;12;25;1155;;4;FEMININO;1;SOLTEIRO;1800;18 anos                       ;5;ENSINO MÉDIO INCOMPLETO;-3;#NE;-3;#NE;-3;#NE;-3;#NE;Obrigatório;2;0;0;0
13/04/2021;19:37:12;2012;ES;56057;ALFREDO CHAVES;12;25;1155;;4;FEMININO;1;SOLTEIRO;1900;19 anos                       ;5;ENSINO MÉDIO INCOMPLETO;-3;#NE;-3;#NE;-3;#NE;-3;#NE;Obrigatório;3;0;0;0
13/04/2021;19:37:12;2012;ES;56057;ALFREDO CHAVES;12;25;1155;;4;FEMININO;1;SOLTEIRO;2000;20 anos                       ;3;ENSINO FUNDAMENTAL INCOMPLETO;-3;#NE;-3;#NE;-3;#NE;-3;#NE;Obrigatório;1;0;0;0
13/04/2021;19:37:12;2012;ES;56057;ALFREDO CHAVES;12;25;1155;;4;FEMININO;1;SOLTEIRO;2000;20 anos                       ;5;ENSINO MÉDIO INCOMPLETO;-3;#NE;-3;#NE;-3;#NE;-3;#NE;Obrigatório;1;0;0;0
13/04/2021;19:37:12;2012;ES;56057;ALFREDO CHAVES;12;25;1155;;4;FEMININO;1;SOLTEIRO;2124;21 a 24 anos                  ;4;ENSINO FUNDAMENTAL COMPLETO;-3;#NE;-3;#NE;-3;#NE;-3;#NE;Obrigatório;1;0;0;0
13/04/2021;19:37:12;2012;ES;56057;ALFREDO CHAVES;12;25;1155;;4;FEMININO;1;SOLTEIRO;2124;21 a 24 anos                  ;5;ENSINO MÉDIO INCOMPLETO;-3;#NE;-3;#NE;-3;#NE;-3;#NE;Obrigatório;8;0;0;0
13/04/2021;19:37:12;2012;ES;56057;ALFREDO CHAVES;12;25;1155;;4;FEMININO;1;SOLTEIRO;2124;21 a 24 anos                  ;6;ENSINO MÉDIO COMPLETO;-3;#NE;-3;#NE;-3;#NE;-3;#NE;Obrigatório;1;0;0;0
13/04/2021;19:37:12;2012;ES;56057;ALFREDO CHAVES;12;25;1155;;4;FEMININO;1;SOLTEIRO;2529;25 a 29 anos                  ;3;ENSINO FUNDAMENTAL INCOMPLETO;-3;#NE;-3;#NE;-3;#NE;-3;#NE;Obrigatório;5;0;0;0
13/04/2021;19:37:12;2012;ES;56057;ALFREDO CHAVES;12;25;1155;;4;FEMININO;1;SOLTEIRO;2529;25 a 29 anos                  ;5;ENSINO MÉDIO INCOMPLETO;-3;#NE;-3;#NE;-3;#NE;-3;#NE;Obrigatório;11;0;0;0
13/04/2021;19:37:12;2012;ES;56057;ALFREDO CHAVES;12;25;1155;;4;FEMININO;1;SOLTEIRO;2529;25 a 29 anos                  ;6;ENSINO MÉDIO COMPLETO;-3;#NE;-3;#NE;-3;#NE;-3;#NE;Obrigatório;1;0;0;0
13/04/2021;19:37:12;2012;ES;56057;ALFREDO CHAVES;12;25;1155;;4;FEMININO;1;SOLTEIRO;3034;30 a 34 anos                  ;4;ENSINO FUNDAMENTAL COMPLETO;-3;#NE;-3;#NE;-3;#NE;-3;#NE;Obrigatório;3;0;0;0
13/04/2021;19:37:12;2012;ES;56057;ALFREDO CHAVES;12;27;1171;;4;FEMININO;1;SOLTEIRO;4549;45 a 49 anos                  ;6;ENSINO MÉDIO COMPLETO;-3;#NE;-3;#NE;-3;#NE;-3;#NE;Obrigatório;4;0;0;0
13/04/2021;19:37:12;2012;ES;56057;ALFREDO CHAVES;12;27;1171;;4;FEMININO;1;SOLTEIRO;5054;50 a 54 anos                  ;2;LÊ E ESCREVE;-3;#NE;-3;#NE;-3;#NE;-3;#NE;Obrigatório;1;0;0;0
13/04/2021;19:37:12;2012;ES;56057;ALFREDO CHAVES;12;27;1171;;4;FEMININO;1;SOLTEIRO;5054;50 a 54 anos                  ;6;ENSINO MÉDIO COMPLETO;-3;#NE;-3;#NE;-3;#NE;-3;#NE;Obrigatório;5;0;0;0
13/04/2021;19:37:12;2012;ES;56057;ALFREDO CHAVES;12;27;1171;;4;FEMININO;1;SOLTEIRO;5559;55 a 59 anos                  ;3;ENSINO FUNDAMENTAL INCOMPLETO;-3;#NE;-3;#NE;-3;#NE;-3;#NE;Obrigatório;1;0;0;0
13/04/2021;19:37:12;2012;ES;56057;ALFREDO CHAVES;12;27;1171;;4;FEMININO;1;SOLTEIRO;8589;85 a 89 anos                  ;2;LÊ E ESCREVE;-3;#NE;-3;#NE;-3;#NE;-3;#NE;Facultativo;1;0;0;0
13/04/2021;19:37:12;2012;ES;56057;ALFREDO CHAVES;12;25;1155;;2;MASCULINO;3;CASADO;4044;40 a 44 anos                  ;2;LÊ E ESCREVE;-3;#NE;-3;#NE;-3;#NE;-3;#NE;Obrigatório;2;0;0;0
13/04/2021;19:37:12;2012;ES;56057;ALFREDO CHAVES;12;25;1155;;2;MASCULINO;3;CASADO;4044;40 a 44 anos                  ;3;ENSINO FUNDAMENTAL INCOMPLETO;-3;#NE;-3;#NE;-3;#NE;-3;#NE;Obrigatório;1;0;0;0
13/04/2021;19:37:12;2012;ES;56057;ALFREDO CHAVES;12;25;1155;;2;MASCULINO;3;CASADO;4044;40 a 44 anos                  ;6;ENSINO MÉDIO COMPLETO;-3;#NE;-3;#NE;-3;#NE;-3;#NE;Obrigatório;1;0;0;0
13/04/2021;19:37:12;2012;ES;56057;ALFREDO CHAVES;12;25;1155;;2;MASCULINO;3;CASADO;4549;45 a 49 anos                  ;3;ENSINO FUNDAMENTAL INCOMPLETO;-3;#NE;-3;#NE;-3;#NE;-3;#NE;Obrigatório;5;0;0;0
13/04/2021;19:37:12;2012;ES;56057;ALFREDO CHAVES;12;25;1155;;2;MASCULINO;3;CASADO;4549;45 a 49 anos                  ;6;ENSINO MÉDIO COMPLETO;-3;#NE;-3;#NE;-3;#NE;-3;#NE;Obrigatório;1;0;0;0
13/04/2021;19:37:12;2012;ES;56057;ALFREDO CHAVES;12;25;1155;;2;MASCULINO;3;CASADO;5054;50 a 54 anos                  ;2;LÊ E ESCREVE;-3;#NE;-3;#NE;-3;#NE;-3;#NE;Obrigatório;3;0;0;0
13/04/2021;19:37:12;2012;ES;56057;ALFREDO CHAVES;12;25;1155;;2;MASCULINO;3;CASADO;5054;50 a 54 anos                  ;4;ENSINO FUNDAMENTAL COMPLETO;-3;#NE;-3;#NE;-3;#NE;-3;#NE;Obrigatório;2;0;0;0
13/04/2021;19:37:12;2012;ES;56057;ALFREDO CHAVES;12;25;1155;;2;MASCULINO;3;CASADO;5559;55 a 59 anos                  ;2;LÊ E ESCREVE;-3;#NE;-3;#NE;-3;#NE;-3;#NE;Obrigatório;2;0;0;0
13/04/2021;19:37:12;2012;ES;56057;ALFREDO CHAVES;12;25;1155;;2;MASCULINO;3;CASADO;5559;55 a 59 anos                  ;3;ENSINO FUNDAMENTAL INCOMPLETO;-3;#NE;-3;#NE;-3;#NE;-3;#NE;Obrigatório;7;0;0;0
13/04/2021;19:37:12;2012;ES;56057;ALFREDO CHAVES;12;25;1155;;2;MASCULINO;3;CASADO;6064;60 a 64 anos                  ;2;LÊ E ESCREVE;-3;#NE;-3;#NE;-3;#NE;-3;#NE;Obrigatório;2;0;0;0
13/04/2021;19:37:12;2012;ES;56057;ALFREDO CHAVES;12;25;1155;;2;MASCULINO;3;CASADO;6064;60 a 64 anos                  ;3;ENSINO FUNDAMENTAL INCOMPLETO;-3;#NE;-3;#NE;-3;#NE;-3;#NE;Obrigatório;8;0;0;0
13/04/2021;19:37:12;2012;ES;56057;ALFREDO CHAVES;12;25;1155;;2;MASCULINO;3;CASADO;6064;60 a 64 anos                  ;4;ENSINO FUNDAMENTAL COMPLETO;-3;#NE;-3;#NE;-3;#NE;-3;#NE;Obrigatório;1;0;0;0
13/04/2021;19:37:12;2012;ES;56057;ALFREDO CHAVES;12;25;1155;;2;MASCULINO;3;CASADO;6064;60 a 64 anos                  ;8;SUPERIOR COMPLETO;-3;#NE;-3;#NE;-3;#NE;-3;#NE;Obrigatório;1;0;0;0
13/04/2021;19:37:12;2012;ES;56057;ALFREDO CHAVES;12;25;1155;;2;MASCULINO;3;CASADO;6569;65 a 69 anos                  ;1;ANALFABETO;-3;#NE;-3;#NE;-3;#NE;-3;#NE;Facultativo;1;0;0;0
13/04/2021;19:37:12;2012;ES;56057;ALFREDO CHAVES;12;25;1155;;2;MASCULINO;3;CASADO;6569;65 a 69 anos                  ;2;LÊ E ESCREVE;-3;#NE;-3;#NE;-3;#NE;-3;#NE;Obrigatório;1;0;0;0
13/04/2021;19:37:12;2012;ES;56057;ALFREDO CHAVES;12;25;1155;;2;MASCULINO;3;CASADO;6569;65 a 69 anos                  ;3;ENSINO FUNDAMENTAL INCOMPLETO;-3;#NE;-3;#NE;-3;#NE;-3;#NE;Obrigatório;2;0;0;0
13/04/2021;19:37:12;2012;ES;56057;ALFREDO CHAVES;12;25;1155;;2;MASCULINO;3;CASADO;6569;65 a 69 anos                  ;8;SUPERIOR COMPLETO;-3;#NE;-3;#NE;-3;#NE;-3;#NE;Obrigatório;1;0;0;0
13/04/2021;19:37:12;2012;ES;56057;ALFREDO CHAVES;12;25;1155;;2;MASCULINO;3;CASADO;7074;70 a 74 anos                  ;1;ANALFABETO;-3;#NE;-3;#NE;-3;#NE;-3;#NE;Facultativo;1;0;0;0
13/04/2021;19:37:12;2012;ES;56057;ALFREDO CHAVES;12;25;1155;;2;MASCULINO;3;CASADO;7074;70 a 74 anos                  ;2;LÊ E ESCREVE;-3;#NE;-3;#NE;-3;#NE;-3;#NE;Facultativo;1;0;0;0
13/04/2021;19:37:12;2012;ES;56057;ALFREDO CHAVES;12;25;1155;;2;MASCULINO;3;CASADO;7074;70 a 74 anos                  ;3;ENSINO FUNDAMENTAL INCOMPLETO;-3;#NE;-3;#NE;-3;#NE;-3;#NE;Facultativo;2;0;0;0
13/04/2021;19:37:12;2012;ES;56057;ALFREDO CHAVES;12;25;1155;;2;MASCULINO;3;CASADO;7579;75 a 79 anos                  ;1;ANALFABETO;-3;#NE;-3;#NE;-3;#NE;-3;#NE;Facultativo;1;0;0;0
13/04/2021;19:37:12;2012;ES;56057;ALFREDO CHAVES;12;25;1155;;2;MASCULINO;3;CASADO;7579;75 a 79 anos                  ;2;LÊ E ESCREVE;-3;#NE;-3;#NE;-3;#NE;-3;#NE;Facultativo;2;0;0;0
13/04/2021;19:37:12;2012;ES;56057;ALFREDO CHAVES;12;25;1155;;2;MASCULINO;3;CASADO;7579;75 a 79 anos                  ;3;ENSINO FUNDAMENTAL INCOMPLETO;-3;#NE;-3;#NE;-3;#NE;-3;#NE;Facultativo;2;0;0;0
13/04/2021;19:37:12;2012;ES;56057;ALFREDO CHAVES;12;25;1155;;2;MASCULINO;3;CASADO;8084;80 a 84 anos                  ;2;LÊ E ESCREVE;-3;#NE;-3;#NE;-3;#NE;-3;#NE;Facultativo;3;0;0;0
13/04/2021;19:37:12;2012;ES;56057;ALFREDO CHAVES;12;25;1155;;2;MASCULINO;3;CASADO;8589;85 a 89 anos                  ;2;LÊ E ESCREVE;-3;#NE;-3;#NE;-3;#NE;-3;#NE;Facultativo;2;0;0;0
13/04/2021;19:37:12;2012;ES;56057;ALFREDO CHAVES;12;25;1155;;2;MASCULINO;3;CASADO;8589;85 a 89 anos                  ;3;ENSINO FUNDAMENTAL INCOMPLETO;-3;#NE;-3;#NE;-3;#NE;-3;#NE;Facultativo;3;0;0;0
13/04/2021;19:37:12;2012;ES;56057;ALFREDO CHAVES;12;25;1155;;2;MASCULINO;7;SEPARADO JUDICIALMENTE;5054;50 a 54 anos                  ;4;ENSINO FUNDAMENTAL COMPLETO;-3;#NE;-3;#NE;-3;#NE;-3;#NE;Obrigatório;1;0;0;0
13/04/2021;19:37:12;2012;ES;56057;ALFREDO CHAVES;12;27;1171;;2;MASCULINO;3;CASADO;4044;40 a 44 anos                  ;8;SUPERIOR COMPLETO;-3;#NE;-3;#NE;-3;#NE;-3;#NE;Obrigatório;1;0;0;0
13/04/2021;19:37:12;2012;ES;56057;ALFREDO CHAVES;12;27;1171;;2;MASCULINO;3;CASADO;4549;45 a 49 anos                  ;2;LÊ E ESCREVE;-3;#NE;-3;#NE;-3;#NE;-3;#NE;Obrigatório;1;0;0;0
13/04/2021;19:37:12;2012;ES;56057;ALFREDO CHAVES;12;27;1171;;2;MASCULINO;3;CASADO;4549;45 a 49 anos                  ;3;ENSINO FUNDAMENTAL INCOMPLETO;-3;#NE;-3;#NE;-3;#NE;-3;#NE;Obrigatório;2;0;0;0
13/04/2021;19:37:12;2012;ES;56057;ALFREDO CHAVES;12;27;1171;;2;MASCULINO;3;CASADO;5054;50 a 54 anos                  ;1;ANALFABETO;-3;#NE;-3;#NE;-3;#NE;-3;#NE;Facultativo;1;0;0;0
13/04/2021;19:37:12;2012;ES;56057;ALFREDO CHAVES;12;27;1171;;2;MASCULINO;3;CASADO;5054;50 a 54 anos                  ;3;ENSINO FUNDAMENTAL INCOMPLETO;-3;#NE;-3;#NE;-3;#NE;-3;#NE;Obrigatório;2;0;0;0
13/04/2021;19:37:12;2012;ES;56057;ALFREDO CHAVES;12;27;1171;;2;MASCULINO;3;CASADO;5054;50 a 54 anos                  ;4;ENSINO FUNDAMENTAL COMPLETO;-3;#NE;-3;#NE;-3;#NE;-3;#NE;Obrigatório;2;0;0;0
13/04/2021;19:37:12;2012;ES;56057;ALFREDO CHAVES;12;27;1171;;2;MASCULINO;3;CASADO;5054;50 a 54 anos                  ;5;ENSINO MÉDIO INCOMPLETO;-3;#NE;-3;#NE;-3;#NE;-3;#NE;Obrigatório;1;0;0;0
13/04/2021;19:37:12;2012;ES;56057;ALFREDO CHAVES;12;27;1171;;2;MASCULINO;3;CASADO;5054;50 a 54 anos                  ;6;ENSINO MÉDIO COMPLETO;-3;#NE;-3;#NE;-3;#NE;-3;#NE;Obrigatório;1;0;0;0
13/04/2021;19:37:12;2012;ES;56057;ALFREDO CHAVES;12;27;1171;;2;MASCULINO;3;CASADO;5559;55 a 59 anos                  ;2;LÊ E ESCREVE;-3;#NE;-3;#NE;-3;#NE;-3;#NE;Obrigatório;1;0;0;0
13/04/2021;19:37:12;2012;ES;56057;ALFREDO CHAVES;12;27;1171;;2;MASCULINO;3;CASADO;5559;55 a 59 anos                  ;3;ENSINO FUNDAMENTAL INCOMPLETO;-3;#NE;-3;#NE;-3;#NE;-3;#NE;Obrigatório;4;0;0;0
13/04/2021;19:37:12;2012;ES;56057;ALFREDO CHAVES;12;27;1171;;2;MASCULINO;3;CASADO;5559;55 a 59 anos                  ;4;ENSINO FUNDAMENTAL COMPLETO;-3;#NE;-3;#NE;-3;#NE;-3;#NE;Obrigatório;1;0;0;0
13/04/2021;19:37:12;2012;ES;56057;ALFREDO CHAVES;12;27;1171;;2;MASCULINO;3;CASADO;5559;55 a 59 anos                  ;6;ENSINO MÉDIO COMPLETO;-3;#NE;-3;#NE;-3;#NE;-3;#NE;Obrigatório;2;0;0;0
13/04/2021;19:37:12;2012;ES;56057;ALFREDO CHAVES;12;27;1171;;2;MASCULINO;3;CASADO;6064;60 a 64 anos                  ;2;LÊ E ESCREVE;-3;#NE;-3;#NE;-3;#NE;-3;#NE;Obrigatório;1;0;0;0
13/04/2021;19:37:12;2012;ES;56057;ALFREDO CHAVES;12;27;1171;;2;MASCULINO;3;CASADO;6064;60 a 64 anos                  ;3;ENSINO FUNDAMENTAL INCOMPLETO;-3;#NE;-3;#NE;-3;#NE;-3;#NE;Obrigatório;5;0;0;0
13/04/2021;19:37:12;2012;ES;56057;ALFREDO CHAVES;12;27;1171;;2;MASCULINO;3;CASADO;6064;60 a 64 anos                  ;4;ENSINO FUNDAMENTAL COMPLETO;-3;#NE;-3;#NE;-3;#NE;-3;#NE;Obrigatório;1;0;0;0
13/04/2021;19:37:12;2012;ES;56057;ALFREDO CHAVES;12;27;1171;;2;MASCULINO;3;CASADO;6064;60 a 64 anos                  ;8;SUPERIOR COMPLETO;-3;#NE;-3;#NE;-3;#NE;-3;#NE;Obrigatório;2;0;0;0
13/04/2021;19:37:12;2012;ES;56057;ALFREDO CHAVES;12;27;1171;;2;MASCULINO;3;CASADO;6569;65 a 69 anos                  ;2;LÊ E ESCREVE;-3;#NE;-3;#NE;-3;#NE;-3;#NE;Obrigatório;2;0;0;0
13/04/2021;19:37:12;2012;ES;56057;ALFREDO CHAVES;12;27;1171;;2;MASCULINO;3;CASADO;6569;65 a 69 anos                  ;3;ENSINO FUNDAMENTAL INCOMPLETO;-3;#NE;-3;#NE;-3;#NE;-3;#NE;Obrigatório;2;0;0;0
13/04/2021;19:37:12;2012;ES;56057;ALFREDO CHAVES;12;27;1171;;2;MASCULINO;3;CASADO;6569;65 a 69 anos                  ;4;ENSINO FUNDAMENTAL COMPLETO;-3;#NE;-3;#NE;-3;#NE;-3;#NE;Obrigatório;2;0;0;0
13/04/2021;19:37:12;2012;ES;56057;ALFREDO CHAVES;12;27;1171;;2;MASCULINO;3;CASADO;7074;70 a 74 anos                  ;1;ANALFABETO;-3;#NE;-3;#NE;-3;#NE;-3;#NE;Facultativo;1;0;0;0
13/04/2021;19:37:12;2012;ES;56057;ALFREDO CHAVES;12;27;1171;;2;MASCULINO;3;CASADO;7074;70 a 74 anos                  ;2;LÊ E ESCREVE;-3;#NE;-3;#NE;-3;#NE;-3;#NE;Facultativo;1;0;0;0
13/04/2021;19:37:12;2012;ES;56057;ALFREDO CHAVES;12;27;1171;;2;MASCULINO;3;CASADO;7074;70 a 74 anos                  ;3;ENSINO FUNDAMENTAL INCOMPLETO;-3;#NE;-3;#NE;-3;#NE;-3;#NE;Facultativo;1;0;0;0
13/04/2021;19:37:12;2012;ES;56057;ALFREDO CHAVES;12;27;1171;;2;MASCULINO;3;CASADO;7579;75 a 79 anos                  ;2;LÊ E ESCREVE;-3;#NE;-3;#NE;-3;#NE;-3;#NE;Facultativo;2;0;0;0
13/04/2021;19:37:12;2012;ES;56057;ALFREDO CHAVES;12;27;1171;;2;MASCULINO;3;CASADO;7579;75 a 79 anos                  ;3;ENSINO FUNDAMENTAL INCOMPLETO;-3;#NE;-3;#NE;-3;#NE;-3;#NE;Facultativo;2;0;0;0
13/04/2021;19:37:12;2012;ES;56057;ALFREDO CHAVES;12;27;1171;;2;MASCULINO;3;CASADO;7579;75 a 79 anos                  ;8;SUPERIOR COMPLETO;-3;#NE;-3;#NE;-3;#NE;-3;#NE;Facultativo;1;0;0;0
13/04/2021;19:37:12;2012;ES;56057;ALFREDO CHAVES;12;27;1171;;2;MASCULINO;3;CASADO;8084;80 a 84 anos                  ;1;ANALFABETO;-3;#NE;-3;#NE;-3;#NE;-3;#NE;Facultativo;1;0;0;0
13/04/2021;19:37:12;2012;ES;56057;ALFREDO CHAVES;12;27;1171;;2;MASCULINO;3;CASADO;8084;80 a 84 anos                  ;2;LÊ E ESCREVE;-3;#NE;-3;#NE;-3;#NE;-3;#NE;Facultativo;2;0;0;0
13/04/2021;19:37:12;2012;ES;56057;ALFREDO CHAVES;12;27;1171;;2;MASCULINO;9;DIVORCIADO;4549;45 a 49 anos                  ;3;ENSINO FUNDAMENTAL INCOMPLETO;-3;#NE;-3;#NE;-3;#NE;-3;#NE;Obrigatório;1;0;0;0
13/04/2021;19:37:12;2012;ES;56057;ALFREDO CHAVES;12;27;1171;;4;FEMININO;0;NÃO INFORMADO;5054;50 a 54 anos                  ;4;ENSINO FUNDAMENTAL COMPLETO;-3;#NE;-3;#NE;-3;#NE;-3;#NE;Obrigatório;1;0;0;0
13/04/2021;19:37:12;2012;ES;56057;ALFREDO CHAVES;12;27;1171;;4;FEMININO;1;SOLTEIRO;1700;17 anos                       ;5;ENSINO MÉDIO INCOMPLETO;-3;#NE;-3;#NE;-3;#NE;-3;#NE;Facultativo;2;0;0;0
13/04/2021;19:37:12;2012;ES;56057;ALFREDO CHAVES;12;27;1171;;4;FEMININO;1;SOLTEIRO;1800;18 anos                       ;3;ENSINO FUNDAMENTAL INCOMPLETO;-3;#NE;-3;#NE;-3;#NE;-3;#NE;Obrigatório;1;0;0;0
13/04/2021;19:37:12;2012;ES;56057;ALFREDO CHAVES;12;27;1171;;4;FEMININO;1;SOLTEIRO;1800;18 anos                       ;5;ENSINO MÉDIO INCOMPLETO;-3;#NE;-3;#NE;-3;#NE;-3;#NE;Obrigatório;3;0;0;0
13/04/2021;19:37:12;2012;ES;56057;ALFREDO CHAVES;12;27;1171;;4;FEMININO;1;SOLTEIRO;1900;19 anos                       ;5;ENSINO MÉDIO INCOMPLETO;-3;#NE;-3;#NE;-3;#NE;-3;#NE;Obrigatório;6;0;0;0
13/04/2021;19:37:12;2012;ES;56057;ALFREDO CHAVES;12;27;1171;;4;FEMININO;1;SOLTEIRO;2000;20 anos                       ;3;ENSINO FUNDAMENTAL INCOMPLETO;-3;#NE;-3;#NE;-3;#NE;-3;#NE;Obrigatório;1;0;0;0
13/04/2021;19:37:12;2012;ES;56057;ALFREDO CHAVES;12;27;1171;;4;FEMININO;1;SOLTEIRO;2000;20 anos                       ;5;ENSINO MÉDIO INCOMPLETO;-3;#NE;-3;#NE;-3;#NE;-3;#NE;Obrigatório;5;0;0;0
13/04/2021;19:37:12;2012;ES;56057;ALFREDO CHAVES;12;27;1171;;4;FEMININO;1;SOLTEIRO;2000;20 anos                       ;7;SUPERIOR INCOMPLETO;-3;#NE;-3;#NE;-3;#NE;-3;#NE;Obrigatório;1;0;0;0
13/04/2021;19:37:12;2012;ES;56057;ALFREDO CHAVES;12;27;1171;;4;FEMININO;1;SOLTEIRO;2124;21 a 24 anos                  ;3;ENSINO FUNDAMENTAL INCOMPLETO;-3;#NE;-3;#NE;-3;#NE;-3;#NE;Obrigatório;2;0;0;0
13/04/2021;19:37:12;2012;ES;56057;ALFREDO CHAVES;12;27;1171;;4;FEMININO;1;SOLTEIRO;2124;21 a 24 anos                  ;5;ENSINO MÉDIO INCOMPLETO;-3;#NE;-3;#NE;-3;#NE;-3;#NE;Obrigatório;15;0;0;0
13/04/2021;19:37:12;2012;ES;56057;ALFREDO CHAVES;12;27;1171;;4;FEMININO;1;SOLTEIRO;2529;25 a 29 anos                  ;3;ENSINO FUNDAMENTAL INCOMPLETO;-3;#NE;-3;#NE;-3;#NE;-3;#NE;Obrigatório;5;0;0;0
13/04/2021;19:37:12;2012;ES;56057;ALFREDO CHAVES;12;27;1171;;4;FEMININO;1;SOLTEIRO;2529;25 a 29 anos                  ;4;ENSINO FUNDAMENTAL COMPLETO;-3;#NE;-3;#NE;-3;#NE;-3;#NE;Obrigatório;2;0;0;0
13/04/2021;19:37:12;2012;ES;56057;ALFREDO CHAVES;12;27;1171;;4;FEMININO;1;SOLTEIRO;2529;25 a 29 anos                  ;5;ENSINO MÉDIO INCOMPLETO;-3;#NE;-3;#NE;-3;#NE;-3;#NE;Obrigatório;9;0;0;0
13/04/2021;19:37:12;2012;ES;56057;ALFREDO CHAVES;12;27;1171;;4;FEMININO;1;SOLTEIRO;2529;25 a 29 anos                  ;7;SUPERIOR INCOMPLETO;-3;#NE;-3;#NE;-3;#NE;-3;#NE;Obrigatório;1;0;0;0
13/04/2021;19:37:12;2012;ES;56057;ALFREDO CHAVES;12;27;1171;;4;FEMININO;1;SOLTEIRO;3034;30 a 34 anos                  ;3;ENSINO FUNDAMENTAL INCOMPLETO;-3;#NE;-3;#NE;-3;#NE;-3;#NE;Obrigatório;2;0;0;0
13/04/2021;19:37:12;2012;ES;56057;ALFREDO CHAVES;12;27;1171;;4;FEMININO;1;SOLTEIRO;3034;30 a 34 anos                  ;5;ENSINO MÉDIO INCOMPLETO;-3;#NE;-3;#NE;-3;#NE;-3;#NE;Obrigatório;1;0;0;0
13/04/2021;19:37:12;2012;ES;56057;ALFREDO CHAVES;12;27;1171;;4;FEMININO;1;SOLTEIRO;3034;30 a 34 anos                  ;6;ENSINO MÉDIO COMPLETO;-3;#NE;-3;#NE;-3;#NE;-3;#NE;Obrigatório;1;0;0;0
13/04/2021;19:37:12;2012;ES;56057;ALFREDO CHAVES;12;27;1171;;4;FEMININO;1;SOLTEIRO;3539;35 a 39 anos                  ;4;ENSINO FUNDAMENTAL COMPLETO;-3;#NE;-3;#NE;-3;#NE;-3;#NE;Obrigatório;1;0;0;0
13/04/2021;19:37:12;2012;ES;56057;ALFREDO CHAVES;12;27;1171;;4;FEMININO;1;SOLTEIRO;3539;35 a 39 anos                  ;6;ENSINO MÉDIO COMPLETO;-3;#NE;-3;#NE;-3;#NE;-3;#NE;Obrigatório;3;0;0;0
13/04/2021;19:37:12;2012;ES;56057;ALFREDO CHAVES;12;27;1171;;4;FEMININO;1;SOLTEIRO;4044;40 a 44 anos                  ;3;ENSINO FUNDAMENTAL INCOMPLETO;-3;#NE;-3;#NE;-3;#NE;-3;#NE;Obrigatório;4;0;0;0
13/04/2021;19:37:12;2012;ES;56057;ALFREDO CHAVES;12;27;1171;;4;FEMININO;1;SOLTEIRO;4044;40 a 44 anos                  ;5;ENSINO MÉDIO INCOMPLETO;-3;#NE;-3;#NE;-3;#NE;-3;#NE;Obrigatório;9;0;0;0
13/04/2021;19:37:12;2012;ES;56057;ALFREDO CHAVES;12;27;1171;;4;FEMININO;1;SOLTEIRO;4044;40 a 44 anos                  ;6;ENSINO MÉDIO COMPLETO;-3;#NE;-3;#NE;-3;#NE;-3;#NE;Obrigatório;10;0;0;0
13/04/2021;19:37:12;2012;ES;56057;ALFREDO CHAVES;12;27;1171;;4;FEMININO;1;SOLTEIRO;4044;40 a 44 anos                  ;7;SUPERIOR INCOMPLETO;-3;#NE;-3;#NE;-3;#NE;-3;#NE;Obrigatório;1;0;0;0
13/04/2021;19:37:12;2012;ES;56057;ALFREDO CHAVES;12;27;1171;;4;FEMININO;1;SOLTEIRO;4549;45 a 49 anos                  ;4;ENSINO FUNDAMENTAL COMPLETO;-3;#NE;-3;#NE;-3;#NE;-3;#NE;Obrigatório;1;0;0;0
13/04/2021;19:37:12;2012;ES;56057;ALFREDO CHAVES;12;27;1171;;4;FEMININO;1;SOLTEIRO;4549;45 a 49 anos                  ;5;ENSINO MÉDIO INCOMPLETO;-3;#NE;-3;#NE;-3;#NE;-3;#NE;Obrigatório;1;0;0;0
13/04/2021;19:37:12;2012;ES;56057;ALFREDO CHAVES;12;29;1147;;4;FEMININO;1;SOLTEIRO;2529;25 a 29 anos                  ;6;ENSINO MÉDIO COMPLETO;-3;#NE;-3;#NE;-3;#NE;-3;#NE;Obrigatório;1;0;0;0
13/04/2021;19:37:12;2012;ES;56057;ALFREDO CHAVES;12;29;1147;;4;FEMININO;1;SOLTEIRO;3034;30 a 34 anos                  ;3;ENSINO FUNDAMENTAL INCOMPLETO;-3;#NE;-3;#NE;-3;#NE;-3;#NE;Obrigatório;10;0;0;0
13/04/2021;19:37:12;2012;ES;56057;ALFREDO CHAVES;12;29;1147;;4;FEMININO;1;SOLTEIRO;3034;30 a 34 anos                  ;4;ENSINO FUNDAMENTAL COMPLETO;-3;#NE;-3;#NE;-3;#NE;-3;#NE;Obrigatório;1;0;0;0
13/04/2021;19:37:12;2012;ES;56057;ALFREDO CHAVES;12;29;1147;;4;FEMININO;1;SOLTEIRO;3539;35 a 39 anos                  ;4;ENSINO FUNDAMENTAL COMPLETO;-3;#NE;-3;#NE;-3;#NE;-3;#NE;Obrigatório;1;0;0;0
13/04/2021;19:37:12;2012;ES;56057;ALFREDO CHAVES;12;29;1147;;4;FEMININO;1;SOLTEIRO;3539;35 a 39 anos                  ;6;ENSINO MÉDIO COMPLETO;-3;#NE;-3;#NE;-3;#NE;-3;#NE;Obrigatório;1;0;0;0
13/04/2021;19:37:12;2012;ES;56057;ALFREDO CHAVES;12;29;1147;;4;FEMININO;1;SOLTEIRO;4044;40 a 44 anos                  ;3;ENSINO FUNDAMENTAL INCOMPLETO;-3;#NE;-3;#NE;-3;#NE;-3;#NE;Obrigatório;5;0;0;0
13/04/2021;19:37:12;2012;ES;56057;ALFREDO CHAVES;12;29;1147;;4;FEMININO;1;SOLTEIRO;4549;45 a 49 anos                  ;2;LÊ E ESCREVE;-3;#NE;-3;#NE;-3;#NE;-3;#NE;Obrigatório;1;0;0;0
13/04/2021;19:37:12;2012;ES;56057;ALFREDO CHAVES;12;29;1147;;4;FEMININO;1;SOLTEIRO;5054;50 a 54 anos                  ;1;ANALFABETO;-3;#NE;-3;#NE;-3;#NE;-3;#NE;Facultativo;1;0;0;0
13/04/2021;19:37:12;2012;ES;56057;ALFREDO CHAVES;12;29;1147;;4;FEMININO;1;SOLTEIRO;5559;55 a 59 anos                  ;6;ENSINO MÉDIO COMPLETO;-3;#NE;-3;#NE;-3;#NE;-3;#NE;Obrigatório;1;0;0;0
13/04/2021;19:37:12;2012;ES;56057;ALFREDO CHAVES;12;29;1147;;4;FEMININO;3;CASADO;2124;21 a 24 anos                  ;3;ENSINO FUNDAMENTAL INCOMPLETO;-3;#NE;-3;#NE;-3;#NE;-3;#NE;Obrigatório;2;0;0;0
13/04/2021;19:37:12;2012;ES;56057;ALFREDO CHAVES;12;29;1147;;4;FEMININO;3;CASADO;2529;25 a 29 anos                  ;4;ENSINO FUNDAMENTAL COMPLETO;-3;#NE;-3;#NE;-3;#NE;-3;#NE;Obrigatório;1;0;0;0
13/04/2021;19:37:12;2012;ES;56057;ALFREDO CHAVES;12;29;1147;;4;FEMININO;3;CASADO;2529;25 a 29 anos                  ;5;ENSINO MÉDIO INCOMPLETO;-3;#NE;-3;#NE;-3;#NE;-3;#NE;Obrigatório;1;0;0;0
13/04/2021;19:37:12;2012;ES;56057;ALFREDO CHAVES;12;29;1147;;4;FEMININO;3;CASADO;3034;30 a 34 anos                  ;3;ENSINO FUNDAMENTAL INCOMPLETO;-3;#NE;-3;#NE;-3;#NE;-3;#NE;Obrigatório;6;0;0;0
13/04/2021;19:37:12;2012;ES;56057;ALFREDO CHAVES;12;29;1147;;4;FEMININO;3;CASADO;3034;30 a 34 anos                  ;5;ENSINO MÉDIO INCOMPLETO;-3;#NE;-3;#NE;-3;#NE;-3;#NE;Obrigatório;1;0;0;0
13/04/2021;19:37:12;2012;ES;56057;ALFREDO CHAVES;12;29;1147;;4;FEMININO;3;CASADO;3539;35 a 39 anos                  ;3;ENSINO FUNDAMENTAL INCOMPLETO;-3;#NE;-3;#NE;-3;#NE;-3;#NE;Obrigatório;12;0;0;0
13/04/2021;19:37:12;2012;ES;56057;ALFREDO CHAVES;12;29;1147;;4;FEMININO;3;CASADO;3539;35 a 39 anos                  ;5;ENSINO MÉDIO INCOMPLETO;-3;#NE;-3;#NE;-3;#NE;-3;#NE;Obrigatório;1;0;0;0
13/04/2021;19:37:12;2012;ES;56057;ALFREDO CHAVES;12;29;1147;;4;FEMININO;3;CASADO;4044;40 a 44 anos                  ;2;LÊ E ESCREVE;-3;#NE;-3;#NE;-3;#NE;-3;#NE;Obrigatório;3;0;0;0
13/04/2021;19:37:12;2012;ES;56057;ALFREDO CHAVES;12;29;1147;;4;FEMININO;3;CASADO;4044;40 a 44 anos                  ;3;ENSINO FUNDAMENTAL INCOMPLETO;-3;#NE;-3;#NE;-3;#NE;-3;#NE;Obrigatório;10;0;0;0
13/04/2021;19:37:12;2012;ES;56057;ALFREDO CHAVES;12;29;1147;;4;FEMININO;3;CASADO;4044;40 a 44 anos                  ;4;ENSINO FUNDAMENTAL COMPLETO;-3;#NE;-3;#NE;-3;#NE;-3;#NE;Obrigatório;1;0;0;0
13/04/2021;19:37:12;2012;ES;56057;ALFREDO CHAVES;12;29;1147;;4;FEMININO;3;CASADO;4044;40 a 44 anos                  ;7;SUPERIOR INCOMPLETO;-3;#NE;-3;#NE;-3;#NE;-3;#NE;Obrigatório;1;0;0;0
13/04/2021;19:37:12;2012;ES;56057;ALFREDO CHAVES;12;29;1147;;4;FEMININO;3;CASADO;4549;45 a 49 anos                  ;3;ENSINO FUNDAMENTAL INCOMPLETO;-3;#NE;-3;#NE;-3;#NE;-3;#NE;Obrigatório;5;0;0;0
13/04/2021;19:37:12;2012;ES;56057;ALFREDO CHAVES;12;29;1147;;4;FEMININO;3;CASADO;4549;45 a 49 anos                  ;4;ENSINO FUNDAMENTAL COMPLETO;-3;#NE;-3;#NE;-3;#NE;-3;#NE;Obrigatório;1;0;0;0
13/04/2021;19:37:12;2012;ES;56057;ALFREDO CHAVES;12;29;1147;;4;FEMININO;3;CASADO;5559;55 a 59 anos                  ;2;LÊ E ESCREVE;-3;#NE;-3;#NE;-3;#NE;-3;#NE;Obrigatório;2;0;0;0
13/04/2021;19:37:12;2012;ES;56057;ALFREDO CHAVES;12;29;1147;;4;FEMININO;3;CASADO;6064;60 a 64 anos                  ;2;LÊ E ESCREVE;-3;#NE;-3;#NE;-3;#NE;-3;#NE;Obrigatório;1;0;0;0
13/04/2021;19:37:12;2012;ES;56057;ALFREDO CHAVES;12;29;1147;;4;FEMININO;3;CASADO;6064;60 a 64 anos                  ;3;ENSINO FUNDAMENTAL INCOMPLETO;-3;#NE;-3;#NE;-3;#NE;-3;#NE;Obrigatório;2;0;0;0
13/04/2021;19:37:12;2012;ES;56057;ALFREDO CHAVES;12;29;1147;;4;FEMININO;3;CASADO;6569;65 a 69 anos                  ;6;ENSINO MÉDIO COMPLETO;-3;#NE;-3;#NE;-3;#NE;-3;#NE;Obrigatório;1;0;0;0
13/04/2021;19:37:12;2012;ES;56057;ALFREDO CHAVES;12;29;1147;;4;FEMININO;3;CASADO;7074;70 a 74 anos                  ;2;LÊ E ESCREVE;-3;#NE;-3;#NE;-3;#NE;-3;#NE;Facultativo;1;0;0;0
13/04/2021;19:37:12;2012;ES;56057;ALFREDO CHAVES;12;29;1147;;4;FEMININO;3;CASADO;7074;70 a 74 anos                  ;3;ENSINO FUNDAMENTAL INCOMPLETO;-3;#NE;-3;#NE;-3;#NE;-3;#NE;Facultativo;1;0;0;0
13/04/2021;19:37:12;2012;ES;56057;ALFREDO CHAVES;12;29;1147;;4;FEMININO;9;DIVORCIADO;3539;35 a 39 anos                  ;3;ENSINO FUNDAMENTAL INCOMPLETO;-3;#NE;-3;#NE;-3;#NE;-3;#NE;Obrigatório;1;0;0;0
13/04/2021;19:37:12;2012;ES;56057;ALFREDO CHAVES;12;30;1171;;2;MASCULINO;1;SOLTEIRO;1600;16 anos                       ;5;ENSINO MÉDIO INCOMPLETO;-3;#NE;-3;#NE;-3;#NE;-3;#NE;Facultativo;1;0;0;0
13/04/2021;19:37:12;2012;ES;56057;ALFREDO CHAVES;12;30;1171;;2;MASCULINO;1;SOLTEIRO;1800;18 anos                       ;3;ENSINO FUNDAMENTAL INCOMPLETO;-3;#NE;-3;#NE;-3;#NE;-3;#NE;Obrigatório;1;0;0;0
13/04/2021;19:37:12;2012;ES;56057;ALFREDO CHAVES;12;30;1171;;2;MASCULINO;1;SOLTEIRO;1900;19 anos                       ;5;ENSINO MÉDIO INCOMPLETO;-3;#NE;-3;#NE;-3;#NE;-3;#NE;Obrigatório;5;0;0;0
13/04/2021;19:37:12;2012;ES;56057;ALFREDO CHAVES;12;30;1171;;2;MASCULINO;1;SOLTEIRO;2000;20 anos                       ;3;ENSINO FUNDAMENTAL INCOMPLETO;-3;#NE;-3;#NE;-3;#NE;-3;#NE;Obrigatório;1;0;0;0
13/04/2021;19:37:12;2012;ES;56057;ALFREDO CHAVES;12;30;1171;;2;MASCULINO;1;SOLTEIRO;2000;20 anos                       ;5;ENSINO MÉDIO INCOMPLETO;-3;#NE;-3;#NE;-3;#NE;-3;#NE;Obrigatório;3;0;0;0
13/04/2021;19:37:12;2012;ES;56057;ALFREDO CHAVES;12;30;1171;;2;MASCULINO;1;SOLTEIRO;2124;21 a 24 anos                  ;3;ENSINO FUNDAMENTAL INCOMPLETO;-3;#NE;-3;#NE;-3;#NE;-3;#NE;Obrigatório;9;0;0;0
13/04/2021;19:37:12;2012;ES;56057;ALFREDO CHAVES;12;30;1171;;2;MASCULINO;1;SOLTEIRO;2124;21 a 24 anos                  ;4;ENSINO FUNDAMENTAL COMPLETO;-3;#NE;-3;#NE;-3;#NE;-3;#NE;Obrigatório;1;0;0;0
13/04/2021;19:37:12;2012;ES;56057;ALFREDO CHAVES;12;30;1171;;2;MASCULINO;1;SOLTEIRO;2124;21 a 24 anos                  ;5;ENSINO MÉDIO INCOMPLETO;-3;#NE;-3;#NE;-3;#NE;-3;#NE;Obrigatório;10;0;0;0
13/04/2021;19:37:12;2012;ES;56057;ALFREDO CHAVES;12;30;1171;;2;MASCULINO;1;SOLTEIRO;2124;21 a 24 anos                  ;6;ENSINO MÉDIO COMPLETO;-3;#NE;-3;#NE;-3;#NE;-3;#NE;Obrigatório;3;0;0;0
13/04/2021;19:37:12;2012;ES;56057;ALFREDO CHAVES;12;30;1171;;2;MASCULINO;1;SOLTEIRO;2529;25 a 29 anos                  ;3;ENSINO FUNDAMENTAL INCOMPLETO;-3;#NE;-3;#NE;-3;#NE;-3;#NE;Obrigatório;3;0;0;0
13/04/2021;19:37:12;2012;ES;56057;ALFREDO CHAVES;12;30;1171;;2;MASCULINO;1;SOLTEIRO;2529;25 a 29 anos                  ;4;ENSINO FUNDAMENTAL COMPLETO;-3;#NE;-3;#NE;-3;#NE;-3;#NE;Obrigatório;3;0;0;0
13/04/2021;19:37:12;2012;ES;56057;ALFREDO CHAVES;12;30;1171;;2;MASCULINO;1;SOLTEIRO;2529;25 a 29 anos                  ;5;ENSINO MÉDIO INCOMPLETO;-3;#NE;-3;#NE;-3;#NE;-3;#NE;Obrigatório;7;0;0;0
13/04/2021;19:37:12;2012;ES;56057;ALFREDO CHAVES;12;30;1171;;2;MASCULINO;1;SOLTEIRO;2529;25 a 29 anos                  ;6;ENSINO MÉDIO COMPLETO;-3;#NE;-3;#NE;-3;#NE;-3;#NE;Obrigatório;2;0;0;0
13/04/2021;19:37:12;2012;ES;56057;ALFREDO CHAVES;12;30;1171;;2;MASCULINO;1;SOLTEIRO;2529;25 a 29 anos                  ;7;SUPERIOR INCOMPLETO;-3;#NE;-3;#NE;-3;#NE;-3;#NE;Obrigatório;1;0;0;0
13/04/2021;19:37:12;2012;ES;56057;ALFREDO CHAVES;12;30;1171;;2;MASCULINO;1;SOLTEIRO;3034;30 a 34 anos                  ;3;ENSINO FUNDAMENTAL INCOMPLETO;-3;#NE;-3;#NE;-3;#NE;-3;#NE;Obrigatório;4;0;0;0
13/04/2021;19:37:12;2012;ES;56057;ALFREDO CHAVES;12;30;1171;;2;MASCULINO;1;SOLTEIRO;3034;30 a 34 anos                  ;4;ENSINO FUNDAMENTAL COMPLETO;-3;#NE;-3;#NE;-3;#NE;-3;#NE;Obrigatório;2;0;0;0
13/04/2021;19:37:12;2012;ES;56057;ALFREDO CHAVES;12;30;1171;;2;MASCULINO;1;SOLTEIRO;3034;30 a 34 anos                  ;5;ENSINO MÉDIO INCOMPLETO;-3;#NE;-3;#NE;-3;#NE;-3;#NE;Obrigatório;3;0;0;0
13/04/2021;19:37:12;2012;ES;56057;ALFREDO CHAVES;12;30;1171;;2;MASCULINO;1;SOLTEIRO;3034;30 a 34 anos                  ;6;ENSINO MÉDIO COMPLETO;-3;#NE;-3;#NE;-3;#NE;-3;#NE;Obrigatório;1;0;0;0
13/04/2021;19:37:12;2012;ES;56057;ALFREDO CHAVES;12;30;1171;;2;MASCULINO;1;SOLTEIRO;3539;35 a 39 anos                  ;3;ENSINO FUNDAMENTAL INCOMPLETO;-3;#NE;-3;#NE;-3;#NE;-3;#NE;Obrigatório;5;0;0;0
13/04/2021;19:37:12;2012;ES;56057;ALFREDO CHAVES;12;30;1171;;2;MASCULINO;1;SOLTEIRO;3539;35 a 39 anos                  ;4;ENSINO FUNDAMENTAL COMPLETO;-3;#NE;-3;#NE;-3;#NE;-3;#NE;Obrigatório;1;0;0;0
13/04/2021;19:37:12;2012;ES;56057;ALFREDO CHAVES;12;30;1171;;2;MASCULINO;1;SOLTEIRO;3539;35 a 39 anos                  ;5;ENSINO MÉDIO INCOMPLETO;-3;#NE;-3;#NE;-3;#NE;-3;#NE;Obrigatório;4;0;0;0
13/04/2021;19:37:12;2012;ES;56057;ALFREDO CHAVES;12;30;1171;;2;MASCULINO;1;SOLTEIRO;3539;35 a 39 anos                  ;7;SUPERIOR INCOMPLETO;-3;#NE;-3;#NE;-3;#NE;-3;#NE;Obrigatório;1;0;0;0
13/04/2021;19:37:12;2012;ES;56057;ALFREDO CHAVES;12;30;1171;;2;MASCULINO;1;SOLTEIRO;4044;40 a 44 anos                  ;1;ANALFABETO;-3;#NE;-3;#NE;-3;#NE;-3;#NE;Facultativo;1;0;0;0
13/04/2021;19:37:12;2012;ES;56057;ALFREDO CHAVES;12;30;1171;;2;MASCULINO;1;SOLTEIRO;4044;40 a 44 anos                  ;3;ENSINO FUNDAMENTAL INCOMPLETO;-3;#NE;-3;#NE;-3;#NE;-3;#NE;Obrigatório;22;0;0;0
13/04/2021;19:37:12;2012;ES;56057;ALFREDO CHAVES;12;30;1171;;2;MASCULINO;1;SOLTEIRO;4044;40 a 44 anos                  ;4;ENSINO FUNDAMENTAL COMPLETO;-3;#NE;-3;#NE;-3;#NE;-3;#NE;Obrigatório;3;0;0;0
13/04/2021;19:37:12;2012;ES;56057;ALFREDO CHAVES;12;30;1171;;2;MASCULINO;1;SOLTEIRO;4044;40 a 44 anos                  ;5;ENSINO MÉDIO INCOMPLETO;-3;#NE;-3;#NE;-3;#NE;-3;#NE;Obrigatório;6;0;0;0
13/04/2021;19:37:12;2012;ES;56057;ALFREDO CHAVES;12;30;1171;;2;MASCULINO;1;SOLTEIRO;4044;40 a 44 anos                  ;6;ENSINO MÉDIO COMPLETO;-3;#NE;-3;#NE;-3;#NE;-3;#NE;Obrigatório;7;0;0;0
13/04/2021;19:37:12;2012;ES;56057;ALFREDO CHAVES;12;31;1171;;4;FEMININO;3;CASADO;3034;30 a 34 anos                  ;3;ENSINO FUNDAMENTAL INCOMPLETO;-3;#NE;-3;#NE;-3;#NE;-3;#NE;Obrigatório;3;0;0;0
13/04/2021;19:37:12;2012;ES;56057;ALFREDO CHAVES;12;31;1171;;4;FEMININO;3;CASADO;3034;30 a 34 anos                  ;6;ENSINO MÉDIO COMPLETO;-3;#NE;-3;#NE;-3;#NE;-3;#NE;Obrigatório;3;0;0;0
13/04/2021;19:37:12;2012;ES;56057;ALFREDO CHAVES;12;31;1171;;4;FEMININO;3;CASADO;3539;35 a 39 anos                  ;4;ENSINO FUNDAMENTAL COMPLETO;-3;#NE;-3;#NE;-3;#NE;-3;#NE;Obrigatório;1;0;0;0
13/04/2021;19:37:12;2012;ES;56057;ALFREDO CHAVES;12;31;1171;;4;FEMININO;3;CASADO;3539;35 a 39 anos                  ;6;ENSINO MÉDIO COMPLETO;-3;#NE;-3;#NE;-3;#NE;-3;#NE;Obrigatório;5;0;0;0
13/04/2021;19:37:12;2012;ES;56057;ALFREDO CHAVES;12;31;1171;;4;FEMININO;3;CASADO;3539;35 a 39 anos                  ;7;SUPERIOR INCOMPLETO;-3;#NE;-3;#NE;-3;#NE;-3;#NE;Obrigatório;1;0;0;0
13/04/2021;19:37:12;2012;ES;56057;ALFREDO CHAVES;12;31;1171;;4;FEMININO;3;CASADO;3539;35 a 39 anos                  ;8;SUPERIOR COMPLETO;-3;#NE;-3;#NE;-3;#NE;-3;#NE;Obrigatório;1;0;0;0
13/04/2021;19:37:12;2012;ES;56057;ALFREDO CHAVES;12;31;1171;;4;FEMININO;3;CASADO;4044;40 a 44 anos                  ;3;ENSINO FUNDAMENTAL INCOMPLETO;-3;#NE;-3;#NE;-3;#NE;-3;#NE;Obrigatório;4;0;0;0
13/04/2021;19:37:12;2012;ES;56057;ALFREDO CHAVES;12;31;1171;;4;FEMININO;3;CASADO;4044;40 a 44 anos                  ;4;ENSINO FUNDAMENTAL COMPLETO;-3;#NE;-3;#NE;-3;#NE;-3;#NE;Obrigatório;1;0;0;0
13/04/2021;19:37:12;2012;ES;56057;ALFREDO CHAVES;12;31;1171;;4;FEMININO;3;CASADO;4044;40 a 44 anos                  ;5;ENSINO MÉDIO INCOMPLETO;-3;#NE;-3;#NE;-3;#NE;-3;#NE;Obrigatório;2;0;0;0
13/04/2021;19:37:12;2012;ES;56057;ALFREDO CHAVES;12;31;1171;;4;FEMININO;3;CASADO;4044;40 a 44 anos                  ;6;ENSINO MÉDIO COMPLETO;-3;#NE;-3;#NE;-3;#NE;-3;#NE;Obrigatório;3;0;0;0
13/04/2021;19:37:12;2012;ES;56057;ALFREDO CHAVES;12;31;1171;;4;FEMININO;3;CASADO;4044;40 a 44 anos                  ;8;SUPERIOR COMPLETO;-3;#NE;-3;#NE;-3;#NE;-3;#NE;Obrigatório;1;0;0;0
13/04/2021;19:37:12;2012;ES;56057;ALFREDO CHAVES;12;31;1171;;4;FEMININO;3;CASADO;4549;45 a 49 anos                  ;3;ENSINO FUNDAMENTAL INCOMPLETO;-3;#NE;-3;#NE;-3;#NE;-3;#NE;Obrigatório;6;0;0;0
13/04/2021;19:37:12;2012;ES;56057;ALFREDO CHAVES;12;31;1171;;4;FEMININO;3;CASADO;4549;45 a 49 anos                  ;8;SUPERIOR COMPLETO;-3;#NE;-3;#NE;-3;#NE;-3;#NE;Obrigatório;1;0;0;0
13/04/2021;19:37:12;2012;ES;56057;ALFREDO CHAVES;12;31;1171;;4;FEMININO;3;CASADO;5054;50 a 54 anos                  ;1;ANALFABETO;-3;#NE;-3;#NE;-3;#NE;-3;#NE;Facultativo;1;0;0;0
13/04/2021;19:37:12;2012;ES;56057;ALFREDO CHAVES;12;31;1171;;4;FEMININO;3;CASADO;5054;50 a 54 anos                  ;3;ENSINO FUNDAMENTAL INCOMPLETO;-3;#NE;-3;#NE;-3;#NE;-3;#NE;Obrigatório;4;0;0;0
13/04/2021;19:37:12;2012;ES;56057;ALFREDO CHAVES;12;31;1171;;4;FEMININO;3;CASADO;5559;55 a 59 anos                  ;3;ENSINO FUNDAMENTAL INCOMPLETO;-3;#NE;-3;#NE;-3;#NE;-3;#NE;Obrigatório;5;0;0;0
13/04/2021;19:37:12;2012;ES;56057;ALFREDO CHAVES;12;31;1171;;4;FEMININO;3;CASADO;5559;55 a 59 anos                  ;6;ENSINO MÉDIO COMPLETO;-3;#NE;-3;#NE;-3;#NE;-3;#NE;Obrigatório;1;0;0;0
13/04/2021;19:37:12;2012;ES;56057;ALFREDO CHAVES;12;31;1171;;4;FEMININO;3;CASADO;6064;60 a 64 anos                  ;1;ANALFABETO;-3;#NE;-3;#NE;-3;#NE;-3;#NE;Facultativo;1;0;0;0
13/04/2021;19:37:12;2012;ES;56057;ALFREDO CHAVES;12;31;1171;;4;FEMININO;3;CASADO;6064;60 a 64 anos                  ;2;LÊ E ESCREVE;-3;#NE;-3;#NE;-3;#NE;-3;#NE;Obrigatório;1;0;0;0
13/04/2021;19:37:12;2012;ES;56057;ALFREDO CHAVES;12;31;1171;;4;FEMININO;3;CASADO;6064;60 a 64 anos                  ;3;ENSINO FUNDAMENTAL INCOMPLETO;-3;#NE;-3;#NE;-3;#NE;-3;#NE;Obrigatório;4;0;0;0
13/04/2021;19:37:12;2012;ES;56057;ALFREDO CHAVES;12;31;1171;;4;FEMININO;3;CASADO;6064;60 a 64 anos                  ;5;ENSINO MÉDIO INCOMPLETO;-3;#NE;-3;#NE;-3;#NE;-3;#NE;Obrigatório;1;0;0;0
13/04/2021;19:37:12;2012;ES;56057;ALFREDO CHAVES;12;31;1171;;4;FEMININO;3;CASADO;6569;65 a 69 anos                  ;2;LÊ E ESCREVE;-3;#NE;-3;#NE;-3;#NE;-3;#NE;Obrigatório;4;0;0;0
13/04/2021;19:37:12;2012;ES;56057;ALFREDO CHAVES;12;31;1171;;4;FEMININO;3;CASADO;6569;65 a 69 anos                  ;3;ENSINO FUNDAMENTAL INCOMPLETO;-3;#NE;-3;#NE;-3;#NE;-3;#NE;Obrigatório;3;0;0;0
13/04/2021;19:37:12;2012;ES;56057;ALFREDO CHAVES;12;31;1171;;4;FEMININO;3;CASADO;7074;70 a 74 anos                  ;1;ANALFABETO;-3;#NE;-3;#NE;-3;#NE;-3;#NE;Facultativo;1;0;0;0
13/04/2021;19:37:12;2012;ES;56057;ALFREDO CHAVES;12;31;1171;;4;FEMININO;3;CASADO;7074;70 a 74 anos                  ;3;ENSINO FUNDAMENTAL INCOMPLETO;-3;#NE;-3;#NE;-3;#NE;-3;#NE;Facultativo;1;0;0;0
13/04/2021;19:37:12;2012;ES;56057;ALFREDO CHAVES;12;31;1171;;4;FEMININO;3;CASADO;7074;70 a 74 anos                  ;4;ENSINO FUNDAMENTAL COMPLETO;-3;#NE;-3;#NE;-3;#NE;-3;#NE;Facultativo;1;0;0;0
13/04/2021;19:37:12;2012;ES;56057;ALFREDO CHAVES;12;31;1171;;4;FEMININO;5;VIÚVO;5559;55 a 59 anos                  ;1;ANALFABETO;-3;#NE;-3;#NE;-3;#NE;-3;#NE;Facultativo;1;0;0;0
13/04/2021;19:37:12;2012;ES;56057;ALFREDO CHAVES;12;31;1171;;4;FEMININO;5;VIÚVO;5559;55 a 59 anos                  ;3;ENSINO FUNDAMENTAL INCOMPLETO;-3;#NE;-3;#NE;-3;#NE;-3;#NE;Obrigatório;1;0;0;0
13/04/2021;19:37:12;2012;ES;56057;ALFREDO CHAVES;12;31;1171;;4;FEMININO;5;VIÚVO;5559;55 a 59 anos                  ;6;ENSINO MÉDIO COMPLETO;-3;#NE;-3;#NE;-3;#NE;-3;#NE;Obrigatório;1;0;0;0
13/04/2021;19:37:12;2012;ES;56057;ALFREDO CHAVES;12;31;1171;;4;FEMININO;7;SEPARADO JUDICIALMENTE;4549;45 a 49 anos                  ;3;ENSINO FUNDAMENTAL INCOMPLETO;-3;#NE;-3;#NE;-3;#NE;-3;#NE;Obrigatório;1;0;0;0
13/04/2021;19:37:12;2012;ES;56057;ALFREDO CHAVES;12;31;1171;;4;FEMININO;7;SEPARADO JUDICIALMENTE;5054;50 a 54 anos                  ;3;ENSINO FUNDAMENTAL INCOMPLETO;-3;#NE;-3;#NE;-3;#NE;-3;#NE;Obrigatório;1;0;0;0
13/04/2021;19:37:12;2012;ES;56057;ALFREDO CHAVES;12;31;1171;;4;FEMININO;7;SEPARADO JUDICIALMENTE;5559;55 a 59 anos                  ;3;ENSINO FUNDAMENTAL INCOMPLETO;-3;#NE;-3;#NE;-3;#NE;-3;#NE;Obrigatório;1;0;0;0
13/04/2021;19:37:12;2012;ES;56057;ALFREDO CHAVES;12;31;1171;;4;FEMININO;7;SEPARADO JUDICIALMENTE;5559;55 a 59 anos                  ;7;SUPERIOR INCOMPLETO;-3;#NE;-3;#NE;-3;#NE;-3;#NE;Obrigatório;1;0;0;0
13/04/2021;19:37:12;2012;ES;56057;ALFREDO CHAVES;12;31;1171;;4;FEMININO;7;SEPARADO JUDICIALMENTE;6064;60 a 64 anos                  ;1;ANALFABETO;-3;#NE;-3;#NE;-3;#NE;-3;#NE;Facultativo;1;0;0;0
13/04/2021;19:37:12;2012;ES;56057;ALFREDO CHAVES;12;31;1171;;4;FEMININO;9;DIVORCIADO;3539;35 a 39 anos                  ;5;ENSINO MÉDIO INCOMPLETO;-3;#NE;-3;#NE;-3;#NE;-3;#NE;Obrigatório;1;0;0;0
13/04/2021;19:37:12;2012;ES;56057;ALFREDO CHAVES;12;31;1171;;4;FEMININO;9;DIVORCIADO;5054;50 a 54 anos                  ;3;ENSINO FUNDAMENTAL INCOMPLETO;-3;#NE;-3;#NE;-3;#NE;-3;#NE;Obrigatório;1;0;0;0
13/04/2021;19:37:12;2012;ES;56057;ALFREDO CHAVES;12;32;1031;;2;MASCULINO;1;SOLTEIRO;1600;16 anos                       ;3;ENSINO FUNDAMENTAL INCOMPLETO;-3;#NE;-3;#NE;-3;#NE;-3;#NE;Facultativo;2;0;0;0
13/04/2021;19:37:12;2012;ES;56057;ALFREDO CHAVES;12;32;1031;;2;MASCULINO;1;SOLTEIRO;1600;16 anos                       ;5;ENSINO MÉDIO INCOMPLETO;-3;#NE;-3;#NE;-3;#NE;-3;#NE;Facultativo;1;0;0;0
13/04/2021;19:37:12;2012;ES;56057;ALFREDO CHAVES;12;32;1031;;2;MASCULINO;1;SOLTEIRO;1900;19 anos                       ;5;ENSINO MÉDIO INCOMPLETO;-3;#NE;-3;#NE;-3;#NE;-3;#NE;Obrigatório;1;0;0;0
13/04/2021;19:37:12;2012;ES;56057;ALFREDO CHAVES;12;32;1031;;2;MASCULINO;1;SOLTEIRO;2000;20 anos                       ;3;ENSINO FUNDAMENTAL INCOMPLETO;-3;#NE;-3;#NE;-3;#NE;-3;#NE;Obrigatório;1;0;0;0
13/04/2021;19:37:12;2012;ES;56057;ALFREDO CHAVES;12;32;1031;;2;MASCULINO;1;SOLTEIRO;2000;20 anos                       ;5;ENSINO MÉDIO INCOMPLETO;-3;#NE;-3;#NE;-3;#NE;-3;#NE;Obrigatório;1;0;0;0
13/04/2021;19:37:12;2012;ES;56057;ALFREDO CHAVES;12;32;1031;;2;MASCULINO;1;SOLTEIRO;2124;21 a 24 anos                  ;5;ENSINO MÉDIO INCOMPLETO;-3;#NE;-3;#NE;-3;#NE;-3;#NE;Obrigatório;4;0;0;0
13/04/2021;19:37:12;2012;ES;56057;ALFREDO CHAVES;12;32;1031;;2;MASCULINO;1;SOLTEIRO;2529;25 a 29 anos                  ;3;ENSINO FUNDAMENTAL INCOMPLETO;-3;#NE;-3;#NE;-3;#NE;-3;#NE;Obrigatório;3;0;0;0
13/04/2021;19:37:12;2012;ES;56057;ALFREDO CHAVES;12;32;1031;;2;MASCULINO;1;SOLTEIRO;2529;25 a 29 anos                  ;4;ENSINO FUNDAMENTAL COMPLETO;-3;#NE;-3;#NE;-3;#NE;-3;#NE;Obrigatório;1;0;0;0
13/04/2021;19:37:12;2012;ES;56057;ALFREDO CHAVES;12;32;1031;;2;MASCULINO;1;SOLTEIRO;2529;25 a 29 anos                  ;5;ENSINO MÉDIO INCOMPLETO;-3;#NE;-3;#NE;-3;#NE;-3;#NE;Obrigatório;3;0;0;0
13/04/2021;19:37:12;2012;ES;56057;ALFREDO CHAVES;12;34;1171;;2;MASCULINO;1;SOLTEIRO;4549;45 a 49 anos                  ;3;ENSINO FUNDAMENTAL INCOMPLETO;-3;#NE;-3;#NE;-3;#NE;-3;#NE;Obrigatório;1;0;0;0
13/04/2021;19:37:12;2012;ES;56057;ALFREDO CHAVES;12;34;1171;;2;MASCULINO;1;SOLTEIRO;6064;60 a 64 anos                  ;6;ENSINO MÉDIO COMPLETO;-3;#NE;-3;#NE;-3;#NE;-3;#NE;Obrigatório;1;0;0;0
13/04/2021;19:37:12;2012;ES;56057;ALFREDO CHAVES;12;34;1171;;2;MASCULINO;1;SOLTEIRO;8084;80 a 84 anos                  ;3;ENSINO FUNDAMENTAL INCOMPLETO;-3;#NE;-3;#NE;-3;#NE;-3;#NE;Facultativo;1;0;0;0
13/04/2021;19:37:12;2012;ES;56057;ALFREDO CHAVES;12;34;1171;;2;MASCULINO;3;CASADO;2529;25 a 29 anos                  ;6;ENSINO MÉDIO COMPLETO;-3;#NE;-3;#NE;-3;#NE;-3;#NE;Obrigatório;1;0;0;0
13/04/2021;19:37:12;2012;ES;56057;ALFREDO CHAVES;12;34;1171;;2;MASCULINO;3;CASADO;2529;25 a 29 anos                  ;8;SUPERIOR COMPLETO;-3;#NE;-3;#NE;-3;#NE;-3;#NE;Obrigatório;1;0;0;0
13/04/2021;19:37:12;2012;ES;56057;ALFREDO CHAVES;12;34;1171;;2;MASCULINO;3;CASADO;3034;30 a 34 anos                  ;6;ENSINO MÉDIO COMPLETO;-3;#NE;-3;#NE;-3;#NE;-3;#NE;Obrigatório;1;0;0;0
13/04/2021;19:37:12;2012;ES;56057;ALFREDO CHAVES;12;34;1171;;2;MASCULINO;3;CASADO;3034;30 a 34 anos                  ;8;SUPERIOR COMPLETO;-3;#NE;-3;#NE;-3;#NE;-3;#NE;Obrigatório;1;0;0;0
13/04/2021;19:37:12;2012;ES;56057;ALFREDO CHAVES;12;34;1171;;2;MASCULINO;3;CASADO;3539;35 a 39 anos                  ;5;ENSINO MÉDIO INCOMPLETO;-3;#NE;-3;#NE;-3;#NE;-3;#NE;Obrigatório;2;0;0;0
13/04/2021;19:37:12;2012;ES;56057;ALFREDO CHAVES;12;34;1171;;2;MASCULINO;3;CASADO;4044;40 a 44 anos                  ;3;ENSINO FUNDAMENTAL INCOMPLETO;-3;#NE;-3;#NE;-3;#NE;-3;#NE;Obrigatório;2;0;0;0
13/04/2021;19:37:12;2012;ES;56057;ALFREDO CHAVES;12;34;1171;;2;MASCULINO;3;CASADO;4044;40 a 44 anos                  ;4;ENSINO FUNDAMENTAL COMPLETO;-3;#NE;-3;#NE;-3;#NE;-3;#NE;Obrigatório;1;0;0;0
13/04/2021;19:37:12;2012;ES;56057;ALFREDO CHAVES;12;34;1171;;2;MASCULINO;3;CASADO;4044;40 a 44 anos                  ;6;ENSINO MÉDIO COMPLETO;-3;#NE;-3;#NE;-3;#NE;-3;#NE;Obrigatório;2;0;0;0
13/04/2021;19:37:12;2012;ES;56057;ALFREDO CHAVES;12;34;1171;;2;MASCULINO;3;CASADO;4549;45 a 49 anos                  ;3;ENSINO FUNDAMENTAL INCOMPLETO;-3;#NE;-3;#NE;-3;#NE;-3;#NE;Obrigatório;3;0;0;0
13/04/2021;19:37:12;2012;ES;56057;ALFREDO CHAVES;12;34;1171;;2;MASCULINO;3;CASADO;5054;50 a 54 anos                  ;2;LÊ E ESCREVE;-3;#NE;-3;#NE;-3;#NE;-3;#NE;Obrigatório;2;0;0;0
13/04/2021;19:37:12;2012;ES;56057;ALFREDO CHAVES;12;34;1171;;2;MASCULINO;3;CASADO;5054;50 a 54 anos                  ;4;ENSINO FUNDAMENTAL COMPLETO;-3;#NE;-3;#NE;-3;#NE;-3;#NE;Obrigatório;1;0;0;0
13/04/2021;19:37:12;2012;ES;56057;ALFREDO CHAVES;12;34;1171;;2;MASCULINO;3;CASADO;5559;55 a 59 anos                  ;3;ENSINO FUNDAMENTAL INCOMPLETO;-3;#NE;-3;#NE;-3;#NE;-3;#NE;Obrigatório;5;0;0;0
13/04/2021;19:37:12;2012;ES;56057;ALFREDO CHAVES;12;34;1171;;2;MASCULINO;3;CASADO;5559;55 a 59 anos                  ;4;ENSINO FUNDAMENTAL COMPLETO;-3;#NE;-3;#NE;-3;#NE;-3;#NE;Obrigatório;1;0;0;0
13/04/2021;19:37:12;2012;ES;56057;ALFREDO CHAVES;12;34;1171;;2;MASCULINO;3;CASADO;6569;65 a 69 anos                  ;2;LÊ E ESCREVE;-3;#NE;-3;#NE;-3;#NE;-3;#NE;Obrigatório;1;0;0;0
13/04/2021;19:37:12;2012;ES;56057;ALFREDO CHAVES;12;34;1171;;2;MASCULINO;3;CASADO;8084;80 a 84 anos                  ;2;LÊ E ESCREVE;-3;#NE;-3;#NE;-3;#NE;-3;#NE;Facultativo;1;0;0;0
13/04/2021;19:37:12;2012;ES;56057;ALFREDO CHAVES;12;34;1171;;2;MASCULINO;3;CASADO;8084;80 a 84 anos                  ;3;ENSINO FUNDAMENTAL INCOMPLETO;-3;#NE;-3;#NE;-3;#NE;-3;#NE;Facultativo;1;0;0;0
13/04/2021;19:37:12;2012;ES;56057;ALFREDO CHAVES;12;34;1171;;2;MASCULINO;3;CASADO;8589;85 a 89 anos                  ;2;LÊ E ESCREVE;-3;#NE;-3;#NE;-3;#NE;-3;#NE;Facultativo;1;0;0;0
13/04/2021;19:37:12;2012;ES;56057;ALFREDO CHAVES;12;34;1171;;2;MASCULINO;7;SEPARADO JUDICIALMENTE;3539;35 a 39 anos                  ;3;ENSINO FUNDAMENTAL INCOMPLETO;-3;#NE;-3;#NE;-3;#NE;-3;#NE;Obrigatório;1;0;0;0
13/04/2021;19:37:12;2012;ES;56057;ALFREDO CHAVES;12;34;1171;;2;MASCULINO;9;DIVORCIADO;6064;60 a 64 anos                  ;3;ENSINO FUNDAMENTAL INCOMPLETO;-3;#NE;-3;#NE;-3;#NE;-3;#NE;Obrigatório;1;0;0;0
13/04/2021;19:37:12;2012;ES;56057;ALFREDO CHAVES;12;34;1171;;2;MASCULINO;9;DIVORCIADO;8084;80 a 84 anos                  ;3;ENSINO FUNDAMENTAL INCOMPLETO;-3;#NE;-3;#NE;-3;#NE;-3;#NE;Facultativo;1;0;0;0
13/04/2021;19:37:12;2012;ES;56057;ALFREDO CHAVES;12;34;1171;;4;FEMININO;1;SOLTEIRO;1800;18 anos                       ;5;ENSINO MÉDIO INCOMPLETO;-3;#NE;-3;#NE;-3;#NE;-3;#NE;Obrigatório;1;0;0;0
13/04/2021;19:37:12;2012;ES;56057;ALFREDO CHAVES;12;34;1171;;4;FEMININO;1;SOLTEIRO;1900;19 anos                       ;5;ENSINO MÉDIO INCOMPLETO;-3;#NE;-3;#NE;-3;#NE;-3;#NE;Obrigatório;2;0;0;0
13/04/2021;19:37:12;2012;ES;56057;ALFREDO CHAVES;12;34;1171;;4;FEMININO;1;SOLTEIRO;2000;20 anos                       ;3;ENSINO FUNDAMENTAL INCOMPLETO;-3;#NE;-3;#NE;-3;#NE;-3;#NE;Obrigatório;1;0;0;0
13/04/2021;19:37:12;2012;ES;56057;ALFREDO CHAVES;12;34;1171;;4;FEMININO;1;SOLTEIRO;2000;20 anos                       ;6;ENSINO MÉDIO COMPLETO;-3;#NE;-3;#NE;-3;#NE;-3;#NE;Obrigatório;2;0;0;0
13/04/2021;19:37:12;2012;ES;56057;ALFREDO CHAVES;12;34;1171;;4;FEMININO;1;SOLTEIRO;2124;21 a 24 anos                  ;3;ENSINO FUNDAMENTAL INCOMPLETO;-3;#NE;-3;#NE;-3;#NE;-3;#NE;Obrigatório;2;0;0;0
13/04/2021;19:37:12;2012;ES;56057;ALFREDO CHAVES;12;34;1171;;4;FEMININO;1;SOLTEIRO;2124;21 a 24 anos                  ;5;ENSINO MÉDIO INCOMPLETO;-3;#NE;-3;#NE;-3;#NE;-3;#NE;Obrigatório;18;0;0;0
13/04/2021;19:37:12;2012;ES;56057;ALFREDO CHAVES;12;34;1171;;4;FEMININO;1;SOLTEIRO;2529;25 a 29 anos                  ;3;ENSINO FUNDAMENTAL INCOMPLETO;-3;#NE;-3;#NE;-3;#NE;-3;#NE;Obrigatório;4;0;0;0
13/04/2021;19:37:12;2012;ES;56057;ALFREDO CHAVES;12;34;1171;;4;FEMININO;1;SOLTEIRO;2529;25 a 29 anos                  ;4;ENSINO FUNDAMENTAL COMPLETO;-3;#NE;-3;#NE;-3;#NE;-3;#NE;Obrigatório;2;0;0;0
13/04/2021;19:37:12;2012;ES;56057;ALFREDO CHAVES;12;34;1171;;4;FEMININO;1;SOLTEIRO;2529;25 a 29 anos                  ;5;ENSINO MÉDIO INCOMPLETO;-3;#NE;-3;#NE;-3;#NE;-3;#NE;Obrigatório;9;0;0;0
13/04/2021;19:37:12;2012;ES;56057;ALFREDO CHAVES;12;37;1228;;4;FEMININO;1;SOLTEIRO;2529;25 a 29 anos                  ;6;ENSINO MÉDIO COMPLETO;-3;#NE;-3;#NE;-3;#NE;-3;#NE;Obrigatório;1;0;0;0
13/04/2021;19:37:12;2012;ES;56057;ALFREDO CHAVES;12;37;1228;;4;FEMININO;1;SOLTEIRO;3034;30 a 34 anos                  ;5;ENSINO MÉDIO INCOMPLETO;-3;#NE;-3;#NE;-3;#NE;-3;#NE;Obrigatório;1;0;0;0
13/04/2021;19:37:12;2012;ES;56057;ALFREDO CHAVES;12;37;1228;;4;FEMININO;1;SOLTEIRO;3539;35 a 39 anos                  ;3;ENSINO FUNDAMENTAL INCOMPLETO;-3;#NE;-3;#NE;-3;#NE;-3;#NE;Obrigatório;1;0;0;0
13/04/2021;19:37:12;2012;ES;56057;ALFREDO CHAVES;12;37;1228;;4;FEMININO;1;SOLTEIRO;3539;35 a 39 anos                  ;5;ENSINO MÉDIO INCOMPLETO;-3;#NE;-3;#NE;-3;#NE;-3;#NE;Obrigatório;4;0;0;0
13/04/2021;19:37:12;2012;ES;56057;ALFREDO CHAVES;12;37;1228;;4;FEMININO;1;SOLTEIRO;3539;35 a 39 anos                  ;6;ENSINO MÉDIO COMPLETO;-3;#NE;-3;#NE;-3;#NE;-3;#NE;Obrigatório;1;0;0;0
13/04/2021;19:37:12;2012;ES;56057;ALFREDO CHAVES;12;37;1228;;4;FEMININO;1;SOLTEIRO;3539;35 a 39 anos                  ;7;SUPERIOR INCOMPLETO;-3;#NE;-3;#NE;-3;#NE;-3;#NE;Obrigatório;1;0;0;0
13/04/2021;19:37:12;2012;ES;56057;ALFREDO CHAVES;12;37;1228;;4;FEMININO;1;SOLTEIRO;4044;40 a 44 anos                  ;5;ENSINO MÉDIO INCOMPLETO;-3;#NE;-3;#NE;-3;#NE;-3;#NE;Obrigatório;1;0;0;0
13/04/2021;19:37:12;2012;ES;56057;ALFREDO CHAVES;12;37;1228;;4;FEMININO;1;SOLTEIRO;4549;45 a 49 anos                  ;3;ENSINO FUNDAMENTAL INCOMPLETO;-3;#NE;-3;#NE;-3;#NE;-3;#NE;Obrigatório;1;0;0;0
13/04/2021;19:37:12;2012;ES;56057;ALFREDO CHAVES;12;37;1228;;4;FEMININO;1;SOLTEIRO;5559;55 a 59 anos                  ;3;ENSINO FUNDAMENTAL INCOMPLETO;-3;#NE;-3;#NE;-3;#NE;-3;#NE;Obrigatório;1;0;0;0
13/04/2021;19:37:12;2012;ES;56057;ALFREDO CHAVES;12;37;1228;;4;FEMININO;3;CASADO;1900;19 anos                       ;6;ENSINO MÉDIO COMPLETO;-3;#NE;-3;#NE;-3;#NE;-3;#NE;Obrigatório;1;0;0;0
13/04/2021;19:37:12;2012;ES;56057;ALFREDO CHAVES;12;37;1228;;4;FEMININO;3;CASADO;3034;30 a 34 anos                  ;3;ENSINO FUNDAMENTAL INCOMPLETO;-3;#NE;-3;#NE;-3;#NE;-3;#NE;Obrigatório;1;0;0;0
13/04/2021;19:37:12;2012;ES;56057;ALFREDO CHAVES;12;37;1228;;4;FEMININO;3;CASADO;3034;30 a 34 anos                  ;5;ENSINO MÉDIO INCOMPLETO;-3;#NE;-3;#NE;-3;#NE;-3;#NE;Obrigatório;1;0;0;0
13/04/2021;19:37:12;2012;ES;56057;ALFREDO CHAVES;12;37;1228;;4;FEMININO;3;CASADO;3034;30 a 34 anos                  ;6;ENSINO MÉDIO COMPLETO;-3;#NE;-3;#NE;-3;#NE;-3;#NE;Obrigatório;1;0;0;0
13/04/2021;19:37:12;2012;ES;56057;ALFREDO CHAVES;12;37;1228;;4;FEMININO;3;CASADO;3034;30 a 34 anos                  ;7;SUPERIOR INCOMPLETO;-3;#NE;-3;#NE;-3;#NE;-3;#NE;Obrigatório;1;0;0;0
13/04/2021;19:37:12;2012;ES;56057;ALFREDO CHAVES;12;37;1228;;4;FEMININO;3;CASADO;3034;30 a 34 anos                  ;8;SUPERIOR COMPLETO;-3;#NE;-3;#NE;-3;#NE;-3;#NE;Obrigatório;1;0;0;0
13/04/2021;19:37:12;2012;ES;56057;ALFREDO CHAVES;12;37;1228;;4;FEMININO;3;CASADO;3539;35 a 39 anos                  ;3;ENSINO FUNDAMENTAL INCOMPLETO;-3;#NE;-3;#NE;-3;#NE;-3;#NE;Obrigatório;2;0;0;0
13/04/2021;19:37:12;2012;ES;56057;ALFREDO CHAVES;12;37;1228;;4;FEMININO;3;CASADO;3539;35 a 39 anos                  ;7;SUPERIOR INCOMPLETO;-3;#NE;-3;#NE;-3;#NE;-3;#NE;Obrigatório;1;0;0;0
13/04/2021;19:37:12;2012;ES;56057;ALFREDO CHAVES;12;37;1228;;4;FEMININO;3;CASADO;4044;40 a 44 anos                  ;6;ENSINO MÉDIO COMPLETO;-3;#NE;-3;#NE;-3;#NE;-3;#NE;Obrigatório;3;0;0;0
13/04/2021;19:37:12;2012;ES;56057;ALFREDO CHAVES;12;37;1228;;4;FEMININO;3;CASADO;4549;45 a 49 anos                  ;4;ENSINO FUNDAMENTAL COMPLETO;-3;#NE;-3;#NE;-3;#NE;-3;#NE;Obrigatório;1;0;0;0
13/04/2021;19:37:12;2012;ES;56057;ALFREDO CHAVES;12;37;1228;;4;FEMININO;3;CASADO;5054;50 a 54 anos                  ;3;ENSINO FUNDAMENTAL INCOMPLETO;-3;#NE;-3;#NE;-3;#NE;-3;#NE;Obrigatório;4;0;0;0
13/04/2021;19:37:12;2012;ES;56057;ALFREDO CHAVES;12;1;1015;;4;FEMININO;1;SOLTEIRO;6569;65 a 69 anos                  ;2;LÊ E ESCREVE;-3;#NE;-3;#NE;-3;#NE;-3;#NE;Obrigatório;1;0;0;0
13/04/2021;19:37:12;2012;ES;56057;ALFREDO CHAVES;12;1;1015;;4;FEMININO;1;SOLTEIRO;8589;85 a 89 anos                  ;1;ANALFABETO;-3;#NE;-3;#NE;-3;#NE;-3;#NE;Facultativo;1;0;0;0
13/04/2021;19:37:12;2012;ES;56057;ALFREDO CHAVES;12;1;1015;;4;FEMININO;3;CASADO;2124;21 a 24 anos                  ;3;ENSINO FUNDAMENTAL INCOMPLETO;-3;#NE;-3;#NE;-3;#NE;-3;#NE;Obrigatório;1;0;0;0
13/04/2021;19:37:12;2012;ES;56057;ALFREDO CHAVES;12;1;1015;;4;FEMININO;3;CASADO;2124;21 a 24 anos                  ;4;ENSINO FUNDAMENTAL COMPLETO;-3;#NE;-3;#NE;-3;#NE;-3;#NE;Obrigatório;1;0;0;0
13/04/2021;19:37:12;2012;ES;56057;ALFREDO CHAVES;12;1;1015;;4;FEMININO;3;CASADO;2529;25 a 29 anos                  ;5;ENSINO MÉDIO INCOMPLETO;-3;#NE;-3;#NE;-3;#NE;-3;#NE;Obrigatório;1;0;0;0
13/04/2021;19:37:12;2012;ES;56057;ALFREDO CHAVES;12;1;1015;;4;FEMININO;3;CASADO;2529;25 a 29 anos                  ;6;ENSINO MÉDIO COMPLETO;-3;#NE;-3;#NE;-3;#NE;-3;#NE;Obrigatório;2;0;0;0
13/04/2021;19:37:12;2012;ES;56057;ALFREDO CHAVES;12;1;1015;;4;FEMININO;3;CASADO;3034;30 a 34 anos                  ;4;ENSINO FUNDAMENTAL COMPLETO;-3;#NE;-3;#NE;-3;#NE;-3;#NE;Obrigatório;1;0;0;0
13/04/2021;19:37:12;2012;ES;56057;ALFREDO CHAVES;12;1;1015;;4;FEMININO;3;CASADO;3034;30 a 34 anos                  ;6;ENSINO MÉDIO COMPLETO;-3;#NE;-3;#NE;-3;#NE;-3;#NE;Obrigatório;3;0;0;0
13/04/2021;19:37:12;2012;ES;56057;ALFREDO CHAVES;12;1;1015;;4;FEMININO;3;CASADO;3539;35 a 39 anos                  ;3;ENSINO FUNDAMENTAL INCOMPLETO;-3;#NE;-3;#NE;-3;#NE;-3;#NE;Obrigatório;4;0;0;0
13/04/2021;19:37:12;2012;ES;56057;ALFREDO CHAVES;12;1;1015;;4;FEMININO;3;CASADO;3539;35 a 39 anos                  ;5;ENSINO MÉDIO INCOMPLETO;-3;#NE;-3;#NE;-3;#NE;-3;#NE;Obrigatório;2;0;0;0
13/04/2021;19:37:12;2012;ES;56057;ALFREDO CHAVES;12;1;1015;;4;FEMININO;3;CASADO;4044;40 a 44 anos                  ;6;ENSINO MÉDIO COMPLETO;-3;#NE;-3;#NE;-3;#NE;-3;#NE;Obrigatório;2;0;0;0
13/04/2021;19:37:12;2012;ES;56057;ALFREDO CHAVES;12;1;1015;;4;FEMININO;3;CASADO;4549;45 a 49 anos                  ;2;LÊ E ESCREVE;-3;#NE;-3;#NE;-3;#NE;-3;#NE;Obrigatório;1;0;0;0
13/04/2021;19:37:12;2012;ES;56057;ALFREDO CHAVES;12;1;1015;;4;FEMININO;3;CASADO;4549;45 a 49 anos                  ;3;ENSINO FUNDAMENTAL INCOMPLETO;-3;#NE;-3;#NE;-3;#NE;-3;#NE;Obrigatório;2;0;0;0
13/04/2021;19:37:12;2012;ES;56057;ALFREDO CHAVES;12;1;1015;;4;FEMININO;3;CASADO;5054;50 a 54 anos                  ;2;LÊ E ESCREVE;-3;#NE;-3;#NE;-3;#NE;-3;#NE;Obrigatório;1;0;0;0
13/04/2021;19:37:12;2012;ES;56057;ALFREDO CHAVES;12;1;1015;;4;FEMININO;3;CASADO;5054;50 a 54 anos                  ;3;ENSINO FUNDAMENTAL INCOMPLETO;-3;#NE;-3;#NE;-3;#NE;-3;#NE;Obrigatório;5;0;0;0
13/04/2021;19:37:12;2012;ES;56057;ALFREDO CHAVES;12;1;1015;;4;FEMININO;3;CASADO;5054;50 a 54 anos                  ;4;ENSINO FUNDAMENTAL COMPLETO;-3;#NE;-3;#NE;-3;#NE;-3;#NE;Obrigatório;1;0;0;0
13/04/2021;19:37:12;2012;ES;56057;ALFREDO CHAVES;12;1;1015;;4;FEMININO;3;CASADO;5054;50 a 54 anos                  ;6;ENSINO MÉDIO COMPLETO;-3;#NE;-3;#NE;-3;#NE;-3;#NE;Obrigatório;4;0;0;0
13/04/2021;19:37:12;2012;ES;56057;ALFREDO CHAVES;12;1;1015;;4;FEMININO;3;CASADO;5559;55 a 59 anos                  ;2;LÊ E ESCREVE;-3;#NE;-3;#NE;-3;#NE;-3;#NE;Obrigatório;2;0;0;0
13/04/2021;19:37:12;2012;ES;56057;ALFREDO CHAVES;12;1;1015;;4;FEMININO;3;CASADO;5559;55 a 59 anos                  ;3;ENSINO FUNDAMENTAL INCOMPLETO;-3;#NE;-3;#NE;-3;#NE;-3;#NE;Obrigatório;1;0;0;0
13/04/2021;19:37:12;2012;ES;56057;ALFREDO CHAVES;12;1;1015;;4;FEMININO;3;CASADO;5559;55 a 59 anos                  ;5;ENSINO MÉDIO INCOMPLETO;-3;#NE;-3;#NE;-3;#NE;-3;#NE;Obrigatório;1;0;0;0
13/04/2021;19:37:12;2012;ES;56057;ALFREDO CHAVES;12;1;1015;;4;FEMININO;3;CASADO;5559;55 a 59 anos                  ;7;SUPERIOR INCOMPLETO;-3;#NE;-3;#NE;-3;#NE;-3;#NE;Obrigatório;1;0;0;0
13/04/2021;19:37:12;2012;ES;56057;ALFREDO CHAVES;12;1;1015;;4;FEMININO;3;CASADO;5559;55 a 59 anos                  ;8;SUPERIOR COMPLETO;-3;#NE;-3;#NE;-3;#NE;-3;#NE;Obrigatório;1;0;0;0
13/04/2021;19:37:12;2012;ES;56057;ALFREDO CHAVES;12;1;1015;;4;FEMININO;3;CASADO;6064;60 a 64 anos                  ;1;ANALFABETO;-3;#NE;-3;#NE;-3;#NE;-3;#NE;Facultativo;1;0;0;0
13/04/2021;19:37:12;2012;ES;56057;ALFREDO CHAVES;12;1;1015;;4;FEMININO;3;CASADO;6064;60 a 64 anos                  ;3;ENSINO FUNDAMENTAL INCOMPLETO;-3;#NE;-3;#NE;-3;#NE;-3;#NE;Obrigatório;1;0;0;0
13/04/2021;19:37:12;2012;ES;56057;ALFREDO CHAVES;12;1;1015;;4;FEMININO;3;CASADO;6064;60 a 64 anos                  ;4;ENSINO FUNDAMENTAL COMPLETO;-3;#NE;-3;#NE;-3;#NE;-3;#NE;Obrigatório;1;0;0;0
13/04/2021;19:37:12;2012;ES;56057;ALFREDO CHAVES;12;1;1015;;4;FEMININO;3;CASADO;6064;60 a 64 anos                  ;6;ENSINO MÉDIO COMPLETO;-3;#NE;-3;#NE;-3;#NE;-3;#NE;Obrigatório;1;0;0;0
13/04/2021;19:37:12;2012;ES;56057;ALFREDO CHAVES;12;1;1015;;4;FEMININO;3;CASADO;6569;65 a 69 anos                  ;3;ENSINO FUNDAMENTAL INCOMPLETO;-3;#NE;-3;#NE;-3;#NE;-3;#NE;Obrigatório;4;0;0;0
13/04/2021;19:37:12;2012;ES;56057;ALFREDO CHAVES;12;1;1015;;4;FEMININO;3;CASADO;6569;65 a 69 anos                  ;6;ENSINO MÉDIO COMPLETO;-3;#NE;-3;#NE;-3;#NE;-3;#NE;Obrigatório;3;0;0;0
13/04/2021;19:37:12;2012;ES;56057;ALFREDO CHAVES;12;1;1015;;4;FEMININO;3;CASADO;7074;70 a 74 anos                  ;2;LÊ E ESCREVE;-3;#NE;-3;#NE;-3;#NE;-3;#NE;Facultativo;2;0;0;0
13/04/2021;19:37:12;2012;ES;56057;ALFREDO CHAVES;12;1;1015;;4;FEMININO;3;CASADO;7074;70 a 74 anos                  ;3;ENSINO FUNDAMENTAL INCOMPLETO;-3;#NE;-3;#NE;-3;#NE;-3;#NE;Facultativo;3;0;0;0
13/04/2021;19:37:12;2012;ES;56057;ALFREDO CHAVES;12;1;1015;;4;FEMININO;3;CASADO;7579;75 a 79 anos                  ;2;LÊ E ESCREVE;-3;#NE;-3;#NE;-3;#NE;-3;#NE;Facultativo;1;0;0;0
13/04/2021;19:37:12;2012;ES;56057;ALFREDO CHAVES;12;1;1015;;4;FEMININO;3;CASADO;7579;75 a 79 anos                  ;3;ENSINO FUNDAMENTAL INCOMPLETO;-3;#NE;-3;#NE;-3;#NE;-3;#NE;Facultativo;3;0;0;0
13/04/2021;19:37:12;2012;ES;56057;ALFREDO CHAVES;12;1;1015;;4;FEMININO;3;CASADO;7579;75 a 79 anos                  ;7;SUPERIOR INCOMPLETO;-3;#NE;-3;#NE;-3;#NE;-3;#NE;Facultativo;1;0;0;0
13/04/2021;19:37:12;2012;ES;56057;ALFREDO CHAVES;12;1;1015;;4;FEMININO;3;CASADO;8084;80 a 84 anos                  ;2;LÊ E ESCREVE;-3;#NE;-3;#NE;-3;#NE;-3;#NE;Facultativo;1;0;0;0
13/04/2021;19:37:12;2012;ES;56057;ALFREDO CHAVES;12;1;1015;;4;FEMININO;3;CASADO;8084;80 a 84 anos                  ;3;ENSINO FUNDAMENTAL INCOMPLETO;-3;#NE;-3;#NE;-3;#NE;-3;#NE;Facultativo;5;0;0;0
13/04/2021;19:37:12;2012;ES;56057;ALFREDO CHAVES;12;1;1015;;4;FEMININO;3;CASADO;8589;85 a 89 anos                  ;2;LÊ E ESCREVE;-3;#NE;-3;#NE;-3;#NE;-3;#NE;Facultativo;3;0;0;0
13/04/2021;19:37:12;2012;ES;56057;ALFREDO CHAVES;12;1;1015;;4;FEMININO;3;CASADO;8589;85 a 89 anos                  ;3;ENSINO FUNDAMENTAL INCOMPLETO;-3;#NE;-3;#NE;-3;#NE;-3;#NE;Facultativo;2;0;0;0
13/04/2021;19:37:12;2012;ES;56057;ALFREDO CHAVES;12;1;1015;;4;FEMININO;3;CASADO;8589;85 a 89 anos                  ;4;ENSINO FUNDAMENTAL COMPLETO;-3;#NE;-3;#NE;-3;#NE;-3;#NE;Facultativo;1;0;0;0
13/04/2021;19:37:12;2012;ES;56057;ALFREDO CHAVES;12;1;1015;;4;FEMININO;5;VIÚVO;4549;45 a 49 anos                  ;3;ENSINO FUNDAMENTAL INCOMPLETO;-3;#NE;-3;#NE;-3;#NE;-3;#NE;Obrigatório;1;0;0;0
13/04/2021;19:37:12;2012;ES;56057;ALFREDO CHAVES;12;1;1015;;4;FEMININO;5;VIÚVO;5054;50 a 54 anos                  ;3;ENSINO FUNDAMENTAL INCOMPLETO;-3;#NE;-3;#NE;-3;#NE;-3;#NE;Obrigatório;1;0;0;0
13/04/2021;19:37:12;2012;ES;56057;ALFREDO CHAVES;12;1;1015;;4;FEMININO;5;VIÚVO;6064;60 a 64 anos                  ;3;ENSINO FUNDAMENTAL INCOMPLETO;-3;#NE;-3;#NE;-3;#NE;-3;#NE;Obrigatório;1;0;0;0
13/04/2021;19:37:12;2012;ES;56057;ALFREDO CHAVES;12;1;1015;;4;FEMININO;5;VIÚVO;6569;65 a 69 anos                  ;3;ENSINO FUNDAMENTAL INCOMPLETO;-3;#NE;-3;#NE;-3;#NE;-3;#NE;Obrigatório;1;0;0;0
13/04/2021;19:37:12;2012;ES;56057;ALFREDO CHAVES;12;1;1015;;4;FEMININO;5;VIÚVO;6569;65 a 69 anos                  ;7;SUPERIOR INCOMPLETO;-3;#NE;-3;#NE;-3;#NE;-3;#NE;Obrigatório;1;0;0;0
13/04/2021;19:37:12;2012;ES;56057;ALFREDO CHAVES;12;1;1015;;4;FEMININO;5;VIÚVO;7074;70 a 74 anos                  ;1;ANALFABETO;-3;#NE;-3;#NE;-3;#NE;-3;#NE;Facultativo;1;0;0;0
13/04/2021;19:37:12;2012;ES;56057;ALFREDO CHAVES;12;1;1015;;4;FEMININO;5;VIÚVO;7074;70 a 74 anos                  ;3;ENSINO FUNDAMENTAL INCOMPLETO;-3;#NE;-3;#NE;-3;#NE;-3;#NE;Facultativo;1;0;0;0
13/04/2021;19:37:12;2012;ES;56057;ALFREDO CHAVES;12;1;1015;;4;FEMININO;5;VIÚVO;7579;75 a 79 anos                  ;1;ANALFABETO;-3;#NE;-3;#NE;-3;#NE;-3;#NE;Facultativo;1;0;0;0
13/04/2021;19:37:12;2012;ES;56057;ALFREDO CHAVES;12;1;1015;;4;FEMININO;5;VIÚVO;7579;75 a 79 anos                  ;2;LÊ E ESCREVE;-3;#NE;-3;#NE;-3;#NE;-3;#NE;Facultativo;1;0;0;0
13/04/2021;19:37:12;2012;ES;56057;ALFREDO CHAVES;12;1;1015;;4;FEMININO;5;VIÚVO;8589;85 a 89 anos                  ;1;ANALFABETO;-3;#NE;-3;#NE;-3;#NE;-3;#NE;Facultativo;1;0;0;0
13/04/2021;19:37:12;2012;ES;56057;ALFREDO CHAVES;12;1;1015;;4;FEMININO;5;VIÚVO;8589;85 a 89 anos                  ;3;ENSINO FUNDAMENTAL INCOMPLETO;-3;#NE;-3;#NE;-3;#NE;-3;#NE;Facultativo;1;0;0;0
13/04/2021;19:37:12;2012;ES;56057;ALFREDO CHAVES;12;1;1015;;4;FEMININO;5;VIÚVO;9094;90 a 94 anos                  ;2;LÊ E ESCREVE;-3;#NE;-3;#NE;-3;#NE;-3;#NE;Facultativo;1;0;0;0
13/04/2021;19:37:12;2012;ES;56057;ALFREDO CHAVES;12;1;1015;;4;FEMININO;7;SEPARADO JUDICIALMENTE;5559;55 a 59 anos                  ;3;ENSINO FUNDAMENTAL INCOMPLETO;-3;#NE;-3;#NE;-3;#NE;-3;#NE;Obrigatório;1;0;0;0
13/04/2021;19:37:12;2012;ES;56057;ALFREDO CHAVES;12;1;1015;;4;FEMININO;7;SEPARADO JUDICIALMENTE;7074;70 a 74 anos                  ;2;LÊ E ESCREVE;-3;#NE;-3;#NE;-3;#NE;-3;#NE;Facultativo;1;0;0;0
13/04/2021;19:37:12;2012;ES;56057;ALFREDO CHAVES;12;1;1015;;4;FEMININO;9;DIVORCIADO;2529;25 a 29 anos                  ;6;ENSINO MÉDIO COMPLETO;-3;#NE;-3;#NE;-3;#NE;-3;#NE;Obrigatório;1;0;0;0
13/04/2021;19:37:12;2012;ES;56057;ALFREDO CHAVES;12;1;1015;;4;FEMININO;9;DIVORCIADO;5559;55 a 59 anos                  ;3;ENSINO FUNDAMENTAL INCOMPLETO;-3;#NE;-3;#NE;-3;#NE;-3;#NE;Obrigatório;1;0;0;0
13/04/2021;19:37:12;2012;ES;56057;ALFREDO CHAVES;12;1;1015;;4;FEMININO;9;DIVORCIADO;7074;70 a 74 anos                  ;3;ENSINO FUNDAMENTAL INCOMPLETO;-3;#NE;-3;#NE;-3;#NE;-3;#NE;Facultativo;1;0;0;0
13/04/2021;19:37:12;2012;ES;56057;ALFREDO CHAVES;12;2;1015;;2;MASCULINO;1;SOLTEIRO;1600;16 anos                       ;5;ENSINO MÉDIO INCOMPLETO;-3;#NE;-3;#NE;-3;#NE;-3;#NE;Facultativo;2;0;0;0
13/04/2021;19:37:12;2012;ES;56057;ALFREDO CHAVES;12;2;1015;;2;MASCULINO;1;SOLTEIRO;1700;17 anos                       ;5;ENSINO MÉDIO INCOMPLETO;-3;#NE;-3;#NE;-3;#NE;-3;#NE;Facultativo;1;0;0;0
13/04/2021;19:37:12;2012;ES;56057;ALFREDO CHAVES;12;3;1015;;2;MASCULINO;1;SOLTEIRO;5559;55 a 59 anos                  ;3;ENSINO FUNDAMENTAL INCOMPLETO;-3;#NE;-3;#NE;-3;#NE;-3;#NE;Obrigatório;1;0;0;0
13/04/2021;19:37:12;2012;ES;56057;ALFREDO CHAVES;12;3;1015;;2;MASCULINO;1;SOLTEIRO;5559;55 a 59 anos                  ;5;ENSINO MÉDIO INCOMPLETO;-3;#NE;-3;#NE;-3;#NE;-3;#NE;Obrigatório;1;0;0;0
13/04/2021;19:37:12;2012;ES;56057;ALFREDO CHAVES;12;3;1015;;2;MASCULINO;1;SOLTEIRO;5559;55 a 59 anos                  ;6;ENSINO MÉDIO COMPLETO;-3;#NE;-3;#NE;-3;#NE;-3;#NE;Obrigatório;2;0;0;0
13/04/2021;19:37:12;2012;ES;56057;ALFREDO CHAVES;12;3;1015;;2;MASCULINO;1;SOLTEIRO;6064;60 a 64 anos                  ;8;SUPERIOR COMPLETO;-3;#NE;-3;#NE;-3;#NE;-3;#NE;Obrigatório;1;0;0;0
13/04/2021;19:37:12;2012;ES;56057;ALFREDO CHAVES;12;3;1015;;2;MASCULINO;1;SOLTEIRO;6569;65 a 69 anos                  ;3;ENSINO FUNDAMENTAL INCOMPLETO;-3;#NE;-3;#NE;-3;#NE;-3;#NE;Obrigatório;1;0;0;0
13/04/2021;19:37:12;2012;ES;56057;ALFREDO CHAVES;12;3;1015;;2;MASCULINO;1;SOLTEIRO;7074;70 a 74 anos                  ;3;ENSINO FUNDAMENTAL INCOMPLETO;-3;#NE;-3;#NE;-3;#NE;-3;#NE;Facultativo;1;0;0;0
13/04/2021;19:37:12;2012;ES;56057;ALFREDO CHAVES;12;3;1015;;2;MASCULINO;1;SOLTEIRO;8084;80 a 84 anos                  ;2;LÊ E ESCREVE;-3;#NE;-3;#NE;-3;#NE;-3;#NE;Facultativo;1;0;0;0
13/04/2021;19:37:12;2012;ES;56057;ALFREDO CHAVES;12;3;1015;;2;MASCULINO;1;SOLTEIRO;8589;85 a 89 anos                  ;2;LÊ E ESCREVE;-3;#NE;-3;#NE;-3;#NE;-3;#NE;Facultativo;1;0;0;0
13/04/2021;19:37:12;2012;ES;56057;ALFREDO CHAVES;12;3;1015;;2;MASCULINO;1;SOLTEIRO;9094;90 a 94 anos                  ;2;LÊ E ESCREVE;-3;#NE;-3;#NE;-3;#NE;-3;#NE;Facultativo;1;0;0;0
13/04/2021;19:37:12;2012;ES;56057;ALFREDO CHAVES;12;3;1015;;2;MASCULINO;3;CASADO;2124;21 a 24 anos                  ;3;ENSINO FUNDAMENTAL INCOMPLETO;-3;#NE;-3;#NE;-3;#NE;-3;#NE;Obrigatório;1;0;0;0
13/04/2021;19:37:12;2012;ES;56057;ALFREDO CHAVES;12;3;1015;;2;MASCULINO;3;CASADO;2529;25 a 29 anos                  ;3;ENSINO FUNDAMENTAL INCOMPLETO;-3;#NE;-3;#NE;-3;#NE;-3;#NE;Obrigatório;1;0;0;0
13/04/2021;19:37:12;2012;ES;56057;ALFREDO CHAVES;12;3;1015;;2;MASCULINO;3;CASADO;2529;25 a 29 anos                  ;4;ENSINO FUNDAMENTAL COMPLETO;-3;#NE;-3;#NE;-3;#NE;-3;#NE;Obrigatório;1;0;0;0
13/04/2021;19:37:12;2012;ES;56057;ALFREDO CHAVES;12;3;1015;;2;MASCULINO;3;CASADO;2529;25 a 29 anos                  ;6;ENSINO MÉDIO COMPLETO;-3;#NE;-3;#NE;-3;#NE;-3;#NE;Obrigatório;1;0;0;0
13/04/2021;19:37:12;2012;ES;56057;ALFREDO CHAVES;12;3;1015;;2;MASCULINO;3;CASADO;3034;30 a 34 anos                  ;5;ENSINO MÉDIO INCOMPLETO;-3;#NE;-3;#NE;-3;#NE;-3;#NE;Obrigatório;1;0;0;0
13/04/2021;19:37:12;2012;ES;56057;ALFREDO CHAVES;12;3;1015;;2;MASCULINO;3;CASADO;4044;40 a 44 anos                  ;3;ENSINO FUNDAMENTAL INCOMPLETO;-3;#NE;-3;#NE;-3;#NE;-3;#NE;Obrigatório;1;0;0;0
13/04/2021;19:37:12;2012;ES;56057;ALFREDO CHAVES;12;3;1015;;2;MASCULINO;3;CASADO;4044;40 a 44 anos                  ;4;ENSINO FUNDAMENTAL COMPLETO;-3;#NE;-3;#NE;-3;#NE;-3;#NE;Obrigatório;1;0;0;0
13/04/2021;19:37:12;2012;ES;56057;ALFREDO CHAVES;12;3;1015;;2;MASCULINO;3;CASADO;4044;40 a 44 anos                  ;7;SUPERIOR INCOMPLETO;-3;#NE;-3;#NE;-3;#NE;-3;#NE;Obrigatório;1;0;0;0
13/04/2021;19:37:12;2012;ES;56057;ALFREDO CHAVES;12;3;1015;;2;MASCULINO;3;CASADO;4549;45 a 49 anos                  ;2;LÊ E ESCREVE;-3;#NE;-3;#NE;-3;#NE;-3;#NE;Obrigatório;1;0;0;0
13/04/2021;19:37:12;2012;ES;56057;ALFREDO CHAVES;12;3;1015;;2;MASCULINO;3;CASADO;4549;45 a 49 anos                  ;3;ENSINO FUNDAMENTAL INCOMPLETO;-3;#NE;-3;#NE;-3;#NE;-3;#NE;Obrigatório;4;0;0;0
13/04/2021;19:37:12;2012;ES;56057;ALFREDO CHAVES;12;3;1015;;2;MASCULINO;3;CASADO;4549;45 a 49 anos                  ;6;ENSINO MÉDIO COMPLETO;-3;#NE;-3;#NE;-3;#NE;-3;#NE;Obrigatório;3;0;0;0
13/04/2021;19:37:12;2012;ES;56057;ALFREDO CHAVES;12;3;1015;;2;MASCULINO;3;CASADO;5054;50 a 54 anos                  ;2;LÊ E ESCREVE;-3;#NE;-3;#NE;-3;#NE;-3;#NE;Obrigatório;3;0;0;0
13/04/2021;19:37:12;2012;ES;56057;ALFREDO CHAVES;12;3;1015;;2;MASCULINO;3;CASADO;5054;50 a 54 anos                  ;3;ENSINO FUNDAMENTAL INCOMPLETO;-3;#NE;-3;#NE;-3;#NE;-3;#NE;Obrigatório;5;0;0;0
13/04/2021;19:37:12;2012;ES;56057;ALFREDO CHAVES;12;3;1015;;2;MASCULINO;3;CASADO;5054;50 a 54 anos                  ;5;ENSINO MÉDIO INCOMPLETO;-3;#NE;-3;#NE;-3;#NE;-3;#NE;Obrigatório;1;0;0;0
13/04/2021;19:37:12;2012;ES;56057;ALFREDO CHAVES;12;3;1015;;2;MASCULINO;3;CASADO;5054;50 a 54 anos                  ;6;ENSINO MÉDIO COMPLETO;-3;#NE;-3;#NE;-3;#NE;-3;#NE;Obrigatório;2;0;0;0
13/04/2021;19:37:12;2012;ES;56057;ALFREDO CHAVES;12;3;1015;;2;MASCULINO;3;CASADO;5054;50 a 54 anos                  ;8;SUPERIOR COMPLETO;-3;#NE;-3;#NE;-3;#NE;-3;#NE;Obrigatório;1;0;0;0
13/04/2021;19:37:12;2012;ES;56057;ALFREDO CHAVES;12;3;1015;;2;MASCULINO;3;CASADO;5559;55 a 59 anos                  ;2;LÊ E ESCREVE;-3;#NE;-3;#NE;-3;#NE;-3;#NE;Obrigatório;5;0;0;0
13/04/2021;19:37:12;2012;ES;56057;ALFREDO CHAVES;12;3;1015;;2;MASCULINO;3;CASADO;5559;55 a 59 anos                  ;3;ENSINO FUNDAMENTAL INCOMPLETO;-3;#NE;-3;#NE;-3;#NE;-3;#NE;Obrigatório;8;0;0;0
13/04/2021;19:37:12;2012;ES;56057;ALFREDO CHAVES;12;3;1015;;2;MASCULINO;3;CASADO;5559;55 a 59 anos                  ;4;ENSINO FUNDAMENTAL COMPLETO;-3;#NE;-3;#NE;-3;#NE;-3;#NE;Obrigatório;2;0;0;0
13/04/2021;19:37:12;2012;ES;56057;ALFREDO CHAVES;12;3;1015;;2;MASCULINO;3;CASADO;5559;55 a 59 anos                  ;6;ENSINO MÉDIO COMPLETO;-3;#NE;-3;#NE;-3;#NE;-3;#NE;Obrigatório;6;0;0;0
13/04/2021;19:37:12;2012;ES;56057;ALFREDO CHAVES;12;3;1015;;2;MASCULINO;3;CASADO;5559;55 a 59 anos                  ;8;SUPERIOR COMPLETO;-3;#NE;-3;#NE;-3;#NE;-3;#NE;Obrigatório;2;0;0;0
13/04/2021;19:37:12;2012;ES;56057;ALFREDO CHAVES;12;3;1015;;2;MASCULINO;3;CASADO;6064;60 a 64 anos                  ;2;LÊ E ESCREVE;-3;#NE;-3;#NE;-3;#NE;-3;#NE;Obrigatório;3;0;0;0
13/04/2021;19:37:12;2012;ES;56057;ALFREDO CHAVES;12;3;1015;;2;MASCULINO;3;CASADO;6064;60 a 64 anos                  ;4;ENSINO FUNDAMENTAL COMPLETO;-3;#NE;-3;#NE;-3;#NE;-3;#NE;Obrigatório;3;0;0;0
13/04/2021;19:37:12;2012;ES;56057;ALFREDO CHAVES;12;3;1015;;2;MASCULINO;3;CASADO;6064;60 a 64 anos                  ;5;ENSINO MÉDIO INCOMPLETO;-3;#NE;-3;#NE;-3;#NE;-3;#NE;Obrigatório;1;0;0;0
13/04/2021;19:37:12;2012;ES;56057;ALFREDO CHAVES;12;3;1015;;2;MASCULINO;3;CASADO;6064;60 a 64 anos                  ;6;ENSINO MÉDIO COMPLETO;-3;#NE;-3;#NE;-3;#NE;-3;#NE;Obrigatório;3;0;0;0
13/04/2021;19:37:12;2012;ES;56057;ALFREDO CHAVES;12;3;1015;;2;MASCULINO;3;CASADO;6064;60 a 64 anos                  ;8;SUPERIOR COMPLETO;-3;#NE;-3;#NE;-3;#NE;-3;#NE;Obrigatório;1;0;0;0
13/04/2021;19:37:12;2012;ES;56057;ALFREDO CHAVES;12;3;1015;;2;MASCULINO;3;CASADO;6569;65 a 69 anos                  ;6;ENSINO MÉDIO COMPLETO;-3;#NE;-3;#NE;-3;#NE;-3;#NE;Obrigatório;3;0;0;0
13/04/2021;19:37:12;2012;ES;56057;ALFREDO CHAVES;12;3;1015;;2;MASCULINO;3;CASADO;7074;70 a 74 anos                  ;1;ANALFABETO;-3;#NE;-3;#NE;-3;#NE;-3;#NE;Facultativo;2;0;0;0
13/04/2021;19:37:12;2012;ES;56057;ALFREDO CHAVES;12;3;1015;;2;MASCULINO;3;CASADO;7074;70 a 74 anos                  ;3;ENSINO FUNDAMENTAL INCOMPLETO;-3;#NE;-3;#NE;-3;#NE;-3;#NE;Facultativo;3;0;0;0
13/04/2021;19:37:12;2012;ES;56057;ALFREDO CHAVES;12;3;1015;;2;MASCULINO;3;CASADO;7579;75 a 79 anos                  ;2;LÊ E ESCREVE;-3;#NE;-3;#NE;-3;#NE;-3;#NE;Facultativo;4;0;0;0
13/04/2021;19:37:12;2012;ES;56057;ALFREDO CHAVES;12;3;1015;;2;MASCULINO;3;CASADO;7579;75 a 79 anos                  ;6;ENSINO MÉDIO COMPLETO;-3;#NE;-3;#NE;-3;#NE;-3;#NE;Facultativo;1;0;0;0
13/04/2021;19:37:12;2012;ES;56057;ALFREDO CHAVES;12;3;1015;;2;MASCULINO;3;CASADO;8084;80 a 84 anos                  ;1;ANALFABETO;-3;#NE;-3;#NE;-3;#NE;-3;#NE;Facultativo;1;0;0;0
13/04/2021;19:37:12;2012;ES;56057;ALFREDO CHAVES;12;3;1015;;2;MASCULINO;3;CASADO;8084;80 a 84 anos                  ;3;ENSINO FUNDAMENTAL INCOMPLETO;-3;#NE;-3;#NE;-3;#NE;-3;#NE;Facultativo;3;0;0;0
13/04/2021;19:37:12;2012;ES;56057;ALFREDO CHAVES;12;3;1015;;2;MASCULINO;3;CASADO;8589;85 a 89 anos                  ;1;ANALFABETO;-3;#NE;-3;#NE;-3;#NE;-3;#NE;Facultativo;1;0;0;0
13/04/2021;19:37:12;2012;ES;56057;ALFREDO CHAVES;12;3;1015;;2;MASCULINO;3;CASADO;8589;85 a 89 anos                  ;3;ENSINO FUNDAMENTAL INCOMPLETO;-3;#NE;-3;#NE;-3;#NE;-3;#NE;Facultativo;2;0;0;0
13/04/2021;19:37:12;2012;ES;56057;ALFREDO CHAVES;12;3;1015;;2;MASCULINO;5;VIÚVO;5559;55 a 59 anos                  ;6;ENSINO MÉDIO COMPLETO;-3;#NE;-3;#NE;-3;#NE;-3;#NE;Obrigatório;1;0;0;0
13/04/2021;19:37:12;2012;ES;56057;ALFREDO CHAVES;12;3;1015;;2;MASCULINO;7;SEPARADO JUDICIALMENTE;7074;70 a 74 anos                  ;5;ENSINO MÉDIO INCOMPLETO;-3;#NE;-3;#NE;-3;#NE;-3;#NE;Facultativo;1;0;0;0
13/04/2021;19:37:12;2012;ES;56057;ALFREDO CHAVES;12;3;1015;;2;MASCULINO;9;DIVORCIADO;4549;45 a 49 anos                  ;3;ENSINO FUNDAMENTAL INCOMPLETO;-3;#NE;-3;#NE;-3;#NE;-3;#NE;Obrigatório;1;0;0;0
13/04/2021;19:37:12;2012;ES;56057;ALFREDO CHAVES;12;3;1015;;2;MASCULINO;9;DIVORCIADO;6064;60 a 64 anos                  ;3;ENSINO FUNDAMENTAL INCOMPLETO;-3;#NE;-3;#NE;-3;#NE;-3;#NE;Obrigatório;1;0;0;0
13/04/2021;19:37:12;2012;ES;56057;ALFREDO CHAVES;12;3;1015;;4;FEMININO;0;NÃO INFORMADO;4549;45 a 49 anos                  ;6;ENSINO MÉDIO COMPLETO;-3;#NE;-3;#NE;-3;#NE;-3;#NE;Obrigatório;1;0;0;0
13/04/2021;19:37:12;2012;ES;56057;ALFREDO CHAVES;12;3;1015;;4;FEMININO;1;SOLTEIRO;1900;19 anos                       ;5;ENSINO MÉDIO INCOMPLETO;-3;#NE;-3;#NE;-3;#NE;-3;#NE;Obrigatório;2;0;0;0
13/04/2021;19:37:12;2012;ES;56057;ALFREDO CHAVES;12;3;1015;;4;FEMININO;1;SOLTEIRO;2000;20 anos                       ;5;ENSINO MÉDIO INCOMPLETO;-3;#NE;-3;#NE;-3;#NE;-3;#NE;Obrigatório;1;0;0;0
13/04/2021;19:37:12;2012;ES;56057;ALFREDO CHAVES;12;3;1015;;4;FEMININO;1;SOLTEIRO;2124;21 a 24 anos                  ;3;ENSINO FUNDAMENTAL INCOMPLETO;-3;#NE;-3;#NE;-3;#NE;-3;#NE;Obrigatório;3;0;0;0
13/04/2021;19:37:12;2012;ES;56057;ALFREDO CHAVES;12;3;1015;;4;FEMININO;1;SOLTEIRO;2124;21 a 24 anos                  ;5;ENSINO MÉDIO INCOMPLETO;-3;#NE;-3;#NE;-3;#NE;-3;#NE;Obrigatório;10;0;0;0
13/04/2021;19:37:12;2012;ES;56057;ALFREDO CHAVES;12;3;1015;;4;FEMININO;1;SOLTEIRO;2124;21 a 24 anos                  ;7;SUPERIOR INCOMPLETO;-3;#NE;-3;#NE;-3;#NE;-3;#NE;Obrigatório;1;0;0;0
13/04/2021;19:37:12;2012;ES;56057;ALFREDO CHAVES;12;4;1015;;4;FEMININO;3;CASADO;6569;65 a 69 anos                  ;6;ENSINO MÉDIO COMPLETO;-3;#NE;-3;#NE;-3;#NE;-3;#NE;Obrigatório;2;0;0;0
13/04/2021;19:37:12;2012;ES;56057;ALFREDO CHAVES;12;4;1015;;4;FEMININO;3;CASADO;6569;65 a 69 anos                  ;8;SUPERIOR COMPLETO;-3;#NE;-3;#NE;-3;#NE;-3;#NE;Obrigatório;1;0;0;0
13/04/2021;19:37:12;2012;ES;56057;ALFREDO CHAVES;12;4;1015;;4;FEMININO;3;CASADO;7074;70 a 74 anos                  ;1;ANALFABETO;-3;#NE;-3;#NE;-3;#NE;-3;#NE;Facultativo;1;0;0;0
13/04/2021;19:37:12;2012;ES;56057;ALFREDO CHAVES;12;4;1015;;4;FEMININO;3;CASADO;7074;70 a 74 anos                  ;3;ENSINO FUNDAMENTAL INCOMPLETO;-3;#NE;-3;#NE;-3;#NE;-3;#NE;Facultativo;4;0;0;0
13/04/2021;19:37:12;2012;ES;56057;ALFREDO CHAVES;12;4;1015;;4;FEMININO;3;CASADO;7074;70 a 74 anos                  ;6;ENSINO MÉDIO COMPLETO;-3;#NE;-3;#NE;-3;#NE;-3;#NE;Facultativo;3;0;0;0
13/04/2021;19:37:12;2012;ES;56057;ALFREDO CHAVES;12;4;1015;;4;FEMININO;3;CASADO;7579;75 a 79 anos                  ;2;LÊ E ESCREVE;-3;#NE;-3;#NE;-3;#NE;-3;#NE;Facultativo;3;0;0;0
13/04/2021;19:37:12;2012;ES;56057;ALFREDO CHAVES;12;4;1015;;4;FEMININO;3;CASADO;8084;80 a 84 anos                  ;1;ANALFABETO;-3;#NE;-3;#NE;-3;#NE;-3;#NE;Facultativo;1;0;0;0
13/04/2021;19:37:12;2012;ES;56057;ALFREDO CHAVES;12;4;1015;;4;FEMININO;3;CASADO;8084;80 a 84 anos                  ;2;LÊ E ESCREVE;-3;#NE;-3;#NE;-3;#NE;-3;#NE;Facultativo;1;0;0;0
13/04/2021;19:37:12;2012;ES;56057;ALFREDO CHAVES;12;4;1015;;4;FEMININO;3;CASADO;8084;80 a 84 anos                  ;3;ENSINO FUNDAMENTAL INCOMPLETO;-3;#NE;-3;#NE;-3;#NE;-3;#NE;Facultativo;4;0;0;0
13/04/2021;19:37:12;2012;ES;56057;ALFREDO CHAVES;12;4;1015;;4;FEMININO;3;CASADO;8589;85 a 89 anos                  ;2;LÊ E ESCREVE;-3;#NE;-3;#NE;-3;#NE;-3;#NE;Facultativo;1;0;0;0
13/04/2021;19:37:12;2012;ES;56057;ALFREDO CHAVES;12;4;1015;;4;FEMININO;5;VIÚVO;5559;55 a 59 anos                  ;2;LÊ E ESCREVE;-3;#NE;-3;#NE;-3;#NE;-3;#NE;Obrigatório;1;0;0;0
13/04/2021;19:37:12;2012;ES;56057;ALFREDO CHAVES;12;4;1015;;4;FEMININO;5;VIÚVO;5559;55 a 59 anos                  ;4;ENSINO FUNDAMENTAL COMPLETO;-3;#NE;-3;#NE;-3;#NE;-3;#NE;Obrigatório;1;0;0;0
13/04/2021;19:37:12;2012;ES;56057;ALFREDO CHAVES;12;4;1015;;4;FEMININO;5;VIÚVO;6064;60 a 64 anos                  ;1;ANALFABETO;-3;#NE;-3;#NE;-3;#NE;-3;#NE;Facultativo;1;0;0;0
13/04/2021;19:37:12;2012;ES;56057;ALFREDO CHAVES;12;4;1015;;4;FEMININO;5;VIÚVO;6569;65 a 69 anos                  ;2;LÊ E ESCREVE;-3;#NE;-3;#NE;-3;#NE;-3;#NE;Obrigatório;2;0;0;0
13/04/2021;19:37:12;2012;ES;56057;ALFREDO CHAVES;12;4;1015;;4;FEMININO;5;VIÚVO;6569;65 a 69 anos                  ;6;ENSINO MÉDIO COMPLETO;-3;#NE;-3;#NE;-3;#NE;-3;#NE;Obrigatório;1;0;0;0
13/04/2021;19:37:12;2012;ES;56057;ALFREDO CHAVES;12;4;1015;;4;FEMININO;5;VIÚVO;7579;75 a 79 anos                  ;3;ENSINO FUNDAMENTAL INCOMPLETO;-3;#NE;-3;#NE;-3;#NE;-3;#NE;Facultativo;1;0;0;0
13/04/2021;19:37:12;2012;ES;56057;ALFREDO CHAVES;12;4;1015;;4;FEMININO;5;VIÚVO;8084;80 a 84 anos                  ;2;LÊ E ESCREVE;-3;#NE;-3;#NE;-3;#NE;-3;#NE;Facultativo;1;0;0;0
13/04/2021;19:37:12;2012;ES;56057;ALFREDO CHAVES;12;4;1015;;4;FEMININO;5;VIÚVO;8589;85 a 89 anos                  ;2;LÊ E ESCREVE;-3;#NE;-3;#NE;-3;#NE;-3;#NE;Facultativo;1;0;0;0
13/04/2021;19:37:12;2012;ES;56057;ALFREDO CHAVES;12;4;1015;;4;FEMININO;5;VIÚVO;9094;90 a 94 anos                  ;2;LÊ E ESCREVE;-3;#NE;-3;#NE;-3;#NE;-3;#NE;Facultativo;1;0;0;0
13/04/2021;19:37:12;2012;ES;56057;ALFREDO CHAVES;12;4;1015;;4;FEMININO;9;DIVORCIADO;4044;40 a 44 anos                  ;6;ENSINO MÉDIO COMPLETO;-3;#NE;-3;#NE;-3;#NE;-3;#NE;Obrigatório;2;0;0;0
13/04/2021;19:37:12;2012;ES;56057;ALFREDO CHAVES;12;4;1015;;4;FEMININO;9;DIVORCIADO;4549;45 a 49 anos                  ;2;LÊ E ESCREVE;-3;#NE;-3;#NE;-3;#NE;-3;#NE;Obrigatório;1;0;0;0
13/04/2021;19:37:12;2012;ES;56057;ALFREDO CHAVES;12;4;1015;;4;FEMININO;9;DIVORCIADO;4549;45 a 49 anos                  ;6;ENSINO MÉDIO COMPLETO;-3;#NE;-3;#NE;-3;#NE;-3;#NE;Obrigatório;1;0;0;0
13/04/2021;19:37:12;2012;ES;56057;ALFREDO CHAVES;12;4;1015;;4;FEMININO;9;DIVORCIADO;5054;50 a 54 anos                  ;6;ENSINO MÉDIO COMPLETO;-3;#NE;-3;#NE;-3;#NE;-3;#NE;Obrigatório;1;0;0;0
13/04/2021;19:37:12;2012;ES;56057;ALFREDO CHAVES;12;4;1015;;4;FEMININO;9;DIVORCIADO;7579;75 a 79 anos                  ;8;SUPERIOR COMPLETO;-3;#NE;-3;#NE;-3;#NE;-3;#NE;Facultativo;1;0;0;0
13/04/2021;19:37:12;2012;ES;56057;ALFREDO CHAVES;12;5;1015;;0;NÃO INFORMADO;1;SOLTEIRO;4549;45 a 49 anos                  ;3;ENSINO FUNDAMENTAL INCOMPLETO;-3;#NE;-3;#NE;-3;#NE;-3;#NE;Obrigatório;1;0;0;0
13/04/2021;19:37:12;2012;ES;56057;ALFREDO CHAVES;12;5;1015;;2;MASCULINO;0;NÃO INFORMADO;4549;45 a 49 anos                  ;5;ENSINO MÉDIO INCOMPLETO;-3;#NE;-3;#NE;-3;#NE;-3;#NE;Obrigatório;1;0;0;0
13/04/2021;19:37:12;2012;ES;56057;ALFREDO CHAVES;12;5;1015;;2;MASCULINO;1;SOLTEIRO;1700;17 anos                       ;4;ENSINO FUNDAMENTAL COMPLETO;-3;#NE;-3;#NE;-3;#NE;-3;#NE;Facultativo;1;0;0;0
13/04/2021;19:37:12;2012;ES;56057;ALFREDO CHAVES;12;5;1015;;2;MASCULINO;1;SOLTEIRO;1800;18 anos                       ;5;ENSINO MÉDIO INCOMPLETO;-3;#NE;-3;#NE;-3;#NE;-3;#NE;Obrigatório;1;0;0;0
13/04/2021;19:37:12;2012;ES;56057;ALFREDO CHAVES;12;5;1015;;2;MASCULINO;1;SOLTEIRO;2124;21 a 24 anos                  ;3;ENSINO FUNDAMENTAL INCOMPLETO;-3;#NE;-3;#NE;-3;#NE;-3;#NE;Obrigatório;1;0;0;0
13/04/2021;19:37:12;2012;ES;56057;ALFREDO CHAVES;12;5;1015;;2;MASCULINO;1;SOLTEIRO;2124;21 a 24 anos                  ;4;ENSINO FUNDAMENTAL COMPLETO;-3;#NE;-3;#NE;-3;#NE;-3;#NE;Obrigatório;1;0;0;0
13/04/2021;19:37:12;2012;ES;56057;ALFREDO CHAVES;12;5;1015;;2;MASCULINO;1;SOLTEIRO;2124;21 a 24 anos                  ;5;ENSINO MÉDIO INCOMPLETO;-3;#NE;-3;#NE;-3;#NE;-3;#NE;Obrigatório;2;0;0;0
13/04/2021;19:37:12;2012;ES;56057;ALFREDO CHAVES;12;5;1015;;2;MASCULINO;1;SOLTEIRO;2529;25 a 29 anos                  ;4;ENSINO FUNDAMENTAL COMPLETO;-3;#NE;-3;#NE;-3;#NE;-3;#NE;Obrigatório;3;0;0;0
13/04/2021;19:37:12;2012;ES;56057;ALFREDO CHAVES;12;5;1015;;2;MASCULINO;1;SOLTEIRO;2529;25 a 29 anos                  ;5;ENSINO MÉDIO INCOMPLETO;-3;#NE;-3;#NE;-3;#NE;-3;#NE;Obrigatório;10;0;0;0
13/04/2021;19:37:12;2012;ES;56057;ALFREDO CHAVES;12;5;1015;;2;MASCULINO;1;SOLTEIRO;2529;25 a 29 anos                  ;6;ENSINO MÉDIO COMPLETO;-3;#NE;-3;#NE;-3;#NE;-3;#NE;Obrigatório;1;0;0;0
13/04/2021;19:37:12;2012;ES;56057;ALFREDO CHAVES;12;5;1015;;2;MASCULINO;1;SOLTEIRO;3034;30 a 34 anos                  ;3;ENSINO FUNDAMENTAL INCOMPLETO;-3;#NE;-3;#NE;-3;#NE;-3;#NE;Obrigatório;2;0;0;0
13/04/2021;19:37:12;2012;ES;56057;ALFREDO CHAVES;12;5;1015;;2;MASCULINO;1;SOLTEIRO;3034;30 a 34 anos                  ;5;ENSINO MÉDIO INCOMPLETO;-3;#NE;-3;#NE;-3;#NE;-3;#NE;Obrigatório;5;0;0;0
13/04/2021;19:37:12;2012;ES;56057;ALFREDO CHAVES;12;5;1015;;2;MASCULINO;1;SOLTEIRO;3539;35 a 39 anos                  ;1;ANALFABETO;-3;#NE;-3;#NE;-3;#NE;-3;#NE;Facultativo;1;0;0;0
13/04/2021;19:37:12;2012;ES;56057;ALFREDO CHAVES;12;5;1015;;2;MASCULINO;1;SOLTEIRO;3539;35 a 39 anos                  ;3;ENSINO FUNDAMENTAL INCOMPLETO;-3;#NE;-3;#NE;-3;#NE;-3;#NE;Obrigatório;2;0;0;0
13/04/2021;19:37:12;2012;ES;56057;ALFREDO CHAVES;12;5;1015;;2;MASCULINO;1;SOLTEIRO;4044;40 a 44 anos                  ;3;ENSINO FUNDAMENTAL INCOMPLETO;-3;#NE;-3;#NE;-3;#NE;-3;#NE;Obrigatório;2;0;0;0
13/04/2021;19:37:12;2012;ES;56057;ALFREDO CHAVES;12;5;1015;;2;MASCULINO;1;SOLTEIRO;4044;40 a 44 anos                  ;5;ENSINO MÉDIO INCOMPLETO;-3;#NE;-3;#NE;-3;#NE;-3;#NE;Obrigatório;3;0;0;0
13/04/2021;19:37:12;2012;ES;56057;ALFREDO CHAVES;12;5;1015;;2;MASCULINO;1;SOLTEIRO;4044;40 a 44 anos                  ;6;ENSINO MÉDIO COMPLETO;-3;#NE;-3;#NE;-3;#NE;-3;#NE;Obrigatório;1;0;0;0
13/04/2021;19:37:12;2012;ES;56057;ALFREDO CHAVES;12;5;1015;;2;MASCULINO;1;SOLTEIRO;4549;45 a 49 anos                  ;1;ANALFABETO;-3;#NE;-3;#NE;-3;#NE;-3;#NE;Facultativo;1;0;0;0
13/04/2021;19:37:12;2012;ES;56057;ALFREDO CHAVES;12;5;1015;;2;MASCULINO;1;SOLTEIRO;4549;45 a 49 anos                  ;2;LÊ E ESCREVE;-3;#NE;-3;#NE;-3;#NE;-3;#NE;Obrigatório;2;0;0;0
13/04/2021;19:37:12;2012;ES;56057;ALFREDO CHAVES;12;5;1015;;2;MASCULINO;1;SOLTEIRO;4549;45 a 49 anos                  ;3;ENSINO FUNDAMENTAL INCOMPLETO;-3;#NE;-3;#NE;-3;#NE;-3;#NE;Obrigatório;5;0;0;0
13/04/2021;19:37:12;2012;ES;56057;ALFREDO CHAVES;12;6;1023;;4;FEMININO;1;SOLTEIRO;2000;20 anos                       ;4;ENSINO FUNDAMENTAL COMPLETO;-3;#NE;-3;#NE;-3;#NE;-3;#NE;Obrigatório;1;0;0;0
13/04/2021;19:37:12;2012;ES;56057;ALFREDO CHAVES;12;6;1023;;4;FEMININO;1;SOLTEIRO;2000;20 anos                       ;6;ENSINO MÉDIO COMPLETO;-3;#NE;-3;#NE;-3;#NE;-3;#NE;Obrigatório;1;0;0;0
13/04/2021;19:37:12;2012;ES;56057;ALFREDO CHAVES;12;6;1023;;4;FEMININO;1;SOLTEIRO;2124;21 a 24 anos                  ;3;ENSINO FUNDAMENTAL INCOMPLETO;-3;#NE;-3;#NE;-3;#NE;-3;#NE;Obrigatório;3;0;0;0
13/04/2021;19:37:12;2012;ES;56057;ALFREDO CHAVES;12;6;1023;;4;FEMININO;1;SOLTEIRO;2124;21 a 24 anos                  ;5;ENSINO MÉDIO INCOMPLETO;-3;#NE;-3;#NE;-3;#NE;-3;#NE;Obrigatório;8;0;0;0
13/04/2021;19:37:12;2012;ES;56057;ALFREDO CHAVES;12;6;1023;;4;FEMININO;1;SOLTEIRO;2124;21 a 24 anos                  ;6;ENSINO MÉDIO COMPLETO;-3;#NE;-3;#NE;-3;#NE;-3;#NE;Obrigatório;2;0;0;0
13/04/2021;19:37:12;2012;ES;56057;ALFREDO CHAVES;12;6;1023;;4;FEMININO;1;SOLTEIRO;2124;21 a 24 anos                  ;7;SUPERIOR INCOMPLETO;-3;#NE;-3;#NE;-3;#NE;-3;#NE;Obrigatório;2;0;0;0
13/04/2021;19:37:12;2012;ES;56057;ALFREDO CHAVES;12;6;1023;;4;FEMININO;1;SOLTEIRO;2529;25 a 29 anos                  ;3;ENSINO FUNDAMENTAL INCOMPLETO;-3;#NE;-3;#NE;-3;#NE;-3;#NE;Obrigatório;3;0;0;0
13/04/2021;19:37:12;2012;ES;56057;ALFREDO CHAVES;12;6;1023;;4;FEMININO;1;SOLTEIRO;2529;25 a 29 anos                  ;5;ENSINO MÉDIO INCOMPLETO;-3;#NE;-3;#NE;-3;#NE;-3;#NE;Obrigatório;6;0;0;0
13/04/2021;19:37:12;2012;ES;56057;ALFREDO CHAVES;12;6;1023;;4;FEMININO;1;SOLTEIRO;2529;25 a 29 anos                  ;6;ENSINO MÉDIO COMPLETO;-3;#NE;-3;#NE;-3;#NE;-3;#NE;Obrigatório;5;0;0;0
13/04/2021;19:37:12;2012;ES;56057;ALFREDO CHAVES;12;6;1023;;4;FEMININO;1;SOLTEIRO;2529;25 a 29 anos                  ;7;SUPERIOR INCOMPLETO;-3;#NE;-3;#NE;-3;#NE;-3;#NE;Obrigatório;1;0;0;0
13/04/2021;19:37:12;2012;ES;56057;ALFREDO CHAVES;12;6;1023;;4;FEMININO;1;SOLTEIRO;2529;25 a 29 anos                  ;8;SUPERIOR COMPLETO;-3;#NE;-3;#NE;-3;#NE;-3;#NE;Obrigatório;1;0;0;0
13/04/2021;19:37:12;2012;ES;56057;ALFREDO CHAVES;12;6;1023;;4;FEMININO;1;SOLTEIRO;3034;30 a 34 anos                  ;1;ANALFABETO;-3;#NE;-3;#NE;-3;#NE;-3;#NE;Facultativo;1;0;0;0
13/04/2021;19:37:12;2012;ES;56057;ALFREDO CHAVES;12;6;1023;;4;FEMININO;1;SOLTEIRO;3034;30 a 34 anos                  ;3;ENSINO FUNDAMENTAL INCOMPLETO;-3;#NE;-3;#NE;-3;#NE;-3;#NE;Obrigatório;7;0;0;0
13/04/2021;19:37:12;2012;ES;56057;ALFREDO CHAVES;12;6;1023;;4;FEMININO;1;SOLTEIRO;3034;30 a 34 anos                  ;5;ENSINO MÉDIO INCOMPLETO;-3;#NE;-3;#NE;-3;#NE;-3;#NE;Obrigatório;1;0;0;0
13/04/2021;19:37:12;2012;ES;56057;ALFREDO CHAVES;12;6;1023;;4;FEMININO;1;SOLTEIRO;3034;30 a 34 anos                  ;6;ENSINO MÉDIO COMPLETO;-3;#NE;-3;#NE;-3;#NE;-3;#NE;Obrigatório;3;0;0;0
13/04/2021;19:37:12;2012;ES;56057;ALFREDO CHAVES;12;6;1023;;4;FEMININO;1;SOLTEIRO;3539;35 a 39 anos                  ;3;ENSINO FUNDAMENTAL INCOMPLETO;-3;#NE;-3;#NE;-3;#NE;-3;#NE;Obrigatório;2;0;0;0
13/04/2021;19:37:12;2012;ES;56057;ALFREDO CHAVES;12;6;1023;;4;FEMININO;1;SOLTEIRO;3539;35 a 39 anos                  ;6;ENSINO MÉDIO COMPLETO;-3;#NE;-3;#NE;-3;#NE;-3;#NE;Obrigatório;1;0;0;0
13/04/2021;19:37:12;2012;ES;56057;ALFREDO CHAVES;12;6;1023;;4;FEMININO;1;SOLTEIRO;4044;40 a 44 anos                  ;8;SUPERIOR COMPLETO;-3;#NE;-3;#NE;-3;#NE;-3;#NE;Obrigatório;1;0;0;0
13/04/2021;19:37:12;2012;ES;56057;ALFREDO CHAVES;12;6;1023;;4;FEMININO;1;SOLTEIRO;4549;45 a 49 anos                  ;3;ENSINO FUNDAMENTAL INCOMPLETO;-3;#NE;-3;#NE;-3;#NE;-3;#NE;Obrigatório;6;0;0;0
13/04/2021;19:37:12;2012;ES;56057;ALFREDO CHAVES;12;6;1023;;4;FEMININO;1;SOLTEIRO;4549;45 a 49 anos                  ;6;ENSINO MÉDIO COMPLETO;-3;#NE;-3;#NE;-3;#NE;-3;#NE;Obrigatório;2;0;0;0
13/04/2021;19:37:12;2012;ES;56057;ALFREDO CHAVES;12;6;1023;;4;FEMININO;1;SOLTEIRO;4549;45 a 49 anos                  ;7;SUPERIOR INCOMPLETO;-3;#NE;-3;#NE;-3;#NE;-3;#NE;Obrigatório;1;0;0;0
13/04/2021;19:37:12;2012;ES;56057;ALFREDO CHAVES;12;6;1023;;4;FEMININO;1;SOLTEIRO;5054;50 a 54 anos                  ;4;ENSINO FUNDAMENTAL COMPLETO;-3;#NE;-3;#NE;-3;#NE;-3;#NE;Obrigatório;1;0;0;0
13/04/2021;19:37:12;2012;ES;56057;ALFREDO CHAVES;12;6;1023;;4;FEMININO;1;SOLTEIRO;5054;50 a 54 anos                  ;6;ENSINO MÉDIO COMPLETO;-3;#NE;-3;#NE;-3;#NE;-3;#NE;Obrigatório;5;0;0;0
13/04/2021;19:37:12;2012;ES;56057;ALFREDO CHAVES;12;6;1023;;4;FEMININO;1;SOLTEIRO;5054;50 a 54 anos                  ;8;SUPERIOR COMPLETO;-3;#NE;-3;#NE;-3;#NE;-3;#NE;Obrigatório;1;0;0;0
13/04/2021;19:37:12;2012;ES;56057;ALFREDO CHAVES;12;6;1023;;4;FEMININO;1;SOLTEIRO;5559;55 a 59 anos                  ;4;ENSINO FUNDAMENTAL COMPLETO;-3;#NE;-3;#NE;-3;#NE;-3;#NE;Obrigatório;1;0;0;0
13/04/2021;19:37:12;2012;ES;56057;ALFREDO CHAVES;12;6;1023;;4;FEMININO;1;SOLTEIRO;5559;55 a 59 anos                  ;6;ENSINO MÉDIO COMPLETO;-3;#NE;-3;#NE;-3;#NE;-3;#NE;Obrigatório;2;0;0;0
13/04/2021;19:37:12;2012;ES;56057;ALFREDO CHAVES;12;6;1023;;4;FEMININO;1;SOLTEIRO;5559;55 a 59 anos                  ;8;SUPERIOR COMPLETO;-3;#NE;-3;#NE;-3;#NE;-3;#NE;Obrigatório;1;0;0;0
13/04/2021;19:37:12;2012;ES;56057;ALFREDO CHAVES;12;6;1023;;4;FEMININO;1;SOLTEIRO;6064;60 a 64 anos                  ;6;ENSINO MÉDIO COMPLETO;-3;#NE;-3;#NE;-3;#NE;-3;#NE;Obrigatório;1;0;0;0
13/04/2021;19:37:12;2012;ES;56057;ALFREDO CHAVES;12;6;1023;;4;FEMININO;1;SOLTEIRO;6569;65 a 69 anos                  ;2;LÊ E ESCREVE;-3;#NE;-3;#NE;-3;#NE;-3;#NE;Obrigatório;1;0;0;0
13/04/2021;19:37:12;2012;ES;56057;ALFREDO CHAVES;12;6;1023;;4;FEMININO;1;SOLTEIRO;7074;70 a 74 anos                  ;1;ANALFABETO;-3;#NE;-3;#NE;-3;#NE;-3;#NE;Facultativo;1;0;0;0
13/04/2021;19:37:12;2012;ES;56057;ALFREDO CHAVES;12;6;1023;;4;FEMININO;1;SOLTEIRO;7579;75 a 79 anos                  ;1;ANALFABETO;-3;#NE;-3;#NE;-3;#NE;-3;#NE;Facultativo;1;0;0;0
13/04/2021;19:37:12;2012;ES;56057;ALFREDO CHAVES;12;6;1023;;4;FEMININO;1;SOLTEIRO;8589;85 a 89 anos                  ;6;ENSINO MÉDIO COMPLETO;-3;#NE;-3;#NE;-3;#NE;-3;#NE;Facultativo;1;0;0;0
13/04/2021;19:37:12;2012;ES;56057;ALFREDO CHAVES;12;8;1023;;2;MASCULINO;1;SOLTEIRO;3539;35 a 39 anos                  ;6;ENSINO MÉDIO COMPLETO;-3;#NE;-3;#NE;-3;#NE;-3;#NE;Obrigatório;2;0;0;0
13/04/2021;19:37:12;2012;ES;56057;ALFREDO CHAVES;12;8;1023;;2;MASCULINO;1;SOLTEIRO;4044;40 a 44 anos                  ;5;ENSINO MÉDIO INCOMPLETO;-3;#NE;-3;#NE;-3;#NE;-3;#NE;Obrigatório;1;0;0;0
13/04/2021;19:37:12;2012;ES;56057;ALFREDO CHAVES;12;8;1023;;2;MASCULINO;1;SOLTEIRO;4044;40 a 44 anos                  ;6;ENSINO MÉDIO COMPLETO;-3;#NE;-3;#NE;-3;#NE;-3;#NE;Obrigatório;1;0;0;0
13/04/2021;19:37:12;2012;ES;56057;ALFREDO CHAVES;12;8;1023;;2;MASCULINO;1;SOLTEIRO;4549;45 a 49 anos                  ;1;ANALFABETO;-3;#NE;-3;#NE;-3;#NE;-3;#NE;Facultativo;1;0;0;0
13/04/2021;19:37:12;2012;ES;56057;ALFREDO CHAVES;12;8;1023;;2;MASCULINO;1;SOLTEIRO;4549;45 a 49 anos                  ;2;LÊ E ESCREVE;-3;#NE;-3;#NE;-3;#NE;-3;#NE;Obrigatório;1;0;0;0
13/04/2021;19:37:12;2012;ES;56057;ALFREDO CHAVES;12;8;1023;;2;MASCULINO;1;SOLTEIRO;4549;45 a 49 anos                  ;4;ENSINO FUNDAMENTAL COMPLETO;-3;#NE;-3;#NE;-3;#NE;-3;#NE;Obrigatório;1;0;0;0
13/04/2021;19:37:12;2012;ES;56057;ALFREDO CHAVES;12;8;1023;;2;MASCULINO;1;SOLTEIRO;4549;45 a 49 anos                  ;6;ENSINO MÉDIO COMPLETO;-3;#NE;-3;#NE;-3;#NE;-3;#NE;Obrigatório;3;0;0;0
13/04/2021;19:37:12;2012;ES;56057;ALFREDO CHAVES;12;8;1023;;2;MASCULINO;1;SOLTEIRO;4549;45 a 49 anos                  ;7;SUPERIOR INCOMPLETO;-3;#NE;-3;#NE;-3;#NE;-3;#NE;Obrigatório;1;0;0;0
13/04/2021;19:37:12;2012;ES;56057;ALFREDO CHAVES;12;8;1023;;2;MASCULINO;1;SOLTEIRO;5054;50 a 54 anos                  ;3;ENSINO FUNDAMENTAL INCOMPLETO;-3;#NE;-3;#NE;-3;#NE;-3;#NE;Obrigatório;4;0;0;0
13/04/2021;19:37:12;2012;ES;56057;ALFREDO CHAVES;12;8;1023;;2;MASCULINO;1;SOLTEIRO;5054;50 a 54 anos                  ;6;ENSINO MÉDIO COMPLETO;-3;#NE;-3;#NE;-3;#NE;-3;#NE;Obrigatório;7;0;0;0
13/04/2021;19:37:12;2012;ES;56057;ALFREDO CHAVES;12;8;1023;;2;MASCULINO;1;SOLTEIRO;5559;55 a 59 anos                  ;1;ANALFABETO;-3;#NE;-3;#NE;-3;#NE;-3;#NE;Facultativo;2;0;0;0
13/04/2021;19:37:12;2012;ES;56057;ALFREDO CHAVES;12;8;1023;;2;MASCULINO;1;SOLTEIRO;5559;55 a 59 anos                  ;6;ENSINO MÉDIO COMPLETO;-3;#NE;-3;#NE;-3;#NE;-3;#NE;Obrigatório;1;0;0;0
13/04/2021;19:37:12;2012;ES;56057;ALFREDO CHAVES;12;8;1023;;2;MASCULINO;1;SOLTEIRO;6064;60 a 64 anos                  ;3;ENSINO FUNDAMENTAL INCOMPLETO;-3;#NE;-3;#NE;-3;#NE;-3;#NE;Obrigatório;2;0;0;0
13/04/2021;19:37:12;2012;ES;56057;ALFREDO CHAVES;12;8;1023;;2;MASCULINO;1;SOLTEIRO;6569;65 a 69 anos                  ;2;LÊ E ESCREVE;-3;#NE;-3;#NE;-3;#NE;-3;#NE;Obrigatório;1;0;0;0
13/04/2021;19:37:12;2012;ES;56057;ALFREDO CHAVES;12;8;1023;;2;MASCULINO;1;SOLTEIRO;6569;65 a 69 anos                  ;8;SUPERIOR COMPLETO;-3;#NE;-3;#NE;-3;#NE;-3;#NE;Obrigatório;1;0;0;0
13/04/2021;19:37:12;2012;ES;56057;ALFREDO CHAVES;12;8;1023;;2;MASCULINO;1;SOLTEIRO;7074;70 a 74 anos                  ;3;ENSINO FUNDAMENTAL INCOMPLETO;-3;#NE;-3;#NE;-3;#NE;-3;#NE;Facultativo;1;0;0;0
13/04/2021;19:37:12;2012;ES;56057;ALFREDO CHAVES;12;8;1023;;2;MASCULINO;1;SOLTEIRO;8084;80 a 84 anos                  ;3;ENSINO FUNDAMENTAL INCOMPLETO;-3;#NE;-3;#NE;-3;#NE;-3;#NE;Facultativo;1;0;0;0
13/04/2021;19:37:12;2012;ES;56057;ALFREDO CHAVES;12;8;1023;;2;MASCULINO;3;CASADO;2529;25 a 29 anos                  ;8;SUPERIOR COMPLETO;-3;#NE;-3;#NE;-3;#NE;-3;#NE;Obrigatório;1;0;0;0
13/04/2021;19:37:12;2012;ES;56057;ALFREDO CHAVES;12;10;1040;;2;MASCULINO;5;VIÚVO;7074;70 a 74 anos                  ;2;LÊ E ESCREVE;-3;#NE;-3;#NE;-3;#NE;-3;#NE;Facultativo;1;0;0;0
13/04/2021;19:37:12;2012;ES;56057;ALFREDO CHAVES;12;10;1040;;4;FEMININO;1;SOLTEIRO;1700;17 anos                       ;5;ENSINO MÉDIO INCOMPLETO;-3;#NE;-3;#NE;-3;#NE;-3;#NE;Facultativo;2;0;0;0
13/04/2021;19:37:12;2012;ES;56057;ALFREDO CHAVES;12;10;1040;;4;FEMININO;1;SOLTEIRO;1700;17 anos                       ;6;ENSINO MÉDIO COMPLETO;-3;#NE;-3;#NE;-3;#NE;-3;#NE;Facultativo;1;0;0;0
13/04/2021;19:37:12;2012;ES;56057;ALFREDO CHAVES;12;10;1040;;4;FEMININO;1;SOLTEIRO;1900;19 anos                       ;5;ENSINO MÉDIO INCOMPLETO;-3;#NE;-3;#NE;-3;#NE;-3;#NE;Obrigatório;1;0;0;0
13/04/2021;19:37:12;2012;ES;56057;ALFREDO CHAVES;12;10;1040;;4;FEMININO;1;SOLTEIRO;2124;21 a 24 anos                  ;4;ENSINO FUNDAMENTAL COMPLETO;-3;#NE;-3;#NE;-3;#NE;-3;#NE;Obrigatório;1;0;0;0
13/04/2021;19:37:12;2012;ES;56057;ALFREDO CHAVES;12;12;1058;;4;FEMININO;1;SOLTEIRO;4549;45 a 49 anos                  ;3;ENSINO FUNDAMENTAL INCOMPLETO;-3;#NE;-3;#NE;-3;#NE;-3;#NE;Obrigatório;2;0;0;0
13/04/2021;19:37:12;2012;ES;56057;ALFREDO CHAVES;12;12;1058;;4;FEMININO;1;SOLTEIRO;5559;55 a 59 anos                  ;3;ENSINO FUNDAMENTAL INCOMPLETO;-3;#NE;-3;#NE;-3;#NE;-3;#NE;Obrigatório;1;0;0;0
13/04/2021;19:37:12;2012;ES;56057;ALFREDO CHAVES;12;12;1058;;4;FEMININO;1;SOLTEIRO;6064;60 a 64 anos                  ;3;ENSINO FUNDAMENTAL INCOMPLETO;-3;#NE;-3;#NE;-3;#NE;-3;#NE;Obrigatório;1;0;0;0
13/04/2021;19:37:12;2012;ES;56057;ALFREDO CHAVES;12;12;1058;;4;FEMININO;1;SOLTEIRO;6569;65 a 69 anos                  ;3;ENSINO FUNDAMENTAL INCOMPLETO;-3;#NE;-3;#NE;-3;#NE;-3;#NE;Obrigatório;1;0;0;0
13/04/2021;19:37:12;2012;ES;56057;ALFREDO CHAVES;12;12;1058;;4;FEMININO;3;CASADO;2529;25 a 29 anos                  ;3;ENSINO FUNDAMENTAL INCOMPLETO;-3;#NE;-3;#NE;-3;#NE;-3;#NE;Obrigatório;3;0;0;0
13/04/2021;19:37:12;2012;ES;56057;ALFREDO CHAVES;12;14;1066;;4;FEMININO;3;CASADO;2529;25 a 29 anos                  ;6;ENSINO MÉDIO COMPLETO;-3;#NE;-3;#NE;-3;#NE;-3;#NE;Obrigatório;1;0;0;0
13/04/2021;19:37:12;2012;ES;56057;ALFREDO CHAVES;12;14;1066;;4;FEMININO;3;CASADO;3539;35 a 39 anos                  ;4;ENSINO FUNDAMENTAL COMPLETO;-3;#NE;-3;#NE;-3;#NE;-3;#NE;Obrigatório;1;0;0;0
13/04/2021;19:37:12;2012;ES;56057;ALFREDO CHAVES;12;14;1066;;4;FEMININO;3;CASADO;3539;35 a 39 anos                  ;6;ENSINO MÉDIO COMPLETO;-3;#NE;-3;#NE;-3;#NE;-3;#NE;Obrigatório;1;0;0;0
13/04/2021;19:37:12;2012;ES;56057;ALFREDO CHAVES;12;14;1066;;4;FEMININO;3;CASADO;3539;35 a 39 anos                  ;7;SUPERIOR INCOMPLETO;-3;#NE;-3;#NE;-3;#NE;-3;#NE;Obrigatório;1;0;0;0
13/04/2021;19:37:12;2012;ES;56057;ALFREDO CHAVES;12;14;1066;;4;FEMININO;3;CASADO;4044;40 a 44 anos                  ;3;ENSINO FUNDAMENTAL INCOMPLETO;-3;#NE;-3;#NE;-3;#NE;-3;#NE;Obrigatório;5;0;0;0
13/04/2021;19:37:12;2012;ES;56057;ALFREDO CHAVES;12;14;1066;;4;FEMININO;3;CASADO;4044;40 a 44 anos                  ;8;SUPERIOR COMPLETO;-3;#NE;-3;#NE;-3;#NE;-3;#NE;Obrigatório;1;0;0;0
13/04/2021;19:37:12;2012;ES;56057;ALFREDO CHAVES;12;14;1066;;4;FEMININO;3;CASADO;4549;45 a 49 anos                  ;3;ENSINO FUNDAMENTAL INCOMPLETO;-3;#NE;-3;#NE;-3;#NE;-3;#NE;Obrigatório;4;0;0;0
13/04/2021;19:37:12;2012;ES;56057;ALFREDO CHAVES;12;14;1066;;4;FEMININO;3;CASADO;4549;45 a 49 anos                  ;4;ENSINO FUNDAMENTAL COMPLETO;-3;#NE;-3;#NE;-3;#NE;-3;#NE;Obrigatório;1;0;0;0
13/04/2021;19:37:12;2012;ES;56057;ALFREDO CHAVES;12;14;1066;;4;FEMININO;3;CASADO;5054;50 a 54 anos                  ;2;LÊ E ESCREVE;-3;#NE;-3;#NE;-3;#NE;-3;#NE;Obrigatório;1;0;0;0
13/04/2021;19:37:12;2012;ES;56057;ALFREDO CHAVES;12;14;1066;;4;FEMININO;3;CASADO;5054;50 a 54 anos                  ;3;ENSINO FUNDAMENTAL INCOMPLETO;-3;#NE;-3;#NE;-3;#NE;-3;#NE;Obrigatório;11;0;0;0
13/04/2021;19:37:12;2012;ES;56057;ALFREDO CHAVES;12;14;1066;;4;FEMININO;3;CASADO;5559;55 a 59 anos                  ;1;ANALFABETO;-3;#NE;-3;#NE;-3;#NE;-3;#NE;Facultativo;1;0;0;0
13/04/2021;19:37:12;2012;ES;56057;ALFREDO CHAVES;12;14;1066;;4;FEMININO;3;CASADO;5559;55 a 59 anos                  ;3;ENSINO FUNDAMENTAL INCOMPLETO;-3;#NE;-3;#NE;-3;#NE;-3;#NE;Obrigatório;7;0;0;0
13/04/2021;19:37:12;2012;ES;56057;ALFREDO CHAVES;12;14;1066;;4;FEMININO;3;CASADO;5559;55 a 59 anos                  ;6;ENSINO MÉDIO COMPLETO;-3;#NE;-3;#NE;-3;#NE;-3;#NE;Obrigatório;2;0;0;0
13/04/2021;19:37:12;2012;ES;56057;ALFREDO CHAVES;12;14;1066;;4;FEMININO;3;CASADO;6064;60 a 64 anos                  ;1;ANALFABETO;-3;#NE;-3;#NE;-3;#NE;-3;#NE;Facultativo;1;0;0;0
13/04/2021;19:37:12;2012;ES;56057;ALFREDO CHAVES;12;14;1066;;4;FEMININO;3;CASADO;6569;65 a 69 anos                  ;2;LÊ E ESCREVE;-3;#NE;-3;#NE;-3;#NE;-3;#NE;Obrigatório;3;0;0;0
13/04/2021;19:37:12;2012;ES;56057;ALFREDO CHAVES;12;14;1066;;4;FEMININO;3;CASADO;6569;65 a 69 anos                  ;3;ENSINO FUNDAMENTAL INCOMPLETO;-3;#NE;-3;#NE;-3;#NE;-3;#NE;Obrigatório;3;0;0;0
13/04/2021;19:37:12;2012;ES;56057;ALFREDO CHAVES;12;14;1066;;4;FEMININO;3;CASADO;7074;70 a 74 anos                  ;1;ANALFABETO;-3;#NE;-3;#NE;-3;#NE;-3;#NE;Facultativo;1;0;0;0
13/04/2021;19:37:12;2012;ES;56057;ALFREDO CHAVES;12;14;1066;;4;FEMININO;3;CASADO;7074;70 a 74 anos                  ;6;ENSINO MÉDIO COMPLETO;-3;#NE;-3;#NE;-3;#NE;-3;#NE;Facultativo;1;0;0;0
13/04/2021;19:37:12;2012;ES;56057;ALFREDO CHAVES;12;14;1066;;4;FEMININO;3;CASADO;7579;75 a 79 anos                  ;3;ENSINO FUNDAMENTAL INCOMPLETO;-3;#NE;-3;#NE;-3;#NE;-3;#NE;Facultativo;2;0;0;0
13/04/2021;19:37:12;2012;ES;56057;ALFREDO CHAVES;12;14;1066;;4;FEMININO;3;CASADO;8084;80 a 84 anos                  ;2;LÊ E ESCREVE;-3;#NE;-3;#NE;-3;#NE;-3;#NE;Facultativo;1;0;0;0
13/04/2021;19:37:12;2012;ES;56057;ALFREDO CHAVES;12;17;1090;;2;MASCULINO;3;CASADO;3539;35 a 39 anos                  ;3;ENSINO FUNDAMENTAL INCOMPLETO;-3;#NE;-3;#NE;-3;#NE;-3;#NE;Obrigatório;1;0;0;0
13/04/2021;19:37:12;2012;ES;56057;ALFREDO CHAVES;12;17;1090;;2;MASCULINO;3;CASADO;4044;40 a 44 anos                  ;3;ENSINO FUNDAMENTAL INCOMPLETO;-3;#NE;-3;#NE;-3;#NE;-3;#NE;Obrigatório;5;0;0;0
13/04/2021;19:37:12;2012;ES;56057;ALFREDO CHAVES;12;17;1090;;2;MASCULINO;3;CASADO;4549;45 a 49 anos                  ;1;ANALFABETO;-3;#NE;-3;#NE;-3;#NE;-3;#NE;Facultativo;1;0;0;0
13/04/2021;19:37:12;2012;ES;56057;ALFREDO CHAVES;12;17;1090;;2;MASCULINO;3;CASADO;4549;45 a 49 anos                  ;3;ENSINO FUNDAMENTAL INCOMPLETO;-3;#NE;-3;#NE;-3;#NE;-3;#NE;Obrigatório;4;0;0;0
13/04/2021;19:37:12;2012;ES;56057;ALFREDO CHAVES;12;17;1090;;2;MASCULINO;3;CASADO;5054;50 a 54 anos                  ;3;ENSINO FUNDAMENTAL INCOMPLETO;-3;#NE;-3;#NE;-3;#NE;-3;#NE;Obrigatório;5;0;0;0
13/04/2021;19:37:12;2012;ES;56057;ALFREDO CHAVES;12;17;1090;;2;MASCULINO;3;CASADO;5054;50 a 54 anos                  ;4;ENSINO FUNDAMENTAL COMPLETO;-3;#NE;-3;#NE;-3;#NE;-3;#NE;Obrigatório;1;0;0;0
13/04/2021;19:37:12;2012;ES;56057;ALFREDO CHAVES;12;17;1090;;2;MASCULINO;3;CASADO;5054;50 a 54 anos                  ;6;ENSINO MÉDIO COMPLETO;-3;#NE;-3;#NE;-3;#NE;-3;#NE;Obrigatório;2;0;0;0
13/04/2021;19:37:12;2012;ES;56057;ALFREDO CHAVES;12;17;1090;;2;MASCULINO;3;CASADO;5559;55 a 59 anos                  ;2;LÊ E ESCREVE;-3;#NE;-3;#NE;-3;#NE;-3;#NE;Obrigatório;2;0;0;0
13/04/2021;19:37:12;2012;ES;56057;ALFREDO CHAVES;12;17;1090;;2;MASCULINO;3;CASADO;5559;55 a 59 anos                  ;3;ENSINO FUNDAMENTAL INCOMPLETO;-3;#NE;-3;#NE;-3;#NE;-3;#NE;Obrigatório;1;0;0;0
13/04/2021;19:37:12;2012;ES;56057;ALFREDO CHAVES;12;17;1090;;2;MASCULINO;3;CASADO;5559;55 a 59 anos                  ;4;ENSINO FUNDAMENTAL COMPLETO;-3;#NE;-3;#NE;-3;#NE;-3;#NE;Obrigatório;1;0;0;0
13/04/2021;19:37:12;2012;ES;56057;ALFREDO CHAVES;12;17;1090;;2;MASCULINO;3;CASADO;5559;55 a 59 anos                  ;5;ENSINO MÉDIO INCOMPLETO;-3;#NE;-3;#NE;-3;#NE;-3;#NE;Obrigatório;1;0;0;0
13/04/2021;19:37:12;2012;ES;56057;ALFREDO CHAVES;12;17;1090;;2;MASCULINO;3;CASADO;5559;55 a 59 anos                  ;6;ENSINO MÉDIO COMPLETO;-3;#NE;-3;#NE;-3;#NE;-3;#NE;Obrigatório;1;0;0;0
13/04/2021;19:37:12;2012;ES;56057;ALFREDO CHAVES;12;17;1090;;2;MASCULINO;3;CASADO;5559;55 a 59 anos                  ;8;SUPERIOR COMPLETO;-3;#NE;-3;#NE;-3;#NE;-3;#NE;Obrigatório;2;0;0;0
13/04/2021;19:37:12;2012;ES;56057;ALFREDO CHAVES;12;17;1090;;2;MASCULINO;3;CASADO;6064;60 a 64 anos                  ;3;ENSINO FUNDAMENTAL INCOMPLETO;-3;#NE;-3;#NE;-3;#NE;-3;#NE;Obrigatório;4;0;0;0
13/04/2021;19:37:12;2012;ES;56057;ALFREDO CHAVES;12;17;1090;;2;MASCULINO;3;CASADO;6064;60 a 64 anos                  ;5;ENSINO MÉDIO INCOMPLETO;-3;#NE;-3;#NE;-3;#NE;-3;#NE;Obrigatório;1;0;0;0
13/04/2021;19:37:12;2012;ES;56057;ALFREDO CHAVES;12;17;1090;;2;MASCULINO;3;CASADO;6064;60 a 64 anos                  ;6;ENSINO MÉDIO COMPLETO;-3;#NE;-3;#NE;-3;#NE;-3;#NE;Obrigatório;1;0;0;0
13/04/2021;19:37:12;2012;ES;56057;ALFREDO CHAVES;12;17;1090;;2;MASCULINO;3;CASADO;6064;60 a 64 anos                  ;8;SUPERIOR COMPLETO;-3;#NE;-3;#NE;-3;#NE;-3;#NE;Obrigatório;4;0;0;0
13/04/2021;19:37:12;2012;ES;56057;ALFREDO CHAVES;12;17;1090;;2;MASCULINO;3;CASADO;6569;65 a 69 anos                  ;2;LÊ E ESCREVE;-3;#NE;-3;#NE;-3;#NE;-3;#NE;Obrigatório;4;0;0;0
13/04/2021;19:37:12;2012;ES;56057;ALFREDO CHAVES;12;17;1090;;2;MASCULINO;3;CASADO;6569;65 a 69 anos                  ;3;ENSINO FUNDAMENTAL INCOMPLETO;-3;#NE;-3;#NE;-3;#NE;-3;#NE;Obrigatório;4;0;0;0
13/04/2021;19:37:12;2012;ES;56057;ALFREDO CHAVES;12;17;1090;;2;MASCULINO;3;CASADO;6569;65 a 69 anos                  ;6;ENSINO MÉDIO COMPLETO;-3;#NE;-3;#NE;-3;#NE;-3;#NE;Obrigatório;1;0;0;0
13/04/2021;19:37:12;2012;ES;56057;ALFREDO CHAVES;12;17;1090;;2;MASCULINO;3;CASADO;6569;65 a 69 anos                  ;8;SUPERIOR COMPLETO;-3;#NE;-3;#NE;-3;#NE;-3;#NE;Obrigatório;1;0;0;0
13/04/2021;19:37:12;2012;ES;56057;ALFREDO CHAVES;12;17;1090;;2;MASCULINO;3;CASADO;7074;70 a 74 anos                  ;2;LÊ E ESCREVE;-3;#NE;-3;#NE;-3;#NE;-3;#NE;Facultativo;2;0;0;0
13/04/2021;19:37:12;2012;ES;56057;ALFREDO CHAVES;12;17;1090;;2;MASCULINO;3;CASADO;7074;70 a 74 anos                  ;3;ENSINO FUNDAMENTAL INCOMPLETO;-3;#NE;-3;#NE;-3;#NE;-3;#NE;Facultativo;3;0;0;0
13/04/2021;19:37:12;2012;ES;56057;ALFREDO CHAVES;12;17;1090;;2;MASCULINO;3;CASADO;7074;70 a 74 anos                  ;8;SUPERIOR COMPLETO;-3;#NE;-3;#NE;-3;#NE;-3;#NE;Facultativo;1;0;0;0
13/04/2021;19:37:12;2012;ES;56057;ALFREDO CHAVES;12;17;1090;;2;MASCULINO;3;CASADO;7579;75 a 79 anos                  ;2;LÊ E ESCREVE;-3;#NE;-3;#NE;-3;#NE;-3;#NE;Facultativo;2;0;0;0
13/04/2021;19:37:12;2012;ES;56057;ALFREDO CHAVES;12;17;1090;;2;MASCULINO;3;CASADO;7579;75 a 79 anos                  ;3;ENSINO FUNDAMENTAL INCOMPLETO;-3;#NE;-3;#NE;-3;#NE;-3;#NE;Facultativo;3;0;0;0
13/04/2021;19:37:12;2012;ES;56057;ALFREDO CHAVES;12;17;1090;;2;MASCULINO;3;CASADO;8084;80 a 84 anos                  ;2;LÊ E ESCREVE;-3;#NE;-3;#NE;-3;#NE;-3;#NE;Facultativo;1;0;0;0
13/04/2021;19:37:12;2012;ES;56057;ALFREDO CHAVES;12;17;1090;;2;MASCULINO;3;CASADO;8084;80 a 84 anos                  ;3;ENSINO FUNDAMENTAL INCOMPLETO;-3;#NE;-3;#NE;-3;#NE;-3;#NE;Facultativo;1;0;0;0
13/04/2021;19:37:12;2012;ES;56057;ALFREDO CHAVES;12;17;1090;;2;MASCULINO;3;CASADO;9599;95 a 99 anos                  ;2;LÊ E ESCREVE;-3;#NE;-3;#NE;-3;#NE;-3;#NE;Facultativo;1;0;0;0
13/04/2021;19:37:12;2012;ES;56057;ALFREDO CHAVES;12;17;1090;;2;MASCULINO;5;VIÚVO;4549;45 a 49 anos                  ;2;LÊ E ESCREVE;-3;#NE;-3;#NE;-3;#NE;-3;#NE;Obrigatório;1;0;0;0
13/04/2021;19:37:12;2012;ES;56057;ALFREDO CHAVES;12;17;1090;;2;MASCULINO;5;VIÚVO;7074;70 a 74 anos                  ;3;ENSINO FUNDAMENTAL INCOMPLETO;-3;#NE;-3;#NE;-3;#NE;-3;#NE;Facultativo;1;0;0;0
13/04/2021;19:37:12;2012;ES;56057;ALFREDO CHAVES;12;17;1090;;2;MASCULINO;7;SEPARADO JUDICIALMENTE;4044;40 a 44 anos                  ;6;ENSINO MÉDIO COMPLETO;-3;#NE;-3;#NE;-3;#NE;-3;#NE;Obrigatório;1;0;0;0
13/04/2021;19:37:12;2012;ES;56057;ALFREDO CHAVES;12;19;1104;;2;MASCULINO;1;SOLTEIRO;2529;25 a 29 anos                  ;6;ENSINO MÉDIO COMPLETO;-3;#NE;-3;#NE;-3;#NE;-3;#NE;Obrigatório;1;0;0;0
13/04/2021;19:37:12;2012;ES;56057;ALFREDO CHAVES;12;19;1104;;2;MASCULINO;1;SOLTEIRO;3034;30 a 34 anos                  ;3;ENSINO FUNDAMENTAL INCOMPLETO;-3;#NE;-3;#NE;-3;#NE;-3;#NE;Obrigatório;5;0;0;0
13/04/2021;19:37:12;2012;ES;56057;ALFREDO CHAVES;12;19;1104;;2;MASCULINO;1;SOLTEIRO;3034;30 a 34 anos                  ;4;ENSINO FUNDAMENTAL COMPLETO;-3;#NE;-3;#NE;-3;#NE;-3;#NE;Obrigatório;2;0;0;0
13/04/2021;19:37:12;2012;ES;56057;ALFREDO CHAVES;12;19;1104;;2;MASCULINO;1;SOLTEIRO;3034;30 a 34 anos                  ;5;ENSINO MÉDIO INCOMPLETO;-3;#NE;-3;#NE;-3;#NE;-3;#NE;Obrigatório;5;0;0;0
13/04/2021;19:37:12;2012;ES;56057;ALFREDO CHAVES;12;19;1104;;2;MASCULINO;1;SOLTEIRO;3539;35 a 39 anos                  ;2;LÊ E ESCREVE;-3;#NE;-3;#NE;-3;#NE;-3;#NE;Obrigatório;2;0;0;0
13/04/2021;19:37:12;2012;ES;56057;ALFREDO CHAVES;12;19;1104;;2;MASCULINO;1;SOLTEIRO;3539;35 a 39 anos                  ;3;ENSINO FUNDAMENTAL INCOMPLETO;-3;#NE;-3;#NE;-3;#NE;-3;#NE;Obrigatório;5;0;0;0
13/04/2021;19:37:12;2012;ES;56057;ALFREDO CHAVES;12;19;1104;;2;MASCULINO;1;SOLTEIRO;3539;35 a 39 anos                  ;4;ENSINO FUNDAMENTAL COMPLETO;-3;#NE;-3;#NE;-3;#NE;-3;#NE;Obrigatório;1;0;0;0
13/04/2021;19:37:12;2012;ES;56057;ALFREDO CHAVES;12;19;1104;;2;MASCULINO;1;SOLTEIRO;3539;35 a 39 anos                  ;5;ENSINO MÉDIO INCOMPLETO;-3;#NE;-3;#NE;-3;#NE;-3;#NE;Obrigatório;2;0;0;0
13/04/2021;19:37:12;2012;ES;56057;ALFREDO CHAVES;12;19;1104;;2;MASCULINO;1;SOLTEIRO;4044;40 a 44 anos                  ;3;ENSINO FUNDAMENTAL INCOMPLETO;-3;#NE;-3;#NE;-3;#NE;-3;#NE;Obrigatório;5;0;0;0
13/04/2021;19:37:12;2012;ES;56057;ALFREDO CHAVES;12;19;1104;;2;MASCULINO;1;SOLTEIRO;4044;40 a 44 anos                  ;4;ENSINO FUNDAMENTAL COMPLETO;-3;#NE;-3;#NE;-3;#NE;-3;#NE;Obrigatório;2;0;0;0
13/04/2021;19:37:12;2012;ES;56057;ALFREDO CHAVES;12;19;1104;;2;MASCULINO;1;SOLTEIRO;4044;40 a 44 anos                  ;5;ENSINO MÉDIO INCOMPLETO;-3;#NE;-3;#NE;-3;#NE;-3;#NE;Obrigatório;2;0;0;0
13/04/2021;19:37:12;2012;ES;56057;ALFREDO CHAVES;12;19;1104;;2;MASCULINO;1;SOLTEIRO;4549;45 a 49 anos                  ;3;ENSINO FUNDAMENTAL INCOMPLETO;-3;#NE;-3;#NE;-3;#NE;-3;#NE;Obrigatório;7;0;0;0
13/04/2021;19:37:12;2012;ES;56057;ALFREDO CHAVES;12;19;1104;;2;MASCULINO;1;SOLTEIRO;4549;45 a 49 anos                  ;4;ENSINO FUNDAMENTAL COMPLETO;-3;#NE;-3;#NE;-3;#NE;-3;#NE;Obrigatório;3;0;0;0
13/04/2021;19:37:12;2012;ES;56057;ALFREDO CHAVES;12;19;1104;;2;MASCULINO;1;SOLTEIRO;5054;50 a 54 anos                  ;2;LÊ E ESCREVE;-3;#NE;-3;#NE;-3;#NE;-3;#NE;Obrigatório;1;0;0;0
13/04/2021;19:37:12;2012;ES;56057;ALFREDO CHAVES;12;19;1104;;2;MASCULINO;1;SOLTEIRO;5054;50 a 54 anos                  ;3;ENSINO FUNDAMENTAL INCOMPLETO;-3;#NE;-3;#NE;-3;#NE;-3;#NE;Obrigatório;5;0;0;0
13/04/2021;19:37:12;2012;ES;56057;ALFREDO CHAVES;12;19;1104;;2;MASCULINO;1;SOLTEIRO;5559;55 a 59 anos                  ;3;ENSINO FUNDAMENTAL INCOMPLETO;-3;#NE;-3;#NE;-3;#NE;-3;#NE;Obrigatório;2;0;0;0
13/04/2021;19:37:12;2012;ES;56057;ALFREDO CHAVES;12;19;1104;;2;MASCULINO;1;SOLTEIRO;6569;65 a 69 anos                  ;2;LÊ E ESCREVE;-3;#NE;-3;#NE;-3;#NE;-3;#NE;Obrigatório;1;0;0;0
13/04/2021;19:37:12;2012;ES;56057;ALFREDO CHAVES;12;19;1104;;2;MASCULINO;1;SOLTEIRO;6569;65 a 69 anos                  ;3;ENSINO FUNDAMENTAL INCOMPLETO;-3;#NE;-3;#NE;-3;#NE;-3;#NE;Obrigatório;1;0;0;0
13/04/2021;19:37:12;2012;ES;56057;ALFREDO CHAVES;12;19;1104;;2;MASCULINO;3;CASADO;3539;35 a 39 anos                  ;3;ENSINO FUNDAMENTAL INCOMPLETO;-3;#NE;-3;#NE;-3;#NE;-3;#NE;Obrigatório;1;0;0;0
13/04/2021;19:37:12;2012;ES;56057;ALFREDO CHAVES;12;19;1104;;2;MASCULINO;3;CASADO;4044;40 a 44 anos                  ;4;ENSINO FUNDAMENTAL COMPLETO;-3;#NE;-3;#NE;-3;#NE;-3;#NE;Obrigatório;1;0;0;0
13/04/2021;19:37:12;2012;ES;56057;ALFREDO CHAVES;12;19;1104;;2;MASCULINO;3;CASADO;4549;45 a 49 anos                  ;3;ENSINO FUNDAMENTAL INCOMPLETO;-3;#NE;-3;#NE;-3;#NE;-3;#NE;Obrigatório;1;0;0;0
13/04/2021;19:37:12;2012;ES;56057;ALFREDO CHAVES;12;19;1104;;2;MASCULINO;3;CASADO;5054;50 a 54 anos                  ;1;ANALFABETO;-3;#NE;-3;#NE;-3;#NE;-3;#NE;Facultativo;1;0;0;0
13/04/2021;19:37:12;2012;ES;56057;ALFREDO CHAVES;12;19;1104;;2;MASCULINO;3;CASADO;5054;50 a 54 anos                  ;4;ENSINO FUNDAMENTAL COMPLETO;-3;#NE;-3;#NE;-3;#NE;-3;#NE;Obrigatório;2;0;0;0
13/04/2021;19:37:12;2012;ES;56057;ALFREDO CHAVES;12;19;1104;;2;MASCULINO;3;CASADO;5054;50 a 54 anos                  ;6;ENSINO MÉDIO COMPLETO;-3;#NE;-3;#NE;-3;#NE;-3;#NE;Obrigatório;2;0;0;0
13/04/2021;19:37:12;2012;ES;56057;ALFREDO CHAVES;12;19;1104;;2;MASCULINO;3;CASADO;5559;55 a 59 anos                  ;2;LÊ E ESCREVE;-3;#NE;-3;#NE;-3;#NE;-3;#NE;Obrigatório;3;0;0;0
13/04/2021;19:37:12;2012;ES;56057;ALFREDO CHAVES;12;19;1104;;2;MASCULINO;3;CASADO;5559;55 a 59 anos                  ;4;ENSINO FUNDAMENTAL COMPLETO;-3;#NE;-3;#NE;-3;#NE;-3;#NE;Obrigatório;1;0;0;0
13/04/2021;19:37:12;2012;ES;56057;ALFREDO CHAVES;12;19;1104;;2;MASCULINO;3;CASADO;6064;60 a 64 anos                  ;3;ENSINO FUNDAMENTAL INCOMPLETO;-3;#NE;-3;#NE;-3;#NE;-3;#NE;Obrigatório;2;0;0;0
13/04/2021;19:37:12;2012;ES;56057;ALFREDO CHAVES;12;19;1104;;2;MASCULINO;3;CASADO;6064;60 a 64 anos                  ;4;ENSINO FUNDAMENTAL COMPLETO;-3;#NE;-3;#NE;-3;#NE;-3;#NE;Obrigatório;1;0;0;0
13/04/2021;19:37:12;2012;ES;56057;ALFREDO CHAVES;12;19;1104;;2;MASCULINO;3;CASADO;6569;65 a 69 anos                  ;1;ANALFABETO;-3;#NE;-3;#NE;-3;#NE;-3;#NE;Facultativo;2;0;0;0
13/04/2021;19:37:12;2012;ES;56057;ALFREDO CHAVES;12;19;1104;;2;MASCULINO;3;CASADO;6569;65 a 69 anos                  ;3;ENSINO FUNDAMENTAL INCOMPLETO;-3;#NE;-3;#NE;-3;#NE;-3;#NE;Obrigatório;3;0;0;0
13/04/2021;19:37:12;2012;ES;56057;ALFREDO CHAVES;12;19;1104;;2;MASCULINO;3;CASADO;7074;70 a 74 anos                  ;2;LÊ E ESCREVE;-3;#NE;-3;#NE;-3;#NE;-3;#NE;Facultativo;2;0;0;0
13/04/2021;19:37:12;2012;ES;56057;ALFREDO CHAVES;12;19;1104;;2;MASCULINO;3;CASADO;7074;70 a 74 anos                  ;3;ENSINO FUNDAMENTAL INCOMPLETO;-3;#NE;-3;#NE;-3;#NE;-3;#NE;Facultativo;2;0;0;0
13/04/2021;19:37:12;2012;ES;56057;ALFREDO CHAVES;12;19;1104;;2;MASCULINO;3;CASADO;7579;75 a 79 anos                  ;2;LÊ E ESCREVE;-3;#NE;-3;#NE;-3;#NE;-3;#NE;Facultativo;2;0;0;0
13/04/2021;19:37:12;2012;ES;56057;ALFREDO CHAVES;12;19;1104;;2;MASCULINO;3;CASADO;8084;80 a 84 anos                  ;3;ENSINO FUNDAMENTAL INCOMPLETO;-3;#NE;-3;#NE;-3;#NE;-3;#NE;Facultativo;2;0;0;0
13/04/2021;19:37:12;2012;ES;56057;ALFREDO CHAVES;12;19;1104;;2;MASCULINO;5;VIÚVO;8589;85 a 89 anos                  ;2;LÊ E ESCREVE;-3;#NE;-3;#NE;-3;#NE;-3;#NE;Facultativo;1;0;0;0
13/04/2021;19:37:12;2012;ES;56057;ALFREDO CHAVES;12;19;1104;;4;FEMININO;1;SOLTEIRO;1700;17 anos                       ;5;ENSINO MÉDIO INCOMPLETO;-3;#NE;-3;#NE;-3;#NE;-3;#NE;Facultativo;1;0;0;0
13/04/2021;19:37:12;2012;ES;56057;ALFREDO CHAVES;12;19;1104;;4;FEMININO;1;SOLTEIRO;2000;20 anos                       ;5;ENSINO MÉDIO INCOMPLETO;-3;#NE;-3;#NE;-3;#NE;-3;#NE;Obrigatório;1;0;0;0
13/04/2021;19:37:12;2012;ES;56057;ALFREDO CHAVES;12;19;1104;;4;FEMININO;1;SOLTEIRO;2124;21 a 24 anos                  ;6;ENSINO MÉDIO COMPLETO;-3;#NE;-3;#NE;-3;#NE;-3;#NE;Obrigatório;1;0;0;0
13/04/2021;19:37:12;2012;ES;56057;ALFREDO CHAVES;12;19;1104;;4;FEMININO;1;SOLTEIRO;2529;25 a 29 anos                  ;5;ENSINO MÉDIO INCOMPLETO;-3;#NE;-3;#NE;-3;#NE;-3;#NE;Obrigatório;4;0;0;0
13/04/2021;19:37:12;2012;ES;56057;ALFREDO CHAVES;12;19;1104;;4;FEMININO;1;SOLTEIRO;2529;25 a 29 anos                  ;8;SUPERIOR COMPLETO;-3;#NE;-3;#NE;-3;#NE;-3;#NE;Obrigatório;1;0;0;0
13/04/2021;19:37:12;2012;ES;56057;ALFREDO CHAVES;12;19;1104;;4;FEMININO;1;SOLTEIRO;3034;30 a 34 anos                  ;5;ENSINO MÉDIO INCOMPLETO;-3;#NE;-3;#NE;-3;#NE;-3;#NE;Obrigatório;2;0;0;0
13/04/2021;19:37:12;2012;ES;56057;ALFREDO CHAVES;12;19;1104;;4;FEMININO;1;SOLTEIRO;3034;30 a 34 anos                  ;7;SUPERIOR INCOMPLETO;-3;#NE;-3;#NE;-3;#NE;-3;#NE;Obrigatório;1;0;0;0
13/04/2021;19:37:12;2012;ES;56057;ALFREDO CHAVES;12;19;1104;;4;FEMININO;1;SOLTEIRO;3539;35 a 39 anos                  ;2;LÊ E ESCREVE;-3;#NE;-3;#NE;-3;#NE;-3;#NE;Obrigatório;1;0;0;0
13/04/2021;19:37:12;2012;ES;56057;ALFREDO CHAVES;12;19;1104;;4;FEMININO;1;SOLTEIRO;3539;35 a 39 anos                  ;4;ENSINO FUNDAMENTAL COMPLETO;-3;#NE;-3;#NE;-3;#NE;-3;#NE;Obrigatório;1;0;0;0
13/04/2021;19:37:12;2012;ES;56057;ALFREDO CHAVES;12;19;1104;;4;FEMININO;1;SOLTEIRO;4044;40 a 44 anos                  ;3;ENSINO FUNDAMENTAL INCOMPLETO;-3;#NE;-3;#NE;-3;#NE;-3;#NE;Obrigatório;1;0;0;0
13/04/2021;19:37:12;2012;ES;56057;ALFREDO CHAVES;12;19;1104;;4;FEMININO;1;SOLTEIRO;4044;40 a 44 anos                  ;4;ENSINO FUNDAMENTAL COMPLETO;-3;#NE;-3;#NE;-3;#NE;-3;#NE;Obrigatório;1;0;0;0
13/04/2021;19:37:12;2012;ES;56057;ALFREDO CHAVES;12;19;1104;;4;FEMININO;1;SOLTEIRO;4549;45 a 49 anos                  ;3;ENSINO FUNDAMENTAL INCOMPLETO;-3;#NE;-3;#NE;-3;#NE;-3;#NE;Obrigatório;1;0;0;0
13/04/2021;19:37:12;2012;ES;56057;ALFREDO CHAVES;12;21;1120;;2;MASCULINO;3;CASADO;6064;60 a 64 anos                  ;6;ENSINO MÉDIO COMPLETO;-3;#NE;-3;#NE;-3;#NE;-3;#NE;Obrigatório;1;0;0;0
13/04/2021;19:37:12;2012;ES;56057;ALFREDO CHAVES;12;21;1120;;2;MASCULINO;3;CASADO;6569;65 a 69 anos                  ;3;ENSINO FUNDAMENTAL INCOMPLETO;-3;#NE;-3;#NE;-3;#NE;-3;#NE;Obrigatório;4;0;0;0
13/04/2021;19:37:12;2012;ES;56057;ALFREDO CHAVES;12;21;1120;;2;MASCULINO;3;CASADO;7074;70 a 74 anos                  ;1;ANALFABETO;-3;#NE;-3;#NE;-3;#NE;-3;#NE;Facultativo;1;0;0;0
13/04/2021;19:37:12;2012;ES;56057;ALFREDO CHAVES;12;21;1120;;2;MASCULINO;3;CASADO;7074;70 a 74 anos                  ;2;LÊ E ESCREVE;-3;#NE;-3;#NE;-3;#NE;-3;#NE;Facultativo;1;0;0;0
13/04/2021;19:37:12;2012;ES;56057;ALFREDO CHAVES;12;21;1120;;2;MASCULINO;3;CASADO;8084;80 a 84 anos                  ;2;LÊ E ESCREVE;-3;#NE;-3;#NE;-3;#NE;-3;#NE;Facultativo;1;0;0;0
13/04/2021;19:37:12;2012;ES;56057;ALFREDO CHAVES;12;21;1120;;2;MASCULINO;3;CASADO;8084;80 a 84 anos                  ;3;ENSINO FUNDAMENTAL INCOMPLETO;-3;#NE;-3;#NE;-3;#NE;-3;#NE;Facultativo;3;0;0;0
13/04/2021;19:37:12;2012;ES;56057;ALFREDO CHAVES;12;21;1120;;2;MASCULINO;3;CASADO;8589;85 a 89 anos                  ;3;ENSINO FUNDAMENTAL INCOMPLETO;-3;#NE;-3;#NE;-3;#NE;-3;#NE;Facultativo;1;0;0;0
13/04/2021;19:37:12;2012;ES;56057;ALFREDO CHAVES;12;21;1120;;2;MASCULINO;7;SEPARADO JUDICIALMENTE;4044;40 a 44 anos                  ;3;ENSINO FUNDAMENTAL INCOMPLETO;-3;#NE;-3;#NE;-3;#NE;-3;#NE;Obrigatório;1;0;0;0
13/04/2021;19:37:12;2012;ES;56057;ALFREDO CHAVES;12;21;1120;;2;MASCULINO;7;SEPARADO JUDICIALMENTE;6064;60 a 64 anos                  ;6;ENSINO MÉDIO COMPLETO;-3;#NE;-3;#NE;-3;#NE;-3;#NE;Obrigatório;1;0;0;0
13/04/2021;19:37:12;2012;ES;56057;ALFREDO CHAVES;12;21;1120;;4;FEMININO;1;SOLTEIRO;1700;17 anos                       ;5;ENSINO MÉDIO INCOMPLETO;-3;#NE;-3;#NE;-3;#NE;-3;#NE;Facultativo;1;0;0;0
13/04/2021;19:37:12;2012;ES;56057;ALFREDO CHAVES;12;21;1120;;4;FEMININO;1;SOLTEIRO;1800;18 anos                       ;5;ENSINO MÉDIO INCOMPLETO;-3;#NE;-3;#NE;-3;#NE;-3;#NE;Obrigatório;3;0;0;0
13/04/2021;19:37:12;2012;ES;56057;ALFREDO CHAVES;12;21;1120;;4;FEMININO;1;SOLTEIRO;1900;19 anos                       ;5;ENSINO MÉDIO INCOMPLETO;-3;#NE;-3;#NE;-3;#NE;-3;#NE;Obrigatório;1;0;0;0
13/04/2021;19:37:12;2012;ES;56057;ALFREDO CHAVES;12;21;1120;;4;FEMININO;1;SOLTEIRO;2000;20 anos                       ;5;ENSINO MÉDIO INCOMPLETO;-3;#NE;-3;#NE;-3;#NE;-3;#NE;Obrigatório;1;0;0;0
13/04/2021;19:37:12;2012;ES;56057;ALFREDO CHAVES;12;21;1120;;4;FEMININO;1;SOLTEIRO;2124;21 a 24 anos                  ;3;ENSINO FUNDAMENTAL INCOMPLETO;-3;#NE;-3;#NE;-3;#NE;-3;#NE;Obrigatório;1;0;0;0
13/04/2021;19:37:12;2012;ES;56057;ALFREDO CHAVES;12;21;1120;;4;FEMININO;1;SOLTEIRO;2124;21 a 24 anos                  ;4;ENSINO FUNDAMENTAL COMPLETO;-3;#NE;-3;#NE;-3;#NE;-3;#NE;Obrigatório;1;0;0;0
13/04/2021;19:37:12;2012;ES;56057;ALFREDO CHAVES;12;21;1120;;4;FEMININO;1;SOLTEIRO;2124;21 a 24 anos                  ;6;ENSINO MÉDIO COMPLETO;-3;#NE;-3;#NE;-3;#NE;-3;#NE;Obrigatório;1;0;0;0
13/04/2021;19:37:12;2012;ES;56057;ALFREDO CHAVES;12;21;1120;;4;FEMININO;1;SOLTEIRO;2529;25 a 29 anos                  ;3;ENSINO FUNDAMENTAL INCOMPLETO;-3;#NE;-3;#NE;-3;#NE;-3;#NE;Obrigatório;4;0;0;0
13/04/2021;19:37:12;2012;ES;56057;ALFREDO CHAVES;12;21;1120;;4;FEMININO;1;SOLTEIRO;2529;25 a 29 anos                  ;4;ENSINO FUNDAMENTAL COMPLETO;-3;#NE;-3;#NE;-3;#NE;-3;#NE;Obrigatório;1;0;0;0
13/04/2021;19:37:12;2012;ES;56057;ALFREDO CHAVES;12;21;1120;;4;FEMININO;1;SOLTEIRO;3034;30 a 34 anos                  ;3;ENSINO FUNDAMENTAL INCOMPLETO;-3;#NE;-3;#NE;-3;#NE;-3;#NE;Obrigatório;4;0;0;0
13/04/2021;19:37:12;2012;ES;56057;ALFREDO CHAVES;12;21;1120;;4;FEMININO;1;SOLTEIRO;3034;30 a 34 anos                  ;4;ENSINO FUNDAMENTAL COMPLETO;-3;#NE;-3;#NE;-3;#NE;-3;#NE;Obrigatório;2;0;0;0
13/04/2021;19:37:12;2012;ES;56057;ALFREDO CHAVES;12;21;1120;;4;FEMININO;1;SOLTEIRO;3034;30 a 34 anos                  ;5;ENSINO MÉDIO INCOMPLETO;-3;#NE;-3;#NE;-3;#NE;-3;#NE;Obrigatório;4;0;0;0
13/04/2021;19:37:12;2012;ES;56057;ALFREDO CHAVES;12;21;1120;;4;FEMININO;1;SOLTEIRO;3034;30 a 34 anos                  ;6;ENSINO MÉDIO COMPLETO;-3;#NE;-3;#NE;-3;#NE;-3;#NE;Obrigatório;1;0;0;0
13/04/2021;19:37:12;2012;ES;56057;ALFREDO CHAVES;12;21;1120;;4;FEMININO;1;SOLTEIRO;3034;30 a 34 anos                  ;8;SUPERIOR COMPLETO;-3;#NE;-3;#NE;-3;#NE;-3;#NE;Obrigatório;1;0;0;0
13/04/2021;19:37:12;2012;ES;56057;ALFREDO CHAVES;12;21;1120;;4;FEMININO;1;SOLTEIRO;3539;35 a 39 anos                  ;3;ENSINO FUNDAMENTAL INCOMPLETO;-3;#NE;-3;#NE;-3;#NE;-3;#NE;Obrigatório;6;0;0;0
13/04/2021;19:37:12;2012;ES;56057;ALFREDO CHAVES;12;21;1120;;4;FEMININO;1;SOLTEIRO;3539;35 a 39 anos                  ;5;ENSINO MÉDIO INCOMPLETO;-3;#NE;-3;#NE;-3;#NE;-3;#NE;Obrigatório;1;0;0;0
13/04/2021;19:37:12;2012;ES;56057;ALFREDO CHAVES;12;21;1120;;4;FEMININO;1;SOLTEIRO;4549;45 a 49 anos                  ;3;ENSINO FUNDAMENTAL INCOMPLETO;-3;#NE;-3;#NE;-3;#NE;-3;#NE;Obrigatório;4;0;0;0
13/04/2021;19:37:12;2012;ES;56057;ALFREDO CHAVES;12;21;1120;;4;FEMININO;1;SOLTEIRO;4549;45 a 49 anos                  ;4;ENSINO FUNDAMENTAL COMPLETO;-3;#NE;-3;#NE;-3;#NE;-3;#NE;Obrigatório;1;0;0;0
13/04/2021;19:37:12;2012;ES;56057;ALFREDO CHAVES;12;21;1120;;4;FEMININO;1;SOLTEIRO;7074;70 a 74 anos                  ;2;LÊ E ESCREVE;-3;#NE;-3;#NE;-3;#NE;-3;#NE;Facultativo;1;0;0;0
13/04/2021;19:37:12;2012;ES;56057;ALFREDO CHAVES;12;21;1120;;4;FEMININO;3;CASADO;2124;21 a 24 anos                  ;4;ENSINO FUNDAMENTAL COMPLETO;-3;#NE;-3;#NE;-3;#NE;-3;#NE;Obrigatório;1;0;0;0
13/04/2021;19:37:12;2012;ES;56057;ALFREDO CHAVES;12;21;1120;;4;FEMININO;3;CASADO;2529;25 a 29 anos                  ;4;ENSINO FUNDAMENTAL COMPLETO;-3;#NE;-3;#NE;-3;#NE;-3;#NE;Obrigatório;1;0;0;0
13/04/2021;19:37:12;2012;ES;56057;ALFREDO CHAVES;12;21;1120;;4;FEMININO;3;CASADO;3034;30 a 34 anos                  ;3;ENSINO FUNDAMENTAL INCOMPLETO;-3;#NE;-3;#NE;-3;#NE;-3;#NE;Obrigatório;1;0;0;0
13/04/2021;19:37:12;2012;ES;56057;ALFREDO CHAVES;12;21;1120;;4;FEMININO;3;CASADO;3034;30 a 34 anos                  ;6;ENSINO MÉDIO COMPLETO;-3;#NE;-3;#NE;-3;#NE;-3;#NE;Obrigatório;2;0;0;0
13/04/2021;19:37:12;2012;ES;56057;ALFREDO CHAVES;12;21;1120;;4;FEMININO;3;CASADO;3539;35 a 39 anos                  ;3;ENSINO FUNDAMENTAL INCOMPLETO;-3;#NE;-3;#NE;-3;#NE;-3;#NE;Obrigatório;6;0;0;0
13/04/2021;19:37:12;2012;ES;56057;ALFREDO CHAVES;12;21;1120;;4;FEMININO;3;CASADO;3539;35 a 39 anos                  ;6;ENSINO MÉDIO COMPLETO;-3;#NE;-3;#NE;-3;#NE;-3;#NE;Obrigatório;1;0;0;0
13/04/2021;19:37:12;2012;ES;56057;ALFREDO CHAVES;12;21;1120;;4;FEMININO;3;CASADO;4044;40 a 44 anos                  ;3;ENSINO FUNDAMENTAL INCOMPLETO;-3;#NE;-3;#NE;-3;#NE;-3;#NE;Obrigatório;8;0;0;0
13/04/2021;19:37:12;2012;ES;56057;ALFREDO CHAVES;12;21;1120;;4;FEMININO;3;CASADO;4044;40 a 44 anos                  ;4;ENSINO FUNDAMENTAL COMPLETO;-3;#NE;-3;#NE;-3;#NE;-3;#NE;Obrigatório;1;0;0;0
13/04/2021;19:37:12;2012;ES;56057;ALFREDO CHAVES;12;21;1120;;4;FEMININO;3;CASADO;4044;40 a 44 anos                  ;6;ENSINO MÉDIO COMPLETO;-3;#NE;-3;#NE;-3;#NE;-3;#NE;Obrigatório;1;0;0;0
13/04/2021;19:37:12;2012;ES;56057;ALFREDO CHAVES;12;21;1120;;4;FEMININO;3;CASADO;4549;45 a 49 anos                  ;3;ENSINO FUNDAMENTAL INCOMPLETO;-3;#NE;-3;#NE;-3;#NE;-3;#NE;Obrigatório;15;0;0;0
13/04/2021;19:37:12;2012;ES;56057;ALFREDO CHAVES;12;21;1120;;4;FEMININO;3;CASADO;4549;45 a 49 anos                  ;4;ENSINO FUNDAMENTAL COMPLETO;-3;#NE;-3;#NE;-3;#NE;-3;#NE;Obrigatório;1;0;0;0
13/04/2021;19:37:12;2012;ES;56057;ALFREDO CHAVES;12;21;1120;;4;FEMININO;3;CASADO;4549;45 a 49 anos                  ;6;ENSINO MÉDIO COMPLETO;-3;#NE;-3;#NE;-3;#NE;-3;#NE;Obrigatório;1;0;0;0
13/04/2021;19:37:12;2012;ES;56057;ALFREDO CHAVES;12;21;1120;;4;FEMININO;3;CASADO;5054;50 a 54 anos                  ;2;LÊ E ESCREVE;-3;#NE;-3;#NE;-3;#NE;-3;#NE;Obrigatório;2;0;0;0
13/04/2021;19:37:12;2012;ES;56057;ALFREDO CHAVES;12;21;1120;;4;FEMININO;3;CASADO;5054;50 a 54 anos                  ;3;ENSINO FUNDAMENTAL INCOMPLETO;-3;#NE;-3;#NE;-3;#NE;-3;#NE;Obrigatório;7;0;0;0
13/04/2021;19:37:12;2012;ES;56057;ALFREDO CHAVES;12;21;1120;;4;FEMININO;3;CASADO;5054;50 a 54 anos                  ;4;ENSINO FUNDAMENTAL COMPLETO;-3;#NE;-3;#NE;-3;#NE;-3;#NE;Obrigatório;1;0;0;0
13/04/2021;19:37:12;2012;ES;56057;ALFREDO CHAVES;12;21;1120;;4;FEMININO;3;CASADO;5559;55 a 59 anos                  ;2;LÊ E ESCREVE;-3;#NE;-3;#NE;-3;#NE;-3;#NE;Obrigatório;2;0;0;0
13/04/2021;19:37:12;2012;ES;56057;ALFREDO CHAVES;12;21;1120;;4;FEMININO;3;CASADO;5559;55 a 59 anos                  ;3;ENSINO FUNDAMENTAL INCOMPLETO;-3;#NE;-3;#NE;-3;#NE;-3;#NE;Obrigatório;12;0;0;0
13/04/2021;19:37:12;2012;ES;56057;ALFREDO CHAVES;12;21;1120;;4;FEMININO;3;CASADO;5559;55 a 59 anos                  ;6;ENSINO MÉDIO COMPLETO;-3;#NE;-3;#NE;-3;#NE;-3;#NE;Obrigatório;1;0;0;0
13/04/2021;19:37:12;2012;ES;56057;ALFREDO CHAVES;12;21;1120;;4;FEMININO;3;CASADO;6064;60 a 64 anos                  ;2;LÊ E ESCREVE;-3;#NE;-3;#NE;-3;#NE;-3;#NE;Obrigatório;3;0;0;0
13/04/2021;19:37:12;2012;ES;56057;ALFREDO CHAVES;12;21;1120;;4;FEMININO;3;CASADO;6064;60 a 64 anos                  ;3;ENSINO FUNDAMENTAL INCOMPLETO;-3;#NE;-3;#NE;-3;#NE;-3;#NE;Obrigatório;6;0;0;0
13/04/2021;19:37:12;2012;ES;56057;ALFREDO CHAVES;12;21;1120;;4;FEMININO;3;CASADO;6569;65 a 69 anos                  ;2;LÊ E ESCREVE;-3;#NE;-3;#NE;-3;#NE;-3;#NE;Obrigatório;2;0;0;0
13/04/2021;19:37:12;2012;ES;56057;ALFREDO CHAVES;12;21;1120;;4;FEMININO;3;CASADO;7074;70 a 74 anos                  ;2;LÊ E ESCREVE;-3;#NE;-3;#NE;-3;#NE;-3;#NE;Facultativo;1;0;0;0
13/04/2021;19:37:12;2012;ES;56057;ALFREDO CHAVES;12;21;1120;;4;FEMININO;3;CASADO;7074;70 a 74 anos                  ;3;ENSINO FUNDAMENTAL INCOMPLETO;-3;#NE;-3;#NE;-3;#NE;-3;#NE;Facultativo;2;0;0;0
13/04/2021;19:37:12;2012;ES;56057;ALFREDO CHAVES;12;21;1120;;4;FEMININO;3;CASADO;7579;75 a 79 anos                  ;3;ENSINO FUNDAMENTAL INCOMPLETO;-3;#NE;-3;#NE;-3;#NE;-3;#NE;Facultativo;3;0;0;0
13/04/2021;19:37:12;2012;ES;56057;ALFREDO CHAVES;12;21;1120;;4;FEMININO;3;CASADO;8084;80 a 84 anos                  ;3;ENSINO FUNDAMENTAL INCOMPLETO;-3;#NE;-3;#NE;-3;#NE;-3;#NE;Facultativo;1;0;0;0
13/04/2021;19:37:12;2012;ES;56057;ALFREDO CHAVES;12;21;1120;;4;FEMININO;3;CASADO;8589;85 a 89 anos                  ;2;LÊ E ESCREVE;-3;#NE;-3;#NE;-3;#NE;-3;#NE;Facultativo;1;0;0;0
13/04/2021;19:37:12;2012;ES;56057;ALFREDO CHAVES;12;21;1120;;4;FEMININO;5;VIÚVO;7074;70 a 74 anos                  ;3;ENSINO FUNDAMENTAL INCOMPLETO;-3;#NE;-3;#NE;-3;#NE;-3;#NE;Facultativo;2;0;0;0
13/04/2021;19:37:12;2012;ES;56057;ALFREDO CHAVES;12;21;1120;;4;FEMININO;7;SEPARADO JUDICIALMENTE;5054;50 a 54 anos                  ;6;ENSINO MÉDIO COMPLETO;-3;#NE;-3;#NE;-3;#NE;-3;#NE;Obrigatório;1;0;0;0
13/04/2021;19:37:12;2012;ES;56057;ALFREDO CHAVES;12;21;1120;;4;FEMININO;7;SEPARADO JUDICIALMENTE;5559;55 a 59 anos                  ;3;ENSINO FUNDAMENTAL INCOMPLETO;-3;#NE;-3;#NE;-3;#NE;-3;#NE;Obrigatório;1;0;0;0
13/04/2021;19:37:12;2012;ES;56057;ALFREDO CHAVES;12;21;1120;;4;FEMININO;9;DIVORCIADO;3539;35 a 39 anos                  ;3;ENSINO FUNDAMENTAL INCOMPLETO;-3;#NE;-3;#NE;-3;#NE;-3;#NE;Obrigatório;1;0;0;0
13/04/2021;19:37:12;2012;ES;56057;ALFREDO CHAVES;12;21;1120;;4;FEMININO;9;DIVORCIADO;5054;50 a 54 anos                  ;6;ENSINO MÉDIO COMPLETO;-3;#NE;-3;#NE;-3;#NE;-3;#NE;Obrigatório;1;0;0;0
13/04/2021;19:37:12;2012;ES;56057;ALFREDO CHAVES;12;23;1139;;4;FEMININO;1;SOLTEIRO;1600;16 anos                       ;5;ENSINO MÉDIO INCOMPLETO;-3;#NE;-3;#NE;-3;#NE;-3;#NE;Facultativo;3;0;0;0
13/04/2021;19:37:12;2012;ES;56057;ALFREDO CHAVES;12;23;1139;;4;FEMININO;1;SOLTEIRO;1700;17 anos                       ;5;ENSINO MÉDIO INCOMPLETO;-3;#NE;-3;#NE;-3;#NE;-3;#NE;Facultativo;3;0;0;0
13/04/2021;19:37:12;2012;ES;56057;ALFREDO CHAVES;12;23;1139;;4;FEMININO;1;SOLTEIRO;1900;19 anos                       ;5;ENSINO MÉDIO INCOMPLETO;-3;#NE;-3;#NE;-3;#NE;-3;#NE;Obrigatório;2;0;0;0
13/04/2021;19:37:12;2012;ES;56057;ALFREDO CHAVES;12;23;1139;;4;FEMININO;1;SOLTEIRO;2000;20 anos                       ;3;ENSINO FUNDAMENTAL INCOMPLETO;-3;#NE;-3;#NE;-3;#NE;-3;#NE;Obrigatório;2;0;0;0
13/04/2021;19:37:12;2012;ES;56057;ALFREDO CHAVES;12;23;1139;;4;FEMININO;1;SOLTEIRO;2000;20 anos                       ;7;SUPERIOR INCOMPLETO;-3;#NE;-3;#NE;-3;#NE;-3;#NE;Obrigatório;2;0;0;0
13/04/2021;19:37:12;2012;ES;56057;ALFREDO CHAVES;12;23;1139;;4;FEMININO;1;SOLTEIRO;2124;21 a 24 anos                  ;3;ENSINO FUNDAMENTAL INCOMPLETO;-3;#NE;-3;#NE;-3;#NE;-3;#NE;Obrigatório;1;0;0;0
13/04/2021;19:37:12;2012;ES;56057;ALFREDO CHAVES;12;23;1139;;4;FEMININO;1;SOLTEIRO;2124;21 a 24 anos                  ;4;ENSINO FUNDAMENTAL COMPLETO;-3;#NE;-3;#NE;-3;#NE;-3;#NE;Obrigatório;1;0;0;0
13/04/2021;19:37:12;2012;ES;56057;ALFREDO CHAVES;12;23;1139;;4;FEMININO;1;SOLTEIRO;2124;21 a 24 anos                  ;5;ENSINO MÉDIO INCOMPLETO;-3;#NE;-3;#NE;-3;#NE;-3;#NE;Obrigatório;12;0;0;0
13/04/2021;19:37:12;2012;ES;56057;ALFREDO CHAVES;12;23;1139;;4;FEMININO;1;SOLTEIRO;2124;21 a 24 anos                  ;7;SUPERIOR INCOMPLETO;-3;#NE;-3;#NE;-3;#NE;-3;#NE;Obrigatório;1;0;0;0
13/04/2021;19:37:12;2012;ES;56057;ALFREDO CHAVES;12;23;1139;;4;FEMININO;1;SOLTEIRO;2529;25 a 29 anos                  ;4;ENSINO FUNDAMENTAL COMPLETO;-3;#NE;-3;#NE;-3;#NE;-3;#NE;Obrigatório;1;0;0;0
13/04/2021;19:37:12;2012;ES;56057;ALFREDO CHAVES;12;23;1139;;4;FEMININO;1;SOLTEIRO;2529;25 a 29 anos                  ;5;ENSINO MÉDIO INCOMPLETO;-3;#NE;-3;#NE;-3;#NE;-3;#NE;Obrigatório;5;0;0;0
13/04/2021;19:37:12;2012;ES;56057;ALFREDO CHAVES;12;23;1139;;4;FEMININO;1;SOLTEIRO;2529;25 a 29 anos                  ;6;ENSINO MÉDIO COMPLETO;-3;#NE;-3;#NE;-3;#NE;-3;#NE;Obrigatório;2;0;0;0
13/04/2021;19:37:12;2012;ES;56057;ALFREDO CHAVES;12;23;1139;;4;FEMININO;1;SOLTEIRO;3034;30 a 34 anos                  ;3;ENSINO FUNDAMENTAL INCOMPLETO;-3;#NE;-3;#NE;-3;#NE;-3;#NE;Obrigatório;2;0;0;0
13/04/2021;19:37:12;2012;ES;56057;ALFREDO CHAVES;12;23;1139;;4;FEMININO;1;SOLTEIRO;3034;30 a 34 anos                  ;4;ENSINO FUNDAMENTAL COMPLETO;-3;#NE;-3;#NE;-3;#NE;-3;#NE;Obrigatório;3;0;0;0
13/04/2021;19:37:12;2012;ES;56057;ALFREDO CHAVES;12;23;1139;;4;FEMININO;1;SOLTEIRO;3034;30 a 34 anos                  ;5;ENSINO MÉDIO INCOMPLETO;-3;#NE;-3;#NE;-3;#NE;-3;#NE;Obrigatório;2;0;0;0
13/04/2021;19:37:12;2012;ES;56057;ALFREDO CHAVES;12;23;1139;;4;FEMININO;1;SOLTEIRO;3034;30 a 34 anos                  ;6;ENSINO MÉDIO COMPLETO;-3;#NE;-3;#NE;-3;#NE;-3;#NE;Obrigatório;2;0;0;0
13/04/2021;19:37:12;2012;ES;56057;ALFREDO CHAVES;12;23;1139;;4;FEMININO;1;SOLTEIRO;3539;35 a 39 anos                  ;3;ENSINO FUNDAMENTAL INCOMPLETO;-3;#NE;-3;#NE;-3;#NE;-3;#NE;Obrigatório;6;0;0;0
13/04/2021;19:37:12;2012;ES;56057;ALFREDO CHAVES;12;23;1139;;4;FEMININO;1;SOLTEIRO;3539;35 a 39 anos                  ;4;ENSINO FUNDAMENTAL COMPLETO;-3;#NE;-3;#NE;-3;#NE;-3;#NE;Obrigatório;1;0;0;0
13/04/2021;19:37:12;2012;ES;56057;ALFREDO CHAVES;12;23;1139;;4;FEMININO;1;SOLTEIRO;3539;35 a 39 anos                  ;5;ENSINO MÉDIO INCOMPLETO;-3;#NE;-3;#NE;-3;#NE;-3;#NE;Obrigatório;5;0;0;0
13/04/2021;19:37:12;2012;ES;56057;ALFREDO CHAVES;12;23;1139;;4;FEMININO;1;SOLTEIRO;3539;35 a 39 anos                  ;6;ENSINO MÉDIO COMPLETO;-3;#NE;-3;#NE;-3;#NE;-3;#NE;Obrigatório;5;0;0;0
13/04/2021;19:37:12;2012;ES;56057;ALFREDO CHAVES;12;23;1139;;4;FEMININO;1;SOLTEIRO;4044;40 a 44 anos                  ;3;ENSINO FUNDAMENTAL INCOMPLETO;-3;#NE;-3;#NE;-3;#NE;-3;#NE;Obrigatório;1;0;0;0
13/04/2021;19:37:12;2012;ES;56057;ALFREDO CHAVES;12;23;1139;;4;FEMININO;1;SOLTEIRO;4044;40 a 44 anos                  ;4;ENSINO FUNDAMENTAL COMPLETO;-3;#NE;-3;#NE;-3;#NE;-3;#NE;Obrigatório;1;0;0;0
13/04/2021;19:37:12;2012;ES;56057;ALFREDO CHAVES;12;23;1139;;4;FEMININO;1;SOLTEIRO;4044;40 a 44 anos                  ;5;ENSINO MÉDIO INCOMPLETO;-3;#NE;-3;#NE;-3;#NE;-3;#NE;Obrigatório;1;0;0;0
13/04/2021;19:37:12;2012;ES;56057;ALFREDO CHAVES;12;23;1139;;4;FEMININO;1;SOLTEIRO;4549;45 a 49 anos                  ;1;ANALFABETO;-3;#NE;-3;#NE;-3;#NE;-3;#NE;Facultativo;1;0;0;0
13/04/2021;19:37:12;2012;ES;56057;ALFREDO CHAVES;12;23;1139;;4;FEMININO;1;SOLTEIRO;4549;45 a 49 anos                  ;3;ENSINO FUNDAMENTAL INCOMPLETO;-3;#NE;-3;#NE;-3;#NE;-3;#NE;Obrigatório;1;0;0;0
13/04/2021;19:37:12;2012;ES;56057;ALFREDO CHAVES;12;23;1139;;4;FEMININO;1;SOLTEIRO;4549;45 a 49 anos                  ;4;ENSINO FUNDAMENTAL COMPLETO;-3;#NE;-3;#NE;-3;#NE;-3;#NE;Obrigatório;1;0;0;0
13/04/2021;19:37:12;2012;ES;56057;ALFREDO CHAVES;12;23;1139;;4;FEMININO;1;SOLTEIRO;4549;45 a 49 anos                  ;5;ENSINO MÉDIO INCOMPLETO;-3;#NE;-3;#NE;-3;#NE;-3;#NE;Obrigatório;4;0;0;0
13/04/2021;19:37:12;2012;ES;56057;ALFREDO CHAVES;12;23;1139;;4;FEMININO;1;SOLTEIRO;4549;45 a 49 anos                  ;6;ENSINO MÉDIO COMPLETO;-3;#NE;-3;#NE;-3;#NE;-3;#NE;Obrigatório;5;0;0;0
13/04/2021;19:37:12;2012;ES;56057;ALFREDO CHAVES;12;23;1139;;4;FEMININO;1;SOLTEIRO;5054;50 a 54 anos                  ;2;LÊ E ESCREVE;-3;#NE;-3;#NE;-3;#NE;-3;#NE;Obrigatório;1;0;0;0
13/04/2021;19:37:12;2012;ES;56057;ALFREDO CHAVES;12;23;1139;;4;FEMININO;1;SOLTEIRO;5054;50 a 54 anos                  ;3;ENSINO FUNDAMENTAL INCOMPLETO;-3;#NE;-3;#NE;-3;#NE;-3;#NE;Obrigatório;1;0;0;0
13/04/2021;19:37:12;2012;ES;56057;ALFREDO CHAVES;12;23;1139;;4;FEMININO;1;SOLTEIRO;5054;50 a 54 anos                  ;6;ENSINO MÉDIO COMPLETO;-3;#NE;-3;#NE;-3;#NE;-3;#NE;Obrigatório;2;0;0;0
13/04/2021;19:37:12;2012;ES;56057;ALFREDO CHAVES;12;23;1139;;4;FEMININO;1;SOLTEIRO;5559;55 a 59 anos                  ;8;SUPERIOR COMPLETO;-3;#NE;-3;#NE;-3;#NE;-3;#NE;Obrigatório;1;0;0;0
13/04/2021;19:37:12;2012;ES;56057;ALFREDO CHAVES;12;23;1139;;4;FEMININO;1;SOLTEIRO;6064;60 a 64 anos                  ;0;NÃO INFORMADO;-3;#NE;-3;#NE;-3;#NE;-3;#NE;Obrigatório;1;0;0;0
13/04/2021;19:37:12;2012;ES;56057;ALFREDO CHAVES;12;23;1139;;4;FEMININO;1;SOLTEIRO;8084;80 a 84 anos                  ;3;ENSINO FUNDAMENTAL INCOMPLETO;-3;#NE;-3;#NE;-3;#NE;-3;#NE;Facultativo;1;0;0;0
13/04/2021;19:37:12;2012;ES;56057;ALFREDO CHAVES;12;23;1139;;4;FEMININO;3;CASADO;2124;21 a 24 anos                  ;3;ENSINO FUNDAMENTAL INCOMPLETO;-3;#NE;-3;#NE;-3;#NE;-3;#NE;Obrigatório;1;0;0;0
13/04/2021;19:37:12;2012;ES;56057;ALFREDO CHAVES;12;23;1139;;4;FEMININO;3;CASADO;2124;21 a 24 anos                  ;4;ENSINO FUNDAMENTAL COMPLETO;-3;#NE;-3;#NE;-3;#NE;-3;#NE;Obrigatório;2;0;0;0
13/04/2021;19:37:12;2012;ES;56057;ALFREDO CHAVES;12;23;1139;;4;FEMININO;3;CASADO;2529;25 a 29 anos                  ;4;ENSINO FUNDAMENTAL COMPLETO;-3;#NE;-3;#NE;-3;#NE;-3;#NE;Obrigatório;1;0;0;0
13/04/2021;19:37:12;2012;ES;56057;ALFREDO CHAVES;12;23;1139;;4;FEMININO;3;CASADO;3034;30 a 34 anos                  ;3;ENSINO FUNDAMENTAL INCOMPLETO;-3;#NE;-3;#NE;-3;#NE;-3;#NE;Obrigatório;1;0;0;0
13/04/2021;19:37:12;2012;ES;56057;ALFREDO CHAVES;12;23;1139;;4;FEMININO;3;CASADO;3034;30 a 34 anos                  ;5;ENSINO MÉDIO INCOMPLETO;-3;#NE;-3;#NE;-3;#NE;-3;#NE;Obrigatório;1;0;0;0
13/04/2021;19:37:12;2012;ES;56057;ALFREDO CHAVES;12;23;1139;;4;FEMININO;3;CASADO;3539;35 a 39 anos                  ;3;ENSINO FUNDAMENTAL INCOMPLETO;-3;#NE;-3;#NE;-3;#NE;-3;#NE;Obrigatório;4;0;0;0
13/04/2021;19:37:12;2012;ES;56057;ALFREDO CHAVES;12;23;1139;;4;FEMININO;3;CASADO;3539;35 a 39 anos                  ;5;ENSINO MÉDIO INCOMPLETO;-3;#NE;-3;#NE;-3;#NE;-3;#NE;Obrigatório;2;0;0;0
13/04/2021;19:37:12;2012;ES;56057;ALFREDO CHAVES;12;23;1139;;4;FEMININO;3;CASADO;3539;35 a 39 anos                  ;6;ENSINO MÉDIO COMPLETO;-3;#NE;-3;#NE;-3;#NE;-3;#NE;Obrigatório;2;0;0;0
13/04/2021;19:37:12;2012;ES;56057;ALFREDO CHAVES;12;23;1139;;4;FEMININO;3;CASADO;4044;40 a 44 anos                  ;3;ENSINO FUNDAMENTAL INCOMPLETO;-3;#NE;-3;#NE;-3;#NE;-3;#NE;Obrigatório;6;0;0;0
13/04/2021;19:37:12;2012;ES;56057;ALFREDO CHAVES;12;23;1139;;4;FEMININO;3;CASADO;4044;40 a 44 anos                  ;6;ENSINO MÉDIO COMPLETO;-3;#NE;-3;#NE;-3;#NE;-3;#NE;Obrigatório;5;0;0;0
13/04/2021;19:37:12;2012;ES;56057;ALFREDO CHAVES;12;23;1139;;4;FEMININO;3;CASADO;4044;40 a 44 anos                  ;8;SUPERIOR COMPLETO;-3;#NE;-3;#NE;-3;#NE;-3;#NE;Obrigatório;1;0;0;0
13/04/2021;19:37:12;2012;ES;56057;ALFREDO CHAVES;12;23;1139;;4;FEMININO;3;CASADO;4549;45 a 49 anos                  ;6;ENSINO MÉDIO COMPLETO;-3;#NE;-3;#NE;-3;#NE;-3;#NE;Obrigatório;2;0;0;0
13/04/2021;19:37:12;2012;ES;56057;ALFREDO CHAVES;12;5;1015;;2;MASCULINO;3;CASADO;6064;60 a 64 anos                  ;8;SUPERIOR COMPLETO;-3;#NE;-3;#NE;-3;#NE;-3;#NE;Obrigatório;1;0;0;0
13/04/2021;19:37:12;2012;ES;56057;ALFREDO CHAVES;12;5;1015;;2;MASCULINO;3;CASADO;6569;65 a 69 anos                  ;6;ENSINO MÉDIO COMPLETO;-3;#NE;-3;#NE;-3;#NE;-3;#NE;Obrigatório;1;0;0;0
13/04/2021;19:37:12;2012;ES;56057;ALFREDO CHAVES;12;12;1058;;2;MASCULINO;1;SOLTEIRO;3539;35 a 39 anos                  ;4;ENSINO FUNDAMENTAL COMPLETO;-3;#NE;-3;#NE;-3;#NE;-3;#NE;Obrigatório;3;0;0;0
13/04/2021;19:37:12;2012;ES;56057;ALFREDO CHAVES;12;12;1058;;2;MASCULINO;1;SOLTEIRO;4044;40 a 44 anos                  ;5;ENSINO MÉDIO INCOMPLETO;-3;#NE;-3;#NE;-3;#NE;-3;#NE;Obrigatório;6;0;0;0
13/04/2021;19:37:12;2012;ES;56057;ALFREDO CHAVES;12;12;1058;;2;MASCULINO;1;SOLTEIRO;4549;45 a 49 anos                  ;5;ENSINO MÉDIO INCOMPLETO;-3;#NE;-3;#NE;-3;#NE;-3;#NE;Obrigatório;4;0;0;0
13/04/2021;19:37:12;2012;ES;56057;ALFREDO CHAVES;12;12;1058;;2;MASCULINO;1;SOLTEIRO;5054;50 a 54 anos                  ;6;ENSINO MÉDIO COMPLETO;-3;#NE;-3;#NE;-3;#NE;-3;#NE;Obrigatório;2;0;0;0
13/04/2021;19:37:12;2012;ES;56057;ALFREDO CHAVES;12;12;1058;;2;MASCULINO;3;CASADO;2124;21 a 24 anos                  ;5;ENSINO MÉDIO INCOMPLETO;-3;#NE;-3;#NE;-3;#NE;-3;#NE;Obrigatório;1;0;0;0
13/04/2021;19:37:12;2012;ES;56057;ALFREDO CHAVES;12;12;1058;;2;MASCULINO;3;CASADO;3539;35 a 39 anos                  ;4;ENSINO FUNDAMENTAL COMPLETO;-3;#NE;-3;#NE;-3;#NE;-3;#NE;Obrigatório;1;0;0;0
13/04/2021;19:37:12;2012;ES;56057;ALFREDO CHAVES;12;12;1058;;2;MASCULINO;3;CASADO;4044;40 a 44 anos                  ;6;ENSINO MÉDIO COMPLETO;-3;#NE;-3;#NE;-3;#NE;-3;#NE;Obrigatório;1;0;0;0
13/04/2021;19:37:12;2012;ES;56057;ALFREDO CHAVES;12;12;1058;;2;MASCULINO;3;CASADO;5054;50 a 54 anos                  ;3;ENSINO FUNDAMENTAL INCOMPLETO;-3;#NE;-3;#NE;-3;#NE;-3;#NE;Obrigatório;6;0;0;0
13/04/2021;19:37:12;2012;ES;56057;ALFREDO CHAVES;12;12;1058;;2;MASCULINO;3;CASADO;6064;60 a 64 anos                  ;2;LÊ E ESCREVE;-3;#NE;-3;#NE;-3;#NE;-3;#NE;Obrigatório;3;0;0;0
13/04/2021;19:37:12;2012;ES;56057;ALFREDO CHAVES;12;12;1058;;2;MASCULINO;3;CASADO;6569;65 a 69 anos                  ;3;ENSINO FUNDAMENTAL INCOMPLETO;-3;#NE;-3;#NE;-3;#NE;-3;#NE;Obrigatório;6;0;0;0
13/04/2021;19:37:12;2012;ES;56057;ALFREDO CHAVES;12;12;1058;;2;MASCULINO;3;CASADO;7074;70 a 74 anos                  ;3;ENSINO FUNDAMENTAL INCOMPLETO;-3;#NE;-3;#NE;-3;#NE;-3;#NE;Facultativo;7;0;0;0
13/04/2021;19:37:12;2012;ES;56057;ALFREDO CHAVES;12;12;1058;;2;MASCULINO;3;CASADO;8084;80 a 84 anos                  ;2;LÊ E ESCREVE;-3;#NE;-3;#NE;-3;#NE;-3;#NE;Facultativo;2;0;0;0
13/04/2021;19:37:12;2012;ES;56057;ALFREDO CHAVES;12;12;1058;;4;FEMININO;3;CASADO;2124;21 a 24 anos                  ;8;SUPERIOR COMPLETO;-3;#NE;-3;#NE;-3;#NE;-3;#NE;Obrigatório;1;0;0;0
13/04/2021;19:37:12;2012;ES;56057;ALFREDO CHAVES;12;12;1058;;4;FEMININO;3;CASADO;2529;25 a 29 anos                  ;8;SUPERIOR COMPLETO;-3;#NE;-3;#NE;-3;#NE;-3;#NE;Obrigatório;1;0;0;0
13/04/2021;19:37:12;2012;ES;56057;ALFREDO CHAVES;12;12;1058;;4;FEMININO;3;CASADO;3034;30 a 34 anos                  ;8;SUPERIOR COMPLETO;-3;#NE;-3;#NE;-3;#NE;-3;#NE;Obrigatório;1;0;0;0
13/04/2021;19:37:12;2012;ES;56057;ALFREDO CHAVES;12;12;1058;;4;FEMININO;3;CASADO;4044;40 a 44 anos                  ;3;ENSINO FUNDAMENTAL INCOMPLETO;-3;#NE;-3;#NE;-3;#NE;-3;#NE;Obrigatório;6;0;0;0
13/04/2021;19:37:12;2012;ES;56057;ALFREDO CHAVES;12;12;1058;;4;FEMININO;3;CASADO;4549;45 a 49 anos                  ;6;ENSINO MÉDIO COMPLETO;-3;#NE;-3;#NE;-3;#NE;-3;#NE;Obrigatório;1;0;0;0
13/04/2021;19:37:12;2012;ES;56057;ALFREDO CHAVES;12;12;1058;;4;FEMININO;3;CASADO;5054;50 a 54 anos                  ;8;SUPERIOR COMPLETO;-3;#NE;-3;#NE;-3;#NE;-3;#NE;Obrigatório;1;0;0;0
13/04/2021;19:37:12;2012;ES;56057;ALFREDO CHAVES;12;12;1058;;4;FEMININO;3;CASADO;5559;55 a 59 anos                  ;8;SUPERIOR COMPLETO;-3;#NE;-3;#NE;-3;#NE;-3;#NE;Obrigatório;1;0;0;0
13/04/2021;19:37:12;2012;ES;56057;ALFREDO CHAVES;12;12;1058;;4;FEMININO;3;CASADO;6064;60 a 64 anos                  ;6;ENSINO MÉDIO COMPLETO;-3;#NE;-3;#NE;-3;#NE;-3;#NE;Obrigatório;1;0;0;0
13/04/2021;19:37:12;2012;ES;56057;ALFREDO CHAVES;12;12;1058;;4;FEMININO;3;CASADO;7074;70 a 74 anos                  ;3;ENSINO FUNDAMENTAL INCOMPLETO;-3;#NE;-3;#NE;-3;#NE;-3;#NE;Facultativo;2;0;0;0
13/04/2021;19:37:12;2012;ES;56057;ALFREDO CHAVES;12;12;1058;;4;FEMININO;5;VIÚVO;5559;55 a 59 anos                  ;3;ENSINO FUNDAMENTAL INCOMPLETO;-3;#NE;-3;#NE;-3;#NE;-3;#NE;Obrigatório;1;0;0;0
13/04/2021;19:37:12;2012;ES;56057;ALFREDO CHAVES;12;13;1058;;2;MASCULINO;1;SOLTEIRO;1600;16 anos                       ;5;ENSINO MÉDIO INCOMPLETO;-3;#NE;-3;#NE;-3;#NE;-3;#NE;Facultativo;2;0;0;0
13/04/2021;19:37:12;2012;ES;56057;ALFREDO CHAVES;12;13;1058;;2;MASCULINO;1;SOLTEIRO;1900;19 anos                       ;5;ENSINO MÉDIO INCOMPLETO;-3;#NE;-3;#NE;-3;#NE;-3;#NE;Obrigatório;2;0;0;0
13/04/2021;19:37:12;2012;ES;56057;ALFREDO CHAVES;12;13;1058;;2;MASCULINO;1;SOLTEIRO;2124;21 a 24 anos                  ;6;ENSINO MÉDIO COMPLETO;-3;#NE;-3;#NE;-3;#NE;-3;#NE;Obrigatório;3;0;0;0
13/04/2021;19:37:12;2012;ES;56057;ALFREDO CHAVES;12;13;1058;;2;MASCULINO;1;SOLTEIRO;8084;80 a 84 anos                  ;2;LÊ E ESCREVE;-3;#NE;-3;#NE;-3;#NE;-3;#NE;Facultativo;1;0;0;0
13/04/2021;19:37:12;2012;ES;56057;ALFREDO CHAVES;12;13;1058;;2;MASCULINO;3;CASADO;3539;35 a 39 anos                  ;3;ENSINO FUNDAMENTAL INCOMPLETO;-3;#NE;-3;#NE;-3;#NE;-3;#NE;Obrigatório;2;0;0;0
13/04/2021;19:37:12;2012;ES;56057;ALFREDO CHAVES;12;13;1058;;2;MASCULINO;3;CASADO;4044;40 a 44 anos                  ;6;ENSINO MÉDIO COMPLETO;-3;#NE;-3;#NE;-3;#NE;-3;#NE;Obrigatório;1;0;0;0
13/04/2021;19:37:12;2012;ES;56057;ALFREDO CHAVES;12;13;1058;;2;MASCULINO;3;CASADO;5054;50 a 54 anos                  ;4;ENSINO FUNDAMENTAL COMPLETO;-3;#NE;-3;#NE;-3;#NE;-3;#NE;Obrigatório;1;0;0;0
13/04/2021;19:37:12;2012;ES;56057;ALFREDO CHAVES;12;13;1058;;2;MASCULINO;3;CASADO;5559;55 a 59 anos                  ;6;ENSINO MÉDIO COMPLETO;-3;#NE;-3;#NE;-3;#NE;-3;#NE;Obrigatório;1;0;0;0
13/04/2021;19:37:12;2012;ES;56057;ALFREDO CHAVES;12;13;1058;;2;MASCULINO;3;CASADO;6064;60 a 64 anos                  ;7;SUPERIOR INCOMPLETO;-3;#NE;-3;#NE;-3;#NE;-3;#NE;Obrigatório;1;0;0;0
13/04/2021;19:37:12;2012;ES;56057;ALFREDO CHAVES;12;13;1058;;2;MASCULINO;3;CASADO;7074;70 a 74 anos                  ;2;LÊ E ESCREVE;-3;#NE;-3;#NE;-3;#NE;-3;#NE;Facultativo;1;0;0;0
13/04/2021;19:37:12;2012;ES;56057;ALFREDO CHAVES;12;13;1058;;2;MASCULINO;3;CASADO;8589;85 a 89 anos                  ;2;LÊ E ESCREVE;-3;#NE;-3;#NE;-3;#NE;-3;#NE;Facultativo;2;0;0;0
13/04/2021;19:37:12;2012;ES;56057;ALFREDO CHAVES;12;3;1015;;4;FEMININO;1;SOLTEIRO;2124;21 a 24 anos                  ;4;ENSINO FUNDAMENTAL COMPLETO;-3;#NE;-3;#NE;-3;#NE;-3;#NE;Obrigatório;1;0;0;0
13/04/2021;19:37:12;2012;ES;56057;ALFREDO CHAVES;12;3;1015;;4;FEMININO;1;SOLTEIRO;2529;25 a 29 anos                  ;5;ENSINO MÉDIO INCOMPLETO;-3;#NE;-3;#NE;-3;#NE;-3;#NE;Obrigatório;9;0;0;0
13/04/2021;19:37:12;2012;ES;56057;ALFREDO CHAVES;12;3;1015;;4;FEMININO;1;SOLTEIRO;3034;30 a 34 anos                  ;3;ENSINO FUNDAMENTAL INCOMPLETO;-3;#NE;-3;#NE;-3;#NE;-3;#NE;Obrigatório;2;0;0;0
13/04/2021;19:37:12;2012;ES;56057;ALFREDO CHAVES;12;3;1015;;4;FEMININO;1;SOLTEIRO;3539;35 a 39 anos                  ;3;ENSINO FUNDAMENTAL INCOMPLETO;-3;#NE;-3;#NE;-3;#NE;-3;#NE;Obrigatório;2;0;0;0
13/04/2021;19:37:12;2012;ES;56057;ALFREDO CHAVES;12;3;1015;;4;FEMININO;1;SOLTEIRO;4044;40 a 44 anos                  ;3;ENSINO FUNDAMENTAL INCOMPLETO;-3;#NE;-3;#NE;-3;#NE;-3;#NE;Obrigatório;3;0;0;0
13/04/2021;19:37:12;2012;ES;56057;ALFREDO CHAVES;12;3;1015;;4;FEMININO;3;CASADO;5559;55 a 59 anos                  ;3;ENSINO FUNDAMENTAL INCOMPLETO;-3;#NE;-3;#NE;-3;#NE;-3;#NE;Obrigatório;4;0;0;0
13/04/2021;19:37:12;2012;ES;56057;ALFREDO CHAVES;12;3;1015;;4;FEMININO;3;CASADO;6064;60 a 64 anos                  ;3;ENSINO FUNDAMENTAL INCOMPLETO;-3;#NE;-3;#NE;-3;#NE;-3;#NE;Obrigatório;4;0;0;0
13/04/2021;19:37:12;2012;ES;56057;ALFREDO CHAVES;12;3;1015;;4;FEMININO;3;CASADO;6569;65 a 69 anos                  ;6;ENSINO MÉDIO COMPLETO;-3;#NE;-3;#NE;-3;#NE;-3;#NE;Obrigatório;1;0;0;0
13/04/2021;19:37:12;2012;ES;56057;ALFREDO CHAVES;12;3;1015;;4;FEMININO;3;CASADO;7579;75 a 79 anos                  ;3;ENSINO FUNDAMENTAL INCOMPLETO;-3;#NE;-3;#NE;-3;#NE;-3;#NE;Facultativo;1;0;0;0
13/04/2021;19:37:12;2012;ES;56057;ALFREDO CHAVES;12;3;1015;;4;FEMININO;5;VIÚVO;7074;70 a 74 anos                  ;3;ENSINO FUNDAMENTAL INCOMPLETO;-3;#NE;-3;#NE;-3;#NE;-3;#NE;Facultativo;1;0;0;0
13/04/2021;19:37:12;2012;ES;56057;ALFREDO CHAVES;12;3;1015;;4;FEMININO;9;DIVORCIADO;2529;25 a 29 anos                  ;7;SUPERIOR INCOMPLETO;-3;#NE;-3;#NE;-3;#NE;-3;#NE;Obrigatório;1;0;0;0
13/04/2021;19:37:12;2012;ES;56057;ALFREDO CHAVES;12;4;1015;;2;MASCULINO;1;SOLTEIRO;1800;18 anos                       ;5;ENSINO MÉDIO INCOMPLETO;-3;#NE;-3;#NE;-3;#NE;-3;#NE;Obrigatório;4;0;0;0
13/04/2021;19:37:12;2012;ES;56057;ALFREDO CHAVES;12;4;1015;;2;MASCULINO;1;SOLTEIRO;2124;21 a 24 anos                  ;6;ENSINO MÉDIO COMPLETO;-3;#NE;-3;#NE;-3;#NE;-3;#NE;Obrigatório;1;0;0;0
13/04/2021;19:37:12;2012;ES;56057;ALFREDO CHAVES;12;4;1015;;2;MASCULINO;1;SOLTEIRO;2529;25 a 29 anos                  ;6;ENSINO MÉDIO COMPLETO;-3;#NE;-3;#NE;-3;#NE;-3;#NE;Obrigatório;1;0;0;0
13/04/2021;19:37:12;2012;ES;56057;ALFREDO CHAVES;12;4;1015;;2;MASCULINO;1;SOLTEIRO;3034;30 a 34 anos                  ;6;ENSINO MÉDIO COMPLETO;-3;#NE;-3;#NE;-3;#NE;-3;#NE;Obrigatório;1;0;0;0
13/04/2021;19:37:12;2012;ES;56057;ALFREDO CHAVES;12;4;1015;;2;MASCULINO;1;SOLTEIRO;4044;40 a 44 anos                  ;3;ENSINO FUNDAMENTAL INCOMPLETO;-3;#NE;-3;#NE;-3;#NE;-3;#NE;Obrigatório;1;0;0;0
13/04/2021;19:37:12;2012;ES;56057;ALFREDO CHAVES;12;4;1015;;2;MASCULINO;1;SOLTEIRO;5054;50 a 54 anos                  ;1;ANALFABETO;-3;#NE;-3;#NE;-3;#NE;-3;#NE;Facultativo;1;0;0;0
13/04/2021;19:37:12;2012;ES;56057;ALFREDO CHAVES;12;4;1015;;2;MASCULINO;3;CASADO;7074;70 a 74 anos                  ;2;LÊ E ESCREVE;-3;#NE;-3;#NE;-3;#NE;-3;#NE;Facultativo;2;0;0;0
13/04/2021;19:37:12;2012;ES;56057;ALFREDO CHAVES;12;4;1015;;2;MASCULINO;3;CASADO;8589;85 a 89 anos                  ;3;ENSINO FUNDAMENTAL INCOMPLETO;-3;#NE;-3;#NE;-3;#NE;-3;#NE;Facultativo;2;0;0;0
13/04/2021;19:37:12;2012;ES;56057;ALFREDO CHAVES;12;4;1015;;4;FEMININO;1;SOLTEIRO;1800;18 anos                       ;5;ENSINO MÉDIO INCOMPLETO;-3;#NE;-3;#NE;-3;#NE;-3;#NE;Obrigatório;1;0;0;0
13/04/2021;19:37:12;2012;ES;56057;ALFREDO CHAVES;12;4;1015;;4;FEMININO;1;SOLTEIRO;2000;20 anos                       ;5;ENSINO MÉDIO INCOMPLETO;-3;#NE;-3;#NE;-3;#NE;-3;#NE;Obrigatório;1;0;0;0
13/04/2021;19:37:12;2012;ES;56057;ALFREDO CHAVES;12;4;1015;;4;FEMININO;1;SOLTEIRO;2124;21 a 24 anos                  ;5;ENSINO MÉDIO INCOMPLETO;-3;#NE;-3;#NE;-3;#NE;-3;#NE;Obrigatório;5;0;0;0
13/04/2021;19:37:12;2012;ES;56057;ALFREDO CHAVES;12;4;1015;;4;FEMININO;1;SOLTEIRO;2529;25 a 29 anos                  ;4;ENSINO FUNDAMENTAL COMPLETO;-3;#NE;-3;#NE;-3;#NE;-3;#NE;Obrigatório;1;0;0;0
13/04/2021;19:37:12;2012;ES;56057;ALFREDO CHAVES;12;4;1015;;4;FEMININO;1;SOLTEIRO;3034;30 a 34 anos                  ;4;ENSINO FUNDAMENTAL COMPLETO;-3;#NE;-3;#NE;-3;#NE;-3;#NE;Obrigatório;2;0;0;0
13/04/2021;19:37:12;2012;ES;56057;ALFREDO CHAVES;12;4;1015;;4;FEMININO;1;SOLTEIRO;3539;35 a 39 anos                  ;4;ENSINO FUNDAMENTAL COMPLETO;-3;#NE;-3;#NE;-3;#NE;-3;#NE;Obrigatório;1;0;0;0
13/04/2021;19:37:12;2012;ES;56057;ALFREDO CHAVES;12;4;1015;;4;FEMININO;1;SOLTEIRO;4044;40 a 44 anos                  ;3;ENSINO FUNDAMENTAL INCOMPLETO;-3;#NE;-3;#NE;-3;#NE;-3;#NE;Obrigatório;1;0;0;0
13/04/2021;19:37:12;2012;ES;56057;ALFREDO CHAVES;12;4;1015;;4;FEMININO;1;SOLTEIRO;4549;45 a 49 anos                  ;7;SUPERIOR INCOMPLETO;-3;#NE;-3;#NE;-3;#NE;-3;#NE;Obrigatório;1;0;0;0
13/04/2021;19:37:12;2012;ES;56057;ALFREDO CHAVES;12;4;1015;;4;FEMININO;1;SOLTEIRO;5054;50 a 54 anos                  ;8;SUPERIOR COMPLETO;-3;#NE;-3;#NE;-3;#NE;-3;#NE;Obrigatório;2;0;0;0
13/04/2021;19:37:12;2012;ES;56057;ALFREDO CHAVES;12;4;1015;;4;FEMININO;1;SOLTEIRO;6064;60 a 64 anos                  ;3;ENSINO FUNDAMENTAL INCOMPLETO;-3;#NE;-3;#NE;-3;#NE;-3;#NE;Obrigatório;2;0;0;0
13/04/2021;19:37:12;2012;ES;56057;ALFREDO CHAVES;12;4;1015;;4;FEMININO;3;CASADO;6064;60 a 64 anos                  ;6;ENSINO MÉDIO COMPLETO;-3;#NE;-3;#NE;-3;#NE;-3;#NE;Obrigatório;6;0;0;0
13/04/2021;19:37:12;2012;ES;56057;ALFREDO CHAVES;12;4;1015;;4;FEMININO;3;CASADO;6569;65 a 69 anos                  ;3;ENSINO FUNDAMENTAL INCOMPLETO;-3;#NE;-3;#NE;-3;#NE;-3;#NE;Obrigatório;5;0;0;0
13/04/2021;19:37:12;2012;ES;56057;ALFREDO CHAVES;12;4;1015;;4;FEMININO;3;CASADO;7074;70 a 74 anos                  ;2;LÊ E ESCREVE;-3;#NE;-3;#NE;-3;#NE;-3;#NE;Facultativo;4;0;0;0
13/04/2021;19:37:12;2012;ES;56057;ALFREDO CHAVES;12;4;1015;;4;FEMININO;3;CASADO;7579;75 a 79 anos                  ;3;ENSINO FUNDAMENTAL INCOMPLETO;-3;#NE;-3;#NE;-3;#NE;-3;#NE;Facultativo;3;0;0;0
13/04/2021;19:37:12;2012;ES;56057;ALFREDO CHAVES;12;4;1015;;4;FEMININO;3;CASADO;9094;90 a 94 anos                  ;3;ENSINO FUNDAMENTAL INCOMPLETO;-3;#NE;-3;#NE;-3;#NE;-3;#NE;Facultativo;2;0;0;0
13/04/2021;19:37:12;2012;ES;56057;ALFREDO CHAVES;12;4;1015;;4;FEMININO;5;VIÚVO;6064;60 a 64 anos                  ;3;ENSINO FUNDAMENTAL INCOMPLETO;-3;#NE;-3;#NE;-3;#NE;-3;#NE;Obrigatório;1;0;0;0
13/04/2021;19:37:12;2012;ES;56057;ALFREDO CHAVES;12;4;1015;;4;FEMININO;5;VIÚVO;8084;80 a 84 anos                  ;1;ANALFABETO;-3;#NE;-3;#NE;-3;#NE;-3;#NE;Facultativo;1;0;0;0
13/04/2021;19:37:12;2012;ES;56057;ALFREDO CHAVES;12;4;1015;;4;FEMININO;7;SEPARADO JUDICIALMENTE;4044;40 a 44 anos                  ;4;ENSINO FUNDAMENTAL COMPLETO;-3;#NE;-3;#NE;-3;#NE;-3;#NE;Obrigatório;1;0;0;0
13/04/2021;19:37:12;2012;ES;56057;ALFREDO CHAVES;12;4;1015;;4;FEMININO;9;DIVORCIADO;5559;55 a 59 anos                  ;6;ENSINO MÉDIO COMPLETO;-3;#NE;-3;#NE;-3;#NE;-3;#NE;Obrigatório;1;0;0;0
13/04/2021;19:37:12;2012;ES;56057;ALFREDO CHAVES;12;5;1015;;2;MASCULINO;1;SOLTEIRO;1700;17 anos                       ;3;ENSINO FUNDAMENTAL INCOMPLETO;-3;#NE;-3;#NE;-3;#NE;-3;#NE;Facultativo;1;0;0;0
13/04/2021;19:37:12;2012;ES;56057;ALFREDO CHAVES;12;5;1015;;2;MASCULINO;1;SOLTEIRO;1900;19 anos                       ;5;ENSINO MÉDIO INCOMPLETO;-3;#NE;-3;#NE;-3;#NE;-3;#NE;Obrigatório;1;0;0;0
13/04/2021;19:37:12;2012;ES;56057;ALFREDO CHAVES;12;5;1015;;2;MASCULINO;1;SOLTEIRO;2529;25 a 29 anos                  ;3;ENSINO FUNDAMENTAL INCOMPLETO;-3;#NE;-3;#NE;-3;#NE;-3;#NE;Obrigatório;6;0;0;0
13/04/2021;19:37:12;2012;ES;56057;ALFREDO CHAVES;12;5;1015;;2;MASCULINO;1;SOLTEIRO;3034;30 a 34 anos                  ;4;ENSINO FUNDAMENTAL COMPLETO;-3;#NE;-3;#NE;-3;#NE;-3;#NE;Obrigatório;1;0;0;0
13/04/2021;19:37:12;2012;ES;56057;ALFREDO CHAVES;12;5;1015;;2;MASCULINO;3;CASADO;5054;50 a 54 anos                  ;4;ENSINO FUNDAMENTAL COMPLETO;-3;#NE;-3;#NE;-3;#NE;-3;#NE;Obrigatório;2;0;0;0
13/04/2021;19:37:12;2012;ES;56057;ALFREDO CHAVES;12;5;1015;;2;MASCULINO;3;CASADO;5559;55 a 59 anos                  ;3;ENSINO FUNDAMENTAL INCOMPLETO;-3;#NE;-3;#NE;-3;#NE;-3;#NE;Obrigatório;4;0;0;0
13/04/2021;19:37:12;2012;ES;56057;ALFREDO CHAVES;12;5;1015;;2;MASCULINO;3;CASADO;6064;60 a 64 anos                  ;2;LÊ E ESCREVE;-3;#NE;-3;#NE;-3;#NE;-3;#NE;Obrigatório;1;0;0;0
13/04/2021;19:37:12;2012;ES;56057;ALFREDO CHAVES;12;5;1015;;2;MASCULINO;3;CASADO;7074;70 a 74 anos                  ;4;ENSINO FUNDAMENTAL COMPLETO;-3;#NE;-3;#NE;-3;#NE;-3;#NE;Facultativo;1;0;0;0
13/04/2021;19:37:12;2012;ES;56057;ALFREDO CHAVES;12;5;1015;;2;MASCULINO;3;CASADO;8084;80 a 84 anos                  ;3;ENSINO FUNDAMENTAL INCOMPLETO;-3;#NE;-3;#NE;-3;#NE;-3;#NE;Facultativo;1;0;0;0
13/04/2021;19:37:12;2012;ES;56057;ALFREDO CHAVES;12;5;1015;;2;MASCULINO;3;CASADO;9094;90 a 94 anos                  ;3;ENSINO FUNDAMENTAL INCOMPLETO;-3;#NE;-3;#NE;-3;#NE;-3;#NE;Facultativo;1;0;0;0
13/04/2021;19:37:12;2012;ES;56057;ALFREDO CHAVES;12;5;1015;;2;MASCULINO;9;DIVORCIADO;6064;60 a 64 anos                  ;3;ENSINO FUNDAMENTAL INCOMPLETO;-3;#NE;-3;#NE;-3;#NE;-3;#NE;Obrigatório;1;0;0;0
13/04/2021;19:37:12;2012;ES;56057;ALFREDO CHAVES;12;5;1015;;4;FEMININO;1;SOLTEIRO;2124;21 a 24 anos                  ;3;ENSINO FUNDAMENTAL INCOMPLETO;-3;#NE;-3;#NE;-3;#NE;-3;#NE;Obrigatório;2;0;0;0
13/04/2021;19:37:12;2012;ES;56057;ALFREDO CHAVES;12;5;1015;;4;FEMININO;1;SOLTEIRO;2529;25 a 29 anos                  ;5;ENSINO MÉDIO INCOMPLETO;-3;#NE;-3;#NE;-3;#NE;-3;#NE;Obrigatório;6;0;0;0
13/04/2021;19:37:12;2012;ES;56057;ALFREDO CHAVES;12;5;1015;;4;FEMININO;1;SOLTEIRO;3034;30 a 34 anos                  ;4;ENSINO FUNDAMENTAL COMPLETO;-3;#NE;-3;#NE;-3;#NE;-3;#NE;Obrigatório;1;0;0;0
13/04/2021;19:37:12;2012;ES;56057;ALFREDO CHAVES;12;5;1015;;4;FEMININO;1;SOLTEIRO;3539;35 a 39 anos                  ;6;ENSINO MÉDIO COMPLETO;-3;#NE;-3;#NE;-3;#NE;-3;#NE;Obrigatório;1;0;0;0
13/04/2021;19:37:12;2012;ES;56057;ALFREDO CHAVES;12;5;1015;;4;FEMININO;3;CASADO;5559;55 a 59 anos                  ;4;ENSINO FUNDAMENTAL COMPLETO;-3;#NE;-3;#NE;-3;#NE;-3;#NE;Obrigatório;1;0;0;0
13/04/2021;19:37:12;2012;ES;56057;ALFREDO CHAVES;12;5;1015;;4;FEMININO;3;CASADO;6064;60 a 64 anos                  ;3;ENSINO FUNDAMENTAL INCOMPLETO;-3;#NE;-3;#NE;-3;#NE;-3;#NE;Obrigatório;2;0;1;0
13/04/2021;19:37:12;2012;ES;56057;ALFREDO CHAVES;12;10;1040;;4;FEMININO;3;CASADO;5559;55 a 59 anos                  ;4;ENSINO FUNDAMENTAL COMPLETO;-3;#NE;-3;#NE;-3;#NE;-3;#NE;Obrigatório;1;0;0;0
13/04/2021;19:37:12;2012;ES;56057;ALFREDO CHAVES;12;10;1040;;4;FEMININO;3;CASADO;6064;60 a 64 anos                  ;2;LÊ E ESCREVE;-3;#NE;-3;#NE;-3;#NE;-3;#NE;Obrigatório;4;0;0;0
13/04/2021;19:37:12;2012;ES;56057;ALFREDO CHAVES;12;10;1040;;4;FEMININO;3;CASADO;6569;65 a 69 anos                  ;6;ENSINO MÉDIO COMPLETO;-3;#NE;-3;#NE;-3;#NE;-3;#NE;Obrigatório;1;0;0;0
13/04/2021;19:37:12;2012;ES;56057;ALFREDO CHAVES;12;10;1040;;4;FEMININO;3;CASADO;7579;75 a 79 anos                  ;2;LÊ E ESCREVE;-3;#NE;-3;#NE;-3;#NE;-3;#NE;Facultativo;2;0;0;0
13/04/2021;19:37:12;2012;ES;56057;ALFREDO CHAVES;12;10;1040;;4;FEMININO;5;VIÚVO;5559;55 a 59 anos                  ;2;LÊ E ESCREVE;-3;#NE;-3;#NE;-3;#NE;-3;#NE;Obrigatório;1;0;0;0
13/04/2021;19:37:12;2012;ES;56057;ALFREDO CHAVES;12;10;1040;;4;FEMININO;9;DIVORCIADO;4549;45 a 49 anos                  ;3;ENSINO FUNDAMENTAL INCOMPLETO;-3;#NE;-3;#NE;-3;#NE;-3;#NE;Obrigatório;1;0;0;0
13/04/2021;19:37:12;2012;ES;56057;ALFREDO CHAVES;12;11;1040;;2;MASCULINO;1;SOLTEIRO;2000;20 anos                       ;5;ENSINO MÉDIO INCOMPLETO;-3;#NE;-3;#NE;-3;#NE;-3;#NE;Obrigatório;1;0;0;0
13/04/2021;19:37:12;2012;ES;56057;ALFREDO CHAVES;12;11;1040;;2;MASCULINO;1;SOLTEIRO;2529;25 a 29 anos                  ;3;ENSINO FUNDAMENTAL INCOMPLETO;-3;#NE;-3;#NE;-3;#NE;-3;#NE;Obrigatório;2;0;0;0
13/04/2021;19:37:12;2012;ES;56057;ALFREDO CHAVES;12;11;1040;;2;MASCULINO;1;SOLTEIRO;3034;30 a 34 anos                  ;2;LÊ E ESCREVE;-3;#NE;-3;#NE;-3;#NE;-3;#NE;Obrigatório;1;0;0;0
13/04/2021;19:37:12;2012;ES;56057;ALFREDO CHAVES;12;11;1040;;2;MASCULINO;1;SOLTEIRO;3034;30 a 34 anos                  ;6;ENSINO MÉDIO COMPLETO;-3;#NE;-3;#NE;-3;#NE;-3;#NE;Obrigatório;3;0;0;0
13/04/2021;19:37:12;2012;ES;56057;ALFREDO CHAVES;12;11;1040;;2;MASCULINO;1;SOLTEIRO;3539;35 a 39 anos                  ;6;ENSINO MÉDIO COMPLETO;-3;#NE;-3;#NE;-3;#NE;-3;#NE;Obrigatório;3;0;0;0
13/04/2021;19:37:12;2012;ES;56057;ALFREDO CHAVES;12;11;1040;;2;MASCULINO;3;CASADO;8084;80 a 84 anos                  ;3;ENSINO FUNDAMENTAL INCOMPLETO;-3;#NE;-3;#NE;-3;#NE;-3;#NE;Facultativo;1;0;0;0
13/04/2021;19:37:12;2012;ES;56057;ALFREDO CHAVES;12;11;1040;;2;MASCULINO;9;DIVORCIADO;3034;30 a 34 anos                  ;4;ENSINO FUNDAMENTAL COMPLETO;-3;#NE;-3;#NE;-3;#NE;-3;#NE;Obrigatório;1;0;0;0
13/04/2021;19:37:12;2012;ES;56057;ALFREDO CHAVES;12;11;1040;;4;FEMININO;1;SOLTEIRO;1800;18 anos                       ;7;SUPERIOR INCOMPLETO;-3;#NE;-3;#NE;-3;#NE;-3;#NE;Obrigatório;1;0;0;0
13/04/2021;19:37:12;2012;ES;56057;ALFREDO CHAVES;12;11;1040;;4;FEMININO;1;SOLTEIRO;2000;20 anos                       ;7;SUPERIOR INCOMPLETO;-3;#NE;-3;#NE;-3;#NE;-3;#NE;Obrigatório;1;0;0;0
13/04/2021;19:37:12;2012;ES;56057;ALFREDO CHAVES;12;11;1040;;4;FEMININO;1;SOLTEIRO;2529;25 a 29 anos                  ;2;LÊ E ESCREVE;-3;#NE;-3;#NE;-3;#NE;-3;#NE;Obrigatório;1;0;0;0
13/04/2021;19:37:12;2012;ES;56057;ALFREDO CHAVES;12;11;1040;;4;FEMININO;1;SOLTEIRO;2529;25 a 29 anos                  ;6;ENSINO MÉDIO COMPLETO;-3;#NE;-3;#NE;-3;#NE;-3;#NE;Obrigatório;1;0;0;0
13/04/2021;19:37:12;2012;ES;56057;ALFREDO CHAVES;12;11;1040;;4;FEMININO;1;SOLTEIRO;3034;30 a 34 anos                  ;6;ENSINO MÉDIO COMPLETO;-3;#NE;-3;#NE;-3;#NE;-3;#NE;Obrigatório;2;0;0;0
13/04/2021;19:37:12;2012;ES;56057;ALFREDO CHAVES;12;11;1040;;4;FEMININO;1;SOLTEIRO;4044;40 a 44 anos                  ;3;ENSINO FUNDAMENTAL INCOMPLETO;-3;#NE;-3;#NE;-3;#NE;-3;#NE;Obrigatório;1;0;0;0
13/04/2021;19:37:12;2012;ES;56057;ALFREDO CHAVES;12;11;1040;;4;FEMININO;1;SOLTEIRO;5054;50 a 54 anos                  ;3;ENSINO FUNDAMENTAL INCOMPLETO;-3;#NE;-3;#NE;-3;#NE;-3;#NE;Obrigatório;2;0;0;0
13/04/2021;19:37:12;2012;ES;56057;ALFREDO CHAVES;12;11;1040;;4;FEMININO;3;CASADO;2124;21 a 24 anos                  ;3;ENSINO FUNDAMENTAL INCOMPLETO;-3;#NE;-3;#NE;-3;#NE;-3;#NE;Obrigatório;1;0;0;0
13/04/2021;19:37:12;2012;ES;56057;ALFREDO CHAVES;12;11;1040;;4;FEMININO;3;CASADO;3034;30 a 34 anos                  ;3;ENSINO FUNDAMENTAL INCOMPLETO;-3;#NE;-3;#NE;-3;#NE;-3;#NE;Obrigatório;3;0;0;0
13/04/2021;19:37:12;2012;ES;56057;ALFREDO CHAVES;12;11;1040;;4;FEMININO;3;CASADO;4044;40 a 44 anos                  ;3;ENSINO FUNDAMENTAL INCOMPLETO;-3;#NE;-3;#NE;-3;#NE;-3;#NE;Obrigatório;5;0;0;0
13/04/2021;19:37:12;2012;ES;56057;ALFREDO CHAVES;12;12;1058;;2;MASCULINO;1;SOLTEIRO;2529;25 a 29 anos                  ;7;SUPERIOR INCOMPLETO;-3;#NE;-3;#NE;-3;#NE;-3;#NE;Obrigatório;1;0;0;0
13/04/2021;19:37:12;2012;ES;56057;ALFREDO CHAVES;12;26;1163;;4;FEMININO;3;CASADO;2124;21 a 24 anos                  ;4;ENSINO FUNDAMENTAL COMPLETO;-3;#NE;-3;#NE;-3;#NE;-3;#NE;Obrigatório;1;0;0;0
13/04/2021;19:37:12;2012;ES;56057;ALFREDO CHAVES;12;26;1163;;4;FEMININO;3;CASADO;2124;21 a 24 anos                  ;5;ENSINO MÉDIO INCOMPLETO;-3;#NE;-3;#NE;-3;#NE;-3;#NE;Obrigatório;1;0;0;0
13/04/2021;19:37:12;2012;ES;56057;ALFREDO CHAVES;12;26;1163;;4;FEMININO;3;CASADO;2529;25 a 29 anos                  ;3;ENSINO FUNDAMENTAL INCOMPLETO;-3;#NE;-3;#NE;-3;#NE;-3;#NE;Obrigatório;1;0;0;0
13/04/2021;19:37:12;2012;ES;56057;ALFREDO CHAVES;12;26;1163;;4;FEMININO;3;CASADO;3034;30 a 34 anos                  ;3;ENSINO FUNDAMENTAL INCOMPLETO;-3;#NE;-3;#NE;-3;#NE;-3;#NE;Obrigatório;3;0;0;0
13/04/2021;19:37:12;2012;ES;56057;ALFREDO CHAVES;12;26;1163;;4;FEMININO;3;CASADO;3034;30 a 34 anos                  ;4;ENSINO FUNDAMENTAL COMPLETO;-3;#NE;-3;#NE;-3;#NE;-3;#NE;Obrigatório;2;0;0;0
13/04/2021;19:37:12;2012;ES;56057;ALFREDO CHAVES;12;26;1163;;4;FEMININO;3;CASADO;3539;35 a 39 anos                  ;3;ENSINO FUNDAMENTAL INCOMPLETO;-3;#NE;-3;#NE;-3;#NE;-3;#NE;Obrigatório;3;0;0;0
13/04/2021;19:37:12;2012;ES;56057;ALFREDO CHAVES;12;26;1163;;4;FEMININO;3;CASADO;4044;40 a 44 anos                  ;3;ENSINO FUNDAMENTAL INCOMPLETO;-3;#NE;-3;#NE;-3;#NE;-3;#NE;Obrigatório;1;0;0;0
13/04/2021;19:37:12;2012;ES;56057;ALFREDO CHAVES;12;26;1163;;4;FEMININO;3;CASADO;4549;45 a 49 anos                  ;3;ENSINO FUNDAMENTAL INCOMPLETO;-3;#NE;-3;#NE;-3;#NE;-3;#NE;Obrigatório;5;0;0;0
13/04/2021;19:37:12;2012;ES;56057;ALFREDO CHAVES;12;26;1163;;4;FEMININO;3;CASADO;5054;50 a 54 anos                  ;2;LÊ E ESCREVE;-3;#NE;-3;#NE;-3;#NE;-3;#NE;Obrigatório;1;0;0;0
13/04/2021;19:37:12;2012;ES;56057;ALFREDO CHAVES;12;26;1163;;4;FEMININO;3;CASADO;5054;50 a 54 anos                  ;3;ENSINO FUNDAMENTAL INCOMPLETO;-3;#NE;-3;#NE;-3;#NE;-3;#NE;Obrigatório;2;0;0;0
13/04/2021;19:37:12;2012;ES;56057;ALFREDO CHAVES;12;26;1163;;4;FEMININO;3;CASADO;5054;50 a 54 anos                  ;4;ENSINO FUNDAMENTAL COMPLETO;-3;#NE;-3;#NE;-3;#NE;-3;#NE;Obrigatório;2;0;0;0
13/04/2021;19:37:12;2012;ES;56057;ALFREDO CHAVES;12;3;1015;;4;FEMININO;5;VIÚVO;8084;80 a 84 anos                  ;2;LÊ E ESCREVE;-3;#NE;-3;#NE;-3;#NE;-3;#NE;Facultativo;1;0;0;0
13/04/2021;19:37:12;2012;ES;56057;ALFREDO CHAVES;12;3;1015;;4;FEMININO;7;SEPARADO JUDICIALMENTE;3539;35 a 39 anos                  ;3;ENSINO FUNDAMENTAL INCOMPLETO;-3;#NE;-3;#NE;-3;#NE;-3;#NE;Obrigatório;1;0;0;0
13/04/2021;19:37:12;2012;ES;56057;ALFREDO CHAVES;12;3;1015;;4;FEMININO;7;SEPARADO JUDICIALMENTE;5054;50 a 54 anos                  ;6;ENSINO MÉDIO COMPLETO;-3;#NE;-3;#NE;-3;#NE;-3;#NE;Obrigatório;1;0;0;0
13/04/2021;19:37:12;2012;ES;56057;ALFREDO CHAVES;12;3;1015;;4;FEMININO;9;DIVORCIADO;4549;45 a 49 anos                  ;3;ENSINO FUNDAMENTAL INCOMPLETO;-3;#NE;-3;#NE;-3;#NE;-3;#NE;Obrigatório;1;0;0;0
13/04/2021;19:37:12;2012;ES;56057;ALFREDO CHAVES;12;3;1015;;4;FEMININO;9;DIVORCIADO;6064;60 a 64 anos                  ;3;ENSINO FUNDAMENTAL INCOMPLETO;-3;#NE;-3;#NE;-3;#NE;-3;#NE;Obrigatório;1;0;0;0
13/04/2021;19:37:12;2012;ES;56057;ALFREDO CHAVES;12;4;1015;;2;MASCULINO;1;SOLTEIRO;1800;18 anos                       ;3;ENSINO FUNDAMENTAL INCOMPLETO;-3;#NE;-3;#NE;-3;#NE;-3;#NE;Obrigatório;1;0;0;0
13/04/2021;19:37:12;2012;ES;56057;ALFREDO CHAVES;12;4;1015;;2;MASCULINO;1;SOLTEIRO;2000;20 anos                       ;5;ENSINO MÉDIO INCOMPLETO;-3;#NE;-3;#NE;-3;#NE;-3;#NE;Obrigatório;2;0;0;0
13/04/2021;19:37:12;2012;ES;56057;ALFREDO CHAVES;12;4;1015;;2;MASCULINO;1;SOLTEIRO;2000;20 anos                       ;7;SUPERIOR INCOMPLETO;-3;#NE;-3;#NE;-3;#NE;-3;#NE;Obrigatório;1;0;0;0
13/04/2021;19:37:12;2012;ES;56057;ALFREDO CHAVES;12;5;1015;;4;FEMININO;1;SOLTEIRO;3034;30 a 34 anos                  ;6;ENSINO MÉDIO COMPLETO;-3;#NE;-3;#NE;-3;#NE;-3;#NE;Obrigatório;2;0;0;0
13/04/2021;19:37:12;2012;ES;56057;ALFREDO CHAVES;12;5;1015;;4;FEMININO;1;SOLTEIRO;3034;30 a 34 anos                  ;7;SUPERIOR INCOMPLETO;-3;#NE;-3;#NE;-3;#NE;-3;#NE;Obrigatório;1;0;0;0
13/04/2021;19:37:12;2012;ES;56057;ALFREDO CHAVES;12;5;1015;;4;FEMININO;1;SOLTEIRO;4044;40 a 44 anos                  ;6;ENSINO MÉDIO COMPLETO;-3;#NE;-3;#NE;-3;#NE;-3;#NE;Obrigatório;1;0;0;0
13/04/2021;19:37:12;2012;ES;56057;ALFREDO CHAVES;12;5;1015;;4;FEMININO;1;SOLTEIRO;4549;45 a 49 anos                  ;3;ENSINO FUNDAMENTAL INCOMPLETO;-3;#NE;-3;#NE;-3;#NE;-3;#NE;Obrigatório;2;0;0;0
13/04/2021;19:37:12;2012;ES;56057;ALFREDO CHAVES;12;5;1015;;4;FEMININO;1;SOLTEIRO;4549;45 a 49 anos                  ;5;ENSINO MÉDIO INCOMPLETO;-3;#NE;-3;#NE;-3;#NE;-3;#NE;Obrigatório;4;0;0;0
13/04/2021;19:37:12;2012;ES;56057;ALFREDO CHAVES;12;5;1015;;4;FEMININO;1;SOLTEIRO;4549;45 a 49 anos                  ;6;ENSINO MÉDIO COMPLETO;-3;#NE;-3;#NE;-3;#NE;-3;#NE;Obrigatório;3;0;0;0
13/04/2021;19:37:12;2012;ES;56057;ALFREDO CHAVES;12;5;1015;;4;FEMININO;1;SOLTEIRO;4549;45 a 49 anos                  ;7;SUPERIOR INCOMPLETO;-3;#NE;-3;#NE;-3;#NE;-3;#NE;Obrigatório;1;0;0;0
13/04/2021;19:37:12;2012;ES;56057;ALFREDO CHAVES;12;5;1015;;4;FEMININO;1;SOLTEIRO;5054;50 a 54 anos                  ;1;ANALFABETO;-3;#NE;-3;#NE;-3;#NE;-3;#NE;Facultativo;1;0;0;0
13/04/2021;19:37:12;2012;ES;56057;ALFREDO CHAVES;12;5;1015;;4;FEMININO;1;SOLTEIRO;5054;50 a 54 anos                  ;3;ENSINO FUNDAMENTAL INCOMPLETO;-3;#NE;-3;#NE;-3;#NE;-3;#NE;Obrigatório;2;0;0;0
13/04/2021;19:37:12;2012;ES;56057;ALFREDO CHAVES;12;5;1015;;4;FEMININO;1;SOLTEIRO;5054;50 a 54 anos                  ;5;ENSINO MÉDIO INCOMPLETO;-3;#NE;-3;#NE;-3;#NE;-3;#NE;Obrigatório;1;0;0;0
13/04/2021;19:37:12;2012;ES;56057;ALFREDO CHAVES;12;5;1015;;4;FEMININO;1;SOLTEIRO;5054;50 a 54 anos                  ;6;ENSINO MÉDIO COMPLETO;-3;#NE;-3;#NE;-3;#NE;-3;#NE;Obrigatório;3;0;0;0
13/04/2021;19:37:12;2012;ES;56057;ALFREDO CHAVES;12;5;1015;;4;FEMININO;1;SOLTEIRO;5054;50 a 54 anos                  ;8;SUPERIOR COMPLETO;-3;#NE;-3;#NE;-3;#NE;-3;#NE;Obrigatório;1;0;0;0
13/04/2021;19:37:12;2012;ES;56057;ALFREDO CHAVES;12;5;1015;;4;FEMININO;1;SOLTEIRO;5559;55 a 59 anos                  ;1;ANALFABETO;-3;#NE;-3;#NE;-3;#NE;-3;#NE;Facultativo;1;0;0;0
13/04/2021;19:37:12;2012;ES;56057;ALFREDO CHAVES;12;5;1015;;4;FEMININO;1;SOLTEIRO;5559;55 a 59 anos                  ;6;ENSINO MÉDIO COMPLETO;-3;#NE;-3;#NE;-3;#NE;-3;#NE;Obrigatório;1;0;0;0
13/04/2021;19:37:12;2012;ES;56057;ALFREDO CHAVES;12;5;1015;;4;FEMININO;1;SOLTEIRO;5559;55 a 59 anos                  ;8;SUPERIOR COMPLETO;-3;#NE;-3;#NE;-3;#NE;-3;#NE;Obrigatório;1;0;0;0
13/04/2021;19:37:12;2012;ES;56057;ALFREDO CHAVES;12;5;1015;;4;FEMININO;1;SOLTEIRO;6064;60 a 64 anos                  ;2;LÊ E ESCREVE;-3;#NE;-3;#NE;-3;#NE;-3;#NE;Obrigatório;1;0;0;0
13/04/2021;19:37:12;2012;ES;56057;ALFREDO CHAVES;12;5;1015;;4;FEMININO;1;SOLTEIRO;7074;70 a 74 anos                  ;6;ENSINO MÉDIO COMPLETO;-3;#NE;-3;#NE;-3;#NE;-3;#NE;Facultativo;1;0;0;0
13/04/2021;19:37:12;2012;ES;56057;ALFREDO CHAVES;12;5;1015;;4;FEMININO;1;SOLTEIRO;8084;80 a 84 anos                  ;3;ENSINO FUNDAMENTAL INCOMPLETO;-3;#NE;-3;#NE;-3;#NE;-3;#NE;Facultativo;1;0;0;0
13/04/2021;19:37:12;2012;ES;56057;ALFREDO CHAVES;12;5;1015;;4;FEMININO;1;SOLTEIRO;9094;90 a 94 anos                  ;3;ENSINO FUNDAMENTAL INCOMPLETO;-3;#NE;-3;#NE;-3;#NE;-3;#NE;Facultativo;2;0;0;0
13/04/2021;19:37:12;2012;ES;56057;ALFREDO CHAVES;12;5;1015;;4;FEMININO;3;CASADO;2529;25 a 29 anos                  ;6;ENSINO MÉDIO COMPLETO;-3;#NE;-3;#NE;-3;#NE;-3;#NE;Obrigatório;1;0;0;0
13/04/2021;19:37:12;2012;ES;56057;ALFREDO CHAVES;12;7;1023;;2;MASCULINO;1;SOLTEIRO;4549;45 a 49 anos                  ;1;ANALFABETO;-3;#NE;-3;#NE;-3;#NE;-3;#NE;Facultativo;1;0;0;0
13/04/2021;19:37:12;2012;ES;56057;ALFREDO CHAVES;12;7;1023;;2;MASCULINO;1;SOLTEIRO;4549;45 a 49 anos                  ;2;LÊ E ESCREVE;-3;#NE;-3;#NE;-3;#NE;-3;#NE;Obrigatório;1;0;0;0
13/04/2021;19:37:12;2012;ES;56057;ALFREDO CHAVES;12;7;1023;;2;MASCULINO;1;SOLTEIRO;4549;45 a 49 anos                  ;3;ENSINO FUNDAMENTAL INCOMPLETO;-3;#NE;-3;#NE;-3;#NE;-3;#NE;Obrigatório;7;0;0;0
13/04/2021;19:37:12;2012;ES;56057;ALFREDO CHAVES;12;7;1023;;2;MASCULINO;1;SOLTEIRO;4549;45 a 49 anos                  ;4;ENSINO FUNDAMENTAL COMPLETO;-3;#NE;-3;#NE;-3;#NE;-3;#NE;Obrigatório;7;0;0;0
13/04/2021;19:37:12;2012;ES;56057;ALFREDO CHAVES;12;7;1023;;2;MASCULINO;1;SOLTEIRO;4549;45 a 49 anos                  ;5;ENSINO MÉDIO INCOMPLETO;-3;#NE;-3;#NE;-3;#NE;-3;#NE;Obrigatório;2;0;0;0
13/04/2021;19:37:12;2012;ES;56057;ALFREDO CHAVES;12;7;1023;;2;MASCULINO;1;SOLTEIRO;4549;45 a 49 anos                  ;6;ENSINO MÉDIO COMPLETO;-3;#NE;-3;#NE;-3;#NE;-3;#NE;Obrigatório;5;0;0;0
13/04/2021;19:37:12;2012;ES;56057;ALFREDO CHAVES;12;7;1023;;2;MASCULINO;1;SOLTEIRO;4549;45 a 49 anos                  ;7;SUPERIOR INCOMPLETO;-3;#NE;-3;#NE;-3;#NE;-3;#NE;Obrigatório;1;0;0;0
13/04/2021;19:37:12;2012;ES;56057;ALFREDO CHAVES;12;7;1023;;2;MASCULINO;1;SOLTEIRO;4549;45 a 49 anos                  ;8;SUPERIOR COMPLETO;-3;#NE;-3;#NE;-3;#NE;-3;#NE;Obrigatório;1;0;0;0
13/04/2021;19:37:12;2012;ES;56057;ALFREDO CHAVES;12;7;1023;;2;MASCULINO;1;SOLTEIRO;5054;50 a 54 anos                  ;3;ENSINO FUNDAMENTAL INCOMPLETO;-3;#NE;-3;#NE;-3;#NE;-3;#NE;Obrigatório;3;0;0;0
13/04/2021;19:37:12;2012;ES;56057;ALFREDO CHAVES;12;7;1023;;2;MASCULINO;1;SOLTEIRO;5054;50 a 54 anos                  ;8;SUPERIOR COMPLETO;-3;#NE;-3;#NE;-3;#NE;-3;#NE;Obrigatório;2;0;0;0
13/04/2021;19:37:12;2012;ES;56057;ALFREDO CHAVES;12;7;1023;;2;MASCULINO;1;SOLTEIRO;5559;55 a 59 anos                  ;1;ANALFABETO;-3;#NE;-3;#NE;-3;#NE;-3;#NE;Facultativo;1;0;0;0
13/04/2021;19:37:12;2012;ES;56057;ALFREDO CHAVES;12;7;1023;;2;MASCULINO;1;SOLTEIRO;5559;55 a 59 anos                  ;2;LÊ E ESCREVE;-3;#NE;-3;#NE;-3;#NE;-3;#NE;Obrigatório;1;0;0;0
13/04/2021;19:37:12;2012;ES;56057;ALFREDO CHAVES;12;7;1023;;2;MASCULINO;1;SOLTEIRO;5559;55 a 59 anos                  ;3;ENSINO FUNDAMENTAL INCOMPLETO;-3;#NE;-3;#NE;-3;#NE;-3;#NE;Obrigatório;1;0;0;0
13/04/2021;19:37:12;2012;ES;56057;ALFREDO CHAVES;12;7;1023;;2;MASCULINO;1;SOLTEIRO;5559;55 a 59 anos                  ;8;SUPERIOR COMPLETO;-3;#NE;-3;#NE;-3;#NE;-3;#NE;Obrigatório;1;0;0;0
13/04/2021;19:37:12;2012;ES;56057;ALFREDO CHAVES;12;7;1023;;2;MASCULINO;1;SOLTEIRO;6569;65 a 69 anos                  ;3;ENSINO FUNDAMENTAL INCOMPLETO;-3;#NE;-3;#NE;-3;#NE;-3;#NE;Obrigatório;2;0;0;0
13/04/2021;19:37:12;2012;ES;56057;ALFREDO CHAVES;12;7;1023;;2;MASCULINO;1;SOLTEIRO;7074;70 a 74 anos                  ;3;ENSINO FUNDAMENTAL INCOMPLETO;-3;#NE;-3;#NE;-3;#NE;-3;#NE;Facultativo;1;0;0;0
13/04/2021;19:37:12;2012;ES;56057;ALFREDO CHAVES;12;7;1023;;2;MASCULINO;1;SOLTEIRO;8084;80 a 84 anos                  ;2;LÊ E ESCREVE;-3;#NE;-3;#NE;-3;#NE;-3;#NE;Facultativo;1;0;0;0
13/04/2021;19:37:12;2012;ES;56057;ALFREDO CHAVES;12;7;1023;;2;MASCULINO;3;CASADO;3034;30 a 34 anos                  ;3;ENSINO FUNDAMENTAL INCOMPLETO;-3;#NE;-3;#NE;-3;#NE;-3;#NE;Obrigatório;2;0;0;0
13/04/2021;19:37:12;2012;ES;56057;ALFREDO CHAVES;12;7;1023;;2;MASCULINO;3;CASADO;3034;30 a 34 anos                  ;6;ENSINO MÉDIO COMPLETO;-3;#NE;-3;#NE;-3;#NE;-3;#NE;Obrigatório;1;0;0;0
13/04/2021;19:37:12;2012;ES;56057;ALFREDO CHAVES;12;7;1023;;2;MASCULINO;3;CASADO;3539;35 a 39 anos                  ;3;ENSINO FUNDAMENTAL INCOMPLETO;-3;#NE;-3;#NE;-3;#NE;-3;#NE;Obrigatório;1;0;0;0
13/04/2021;19:37:12;2012;ES;56057;ALFREDO CHAVES;12;7;1023;;2;MASCULINO;3;CASADO;4044;40 a 44 anos                  ;3;ENSINO FUNDAMENTAL INCOMPLETO;-3;#NE;-3;#NE;-3;#NE;-3;#NE;Obrigatório;3;0;0;0
13/04/2021;19:37:12;2012;ES;56057;ALFREDO CHAVES;12;7;1023;;2;MASCULINO;3;CASADO;4044;40 a 44 anos                  ;5;ENSINO MÉDIO INCOMPLETO;-3;#NE;-3;#NE;-3;#NE;-3;#NE;Obrigatório;1;0;0;0
13/04/2021;19:37:12;2012;ES;56057;ALFREDO CHAVES;12;7;1023;;2;MASCULINO;3;CASADO;4044;40 a 44 anos                  ;6;ENSINO MÉDIO COMPLETO;-3;#NE;-3;#NE;-3;#NE;-3;#NE;Obrigatório;1;0;0;0
13/04/2021;19:37:12;2012;ES;56057;ALFREDO CHAVES;12;7;1023;;2;MASCULINO;3;CASADO;4549;45 a 49 anos                  ;4;ENSINO FUNDAMENTAL COMPLETO;-3;#NE;-3;#NE;-3;#NE;-3;#NE;Obrigatório;2;0;0;0
13/04/2021;19:37:12;2012;ES;56057;ALFREDO CHAVES;12;7;1023;;2;MASCULINO;3;CASADO;5054;50 a 54 anos                  ;2;LÊ E ESCREVE;-3;#NE;-3;#NE;-3;#NE;-3;#NE;Obrigatório;3;0;0;0
13/04/2021;19:37:12;2012;ES;56057;ALFREDO CHAVES;12;7;1023;;2;MASCULINO;3;CASADO;5054;50 a 54 anos                  ;3;ENSINO FUNDAMENTAL INCOMPLETO;-3;#NE;-3;#NE;-3;#NE;-3;#NE;Obrigatório;3;0;0;0
13/04/2021;19:37:12;2012;ES;56057;ALFREDO CHAVES;12;7;1023;;2;MASCULINO;3;CASADO;5559;55 a 59 anos                  ;2;LÊ E ESCREVE;-3;#NE;-3;#NE;-3;#NE;-3;#NE;Obrigatório;2;0;0;0
13/04/2021;19:37:12;2012;ES;56057;ALFREDO CHAVES;12;7;1023;;2;MASCULINO;3;CASADO;5559;55 a 59 anos                  ;3;ENSINO FUNDAMENTAL INCOMPLETO;-3;#NE;-3;#NE;-3;#NE;-3;#NE;Obrigatório;3;0;0;0
13/04/2021;19:37:12;2012;ES;56057;ALFREDO CHAVES;12;7;1023;;2;MASCULINO;3;CASADO;5559;55 a 59 anos                  ;4;ENSINO FUNDAMENTAL COMPLETO;-3;#NE;-3;#NE;-3;#NE;-3;#NE;Obrigatório;2;0;0;0
13/04/2021;19:37:12;2012;ES;56057;ALFREDO CHAVES;12;7;1023;;2;MASCULINO;3;CASADO;5559;55 a 59 anos                  ;5;ENSINO MÉDIO INCOMPLETO;-3;#NE;-3;#NE;-3;#NE;-3;#NE;Obrigatório;1;0;0;0
13/04/2021;19:37:12;2012;ES;56057;ALFREDO CHAVES;12;7;1023;;2;MASCULINO;3;CASADO;5559;55 a 59 anos                  ;7;SUPERIOR INCOMPLETO;-3;#NE;-3;#NE;-3;#NE;-3;#NE;Obrigatório;1;0;0;0
13/04/2021;19:37:12;2012;ES;56057;ALFREDO CHAVES;12;7;1023;;2;MASCULINO;3;CASADO;5559;55 a 59 anos                  ;8;SUPERIOR COMPLETO;-3;#NE;-3;#NE;-3;#NE;-3;#NE;Obrigatório;1;0;0;0
13/04/2021;19:37:12;2012;ES;56057;ALFREDO CHAVES;12;7;1023;;2;MASCULINO;3;CASADO;6064;60 a 64 anos                  ;1;ANALFABETO;-3;#NE;-3;#NE;-3;#NE;-3;#NE;Facultativo;1;0;0;0
13/04/2021;19:37:12;2012;ES;56057;ALFREDO CHAVES;12;8;1023;;4;FEMININO;1;SOLTEIRO;5559;55 a 59 anos                  ;2;LÊ E ESCREVE;-3;#NE;-3;#NE;-3;#NE;-3;#NE;Obrigatório;1;0;0;0
13/04/2021;19:37:12;2012;ES;56057;ALFREDO CHAVES;12;8;1023;;4;FEMININO;1;SOLTEIRO;5559;55 a 59 anos                  ;6;ENSINO MÉDIO COMPLETO;-3;#NE;-3;#NE;-3;#NE;-3;#NE;Obrigatório;3;0;0;0
13/04/2021;19:37:12;2012;ES;56057;ALFREDO CHAVES;12;8;1023;;4;FEMININO;1;SOLTEIRO;5559;55 a 59 anos                  ;7;SUPERIOR INCOMPLETO;-3;#NE;-3;#NE;-3;#NE;-3;#NE;Obrigatório;1;0;0;0
13/04/2021;19:37:12;2012;ES;56057;ALFREDO CHAVES;12;8;1023;;4;FEMININO;1;SOLTEIRO;6064;60 a 64 anos                  ;7;SUPERIOR INCOMPLETO;-3;#NE;-3;#NE;-3;#NE;-3;#NE;Obrigatório;1;0;0;0
13/04/2021;19:37:12;2012;ES;56057;ALFREDO CHAVES;12;8;1023;;4;FEMININO;1;SOLTEIRO;6569;65 a 69 anos                  ;3;ENSINO FUNDAMENTAL INCOMPLETO;-3;#NE;-3;#NE;-3;#NE;-3;#NE;Obrigatório;1;0;0;0
13/04/2021;19:37:12;2012;ES;56057;ALFREDO CHAVES;12;8;1023;;4;FEMININO;1;SOLTEIRO;8589;85 a 89 anos                  ;2;LÊ E ESCREVE;-3;#NE;-3;#NE;-3;#NE;-3;#NE;Facultativo;1;0;0;0
13/04/2021;19:37:12;2012;ES;56057;ALFREDO CHAVES;12;8;1023;;4;FEMININO;3;CASADO;2529;25 a 29 anos                  ;3;ENSINO FUNDAMENTAL INCOMPLETO;-3;#NE;-3;#NE;-3;#NE;-3;#NE;Obrigatório;1;0;0;0
13/04/2021;19:37:12;2012;ES;56057;ALFREDO CHAVES;12;8;1023;;4;FEMININO;3;CASADO;2529;25 a 29 anos                  ;6;ENSINO MÉDIO COMPLETO;-3;#NE;-3;#NE;-3;#NE;-3;#NE;Obrigatório;4;0;0;0
13/04/2021;19:37:12;2012;ES;56057;ALFREDO CHAVES;12;8;1023;;4;FEMININO;3;CASADO;3034;30 a 34 anos                  ;2;LÊ E ESCREVE;-3;#NE;-3;#NE;-3;#NE;-3;#NE;Obrigatório;1;0;0;0
13/04/2021;19:37:12;2012;ES;56057;ALFREDO CHAVES;12;8;1023;;4;FEMININO;3;CASADO;3034;30 a 34 anos                  ;3;ENSINO FUNDAMENTAL INCOMPLETO;-3;#NE;-3;#NE;-3;#NE;-3;#NE;Obrigatório;3;0;0;0
13/04/2021;19:37:12;2012;ES;56057;ALFREDO CHAVES;12;8;1023;;4;FEMININO;3;CASADO;3034;30 a 34 anos                  ;6;ENSINO MÉDIO COMPLETO;-3;#NE;-3;#NE;-3;#NE;-3;#NE;Obrigatório;1;0;0;0
13/04/2021;19:37:12;2012;ES;56057;ALFREDO CHAVES;12;8;1023;;4;FEMININO;3;CASADO;3539;35 a 39 anos                  ;8;SUPERIOR COMPLETO;-3;#NE;-3;#NE;-3;#NE;-3;#NE;Obrigatório;1;0;0;0
13/04/2021;19:37:12;2012;ES;56057;ALFREDO CHAVES;12;8;1023;;4;FEMININO;3;CASADO;4044;40 a 44 anos                  ;3;ENSINO FUNDAMENTAL INCOMPLETO;-3;#NE;-3;#NE;-3;#NE;-3;#NE;Obrigatório;4;0;0;0
13/04/2021;19:37:12;2012;ES;56057;ALFREDO CHAVES;12;8;1023;;4;FEMININO;3;CASADO;4044;40 a 44 anos                  ;6;ENSINO MÉDIO COMPLETO;-3;#NE;-3;#NE;-3;#NE;-3;#NE;Obrigatório;2;0;0;0
13/04/2021;19:37:12;2012;ES;56057;ALFREDO CHAVES;12;8;1023;;4;FEMININO;3;CASADO;4044;40 a 44 anos                  ;7;SUPERIOR INCOMPLETO;-3;#NE;-3;#NE;-3;#NE;-3;#NE;Obrigatório;1;0;0;0
13/04/2021;19:37:12;2012;ES;56057;ALFREDO CHAVES;12;8;1023;;4;FEMININO;3;CASADO;4549;45 a 49 anos                  ;3;ENSINO FUNDAMENTAL INCOMPLETO;-3;#NE;-3;#NE;-3;#NE;-3;#NE;Obrigatório;4;0;0;0
13/04/2021;19:37:12;2012;ES;56057;ALFREDO CHAVES;12;8;1023;;4;FEMININO;3;CASADO;4549;45 a 49 anos                  ;5;ENSINO MÉDIO INCOMPLETO;-3;#NE;-3;#NE;-3;#NE;-3;#NE;Obrigatório;1;0;0;0
13/04/2021;19:37:12;2012;ES;56057;ALFREDO CHAVES;12;8;1023;;4;FEMININO;3;CASADO;4549;45 a 49 anos                  ;6;ENSINO MÉDIO COMPLETO;-3;#NE;-3;#NE;-3;#NE;-3;#NE;Obrigatório;3;0;0;0
13/04/2021;19:37:12;2012;ES;56057;ALFREDO CHAVES;12;8;1023;;4;FEMININO;3;CASADO;5054;50 a 54 anos                  ;3;ENSINO FUNDAMENTAL INCOMPLETO;-3;#NE;-3;#NE;-3;#NE;-3;#NE;Obrigatório;4;0;0;0
13/04/2021;19:37:12;2012;ES;56057;ALFREDO CHAVES;12;8;1023;;4;FEMININO;3;CASADO;5054;50 a 54 anos                  ;4;ENSINO FUNDAMENTAL COMPLETO;-3;#NE;-3;#NE;-3;#NE;-3;#NE;Obrigatório;3;0;0;0
13/04/2021;19:37:12;2012;ES;56057;ALFREDO CHAVES;12;8;1023;;4;FEMININO;3;CASADO;5054;50 a 54 anos                  ;5;ENSINO MÉDIO INCOMPLETO;-3;#NE;-3;#NE;-3;#NE;-3;#NE;Obrigatório;1;0;0;0
13/04/2021;19:37:12;2012;ES;56057;ALFREDO CHAVES;12;8;1023;;4;FEMININO;3;CASADO;5054;50 a 54 anos                  ;8;SUPERIOR COMPLETO;-3;#NE;-3;#NE;-3;#NE;-3;#NE;Obrigatório;1;0;0;0
13/04/2021;19:37:12;2012;ES;56057;ALFREDO CHAVES;12;8;1023;;4;FEMININO;3;CASADO;5559;55 a 59 anos                  ;2;LÊ E ESCREVE;-3;#NE;-3;#NE;-3;#NE;-3;#NE;Obrigatório;1;0;0;0
13/04/2021;19:37:12;2012;ES;56057;ALFREDO CHAVES;12;8;1023;;4;FEMININO;3;CASADO;5559;55 a 59 anos                  ;3;ENSINO FUNDAMENTAL INCOMPLETO;-3;#NE;-3;#NE;-3;#NE;-3;#NE;Obrigatório;5;0;0;0
13/04/2021;19:37:12;2012;ES;56057;ALFREDO CHAVES;12;8;1023;;4;FEMININO;3;CASADO;5559;55 a 59 anos                  ;6;ENSINO MÉDIO COMPLETO;-3;#NE;-3;#NE;-3;#NE;-3;#NE;Obrigatório;6;0;0;0
13/04/2021;19:37:12;2012;ES;56057;ALFREDO CHAVES;12;8;1023;;4;FEMININO;3;CASADO;5559;55 a 59 anos                  ;8;SUPERIOR COMPLETO;-3;#NE;-3;#NE;-3;#NE;-3;#NE;Obrigatório;1;0;0;0
13/04/2021;19:37:12;2012;ES;56057;ALFREDO CHAVES;12;8;1023;;4;FEMININO;3;CASADO;6064;60 a 64 anos                  ;2;LÊ E ESCREVE;-3;#NE;-3;#NE;-3;#NE;-3;#NE;Obrigatório;1;0;0;0
13/04/2021;19:37:12;2012;ES;56057;ALFREDO CHAVES;12;8;1023;;4;FEMININO;3;CASADO;6064;60 a 64 anos                  ;6;ENSINO MÉDIO COMPLETO;-3;#NE;-3;#NE;-3;#NE;-3;#NE;Obrigatório;4;0;0;0
13/04/2021;19:37:12;2012;ES;56057;ALFREDO CHAVES;12;8;1023;;4;FEMININO;3;CASADO;6569;65 a 69 anos                  ;2;LÊ E ESCREVE;-3;#NE;-3;#NE;-3;#NE;-3;#NE;Obrigatório;1;0;0;0
13/04/2021;19:37:12;2012;ES;56057;ALFREDO CHAVES;12;8;1023;;4;FEMININO;3;CASADO;6569;65 a 69 anos                  ;3;ENSINO FUNDAMENTAL INCOMPLETO;-3;#NE;-3;#NE;-3;#NE;-3;#NE;Obrigatório;1;0;0;0
13/04/2021;19:37:12;2012;ES;56057;ALFREDO CHAVES;12;8;1023;;4;FEMININO;3;CASADO;6569;65 a 69 anos                  ;6;ENSINO MÉDIO COMPLETO;-3;#NE;-3;#NE;-3;#NE;-3;#NE;Obrigatório;2;0;0;0
13/04/2021;19:37:12;2012;ES;56057;ALFREDO CHAVES;12;8;1023;;4;FEMININO;3;CASADO;7074;70 a 74 anos                  ;2;LÊ E ESCREVE;-3;#NE;-3;#NE;-3;#NE;-3;#NE;Facultativo;1;0;0;0
13/04/2021;19:37:12;2012;ES;56057;ALFREDO CHAVES;12;8;1023;;4;FEMININO;3;CASADO;7074;70 a 74 anos                  ;3;ENSINO FUNDAMENTAL INCOMPLETO;-3;#NE;-3;#NE;-3;#NE;-3;#NE;Facultativo;1;0;0;0
13/04/2021;19:37:12;2012;ES;56057;ALFREDO CHAVES;12;8;1023;;4;FEMININO;3;CASADO;7579;75 a 79 anos                  ;3;ENSINO FUNDAMENTAL INCOMPLETO;-3;#NE;-3;#NE;-3;#NE;-3;#NE;Facultativo;1;0;0;0
13/04/2021;19:37:12;2012;ES;56057;ALFREDO CHAVES;12;8;1023;;4;FEMININO;3;CASADO;8084;80 a 84 anos                  ;2;LÊ E ESCREVE;-3;#NE;-3;#NE;-3;#NE;-3;#NE;Facultativo;1;0;0;0
13/04/2021;19:37:12;2012;ES;56057;ALFREDO CHAVES;12;8;1023;;4;FEMININO;3;CASADO;8084;80 a 84 anos                  ;3;ENSINO FUNDAMENTAL INCOMPLETO;-3;#NE;-3;#NE;-3;#NE;-3;#NE;Facultativo;2;0;0;0
13/04/2021;19:37:12;2012;ES;56057;ALFREDO CHAVES;12;8;1023;;4;FEMININO;3;CASADO;8589;85 a 89 anos                  ;2;LÊ E ESCREVE;-3;#NE;-3;#NE;-3;#NE;-3;#NE;Facultativo;2;0;0;0
13/04/2021;19:37:12;2012;ES;56057;ALFREDO CHAVES;12;8;1023;;4;FEMININO;3;CASADO;8589;85 a 89 anos                  ;3;ENSINO FUNDAMENTAL INCOMPLETO;-3;#NE;-3;#NE;-3;#NE;-3;#NE;Facultativo;1;0;0;0
13/04/2021;19:37:12;2012;ES;56057;ALFREDO CHAVES;12;8;1023;;4;FEMININO;3;CASADO;9094;90 a 94 anos                  ;4;ENSINO FUNDAMENTAL COMPLETO;-3;#NE;-3;#NE;-3;#NE;-3;#NE;Facultativo;1;0;0;0
13/04/2021;19:37:12;2012;ES;56057;ALFREDO CHAVES;12;8;1023;;4;FEMININO;5;VIÚVO;6064;60 a 64 anos                  ;4;ENSINO FUNDAMENTAL COMPLETO;-3;#NE;-3;#NE;-3;#NE;-3;#NE;Obrigatório;1;0;0;0
13/04/2021;19:37:12;2012;ES;56057;ALFREDO CHAVES;12;8;1023;;4;FEMININO;7;SEPARADO JUDICIALMENTE;4549;45 a 49 anos                  ;3;ENSINO FUNDAMENTAL INCOMPLETO;-3;#NE;-3;#NE;-3;#NE;-3;#NE;Obrigatório;1;0;0;0
13/04/2021;19:37:12;2012;ES;56057;ALFREDO CHAVES;12;8;1023;;4;FEMININO;7;SEPARADO JUDICIALMENTE;5559;55 a 59 anos                  ;6;ENSINO MÉDIO COMPLETO;-3;#NE;-3;#NE;-3;#NE;-3;#NE;Obrigatório;1;0;0;0
13/04/2021;19:37:12;2012;ES;56057;ALFREDO CHAVES;12;8;1023;;4;FEMININO;9;DIVORCIADO;4549;45 a 49 anos                  ;3;ENSINO FUNDAMENTAL INCOMPLETO;-3;#NE;-3;#NE;-3;#NE;-3;#NE;Obrigatório;2;0;0;0
13/04/2021;19:37:12;2012;ES;56057;ALFREDO CHAVES;12;8;1023;;4;FEMININO;9;DIVORCIADO;4549;45 a 49 anos                  ;4;ENSINO FUNDAMENTAL COMPLETO;-3;#NE;-3;#NE;-3;#NE;-3;#NE;Obrigatório;1;0;0;0
13/04/2021;19:37:12;2012;ES;56057;ALFREDO CHAVES;12;8;1023;;4;FEMININO;9;DIVORCIADO;4549;45 a 49 anos                  ;6;ENSINO MÉDIO COMPLETO;-3;#NE;-3;#NE;-3;#NE;-3;#NE;Obrigatório;1;0;0;0
13/04/2021;19:37:12;2012;ES;56057;ALFREDO CHAVES;12;8;1023;;4;FEMININO;9;DIVORCIADO;5559;55 a 59 anos                  ;3;ENSINO FUNDAMENTAL INCOMPLETO;-3;#NE;-3;#NE;-3;#NE;-3;#NE;Obrigatório;1;0;0;0
13/04/2021;19:37:12;2012;ES;56057;ALFREDO CHAVES;12;11;1040;;2;MASCULINO;1;SOLTEIRO;2529;25 a 29 anos                  ;6;ENSINO MÉDIO COMPLETO;-3;#NE;-3;#NE;-3;#NE;-3;#NE;Obrigatório;2;0;0;0
13/04/2021;19:37:12;2012;ES;56057;ALFREDO CHAVES;12;11;1040;;2;MASCULINO;1;SOLTEIRO;3034;30 a 34 anos                  ;3;ENSINO FUNDAMENTAL INCOMPLETO;-3;#NE;-3;#NE;-3;#NE;-3;#NE;Obrigatório;16;0;0;0
13/04/2021;19:37:12;2012;ES;56057;ALFREDO CHAVES;12;11;1040;;2;MASCULINO;1;SOLTEIRO;3034;30 a 34 anos                  ;4;ENSINO FUNDAMENTAL COMPLETO;-3;#NE;-3;#NE;-3;#NE;-3;#NE;Obrigatório;11;0;0;0
13/04/2021;19:37:12;2012;ES;56057;ALFREDO CHAVES;12;11;1040;;2;MASCULINO;1;SOLTEIRO;3034;30 a 34 anos                  ;5;ENSINO MÉDIO INCOMPLETO;-3;#NE;-3;#NE;-3;#NE;-3;#NE;Obrigatório;5;0;0;0
13/04/2021;19:37:12;2012;ES;56057;ALFREDO CHAVES;12;11;1040;;2;MASCULINO;1;SOLTEIRO;3539;35 a 39 anos                  ;3;ENSINO FUNDAMENTAL INCOMPLETO;-3;#NE;-3;#NE;-3;#NE;-3;#NE;Obrigatório;4;0;0;0
13/04/2021;19:37:12;2012;ES;56057;ALFREDO CHAVES;12;11;1040;;2;MASCULINO;1;SOLTEIRO;3539;35 a 39 anos                  ;4;ENSINO FUNDAMENTAL COMPLETO;-3;#NE;-3;#NE;-3;#NE;-3;#NE;Obrigatório;1;0;0;0
13/04/2021;19:37:12;2012;ES;56057;ALFREDO CHAVES;12;11;1040;;2;MASCULINO;1;SOLTEIRO;3539;35 a 39 anos                  ;5;ENSINO MÉDIO INCOMPLETO;-3;#NE;-3;#NE;-3;#NE;-3;#NE;Obrigatório;3;0;0;0
13/04/2021;19:37:12;2012;ES;56057;ALFREDO CHAVES;12;11;1040;;2;MASCULINO;1;SOLTEIRO;4549;45 a 49 anos                  ;3;ENSINO FUNDAMENTAL INCOMPLETO;-3;#NE;-3;#NE;-3;#NE;-3;#NE;Obrigatório;10;0;0;0
13/04/2021;19:37:12;2012;ES;56057;ALFREDO CHAVES;12;11;1040;;2;MASCULINO;1;SOLTEIRO;4549;45 a 49 anos                  ;4;ENSINO FUNDAMENTAL COMPLETO;-3;#NE;-3;#NE;-3;#NE;-3;#NE;Obrigatório;2;0;0;0
13/04/2021;19:37:12;2012;ES;56057;ALFREDO CHAVES;12;11;1040;;2;MASCULINO;1;SOLTEIRO;5054;50 a 54 anos                  ;3;ENSINO FUNDAMENTAL INCOMPLETO;-3;#NE;-3;#NE;-3;#NE;-3;#NE;Obrigatório;7;0;0;0
13/04/2021;19:37:12;2012;ES;56057;ALFREDO CHAVES;12;11;1040;;2;MASCULINO;1;SOLTEIRO;5559;55 a 59 anos                  ;3;ENSINO FUNDAMENTAL INCOMPLETO;-3;#NE;-3;#NE;-3;#NE;-3;#NE;Obrigatório;2;0;0;0
13/04/2021;19:37:12;2012;ES;56057;ALFREDO CHAVES;12;11;1040;;2;MASCULINO;1;SOLTEIRO;6569;65 a 69 anos                  ;3;ENSINO FUNDAMENTAL INCOMPLETO;-3;#NE;-3;#NE;-3;#NE;-3;#NE;Obrigatório;3;0;0;0
13/04/2021;19:37:12;2012;ES;56057;ALFREDO CHAVES;12;11;1040;;2;MASCULINO;1;SOLTEIRO;7579;75 a 79 anos                  ;1;ANALFABETO;-3;#NE;-3;#NE;-3;#NE;-3;#NE;Facultativo;1;0;0;0
13/04/2021;19:37:12;2012;ES;56057;ALFREDO CHAVES;12;11;1040;;2;MASCULINO;1;SOLTEIRO;8084;80 a 84 anos                  ;3;ENSINO FUNDAMENTAL INCOMPLETO;-3;#NE;-3;#NE;-3;#NE;-3;#NE;Facultativo;1;0;0;0
13/04/2021;19:37:12;2012;ES;56057;ALFREDO CHAVES;12;11;1040;;2;MASCULINO;3;CASADO;2529;25 a 29 anos                  ;3;ENSINO FUNDAMENTAL INCOMPLETO;-3;#NE;-3;#NE;-3;#NE;-3;#NE;Obrigatório;1;0;0;0
13/04/2021;19:37:12;2012;ES;56057;ALFREDO CHAVES;12;11;1040;;2;MASCULINO;3;CASADO;3034;30 a 34 anos                  ;2;LÊ E ESCREVE;-3;#NE;-3;#NE;-3;#NE;-3;#NE;Obrigatório;1;0;0;0
13/04/2021;19:37:12;2012;ES;56057;ALFREDO CHAVES;12;11;1040;;2;MASCULINO;3;CASADO;3034;30 a 34 anos                  ;3;ENSINO FUNDAMENTAL INCOMPLETO;-3;#NE;-3;#NE;-3;#NE;-3;#NE;Obrigatório;1;0;0;0
13/04/2021;19:37:12;2012;ES;56057;ALFREDO CHAVES;12;11;1040;;2;MASCULINO;3;CASADO;3539;35 a 39 anos                  ;3;ENSINO FUNDAMENTAL INCOMPLETO;-3;#NE;-3;#NE;-3;#NE;-3;#NE;Obrigatório;2;0;0;0
13/04/2021;19:37:12;2012;ES;56057;ALFREDO CHAVES;12;11;1040;;2;MASCULINO;3;CASADO;3539;35 a 39 anos                  ;4;ENSINO FUNDAMENTAL COMPLETO;-3;#NE;-3;#NE;-3;#NE;-3;#NE;Obrigatório;1;0;0;0
13/04/2021;19:37:12;2012;ES;56057;ALFREDO CHAVES;12;11;1040;;2;MASCULINO;3;CASADO;3539;35 a 39 anos                  ;5;ENSINO MÉDIO INCOMPLETO;-3;#NE;-3;#NE;-3;#NE;-3;#NE;Obrigatório;1;0;0;0
13/04/2021;19:37:12;2012;ES;56057;ALFREDO CHAVES;12;11;1040;;2;MASCULINO;3;CASADO;4044;40 a 44 anos                  ;3;ENSINO FUNDAMENTAL INCOMPLETO;-3;#NE;-3;#NE;-3;#NE;-3;#NE;Obrigatório;2;0;0;0
13/04/2021;19:37:12;2012;ES;56057;ALFREDO CHAVES;12;11;1040;;2;MASCULINO;3;CASADO;4044;40 a 44 anos                  ;4;ENSINO FUNDAMENTAL COMPLETO;-3;#NE;-3;#NE;-3;#NE;-3;#NE;Obrigatório;1;0;0;0
13/04/2021;19:37:12;2012;ES;56057;ALFREDO CHAVES;12;11;1040;;2;MASCULINO;3;CASADO;4549;45 a 49 anos                  ;3;ENSINO FUNDAMENTAL INCOMPLETO;-3;#NE;-3;#NE;-3;#NE;-3;#NE;Obrigatório;1;0;0;0
13/04/2021;19:37:12;2012;ES;56057;ALFREDO CHAVES;12;11;1040;;2;MASCULINO;3;CASADO;4549;45 a 49 anos                  ;4;ENSINO FUNDAMENTAL COMPLETO;-3;#NE;-3;#NE;-3;#NE;-3;#NE;Obrigatório;1;0;0;0
13/04/2021;19:37:12;2012;ES;56057;ALFREDO CHAVES;12;11;1040;;2;MASCULINO;3;CASADO;5054;50 a 54 anos                  ;1;ANALFABETO;-3;#NE;-3;#NE;-3;#NE;-3;#NE;Facultativo;1;0;0;0
13/04/2021;19:37:12;2012;ES;56057;ALFREDO CHAVES;12;11;1040;;2;MASCULINO;3;CASADO;5054;50 a 54 anos                  ;3;ENSINO FUNDAMENTAL INCOMPLETO;-3;#NE;-3;#NE;-3;#NE;-3;#NE;Obrigatório;4;0;0;0
13/04/2021;19:37:12;2012;ES;56057;ALFREDO CHAVES;12;11;1040;;2;MASCULINO;3;CASADO;5559;55 a 59 anos                  ;2;LÊ E ESCREVE;-3;#NE;-3;#NE;-3;#NE;-3;#NE;Obrigatório;1;0;0;0
13/04/2021;19:37:12;2012;ES;56057;ALFREDO CHAVES;12;11;1040;;2;MASCULINO;3;CASADO;5559;55 a 59 anos                  ;3;ENSINO FUNDAMENTAL INCOMPLETO;-3;#NE;-3;#NE;-3;#NE;-3;#NE;Obrigatório;5;0;0;0
13/04/2021;19:37:12;2012;ES;56057;ALFREDO CHAVES;12;11;1040;;2;MASCULINO;3;CASADO;6064;60 a 64 anos                  ;1;ANALFABETO;-3;#NE;-3;#NE;-3;#NE;-3;#NE;Facultativo;1;0;0;0
13/04/2021;19:37:12;2012;ES;56057;ALFREDO CHAVES;12;11;1040;;2;MASCULINO;3;CASADO;6064;60 a 64 anos                  ;2;LÊ E ESCREVE;-3;#NE;-3;#NE;-3;#NE;-3;#NE;Obrigatório;1;0;0;0
13/04/2021;19:37:12;2012;ES;56057;ALFREDO CHAVES;12;11;1040;;2;MASCULINO;3;CASADO;6064;60 a 64 anos                  ;3;ENSINO FUNDAMENTAL INCOMPLETO;-3;#NE;-3;#NE;-3;#NE;-3;#NE;Obrigatório;4;0;0;0
13/04/2021;19:37:12;2012;ES;56057;ALFREDO CHAVES;12;11;1040;;2;MASCULINO;3;CASADO;6569;65 a 69 anos                  ;2;LÊ E ESCREVE;-3;#NE;-3;#NE;-3;#NE;-3;#NE;Obrigatório;3;0;0;0
13/04/2021;19:37:12;2012;ES;56057;ALFREDO CHAVES;12;11;1040;;2;MASCULINO;3;CASADO;6569;65 a 69 anos                  ;3;ENSINO FUNDAMENTAL INCOMPLETO;-3;#NE;-3;#NE;-3;#NE;-3;#NE;Obrigatório;5;0;0;0
13/04/2021;19:37:12;2012;ES;56057;ALFREDO CHAVES;12;11;1040;;2;MASCULINO;3;CASADO;6569;65 a 69 anos                  ;8;SUPERIOR COMPLETO;-3;#NE;-3;#NE;-3;#NE;-3;#NE;Obrigatório;1;0;0;0
13/04/2021;19:37:12;2012;ES;56057;ALFREDO CHAVES;12;11;1040;;2;MASCULINO;3;CASADO;7074;70 a 74 anos                  ;1;ANALFABETO;-3;#NE;-3;#NE;-3;#NE;-3;#NE;Facultativo;2;0;0;0
13/04/2021;19:37:12;2012;ES;56057;ALFREDO CHAVES;12;11;1040;;2;MASCULINO;3;CASADO;7074;70 a 74 anos                  ;2;LÊ E ESCREVE;-3;#NE;-3;#NE;-3;#NE;-3;#NE;Facultativo;1;0;0;0
13/04/2021;19:37:12;2012;ES;56057;ALFREDO CHAVES;12;11;1040;;2;MASCULINO;3;CASADO;7074;70 a 74 anos                  ;3;ENSINO FUNDAMENTAL INCOMPLETO;-3;#NE;-3;#NE;-3;#NE;-3;#NE;Facultativo;4;0;0;0
13/04/2021;19:37:12;2012;ES;56057;ALFREDO CHAVES;12;11;1040;;2;MASCULINO;3;CASADO;7579;75 a 79 anos                  ;1;ANALFABETO;-3;#NE;-3;#NE;-3;#NE;-3;#NE;Facultativo;1;0;0;0
13/04/2021;19:37:12;2012;ES;56057;ALFREDO CHAVES;12;11;1040;;2;MASCULINO;3;CASADO;7579;75 a 79 anos                  ;2;LÊ E ESCREVE;-3;#NE;-3;#NE;-3;#NE;-3;#NE;Facultativo;4;0;0;0
13/04/2021;19:37:12;2012;ES;56057;ALFREDO CHAVES;12;11;1040;;2;MASCULINO;3;CASADO;8084;80 a 84 anos                  ;2;LÊ E ESCREVE;-3;#NE;-3;#NE;-3;#NE;-3;#NE;Facultativo;1;0;0;0
13/04/2021;19:37:12;2012;ES;56057;ALFREDO CHAVES;12;11;1040;;2;MASCULINO;3;CASADO;8589;85 a 89 anos                  ;2;LÊ E ESCREVE;-3;#NE;-3;#NE;-3;#NE;-3;#NE;Facultativo;1;0;0;0
13/04/2021;19:37:12;2012;ES;56057;ALFREDO CHAVES;12;11;1040;;2;MASCULINO;3;CASADO;8589;85 a 89 anos                  ;3;ENSINO FUNDAMENTAL INCOMPLETO;-3;#NE;-3;#NE;-3;#NE;-3;#NE;Facultativo;1;0;0;0
13/04/2021;19:37:12;2012;ES;56057;ALFREDO CHAVES;12;11;1040;;2;MASCULINO;3;CASADO;9094;90 a 94 anos                  ;2;LÊ E ESCREVE;-3;#NE;-3;#NE;-3;#NE;-3;#NE;Facultativo;1;0;0;0
13/04/2021;19:37:12;2012;ES;56057;ALFREDO CHAVES;12;11;1040;;2;MASCULINO;3;CASADO;9094;90 a 94 anos                  ;3;ENSINO FUNDAMENTAL INCOMPLETO;-3;#NE;-3;#NE;-3;#NE;-3;#NE;Facultativo;1;0;0;0
13/04/2021;19:37:12;2012;ES;56057;ALFREDO CHAVES;12;11;1040;;2;MASCULINO;9;DIVORCIADO;6569;65 a 69 anos                  ;6;ENSINO MÉDIO COMPLETO;-3;#NE;-3;#NE;-3;#NE;-3;#NE;Obrigatório;1;0;0;0
13/04/2021;19:37:12;2012;ES;56057;ALFREDO CHAVES;12;11;1040;;4;FEMININO;0;NÃO INFORMADO;4044;40 a 44 anos                  ;3;ENSINO FUNDAMENTAL INCOMPLETO;-3;#NE;-3;#NE;-3;#NE;-3;#NE;Obrigatório;1;0;0;0
13/04/2021;19:37:12;2012;ES;56057;ALFREDO CHAVES;12;11;1040;;4;FEMININO;1;SOLTEIRO;1900;19 anos                       ;5;ENSINO MÉDIO INCOMPLETO;-3;#NE;-3;#NE;-3;#NE;-3;#NE;Obrigatório;1;0;0;0
13/04/2021;19:37:12;2012;ES;56057;ALFREDO CHAVES;12;11;1040;;4;FEMININO;1;SOLTEIRO;1900;19 anos                       ;6;ENSINO MÉDIO COMPLETO;-3;#NE;-3;#NE;-3;#NE;-3;#NE;Obrigatório;1;0;0;0
13/04/2021;19:37:12;2012;ES;56057;ALFREDO CHAVES;12;11;1040;;4;FEMININO;1;SOLTEIRO;2000;20 anos                       ;5;ENSINO MÉDIO INCOMPLETO;-3;#NE;-3;#NE;-3;#NE;-3;#NE;Obrigatório;3;0;0;0
13/04/2021;19:37:12;2012;ES;56057;ALFREDO CHAVES;12;11;1040;;4;FEMININO;1;SOLTEIRO;2124;21 a 24 anos                  ;4;ENSINO FUNDAMENTAL COMPLETO;-3;#NE;-3;#NE;-3;#NE;-3;#NE;Obrigatório;1;0;0;0
13/04/2021;19:37:12;2012;ES;56057;ALFREDO CHAVES;12;11;1040;;4;FEMININO;1;SOLTEIRO;2124;21 a 24 anos                  ;5;ENSINO MÉDIO INCOMPLETO;-3;#NE;-3;#NE;-3;#NE;-3;#NE;Obrigatório;5;0;0;0
13/04/2021;19:37:12;2012;ES;56057;ALFREDO CHAVES;12;11;1040;;4;FEMININO;1;SOLTEIRO;2124;21 a 24 anos                  ;6;ENSINO MÉDIO COMPLETO;-3;#NE;-3;#NE;-3;#NE;-3;#NE;Obrigatório;1;0;0;0
13/04/2021;19:37:12;2012;ES;56057;ALFREDO CHAVES;12;11;1040;;4;FEMININO;1;SOLTEIRO;2529;25 a 29 anos                  ;3;ENSINO FUNDAMENTAL INCOMPLETO;-3;#NE;-3;#NE;-3;#NE;-3;#NE;Obrigatório;1;0;0;0
13/04/2021;19:37:12;2012;ES;56057;ALFREDO CHAVES;12;11;1040;;4;FEMININO;1;SOLTEIRO;2529;25 a 29 anos                  ;4;ENSINO FUNDAMENTAL COMPLETO;-3;#NE;-3;#NE;-3;#NE;-3;#NE;Obrigatório;1;0;0;0
13/04/2021;19:37:12;2012;ES;56057;ALFREDO CHAVES;12;11;1040;;4;FEMININO;1;SOLTEIRO;2529;25 a 29 anos                  ;5;ENSINO MÉDIO INCOMPLETO;-3;#NE;-3;#NE;-3;#NE;-3;#NE;Obrigatório;7;0;0;0
13/04/2021;19:37:12;2012;ES;56057;ALFREDO CHAVES;12;11;1040;;4;FEMININO;1;SOLTEIRO;3034;30 a 34 anos                  ;3;ENSINO FUNDAMENTAL INCOMPLETO;-3;#NE;-3;#NE;-3;#NE;-3;#NE;Obrigatório;4;0;0;0
13/04/2021;19:37:12;2012;ES;56057;ALFREDO CHAVES;12;11;1040;;4;FEMININO;1;SOLTEIRO;3034;30 a 34 anos                  ;4;ENSINO FUNDAMENTAL COMPLETO;-3;#NE;-3;#NE;-3;#NE;-3;#NE;Obrigatório;1;0;0;0
13/04/2021;19:37:12;2012;ES;56057;ALFREDO CHAVES;12;11;1040;;4;FEMININO;1;SOLTEIRO;3034;30 a 34 anos                  ;5;ENSINO MÉDIO INCOMPLETO;-3;#NE;-3;#NE;-3;#NE;-3;#NE;Obrigatório;6;0;0;0
13/04/2021;19:37:12;2012;ES;56057;ALFREDO CHAVES;12;11;1040;;4;FEMININO;1;SOLTEIRO;3539;35 a 39 anos                  ;1;ANALFABETO;-3;#NE;-3;#NE;-3;#NE;-3;#NE;Facultativo;1;0;0;0
13/04/2021;19:37:12;2012;ES;56057;ALFREDO CHAVES;12;13;1058;;2;MASCULINO;1;SOLTEIRO;5054;50 a 54 anos                  ;4;ENSINO FUNDAMENTAL COMPLETO;-3;#NE;-3;#NE;-3;#NE;-3;#NE;Obrigatório;2;0;0;0
13/04/2021;19:37:12;2012;ES;56057;ALFREDO CHAVES;12;13;1058;;2;MASCULINO;1;SOLTEIRO;5054;50 a 54 anos                  ;6;ENSINO MÉDIO COMPLETO;-3;#NE;-3;#NE;-3;#NE;-3;#NE;Obrigatório;3;0;0;0
13/04/2021;19:37:12;2012;ES;56057;ALFREDO CHAVES;12;13;1058;;2;MASCULINO;1;SOLTEIRO;5054;50 a 54 anos                  ;8;SUPERIOR COMPLETO;-3;#NE;-3;#NE;-3;#NE;-3;#NE;Obrigatório;1;0;0;0
13/04/2021;19:37:12;2012;ES;56057;ALFREDO CHAVES;12;13;1058;;2;MASCULINO;1;SOLTEIRO;6064;60 a 64 anos                  ;2;LÊ E ESCREVE;-3;#NE;-3;#NE;-3;#NE;-3;#NE;Obrigatório;1;0;0;0
13/04/2021;19:37:12;2012;ES;56057;ALFREDO CHAVES;12;13;1058;;2;MASCULINO;1;SOLTEIRO;6064;60 a 64 anos                  ;3;ENSINO FUNDAMENTAL INCOMPLETO;-3;#NE;-3;#NE;-3;#NE;-3;#NE;Obrigatório;1;0;0;0
13/04/2021;19:37:12;2012;ES;56057;ALFREDO CHAVES;12;13;1058;;2;MASCULINO;1;SOLTEIRO;7074;70 a 74 anos                  ;3;ENSINO FUNDAMENTAL INCOMPLETO;-3;#NE;-3;#NE;-3;#NE;-3;#NE;Facultativo;1;0;0;0
13/04/2021;19:37:12;2012;ES;56057;ALFREDO CHAVES;12;13;1058;;2;MASCULINO;1;SOLTEIRO;7579;75 a 79 anos                  ;2;LÊ E ESCREVE;-3;#NE;-3;#NE;-3;#NE;-3;#NE;Facultativo;1;0;0;0
13/04/2021;19:37:12;2012;ES;56057;ALFREDO CHAVES;12;13;1058;;2;MASCULINO;3;CASADO;2124;21 a 24 anos                  ;5;ENSINO MÉDIO INCOMPLETO;-3;#NE;-3;#NE;-3;#NE;-3;#NE;Obrigatório;1;0;0;0
13/04/2021;19:37:12;2012;ES;56057;ALFREDO CHAVES;12;13;1058;;2;MASCULINO;3;CASADO;3034;30 a 34 anos                  ;3;ENSINO FUNDAMENTAL INCOMPLETO;-3;#NE;-3;#NE;-3;#NE;-3;#NE;Obrigatório;2;0;0;0
13/04/2021;19:37:12;2012;ES;56057;ALFREDO CHAVES;12;13;1058;;2;MASCULINO;3;CASADO;3034;30 a 34 anos                  ;5;ENSINO MÉDIO INCOMPLETO;-3;#NE;-3;#NE;-3;#NE;-3;#NE;Obrigatório;1;0;0;0
13/04/2021;19:37:12;2012;ES;56057;ALFREDO CHAVES;12;13;1058;;2;MASCULINO;3;CASADO;3539;35 a 39 anos                  ;6;ENSINO MÉDIO COMPLETO;-3;#NE;-3;#NE;-3;#NE;-3;#NE;Obrigatório;1;0;0;0
13/04/2021;19:37:12;2012;ES;56057;ALFREDO CHAVES;12;13;1058;;2;MASCULINO;3;CASADO;4044;40 a 44 anos                  ;3;ENSINO FUNDAMENTAL INCOMPLETO;-3;#NE;-3;#NE;-3;#NE;-3;#NE;Obrigatório;1;0;0;0
13/04/2021;19:37:12;2012;ES;56057;ALFREDO CHAVES;12;13;1058;;2;MASCULINO;3;CASADO;4044;40 a 44 anos                  ;5;ENSINO MÉDIO INCOMPLETO;-3;#NE;-3;#NE;-3;#NE;-3;#NE;Obrigatório;1;0;0;0
13/04/2021;19:37:12;2012;ES;56057;ALFREDO CHAVES;12;13;1058;;2;MASCULINO;3;CASADO;4549;45 a 49 anos                  ;6;ENSINO MÉDIO COMPLETO;-3;#NE;-3;#NE;-3;#NE;-3;#NE;Obrigatório;2;0;0;0
13/04/2021;19:37:12;2012;ES;56057;ALFREDO CHAVES;12;13;1058;;2;MASCULINO;3;CASADO;5054;50 a 54 anos                  ;2;LÊ E ESCREVE;-3;#NE;-3;#NE;-3;#NE;-3;#NE;Obrigatório;2;0;0;0
13/04/2021;19:37:12;2012;ES;56057;ALFREDO CHAVES;12;13;1058;;2;MASCULINO;3;CASADO;5054;50 a 54 anos                  ;3;ENSINO FUNDAMENTAL INCOMPLETO;-3;#NE;-3;#NE;-3;#NE;-3;#NE;Obrigatório;6;0;0;0
13/04/2021;19:37:12;2012;ES;56057;ALFREDO CHAVES;12;13;1058;;2;MASCULINO;3;CASADO;5054;50 a 54 anos                  ;5;ENSINO MÉDIO INCOMPLETO;-3;#NE;-3;#NE;-3;#NE;-3;#NE;Obrigatório;1;0;0;0
13/04/2021;19:37:12;2012;ES;56057;ALFREDO CHAVES;12;13;1058;;2;MASCULINO;3;CASADO;5054;50 a 54 anos                  ;6;ENSINO MÉDIO COMPLETO;-3;#NE;-3;#NE;-3;#NE;-3;#NE;Obrigatório;1;0;0;0
13/04/2021;19:37:12;2012;ES;56057;ALFREDO CHAVES;12;13;1058;;2;MASCULINO;3;CASADO;5559;55 a 59 anos                  ;3;ENSINO FUNDAMENTAL INCOMPLETO;-3;#NE;-3;#NE;-3;#NE;-3;#NE;Obrigatório;7;0;0;0
13/04/2021;19:37:12;2012;ES;56057;ALFREDO CHAVES;12;13;1058;;2;MASCULINO;3;CASADO;6064;60 a 64 anos                  ;2;LÊ E ESCREVE;-3;#NE;-3;#NE;-3;#NE;-3;#NE;Obrigatório;1;0;0;0
13/04/2021;19:37:12;2012;ES;56057;ALFREDO CHAVES;12;13;1058;;2;MASCULINO;3;CASADO;6064;60 a 64 anos                  ;3;ENSINO FUNDAMENTAL INCOMPLETO;-3;#NE;-3;#NE;-3;#NE;-3;#NE;Obrigatório;7;0;0;0
13/04/2021;19:37:12;2012;ES;56057;ALFREDO CHAVES;12;13;1058;;2;MASCULINO;3;CASADO;6064;60 a 64 anos                  ;6;ENSINO MÉDIO COMPLETO;-3;#NE;-3;#NE;-3;#NE;-3;#NE;Obrigatório;1;0;0;0
13/04/2021;19:37:12;2012;ES;56057;ALFREDO CHAVES;12;13;1058;;2;MASCULINO;3;CASADO;6569;65 a 69 anos                  ;2;LÊ E ESCREVE;-3;#NE;-3;#NE;-3;#NE;-3;#NE;Obrigatório;2;0;0;0
13/04/2021;19:37:12;2012;ES;56057;ALFREDO CHAVES;12;13;1058;;2;MASCULINO;3;CASADO;6569;65 a 69 anos                  ;3;ENSINO FUNDAMENTAL INCOMPLETO;-3;#NE;-3;#NE;-3;#NE;-3;#NE;Obrigatório;1;0;0;0
13/04/2021;19:37:12;2012;ES;56057;ALFREDO CHAVES;12;13;1058;;2;MASCULINO;3;CASADO;6569;65 a 69 anos                  ;8;SUPERIOR COMPLETO;-3;#NE;-3;#NE;-3;#NE;-3;#NE;Obrigatório;1;0;0;0
13/04/2021;19:37:12;2012;ES;56057;ALFREDO CHAVES;12;13;1058;;2;MASCULINO;3;CASADO;7074;70 a 74 anos                  ;3;ENSINO FUNDAMENTAL INCOMPLETO;-3;#NE;-3;#NE;-3;#NE;-3;#NE;Facultativo;5;0;0;0
13/04/2021;19:37:12;2012;ES;56057;ALFREDO CHAVES;12;13;1058;;2;MASCULINO;3;CASADO;7579;75 a 79 anos                  ;2;LÊ E ESCREVE;-3;#NE;-3;#NE;-3;#NE;-3;#NE;Facultativo;1;0;0;0
13/04/2021;19:37:12;2012;ES;56057;ALFREDO CHAVES;12;13;1058;;2;MASCULINO;3;CASADO;7579;75 a 79 anos                  ;3;ENSINO FUNDAMENTAL INCOMPLETO;-3;#NE;-3;#NE;-3;#NE;-3;#NE;Facultativo;3;0;0;0
13/04/2021;19:37:12;2012;ES;56057;ALFREDO CHAVES;12;13;1058;;2;MASCULINO;7;SEPARADO JUDICIALMENTE;7579;75 a 79 anos                  ;3;ENSINO FUNDAMENTAL INCOMPLETO;-3;#NE;-3;#NE;-3;#NE;-3;#NE;Facultativo;1;0;0;0
13/04/2021;19:37:12;2012;ES;56057;ALFREDO CHAVES;12;13;1058;;2;MASCULINO;9;DIVORCIADO;6064;60 a 64 anos                  ;3;ENSINO FUNDAMENTAL INCOMPLETO;-3;#NE;-3;#NE;-3;#NE;-3;#NE;Obrigatório;1;0;0;0
13/04/2021;19:37:12;2012;ES;56057;ALFREDO CHAVES;12;13;1058;;4;FEMININO;1;SOLTEIRO;1700;17 anos                       ;5;ENSINO MÉDIO INCOMPLETO;-3;#NE;-3;#NE;-3;#NE;-3;#NE;Facultativo;5;0;0;0
13/04/2021;19:37:12;2012;ES;56057;ALFREDO CHAVES;12;13;1058;;4;FEMININO;1;SOLTEIRO;1800;18 anos                       ;5;ENSINO MÉDIO INCOMPLETO;-3;#NE;-3;#NE;-3;#NE;-3;#NE;Obrigatório;2;0;0;0
13/04/2021;19:37:12;2012;ES;56057;ALFREDO CHAVES;12;13;1058;;4;FEMININO;1;SOLTEIRO;1900;19 anos                       ;4;ENSINO FUNDAMENTAL COMPLETO;-3;#NE;-3;#NE;-3;#NE;-3;#NE;Obrigatório;1;0;0;0
13/04/2021;19:37:12;2012;ES;56057;ALFREDO CHAVES;12;13;1058;;4;FEMININO;1;SOLTEIRO;1900;19 anos                       ;5;ENSINO MÉDIO INCOMPLETO;-3;#NE;-3;#NE;-3;#NE;-3;#NE;Obrigatório;3;0;0;0
13/04/2021;19:37:12;2012;ES;56057;ALFREDO CHAVES;12;13;1058;;4;FEMININO;1;SOLTEIRO;2000;20 anos                       ;3;ENSINO FUNDAMENTAL INCOMPLETO;-3;#NE;-3;#NE;-3;#NE;-3;#NE;Obrigatório;1;0;0;0
13/04/2021;19:37:12;2012;ES;56057;ALFREDO CHAVES;12;13;1058;;4;FEMININO;1;SOLTEIRO;2000;20 anos                       ;5;ENSINO MÉDIO INCOMPLETO;-3;#NE;-3;#NE;-3;#NE;-3;#NE;Obrigatório;1;0;0;0
13/04/2021;19:37:12;2012;ES;56057;ALFREDO CHAVES;12;13;1058;;4;FEMININO;1;SOLTEIRO;2000;20 anos                       ;6;ENSINO MÉDIO COMPLETO;-3;#NE;-3;#NE;-3;#NE;-3;#NE;Obrigatório;1;0;0;0
13/04/2021;19:37:12;2012;ES;56057;ALFREDO CHAVES;12;13;1058;;4;FEMININO;1;SOLTEIRO;2124;21 a 24 anos                  ;5;ENSINO MÉDIO INCOMPLETO;-3;#NE;-3;#NE;-3;#NE;-3;#NE;Obrigatório;10;0;0;0
13/04/2021;19:37:12;2012;ES;56057;ALFREDO CHAVES;12;13;1058;;4;FEMININO;1;SOLTEIRO;2124;21 a 24 anos                  ;6;ENSINO MÉDIO COMPLETO;-3;#NE;-3;#NE;-3;#NE;-3;#NE;Obrigatório;2;0;0;0
13/04/2021;19:37:12;2012;ES;56057;ALFREDO CHAVES;12;13;1058;;4;FEMININO;1;SOLTEIRO;2529;25 a 29 anos                  ;5;ENSINO MÉDIO INCOMPLETO;-3;#NE;-3;#NE;-3;#NE;-3;#NE;Obrigatório;8;0;0;0
13/04/2021;19:37:12;2012;ES;56057;ALFREDO CHAVES;12;13;1058;;4;FEMININO;1;SOLTEIRO;2529;25 a 29 anos                  ;8;SUPERIOR COMPLETO;-3;#NE;-3;#NE;-3;#NE;-3;#NE;Obrigatório;1;0;0;0
13/04/2021;19:37:12;2012;ES;56057;ALFREDO CHAVES;12;13;1058;;4;FEMININO;1;SOLTEIRO;3034;30 a 34 anos                  ;3;ENSINO FUNDAMENTAL INCOMPLETO;-3;#NE;-3;#NE;-3;#NE;-3;#NE;Obrigatório;5;0;0;0
13/04/2021;19:37:12;2012;ES;56057;ALFREDO CHAVES;12;13;1058;;4;FEMININO;1;SOLTEIRO;3034;30 a 34 anos                  ;5;ENSINO MÉDIO INCOMPLETO;-3;#NE;-3;#NE;-3;#NE;-3;#NE;Obrigatório;12;0;0;0
13/04/2021;19:37:12;2012;ES;56057;ALFREDO CHAVES;12;13;1058;;4;FEMININO;1;SOLTEIRO;3034;30 a 34 anos                  ;7;SUPERIOR INCOMPLETO;-3;#NE;-3;#NE;-3;#NE;-3;#NE;Obrigatório;1;0;0;0
13/04/2021;19:37:12;2012;ES;56057;ALFREDO CHAVES;12;13;1058;;4;FEMININO;1;SOLTEIRO;3539;35 a 39 anos                  ;3;ENSINO FUNDAMENTAL INCOMPLETO;-3;#NE;-3;#NE;-3;#NE;-3;#NE;Obrigatório;2;0;0;0
13/04/2021;19:37:12;2012;ES;56057;ALFREDO CHAVES;12;13;1058;;4;FEMININO;1;SOLTEIRO;3539;35 a 39 anos                  ;5;ENSINO MÉDIO INCOMPLETO;-3;#NE;-3;#NE;-3;#NE;-3;#NE;Obrigatório;1;0;0;0
13/04/2021;19:37:12;2012;ES;56057;ALFREDO CHAVES;12;13;1058;;4;FEMININO;1;SOLTEIRO;3539;35 a 39 anos                  ;6;ENSINO MÉDIO COMPLETO;-3;#NE;-3;#NE;-3;#NE;-3;#NE;Obrigatório;1;0;0;0
13/04/2021;19:37:12;2012;ES;56057;ALFREDO CHAVES;12;13;1058;;4;FEMININO;1;SOLTEIRO;4044;40 a 44 anos                  ;5;ENSINO MÉDIO INCOMPLETO;-3;#NE;-3;#NE;-3;#NE;-3;#NE;Obrigatório;1;0;0;0
13/04/2021;19:37:12;2012;ES;56057;ALFREDO CHAVES;12;13;1058;;4;FEMININO;1;SOLTEIRO;4549;45 a 49 anos                  ;3;ENSINO FUNDAMENTAL INCOMPLETO;-3;#NE;-3;#NE;-3;#NE;-3;#NE;Obrigatório;4;0;0;0
13/04/2021;19:37:12;2012;ES;56057;ALFREDO CHAVES;12;15;1074;;4;FEMININO;1;SOLTEIRO;6064;60 a 64 anos                  ;4;ENSINO FUNDAMENTAL COMPLETO;-3;#NE;-3;#NE;-3;#NE;-3;#NE;Obrigatório;1;0;0;0
13/04/2021;19:37:12;2012;ES;56057;ALFREDO CHAVES;12;15;1074;;4;FEMININO;1;SOLTEIRO;6569;65 a 69 anos                  ;2;LÊ E ESCREVE;-3;#NE;-3;#NE;-3;#NE;-3;#NE;Obrigatório;1;0;0;0
13/04/2021;19:37:12;2012;ES;56057;ALFREDO CHAVES;12;15;1074;;4;FEMININO;1;SOLTEIRO;8084;80 a 84 anos                  ;2;LÊ E ESCREVE;-3;#NE;-3;#NE;-3;#NE;-3;#NE;Facultativo;1;0;0;0
13/04/2021;19:37:12;2012;ES;56057;ALFREDO CHAVES;12;15;1074;;4;FEMININO;1;SOLTEIRO;8084;80 a 84 anos                  ;3;ENSINO FUNDAMENTAL INCOMPLETO;-3;#NE;-3;#NE;-3;#NE;-3;#NE;Facultativo;2;0;0;0
13/04/2021;19:37:12;2012;ES;56057;ALFREDO CHAVES;12;15;1074;;4;FEMININO;1;SOLTEIRO;8589;85 a 89 anos                  ;3;ENSINO FUNDAMENTAL INCOMPLETO;-3;#NE;-3;#NE;-3;#NE;-3;#NE;Facultativo;1;0;0;0
13/04/2021;19:37:12;2012;ES;56057;ALFREDO CHAVES;12;15;1074;;4;FEMININO;3;CASADO;3034;30 a 34 anos                  ;4;ENSINO FUNDAMENTAL COMPLETO;-3;#NE;-3;#NE;-3;#NE;-3;#NE;Obrigatório;2;0;0;0
13/04/2021;19:37:12;2012;ES;56057;ALFREDO CHAVES;12;15;1074;;4;FEMININO;3;CASADO;3539;35 a 39 anos                  ;3;ENSINO FUNDAMENTAL INCOMPLETO;-3;#NE;-3;#NE;-3;#NE;-3;#NE;Obrigatório;3;0;0;0
13/04/2021;19:37:12;2012;ES;56057;ALFREDO CHAVES;12;15;1074;;4;FEMININO;3;CASADO;4044;40 a 44 anos                  ;3;ENSINO FUNDAMENTAL INCOMPLETO;-3;#NE;-3;#NE;-3;#NE;-3;#NE;Obrigatório;5;0;0;0
13/04/2021;19:37:12;2012;ES;56057;ALFREDO CHAVES;12;15;1074;;4;FEMININO;3;CASADO;4549;45 a 49 anos                  ;2;LÊ E ESCREVE;-3;#NE;-3;#NE;-3;#NE;-3;#NE;Obrigatório;1;0;0;0
13/04/2021;19:37:12;2012;ES;56057;ALFREDO CHAVES;12;15;1074;;4;FEMININO;3;CASADO;5054;50 a 54 anos                  ;2;LÊ E ESCREVE;-3;#NE;-3;#NE;-3;#NE;-3;#NE;Obrigatório;1;0;0;0
13/04/2021;19:37:12;2012;ES;56057;ALFREDO CHAVES;12;15;1074;;4;FEMININO;3;CASADO;5054;50 a 54 anos                  ;3;ENSINO FUNDAMENTAL INCOMPLETO;-3;#NE;-3;#NE;-3;#NE;-3;#NE;Obrigatório;2;0;0;0
13/04/2021;19:37:12;2012;ES;56057;ALFREDO CHAVES;12;15;1074;;4;FEMININO;3;CASADO;5559;55 a 59 anos                  ;2;LÊ E ESCREVE;-3;#NE;-3;#NE;-3;#NE;-3;#NE;Obrigatório;1;0;0;0
13/04/2021;19:37:12;2012;ES;56057;ALFREDO CHAVES;12;15;1074;;4;FEMININO;3;CASADO;5559;55 a 59 anos                  ;3;ENSINO FUNDAMENTAL INCOMPLETO;-3;#NE;-3;#NE;-3;#NE;-3;#NE;Obrigatório;5;0;0;0
13/04/2021;19:37:12;2012;ES;56057;ALFREDO CHAVES;12;15;1074;;4;FEMININO;3;CASADO;5559;55 a 59 anos                  ;6;ENSINO MÉDIO COMPLETO;-3;#NE;-3;#NE;-3;#NE;-3;#NE;Obrigatório;3;0;0;0
13/04/2021;19:37:12;2012;ES;56057;ALFREDO CHAVES;12;15;1074;;4;FEMININO;3;CASADO;6064;60 a 64 anos                  ;1;ANALFABETO;-3;#NE;-3;#NE;-3;#NE;-3;#NE;Facultativo;1;0;0;0
13/04/2021;19:37:12;2012;ES;56057;ALFREDO CHAVES;12;15;1074;;4;FEMININO;3;CASADO;6064;60 a 64 anos                  ;2;LÊ E ESCREVE;-3;#NE;-3;#NE;-3;#NE;-3;#NE;Obrigatório;3;0;0;0
13/04/2021;19:37:12;2012;ES;56057;ALFREDO CHAVES;12;15;1074;;4;FEMININO;3;CASADO;6064;60 a 64 anos                  ;3;ENSINO FUNDAMENTAL INCOMPLETO;-3;#NE;-3;#NE;-3;#NE;-3;#NE;Obrigatório;3;0;0;0
13/04/2021;19:37:12;2012;ES;56057;ALFREDO CHAVES;12;15;1074;;4;FEMININO;3;CASADO;6569;65 a 69 anos                  ;3;ENSINO FUNDAMENTAL INCOMPLETO;-3;#NE;-3;#NE;-3;#NE;-3;#NE;Obrigatório;4;0;0;0
13/04/2021;19:37:12;2012;ES;56057;ALFREDO CHAVES;12;15;1074;;4;FEMININO;3;CASADO;7074;70 a 74 anos                  ;2;LÊ E ESCREVE;-3;#NE;-3;#NE;-3;#NE;-3;#NE;Facultativo;3;0;0;0
13/04/2021;19:37:12;2012;ES;56057;ALFREDO CHAVES;12;15;1074;;4;FEMININO;3;CASADO;7074;70 a 74 anos                  ;3;ENSINO FUNDAMENTAL INCOMPLETO;-3;#NE;-3;#NE;-3;#NE;-3;#NE;Facultativo;1;0;0;0
13/04/2021;19:37:12;2012;ES;56057;ALFREDO CHAVES;12;15;1074;;4;FEMININO;3;CASADO;7579;75 a 79 anos                  ;2;LÊ E ESCREVE;-3;#NE;-3;#NE;-3;#NE;-3;#NE;Facultativo;1;0;0;0
13/04/2021;19:37:12;2012;ES;56057;ALFREDO CHAVES;12;15;1074;;4;FEMININO;3;CASADO;7579;75 a 79 anos                  ;3;ENSINO FUNDAMENTAL INCOMPLETO;-3;#NE;-3;#NE;-3;#NE;-3;#NE;Facultativo;1;0;0;0
13/04/2021;19:37:12;2012;ES;56057;ALFREDO CHAVES;12;15;1074;;4;FEMININO;3;CASADO;8084;80 a 84 anos                  ;2;LÊ E ESCREVE;-3;#NE;-3;#NE;-3;#NE;-3;#NE;Facultativo;3;0;0;0
13/04/2021;19:37:12;2012;ES;56057;ALFREDO CHAVES;12;15;1074;;4;FEMININO;3;CASADO;8589;85 a 89 anos                  ;2;LÊ E ESCREVE;-3;#NE;-3;#NE;-3;#NE;-3;#NE;Facultativo;1;0;0;0
13/04/2021;19:37:12;2012;ES;56057;ALFREDO CHAVES;12;15;1074;;4;FEMININO;3;CASADO;8589;85 a 89 anos                  ;3;ENSINO FUNDAMENTAL INCOMPLETO;-3;#NE;-3;#NE;-3;#NE;-3;#NE;Facultativo;2;0;0;0
13/04/2021;19:37:12;2012;ES;56057;ALFREDO CHAVES;12;15;1074;;4;FEMININO;7;SEPARADO JUDICIALMENTE;5559;55 a 59 anos                  ;3;ENSINO FUNDAMENTAL INCOMPLETO;-3;#NE;-3;#NE;-3;#NE;-3;#NE;Obrigatório;1;0;0;0
13/04/2021;19:37:12;2012;ES;56057;ALFREDO CHAVES;12;16;1082;;2;MASCULINO;0;NÃO INFORMADO;4549;45 a 49 anos                  ;3;ENSINO FUNDAMENTAL INCOMPLETO;-3;#NE;-3;#NE;-3;#NE;-3;#NE;Obrigatório;1;0;0;0
13/04/2021;19:37:12;2012;ES;56057;ALFREDO CHAVES;12;16;1082;;2;MASCULINO;0;NÃO INFORMADO;5054;50 a 54 anos                  ;3;ENSINO FUNDAMENTAL INCOMPLETO;-3;#NE;-3;#NE;-3;#NE;-3;#NE;Obrigatório;1;0;0;0
13/04/2021;19:37:12;2012;ES;56057;ALFREDO CHAVES;12;16;1082;;2;MASCULINO;0;NÃO INFORMADO;6064;60 a 64 anos                  ;2;LÊ E ESCREVE;-3;#NE;-3;#NE;-3;#NE;-3;#NE;Obrigatório;1;0;0;0
13/04/2021;19:37:12;2012;ES;56057;ALFREDO CHAVES;12;16;1082;;2;MASCULINO;1;SOLTEIRO;1700;17 anos                       ;5;ENSINO MÉDIO INCOMPLETO;-3;#NE;-3;#NE;-3;#NE;-3;#NE;Facultativo;1;0;0;0
13/04/2021;19:37:12;2012;ES;56057;ALFREDO CHAVES;12;16;1082;;2;MASCULINO;1;SOLTEIRO;1800;18 anos                       ;5;ENSINO MÉDIO INCOMPLETO;-3;#NE;-3;#NE;-3;#NE;-3;#NE;Obrigatório;2;0;0;0
13/04/2021;19:37:12;2012;ES;56057;ALFREDO CHAVES;12;16;1082;;2;MASCULINO;1;SOLTEIRO;1900;19 anos                       ;4;ENSINO FUNDAMENTAL COMPLETO;-3;#NE;-3;#NE;-3;#NE;-3;#NE;Obrigatório;1;0;0;0
13/04/2021;19:37:12;2012;ES;56057;ALFREDO CHAVES;12;16;1082;;2;MASCULINO;1;SOLTEIRO;1900;19 anos                       ;5;ENSINO MÉDIO INCOMPLETO;-3;#NE;-3;#NE;-3;#NE;-3;#NE;Obrigatório;4;0;0;0
13/04/2021;19:37:12;2012;ES;56057;ALFREDO CHAVES;12;16;1082;;2;MASCULINO;1;SOLTEIRO;2000;20 anos                       ;3;ENSINO FUNDAMENTAL INCOMPLETO;-3;#NE;-3;#NE;-3;#NE;-3;#NE;Obrigatório;1;0;0;0
13/04/2021;19:37:12;2012;ES;56057;ALFREDO CHAVES;12;17;1090;;4;FEMININO;9;DIVORCIADO;3034;30 a 34 anos                  ;8;SUPERIOR COMPLETO;-3;#NE;-3;#NE;-3;#NE;-3;#NE;Obrigatório;1;0;0;0
13/04/2021;19:37:12;2012;ES;56057;ALFREDO CHAVES;12;17;1090;;4;FEMININO;9;DIVORCIADO;3539;35 a 39 anos                  ;3;ENSINO FUNDAMENTAL INCOMPLETO;-3;#NE;-3;#NE;-3;#NE;-3;#NE;Obrigatório;2;0;0;0
13/04/2021;19:37:12;2012;ES;56057;ALFREDO CHAVES;12;17;1090;;4;FEMININO;9;DIVORCIADO;3539;35 a 39 anos                  ;6;ENSINO MÉDIO COMPLETO;-3;#NE;-3;#NE;-3;#NE;-3;#NE;Obrigatório;1;0;0;0
13/04/2021;19:37:12;2012;ES;56057;ALFREDO CHAVES;12;17;1090;;4;FEMININO;9;DIVORCIADO;4044;40 a 44 anos                  ;7;SUPERIOR INCOMPLETO;-3;#NE;-3;#NE;-3;#NE;-3;#NE;Obrigatório;1;0;0;0
13/04/2021;19:37:12;2012;ES;56057;ALFREDO CHAVES;12;17;1090;;4;FEMININO;9;DIVORCIADO;4549;45 a 49 anos                  ;3;ENSINO FUNDAMENTAL INCOMPLETO;-3;#NE;-3;#NE;-3;#NE;-3;#NE;Obrigatório;1;0;0;0
13/04/2021;19:37:12;2012;ES;56057;ALFREDO CHAVES;12;17;1090;;4;FEMININO;9;DIVORCIADO;5054;50 a 54 anos                  ;3;ENSINO FUNDAMENTAL INCOMPLETO;-3;#NE;-3;#NE;-3;#NE;-3;#NE;Obrigatório;1;0;0;0
13/04/2021;19:37:12;2012;ES;56057;ALFREDO CHAVES;12;17;1090;;4;FEMININO;9;DIVORCIADO;6064;60 a 64 anos                  ;4;ENSINO FUNDAMENTAL COMPLETO;-3;#NE;-3;#NE;-3;#NE;-3;#NE;Obrigatório;1;0;0;0
13/04/2021;19:37:12;2012;ES;56057;ALFREDO CHAVES;12;18;1090;;0;NÃO INFORMADO;0;NÃO INFORMADO;5559;55 a 59 anos                  ;3;ENSINO FUNDAMENTAL INCOMPLETO;-3;#NE;-3;#NE;-3;#NE;-3;#NE;Obrigatório;1;0;0;0
13/04/2021;19:37:12;2012;ES;56057;ALFREDO CHAVES;12;18;1090;;2;MASCULINO;1;SOLTEIRO;1600;16 anos                       ;5;ENSINO MÉDIO INCOMPLETO;-3;#NE;-3;#NE;-3;#NE;-3;#NE;Facultativo;1;0;0;0
13/04/2021;19:37:12;2012;ES;56057;ALFREDO CHAVES;12;18;1090;;2;MASCULINO;1;SOLTEIRO;1700;17 anos                       ;3;ENSINO FUNDAMENTAL INCOMPLETO;-3;#NE;-3;#NE;-3;#NE;-3;#NE;Facultativo;1;0;0;0
13/04/2021;19:37:12;2012;ES;56057;ALFREDO CHAVES;12;18;1090;;2;MASCULINO;1;SOLTEIRO;1700;17 anos                       ;5;ENSINO MÉDIO INCOMPLETO;-3;#NE;-3;#NE;-3;#NE;-3;#NE;Facultativo;3;0;0;0
13/04/2021;19:37:12;2012;ES;56057;ALFREDO CHAVES;12;18;1090;;2;MASCULINO;1;SOLTEIRO;1900;19 anos                       ;3;ENSINO FUNDAMENTAL INCOMPLETO;-3;#NE;-3;#NE;-3;#NE;-3;#NE;Obrigatório;1;0;0;0
13/04/2021;19:37:12;2012;ES;56057;ALFREDO CHAVES;12;18;1090;;2;MASCULINO;1;SOLTEIRO;1900;19 anos                       ;5;ENSINO MÉDIO INCOMPLETO;-3;#NE;-3;#NE;-3;#NE;-3;#NE;Obrigatório;1;0;0;0
13/04/2021;19:37:12;2012;ES;56057;ALFREDO CHAVES;12;18;1090;;2;MASCULINO;1;SOLTEIRO;2000;20 anos                       ;5;ENSINO MÉDIO INCOMPLETO;-3;#NE;-3;#NE;-3;#NE;-3;#NE;Obrigatório;4;0;0;0
13/04/2021;19:37:12;2012;ES;56057;ALFREDO CHAVES;12;18;1090;;2;MASCULINO;1;SOLTEIRO;2124;21 a 24 anos                  ;4;ENSINO FUNDAMENTAL COMPLETO;-3;#NE;-3;#NE;-3;#NE;-3;#NE;Obrigatório;1;0;0;0
13/04/2021;19:37:12;2012;ES;56057;ALFREDO CHAVES;12;18;1090;;2;MASCULINO;1;SOLTEIRO;2124;21 a 24 anos                  ;5;ENSINO MÉDIO INCOMPLETO;-3;#NE;-3;#NE;-3;#NE;-3;#NE;Obrigatório;6;0;0;0
13/04/2021;19:37:12;2012;ES;56057;ALFREDO CHAVES;12;18;1090;;2;MASCULINO;1;SOLTEIRO;2124;21 a 24 anos                  ;6;ENSINO MÉDIO COMPLETO;-3;#NE;-3;#NE;-3;#NE;-3;#NE;Obrigatório;1;0;0;0
13/04/2021;19:37:12;2012;ES;56057;ALFREDO CHAVES;12;18;1090;;2;MASCULINO;1;SOLTEIRO;2529;25 a 29 anos                  ;3;ENSINO FUNDAMENTAL INCOMPLETO;-3;#NE;-3;#NE;-3;#NE;-3;#NE;Obrigatório;6;0;0;0
13/04/2021;19:37:12;2012;ES;56057;ALFREDO CHAVES;12;18;1090;;2;MASCULINO;1;SOLTEIRO;2529;25 a 29 anos                  ;5;ENSINO MÉDIO INCOMPLETO;-3;#NE;-3;#NE;-3;#NE;-3;#NE;Obrigatório;5;0;0;0
13/04/2021;19:37:12;2012;ES;56057;ALFREDO CHAVES;12;18;1090;;2;MASCULINO;1;SOLTEIRO;2529;25 a 29 anos                  ;6;ENSINO MÉDIO COMPLETO;-3;#NE;-3;#NE;-3;#NE;-3;#NE;Obrigatório;4;0;0;0
13/04/2021;19:37:12;2012;ES;56057;ALFREDO CHAVES;12;20;1112;;2;MASCULINO;3;CASADO;4549;45 a 49 anos                  ;8;SUPERIOR COMPLETO;-3;#NE;-3;#NE;-3;#NE;-3;#NE;Obrigatório;1;0;0;0
13/04/2021;19:37:12;2012;ES;56057;ALFREDO CHAVES;12;20;1112;;2;MASCULINO;3;CASADO;5054;50 a 54 anos                  ;1;ANALFABETO;-3;#NE;-3;#NE;-3;#NE;-3;#NE;Facultativo;1;0;0;0
13/04/2021;19:37:12;2012;ES;56057;ALFREDO CHAVES;12;20;1112;;2;MASCULINO;3;CASADO;5054;50 a 54 anos                  ;3;ENSINO FUNDAMENTAL INCOMPLETO;-3;#NE;-3;#NE;-3;#NE;-3;#NE;Obrigatório;2;0;0;0
13/04/2021;19:37:12;2012;ES;56057;ALFREDO CHAVES;12;20;1112;;2;MASCULINO;3;CASADO;5054;50 a 54 anos                  ;4;ENSINO FUNDAMENTAL COMPLETO;-3;#NE;-3;#NE;-3;#NE;-3;#NE;Obrigatório;1;0;0;0
13/04/2021;19:37:12;2012;ES;56057;ALFREDO CHAVES;12;20;1112;;2;MASCULINO;3;CASADO;5054;50 a 54 anos                  ;6;ENSINO MÉDIO COMPLETO;-3;#NE;-3;#NE;-3;#NE;-3;#NE;Obrigatório;2;0;0;0
13/04/2021;19:37:12;2012;ES;56057;ALFREDO CHAVES;12;20;1112;;2;MASCULINO;3;CASADO;5559;55 a 59 anos                  ;5;ENSINO MÉDIO INCOMPLETO;-3;#NE;-3;#NE;-3;#NE;-3;#NE;Obrigatório;2;0;0;0
13/04/2021;19:37:12;2012;ES;56057;ALFREDO CHAVES;12;20;1112;;2;MASCULINO;3;CASADO;6064;60 a 64 anos                  ;2;LÊ E ESCREVE;-3;#NE;-3;#NE;-3;#NE;-3;#NE;Obrigatório;1;0;0;0
13/04/2021;19:37:12;2012;ES;56057;ALFREDO CHAVES;12;31;1171;;2;MASCULINO;1;SOLTEIRO;3539;35 a 39 anos                  ;3;ENSINO FUNDAMENTAL INCOMPLETO;-3;#NE;-3;#NE;-3;#NE;-3;#NE;Obrigatório;16;0;0;0
13/04/2021;19:37:12;2012;ES;56057;ALFREDO CHAVES;12;31;1171;;2;MASCULINO;1;SOLTEIRO;3539;35 a 39 anos                  ;5;ENSINO MÉDIO INCOMPLETO;-3;#NE;-3;#NE;-3;#NE;-3;#NE;Obrigatório;7;0;0;0
13/04/2021;19:37:12;2012;ES;56057;ALFREDO CHAVES;12;31;1171;;2;MASCULINO;1;SOLTEIRO;3539;35 a 39 anos                  ;6;ENSINO MÉDIO COMPLETO;-3;#NE;-3;#NE;-3;#NE;-3;#NE;Obrigatório;1;0;0;0
13/04/2021;19:37:12;2012;ES;56057;ALFREDO CHAVES;12;31;1171;;2;MASCULINO;1;SOLTEIRO;3539;35 a 39 anos                  ;7;SUPERIOR INCOMPLETO;-3;#NE;-3;#NE;-3;#NE;-3;#NE;Obrigatório;2;0;0;0
13/04/2021;19:37:12;2012;ES;56057;ALFREDO CHAVES;12;31;1171;;2;MASCULINO;1;SOLTEIRO;4044;40 a 44 anos                  ;1;ANALFABETO;-3;#NE;-3;#NE;-3;#NE;-3;#NE;Facultativo;1;0;0;0
13/04/2021;19:37:12;2012;ES;56057;ALFREDO CHAVES;12;31;1171;;2;MASCULINO;1;SOLTEIRO;4044;40 a 44 anos                  ;2;LÊ E ESCREVE;-3;#NE;-3;#NE;-3;#NE;-3;#NE;Obrigatório;1;0;0;0
13/04/2021;19:37:12;2012;ES;56057;ALFREDO CHAVES;12;31;1171;;2;MASCULINO;1;SOLTEIRO;4044;40 a 44 anos                  ;3;ENSINO FUNDAMENTAL INCOMPLETO;-3;#NE;-3;#NE;-3;#NE;-3;#NE;Obrigatório;20;0;0;0
13/04/2021;19:37:12;2012;ES;56057;ALFREDO CHAVES;12;31;1171;;2;MASCULINO;1;SOLTEIRO;4044;40 a 44 anos                  ;4;ENSINO FUNDAMENTAL COMPLETO;-3;#NE;-3;#NE;-3;#NE;-3;#NE;Obrigatório;1;0;0;0
13/04/2021;19:37:12;2012;ES;56057;ALFREDO CHAVES;12;31;1171;;2;MASCULINO;1;SOLTEIRO;4044;40 a 44 anos                  ;5;ENSINO MÉDIO INCOMPLETO;-3;#NE;-3;#NE;-3;#NE;-3;#NE;Obrigatório;2;0;0;0
13/04/2021;19:37:12;2012;ES;56057;ALFREDO CHAVES;12;31;1171;;2;MASCULINO;1;SOLTEIRO;4044;40 a 44 anos                  ;6;ENSINO MÉDIO COMPLETO;-3;#NE;-3;#NE;-3;#NE;-3;#NE;Obrigatório;2;0;0;0
13/04/2021;19:37:12;2012;ES;56057;ALFREDO CHAVES;12;33;1171;;2;MASCULINO;9;DIVORCIADO;5559;55 a 59 anos                  ;6;ENSINO MÉDIO COMPLETO;-3;#NE;-3;#NE;-3;#NE;-3;#NE;Obrigatório;1;0;0;0
13/04/2021;19:37:12;2012;ES;56057;ALFREDO CHAVES;12;33;1171;;2;MASCULINO;9;DIVORCIADO;7074;70 a 74 anos                  ;1;ANALFABETO;-3;#NE;-3;#NE;-3;#NE;-3;#NE;Facultativo;1;0;0;0
13/04/2021;19:37:12;2012;ES;56057;ALFREDO CHAVES;12;33;1171;;4;FEMININO;1;SOLTEIRO;1600;16 anos                       ;5;ENSINO MÉDIO INCOMPLETO;-3;#NE;-3;#NE;-3;#NE;-3;#NE;Facultativo;5;0;0;0
13/04/2021;19:37:12;2012;ES;56057;ALFREDO CHAVES;12;33;1171;;4;FEMININO;1;SOLTEIRO;1800;18 anos                       ;5;ENSINO MÉDIO INCOMPLETO;-3;#NE;-3;#NE;-3;#NE;-3;#NE;Obrigatório;1;0;0;0
13/04/2021;19:37:12;2012;ES;56057;ALFREDO CHAVES;12;33;1171;;4;FEMININO;1;SOLTEIRO;1800;18 anos                       ;6;ENSINO MÉDIO COMPLETO;-3;#NE;-3;#NE;-3;#NE;-3;#NE;Obrigatório;1;0;0;0
13/04/2021;19:37:12;2012;ES;56057;ALFREDO CHAVES;12;33;1171;;4;FEMININO;1;SOLTEIRO;1800;18 anos                       ;7;SUPERIOR INCOMPLETO;-3;#NE;-3;#NE;-3;#NE;-3;#NE;Obrigatório;1;0;0;0
13/04/2021;19:37:12;2012;ES;56057;ALFREDO CHAVES;12;33;1171;;4;FEMININO;1;SOLTEIRO;2124;21 a 24 anos                  ;5;ENSINO MÉDIO INCOMPLETO;-3;#NE;-3;#NE;-3;#NE;-3;#NE;Obrigatório;5;0;0;0
13/04/2021;19:37:12;2012;ES;56057;ALFREDO CHAVES;12;33;1171;;4;FEMININO;1;SOLTEIRO;2124;21 a 24 anos                  ;6;ENSINO MÉDIO COMPLETO;-3;#NE;-3;#NE;-3;#NE;-3;#NE;Obrigatório;2;0;0;0
13/04/2021;19:37:12;2012;ES;56057;ALFREDO CHAVES;12;33;1171;;4;FEMININO;1;SOLTEIRO;2529;25 a 29 anos                  ;3;ENSINO FUNDAMENTAL INCOMPLETO;-3;#NE;-3;#NE;-3;#NE;-3;#NE;Obrigatório;1;0;0;0
13/04/2021;19:37:12;2012;ES;56057;ALFREDO CHAVES;12;33;1171;;4;FEMININO;1;SOLTEIRO;2529;25 a 29 anos                  ;4;ENSINO FUNDAMENTAL COMPLETO;-3;#NE;-3;#NE;-3;#NE;-3;#NE;Obrigatório;2;0;0;0
13/04/2021;19:37:12;2012;ES;56057;ALFREDO CHAVES;12;33;1171;;4;FEMININO;1;SOLTEIRO;2529;25 a 29 anos                  ;5;ENSINO MÉDIO INCOMPLETO;-3;#NE;-3;#NE;-3;#NE;-3;#NE;Obrigatório;12;0;0;0
13/04/2021;19:37:12;2012;ES;56057;ALFREDO CHAVES;12;33;1171;;4;FEMININO;1;SOLTEIRO;2529;25 a 29 anos                  ;7;SUPERIOR INCOMPLETO;-3;#NE;-3;#NE;-3;#NE;-3;#NE;Obrigatório;1;0;0;0
13/04/2021;19:37:12;2012;ES;56057;ALFREDO CHAVES;12;33;1171;;4;FEMININO;1;SOLTEIRO;3034;30 a 34 anos                  ;3;ENSINO FUNDAMENTAL INCOMPLETO;-3;#NE;-3;#NE;-3;#NE;-3;#NE;Obrigatório;3;0;0;0
13/04/2021;19:37:12;2012;ES;56057;ALFREDO CHAVES;12;33;1171;;4;FEMININO;1;SOLTEIRO;3034;30 a 34 anos                  ;5;ENSINO MÉDIO INCOMPLETO;-3;#NE;-3;#NE;-3;#NE;-3;#NE;Obrigatório;2;0;0;0
13/04/2021;19:37:12;2012;ES;56057;ALFREDO CHAVES;12;33;1171;;4;FEMININO;1;SOLTEIRO;3034;30 a 34 anos                  ;6;ENSINO MÉDIO COMPLETO;-3;#NE;-3;#NE;-3;#NE;-3;#NE;Obrigatório;1;0;0;0
13/04/2021;19:37:12;2012;ES;56057;ALFREDO CHAVES;12;33;1171;;4;FEMININO;1;SOLTEIRO;3539;35 a 39 anos                  ;1;ANALFABETO;-3;#NE;-3;#NE;-3;#NE;-3;#NE;Facultativo;2;0;0;0
13/04/2021;19:37:12;2012;ES;56057;ALFREDO CHAVES;12;33;1171;;4;FEMININO;1;SOLTEIRO;3539;35 a 39 anos                  ;3;ENSINO FUNDAMENTAL INCOMPLETO;-3;#NE;-3;#NE;-3;#NE;-3;#NE;Obrigatório;18;0;0;0
13/04/2021;19:37:12;2012;ES;56057;ALFREDO CHAVES;12;33;1171;;4;FEMININO;1;SOLTEIRO;3539;35 a 39 anos                  ;5;ENSINO MÉDIO INCOMPLETO;-3;#NE;-3;#NE;-3;#NE;-3;#NE;Obrigatório;20;0;0;0
13/04/2021;19:37:12;2012;ES;56057;ALFREDO CHAVES;12;33;1171;;4;FEMININO;1;SOLTEIRO;3539;35 a 39 anos                  ;7;SUPERIOR INCOMPLETO;-3;#NE;-3;#NE;-3;#NE;-3;#NE;Obrigatório;2;0;0;0
13/04/2021;19:37:12;2012;ES;56057;ALFREDO CHAVES;12;33;1171;;4;FEMININO;1;SOLTEIRO;4044;40 a 44 anos                  ;3;ENSINO FUNDAMENTAL INCOMPLETO;-3;#NE;-3;#NE;-3;#NE;-3;#NE;Obrigatório;5;0;0;0
13/04/2021;19:37:12;2012;ES;56057;ALFREDO CHAVES;12;33;1171;;4;FEMININO;1;SOLTEIRO;4044;40 a 44 anos                  ;5;ENSINO MÉDIO INCOMPLETO;-3;#NE;-3;#NE;-3;#NE;-3;#NE;Obrigatório;2;0;0;0
13/04/2021;19:37:12;2012;ES;56057;ALFREDO CHAVES;12;33;1171;;4;FEMININO;1;SOLTEIRO;4549;45 a 49 anos                  ;6;ENSINO MÉDIO COMPLETO;-3;#NE;-3;#NE;-3;#NE;-3;#NE;Obrigatório;1;0;0;0
13/04/2021;19:37:12;2012;ES;56057;ALFREDO CHAVES;12;33;1171;;4;FEMININO;1;SOLTEIRO;5054;50 a 54 anos                  ;2;LÊ E ESCREVE;-3;#NE;-3;#NE;-3;#NE;-3;#NE;Obrigatório;1;0;0;0
13/04/2021;19:37:12;2012;ES;56057;ALFREDO CHAVES;12;35;1171;;4;FEMININO;1;SOLTEIRO;3034;30 a 34 anos                  ;3;ENSINO FUNDAMENTAL INCOMPLETO;-3;#NE;-3;#NE;-3;#NE;-3;#NE;Obrigatório;16;0;0;0
13/04/2021;19:37:12;2012;ES;56057;ALFREDO CHAVES;12;35;1171;;4;FEMININO;1;SOLTEIRO;3034;30 a 34 anos                  ;4;ENSINO FUNDAMENTAL COMPLETO;-3;#NE;-3;#NE;-3;#NE;-3;#NE;Obrigatório;5;0;0;0
13/04/2021;19:37:12;2012;ES;56057;ALFREDO CHAVES;12;35;1171;;4;FEMININO;1;SOLTEIRO;3034;30 a 34 anos                  ;6;ENSINO MÉDIO COMPLETO;-3;#NE;-3;#NE;-3;#NE;-3;#NE;Obrigatório;9;0;0;0
13/04/2021;19:37:12;2012;ES;56057;ALFREDO CHAVES;12;35;1171;;4;FEMININO;1;SOLTEIRO;3034;30 a 34 anos                  ;7;SUPERIOR INCOMPLETO;-3;#NE;-3;#NE;-3;#NE;-3;#NE;Obrigatório;3;0;0;0
13/04/2021;19:37:12;2012;ES;56057;ALFREDO CHAVES;12;35;1171;;4;FEMININO;1;SOLTEIRO;3034;30 a 34 anos                  ;8;SUPERIOR COMPLETO;-3;#NE;-3;#NE;-3;#NE;-3;#NE;Obrigatório;1;0;0;0
13/04/2021;19:37:12;2012;ES;56057;ALFREDO CHAVES;12;35;1171;;4;FEMININO;1;SOLTEIRO;3539;35 a 39 anos                  ;5;ENSINO MÉDIO INCOMPLETO;-3;#NE;-3;#NE;-3;#NE;-3;#NE;Obrigatório;2;0;0;0
13/04/2021;19:37:12;2012;ES;56057;ALFREDO CHAVES;12;35;1171;;4;FEMININO;1;SOLTEIRO;3539;35 a 39 anos                  ;6;ENSINO MÉDIO COMPLETO;-3;#NE;-3;#NE;-3;#NE;-3;#NE;Obrigatório;4;0;0;0
13/04/2021;19:37:12;2012;ES;56057;ALFREDO CHAVES;12;35;1171;;4;FEMININO;1;SOLTEIRO;3539;35 a 39 anos                  ;8;SUPERIOR COMPLETO;-3;#NE;-3;#NE;-3;#NE;-3;#NE;Obrigatório;1;0;0;0
13/04/2021;19:37:12;2012;ES;56057;ALFREDO CHAVES;12;35;1171;;4;FEMININO;1;SOLTEIRO;4549;45 a 49 anos                  ;3;ENSINO FUNDAMENTAL INCOMPLETO;-3;#NE;-3;#NE;-3;#NE;-3;#NE;Obrigatório;2;0;0;0
13/04/2021;19:37:12;2012;ES;56057;ALFREDO CHAVES;12;35;1171;;4;FEMININO;1;SOLTEIRO;4549;45 a 49 anos                  ;5;ENSINO MÉDIO INCOMPLETO;-3;#NE;-3;#NE;-3;#NE;-3;#NE;Obrigatório;1;0;0;0
13/04/2021;19:37:12;2012;ES;56057;ALFREDO CHAVES;12;35;1171;;4;FEMININO;1;SOLTEIRO;5054;50 a 54 anos                  ;3;ENSINO FUNDAMENTAL INCOMPLETO;-3;#NE;-3;#NE;-3;#NE;-3;#NE;Obrigatório;1;0;0;0
13/04/2021;19:37:12;2012;ES;56057;ALFREDO CHAVES;12;35;1171;;4;FEMININO;1;SOLTEIRO;8084;80 a 84 anos                  ;2;LÊ E ESCREVE;-3;#NE;-3;#NE;-3;#NE;-3;#NE;Facultativo;1;0;0;0
13/04/2021;19:37:12;2012;ES;56057;ALFREDO CHAVES;12;35;1171;;4;FEMININO;3;CASADO;2000;20 anos                       ;3;ENSINO FUNDAMENTAL INCOMPLETO;-3;#NE;-3;#NE;-3;#NE;-3;#NE;Obrigatório;1;0;0;0
13/04/2021;19:37:12;2012;ES;56057;ALFREDO CHAVES;12;35;1171;;4;FEMININO;3;CASADO;2124;21 a 24 anos                  ;6;ENSINO MÉDIO COMPLETO;-3;#NE;-3;#NE;-3;#NE;-3;#NE;Obrigatório;1;0;0;0
13/04/2021;19:37:12;2012;ES;56057;ALFREDO CHAVES;12;35;1171;;4;FEMININO;3;CASADO;2529;25 a 29 anos                  ;6;ENSINO MÉDIO COMPLETO;-3;#NE;-3;#NE;-3;#NE;-3;#NE;Obrigatório;1;0;0;0
13/04/2021;19:37:12;2012;ES;56057;ALFREDO CHAVES;12;35;1171;;4;FEMININO;3;CASADO;3034;30 a 34 anos                  ;3;ENSINO FUNDAMENTAL INCOMPLETO;-3;#NE;-3;#NE;-3;#NE;-3;#NE;Obrigatório;1;0;0;0
13/04/2021;19:37:12;2012;ES;56057;ALFREDO CHAVES;12;35;1171;;4;FEMININO;3;CASADO;3034;30 a 34 anos                  ;5;ENSINO MÉDIO INCOMPLETO;-3;#NE;-3;#NE;-3;#NE;-3;#NE;Obrigatório;2;0;0;0
13/04/2021;19:37:12;2012;ES;56057;ALFREDO CHAVES;12;35;1171;;4;FEMININO;3;CASADO;3034;30 a 34 anos                  ;6;ENSINO MÉDIO COMPLETO;-3;#NE;-3;#NE;-3;#NE;-3;#NE;Obrigatório;2;0;0;0
13/04/2021;19:37:12;2012;ES;56057;ALFREDO CHAVES;12;35;1171;;4;FEMININO;3;CASADO;3539;35 a 39 anos                  ;2;LÊ E ESCREVE;-3;#NE;-3;#NE;-3;#NE;-3;#NE;Obrigatório;1;0;0;0
13/04/2021;19:37:12;2012;ES;56057;ALFREDO CHAVES;12;35;1171;;4;FEMININO;3;CASADO;3539;35 a 39 anos                  ;3;ENSINO FUNDAMENTAL INCOMPLETO;-3;#NE;-3;#NE;-3;#NE;-3;#NE;Obrigatório;1;0;0;0
13/04/2021;19:37:12;2012;ES;56057;ALFREDO CHAVES;12;35;1171;;4;FEMININO;3;CASADO;3539;35 a 39 anos                  ;4;ENSINO FUNDAMENTAL COMPLETO;-3;#NE;-3;#NE;-3;#NE;-3;#NE;Obrigatório;1;0;0;0
13/04/2021;19:37:12;2012;ES;56057;ALFREDO CHAVES;12;35;1171;;4;FEMININO;3;CASADO;3539;35 a 39 anos                  ;6;ENSINO MÉDIO COMPLETO;-3;#NE;-3;#NE;-3;#NE;-3;#NE;Obrigatório;1;0;0;0
13/04/2021;19:37:12;2012;ES;56057;ALFREDO CHAVES;12;35;1171;;4;FEMININO;3;CASADO;3539;35 a 39 anos                  ;7;SUPERIOR INCOMPLETO;-3;#NE;-3;#NE;-3;#NE;-3;#NE;Obrigatório;1;0;0;0
13/04/2021;19:37:12;2012;ES;56057;ALFREDO CHAVES;12;35;1171;;4;FEMININO;3;CASADO;4044;40 a 44 anos                  ;3;ENSINO FUNDAMENTAL INCOMPLETO;-3;#NE;-3;#NE;-3;#NE;-3;#NE;Obrigatório;4;0;0;0
13/04/2021;19:37:12;2012;ES;56057;ALFREDO CHAVES;12;35;1171;;4;FEMININO;3;CASADO;4044;40 a 44 anos                  ;7;SUPERIOR INCOMPLETO;-3;#NE;-3;#NE;-3;#NE;-3;#NE;Obrigatório;1;0;0;0
13/04/2021;19:37:12;2012;ES;56057;ALFREDO CHAVES;12;35;1171;;4;FEMININO;3;CASADO;4549;45 a 49 anos                  ;6;ENSINO MÉDIO COMPLETO;-3;#NE;-3;#NE;-3;#NE;-3;#NE;Obrigatório;1;0;0;0
13/04/2021;19:37:12;2012;ES;56057;ALFREDO CHAVES;12;35;1171;;4;FEMININO;3;CASADO;5054;50 a 54 anos                  ;3;ENSINO FUNDAMENTAL INCOMPLETO;-3;#NE;-3;#NE;-3;#NE;-3;#NE;Obrigatório;5;0;0;0
13/04/2021;19:37:12;2012;ES;56057;ALFREDO CHAVES;12;35;1171;;4;FEMININO;3;CASADO;5054;50 a 54 anos                  ;6;ENSINO MÉDIO COMPLETO;-3;#NE;-3;#NE;-3;#NE;-3;#NE;Obrigatório;1;0;0;0
13/04/2021;19:37:12;2012;ES;56057;ALFREDO CHAVES;12;35;1171;;4;FEMININO;3;CASADO;5054;50 a 54 anos                  ;8;SUPERIOR COMPLETO;-3;#NE;-3;#NE;-3;#NE;-3;#NE;Obrigatório;1;0;0;0
13/04/2021;19:37:12;2012;ES;56057;ALFREDO CHAVES;12;35;1171;;4;FEMININO;3;CASADO;5559;55 a 59 anos                  ;3;ENSINO FUNDAMENTAL INCOMPLETO;-3;#NE;-3;#NE;-3;#NE;-3;#NE;Obrigatório;2;0;0;0
13/04/2021;19:37:12;2012;ES;56057;ALFREDO CHAVES;12;35;1171;;4;FEMININO;3;CASADO;5559;55 a 59 anos                  ;6;ENSINO MÉDIO COMPLETO;-3;#NE;-3;#NE;-3;#NE;-3;#NE;Obrigatório;1;0;0;0
13/04/2021;19:37:12;2012;ES;56057;ALFREDO CHAVES;12;35;1171;;4;FEMININO;3;CASADO;6064;60 a 64 anos                  ;1;ANALFABETO;-3;#NE;-3;#NE;-3;#NE;-3;#NE;Facultativo;2;0;0;0
13/04/2021;19:37:12;2012;ES;56057;ALFREDO CHAVES;12;35;1171;;4;FEMININO;3;CASADO;7074;70 a 74 anos                  ;3;ENSINO FUNDAMENTAL INCOMPLETO;-3;#NE;-3;#NE;-3;#NE;-3;#NE;Facultativo;1;0;0;0
13/04/2021;19:37:12;2012;ES;56057;ALFREDO CHAVES;12;35;1171;;4;FEMININO;3;CASADO;7579;75 a 79 anos                  ;1;ANALFABETO;-3;#NE;-3;#NE;-3;#NE;-3;#NE;Facultativo;1;0;0;0
13/04/2021;19:37:12;2012;ES;56057;ALFREDO CHAVES;12;35;1171;;4;FEMININO;3;CASADO;8084;80 a 84 anos                  ;3;ENSINO FUNDAMENTAL INCOMPLETO;-3;#NE;-3;#NE;-3;#NE;-3;#NE;Facultativo;1;0;0;0
13/04/2021;19:37:12;2012;ES;56057;ALFREDO CHAVES;12;1;1015;;2;MASCULINO;3;CASADO;5559;55 a 59 anos                  ;4;ENSINO FUNDAMENTAL COMPLETO;-3;#NE;-3;#NE;-3;#NE;-3;#NE;Obrigatório;1;0;0;0
13/04/2021;19:37:12;2012;ES;56057;ALFREDO CHAVES;12;1;1015;;2;MASCULINO;3;CASADO;5559;55 a 59 anos                  ;5;ENSINO MÉDIO INCOMPLETO;-3;#NE;-3;#NE;-3;#NE;-3;#NE;Obrigatório;2;0;0;0
13/04/2021;19:37:12;2012;ES;56057;ALFREDO CHAVES;12;1;1015;;2;MASCULINO;3;CASADO;5559;55 a 59 anos                  ;6;ENSINO MÉDIO COMPLETO;-3;#NE;-3;#NE;-3;#NE;-3;#NE;Obrigatório;2;0;0;0
13/04/2021;19:37:12;2012;ES;56057;ALFREDO CHAVES;12;1;1015;;2;MASCULINO;3;CASADO;6064;60 a 64 anos                  ;2;LÊ E ESCREVE;-3;#NE;-3;#NE;-3;#NE;-3;#NE;Obrigatório;3;0;0;0
13/04/2021;19:37:12;2012;ES;56057;ALFREDO CHAVES;12;1;1015;;2;MASCULINO;3;CASADO;6064;60 a 64 anos                  ;3;ENSINO FUNDAMENTAL INCOMPLETO;-3;#NE;-3;#NE;-3;#NE;-3;#NE;Obrigatório;5;0;0;0
13/04/2021;19:37:12;2012;ES;56057;ALFREDO CHAVES;12;1;1015;;2;MASCULINO;3;CASADO;6064;60 a 64 anos                  ;4;ENSINO FUNDAMENTAL COMPLETO;-3;#NE;-3;#NE;-3;#NE;-3;#NE;Obrigatório;2;0;0;0
13/04/2021;19:37:12;2012;ES;56057;ALFREDO CHAVES;12;1;1015;;2;MASCULINO;3;CASADO;6064;60 a 64 anos                  ;7;SUPERIOR INCOMPLETO;-3;#NE;-3;#NE;-3;#NE;-3;#NE;Obrigatório;1;0;0;0
13/04/2021;19:37:12;2012;ES;56057;ALFREDO CHAVES;12;1;1015;;2;MASCULINO;3;CASADO;6064;60 a 64 anos                  ;8;SUPERIOR COMPLETO;-3;#NE;-3;#NE;-3;#NE;-3;#NE;Obrigatório;1;0;0;0
13/04/2021;19:37:12;2012;ES;56057;ALFREDO CHAVES;12;1;1015;;2;MASCULINO;3;CASADO;6569;65 a 69 anos                  ;1;ANALFABETO;-3;#NE;-3;#NE;-3;#NE;-3;#NE;Facultativo;1;0;0;0
13/04/2021;19:37:12;2012;ES;56057;ALFREDO CHAVES;12;1;1015;;2;MASCULINO;3;CASADO;6569;65 a 69 anos                  ;3;ENSINO FUNDAMENTAL INCOMPLETO;-3;#NE;-3;#NE;-3;#NE;-3;#NE;Obrigatório;8;0;0;0
13/04/2021;19:37:12;2012;ES;56057;ALFREDO CHAVES;12;1;1015;;2;MASCULINO;3;CASADO;6569;65 a 69 anos                  ;6;ENSINO MÉDIO COMPLETO;-3;#NE;-3;#NE;-3;#NE;-3;#NE;Obrigatório;1;0;0;0
13/04/2021;19:37:12;2012;ES;56057;ALFREDO CHAVES;12;1;1015;;2;MASCULINO;3;CASADO;7074;70 a 74 anos                  ;2;LÊ E ESCREVE;-3;#NE;-3;#NE;-3;#NE;-3;#NE;Facultativo;1;0;0;0
13/04/2021;19:37:12;2012;ES;56057;ALFREDO CHAVES;12;1;1015;;2;MASCULINO;3;CASADO;7579;75 a 79 anos                  ;1;ANALFABETO;-3;#NE;-3;#NE;-3;#NE;-3;#NE;Facultativo;1;0;0;0
13/04/2021;19:37:12;2012;ES;56057;ALFREDO CHAVES;12;1;1015;;2;MASCULINO;3;CASADO;7579;75 a 79 anos                  ;2;LÊ E ESCREVE;-3;#NE;-3;#NE;-3;#NE;-3;#NE;Facultativo;2;0;0;0
13/04/2021;19:37:12;2012;ES;56057;ALFREDO CHAVES;12;1;1015;;2;MASCULINO;3;CASADO;7579;75 a 79 anos                  ;3;ENSINO FUNDAMENTAL INCOMPLETO;-3;#NE;-3;#NE;-3;#NE;-3;#NE;Facultativo;2;0;0;0
13/04/2021;19:37:12;2012;ES;56057;ALFREDO CHAVES;12;1;1015;;2;MASCULINO;3;CASADO;7579;75 a 79 anos                  ;4;ENSINO FUNDAMENTAL COMPLETO;-3;#NE;-3;#NE;-3;#NE;-3;#NE;Facultativo;1;0;0;0
13/04/2021;19:37:12;2012;ES;56057;ALFREDO CHAVES;12;1;1015;;2;MASCULINO;3;CASADO;8589;85 a 89 anos                  ;1;ANALFABETO;-3;#NE;-3;#NE;-3;#NE;-3;#NE;Facultativo;1;0;0;0
13/04/2021;19:37:12;2012;ES;56057;ALFREDO CHAVES;12;1;1015;;2;MASCULINO;3;CASADO;8589;85 a 89 anos                  ;8;SUPERIOR COMPLETO;-3;#NE;-3;#NE;-3;#NE;-3;#NE;Facultativo;1;0;0;0
13/04/2021;19:37:12;2012;ES;56057;ALFREDO CHAVES;12;1;1015;;2;MASCULINO;3;CASADO;9094;90 a 94 anos                  ;2;LÊ E ESCREVE;-3;#NE;-3;#NE;-3;#NE;-3;#NE;Facultativo;1;0;0;0
13/04/2021;19:37:12;2012;ES;56057;ALFREDO CHAVES;12;1;1015;;2;MASCULINO;3;CASADO;9094;90 a 94 anos                  ;3;ENSINO FUNDAMENTAL INCOMPLETO;-3;#NE;-3;#NE;-3;#NE;-3;#NE;Facultativo;1;0;0;0
13/04/2021;19:37:12;2012;ES;56057;ALFREDO CHAVES;12;1;1015;;2;MASCULINO;5;VIÚVO;7074;70 a 74 anos                  ;2;LÊ E ESCREVE;-3;#NE;-3;#NE;-3;#NE;-3;#NE;Facultativo;1;0;0;0
13/04/2021;19:37:12;2012;ES;56057;ALFREDO CHAVES;12;1;1015;;2;MASCULINO;7;SEPARADO JUDICIALMENTE;5054;50 a 54 anos                  ;3;ENSINO FUNDAMENTAL INCOMPLETO;-3;#NE;-3;#NE;-3;#NE;-3;#NE;Obrigatório;1;0;0;0
13/04/2021;19:37:12;2012;ES;56057;ALFREDO CHAVES;12;1;1015;;2;MASCULINO;7;SEPARADO JUDICIALMENTE;5054;50 a 54 anos                  ;6;ENSINO MÉDIO COMPLETO;-3;#NE;-3;#NE;-3;#NE;-3;#NE;Obrigatório;1;0;0;0
13/04/2021;19:37:12;2012;ES;56057;ALFREDO CHAVES;12;1;1015;;2;MASCULINO;7;SEPARADO JUDICIALMENTE;5559;55 a 59 anos                  ;8;SUPERIOR COMPLETO;-3;#NE;-3;#NE;-3;#NE;-3;#NE;Obrigatório;1;0;0;0
13/04/2021;19:37:12;2012;ES;56057;ALFREDO CHAVES;12;1;1015;;2;MASCULINO;9;DIVORCIADO;4549;45 a 49 anos                  ;8;SUPERIOR COMPLETO;-3;#NE;-3;#NE;-3;#NE;-3;#NE;Obrigatório;1;0;0;0
13/04/2021;19:37:12;2012;ES;56057;ALFREDO CHAVES;12;1;1015;;2;MASCULINO;9;DIVORCIADO;5559;55 a 59 anos                  ;6;ENSINO MÉDIO COMPLETO;-3;#NE;-3;#NE;-3;#NE;-3;#NE;Obrigatório;1;0;0;0
13/04/2021;19:37:12;2012;ES;56057;ALFREDO CHAVES;12;1;1015;;4;FEMININO;1;SOLTEIRO;1600;16 anos                       ;5;ENSINO MÉDIO INCOMPLETO;-3;#NE;-3;#NE;-3;#NE;-3;#NE;Facultativo;1;0;0;0
13/04/2021;19:37:12;2012;ES;56057;ALFREDO CHAVES;12;1;1015;;4;FEMININO;1;SOLTEIRO;1700;17 anos                       ;5;ENSINO MÉDIO INCOMPLETO;-3;#NE;-3;#NE;-3;#NE;-3;#NE;Facultativo;2;0;0;0
13/04/2021;19:37:12;2012;ES;56057;ALFREDO CHAVES;12;1;1015;;4;FEMININO;1;SOLTEIRO;1800;18 anos                       ;5;ENSINO MÉDIO INCOMPLETO;-3;#NE;-3;#NE;-3;#NE;-3;#NE;Obrigatório;2;0;0;0
13/04/2021;19:37:12;2012;ES;56057;ALFREDO CHAVES;12;1;1015;;4;FEMININO;1;SOLTEIRO;1900;19 anos                       ;5;ENSINO MÉDIO INCOMPLETO;-3;#NE;-3;#NE;-3;#NE;-3;#NE;Obrigatório;1;0;0;0
13/04/2021;19:37:12;2012;ES;56057;ALFREDO CHAVES;12;1;1015;;4;FEMININO;1;SOLTEIRO;2000;20 anos                       ;3;ENSINO FUNDAMENTAL INCOMPLETO;-3;#NE;-3;#NE;-3;#NE;-3;#NE;Obrigatório;1;0;0;0
13/04/2021;19:37:12;2012;ES;56057;ALFREDO CHAVES;12;1;1015;;4;FEMININO;1;SOLTEIRO;2000;20 anos                       ;5;ENSINO MÉDIO INCOMPLETO;-3;#NE;-3;#NE;-3;#NE;-3;#NE;Obrigatório;3;0;0;0
13/04/2021;19:37:12;2012;ES;56057;ALFREDO CHAVES;12;1;1015;;4;FEMININO;1;SOLTEIRO;2124;21 a 24 anos                  ;3;ENSINO FUNDAMENTAL INCOMPLETO;-3;#NE;-3;#NE;-3;#NE;-3;#NE;Obrigatório;5;0;0;0
13/04/2021;19:37:12;2012;ES;56057;ALFREDO CHAVES;12;1;1015;;4;FEMININO;1;SOLTEIRO;2124;21 a 24 anos                  ;5;ENSINO MÉDIO INCOMPLETO;-3;#NE;-3;#NE;-3;#NE;-3;#NE;Obrigatório;2;0;0;0
13/04/2021;19:37:12;2012;ES;56057;ALFREDO CHAVES;12;1;1015;;4;FEMININO;1;SOLTEIRO;2124;21 a 24 anos                  ;7;SUPERIOR INCOMPLETO;-3;#NE;-3;#NE;-3;#NE;-3;#NE;Obrigatório;1;0;0;0
13/04/2021;19:37:12;2012;ES;56057;ALFREDO CHAVES;12;1;1015;;4;FEMININO;1;SOLTEIRO;2529;25 a 29 anos                  ;3;ENSINO FUNDAMENTAL INCOMPLETO;-3;#NE;-3;#NE;-3;#NE;-3;#NE;Obrigatório;4;0;0;0
13/04/2021;19:37:12;2012;ES;56057;ALFREDO CHAVES;12;1;1015;;4;FEMININO;1;SOLTEIRO;2529;25 a 29 anos                  ;4;ENSINO FUNDAMENTAL COMPLETO;-3;#NE;-3;#NE;-3;#NE;-3;#NE;Obrigatório;1;0;0;0
13/04/2021;19:37:12;2012;ES;56057;ALFREDO CHAVES;12;1;1015;;4;FEMININO;1;SOLTEIRO;2529;25 a 29 anos                  ;5;ENSINO MÉDIO INCOMPLETO;-3;#NE;-3;#NE;-3;#NE;-3;#NE;Obrigatório;12;0;0;0
13/04/2021;19:37:12;2012;ES;56057;ALFREDO CHAVES;12;1;1015;;4;FEMININO;1;SOLTEIRO;2529;25 a 29 anos                  ;6;ENSINO MÉDIO COMPLETO;-3;#NE;-3;#NE;-3;#NE;-3;#NE;Obrigatório;1;0;0;0
13/04/2021;19:37:12;2012;ES;56057;ALFREDO CHAVES;12;1;1015;;4;FEMININO;1;SOLTEIRO;2529;25 a 29 anos                  ;7;SUPERIOR INCOMPLETO;-3;#NE;-3;#NE;-3;#NE;-3;#NE;Obrigatório;1;0;0;0
13/04/2021;19:37:12;2012;ES;56057;ALFREDO CHAVES;12;1;1015;;4;FEMININO;1;SOLTEIRO;3034;30 a 34 anos                  ;3;ENSINO FUNDAMENTAL INCOMPLETO;-3;#NE;-3;#NE;-3;#NE;-3;#NE;Obrigatório;7;0;0;0
13/04/2021;19:37:12;2012;ES;56057;ALFREDO CHAVES;12;1;1015;;4;FEMININO;1;SOLTEIRO;3034;30 a 34 anos                  ;4;ENSINO FUNDAMENTAL COMPLETO;-3;#NE;-3;#NE;-3;#NE;-3;#NE;Obrigatório;3;0;0;0
13/04/2021;19:37:12;2012;ES;56057;ALFREDO CHAVES;12;1;1015;;4;FEMININO;1;SOLTEIRO;3034;30 a 34 anos                  ;5;ENSINO MÉDIO INCOMPLETO;-3;#NE;-3;#NE;-3;#NE;-3;#NE;Obrigatório;4;0;0;0
13/04/2021;19:37:12;2012;ES;56057;ALFREDO CHAVES;12;1;1015;;4;FEMININO;1;SOLTEIRO;3034;30 a 34 anos                  ;6;ENSINO MÉDIO COMPLETO;-3;#NE;-3;#NE;-3;#NE;-3;#NE;Obrigatório;3;0;0;0
13/04/2021;19:37:12;2012;ES;56057;ALFREDO CHAVES;12;1;1015;;4;FEMININO;1;SOLTEIRO;3034;30 a 34 anos                  ;7;SUPERIOR INCOMPLETO;-3;#NE;-3;#NE;-3;#NE;-3;#NE;Obrigatório;1;0;0;0
13/04/2021;19:37:12;2012;ES;56057;ALFREDO CHAVES;12;1;1015;;4;FEMININO;1;SOLTEIRO;3539;35 a 39 anos                  ;3;ENSINO FUNDAMENTAL INCOMPLETO;-3;#NE;-3;#NE;-3;#NE;-3;#NE;Obrigatório;1;0;0;0
13/04/2021;19:37:12;2012;ES;56057;ALFREDO CHAVES;12;1;1015;;4;FEMININO;1;SOLTEIRO;3539;35 a 39 anos                  ;5;ENSINO MÉDIO INCOMPLETO;-3;#NE;-3;#NE;-3;#NE;-3;#NE;Obrigatório;1;0;0;0
13/04/2021;19:37:12;2012;ES;56057;ALFREDO CHAVES;12;1;1015;;4;FEMININO;1;SOLTEIRO;4044;40 a 44 anos                  ;1;ANALFABETO;-3;#NE;-3;#NE;-3;#NE;-3;#NE;Facultativo;1;0;0;0
13/04/2021;19:37:12;2012;ES;56057;ALFREDO CHAVES;12;1;1015;;4;FEMININO;1;SOLTEIRO;4044;40 a 44 anos                  ;3;ENSINO FUNDAMENTAL INCOMPLETO;-3;#NE;-3;#NE;-3;#NE;-3;#NE;Obrigatório;1;0;0;0
13/04/2021;19:37:12;2012;ES;56057;ALFREDO CHAVES;12;1;1015;;4;FEMININO;1;SOLTEIRO;4044;40 a 44 anos                  ;5;ENSINO MÉDIO INCOMPLETO;-3;#NE;-3;#NE;-3;#NE;-3;#NE;Obrigatório;1;0;0;0
13/04/2021;19:37:12;2012;ES;56057;ALFREDO CHAVES;12;1;1015;;4;FEMININO;1;SOLTEIRO;4044;40 a 44 anos                  ;6;ENSINO MÉDIO COMPLETO;-3;#NE;-3;#NE;-3;#NE;-3;#NE;Obrigatório;2;0;0;0
13/04/2021;19:37:12;2012;ES;56057;ALFREDO CHAVES;12;1;1015;;4;FEMININO;1;SOLTEIRO;4549;45 a 49 anos                  ;5;ENSINO MÉDIO INCOMPLETO;-3;#NE;-3;#NE;-3;#NE;-3;#NE;Obrigatório;1;0;0;0
13/04/2021;19:37:12;2012;ES;56057;ALFREDO CHAVES;12;1;1015;;4;FEMININO;1;SOLTEIRO;4549;45 a 49 anos                  ;6;ENSINO MÉDIO COMPLETO;-3;#NE;-3;#NE;-3;#NE;-3;#NE;Obrigatório;3;0;0;0
13/04/2021;19:37:12;2012;ES;56057;ALFREDO CHAVES;12;1;1015;;4;FEMININO;1;SOLTEIRO;4549;45 a 49 anos                  ;7;SUPERIOR INCOMPLETO;-3;#NE;-3;#NE;-3;#NE;-3;#NE;Obrigatório;1;0;0;0
13/04/2021;19:37:12;2012;ES;56057;ALFREDO CHAVES;12;2;1015;;4;FEMININO;3;CASADO;5559;55 a 59 anos                  ;8;SUPERIOR COMPLETO;-3;#NE;-3;#NE;-3;#NE;-3;#NE;Obrigatório;1;0;0;0
13/04/2021;19:37:12;2012;ES;56057;ALFREDO CHAVES;12;2;1015;;4;FEMININO;3;CASADO;6064;60 a 64 anos                  ;2;LÊ E ESCREVE;-3;#NE;-3;#NE;-3;#NE;-3;#NE;Obrigatório;3;0;0;0
13/04/2021;19:37:12;2012;ES;56057;ALFREDO CHAVES;12;2;1015;;4;FEMININO;3;CASADO;6064;60 a 64 anos                  ;3;ENSINO FUNDAMENTAL INCOMPLETO;-3;#NE;-3;#NE;-3;#NE;-3;#NE;Obrigatório;4;0;0;0
13/04/2021;19:37:12;2012;ES;56057;ALFREDO CHAVES;12;2;1015;;4;FEMININO;3;CASADO;6064;60 a 64 anos                  ;4;ENSINO FUNDAMENTAL COMPLETO;-3;#NE;-3;#NE;-3;#NE;-3;#NE;Obrigatório;2;0;0;0
13/04/2021;19:37:12;2012;ES;56057;ALFREDO CHAVES;12;2;1015;;4;FEMININO;3;CASADO;6064;60 a 64 anos                  ;6;ENSINO MÉDIO COMPLETO;-3;#NE;-3;#NE;-3;#NE;-3;#NE;Obrigatório;2;0;0;0
13/04/2021;19:37:12;2012;ES;56057;ALFREDO CHAVES;12;2;1015;;4;FEMININO;3;CASADO;6569;65 a 69 anos                  ;2;LÊ E ESCREVE;-3;#NE;-3;#NE;-3;#NE;-3;#NE;Obrigatório;2;0;0;0
13/04/2021;19:37:12;2012;ES;56057;ALFREDO CHAVES;12;2;1015;;4;FEMININO;3;CASADO;6569;65 a 69 anos                  ;3;ENSINO FUNDAMENTAL INCOMPLETO;-3;#NE;-3;#NE;-3;#NE;-3;#NE;Obrigatório;1;0;0;0
13/04/2021;19:37:12;2012;ES;56057;ALFREDO CHAVES;12;2;1015;;4;FEMININO;3;CASADO;6569;65 a 69 anos                  ;4;ENSINO FUNDAMENTAL COMPLETO;-3;#NE;-3;#NE;-3;#NE;-3;#NE;Obrigatório;1;0;0;0
13/04/2021;19:37:12;2012;ES;56057;ALFREDO CHAVES;12;2;1015;;4;FEMININO;3;CASADO;7074;70 a 74 anos                  ;2;LÊ E ESCREVE;-3;#NE;-3;#NE;-3;#NE;-3;#NE;Facultativo;2;0;0;0
13/04/2021;19:37:12;2012;ES;56057;ALFREDO CHAVES;12;2;1015;;4;FEMININO;3;CASADO;7074;70 a 74 anos                  ;6;ENSINO MÉDIO COMPLETO;-3;#NE;-3;#NE;-3;#NE;-3;#NE;Facultativo;1;0;0;0
13/04/2021;19:37:12;2012;ES;56057;ALFREDO CHAVES;12;2;1015;;4;FEMININO;3;CASADO;7579;75 a 79 anos                  ;1;ANALFABETO;-3;#NE;-3;#NE;-3;#NE;-3;#NE;Facultativo;1;0;0;0
13/04/2021;19:37:12;2012;ES;56057;ALFREDO CHAVES;12;2;1015;;4;FEMININO;3;CASADO;7579;75 a 79 anos                  ;2;LÊ E ESCREVE;-3;#NE;-3;#NE;-3;#NE;-3;#NE;Facultativo;3;0;0;0
13/04/2021;19:37:12;2012;ES;56057;ALFREDO CHAVES;12;2;1015;;4;FEMININO;3;CASADO;7579;75 a 79 anos                  ;3;ENSINO FUNDAMENTAL INCOMPLETO;-3;#NE;-3;#NE;-3;#NE;-3;#NE;Facultativo;2;0;0;0
13/04/2021;19:37:12;2012;ES;56057;ALFREDO CHAVES;12;2;1015;;4;FEMININO;3;CASADO;8084;80 a 84 anos                  ;2;LÊ E ESCREVE;-3;#NE;-3;#NE;-3;#NE;-3;#NE;Facultativo;1;0;0;0
13/04/2021;19:37:12;2012;ES;56057;ALFREDO CHAVES;12;2;1015;;4;FEMININO;3;CASADO;8084;80 a 84 anos                  ;3;ENSINO FUNDAMENTAL INCOMPLETO;-3;#NE;-3;#NE;-3;#NE;-3;#NE;Facultativo;1;0;0;0
13/04/2021;19:37:12;2012;ES;56057;ALFREDO CHAVES;12;2;1015;;4;FEMININO;3;CASADO;8589;85 a 89 anos                  ;3;ENSINO FUNDAMENTAL INCOMPLETO;-3;#NE;-3;#NE;-3;#NE;-3;#NE;Facultativo;3;0;0;0
13/04/2021;19:37:12;2012;ES;56057;ALFREDO CHAVES;12;2;1015;;4;FEMININO;3;CASADO;9094;90 a 94 anos                  ;2;LÊ E ESCREVE;-3;#NE;-3;#NE;-3;#NE;-3;#NE;Facultativo;1;0;0;0
13/04/2021;19:37:12;2012;ES;56057;ALFREDO CHAVES;12;2;1015;;4;FEMININO;3;CASADO;9599;95 a 99 anos                  ;3;ENSINO FUNDAMENTAL INCOMPLETO;-3;#NE;-3;#NE;-3;#NE;-3;#NE;Facultativo;1;0;0;0
13/04/2021;19:37:12;2012;ES;56057;ALFREDO CHAVES;12;2;1015;;4;FEMININO;5;VIÚVO;5054;50 a 54 anos                  ;6;ENSINO MÉDIO COMPLETO;-3;#NE;-3;#NE;-3;#NE;-3;#NE;Obrigatório;1;0;0;0
13/04/2021;19:37:12;2012;ES;56057;ALFREDO CHAVES;12;2;1015;;4;FEMININO;5;VIÚVO;5559;55 a 59 anos                  ;1;ANALFABETO;-3;#NE;-3;#NE;-3;#NE;-3;#NE;Facultativo;1;0;0;0
13/04/2021;19:37:12;2012;ES;56057;ALFREDO CHAVES;12;2;1015;;4;FEMININO;5;VIÚVO;5559;55 a 59 anos                  ;3;ENSINO FUNDAMENTAL INCOMPLETO;-3;#NE;-3;#NE;-3;#NE;-3;#NE;Obrigatório;1;0;0;0
13/04/2021;19:37:12;2012;ES;56057;ALFREDO CHAVES;12;2;1015;;4;FEMININO;5;VIÚVO;6064;60 a 64 anos                  ;3;ENSINO FUNDAMENTAL INCOMPLETO;-3;#NE;-3;#NE;-3;#NE;-3;#NE;Obrigatório;1;0;0;0
13/04/2021;19:37:12;2012;ES;56057;ALFREDO CHAVES;12;2;1015;;4;FEMININO;5;VIÚVO;6064;60 a 64 anos                  ;6;ENSINO MÉDIO COMPLETO;-3;#NE;-3;#NE;-3;#NE;-3;#NE;Obrigatório;1;0;0;0
13/04/2021;19:37:12;2012;ES;56057;ALFREDO CHAVES;12;2;1015;;4;FEMININO;5;VIÚVO;7579;75 a 79 anos                  ;2;LÊ E ESCREVE;-3;#NE;-3;#NE;-3;#NE;-3;#NE;Facultativo;1;0;0;0
13/04/2021;19:37:12;2012;ES;56057;ALFREDO CHAVES;12;2;1015;;4;FEMININO;5;VIÚVO;7579;75 a 79 anos                  ;3;ENSINO FUNDAMENTAL INCOMPLETO;-3;#NE;-3;#NE;-3;#NE;-3;#NE;Facultativo;1;0;0;0
13/04/2021;19:37:12;2012;ES;56057;ALFREDO CHAVES;12;2;1015;;4;FEMININO;5;VIÚVO;8589;85 a 89 anos                  ;4;ENSINO FUNDAMENTAL COMPLETO;-3;#NE;-3;#NE;-3;#NE;-3;#NE;Facultativo;1;0;0;0
13/04/2021;19:37:12;2012;ES;56057;ALFREDO CHAVES;12;2;1015;;4;FEMININO;7;SEPARADO JUDICIALMENTE;2529;25 a 29 anos                  ;5;ENSINO MÉDIO INCOMPLETO;-3;#NE;-3;#NE;-3;#NE;-3;#NE;Obrigatório;1;0;0;0
13/04/2021;19:37:12;2012;ES;56057;ALFREDO CHAVES;12;2;1015;;4;FEMININO;7;SEPARADO JUDICIALMENTE;5054;50 a 54 anos                  ;3;ENSINO FUNDAMENTAL INCOMPLETO;-3;#NE;-3;#NE;-3;#NE;-3;#NE;Obrigatório;1;0;0;0
13/04/2021;19:37:12;2012;ES;56057;ALFREDO CHAVES;12;2;1015;;4;FEMININO;7;SEPARADO JUDICIALMENTE;5054;50 a 54 anos                  ;8;SUPERIOR COMPLETO;-3;#NE;-3;#NE;-3;#NE;-3;#NE;Obrigatório;1;0;0;0
13/04/2021;19:37:12;2012;ES;56057;ALFREDO CHAVES;12;2;1015;;4;FEMININO;7;SEPARADO JUDICIALMENTE;5559;55 a 59 anos                  ;8;SUPERIOR COMPLETO;-3;#NE;-3;#NE;-3;#NE;-3;#NE;Obrigatório;1;0;0;0
13/04/2021;19:37:12;2012;ES;56057;ALFREDO CHAVES;12;2;1015;;4;FEMININO;7;SEPARADO JUDICIALMENTE;6569;65 a 69 anos                  ;6;ENSINO MÉDIO COMPLETO;-3;#NE;-3;#NE;-3;#NE;-3;#NE;Obrigatório;1;0;0;0
13/04/2021;19:37:12;2012;ES;56057;ALFREDO CHAVES;12;2;1015;;4;FEMININO;7;SEPARADO JUDICIALMENTE;7579;75 a 79 anos                  ;3;ENSINO FUNDAMENTAL INCOMPLETO;-3;#NE;-3;#NE;-3;#NE;-3;#NE;Facultativo;1;0;0;0
13/04/2021;19:37:12;2012;ES;56057;ALFREDO CHAVES;12;2;1015;;4;FEMININO;9;DIVORCIADO;3539;35 a 39 anos                  ;7;SUPERIOR INCOMPLETO;-3;#NE;-3;#NE;-3;#NE;-3;#NE;Obrigatório;2;0;0;0
13/04/2021;19:37:12;2012;ES;56057;ALFREDO CHAVES;12;2;1015;;4;FEMININO;9;DIVORCIADO;4549;45 a 49 anos                  ;5;ENSINO MÉDIO INCOMPLETO;-3;#NE;-3;#NE;-3;#NE;-3;#NE;Obrigatório;1;0;0;0
13/04/2021;19:37:12;2012;ES;56057;ALFREDO CHAVES;12;2;1015;;4;FEMININO;9;DIVORCIADO;5559;55 a 59 anos                  ;2;LÊ E ESCREVE;-3;#NE;-3;#NE;-3;#NE;-3;#NE;Obrigatório;1;0;0;0
13/04/2021;19:37:12;2012;ES;56057;ALFREDO CHAVES;12;2;1015;;4;FEMININO;9;DIVORCIADO;5559;55 a 59 anos                  ;3;ENSINO FUNDAMENTAL INCOMPLETO;-3;#NE;-3;#NE;-3;#NE;-3;#NE;Obrigatório;1;0;0;0
13/04/2021;19:37:12;2012;ES;56057;ALFREDO CHAVES;12;2;1015;;4;FEMININO;9;DIVORCIADO;5559;55 a 59 anos                  ;6;ENSINO MÉDIO COMPLETO;-3;#NE;-3;#NE;-3;#NE;-3;#NE;Obrigatório;1;0;0;0
13/04/2021;19:37:12;2012;ES;56057;ALFREDO CHAVES;12;3;1015;;2;MASCULINO;1;SOLTEIRO;1700;17 anos                       ;5;ENSINO MÉDIO INCOMPLETO;-3;#NE;-3;#NE;-3;#NE;-3;#NE;Facultativo;1;0;0;0
13/04/2021;19:37:12;2012;ES;56057;ALFREDO CHAVES;12;3;1015;;2;MASCULINO;1;SOLTEIRO;1800;18 anos                       ;3;ENSINO FUNDAMENTAL INCOMPLETO;-3;#NE;-3;#NE;-3;#NE;-3;#NE;Obrigatório;1;0;0;0
13/04/2021;19:37:12;2012;ES;56057;ALFREDO CHAVES;12;3;1015;;2;MASCULINO;1;SOLTEIRO;1800;18 anos                       ;5;ENSINO MÉDIO INCOMPLETO;-3;#NE;-3;#NE;-3;#NE;-3;#NE;Obrigatório;1;0;0;0
13/04/2021;19:37:12;2012;ES;56057;ALFREDO CHAVES;12;3;1015;;2;MASCULINO;1;SOLTEIRO;2000;20 anos                       ;5;ENSINO MÉDIO INCOMPLETO;-3;#NE;-3;#NE;-3;#NE;-3;#NE;Obrigatório;1;0;0;0
13/04/2021;19:37:12;2012;ES;56057;ALFREDO CHAVES;12;3;1015;;2;MASCULINO;1;SOLTEIRO;2000;20 anos                       ;6;ENSINO MÉDIO COMPLETO;-3;#NE;-3;#NE;-3;#NE;-3;#NE;Obrigatório;2;0;0;0
13/04/2021;19:37:12;2012;ES;56057;ALFREDO CHAVES;12;3;1015;;2;MASCULINO;1;SOLTEIRO;2124;21 a 24 anos                  ;3;ENSINO FUNDAMENTAL INCOMPLETO;-3;#NE;-3;#NE;-3;#NE;-3;#NE;Obrigatório;4;0;0;0
13/04/2021;19:37:12;2012;ES;56057;ALFREDO CHAVES;12;3;1015;;2;MASCULINO;1;SOLTEIRO;2124;21 a 24 anos                  ;6;ENSINO MÉDIO COMPLETO;-3;#NE;-3;#NE;-3;#NE;-3;#NE;Obrigatório;2;0;0;0
13/04/2021;19:37:12;2012;ES;56057;ALFREDO CHAVES;12;3;1015;;2;MASCULINO;1;SOLTEIRO;2529;25 a 29 anos                  ;3;ENSINO FUNDAMENTAL INCOMPLETO;-3;#NE;-3;#NE;-3;#NE;-3;#NE;Obrigatório;10;0;0;0
13/04/2021;19:37:12;2012;ES;56057;ALFREDO CHAVES;12;3;1015;;2;MASCULINO;1;SOLTEIRO;2529;25 a 29 anos                  ;4;ENSINO FUNDAMENTAL COMPLETO;-3;#NE;-3;#NE;-3;#NE;-3;#NE;Obrigatório;2;0;0;0
13/04/2021;19:37:12;2012;ES;56057;ALFREDO CHAVES;12;3;1015;;2;MASCULINO;1;SOLTEIRO;2529;25 a 29 anos                  ;7;SUPERIOR INCOMPLETO;-3;#NE;-3;#NE;-3;#NE;-3;#NE;Obrigatório;1;0;0;0
13/04/2021;19:37:12;2012;ES;56057;ALFREDO CHAVES;12;3;1015;;2;MASCULINO;1;SOLTEIRO;3034;30 a 34 anos                  ;3;ENSINO FUNDAMENTAL INCOMPLETO;-3;#NE;-3;#NE;-3;#NE;-3;#NE;Obrigatório;2;0;0;0
13/04/2021;19:37:12;2012;ES;56057;ALFREDO CHAVES;12;3;1015;;2;MASCULINO;1;SOLTEIRO;3539;35 a 39 anos                  ;3;ENSINO FUNDAMENTAL INCOMPLETO;-3;#NE;-3;#NE;-3;#NE;-3;#NE;Obrigatório;4;0;0;0
13/04/2021;19:37:12;2012;ES;56057;ALFREDO CHAVES;12;3;1015;;2;MASCULINO;1;SOLTEIRO;4044;40 a 44 anos                  ;3;ENSINO FUNDAMENTAL INCOMPLETO;-3;#NE;-3;#NE;-3;#NE;-3;#NE;Obrigatório;4;0;0;0
13/04/2021;19:37:12;2012;ES;56057;ALFREDO CHAVES;12;3;1015;;2;MASCULINO;1;SOLTEIRO;4044;40 a 44 anos                  ;4;ENSINO FUNDAMENTAL COMPLETO;-3;#NE;-3;#NE;-3;#NE;-3;#NE;Obrigatório;1;0;0;0
13/04/2021;19:37:12;2012;ES;56057;ALFREDO CHAVES;12;3;1015;;2;MASCULINO;1;SOLTEIRO;4044;40 a 44 anos                  ;6;ENSINO MÉDIO COMPLETO;-3;#NE;-3;#NE;-3;#NE;-3;#NE;Obrigatório;1;0;0;0
13/04/2021;19:37:12;2012;ES;56057;ALFREDO CHAVES;12;3;1015;;2;MASCULINO;1;SOLTEIRO;4549;45 a 49 anos                  ;2;LÊ E ESCREVE;-3;#NE;-3;#NE;-3;#NE;-3;#NE;Obrigatório;1;0;0;0
13/04/2021;19:37:12;2012;ES;56057;ALFREDO CHAVES;12;3;1015;;2;MASCULINO;1;SOLTEIRO;4549;45 a 49 anos                  ;3;ENSINO FUNDAMENTAL INCOMPLETO;-3;#NE;-3;#NE;-3;#NE;-3;#NE;Obrigatório;7;0;0;0
13/04/2021;19:37:12;2012;ES;56057;ALFREDO CHAVES;12;4;1015;;4;FEMININO;1;SOLTEIRO;2124;21 a 24 anos                  ;6;ENSINO MÉDIO COMPLETO;-3;#NE;-3;#NE;-3;#NE;-3;#NE;Obrigatório;1;0;0;0
13/04/2021;19:37:12;2012;ES;56057;ALFREDO CHAVES;12;4;1015;;4;FEMININO;1;SOLTEIRO;2124;21 a 24 anos                  ;7;SUPERIOR INCOMPLETO;-3;#NE;-3;#NE;-3;#NE;-3;#NE;Obrigatório;2;0;0;0
13/04/2021;19:37:12;2012;ES;56057;ALFREDO CHAVES;12;4;1015;;4;FEMININO;1;SOLTEIRO;2529;25 a 29 anos                  ;3;ENSINO FUNDAMENTAL INCOMPLETO;-3;#NE;-3;#NE;-3;#NE;-3;#NE;Obrigatório;1;0;0;0
13/04/2021;19:37:12;2012;ES;56057;ALFREDO CHAVES;12;4;1015;;4;FEMININO;1;SOLTEIRO;2529;25 a 29 anos                  ;5;ENSINO MÉDIO INCOMPLETO;-3;#NE;-3;#NE;-3;#NE;-3;#NE;Obrigatório;10;0;0;0
13/04/2021;19:37:12;2012;ES;56057;ALFREDO CHAVES;12;4;1015;;4;FEMININO;1;SOLTEIRO;2529;25 a 29 anos                  ;6;ENSINO MÉDIO COMPLETO;-3;#NE;-3;#NE;-3;#NE;-3;#NE;Obrigatório;3;0;0;0
13/04/2021;19:37:12;2012;ES;56057;ALFREDO CHAVES;12;4;1015;;4;FEMININO;1;SOLTEIRO;2529;25 a 29 anos                  ;7;SUPERIOR INCOMPLETO;-3;#NE;-3;#NE;-3;#NE;-3;#NE;Obrigatório;2;0;0;0
13/04/2021;19:37:12;2012;ES;56057;ALFREDO CHAVES;12;4;1015;;4;FEMININO;1;SOLTEIRO;3034;30 a 34 anos                  ;3;ENSINO FUNDAMENTAL INCOMPLETO;-3;#NE;-3;#NE;-3;#NE;-3;#NE;Obrigatório;1;0;0;0
13/04/2021;19:37:12;2012;ES;56057;ALFREDO CHAVES;12;4;1015;;4;FEMININO;1;SOLTEIRO;3034;30 a 34 anos                  ;5;ENSINO MÉDIO INCOMPLETO;-3;#NE;-3;#NE;-3;#NE;-3;#NE;Obrigatório;4;0;0;0
13/04/2021;19:37:12;2012;ES;56057;ALFREDO CHAVES;12;4;1015;;4;FEMININO;1;SOLTEIRO;3034;30 a 34 anos                  ;6;ENSINO MÉDIO COMPLETO;-3;#NE;-3;#NE;-3;#NE;-3;#NE;Obrigatório;3;0;0;0
13/04/2021;19:37:12;2012;ES;56057;ALFREDO CHAVES;12;4;1015;;4;FEMININO;1;SOLTEIRO;3539;35 a 39 anos                  ;3;ENSINO FUNDAMENTAL INCOMPLETO;-3;#NE;-3;#NE;-3;#NE;-3;#NE;Obrigatório;1;0;0;0
13/04/2021;19:37:12;2012;ES;56057;ALFREDO CHAVES;12;4;1015;;4;FEMININO;1;SOLTEIRO;3539;35 a 39 anos                  ;5;ENSINO MÉDIO INCOMPLETO;-3;#NE;-3;#NE;-3;#NE;-3;#NE;Obrigatório;1;0;0;0
13/04/2021;19:37:12;2012;ES;56057;ALFREDO CHAVES;12;4;1015;;4;FEMININO;1;SOLTEIRO;3539;35 a 39 anos                  ;6;ENSINO MÉDIO COMPLETO;-3;#NE;-3;#NE;-3;#NE;-3;#NE;Obrigatório;1;0;0;0
13/04/2021;19:37:12;2012;ES;56057;ALFREDO CHAVES;12;4;1015;;4;FEMININO;1;SOLTEIRO;3539;35 a 39 anos                  ;8;SUPERIOR COMPLETO;-3;#NE;-3;#NE;-3;#NE;-3;#NE;Obrigatório;1;0;0;0
13/04/2021;19:37:12;2012;ES;56057;ALFREDO CHAVES;12;4;1015;;4;FEMININO;1;SOLTEIRO;4549;45 a 49 anos                  ;3;ENSINO FUNDAMENTAL INCOMPLETO;-3;#NE;-3;#NE;-3;#NE;-3;#NE;Obrigatório;5;0;0;0
13/04/2021;19:37:12;2012;ES;56057;ALFREDO CHAVES;12;4;1015;;4;FEMININO;1;SOLTEIRO;4549;45 a 49 anos                  ;5;ENSINO MÉDIO INCOMPLETO;-3;#NE;-3;#NE;-3;#NE;-3;#NE;Obrigatório;4;0;0;0
13/04/2021;19:37:12;2012;ES;56057;ALFREDO CHAVES;12;4;1015;;4;FEMININO;1;SOLTEIRO;4549;45 a 49 anos                  ;6;ENSINO MÉDIO COMPLETO;-3;#NE;-3;#NE;-3;#NE;-3;#NE;Obrigatório;5;0;0;0
13/04/2021;19:37:12;2012;ES;56057;ALFREDO CHAVES;12;4;1015;;4;FEMININO;1;SOLTEIRO;5054;50 a 54 anos                  ;2;LÊ E ESCREVE;-3;#NE;-3;#NE;-3;#NE;-3;#NE;Obrigatório;1;0;0;0
13/04/2021;19:37:12;2012;ES;56057;ALFREDO CHAVES;12;4;1015;;4;FEMININO;1;SOLTEIRO;5054;50 a 54 anos                  ;3;ENSINO FUNDAMENTAL INCOMPLETO;-3;#NE;-3;#NE;-3;#NE;-3;#NE;Obrigatório;5;0;0;0
13/04/2021;19:37:12;2012;ES;56057;ALFREDO CHAVES;12;4;1015;;4;FEMININO;1;SOLTEIRO;5054;50 a 54 anos                  ;6;ENSINO MÉDIO COMPLETO;-3;#NE;-3;#NE;-3;#NE;-3;#NE;Obrigatório;8;0;0;0
13/04/2021;19:37:12;2012;ES;56057;ALFREDO CHAVES;12;4;1015;;4;FEMININO;1;SOLTEIRO;5559;55 a 59 anos                  ;3;ENSINO FUNDAMENTAL INCOMPLETO;-3;#NE;-3;#NE;-3;#NE;-3;#NE;Obrigatório;2;0;0;0
13/04/2021;19:37:12;2012;ES;56057;ALFREDO CHAVES;12;4;1015;;4;FEMININO;1;SOLTEIRO;5559;55 a 59 anos                  ;6;ENSINO MÉDIO COMPLETO;-3;#NE;-3;#NE;-3;#NE;-3;#NE;Obrigatório;1;0;0;0
13/04/2021;19:37:12;2012;ES;56057;ALFREDO CHAVES;12;4;1015;;4;FEMININO;1;SOLTEIRO;5559;55 a 59 anos                  ;8;SUPERIOR COMPLETO;-3;#NE;-3;#NE;-3;#NE;-3;#NE;Obrigatório;4;0;0;0
13/04/2021;19:37:12;2012;ES;56057;ALFREDO CHAVES;12;4;1015;;4;FEMININO;1;SOLTEIRO;6064;60 a 64 anos                  ;2;LÊ E ESCREVE;-3;#NE;-3;#NE;-3;#NE;-3;#NE;Obrigatório;1;0;0;0
13/04/2021;19:37:12;2012;ES;56057;ALFREDO CHAVES;12;4;1015;;4;FEMININO;1;SOLTEIRO;6064;60 a 64 anos                  ;6;ENSINO MÉDIO COMPLETO;-3;#NE;-3;#NE;-3;#NE;-3;#NE;Obrigatório;1;0;0;0
13/04/2021;19:37:12;2012;ES;56057;ALFREDO CHAVES;12;4;1015;;4;FEMININO;1;SOLTEIRO;7074;70 a 74 anos                  ;2;LÊ E ESCREVE;-3;#NE;-3;#NE;-3;#NE;-3;#NE;Facultativo;1;0;0;0
13/04/2021;19:37:12;2012;ES;56057;ALFREDO CHAVES;12;4;1015;;4;FEMININO;1;SOLTEIRO;7579;75 a 79 anos                  ;3;ENSINO FUNDAMENTAL INCOMPLETO;-3;#NE;-3;#NE;-3;#NE;-3;#NE;Facultativo;1;0;0;0
13/04/2021;19:37:12;2012;ES;56057;ALFREDO CHAVES;12;4;1015;;4;FEMININO;1;SOLTEIRO;8084;80 a 84 anos                  ;3;ENSINO FUNDAMENTAL INCOMPLETO;-3;#NE;-3;#NE;-3;#NE;-3;#NE;Facultativo;1;0;0;0
13/04/2021;19:37:12;2012;ES;56057;ALFREDO CHAVES;12;4;1015;;4;FEMININO;1;SOLTEIRO;8589;85 a 89 anos                  ;1;ANALFABETO;-3;#NE;-3;#NE;-3;#NE;-3;#NE;Facultativo;1;0;0;0
13/04/2021;19:37:12;2012;ES;56057;ALFREDO CHAVES;12;4;1015;;4;FEMININO;3;CASADO;2124;21 a 24 anos                  ;4;ENSINO FUNDAMENTAL COMPLETO;-3;#NE;-3;#NE;-3;#NE;-3;#NE;Obrigatório;1;0;0;0
13/04/2021;19:37:12;2012;ES;56057;ALFREDO CHAVES;12;4;1015;;4;FEMININO;3;CASADO;2529;25 a 29 anos                  ;3;ENSINO FUNDAMENTAL INCOMPLETO;-3;#NE;-3;#NE;-3;#NE;-3;#NE;Obrigatório;1;0;0;0
13/04/2021;19:37:12;2012;ES;56057;ALFREDO CHAVES;12;4;1015;;4;FEMININO;3;CASADO;3034;30 a 34 anos                  ;3;ENSINO FUNDAMENTAL INCOMPLETO;-3;#NE;-3;#NE;-3;#NE;-3;#NE;Obrigatório;1;0;0;0
13/04/2021;19:37:12;2012;ES;56057;ALFREDO CHAVES;12;4;1015;;4;FEMININO;3;CASADO;3034;30 a 34 anos                  ;6;ENSINO MÉDIO COMPLETO;-3;#NE;-3;#NE;-3;#NE;-3;#NE;Obrigatório;1;0;0;0
13/04/2021;19:37:12;2012;ES;56057;ALFREDO CHAVES;12;4;1015;;4;FEMININO;3;CASADO;3034;30 a 34 anos                  ;7;SUPERIOR INCOMPLETO;-3;#NE;-3;#NE;-3;#NE;-3;#NE;Obrigatório;2;0;0;0
13/04/2021;19:37:12;2012;ES;56057;ALFREDO CHAVES;12;4;1015;;4;FEMININO;3;CASADO;3539;35 a 39 anos                  ;3;ENSINO FUNDAMENTAL INCOMPLETO;-3;#NE;-3;#NE;-3;#NE;-3;#NE;Obrigatório;1;0;0;0
13/04/2021;19:37:12;2012;ES;56057;ALFREDO CHAVES;12;4;1015;;4;FEMININO;3;CASADO;3539;35 a 39 anos                  ;4;ENSINO FUNDAMENTAL COMPLETO;-3;#NE;-3;#NE;-3;#NE;-3;#NE;Obrigatório;1;0;0;0
13/04/2021;19:37:12;2012;ES;56057;ALFREDO CHAVES;12;4;1015;;4;FEMININO;3;CASADO;3539;35 a 39 anos                  ;5;ENSINO MÉDIO INCOMPLETO;-3;#NE;-3;#NE;-3;#NE;-3;#NE;Obrigatório;1;0;0;0
13/04/2021;19:37:12;2012;ES;56057;ALFREDO CHAVES;12;4;1015;;4;FEMININO;3;CASADO;4044;40 a 44 anos                  ;2;LÊ E ESCREVE;-3;#NE;-3;#NE;-3;#NE;-3;#NE;Obrigatório;1;0;0;0
13/04/2021;19:37:12;2012;ES;56057;ALFREDO CHAVES;12;4;1015;;4;FEMININO;3;CASADO;4044;40 a 44 anos                  ;3;ENSINO FUNDAMENTAL INCOMPLETO;-3;#NE;-3;#NE;-3;#NE;-3;#NE;Obrigatório;2;0;0;0
13/04/2021;19:37:12;2012;ES;56057;ALFREDO CHAVES;12;4;1015;;4;FEMININO;3;CASADO;4044;40 a 44 anos                  ;6;ENSINO MÉDIO COMPLETO;-3;#NE;-3;#NE;-3;#NE;-3;#NE;Obrigatório;3;0;0;0
13/04/2021;19:37:12;2012;ES;56057;ALFREDO CHAVES;12;4;1015;;4;FEMININO;3;CASADO;4044;40 a 44 anos                  ;7;SUPERIOR INCOMPLETO;-3;#NE;-3;#NE;-3;#NE;-3;#NE;Obrigatório;1;0;0;0
13/04/2021;19:37:12;2012;ES;56057;ALFREDO CHAVES;12;4;1015;;4;FEMININO;3;CASADO;4549;45 a 49 anos                  ;2;LÊ E ESCREVE;-3;#NE;-3;#NE;-3;#NE;-3;#NE;Obrigatório;2;0;0;0
13/04/2021;19:37:12;2012;ES;56057;ALFREDO CHAVES;12;4;1015;;4;FEMININO;3;CASADO;4549;45 a 49 anos                  ;3;ENSINO FUNDAMENTAL INCOMPLETO;-3;#NE;-3;#NE;-3;#NE;-3;#NE;Obrigatório;5;0;0;0
13/04/2021;19:37:12;2012;ES;56057;ALFREDO CHAVES;12;4;1015;;4;FEMININO;3;CASADO;4549;45 a 49 anos                  ;4;ENSINO FUNDAMENTAL COMPLETO;-3;#NE;-3;#NE;-3;#NE;-3;#NE;Obrigatório;2;0;0;0
13/04/2021;19:37:12;2012;ES;56057;ALFREDO CHAVES;12;4;1015;;4;FEMININO;3;CASADO;4549;45 a 49 anos                  ;5;ENSINO MÉDIO INCOMPLETO;-3;#NE;-3;#NE;-3;#NE;-3;#NE;Obrigatório;1;0;0;0
13/04/2021;19:37:12;2012;ES;56057;ALFREDO CHAVES;12;4;1015;;4;FEMININO;3;CASADO;4549;45 a 49 anos                  ;6;ENSINO MÉDIO COMPLETO;-3;#NE;-3;#NE;-3;#NE;-3;#NE;Obrigatório;9;0;0;0
13/04/2021;19:37:12;2012;ES;56057;ALFREDO CHAVES;12;6;1023;;2;MASCULINO;1;SOLTEIRO;3539;35 a 39 anos                  ;6;ENSINO MÉDIO COMPLETO;-3;#NE;-3;#NE;-3;#NE;-3;#NE;Obrigatório;1;0;0;0
13/04/2021;19:37:12;2012;ES;56057;ALFREDO CHAVES;12;6;1023;;2;MASCULINO;1;SOLTEIRO;3539;35 a 39 anos                  ;7;SUPERIOR INCOMPLETO;-3;#NE;-3;#NE;-3;#NE;-3;#NE;Obrigatório;1;0;0;0
13/04/2021;19:37:12;2012;ES;56057;ALFREDO CHAVES;12;6;1023;;2;MASCULINO;1;SOLTEIRO;4044;40 a 44 anos                  ;2;LÊ E ESCREVE;-3;#NE;-3;#NE;-3;#NE;-3;#NE;Obrigatório;1;0;0;0
13/04/2021;19:37:12;2012;ES;56057;ALFREDO CHAVES;12;6;1023;;2;MASCULINO;1;SOLTEIRO;4044;40 a 44 anos                  ;3;ENSINO FUNDAMENTAL INCOMPLETO;-3;#NE;-3;#NE;-3;#NE;-3;#NE;Obrigatório;1;0;0;0
13/04/2021;19:37:12;2012;ES;56057;ALFREDO CHAVES;12;6;1023;;2;MASCULINO;1;SOLTEIRO;4044;40 a 44 anos                  ;4;ENSINO FUNDAMENTAL COMPLETO;-3;#NE;-3;#NE;-3;#NE;-3;#NE;Obrigatório;1;0;0;0
13/04/2021;19:37:12;2012;ES;56057;ALFREDO CHAVES;12;6;1023;;2;MASCULINO;1;SOLTEIRO;4044;40 a 44 anos                  ;6;ENSINO MÉDIO COMPLETO;-3;#NE;-3;#NE;-3;#NE;-3;#NE;Obrigatório;1;0;0;0
13/04/2021;19:37:12;2012;ES;56057;ALFREDO CHAVES;12;6;1023;;2;MASCULINO;1;SOLTEIRO;4549;45 a 49 anos                  ;1;ANALFABETO;-3;#NE;-3;#NE;-3;#NE;-3;#NE;Facultativo;1;0;0;0
13/04/2021;19:37:12;2012;ES;56057;ALFREDO CHAVES;12;6;1023;;2;MASCULINO;1;SOLTEIRO;4549;45 a 49 anos                  ;3;ENSINO FUNDAMENTAL INCOMPLETO;-3;#NE;-3;#NE;-3;#NE;-3;#NE;Obrigatório;1;0;0;0
13/04/2021;19:37:12;2012;ES;56057;ALFREDO CHAVES;12;6;1023;;2;MASCULINO;1;SOLTEIRO;4549;45 a 49 anos                  ;5;ENSINO MÉDIO INCOMPLETO;-3;#NE;-3;#NE;-3;#NE;-3;#NE;Obrigatório;3;0;0;0
13/04/2021;19:37:12;2012;ES;56057;ALFREDO CHAVES;12;6;1023;;2;MASCULINO;1;SOLTEIRO;4549;45 a 49 anos                  ;6;ENSINO MÉDIO COMPLETO;-3;#NE;-3;#NE;-3;#NE;-3;#NE;Obrigatório;2;0;0;0
13/04/2021;19:37:12;2012;ES;56057;ALFREDO CHAVES;12;6;1023;;2;MASCULINO;1;SOLTEIRO;5054;50 a 54 anos                  ;3;ENSINO FUNDAMENTAL INCOMPLETO;-3;#NE;-3;#NE;-3;#NE;-3;#NE;Obrigatório;4;0;0;0
13/04/2021;19:37:12;2012;ES;56057;ALFREDO CHAVES;12;6;1023;;2;MASCULINO;1;SOLTEIRO;5054;50 a 54 anos                  ;6;ENSINO MÉDIO COMPLETO;-3;#NE;-3;#NE;-3;#NE;-3;#NE;Obrigatório;2;0;0;0
13/04/2021;19:37:12;2012;ES;56057;ALFREDO CHAVES;12;6;1023;;2;MASCULINO;1;SOLTEIRO;5054;50 a 54 anos                  ;7;SUPERIOR INCOMPLETO;-3;#NE;-3;#NE;-3;#NE;-3;#NE;Obrigatório;1;0;0;0
13/04/2021;19:37:12;2012;ES;56057;ALFREDO CHAVES;12;6;1023;;2;MASCULINO;1;SOLTEIRO;5559;55 a 59 anos                  ;3;ENSINO FUNDAMENTAL INCOMPLETO;-3;#NE;-3;#NE;-3;#NE;-3;#NE;Obrigatório;4;0;0;0
13/04/2021;19:37:12;2012;ES;56057;ALFREDO CHAVES;12;6;1023;;2;MASCULINO;1;SOLTEIRO;5559;55 a 59 anos                  ;6;ENSINO MÉDIO COMPLETO;-3;#NE;-3;#NE;-3;#NE;-3;#NE;Obrigatório;1;0;0;0
13/04/2021;19:37:12;2012;ES;56057;ALFREDO CHAVES;12;6;1023;;2;MASCULINO;1;SOLTEIRO;6064;60 a 64 anos                  ;1;ANALFABETO;-3;#NE;-3;#NE;-3;#NE;-3;#NE;Facultativo;1;0;0;0
13/04/2021;19:37:12;2012;ES;56057;ALFREDO CHAVES;12;6;1023;;2;MASCULINO;1;SOLTEIRO;6064;60 a 64 anos                  ;3;ENSINO FUNDAMENTAL INCOMPLETO;-3;#NE;-3;#NE;-3;#NE;-3;#NE;Obrigatório;2;0;0;0
13/04/2021;19:37:12;2012;ES;56057;ALFREDO CHAVES;12;6;1023;;2;MASCULINO;1;SOLTEIRO;6064;60 a 64 anos                  ;6;ENSINO MÉDIO COMPLETO;-3;#NE;-3;#NE;-3;#NE;-3;#NE;Obrigatório;1;0;0;0
13/04/2021;19:37:12;2012;ES;56057;ALFREDO CHAVES;12;6;1023;;2;MASCULINO;1;SOLTEIRO;6569;65 a 69 anos                  ;3;ENSINO FUNDAMENTAL INCOMPLETO;-3;#NE;-3;#NE;-3;#NE;-3;#NE;Obrigatório;1;0;0;0
13/04/2021;19:37:12;2012;ES;56057;ALFREDO CHAVES;12;6;1023;;2;MASCULINO;1;SOLTEIRO;7579;75 a 79 anos                  ;3;ENSINO FUNDAMENTAL INCOMPLETO;-3;#NE;-3;#NE;-3;#NE;-3;#NE;Facultativo;1;0;0;0
13/04/2021;19:37:12;2012;ES;56057;ALFREDO CHAVES;12;6;1023;;2;MASCULINO;3;CASADO;2529;25 a 29 anos                  ;6;ENSINO MÉDIO COMPLETO;-3;#NE;-3;#NE;-3;#NE;-3;#NE;Obrigatório;2;0;0;0
13/04/2021;19:37:12;2012;ES;56057;ALFREDO CHAVES;12;6;1023;;2;MASCULINO;3;CASADO;2529;25 a 29 anos                  ;7;SUPERIOR INCOMPLETO;-3;#NE;-3;#NE;-3;#NE;-3;#NE;Obrigatório;1;0;0;0
13/04/2021;19:37:12;2012;ES;56057;ALFREDO CHAVES;12;6;1023;;2;MASCULINO;3;CASADO;3034;30 a 34 anos                  ;3;ENSINO FUNDAMENTAL INCOMPLETO;-3;#NE;-3;#NE;-3;#NE;-3;#NE;Obrigatório;1;0;0;0
13/04/2021;19:37:12;2012;ES;56057;ALFREDO CHAVES;12;6;1023;;2;MASCULINO;3;CASADO;3034;30 a 34 anos                  ;6;ENSINO MÉDIO COMPLETO;-3;#NE;-3;#NE;-3;#NE;-3;#NE;Obrigatório;1;0;0;0
13/04/2021;19:37:12;2012;ES;56057;ALFREDO CHAVES;12;6;1023;;2;MASCULINO;3;CASADO;3034;30 a 34 anos                  ;8;SUPERIOR COMPLETO;-3;#NE;-3;#NE;-3;#NE;-3;#NE;Obrigatório;1;0;0;0
13/04/2021;19:37:12;2012;ES;56057;ALFREDO CHAVES;12;6;1023;;2;MASCULINO;3;CASADO;3539;35 a 39 anos                  ;6;ENSINO MÉDIO COMPLETO;-3;#NE;-3;#NE;-3;#NE;-3;#NE;Obrigatório;1;0;0;0
13/04/2021;19:37:12;2012;ES;56057;ALFREDO CHAVES;12;6;1023;;2;MASCULINO;3;CASADO;4044;40 a 44 anos                  ;3;ENSINO FUNDAMENTAL INCOMPLETO;-3;#NE;-3;#NE;-3;#NE;-3;#NE;Obrigatório;3;0;0;0
13/04/2021;19:37:12;2012;ES;56057;ALFREDO CHAVES;12;6;1023;;2;MASCULINO;3;CASADO;4549;45 a 49 anos                  ;2;LÊ E ESCREVE;-3;#NE;-3;#NE;-3;#NE;-3;#NE;Obrigatório;1;0;0;0
13/04/2021;19:37:12;2012;ES;56057;ALFREDO CHAVES;12;6;1023;;2;MASCULINO;3;CASADO;4549;45 a 49 anos                  ;3;ENSINO FUNDAMENTAL INCOMPLETO;-3;#NE;-3;#NE;-3;#NE;-3;#NE;Obrigatório;2;0;0;0
13/04/2021;19:37:12;2012;ES;56057;ALFREDO CHAVES;12;6;1023;;2;MASCULINO;3;CASADO;4549;45 a 49 anos                  ;4;ENSINO FUNDAMENTAL COMPLETO;-3;#NE;-3;#NE;-3;#NE;-3;#NE;Obrigatório;1;0;0;0
13/04/2021;19:37:12;2012;ES;56057;ALFREDO CHAVES;12;6;1023;;2;MASCULINO;3;CASADO;4549;45 a 49 anos                  ;8;SUPERIOR COMPLETO;-3;#NE;-3;#NE;-3;#NE;-3;#NE;Obrigatório;1;0;0;0
13/04/2021;19:37:12;2012;ES;56057;ALFREDO CHAVES;12;6;1023;;2;MASCULINO;3;CASADO;5054;50 a 54 anos                  ;3;ENSINO FUNDAMENTAL INCOMPLETO;-3;#NE;-3;#NE;-3;#NE;-3;#NE;Obrigatório;4;0;0;0
13/04/2021;19:37:12;2012;ES;56057;ALFREDO CHAVES;12;6;1023;;2;MASCULINO;3;CASADO;5054;50 a 54 anos                  ;4;ENSINO FUNDAMENTAL COMPLETO;-3;#NE;-3;#NE;-3;#NE;-3;#NE;Obrigatório;1;0;0;0
13/04/2021;19:37:12;2012;ES;56057;ALFREDO CHAVES;12;26;1163;;2;MASCULINO;1;SOLTEIRO;4549;45 a 49 anos                  ;4;ENSINO FUNDAMENTAL COMPLETO;-3;#NE;-3;#NE;-3;#NE;-3;#NE;Obrigatório;3;0;0;0
13/04/2021;19:37:12;2012;ES;56057;ALFREDO CHAVES;12;26;1163;;2;MASCULINO;1;SOLTEIRO;5054;50 a 54 anos                  ;1;ANALFABETO;-3;#NE;-3;#NE;-3;#NE;-3;#NE;Facultativo;1;0;0;0
13/04/2021;19:37:12;2012;ES;56057;ALFREDO CHAVES;12;26;1163;;2;MASCULINO;1;SOLTEIRO;5559;55 a 59 anos                  ;2;LÊ E ESCREVE;-3;#NE;-3;#NE;-3;#NE;-3;#NE;Obrigatório;1;0;0;0
13/04/2021;19:37:12;2012;ES;56057;ALFREDO CHAVES;12;26;1163;;2;MASCULINO;1;SOLTEIRO;6064;60 a 64 anos                  ;3;ENSINO FUNDAMENTAL INCOMPLETO;-3;#NE;-3;#NE;-3;#NE;-3;#NE;Obrigatório;4;0;0;0
13/04/2021;19:37:12;2012;ES;56057;ALFREDO CHAVES;12;26;1163;;2;MASCULINO;1;SOLTEIRO;7074;70 a 74 anos                  ;2;LÊ E ESCREVE;-3;#NE;-3;#NE;-3;#NE;-3;#NE;Facultativo;2;0;0;0
13/04/2021;19:37:12;2012;ES;56057;ALFREDO CHAVES;12;26;1163;;2;MASCULINO;1;SOLTEIRO;7579;75 a 79 anos                  ;1;ANALFABETO;-3;#NE;-3;#NE;-3;#NE;-3;#NE;Facultativo;2;0;0;0
13/04/2021;19:37:12;2012;ES;56057;ALFREDO CHAVES;12;26;1163;;2;MASCULINO;1;SOLTEIRO;8084;80 a 84 anos                  ;3;ENSINO FUNDAMENTAL INCOMPLETO;-3;#NE;-3;#NE;-3;#NE;-3;#NE;Facultativo;1;0;0;0
13/04/2021;19:37:12;2012;ES;56057;ALFREDO CHAVES;12;26;1163;;2;MASCULINO;1;SOLTEIRO;8589;85 a 89 anos                  ;2;LÊ E ESCREVE;-3;#NE;-3;#NE;-3;#NE;-3;#NE;Facultativo;1;0;0;0
13/04/2021;19:37:12;2012;ES;56057;ALFREDO CHAVES;12;26;1163;;2;MASCULINO;3;CASADO;3034;30 a 34 anos                  ;8;SUPERIOR COMPLETO;-3;#NE;-3;#NE;-3;#NE;-3;#NE;Obrigatório;1;0;0;0
13/04/2021;19:37:12;2012;ES;56057;ALFREDO CHAVES;12;26;1163;;2;MASCULINO;3;CASADO;3539;35 a 39 anos                  ;3;ENSINO FUNDAMENTAL INCOMPLETO;-3;#NE;-3;#NE;-3;#NE;-3;#NE;Obrigatório;4;0;0;0
13/04/2021;19:37:12;2012;ES;56057;ALFREDO CHAVES;12;26;1163;;2;MASCULINO;3;CASADO;3539;35 a 39 anos                  ;5;ENSINO MÉDIO INCOMPLETO;-3;#NE;-3;#NE;-3;#NE;-3;#NE;Obrigatório;2;0;0;0
13/04/2021;19:37:12;2012;ES;56057;ALFREDO CHAVES;12;26;1163;;2;MASCULINO;3;CASADO;4044;40 a 44 anos                  ;8;SUPERIOR COMPLETO;-3;#NE;-3;#NE;-3;#NE;-3;#NE;Obrigatório;1;0;0;0
13/04/2021;19:37:12;2012;ES;56057;ALFREDO CHAVES;12;26;1163;;2;MASCULINO;3;CASADO;4549;45 a 49 anos                  ;3;ENSINO FUNDAMENTAL INCOMPLETO;-3;#NE;-3;#NE;-3;#NE;-3;#NE;Obrigatório;1;0;0;0
13/04/2021;19:37:12;2012;ES;56057;ALFREDO CHAVES;12;26;1163;;2;MASCULINO;3;CASADO;5054;50 a 54 anos                  ;3;ENSINO FUNDAMENTAL INCOMPLETO;-3;#NE;-3;#NE;-3;#NE;-3;#NE;Obrigatório;5;0;0;0
13/04/2021;19:37:12;2012;ES;56057;ALFREDO CHAVES;12;26;1163;;2;MASCULINO;3;CASADO;5559;55 a 59 anos                  ;3;ENSINO FUNDAMENTAL INCOMPLETO;-3;#NE;-3;#NE;-3;#NE;-3;#NE;Obrigatório;3;0;0;0
13/04/2021;19:37:12;2012;ES;56057;ALFREDO CHAVES;12;26;1163;;2;MASCULINO;3;CASADO;6064;60 a 64 anos                  ;2;LÊ E ESCREVE;-3;#NE;-3;#NE;-3;#NE;-3;#NE;Obrigatório;3;0;0;0
13/04/2021;19:37:12;2012;ES;56057;ALFREDO CHAVES;12;26;1163;;2;MASCULINO;3;CASADO;6064;60 a 64 anos                  ;3;ENSINO FUNDAMENTAL INCOMPLETO;-3;#NE;-3;#NE;-3;#NE;-3;#NE;Obrigatório;2;0;0;0
13/04/2021;19:37:12;2012;ES;56057;ALFREDO CHAVES;12;26;1163;;2;MASCULINO;3;CASADO;6064;60 a 64 anos                  ;8;SUPERIOR COMPLETO;-3;#NE;-3;#NE;-3;#NE;-3;#NE;Obrigatório;1;0;0;0
13/04/2021;19:37:12;2012;ES;56057;ALFREDO CHAVES;12;6;1023;;2;MASCULINO;3;CASADO;5054;50 a 54 anos                  ;6;ENSINO MÉDIO COMPLETO;-3;#NE;-3;#NE;-3;#NE;-3;#NE;Obrigatório;1;0;0;0
13/04/2021;19:37:12;2012;ES;56057;ALFREDO CHAVES;12;6;1023;;2;MASCULINO;3;CASADO;5559;55 a 59 anos                  ;2;LÊ E ESCREVE;-3;#NE;-3;#NE;-3;#NE;-3;#NE;Obrigatório;3;0;0;0
13/04/2021;19:37:12;2012;ES;56057;ALFREDO CHAVES;12;7;1023;;4;FEMININO;3;CASADO;4044;40 a 44 anos                  ;6;ENSINO MÉDIO COMPLETO;-3;#NE;-3;#NE;-3;#NE;-3;#NE;Obrigatório;3;0;0;0
13/04/2021;19:37:12;2012;ES;56057;ALFREDO CHAVES;12;7;1023;;4;FEMININO;3;CASADO;4549;45 a 49 anos                  ;3;ENSINO FUNDAMENTAL INCOMPLETO;-3;#NE;-3;#NE;-3;#NE;-3;#NE;Obrigatório;1;0;0;0
13/04/2021;19:37:12;2012;ES;56057;ALFREDO CHAVES;12;7;1023;;4;FEMININO;3;CASADO;4549;45 a 49 anos                  ;5;ENSINO MÉDIO INCOMPLETO;-3;#NE;-3;#NE;-3;#NE;-3;#NE;Obrigatório;1;0;0;0
13/04/2021;19:37:12;2012;ES;56057;ALFREDO CHAVES;12;7;1023;;4;FEMININO;3;CASADO;4549;45 a 49 anos                  ;6;ENSINO MÉDIO COMPLETO;-3;#NE;-3;#NE;-3;#NE;-3;#NE;Obrigatório;1;0;0;0
13/04/2021;19:37:12;2012;ES;56057;ALFREDO CHAVES;12;7;1023;;4;FEMININO;3;CASADO;5054;50 a 54 anos                  ;2;LÊ E ESCREVE;-3;#NE;-3;#NE;-3;#NE;-3;#NE;Obrigatório;1;0;0;0
13/04/2021;19:37:12;2012;ES;56057;ALFREDO CHAVES;12;7;1023;;4;FEMININO;3;CASADO;5054;50 a 54 anos                  ;3;ENSINO FUNDAMENTAL INCOMPLETO;-3;#NE;-3;#NE;-3;#NE;-3;#NE;Obrigatório;5;0;0;0
13/04/2021;19:37:12;2012;ES;56057;ALFREDO CHAVES;12;7;1023;;4;FEMININO;3;CASADO;5054;50 a 54 anos                  ;6;ENSINO MÉDIO COMPLETO;-3;#NE;-3;#NE;-3;#NE;-3;#NE;Obrigatório;2;0;0;0
13/04/2021;19:37:12;2012;ES;56057;ALFREDO CHAVES;12;7;1023;;4;FEMININO;3;CASADO;5559;55 a 59 anos                  ;3;ENSINO FUNDAMENTAL INCOMPLETO;-3;#NE;-3;#NE;-3;#NE;-3;#NE;Obrigatório;5;0;0;0
13/04/2021;19:37:12;2012;ES;56057;ALFREDO CHAVES;12;7;1023;;4;FEMININO;3;CASADO;5559;55 a 59 anos                  ;6;ENSINO MÉDIO COMPLETO;-3;#NE;-3;#NE;-3;#NE;-3;#NE;Obrigatório;3;0;0;0
13/04/2021;19:37:12;2012;ES;56057;ALFREDO CHAVES;12;7;1023;;4;FEMININO;3;CASADO;6064;60 a 64 anos                  ;2;LÊ E ESCREVE;-3;#NE;-3;#NE;-3;#NE;-3;#NE;Obrigatório;2;0;0;0
13/04/2021;19:37:12;2012;ES;56057;ALFREDO CHAVES;12;7;1023;;4;FEMININO;3;CASADO;6064;60 a 64 anos                  ;6;ENSINO MÉDIO COMPLETO;-3;#NE;-3;#NE;-3;#NE;-3;#NE;Obrigatório;2;0;0;0
13/04/2021;19:37:12;2012;ES;56057;ALFREDO CHAVES;12;7;1023;;4;FEMININO;3;CASADO;6064;60 a 64 anos                  ;8;SUPERIOR COMPLETO;-3;#NE;-3;#NE;-3;#NE;-3;#NE;Obrigatório;1;0;0;0
13/04/2021;19:37:12;2012;ES;56057;ALFREDO CHAVES;12;7;1023;;4;FEMININO;3;CASADO;6569;65 a 69 anos                  ;2;LÊ E ESCREVE;-3;#NE;-3;#NE;-3;#NE;-3;#NE;Obrigatório;1;0;0;0
13/04/2021;19:37:12;2012;ES;56057;ALFREDO CHAVES;12;7;1023;;4;FEMININO;3;CASADO;6569;65 a 69 anos                  ;3;ENSINO FUNDAMENTAL INCOMPLETO;-3;#NE;-3;#NE;-3;#NE;-3;#NE;Obrigatório;1;0;0;0
13/04/2021;19:37:12;2012;ES;56057;ALFREDO CHAVES;12;7;1023;;4;FEMININO;3;CASADO;7579;75 a 79 anos                  ;3;ENSINO FUNDAMENTAL INCOMPLETO;-3;#NE;-3;#NE;-3;#NE;-3;#NE;Facultativo;1;0;0;0
13/04/2021;19:37:12;2012;ES;56057;ALFREDO CHAVES;12;7;1023;;4;FEMININO;3;CASADO;7579;75 a 79 anos                  ;6;ENSINO MÉDIO COMPLETO;-3;#NE;-3;#NE;-3;#NE;-3;#NE;Facultativo;2;0;0;0
13/04/2021;19:37:12;2012;ES;56057;ALFREDO CHAVES;12;7;1023;;4;FEMININO;3;CASADO;8084;80 a 84 anos                  ;3;ENSINO FUNDAMENTAL INCOMPLETO;-3;#NE;-3;#NE;-3;#NE;-3;#NE;Facultativo;1;0;0;0
13/04/2021;19:37:12;2012;ES;56057;ALFREDO CHAVES;12;7;1023;;4;FEMININO;5;VIÚVO;4549;45 a 49 anos                  ;1;ANALFABETO;-3;#NE;-3;#NE;-3;#NE;-3;#NE;Facultativo;1;0;0;0
13/04/2021;19:37:12;2012;ES;56057;ALFREDO CHAVES;12;7;1023;;4;FEMININO;5;VIÚVO;5559;55 a 59 anos                  ;3;ENSINO FUNDAMENTAL INCOMPLETO;-3;#NE;-3;#NE;-3;#NE;-3;#NE;Obrigatório;1;0;0;0
13/04/2021;19:37:12;2012;ES;56057;ALFREDO CHAVES;12;7;1023;;4;FEMININO;5;VIÚVO;7074;70 a 74 anos                  ;3;ENSINO FUNDAMENTAL INCOMPLETO;-3;#NE;-3;#NE;-3;#NE;-3;#NE;Facultativo;1;0;0;0
13/04/2021;19:37:12;2012;ES;56057;ALFREDO CHAVES;12;7;1023;;4;FEMININO;5;VIÚVO;8589;85 a 89 anos                  ;2;LÊ E ESCREVE;-3;#NE;-3;#NE;-3;#NE;-3;#NE;Facultativo;1;0;0;0
13/04/2021;19:37:12;2012;ES;56057;ALFREDO CHAVES;12;7;1023;;4;FEMININO;5;VIÚVO;9094;90 a 94 anos                  ;3;ENSINO FUNDAMENTAL INCOMPLETO;-3;#NE;-3;#NE;-3;#NE;-3;#NE;Facultativo;1;0;0;0
13/04/2021;19:37:12;2012;ES;56057;ALFREDO CHAVES;12;9;1031;;4;FEMININO;3;CASADO;6064;60 a 64 anos                  ;1;ANALFABETO;-3;#NE;-3;#NE;-3;#NE;-3;#NE;Facultativo;3;0;1;0
13/04/2021;19:37:12;2012;ES;56057;ALFREDO CHAVES;12;9;1031;;4;FEMININO;3;CASADO;6064;60 a 64 anos                  ;3;ENSINO FUNDAMENTAL INCOMPLETO;-3;#NE;-3;#NE;-3;#NE;-3;#NE;Obrigatório;2;0;0;0
13/04/2021;19:37:12;2012;ES;56057;ALFREDO CHAVES;12;9;1031;;4;FEMININO;3;CASADO;6064;60 a 64 anos                  ;6;ENSINO MÉDIO COMPLETO;-3;#NE;-3;#NE;-3;#NE;-3;#NE;Obrigatório;1;0;0;0
13/04/2021;19:37:12;2012;ES;56057;ALFREDO CHAVES;12;9;1031;;4;FEMININO;3;CASADO;6569;65 a 69 anos                  ;3;ENSINO FUNDAMENTAL INCOMPLETO;-3;#NE;-3;#NE;-3;#NE;-3;#NE;Obrigatório;3;0;0;0
13/04/2021;19:37:12;2012;ES;56057;ALFREDO CHAVES;12;9;1031;;4;FEMININO;3;CASADO;7074;70 a 74 anos                  ;1;ANALFABETO;-3;#NE;-3;#NE;-3;#NE;-3;#NE;Facultativo;1;0;0;0
13/04/2021;19:37:12;2012;ES;56057;ALFREDO CHAVES;12;9;1031;;4;FEMININO;3;CASADO;7074;70 a 74 anos                  ;2;LÊ E ESCREVE;-3;#NE;-3;#NE;-3;#NE;-3;#NE;Facultativo;1;0;0;0
13/04/2021;19:37:12;2012;ES;56057;ALFREDO CHAVES;12;9;1031;;4;FEMININO;3;CASADO;7074;70 a 74 anos                  ;3;ENSINO FUNDAMENTAL INCOMPLETO;-3;#NE;-3;#NE;-3;#NE;-3;#NE;Facultativo;1;0;0;0
13/04/2021;19:37:12;2012;ES;56057;ALFREDO CHAVES;12;9;1031;;4;FEMININO;3;CASADO;7579;75 a 79 anos                  ;2;LÊ E ESCREVE;-3;#NE;-3;#NE;-3;#NE;-3;#NE;Facultativo;1;0;0;0
13/04/2021;19:37:12;2012;ES;56057;ALFREDO CHAVES;12;26;1163;;2;MASCULINO;3;CASADO;6569;65 a 69 anos                  ;2;LÊ E ESCREVE;-3;#NE;-3;#NE;-3;#NE;-3;#NE;Obrigatório;3;0;0;0
13/04/2021;19:37:12;2012;ES;56057;ALFREDO CHAVES;12;26;1163;;2;MASCULINO;3;CASADO;6569;65 a 69 anos                  ;3;ENSINO FUNDAMENTAL INCOMPLETO;-3;#NE;-3;#NE;-3;#NE;-3;#NE;Obrigatório;1;0;0;0
13/04/2021;19:37:12;2012;ES;56057;ALFREDO CHAVES;12;26;1163;;2;MASCULINO;3;CASADO;7074;70 a 74 anos                  ;2;LÊ E ESCREVE;-3;#NE;-3;#NE;-3;#NE;-3;#NE;Facultativo;2;0;0;0
13/04/2021;19:37:12;2012;ES;56057;ALFREDO CHAVES;12;26;1163;;2;MASCULINO;3;CASADO;7074;70 a 74 anos                  ;3;ENSINO FUNDAMENTAL INCOMPLETO;-3;#NE;-3;#NE;-3;#NE;-3;#NE;Facultativo;1;0;0;0
13/04/2021;19:37:12;2012;ES;56057;ALFREDO CHAVES;12;26;1163;;2;MASCULINO;3;CASADO;7579;75 a 79 anos                  ;2;LÊ E ESCREVE;-3;#NE;-3;#NE;-3;#NE;-3;#NE;Facultativo;2;0;0;0
13/04/2021;19:37:12;2012;ES;56057;ALFREDO CHAVES;12;26;1163;;2;MASCULINO;3;CASADO;8084;80 a 84 anos                  ;2;LÊ E ESCREVE;-3;#NE;-3;#NE;-3;#NE;-3;#NE;Facultativo;1;0;0;0
13/04/2021;19:37:12;2012;ES;56057;ALFREDO CHAVES;12;26;1163;;2;MASCULINO;3;CASADO;8084;80 a 84 anos                  ;3;ENSINO FUNDAMENTAL INCOMPLETO;-3;#NE;-3;#NE;-3;#NE;-3;#NE;Facultativo;2;0;0;0
13/04/2021;19:37:12;2012;ES;56057;ALFREDO CHAVES;12;26;1163;;2;MASCULINO;5;VIÚVO;8084;80 a 84 anos                  ;1;ANALFABETO;-3;#NE;-3;#NE;-3;#NE;-3;#NE;Facultativo;1;0;0;0
13/04/2021;19:37:12;2012;ES;56057;ALFREDO CHAVES;12;26;1163;;2;MASCULINO;9;DIVORCIADO;6064;60 a 64 anos                  ;3;ENSINO FUNDAMENTAL INCOMPLETO;-3;#NE;-3;#NE;-3;#NE;-3;#NE;Obrigatório;1;0;0;0
13/04/2021;19:37:12;2012;ES;56057;ALFREDO CHAVES;12;26;1163;;4;FEMININO;1;SOLTEIRO;2000;20 anos                       ;6;ENSINO MÉDIO COMPLETO;-3;#NE;-3;#NE;-3;#NE;-3;#NE;Obrigatório;1;0;0;0
13/04/2021;19:37:12;2012;ES;56057;ALFREDO CHAVES;12;26;1163;;4;FEMININO;1;SOLTEIRO;2124;21 a 24 anos                  ;3;ENSINO FUNDAMENTAL INCOMPLETO;-3;#NE;-3;#NE;-3;#NE;-3;#NE;Obrigatório;1;0;0;0
13/04/2021;19:37:12;2012;ES;56057;ALFREDO CHAVES;12;26;1163;;4;FEMININO;1;SOLTEIRO;2124;21 a 24 anos                  ;4;ENSINO FUNDAMENTAL COMPLETO;-3;#NE;-3;#NE;-3;#NE;-3;#NE;Obrigatório;2;0;0;0
13/04/2021;19:37:12;2012;ES;56057;ALFREDO CHAVES;12;26;1163;;4;FEMININO;1;SOLTEIRO;2529;25 a 29 anos                  ;3;ENSINO FUNDAMENTAL INCOMPLETO;-3;#NE;-3;#NE;-3;#NE;-3;#NE;Obrigatório;6;0;0;0
13/04/2021;19:37:12;2012;ES;56057;ALFREDO CHAVES;12;26;1163;;4;FEMININO;1;SOLTEIRO;2529;25 a 29 anos                  ;5;ENSINO MÉDIO INCOMPLETO;-3;#NE;-3;#NE;-3;#NE;-3;#NE;Obrigatório;1;0;0;0
13/04/2021;19:37:12;2012;ES;56057;ALFREDO CHAVES;12;26;1163;;4;FEMININO;1;SOLTEIRO;2529;25 a 29 anos                  ;6;ENSINO MÉDIO COMPLETO;-3;#NE;-3;#NE;-3;#NE;-3;#NE;Obrigatório;1;0;0;0
13/04/2021;19:37:12;2012;ES;56057;ALFREDO CHAVES;12;26;1163;;4;FEMININO;1;SOLTEIRO;3034;30 a 34 anos                  ;3;ENSINO FUNDAMENTAL INCOMPLETO;-3;#NE;-3;#NE;-3;#NE;-3;#NE;Obrigatório;7;0;0;0
13/04/2021;19:37:12;2012;ES;56057;ALFREDO CHAVES;12;26;1163;;4;FEMININO;1;SOLTEIRO;3034;30 a 34 anos                  ;5;ENSINO MÉDIO INCOMPLETO;-3;#NE;-3;#NE;-3;#NE;-3;#NE;Obrigatório;1;0;0;0
13/04/2021;19:37:12;2012;ES;56057;ALFREDO CHAVES;12;26;1163;;4;FEMININO;1;SOLTEIRO;3539;35 a 39 anos                  ;2;LÊ E ESCREVE;-3;#NE;-3;#NE;-3;#NE;-3;#NE;Obrigatório;1;0;0;0
13/04/2021;19:37:12;2012;ES;56057;ALFREDO CHAVES;12;26;1163;;4;FEMININO;1;SOLTEIRO;3539;35 a 39 anos                  ;4;ENSINO FUNDAMENTAL COMPLETO;-3;#NE;-3;#NE;-3;#NE;-3;#NE;Obrigatório;1;0;0;0
13/04/2021;19:37:12;2012;ES;56057;ALFREDO CHAVES;12;26;1163;;4;FEMININO;1;SOLTEIRO;4044;40 a 44 anos                  ;3;ENSINO FUNDAMENTAL INCOMPLETO;-3;#NE;-3;#NE;-3;#NE;-3;#NE;Obrigatório;3;0;0;0
13/04/2021;19:37:12;2012;ES;56057;ALFREDO CHAVES;12;26;1163;;4;FEMININO;1;SOLTEIRO;4044;40 a 44 anos                  ;6;ENSINO MÉDIO COMPLETO;-3;#NE;-3;#NE;-3;#NE;-3;#NE;Obrigatório;1;0;0;0
13/04/2021;19:37:12;2012;ES;56057;ALFREDO CHAVES;12;26;1163;;4;FEMININO;1;SOLTEIRO;5054;50 a 54 anos                  ;1;ANALFABETO;-3;#NE;-3;#NE;-3;#NE;-3;#NE;Facultativo;1;0;0;0
13/04/2021;19:37:12;2012;ES;56057;ALFREDO CHAVES;12;26;1163;;4;FEMININO;1;SOLTEIRO;5054;50 a 54 anos                  ;4;ENSINO FUNDAMENTAL COMPLETO;-3;#NE;-3;#NE;-3;#NE;-3;#NE;Obrigatório;1;0;0;0
13/04/2021;19:37:12;2012;ES;56057;ALFREDO CHAVES;12;26;1163;;4;FEMININO;1;SOLTEIRO;5559;55 a 59 anos                  ;2;LÊ E ESCREVE;-3;#NE;-3;#NE;-3;#NE;-3;#NE;Obrigatório;1;0;0;0
13/04/2021;19:37:12;2012;ES;56057;ALFREDO CHAVES;12;26;1163;;4;FEMININO;1;SOLTEIRO;6064;60 a 64 anos                  ;1;ANALFABETO;-3;#NE;-3;#NE;-3;#NE;-3;#NE;Facultativo;1;0;0;0
13/04/2021;19:37:12;2012;ES;56057;ALFREDO CHAVES;12;26;1163;;4;FEMININO;1;SOLTEIRO;6569;65 a 69 anos                  ;3;ENSINO FUNDAMENTAL INCOMPLETO;-3;#NE;-3;#NE;-3;#NE;-3;#NE;Obrigatório;1;0;0;0
13/04/2021;19:37:12;2012;ES;56057;ALFREDO CHAVES;12;26;1163;;4;FEMININO;3;CASADO;2000;20 anos                       ;5;ENSINO MÉDIO INCOMPLETO;-3;#NE;-3;#NE;-3;#NE;-3;#NE;Obrigatório;1;0;0;0
13/04/2021;19:37:12;2012;ES;56057;ALFREDO CHAVES;12;26;1163;;4;FEMININO;3;CASADO;2000;20 anos                       ;6;ENSINO MÉDIO COMPLETO;-3;#NE;-3;#NE;-3;#NE;-3;#NE;Obrigatório;1;0;0;0
13/04/2021;19:37:12;2012;ES;56057;ALFREDO CHAVES;12;26;1163;;4;FEMININO;3;CASADO;2124;21 a 24 anos                  ;3;ENSINO FUNDAMENTAL INCOMPLETO;-3;#NE;-3;#NE;-3;#NE;-3;#NE;Obrigatório;4;0;0;0
13/04/2021;19:37:12;2012;ES;56057;ALFREDO CHAVES;12;28;1074;;2;MASCULINO;1;SOLTEIRO;3539;35 a 39 anos                  ;3;ENSINO FUNDAMENTAL INCOMPLETO;-3;#NE;-3;#NE;-3;#NE;-3;#NE;Obrigatório;12;0;0;0
13/04/2021;19:37:12;2012;ES;56057;ALFREDO CHAVES;12;28;1074;;2;MASCULINO;1;SOLTEIRO;4044;40 a 44 anos                  ;3;ENSINO FUNDAMENTAL INCOMPLETO;-3;#NE;-3;#NE;-3;#NE;-3;#NE;Obrigatório;4;0;0;0
13/04/2021;19:37:12;2012;ES;56057;ALFREDO CHAVES;12;28;1074;;2;MASCULINO;1;SOLTEIRO;4549;45 a 49 anos                  ;6;ENSINO MÉDIO COMPLETO;-3;#NE;-3;#NE;-3;#NE;-3;#NE;Obrigatório;1;0;0;0
13/04/2021;19:37:12;2012;ES;56057;ALFREDO CHAVES;12;28;1074;;2;MASCULINO;1;SOLTEIRO;5054;50 a 54 anos                  ;6;ENSINO MÉDIO COMPLETO;-3;#NE;-3;#NE;-3;#NE;-3;#NE;Obrigatório;1;0;0;0
13/04/2021;19:37:12;2012;ES;56057;ALFREDO CHAVES;12;28;1074;;2;MASCULINO;1;SOLTEIRO;6569;65 a 69 anos                  ;1;ANALFABETO;-3;#NE;-3;#NE;-3;#NE;-3;#NE;Facultativo;1;0;0;0
13/04/2021;19:37:12;2012;ES;56057;ALFREDO CHAVES;12;28;1074;;2;MASCULINO;3;CASADO;3034;30 a 34 anos                  ;2;LÊ E ESCREVE;-3;#NE;-3;#NE;-3;#NE;-3;#NE;Obrigatório;1;0;0;0
13/04/2021;19:37:12;2012;ES;56057;ALFREDO CHAVES;12;28;1074;;2;MASCULINO;3;CASADO;3034;30 a 34 anos                  ;3;ENSINO FUNDAMENTAL INCOMPLETO;-3;#NE;-3;#NE;-3;#NE;-3;#NE;Obrigatório;2;0;0;0
13/04/2021;19:37:12;2012;ES;56057;ALFREDO CHAVES;12;28;1074;;2;MASCULINO;3;CASADO;3539;35 a 39 anos                  ;3;ENSINO FUNDAMENTAL INCOMPLETO;-3;#NE;-3;#NE;-3;#NE;-3;#NE;Obrigatório;1;0;0;0
13/04/2021;19:37:12;2012;ES;56057;ALFREDO CHAVES;12;28;1074;;2;MASCULINO;3;CASADO;4549;45 a 49 anos                  ;3;ENSINO FUNDAMENTAL INCOMPLETO;-3;#NE;-3;#NE;-3;#NE;-3;#NE;Obrigatório;3;0;0;0
13/04/2021;19:37:12;2012;ES;56057;ALFREDO CHAVES;12;28;1074;;2;MASCULINO;3;CASADO;4549;45 a 49 anos                  ;4;ENSINO FUNDAMENTAL COMPLETO;-3;#NE;-3;#NE;-3;#NE;-3;#NE;Obrigatório;1;0;0;0
13/04/2021;19:37:12;2012;ES;56057;ALFREDO CHAVES;12;28;1074;;2;MASCULINO;3;CASADO;5054;50 a 54 anos                  ;2;LÊ E ESCREVE;-3;#NE;-3;#NE;-3;#NE;-3;#NE;Obrigatório;1;0;0;0
13/04/2021;19:37:12;2012;ES;56057;ALFREDO CHAVES;12;28;1074;;2;MASCULINO;3;CASADO;5054;50 a 54 anos                  ;6;ENSINO MÉDIO COMPLETO;-3;#NE;-3;#NE;-3;#NE;-3;#NE;Obrigatório;1;0;0;0
13/04/2021;19:37:12;2012;ES;56057;ALFREDO CHAVES;12;28;1074;;2;MASCULINO;3;CASADO;5559;55 a 59 anos                  ;3;ENSINO FUNDAMENTAL INCOMPLETO;-3;#NE;-3;#NE;-3;#NE;-3;#NE;Obrigatório;2;0;0;0
13/04/2021;19:37:12;2012;ES;56057;ALFREDO CHAVES;12;28;1074;;2;MASCULINO;3;CASADO;5559;55 a 59 anos                  ;8;SUPERIOR COMPLETO;-3;#NE;-3;#NE;-3;#NE;-3;#NE;Obrigatório;1;0;0;0
13/04/2021;19:37:12;2012;ES;56057;ALFREDO CHAVES;12;28;1074;;2;MASCULINO;3;CASADO;6064;60 a 64 anos                  ;2;LÊ E ESCREVE;-3;#NE;-3;#NE;-3;#NE;-3;#NE;Obrigatório;1;0;0;0
13/04/2021;19:37:12;2012;ES;56057;ALFREDO CHAVES;12;28;1074;;2;MASCULINO;3;CASADO;7074;70 a 74 anos                  ;3;ENSINO FUNDAMENTAL INCOMPLETO;-3;#NE;-3;#NE;-3;#NE;-3;#NE;Facultativo;2;0;0;0
13/04/2021;19:37:12;2012;ES;56057;ALFREDO CHAVES;12;28;1074;;2;MASCULINO;5;VIÚVO;5054;50 a 54 anos                  ;1;ANALFABETO;-3;#NE;-3;#NE;-3;#NE;-3;#NE;Facultativo;1;0;0;0
13/04/2021;19:37:12;2012;ES;56057;ALFREDO CHAVES;12;28;1074;;4;FEMININO;1;SOLTEIRO;1700;17 anos                       ;5;ENSINO MÉDIO INCOMPLETO;-3;#NE;-3;#NE;-3;#NE;-3;#NE;Facultativo;2;0;0;0
13/04/2021;19:37:12;2012;ES;56057;ALFREDO CHAVES;12;28;1074;;4;FEMININO;1;SOLTEIRO;1800;18 anos                       ;3;ENSINO FUNDAMENTAL INCOMPLETO;-3;#NE;-3;#NE;-3;#NE;-3;#NE;Obrigatório;4;0;0;0
13/04/2021;19:37:12;2012;ES;56057;ALFREDO CHAVES;12;28;1074;;4;FEMININO;1;SOLTEIRO;1800;18 anos                       ;4;ENSINO FUNDAMENTAL COMPLETO;-3;#NE;-3;#NE;-3;#NE;-3;#NE;Obrigatório;1;0;0;0
13/04/2021;19:37:12;2012;ES;56057;ALFREDO CHAVES;12;28;1074;;4;FEMININO;1;SOLTEIRO;2000;20 anos                       ;3;ENSINO FUNDAMENTAL INCOMPLETO;-3;#NE;-3;#NE;-3;#NE;-3;#NE;Obrigatório;1;0;0;0
13/04/2021;19:37:12;2012;ES;56057;ALFREDO CHAVES;12;28;1074;;4;FEMININO;1;SOLTEIRO;2000;20 anos                       ;4;ENSINO FUNDAMENTAL COMPLETO;-3;#NE;-3;#NE;-3;#NE;-3;#NE;Obrigatório;1;0;0;0
13/04/2021;19:37:12;2012;ES;56057;ALFREDO CHAVES;12;28;1074;;4;FEMININO;1;SOLTEIRO;2000;20 anos                       ;5;ENSINO MÉDIO INCOMPLETO;-3;#NE;-3;#NE;-3;#NE;-3;#NE;Obrigatório;2;0;0;0
13/04/2021;19:37:12;2012;ES;56057;ALFREDO CHAVES;12;28;1074;;4;FEMININO;1;SOLTEIRO;2000;20 anos                       ;6;ENSINO MÉDIO COMPLETO;-3;#NE;-3;#NE;-3;#NE;-3;#NE;Obrigatório;2;0;0;0
13/04/2021;19:37:12;2012;ES;56057;ALFREDO CHAVES;12;28;1074;;4;FEMININO;1;SOLTEIRO;2124;21 a 24 anos                  ;3;ENSINO FUNDAMENTAL INCOMPLETO;-3;#NE;-3;#NE;-3;#NE;-3;#NE;Obrigatório;6;0;0;0
13/04/2021;19:37:12;2012;ES;56057;ALFREDO CHAVES;12;28;1074;;4;FEMININO;1;SOLTEIRO;2124;21 a 24 anos                  ;4;ENSINO FUNDAMENTAL COMPLETO;-3;#NE;-3;#NE;-3;#NE;-3;#NE;Obrigatório;3;0;0;0
13/04/2021;19:37:12;2012;ES;56057;ALFREDO CHAVES;12;28;1074;;4;FEMININO;1;SOLTEIRO;2124;21 a 24 anos                  ;5;ENSINO MÉDIO INCOMPLETO;-3;#NE;-3;#NE;-3;#NE;-3;#NE;Obrigatório;6;0;0;0
13/04/2021;19:37:12;2012;ES;56057;ALFREDO CHAVES;12;28;1074;;4;FEMININO;1;SOLTEIRO;2124;21 a 24 anos                  ;6;ENSINO MÉDIO COMPLETO;-3;#NE;-3;#NE;-3;#NE;-3;#NE;Obrigatório;2;0;0;0
13/04/2021;19:37:12;2012;ES;56057;ALFREDO CHAVES;12;28;1074;;4;FEMININO;1;SOLTEIRO;2124;21 a 24 anos                  ;7;SUPERIOR INCOMPLETO;-3;#NE;-3;#NE;-3;#NE;-3;#NE;Obrigatório;1;0;0;0
13/04/2021;19:37:12;2012;ES;56057;ALFREDO CHAVES;12;28;1074;;4;FEMININO;1;SOLTEIRO;2529;25 a 29 anos                  ;3;ENSINO FUNDAMENTAL INCOMPLETO;-3;#NE;-3;#NE;-3;#NE;-3;#NE;Obrigatório;4;0;0;0
13/04/2021;19:37:12;2012;ES;56057;ALFREDO CHAVES;12;28;1074;;4;FEMININO;1;SOLTEIRO;2529;25 a 29 anos                  ;4;ENSINO FUNDAMENTAL COMPLETO;-3;#NE;-3;#NE;-3;#NE;-3;#NE;Obrigatório;2;0;0;0
13/04/2021;19:37:12;2012;ES;56057;ALFREDO CHAVES;12;28;1074;;4;FEMININO;1;SOLTEIRO;2529;25 a 29 anos                  ;5;ENSINO MÉDIO INCOMPLETO;-3;#NE;-3;#NE;-3;#NE;-3;#NE;Obrigatório;4;0;0;0
13/04/2021;19:37:12;2012;ES;56057;ALFREDO CHAVES;12;28;1074;;4;FEMININO;1;SOLTEIRO;2529;25 a 29 anos                  ;6;ENSINO MÉDIO COMPLETO;-3;#NE;-3;#NE;-3;#NE;-3;#NE;Obrigatório;2;0;0;0
13/04/2021;19:37:12;2012;ES;56057;ALFREDO CHAVES;12;28;1074;;4;FEMININO;1;SOLTEIRO;3034;30 a 34 anos                  ;3;ENSINO FUNDAMENTAL INCOMPLETO;-3;#NE;-3;#NE;-3;#NE;-3;#NE;Obrigatório;4;0;0;0
13/04/2021;19:37:12;2012;ES;56057;ALFREDO CHAVES;12;28;1074;;4;FEMININO;1;SOLTEIRO;3034;30 a 34 anos                  ;5;ENSINO MÉDIO INCOMPLETO;-3;#NE;-3;#NE;-3;#NE;-3;#NE;Obrigatório;3;0;0;0
13/04/2021;19:37:12;2012;ES;56057;ALFREDO CHAVES;12;28;1074;;4;FEMININO;1;SOLTEIRO;3539;35 a 39 anos                  ;3;ENSINO FUNDAMENTAL INCOMPLETO;-3;#NE;-3;#NE;-3;#NE;-3;#NE;Obrigatório;3;0;0;0
13/04/2021;19:37:12;2012;ES;56057;ALFREDO CHAVES;12;28;1074;;4;FEMININO;1;SOLTEIRO;4044;40 a 44 anos                  ;3;ENSINO FUNDAMENTAL INCOMPLETO;-3;#NE;-3;#NE;-3;#NE;-3;#NE;Obrigatório;1;0;0;0
13/04/2021;19:37:12;2012;ES;56057;ALFREDO CHAVES;12;28;1074;;4;FEMININO;1;SOLTEIRO;4549;45 a 49 anos                  ;3;ENSINO FUNDAMENTAL INCOMPLETO;-3;#NE;-3;#NE;-3;#NE;-3;#NE;Obrigatório;2;0;0;0
13/04/2021;19:37:12;2012;ES;56057;ALFREDO CHAVES;12;28;1074;;4;FEMININO;3;CASADO;2124;21 a 24 anos                  ;7;SUPERIOR INCOMPLETO;-3;#NE;-3;#NE;-3;#NE;-3;#NE;Obrigatório;1;0;0;0
13/04/2021;19:37:12;2012;ES;56057;ALFREDO CHAVES;12;28;1074;;4;FEMININO;3;CASADO;2529;25 a 29 anos                  ;3;ENSINO FUNDAMENTAL INCOMPLETO;-3;#NE;-3;#NE;-3;#NE;-3;#NE;Obrigatório;1;0;0;0
13/04/2021;19:37:12;2012;ES;56057;ALFREDO CHAVES;12;28;1074;;4;FEMININO;3;CASADO;2529;25 a 29 anos                  ;4;ENSINO FUNDAMENTAL COMPLETO;-3;#NE;-3;#NE;-3;#NE;-3;#NE;Obrigatório;1;0;0;0
13/04/2021;19:37:12;2012;ES;56057;ALFREDO CHAVES;12;28;1074;;4;FEMININO;3;CASADO;2529;25 a 29 anos                  ;6;ENSINO MÉDIO COMPLETO;-3;#NE;-3;#NE;-3;#NE;-3;#NE;Obrigatório;3;0;0;0
13/04/2021;19:37:12;2012;ES;56057;ALFREDO CHAVES;12;28;1074;;4;FEMININO;3;CASADO;3034;30 a 34 anos                  ;3;ENSINO FUNDAMENTAL INCOMPLETO;-3;#NE;-3;#NE;-3;#NE;-3;#NE;Obrigatório;2;0;0;0
13/04/2021;19:37:12;2012;ES;56057;ALFREDO CHAVES;12;28;1074;;4;FEMININO;3;CASADO;3034;30 a 34 anos                  ;5;ENSINO MÉDIO INCOMPLETO;-3;#NE;-3;#NE;-3;#NE;-3;#NE;Obrigatório;2;0;0;0
13/04/2021;19:37:12;2012;ES;56057;ALFREDO CHAVES;12;28;1074;;4;FEMININO;3;CASADO;3034;30 a 34 anos                  ;6;ENSINO MÉDIO COMPLETO;-3;#NE;-3;#NE;-3;#NE;-3;#NE;Obrigatório;1;0;0;0
13/04/2021;19:37:12;2012;ES;56057;ALFREDO CHAVES;12;28;1074;;4;FEMININO;3;CASADO;3034;30 a 34 anos                  ;7;SUPERIOR INCOMPLETO;-3;#NE;-3;#NE;-3;#NE;-3;#NE;Obrigatório;1;0;0;0
13/04/2021;19:37:12;2012;ES;56057;ALFREDO CHAVES;12;28;1074;;4;FEMININO;3;CASADO;3539;35 a 39 anos                  ;3;ENSINO FUNDAMENTAL INCOMPLETO;-3;#NE;-3;#NE;-3;#NE;-3;#NE;Obrigatório;1;0;0;0
13/04/2021;19:37:12;2012;ES;56057;ALFREDO CHAVES;12;28;1074;;4;FEMININO;3;CASADO;3539;35 a 39 anos                  ;4;ENSINO FUNDAMENTAL COMPLETO;-3;#NE;-3;#NE;-3;#NE;-3;#NE;Obrigatório;1;0;0;0
13/04/2021;19:37:12;2012;ES;56057;ALFREDO CHAVES;12;28;1074;;4;FEMININO;3;CASADO;4044;40 a 44 anos                  ;2;LÊ E ESCREVE;-3;#NE;-3;#NE;-3;#NE;-3;#NE;Obrigatório;1;0;0;0
13/04/2021;19:37:12;2012;ES;56057;ALFREDO CHAVES;12;28;1074;;4;FEMININO;3;CASADO;4044;40 a 44 anos                  ;3;ENSINO FUNDAMENTAL INCOMPLETO;-3;#NE;-3;#NE;-3;#NE;-3;#NE;Obrigatório;8;0;0;0
13/04/2021;19:37:12;2012;ES;56057;ALFREDO CHAVES;12;28;1074;;4;FEMININO;3;CASADO;4044;40 a 44 anos                  ;5;ENSINO MÉDIO INCOMPLETO;-3;#NE;-3;#NE;-3;#NE;-3;#NE;Obrigatório;1;0;0;0
13/04/2021;19:37:12;2012;ES;56057;ALFREDO CHAVES;12;28;1074;;4;FEMININO;3;CASADO;4549;45 a 49 anos                  ;3;ENSINO FUNDAMENTAL INCOMPLETO;-3;#NE;-3;#NE;-3;#NE;-3;#NE;Obrigatório;5;0;0;0
13/04/2021;19:37:12;2012;ES;56057;ALFREDO CHAVES;12;28;1074;;4;FEMININO;3;CASADO;5054;50 a 54 anos                  ;1;ANALFABETO;-3;#NE;-3;#NE;-3;#NE;-3;#NE;Facultativo;1;0;0;0
13/04/2021;19:37:12;2012;ES;56057;ALFREDO CHAVES;12;28;1074;;4;FEMININO;3;CASADO;5054;50 a 54 anos                  ;4;ENSINO FUNDAMENTAL COMPLETO;-3;#NE;-3;#NE;-3;#NE;-3;#NE;Obrigatório;1;0;0;0
13/04/2021;19:37:12;2012;ES;56057;ALFREDO CHAVES;12;28;1074;;4;FEMININO;3;CASADO;5559;55 a 59 anos                  ;1;ANALFABETO;-3;#NE;-3;#NE;-3;#NE;-3;#NE;Facultativo;1;0;0;0
13/04/2021;19:37:12;2012;ES;56057;ALFREDO CHAVES;12;28;1074;;4;FEMININO;3;CASADO;5559;55 a 59 anos                  ;3;ENSINO FUNDAMENTAL INCOMPLETO;-3;#NE;-3;#NE;-3;#NE;-3;#NE;Obrigatório;2;0;0;0
13/04/2021;19:37:12;2012;ES;56057;ALFREDO CHAVES;12;28;1074;;4;FEMININO;3;CASADO;5559;55 a 59 anos                  ;6;ENSINO MÉDIO COMPLETO;-3;#NE;-3;#NE;-3;#NE;-3;#NE;Obrigatório;1;0;0;0
13/04/2021;19:37:12;2012;ES;56057;ALFREDO CHAVES;12;28;1074;;4;FEMININO;3;CASADO;6064;60 a 64 anos                  ;3;ENSINO FUNDAMENTAL INCOMPLETO;-3;#NE;-3;#NE;-3;#NE;-3;#NE;Obrigatório;3;0;0;0
13/04/2021;19:37:12;2012;ES;56057;ALFREDO CHAVES;12;30;1171;;4;FEMININO;1;SOLTEIRO;6064;60 a 64 anos                  ;3;ENSINO FUNDAMENTAL INCOMPLETO;-3;#NE;-3;#NE;-3;#NE;-3;#NE;Obrigatório;1;0;0;0
13/04/2021;19:37:12;2012;ES;56057;ALFREDO CHAVES;12;30;1171;;4;FEMININO;3;CASADO;2124;21 a 24 anos                  ;3;ENSINO FUNDAMENTAL INCOMPLETO;-3;#NE;-3;#NE;-3;#NE;-3;#NE;Obrigatório;1;0;0;0
13/04/2021;19:37:12;2012;ES;56057;ALFREDO CHAVES;12;30;1171;;4;FEMININO;3;CASADO;2529;25 a 29 anos                  ;5;ENSINO MÉDIO INCOMPLETO;-3;#NE;-3;#NE;-3;#NE;-3;#NE;Obrigatório;1;0;0;0
13/04/2021;19:37:12;2012;ES;56057;ALFREDO CHAVES;12;30;1171;;4;FEMININO;3;CASADO;2529;25 a 29 anos                  ;8;SUPERIOR COMPLETO;-3;#NE;-3;#NE;-3;#NE;-3;#NE;Obrigatório;1;0;0;0
13/04/2021;19:37:12;2012;ES;56057;ALFREDO CHAVES;12;30;1171;;4;FEMININO;3;CASADO;3034;30 a 34 anos                  ;3;ENSINO FUNDAMENTAL INCOMPLETO;-3;#NE;-3;#NE;-3;#NE;-3;#NE;Obrigatório;1;0;0;0
13/04/2021;19:37:12;2012;ES;56057;ALFREDO CHAVES;12;30;1171;;4;FEMININO;3;CASADO;3034;30 a 34 anos                  ;5;ENSINO MÉDIO INCOMPLETO;-3;#NE;-3;#NE;-3;#NE;-3;#NE;Obrigatório;2;0;0;0
13/04/2021;19:37:12;2012;ES;56057;ALFREDO CHAVES;12;30;1171;;4;FEMININO;3;CASADO;3034;30 a 34 anos                  ;6;ENSINO MÉDIO COMPLETO;-3;#NE;-3;#NE;-3;#NE;-3;#NE;Obrigatório;1;0;0;0
13/04/2021;19:37:12;2012;ES;56057;ALFREDO CHAVES;12;30;1171;;4;FEMININO;3;CASADO;3539;35 a 39 anos                  ;3;ENSINO FUNDAMENTAL INCOMPLETO;-3;#NE;-3;#NE;-3;#NE;-3;#NE;Obrigatório;3;0;0;0
13/04/2021;19:37:12;2012;ES;56057;ALFREDO CHAVES;12;30;1171;;4;FEMININO;3;CASADO;3539;35 a 39 anos                  ;6;ENSINO MÉDIO COMPLETO;-3;#NE;-3;#NE;-3;#NE;-3;#NE;Obrigatório;1;0;0;0
13/04/2021;19:37:12;2012;ES;56057;ALFREDO CHAVES;12;30;1171;;4;FEMININO;3;CASADO;3539;35 a 39 anos                  ;8;SUPERIOR COMPLETO;-3;#NE;-3;#NE;-3;#NE;-3;#NE;Obrigatório;1;0;0;0
13/04/2021;19:37:12;2012;ES;56057;ALFREDO CHAVES;12;30;1171;;4;FEMININO;3;CASADO;4044;40 a 44 anos                  ;3;ENSINO FUNDAMENTAL INCOMPLETO;-3;#NE;-3;#NE;-3;#NE;-3;#NE;Obrigatório;6;0;0;0
13/04/2021;19:37:12;2012;ES;56057;ALFREDO CHAVES;12;30;1171;;4;FEMININO;3;CASADO;4044;40 a 44 anos                  ;4;ENSINO FUNDAMENTAL COMPLETO;-3;#NE;-3;#NE;-3;#NE;-3;#NE;Obrigatório;1;0;0;0
13/04/2021;19:37:12;2012;ES;56057;ALFREDO CHAVES;12;30;1171;;4;FEMININO;3;CASADO;4044;40 a 44 anos                  ;6;ENSINO MÉDIO COMPLETO;-3;#NE;-3;#NE;-3;#NE;-3;#NE;Obrigatório;5;0;0;0
13/04/2021;19:37:12;2012;ES;56057;ALFREDO CHAVES;12;30;1171;;4;FEMININO;3;CASADO;4044;40 a 44 anos                  ;7;SUPERIOR INCOMPLETO;-3;#NE;-3;#NE;-3;#NE;-3;#NE;Obrigatório;3;0;0;0
13/04/2021;19:37:12;2012;ES;56057;ALFREDO CHAVES;12;30;1171;;4;FEMININO;3;CASADO;4044;40 a 44 anos                  ;8;SUPERIOR COMPLETO;-3;#NE;-3;#NE;-3;#NE;-3;#NE;Obrigatório;1;0;0;0
13/04/2021;19:37:12;2012;ES;56057;ALFREDO CHAVES;12;30;1171;;4;FEMININO;3;CASADO;4549;45 a 49 anos                  ;1;ANALFABETO;-3;#NE;-3;#NE;-3;#NE;-3;#NE;Facultativo;1;0;0;0
13/04/2021;19:37:12;2012;ES;56057;ALFREDO CHAVES;12;30;1171;;4;FEMININO;3;CASADO;4549;45 a 49 anos                  ;2;LÊ E ESCREVE;-3;#NE;-3;#NE;-3;#NE;-3;#NE;Obrigatório;1;0;0;0
13/04/2021;19:37:12;2012;ES;56057;ALFREDO CHAVES;12;30;1171;;4;FEMININO;3;CASADO;4549;45 a 49 anos                  ;6;ENSINO MÉDIO COMPLETO;-3;#NE;-3;#NE;-3;#NE;-3;#NE;Obrigatório;1;0;0;0
13/04/2021;19:37:12;2012;ES;56057;ALFREDO CHAVES;12;30;1171;;4;FEMININO;3;CASADO;4549;45 a 49 anos                  ;8;SUPERIOR COMPLETO;-3;#NE;-3;#NE;-3;#NE;-3;#NE;Obrigatório;1;0;0;0
13/04/2021;19:37:12;2012;ES;56057;ALFREDO CHAVES;12;30;1171;;4;FEMININO;3;CASADO;5054;50 a 54 anos                  ;1;ANALFABETO;-3;#NE;-3;#NE;-3;#NE;-3;#NE;Facultativo;1;0;0;0
13/04/2021;19:37:12;2012;ES;56057;ALFREDO CHAVES;12;30;1171;;4;FEMININO;3;CASADO;5054;50 a 54 anos                  ;2;LÊ E ESCREVE;-3;#NE;-3;#NE;-3;#NE;-3;#NE;Obrigatório;1;0;0;0
13/04/2021;19:37:12;2012;ES;56057;ALFREDO CHAVES;12;30;1171;;4;FEMININO;3;CASADO;5054;50 a 54 anos                  ;6;ENSINO MÉDIO COMPLETO;-3;#NE;-3;#NE;-3;#NE;-3;#NE;Obrigatório;2;0;0;0
13/04/2021;19:37:12;2012;ES;56057;ALFREDO CHAVES;12;30;1171;;4;FEMININO;3;CASADO;5054;50 a 54 anos                  ;8;SUPERIOR COMPLETO;-3;#NE;-3;#NE;-3;#NE;-3;#NE;Obrigatório;1;0;0;0
13/04/2021;19:37:12;2012;ES;56057;ALFREDO CHAVES;12;30;1171;;4;FEMININO;3;CASADO;5559;55 a 59 anos                  ;2;LÊ E ESCREVE;-3;#NE;-3;#NE;-3;#NE;-3;#NE;Obrigatório;1;0;0;0
13/04/2021;19:37:12;2012;ES;56057;ALFREDO CHAVES;12;30;1171;;4;FEMININO;3;CASADO;5559;55 a 59 anos                  ;4;ENSINO FUNDAMENTAL COMPLETO;-3;#NE;-3;#NE;-3;#NE;-3;#NE;Obrigatório;1;0;0;0
13/04/2021;19:37:12;2012;ES;56057;ALFREDO CHAVES;12;30;1171;;4;FEMININO;3;CASADO;5559;55 a 59 anos                  ;5;ENSINO MÉDIO INCOMPLETO;-3;#NE;-3;#NE;-3;#NE;-3;#NE;Obrigatório;2;0;0;0
13/04/2021;19:37:12;2012;ES;56057;ALFREDO CHAVES;12;30;1171;;4;FEMININO;3;CASADO;5559;55 a 59 anos                  ;6;ENSINO MÉDIO COMPLETO;-3;#NE;-3;#NE;-3;#NE;-3;#NE;Obrigatório;2;0;0;0
13/04/2021;19:37:12;2012;ES;56057;ALFREDO CHAVES;12;30;1171;;4;FEMININO;3;CASADO;6569;65 a 69 anos                  ;3;ENSINO FUNDAMENTAL INCOMPLETO;-3;#NE;-3;#NE;-3;#NE;-3;#NE;Obrigatório;1;0;0;0
13/04/2021;19:37:12;2012;ES;56057;ALFREDO CHAVES;12;30;1171;;4;FEMININO;3;CASADO;6569;65 a 69 anos                  ;6;ENSINO MÉDIO COMPLETO;-3;#NE;-3;#NE;-3;#NE;-3;#NE;Obrigatório;1;0;0;0
13/04/2021;19:37:12;2012;ES;56057;ALFREDO CHAVES;12;30;1171;;4;FEMININO;3;CASADO;7074;70 a 74 anos                  ;3;ENSINO FUNDAMENTAL INCOMPLETO;-3;#NE;-3;#NE;-3;#NE;-3;#NE;Facultativo;2;0;0;0
13/04/2021;19:37:12;2012;ES;56057;ALFREDO CHAVES;12;30;1171;;4;FEMININO;3;CASADO;8589;85 a 89 anos                  ;2;LÊ E ESCREVE;-3;#NE;-3;#NE;-3;#NE;-3;#NE;Facultativo;1;0;0;0
13/04/2021;19:37:12;2012;ES;56057;ALFREDO CHAVES;12;30;1171;;4;FEMININO;5;VIÚVO;4044;40 a 44 anos                  ;3;ENSINO FUNDAMENTAL INCOMPLETO;-3;#NE;-3;#NE;-3;#NE;-3;#NE;Obrigatório;1;0;0;0
13/04/2021;19:37:12;2012;ES;56057;ALFREDO CHAVES;12;30;1171;;4;FEMININO;5;VIÚVO;5054;50 a 54 anos                  ;2;LÊ E ESCREVE;-3;#NE;-3;#NE;-3;#NE;-3;#NE;Obrigatório;1;0;0;0
13/04/2021;19:37:12;2012;ES;56057;ALFREDO CHAVES;12;30;1171;;4;FEMININO;5;VIÚVO;8589;85 a 89 anos                  ;2;LÊ E ESCREVE;-3;#NE;-3;#NE;-3;#NE;-3;#NE;Facultativo;1;0;0;0
13/04/2021;19:37:12;2012;ES;56057;ALFREDO CHAVES;12;30;1171;;4;FEMININO;7;SEPARADO JUDICIALMENTE;4549;45 a 49 anos                  ;4;ENSINO FUNDAMENTAL COMPLETO;-3;#NE;-3;#NE;-3;#NE;-3;#NE;Obrigatório;1;0;0;0
13/04/2021;19:37:12;2012;ES;56057;ALFREDO CHAVES;12;30;1171;;4;FEMININO;7;SEPARADO JUDICIALMENTE;4549;45 a 49 anos                  ;6;ENSINO MÉDIO COMPLETO;-3;#NE;-3;#NE;-3;#NE;-3;#NE;Obrigatório;1;0;0;0
13/04/2021;19:37:12;2012;ES;56057;ALFREDO CHAVES;12;30;1171;;4;FEMININO;9;DIVORCIADO;6064;60 a 64 anos                  ;1;ANALFABETO;-3;#NE;-3;#NE;-3;#NE;-3;#NE;Facultativo;1;0;0;0
13/04/2021;19:37:12;2012;ES;56057;ALFREDO CHAVES;12;31;1171;;2;MASCULINO;1;SOLTEIRO;1600;16 anos                       ;5;ENSINO MÉDIO INCOMPLETO;-3;#NE;-3;#NE;-3;#NE;-3;#NE;Facultativo;1;0;0;0
13/04/2021;19:37:12;2012;ES;56057;ALFREDO CHAVES;12;31;1171;;2;MASCULINO;1;SOLTEIRO;1700;17 anos                       ;5;ENSINO MÉDIO INCOMPLETO;-3;#NE;-3;#NE;-3;#NE;-3;#NE;Facultativo;2;0;0;0
13/04/2021;19:37:12;2012;ES;56057;ALFREDO CHAVES;12;31;1171;;2;MASCULINO;1;SOLTEIRO;1900;19 anos                       ;5;ENSINO MÉDIO INCOMPLETO;-3;#NE;-3;#NE;-3;#NE;-3;#NE;Obrigatório;3;0;0;0
13/04/2021;19:37:12;2012;ES;56057;ALFREDO CHAVES;12;31;1171;;2;MASCULINO;1;SOLTEIRO;2000;20 anos                       ;3;ENSINO FUNDAMENTAL INCOMPLETO;-3;#NE;-3;#NE;-3;#NE;-3;#NE;Obrigatório;1;0;0;0
13/04/2021;19:37:12;2012;ES;56057;ALFREDO CHAVES;12;31;1171;;2;MASCULINO;1;SOLTEIRO;2000;20 anos                       ;5;ENSINO MÉDIO INCOMPLETO;-3;#NE;-3;#NE;-3;#NE;-3;#NE;Obrigatório;5;0;0;0
13/04/2021;19:37:12;2012;ES;56057;ALFREDO CHAVES;12;31;1171;;2;MASCULINO;1;SOLTEIRO;2124;21 a 24 anos                  ;5;ENSINO MÉDIO INCOMPLETO;-3;#NE;-3;#NE;-3;#NE;-3;#NE;Obrigatório;13;0;0;0
13/04/2021;19:37:12;2012;ES;56057;ALFREDO CHAVES;12;31;1171;;2;MASCULINO;1;SOLTEIRO;2529;25 a 29 anos                  ;3;ENSINO FUNDAMENTAL INCOMPLETO;-3;#NE;-3;#NE;-3;#NE;-3;#NE;Obrigatório;6;0;0;0
13/04/2021;19:37:12;2012;ES;56057;ALFREDO CHAVES;12;31;1171;;2;MASCULINO;1;SOLTEIRO;2529;25 a 29 anos                  ;4;ENSINO FUNDAMENTAL COMPLETO;-3;#NE;-3;#NE;-3;#NE;-3;#NE;Obrigatório;4;0;0;0
13/04/2021;19:37:12;2012;ES;56057;ALFREDO CHAVES;12;31;1171;;2;MASCULINO;1;SOLTEIRO;2529;25 a 29 anos                  ;6;ENSINO MÉDIO COMPLETO;-3;#NE;-3;#NE;-3;#NE;-3;#NE;Obrigatório;1;0;0;0
13/04/2021;19:37:12;2012;ES;56057;ALFREDO CHAVES;12;31;1171;;2;MASCULINO;1;SOLTEIRO;2529;25 a 29 anos                  ;7;SUPERIOR INCOMPLETO;-3;#NE;-3;#NE;-3;#NE;-3;#NE;Obrigatório;1;0;0;0
13/04/2021;19:37:12;2012;ES;56057;ALFREDO CHAVES;12;31;1171;;2;MASCULINO;1;SOLTEIRO;3034;30 a 34 anos                  ;3;ENSINO FUNDAMENTAL INCOMPLETO;-3;#NE;-3;#NE;-3;#NE;-3;#NE;Obrigatório;6;0;0;0
13/04/2021;19:37:12;2012;ES;56057;ALFREDO CHAVES;12;31;1171;;2;MASCULINO;1;SOLTEIRO;3034;30 a 34 anos                  ;4;ENSINO FUNDAMENTAL COMPLETO;-3;#NE;-3;#NE;-3;#NE;-3;#NE;Obrigatório;1;0;0;0
13/04/2021;19:37:12;2012;ES;56057;ALFREDO CHAVES;12;31;1171;;2;MASCULINO;1;SOLTEIRO;3539;35 a 39 anos                  ;1;ANALFABETO;-3;#NE;-3;#NE;-3;#NE;-3;#NE;Facultativo;2;0;0;0
13/04/2021;19:37:12;2012;ES;56057;ALFREDO CHAVES;12;31;1171;;2;MASCULINO;1;SOLTEIRO;3539;35 a 39 anos                  ;2;LÊ E ESCREVE;-3;#NE;-3;#NE;-3;#NE;-3;#NE;Obrigatório;3;0;0;0
13/04/2021;19:37:12;2012;ES;56057;ALFREDO CHAVES;12;33;1171;;2;MASCULINO;1;SOLTEIRO;2529;25 a 29 anos                  ;4;ENSINO FUNDAMENTAL COMPLETO;-3;#NE;-3;#NE;-3;#NE;-3;#NE;Obrigatório;2;0;0;0
13/04/2021;19:37:12;2012;ES;56057;ALFREDO CHAVES;12;33;1171;;2;MASCULINO;1;SOLTEIRO;2529;25 a 29 anos                  ;5;ENSINO MÉDIO INCOMPLETO;-3;#NE;-3;#NE;-3;#NE;-3;#NE;Obrigatório;8;0;0;0
13/04/2021;19:37:12;2012;ES;56057;ALFREDO CHAVES;12;33;1171;;2;MASCULINO;1;SOLTEIRO;2529;25 a 29 anos                  ;6;ENSINO MÉDIO COMPLETO;-3;#NE;-3;#NE;-3;#NE;-3;#NE;Obrigatório;3;0;0;0
13/04/2021;19:37:12;2012;ES;56057;ALFREDO CHAVES;12;33;1171;;2;MASCULINO;1;SOLTEIRO;3034;30 a 34 anos                  ;4;ENSINO FUNDAMENTAL COMPLETO;-3;#NE;-3;#NE;-3;#NE;-3;#NE;Obrigatório;2;0;0;0
13/04/2021;19:37:12;2012;ES;56057;ALFREDO CHAVES;12;33;1171;;2;MASCULINO;1;SOLTEIRO;3034;30 a 34 anos                  ;5;ENSINO MÉDIO INCOMPLETO;-3;#NE;-3;#NE;-3;#NE;-3;#NE;Obrigatório;6;0;0;0
13/04/2021;19:37:12;2012;ES;56057;ALFREDO CHAVES;12;33;1171;;2;MASCULINO;1;SOLTEIRO;3034;30 a 34 anos                  ;6;ENSINO MÉDIO COMPLETO;-3;#NE;-3;#NE;-3;#NE;-3;#NE;Obrigatório;5;0;0;0
13/04/2021;19:37:12;2012;ES;56057;ALFREDO CHAVES;12;33;1171;;2;MASCULINO;1;SOLTEIRO;3034;30 a 34 anos                  ;8;SUPERIOR COMPLETO;-3;#NE;-3;#NE;-3;#NE;-3;#NE;Obrigatório;1;0;0;0
13/04/2021;19:37:12;2012;ES;56057;ALFREDO CHAVES;12;33;1171;;2;MASCULINO;1;SOLTEIRO;3539;35 a 39 anos                  ;4;ENSINO FUNDAMENTAL COMPLETO;-3;#NE;-3;#NE;-3;#NE;-3;#NE;Obrigatório;1;0;0;0
13/04/2021;19:37:12;2012;ES;56057;ALFREDO CHAVES;12;33;1171;;2;MASCULINO;1;SOLTEIRO;3539;35 a 39 anos                  ;5;ENSINO MÉDIO INCOMPLETO;-3;#NE;-3;#NE;-3;#NE;-3;#NE;Obrigatório;13;0;0;0
13/04/2021;19:37:12;2012;ES;56057;ALFREDO CHAVES;12;33;1171;;2;MASCULINO;1;SOLTEIRO;3539;35 a 39 anos                  ;6;ENSINO MÉDIO COMPLETO;-3;#NE;-3;#NE;-3;#NE;-3;#NE;Obrigatório;5;0;0;0
13/04/2021;19:37:12;2012;ES;56057;ALFREDO CHAVES;12;33;1171;;2;MASCULINO;1;SOLTEIRO;4044;40 a 44 anos                  ;1;ANALFABETO;-3;#NE;-3;#NE;-3;#NE;-3;#NE;Facultativo;1;0;0;0
13/04/2021;19:37:12;2012;ES;56057;ALFREDO CHAVES;12;33;1171;;2;MASCULINO;1;SOLTEIRO;4044;40 a 44 anos                  ;6;ENSINO MÉDIO COMPLETO;-3;#NE;-3;#NE;-3;#NE;-3;#NE;Obrigatório;2;0;0;0
13/04/2021;19:37:12;2012;ES;56057;ALFREDO CHAVES;12;33;1171;;2;MASCULINO;1;SOLTEIRO;4549;45 a 49 anos                  ;3;ENSINO FUNDAMENTAL INCOMPLETO;-3;#NE;-3;#NE;-3;#NE;-3;#NE;Obrigatório;3;0;0;0
13/04/2021;19:37:12;2012;ES;56057;ALFREDO CHAVES;12;33;1171;;2;MASCULINO;1;SOLTEIRO;4549;45 a 49 anos                  ;4;ENSINO FUNDAMENTAL COMPLETO;-3;#NE;-3;#NE;-3;#NE;-3;#NE;Obrigatório;1;0;0;0
13/04/2021;19:37:12;2012;ES;56057;ALFREDO CHAVES;12;33;1171;;2;MASCULINO;1;SOLTEIRO;4549;45 a 49 anos                  ;5;ENSINO MÉDIO INCOMPLETO;-3;#NE;-3;#NE;-3;#NE;-3;#NE;Obrigatório;1;0;0;0
13/04/2021;19:37:12;2012;ES;56057;ALFREDO CHAVES;12;33;1171;;2;MASCULINO;1;SOLTEIRO;6569;65 a 69 anos                  ;6;ENSINO MÉDIO COMPLETO;-3;#NE;-3;#NE;-3;#NE;-3;#NE;Obrigatório;1;0;0;0
13/04/2021;19:37:12;2012;ES;56057;ALFREDO CHAVES;12;33;1171;;2;MASCULINO;1;SOLTEIRO;9094;90 a 94 anos                  ;1;ANALFABETO;-3;#NE;-3;#NE;-3;#NE;-3;#NE;Facultativo;1;0;0;0
13/04/2021;19:37:12;2012;ES;56057;ALFREDO CHAVES;12;33;1171;;2;MASCULINO;3;CASADO;2124;21 a 24 anos                  ;3;ENSINO FUNDAMENTAL INCOMPLETO;-3;#NE;-3;#NE;-3;#NE;-3;#NE;Obrigatório;1;0;0;0
13/04/2021;19:37:12;2012;ES;56057;ALFREDO CHAVES;12;33;1171;;2;MASCULINO;3;CASADO;3034;30 a 34 anos                  ;4;ENSINO FUNDAMENTAL COMPLETO;-3;#NE;-3;#NE;-3;#NE;-3;#NE;Obrigatório;1;0;0;0
13/04/2021;19:37:12;2012;ES;56057;ALFREDO CHAVES;12;33;1171;;2;MASCULINO;3;CASADO;3034;30 a 34 anos                  ;8;SUPERIOR COMPLETO;-3;#NE;-3;#NE;-3;#NE;-3;#NE;Obrigatório;1;0;0;0
13/04/2021;19:37:12;2012;ES;56057;ALFREDO CHAVES;12;33;1171;;2;MASCULINO;3;CASADO;3539;35 a 39 anos                  ;4;ENSINO FUNDAMENTAL COMPLETO;-3;#NE;-3;#NE;-3;#NE;-3;#NE;Obrigatório;2;0;0;0
13/04/2021;19:37:12;2012;ES;56057;ALFREDO CHAVES;12;33;1171;;2;MASCULINO;3;CASADO;3539;35 a 39 anos                  ;5;ENSINO MÉDIO INCOMPLETO;-3;#NE;-3;#NE;-3;#NE;-3;#NE;Obrigatório;2;0;0;0
13/04/2021;19:37:12;2012;ES;56057;ALFREDO CHAVES;12;33;1171;;2;MASCULINO;3;CASADO;3539;35 a 39 anos                  ;8;SUPERIOR COMPLETO;-3;#NE;-3;#NE;-3;#NE;-3;#NE;Obrigatório;1;0;0;0
13/04/2021;19:37:12;2012;ES;56057;ALFREDO CHAVES;12;33;1171;;2;MASCULINO;3;CASADO;4044;40 a 44 anos                  ;4;ENSINO FUNDAMENTAL COMPLETO;-3;#NE;-3;#NE;-3;#NE;-3;#NE;Obrigatório;1;0;0;0
13/04/2021;19:37:12;2012;ES;56057;ALFREDO CHAVES;12;33;1171;;2;MASCULINO;3;CASADO;4549;45 a 49 anos                  ;3;ENSINO FUNDAMENTAL INCOMPLETO;-3;#NE;-3;#NE;-3;#NE;-3;#NE;Obrigatório;3;0;0;0
13/04/2021;19:37:12;2012;ES;56057;ALFREDO CHAVES;12;33;1171;;2;MASCULINO;3;CASADO;4549;45 a 49 anos                  ;6;ENSINO MÉDIO COMPLETO;-3;#NE;-3;#NE;-3;#NE;-3;#NE;Obrigatório;1;0;0;0
13/04/2021;19:37:12;2012;ES;56057;ALFREDO CHAVES;12;33;1171;;2;MASCULINO;3;CASADO;5054;50 a 54 anos                  ;3;ENSINO FUNDAMENTAL INCOMPLETO;-3;#NE;-3;#NE;-3;#NE;-3;#NE;Obrigatório;2;0;0;0
13/04/2021;19:37:12;2012;ES;56057;ALFREDO CHAVES;12;33;1171;;2;MASCULINO;3;CASADO;5559;55 a 59 anos                  ;3;ENSINO FUNDAMENTAL INCOMPLETO;-3;#NE;-3;#NE;-3;#NE;-3;#NE;Obrigatório;4;0;0;0
13/04/2021;19:37:12;2012;ES;56057;ALFREDO CHAVES;12;33;1171;;2;MASCULINO;3;CASADO;6064;60 a 64 anos                  ;3;ENSINO FUNDAMENTAL INCOMPLETO;-3;#NE;-3;#NE;-3;#NE;-3;#NE;Obrigatório;2;0;0;0
13/04/2021;19:37:12;2012;ES;56057;ALFREDO CHAVES;12;33;1171;;2;MASCULINO;3;CASADO;6064;60 a 64 anos                  ;6;ENSINO MÉDIO COMPLETO;-3;#NE;-3;#NE;-3;#NE;-3;#NE;Obrigatório;1;0;0;0
13/04/2021;19:37:12;2012;ES;56057;ALFREDO CHAVES;12;33;1171;;2;MASCULINO;3;CASADO;6064;60 a 64 anos                  ;7;SUPERIOR INCOMPLETO;-3;#NE;-3;#NE;-3;#NE;-3;#NE;Obrigatório;1;0;0;0
13/04/2021;19:37:12;2012;ES;56057;ALFREDO CHAVES;12;33;1171;;2;MASCULINO;3;CASADO;6569;65 a 69 anos                  ;6;ENSINO MÉDIO COMPLETO;-3;#NE;-3;#NE;-3;#NE;-3;#NE;Obrigatório;1;0;0;0
13/04/2021;19:37:12;2012;ES;56057;ALFREDO CHAVES;12;33;1171;;2;MASCULINO;3;CASADO;7074;70 a 74 anos                  ;1;ANALFABETO;-3;#NE;-3;#NE;-3;#NE;-3;#NE;Facultativo;1;0;0;0
13/04/2021;19:37:12;2012;ES;56057;ALFREDO CHAVES;12;33;1171;;2;MASCULINO;3;CASADO;7074;70 a 74 anos                  ;3;ENSINO FUNDAMENTAL INCOMPLETO;-3;#NE;-3;#NE;-3;#NE;-3;#NE;Facultativo;4;0;0;0
13/04/2021;19:37:12;2012;ES;56057;ALFREDO CHAVES;12;33;1171;;2;MASCULINO;3;CASADO;7579;75 a 79 anos                  ;3;ENSINO FUNDAMENTAL INCOMPLETO;-3;#NE;-3;#NE;-3;#NE;-3;#NE;Facultativo;1;0;0;0
13/04/2021;19:37:12;2012;ES;56057;ALFREDO CHAVES;12;33;1171;;2;MASCULINO;3;CASADO;8589;85 a 89 anos                  ;3;ENSINO FUNDAMENTAL INCOMPLETO;-3;#NE;-3;#NE;-3;#NE;-3;#NE;Facultativo;1;0;0;0
13/04/2021;19:37:12;2012;ES;56057;ALFREDO CHAVES;12;33;1171;;2;MASCULINO;9;DIVORCIADO;5559;55 a 59 anos                  ;3;ENSINO FUNDAMENTAL INCOMPLETO;-3;#NE;-3;#NE;-3;#NE;-3;#NE;Obrigatório;1;0;0;0
13/04/2021;19:37:12;2012;ES;56057;ALFREDO CHAVES;12;35;1171;;2;MASCULINO;3;CASADO;4044;40 a 44 anos                  ;3;ENSINO FUNDAMENTAL INCOMPLETO;-3;#NE;-3;#NE;-3;#NE;-3;#NE;Obrigatório;3;0;0;0
13/04/2021;19:37:12;2012;ES;56057;ALFREDO CHAVES;12;35;1171;;2;MASCULINO;3;CASADO;4044;40 a 44 anos                  ;6;ENSINO MÉDIO COMPLETO;-3;#NE;-3;#NE;-3;#NE;-3;#NE;Obrigatório;1;0;0;0
13/04/2021;19:37:12;2012;ES;56057;ALFREDO CHAVES;12;35;1171;;2;MASCULINO;3;CASADO;4549;45 a 49 anos                  ;4;ENSINO FUNDAMENTAL COMPLETO;-3;#NE;-3;#NE;-3;#NE;-3;#NE;Obrigatório;1;0;0;0
13/04/2021;19:37:12;2012;ES;56057;ALFREDO CHAVES;12;35;1171;;2;MASCULINO;3;CASADO;5054;50 a 54 anos                  ;2;LÊ E ESCREVE;-3;#NE;-3;#NE;-3;#NE;-3;#NE;Obrigatório;1;0;0;0
13/04/2021;19:37:12;2012;ES;56057;ALFREDO CHAVES;12;35;1171;;2;MASCULINO;3;CASADO;5054;50 a 54 anos                  ;3;ENSINO FUNDAMENTAL INCOMPLETO;-3;#NE;-3;#NE;-3;#NE;-3;#NE;Obrigatório;3;0;0;0
13/04/2021;19:37:12;2012;ES;56057;ALFREDO CHAVES;12;35;1171;;2;MASCULINO;3;CASADO;5559;55 a 59 anos                  ;2;LÊ E ESCREVE;-3;#NE;-3;#NE;-3;#NE;-3;#NE;Obrigatório;1;0;0;0
13/04/2021;19:37:12;2012;ES;56057;ALFREDO CHAVES;12;35;1171;;2;MASCULINO;3;CASADO;5559;55 a 59 anos                  ;3;ENSINO FUNDAMENTAL INCOMPLETO;-3;#NE;-3;#NE;-3;#NE;-3;#NE;Obrigatório;1;0;0;0
13/04/2021;19:37:12;2012;ES;56057;ALFREDO CHAVES;12;35;1171;;2;MASCULINO;3;CASADO;6064;60 a 64 anos                  ;1;ANALFABETO;-3;#NE;-3;#NE;-3;#NE;-3;#NE;Facultativo;2;0;0;0
13/04/2021;19:37:12;2012;ES;56057;ALFREDO CHAVES;12;35;1171;;2;MASCULINO;3;CASADO;6569;65 a 69 anos                  ;3;ENSINO FUNDAMENTAL INCOMPLETO;-3;#NE;-3;#NE;-3;#NE;-3;#NE;Obrigatório;1;0;0;0
13/04/2021;19:37:12;2012;ES;56057;ALFREDO CHAVES;12;35;1171;;2;MASCULINO;3;CASADO;6569;65 a 69 anos                  ;6;ENSINO MÉDIO COMPLETO;-3;#NE;-3;#NE;-3;#NE;-3;#NE;Obrigatório;1;0;0;0
13/04/2021;19:37:12;2012;ES;56057;ALFREDO CHAVES;12;35;1171;;2;MASCULINO;3;CASADO;6569;65 a 69 anos                  ;8;SUPERIOR COMPLETO;-3;#NE;-3;#NE;-3;#NE;-3;#NE;Obrigatório;2;0;0;0
13/04/2021;19:37:12;2012;ES;56057;ALFREDO CHAVES;12;35;1171;;2;MASCULINO;5;VIÚVO;3539;35 a 39 anos                  ;4;ENSINO FUNDAMENTAL COMPLETO;-3;#NE;-3;#NE;-3;#NE;-3;#NE;Obrigatório;1;0;0;0
13/04/2021;19:37:12;2012;ES;56057;ALFREDO CHAVES;12;35;1171;;2;MASCULINO;7;SEPARADO JUDICIALMENTE;5559;55 a 59 anos                  ;6;ENSINO MÉDIO COMPLETO;-3;#NE;-3;#NE;-3;#NE;-3;#NE;Obrigatório;1;0;0;0
13/04/2021;19:37:12;2012;ES;56057;ALFREDO CHAVES;12;35;1171;;2;MASCULINO;9;DIVORCIADO;5054;50 a 54 anos                  ;8;SUPERIOR COMPLETO;-3;#NE;-3;#NE;-3;#NE;-3;#NE;Obrigatório;1;0;0;0
13/04/2021;19:37:12;2012;ES;56057;ALFREDO CHAVES;12;35;1171;;4;FEMININO;1;SOLTEIRO;1700;17 anos                       ;5;ENSINO MÉDIO INCOMPLETO;-3;#NE;-3;#NE;-3;#NE;-3;#NE;Facultativo;1;0;0;0
13/04/2021;19:37:12;2012;ES;56057;ALFREDO CHAVES;12;35;1171;;4;FEMININO;1;SOLTEIRO;1800;18 anos                       ;3;ENSINO FUNDAMENTAL INCOMPLETO;-3;#NE;-3;#NE;-3;#NE;-3;#NE;Obrigatório;2;0;0;0
13/04/2021;19:37:12;2012;ES;56057;ALFREDO CHAVES;12;35;1171;;4;FEMININO;1;SOLTEIRO;1900;19 anos                       ;5;ENSINO MÉDIO INCOMPLETO;-3;#NE;-3;#NE;-3;#NE;-3;#NE;Obrigatório;5;0;0;0
13/04/2021;19:37:12;2012;ES;56057;ALFREDO CHAVES;12;35;1171;;4;FEMININO;1;SOLTEIRO;2000;20 anos                       ;6;ENSINO MÉDIO COMPLETO;-3;#NE;-3;#NE;-3;#NE;-3;#NE;Obrigatório;2;0;0;0
13/04/2021;19:37:12;2012;ES;56057;ALFREDO CHAVES;12;35;1171;;4;FEMININO;1;SOLTEIRO;2124;21 a 24 anos                  ;3;ENSINO FUNDAMENTAL INCOMPLETO;-3;#NE;-3;#NE;-3;#NE;-3;#NE;Obrigatório;1;0;0;0
13/04/2021;19:37:12;2012;ES;56057;ALFREDO CHAVES;12;35;1171;;4;FEMININO;1;SOLTEIRO;2124;21 a 24 anos                  ;5;ENSINO MÉDIO INCOMPLETO;-3;#NE;-3;#NE;-3;#NE;-3;#NE;Obrigatório;18;0;0;0
13/04/2021;19:37:12;2012;ES;56057;ALFREDO CHAVES;12;35;1171;;4;FEMININO;1;SOLTEIRO;2124;21 a 24 anos                  ;7;SUPERIOR INCOMPLETO;-3;#NE;-3;#NE;-3;#NE;-3;#NE;Obrigatório;2;0;0;0
13/04/2021;19:37:12;2012;ES;56057;ALFREDO CHAVES;12;35;1171;;4;FEMININO;1;SOLTEIRO;2529;25 a 29 anos                  ;3;ENSINO FUNDAMENTAL INCOMPLETO;-3;#NE;-3;#NE;-3;#NE;-3;#NE;Obrigatório;4;0;0;0
13/04/2021;19:37:12;2012;ES;56057;ALFREDO CHAVES;12;35;1171;;4;FEMININO;1;SOLTEIRO;2529;25 a 29 anos                  ;5;ENSINO MÉDIO INCOMPLETO;-3;#NE;-3;#NE;-3;#NE;-3;#NE;Obrigatório;12;0;0;0
13/04/2021;19:37:12;2012;ES;56057;ALFREDO CHAVES;12;35;1171;;4;FEMININO;1;SOLTEIRO;2529;25 a 29 anos                  ;7;SUPERIOR INCOMPLETO;-3;#NE;-3;#NE;-3;#NE;-3;#NE;Obrigatório;1;0;0;0
13/04/2021;19:37:12;2012;ES;56057;ALFREDO CHAVES;12;35;1171;;4;FEMININO;1;SOLTEIRO;2529;25 a 29 anos                  ;8;SUPERIOR COMPLETO;-3;#NE;-3;#NE;-3;#NE;-3;#NE;Obrigatório;1;0;0;0
13/04/2021;19:37:12;2012;ES;56057;ALFREDO CHAVES;12;1;1015;;2;MASCULINO;3;CASADO;4549;45 a 49 anos                  ;3;ENSINO FUNDAMENTAL INCOMPLETO;-3;#NE;-3;#NE;-3;#NE;-3;#NE;Obrigatório;2;0;0;0
13/04/2021;19:37:12;2012;ES;56057;ALFREDO CHAVES;12;1;1015;;2;MASCULINO;3;CASADO;5054;50 a 54 anos                  ;1;ANALFABETO;-3;#NE;-3;#NE;-3;#NE;-3;#NE;Facultativo;1;0;0;0
13/04/2021;19:37:12;2012;ES;56057;ALFREDO CHAVES;12;1;1015;;2;MASCULINO;3;CASADO;5054;50 a 54 anos                  ;3;ENSINO FUNDAMENTAL INCOMPLETO;-3;#NE;-3;#NE;-3;#NE;-3;#NE;Obrigatório;2;0;0;0
13/04/2021;19:37:12;2012;ES;56057;ALFREDO CHAVES;12;1;1015;;2;MASCULINO;3;CASADO;5054;50 a 54 anos                  ;4;ENSINO FUNDAMENTAL COMPLETO;-3;#NE;-3;#NE;-3;#NE;-3;#NE;Obrigatório;2;0;0;0
13/04/2021;19:37:12;2012;ES;56057;ALFREDO CHAVES;12;1;1015;;2;MASCULINO;3;CASADO;5054;50 a 54 anos                  ;7;SUPERIOR INCOMPLETO;-3;#NE;-3;#NE;-3;#NE;-3;#NE;Obrigatório;2;0;0;0
13/04/2021;19:37:12;2012;ES;56057;ALFREDO CHAVES;12;1;1015;;2;MASCULINO;3;CASADO;5559;55 a 59 anos                  ;1;ANALFABETO;-3;#NE;-3;#NE;-3;#NE;-3;#NE;Facultativo;1;0;0;0
13/04/2021;19:37:12;2012;ES;56057;ALFREDO CHAVES;12;1;1015;;2;MASCULINO;3;CASADO;5559;55 a 59 anos                  ;2;LÊ E ESCREVE;-3;#NE;-3;#NE;-3;#NE;-3;#NE;Obrigatório;4;0;0;0
13/04/2021;19:37:12;2012;ES;56057;ALFREDO CHAVES;12;23;1139;;2;MASCULINO;3;CASADO;6064;60 a 64 anos                  ;3;ENSINO FUNDAMENTAL INCOMPLETO;-3;#NE;-3;#NE;-3;#NE;-3;#NE;Obrigatório;8;0;0;0
13/04/2021;19:37:12;2012;ES;56057;ALFREDO CHAVES;12;23;1139;;2;MASCULINO;3;CASADO;6569;65 a 69 anos                  ;2;LÊ E ESCREVE;-3;#NE;-3;#NE;-3;#NE;-3;#NE;Obrigatório;1;0;0;0
13/04/2021;19:37:12;2012;ES;56057;ALFREDO CHAVES;12;23;1139;;2;MASCULINO;3;CASADO;6569;65 a 69 anos                  ;6;ENSINO MÉDIO COMPLETO;-3;#NE;-3;#NE;-3;#NE;-3;#NE;Obrigatório;2;0;0;0
13/04/2021;19:37:12;2012;ES;56057;ALFREDO CHAVES;12;23;1139;;2;MASCULINO;3;CASADO;7074;70 a 74 anos                  ;1;ANALFABETO;-3;#NE;-3;#NE;-3;#NE;-3;#NE;Facultativo;1;0;0;0
13/04/2021;19:37:12;2012;ES;56057;ALFREDO CHAVES;12;23;1139;;2;MASCULINO;3;CASADO;7074;70 a 74 anos                  ;3;ENSINO FUNDAMENTAL INCOMPLETO;-3;#NE;-3;#NE;-3;#NE;-3;#NE;Facultativo;4;0;0;0
13/04/2021;19:37:12;2012;ES;56057;ALFREDO CHAVES;12;23;1139;;2;MASCULINO;3;CASADO;7579;75 a 79 anos                  ;2;LÊ E ESCREVE;-3;#NE;-3;#NE;-3;#NE;-3;#NE;Facultativo;1;0;0;0
13/04/2021;19:37:12;2012;ES;56057;ALFREDO CHAVES;12;23;1139;;2;MASCULINO;3;CASADO;8084;80 a 84 anos                  ;1;ANALFABETO;-3;#NE;-3;#NE;-3;#NE;-3;#NE;Facultativo;1;0;0;0
13/04/2021;19:37:12;2012;ES;56057;ALFREDO CHAVES;12;23;1139;;2;MASCULINO;3;CASADO;8084;80 a 84 anos                  ;2;LÊ E ESCREVE;-3;#NE;-3;#NE;-3;#NE;-3;#NE;Facultativo;2;0;0;0
13/04/2021;19:37:12;2012;ES;56057;ALFREDO CHAVES;12;23;1139;;2;MASCULINO;3;CASADO;8589;85 a 89 anos                  ;2;LÊ E ESCREVE;-3;#NE;-3;#NE;-3;#NE;-3;#NE;Facultativo;1;0;0;0
13/04/2021;19:37:12;2012;ES;56057;ALFREDO CHAVES;12;23;1139;;2;MASCULINO;7;SEPARADO JUDICIALMENTE;6064;60 a 64 anos                  ;3;ENSINO FUNDAMENTAL INCOMPLETO;-3;#NE;-3;#NE;-3;#NE;-3;#NE;Obrigatório;1;0;0;0
13/04/2021;19:37:12;2012;ES;56057;ALFREDO CHAVES;12;23;1139;;4;FEMININO;0;NÃO INFORMADO;9599;95 a 99 anos                  ;2;LÊ E ESCREVE;-3;#NE;-3;#NE;-3;#NE;-3;#NE;Facultativo;1;0;0;0
13/04/2021;19:37:12;2012;ES;56057;ALFREDO CHAVES;12;30;1171;;4;FEMININO;1;SOLTEIRO;4549;45 a 49 anos                  ;2;LÊ E ESCREVE;-3;#NE;-3;#NE;-3;#NE;-3;#NE;Obrigatório;2;0;0;0
13/04/2021;19:37:12;2012;ES;56057;ALFREDO CHAVES;12;30;1171;;4;FEMININO;1;SOLTEIRO;4549;45 a 49 anos                  ;3;ENSINO FUNDAMENTAL INCOMPLETO;-3;#NE;-3;#NE;-3;#NE;-3;#NE;Obrigatório;2;0;0;0
13/04/2021;19:37:12;2012;ES;56057;ALFREDO CHAVES;12;30;1171;;4;FEMININO;1;SOLTEIRO;4549;45 a 49 anos                  ;4;ENSINO FUNDAMENTAL COMPLETO;-3;#NE;-3;#NE;-3;#NE;-3;#NE;Obrigatório;1;0;0;0
13/04/2021;19:37:12;2012;ES;56057;ALFREDO CHAVES;12;30;1171;;4;FEMININO;1;SOLTEIRO;4549;45 a 49 anos                  ;8;SUPERIOR COMPLETO;-3;#NE;-3;#NE;-3;#NE;-3;#NE;Obrigatório;1;0;0;0
13/04/2021;19:37:12;2012;ES;56057;ALFREDO CHAVES;12;30;1171;;4;FEMININO;1;SOLTEIRO;5054;50 a 54 anos                  ;3;ENSINO FUNDAMENTAL INCOMPLETO;-3;#NE;-3;#NE;-3;#NE;-3;#NE;Obrigatório;1;0;0;0
13/04/2021;19:37:12;2012;ES;56057;ALFREDO CHAVES;12;30;1171;;4;FEMININO;1;SOLTEIRO;5054;50 a 54 anos                  ;6;ENSINO MÉDIO COMPLETO;-3;#NE;-3;#NE;-3;#NE;-3;#NE;Obrigatório;2;0;0;0
13/04/2021;19:37:12;2012;ES;56057;ALFREDO CHAVES;12;30;1171;;4;FEMININO;1;SOLTEIRO;5559;55 a 59 anos                  ;3;ENSINO FUNDAMENTAL INCOMPLETO;-3;#NE;-3;#NE;-3;#NE;-3;#NE;Obrigatório;2;0;0;0
13/04/2021;19:37:12;2012;ES;56057;ALFREDO CHAVES;12;30;1171;;4;FEMININO;1;SOLTEIRO;6064;60 a 64 anos                  ;2;LÊ E ESCREVE;-3;#NE;-3;#NE;-3;#NE;-3;#NE;Obrigatório;1;0;0;0
13/04/2021;19:37:12;2012;ES;56057;ALFREDO CHAVES;12;32;1031;;4;FEMININO;3;CASADO;4549;45 a 49 anos                  ;3;ENSINO FUNDAMENTAL INCOMPLETO;-3;#NE;-3;#NE;-3;#NE;-3;#NE;Obrigatório;3;0;0;0
13/04/2021;19:37:12;2012;ES;56057;ALFREDO CHAVES;12;32;1031;;4;FEMININO;3;CASADO;4549;45 a 49 anos                  ;5;ENSINO MÉDIO INCOMPLETO;-3;#NE;-3;#NE;-3;#NE;-3;#NE;Obrigatório;1;0;0;0
13/04/2021;19:37:12;2012;ES;56057;ALFREDO CHAVES;12;32;1031;;4;FEMININO;3;CASADO;4549;45 a 49 anos                  ;6;ENSINO MÉDIO COMPLETO;-3;#NE;-3;#NE;-3;#NE;-3;#NE;Obrigatório;1;0;0;0
13/04/2021;19:37:12;2012;ES;56057;ALFREDO CHAVES;12;32;1031;;4;FEMININO;3;CASADO;5054;50 a 54 anos                  ;2;LÊ E ESCREVE;-3;#NE;-3;#NE;-3;#NE;-3;#NE;Obrigatório;2;0;0;0
13/04/2021;19:37:12;2012;ES;56057;ALFREDO CHAVES;12;32;1031;;4;FEMININO;3;CASADO;5054;50 a 54 anos                  ;3;ENSINO FUNDAMENTAL INCOMPLETO;-3;#NE;-3;#NE;-3;#NE;-3;#NE;Obrigatório;3;0;0;0
13/04/2021;19:37:12;2012;ES;56057;ALFREDO CHAVES;12;32;1031;;4;FEMININO;3;CASADO;5559;55 a 59 anos                  ;1;ANALFABETO;-3;#NE;-3;#NE;-3;#NE;-3;#NE;Facultativo;1;0;0;0
13/04/2021;19:37:12;2012;ES;56057;ALFREDO CHAVES;12;32;1031;;4;FEMININO;3;CASADO;5559;55 a 59 anos                  ;4;ENSINO FUNDAMENTAL COMPLETO;-3;#NE;-3;#NE;-3;#NE;-3;#NE;Obrigatório;1;0;0;0
13/04/2021;19:37:12;2012;ES;56057;ALFREDO CHAVES;12;32;1031;;4;FEMININO;3;CASADO;6064;60 a 64 anos                  ;1;ANALFABETO;-3;#NE;-3;#NE;-3;#NE;-3;#NE;Facultativo;2;0;0;0
13/04/2021;19:37:12;2012;ES;56057;ALFREDO CHAVES;12;32;1031;;4;FEMININO;3;CASADO;6064;60 a 64 anos                  ;2;LÊ E ESCREVE;-3;#NE;-3;#NE;-3;#NE;-3;#NE;Obrigatório;1;0;0;0
13/04/2021;19:37:12;2012;ES;56057;ALFREDO CHAVES;12;32;1031;;4;FEMININO;9;DIVORCIADO;5054;50 a 54 anos                  ;2;LÊ E ESCREVE;-3;#NE;-3;#NE;-3;#NE;-3;#NE;Obrigatório;1;0;0;0
13/04/2021;19:37:12;2012;ES;56057;ALFREDO CHAVES;12;33;1171;;2;MASCULINO;1;SOLTEIRO;1600;16 anos                       ;5;ENSINO MÉDIO INCOMPLETO;-3;#NE;-3;#NE;-3;#NE;-3;#NE;Facultativo;6;0;0;0
13/04/2021;19:37:12;2012;ES;56057;ALFREDO CHAVES;12;33;1171;;2;MASCULINO;1;SOLTEIRO;1700;17 anos                       ;3;ENSINO FUNDAMENTAL INCOMPLETO;-3;#NE;-3;#NE;-3;#NE;-3;#NE;Facultativo;1;0;0;0
13/04/2021;19:37:12;2012;ES;56057;ALFREDO CHAVES;12;33;1171;;2;MASCULINO;1;SOLTEIRO;1800;18 anos                       ;5;ENSINO MÉDIO INCOMPLETO;-3;#NE;-3;#NE;-3;#NE;-3;#NE;Obrigatório;1;0;0;0
13/04/2021;19:37:12;2012;ES;56057;ALFREDO CHAVES;12;33;1171;;2;MASCULINO;1;SOLTEIRO;1800;18 anos                       ;6;ENSINO MÉDIO COMPLETO;-3;#NE;-3;#NE;-3;#NE;-3;#NE;Obrigatório;1;0;0;0
13/04/2021;19:37:12;2012;ES;56057;ALFREDO CHAVES;12;33;1171;;2;MASCULINO;1;SOLTEIRO;1800;18 anos                       ;7;SUPERIOR INCOMPLETO;-3;#NE;-3;#NE;-3;#NE;-3;#NE;Obrigatório;1;0;0;0
13/04/2021;19:37:12;2012;ES;56057;ALFREDO CHAVES;12;33;1171;;2;MASCULINO;1;SOLTEIRO;2000;20 anos                       ;5;ENSINO MÉDIO INCOMPLETO;-3;#NE;-3;#NE;-3;#NE;-3;#NE;Obrigatório;1;0;0;0
13/04/2021;19:37:12;2012;ES;56057;ALFREDO CHAVES;12;33;1171;;2;MASCULINO;1;SOLTEIRO;2124;21 a 24 anos                  ;4;ENSINO FUNDAMENTAL COMPLETO;-3;#NE;-3;#NE;-3;#NE;-3;#NE;Obrigatório;1;0;0;0
13/04/2021;19:37:12;2012;ES;56057;ALFREDO CHAVES;12;33;1171;;2;MASCULINO;1;SOLTEIRO;2124;21 a 24 anos                  ;5;ENSINO MÉDIO INCOMPLETO;-3;#NE;-3;#NE;-3;#NE;-3;#NE;Obrigatório;4;0;0;0
13/04/2021;19:37:12;2012;ES;56057;ALFREDO CHAVES;12;33;1171;;2;MASCULINO;1;SOLTEIRO;2124;21 a 24 anos                  ;6;ENSINO MÉDIO COMPLETO;-3;#NE;-3;#NE;-3;#NE;-3;#NE;Obrigatório;1;0;0;0
13/04/2021;19:37:12;2012;ES;56057;ALFREDO CHAVES;12;35;1171;;2;MASCULINO;1;SOLTEIRO;1800;18 anos                       ;5;ENSINO MÉDIO INCOMPLETO;-3;#NE;-3;#NE;-3;#NE;-3;#NE;Obrigatório;3;0;0;0
13/04/2021;19:37:12;2012;ES;56057;ALFREDO CHAVES;12;35;1171;;2;MASCULINO;1;SOLTEIRO;1900;19 anos                       ;5;ENSINO MÉDIO INCOMPLETO;-3;#NE;-3;#NE;-3;#NE;-3;#NE;Obrigatório;3;0;0;0
13/04/2021;19:37:12;2012;ES;56057;ALFREDO CHAVES;12;35;1171;;2;MASCULINO;1;SOLTEIRO;2000;20 anos                       ;3;ENSINO FUNDAMENTAL INCOMPLETO;-3;#NE;-3;#NE;-3;#NE;-3;#NE;Obrigatório;2;0;0;0
13/04/2021;19:37:12;2012;ES;56057;ALFREDO CHAVES;12;35;1171;;2;MASCULINO;1;SOLTEIRO;2000;20 anos                       ;5;ENSINO MÉDIO INCOMPLETO;-3;#NE;-3;#NE;-3;#NE;-3;#NE;Obrigatório;4;0;0;0
13/04/2021;19:37:12;2012;ES;56057;ALFREDO CHAVES;12;35;1171;;2;MASCULINO;1;SOLTEIRO;2124;21 a 24 anos                  ;5;ENSINO MÉDIO INCOMPLETO;-3;#NE;-3;#NE;-3;#NE;-3;#NE;Obrigatório;9;0;0;0
13/04/2021;19:37:12;2012;ES;56057;ALFREDO CHAVES;12;35;1171;;2;MASCULINO;1;SOLTEIRO;2124;21 a 24 anos                  ;6;ENSINO MÉDIO COMPLETO;-3;#NE;-3;#NE;-3;#NE;-3;#NE;Obrigatório;3;0;0;0
13/04/2021;19:37:12;2012;ES;56057;ALFREDO CHAVES;12;35;1171;;2;MASCULINO;1;SOLTEIRO;2529;25 a 29 anos                  ;4;ENSINO FUNDAMENTAL COMPLETO;-3;#NE;-3;#NE;-3;#NE;-3;#NE;Obrigatório;1;0;0;0
13/04/2021;19:37:12;2012;ES;56057;ALFREDO CHAVES;12;35;1171;;2;MASCULINO;1;SOLTEIRO;2529;25 a 29 anos                  ;5;ENSINO MÉDIO INCOMPLETO;-3;#NE;-3;#NE;-3;#NE;-3;#NE;Obrigatório;14;0;0;0
13/04/2021;19:37:12;2012;ES;56057;ALFREDO CHAVES;12;35;1171;;2;MASCULINO;1;SOLTEIRO;2529;25 a 29 anos                  ;6;ENSINO MÉDIO COMPLETO;-3;#NE;-3;#NE;-3;#NE;-3;#NE;Obrigatório;1;0;0;0
13/04/2021;19:37:12;2012;ES;56057;ALFREDO CHAVES;12;35;1171;;2;MASCULINO;1;SOLTEIRO;3034;30 a 34 anos                  ;3;ENSINO FUNDAMENTAL INCOMPLETO;-3;#NE;-3;#NE;-3;#NE;-3;#NE;Obrigatório;36;0;0;0
13/04/2021;19:37:12;2012;ES;56057;ALFREDO CHAVES;12;35;1171;;2;MASCULINO;1;SOLTEIRO;3034;30 a 34 anos                  ;5;ENSINO MÉDIO INCOMPLETO;-3;#NE;-3;#NE;-3;#NE;-3;#NE;Obrigatório;26;0;0;0
13/04/2021;19:37:12;2012;ES;56057;ALFREDO CHAVES;12;35;1171;;2;MASCULINO;1;SOLTEIRO;3034;30 a 34 anos                  ;6;ENSINO MÉDIO COMPLETO;-3;#NE;-3;#NE;-3;#NE;-3;#NE;Obrigatório;5;0;0;0
13/04/2021;19:37:12;2012;ES;56057;ALFREDO CHAVES;12;35;1171;;2;MASCULINO;1;SOLTEIRO;3034;30 a 34 anos                  ;8;SUPERIOR COMPLETO;-3;#NE;-3;#NE;-3;#NE;-3;#NE;Obrigatório;5;0;0;0
13/04/2021;19:37:12;2012;ES;56057;ALFREDO CHAVES;12;35;1171;;2;MASCULINO;1;SOLTEIRO;3539;35 a 39 anos                  ;3;ENSINO FUNDAMENTAL INCOMPLETO;-3;#NE;-3;#NE;-3;#NE;-3;#NE;Obrigatório;6;0;0;0
13/04/2021;19:37:12;2012;ES;56057;ALFREDO CHAVES;12;35;1171;;2;MASCULINO;1;SOLTEIRO;3539;35 a 39 anos                  ;8;SUPERIOR COMPLETO;-3;#NE;-3;#NE;-3;#NE;-3;#NE;Obrigatório;1;0;0;0
13/04/2021;19:37:12;2012;ES;56057;ALFREDO CHAVES;12;35;1171;;2;MASCULINO;1;SOLTEIRO;4044;40 a 44 anos                  ;3;ENSINO FUNDAMENTAL INCOMPLETO;-3;#NE;-3;#NE;-3;#NE;-3;#NE;Obrigatório;1;0;0;0
13/04/2021;19:37:12;2012;ES;56057;ALFREDO CHAVES;12;35;1171;;2;MASCULINO;1;SOLTEIRO;4044;40 a 44 anos                  ;6;ENSINO MÉDIO COMPLETO;-3;#NE;-3;#NE;-3;#NE;-3;#NE;Obrigatório;1;0;0;0
13/04/2021;19:37:12;2012;ES;56057;ALFREDO CHAVES;12;35;1171;;2;MASCULINO;1;SOLTEIRO;4044;40 a 44 anos                  ;8;SUPERIOR COMPLETO;-3;#NE;-3;#NE;-3;#NE;-3;#NE;Obrigatório;2;0;0;0
13/04/2021;19:37:12;2012;ES;56057;ALFREDO CHAVES;12;35;1171;;2;MASCULINO;1;SOLTEIRO;4549;45 a 49 anos                  ;3;ENSINO FUNDAMENTAL INCOMPLETO;-3;#NE;-3;#NE;-3;#NE;-3;#NE;Obrigatório;1;0;0;0
13/04/2021;19:37:12;2012;ES;56057;ALFREDO CHAVES;12;35;1171;;2;MASCULINO;1;SOLTEIRO;5054;50 a 54 anos                  ;3;ENSINO FUNDAMENTAL INCOMPLETO;-3;#NE;-3;#NE;-3;#NE;-3;#NE;Obrigatório;1;0;0;0
13/04/2021;19:37:12;2012;ES;56057;ALFREDO CHAVES;12;35;1171;;2;MASCULINO;1;SOLTEIRO;5559;55 a 59 anos                  ;1;ANALFABETO;-3;#NE;-3;#NE;-3;#NE;-3;#NE;Facultativo;1;0;0;0
13/04/2021;19:37:12;2012;ES;56057;ALFREDO CHAVES;12;35;1171;;2;MASCULINO;1;SOLTEIRO;6064;60 a 64 anos                  ;3;ENSINO FUNDAMENTAL INCOMPLETO;-3;#NE;-3;#NE;-3;#NE;-3;#NE;Obrigatório;1;0;0;0
13/04/2021;19:37:12;2012;ES;56057;ALFREDO CHAVES;12;35;1171;;2;MASCULINO;1;SOLTEIRO;6569;65 a 69 anos                  ;8;SUPERIOR COMPLETO;-3;#NE;-3;#NE;-3;#NE;-3;#NE;Obrigatório;1;0;0;0
13/04/2021;19:37:12;2012;ES;56057;ALFREDO CHAVES;12;35;1171;;2;MASCULINO;1;SOLTEIRO;7579;75 a 79 anos                  ;2;LÊ E ESCREVE;-3;#NE;-3;#NE;-3;#NE;-3;#NE;Facultativo;1;0;0;0
13/04/2021;19:37:12;2012;ES;56057;ALFREDO CHAVES;12;35;1171;;2;MASCULINO;1;SOLTEIRO;7579;75 a 79 anos                  ;3;ENSINO FUNDAMENTAL INCOMPLETO;-3;#NE;-3;#NE;-3;#NE;-3;#NE;Facultativo;1;0;0;0
13/04/2021;19:37:12;2012;ES;56057;ALFREDO CHAVES;12;35;1171;;2;MASCULINO;3;CASADO;2124;21 a 24 anos                  ;3;ENSINO FUNDAMENTAL INCOMPLETO;-3;#NE;-3;#NE;-3;#NE;-3;#NE;Obrigatório;1;0;0;0
13/04/2021;19:37:12;2012;ES;56057;ALFREDO CHAVES;12;35;1171;;2;MASCULINO;3;CASADO;2529;25 a 29 anos                  ;3;ENSINO FUNDAMENTAL INCOMPLETO;-3;#NE;-3;#NE;-3;#NE;-3;#NE;Obrigatório;1;0;0;0
13/04/2021;19:37:12;2012;ES;56057;ALFREDO CHAVES;12;35;1171;;2;MASCULINO;3;CASADO;3034;30 a 34 anos                  ;3;ENSINO FUNDAMENTAL INCOMPLETO;-3;#NE;-3;#NE;-3;#NE;-3;#NE;Obrigatório;2;0;0;0
13/04/2021;19:37:12;2012;ES;56057;ALFREDO CHAVES;12;35;1171;;2;MASCULINO;3;CASADO;3034;30 a 34 anos                  ;6;ENSINO MÉDIO COMPLETO;-3;#NE;-3;#NE;-3;#NE;-3;#NE;Obrigatório;1;0;0;0
13/04/2021;19:37:12;2012;ES;56057;ALFREDO CHAVES;12;35;1171;;2;MASCULINO;3;CASADO;3539;35 a 39 anos                  ;3;ENSINO FUNDAMENTAL INCOMPLETO;-3;#NE;-3;#NE;-3;#NE;-3;#NE;Obrigatório;1;0;0;0
13/04/2021;19:37:12;2012;ES;56057;ALFREDO CHAVES;12;35;1171;;2;MASCULINO;3;CASADO;3539;35 a 39 anos                  ;5;ENSINO MÉDIO INCOMPLETO;-3;#NE;-3;#NE;-3;#NE;-3;#NE;Obrigatório;1;0;0;0
13/04/2021;19:37:12;2012;ES;56057;ALFREDO CHAVES;12;35;1171;;2;MASCULINO;3;CASADO;4044;40 a 44 anos                  ;2;LÊ E ESCREVE;-3;#NE;-3;#NE;-3;#NE;-3;#NE;Obrigatório;1;0;0;0
13/04/2021;19:37:12;2012;ES;56057;ALFREDO CHAVES;12;3;1015;;2;MASCULINO;1;SOLTEIRO;4549;45 a 49 anos                  ;4;ENSINO FUNDAMENTAL COMPLETO;-3;#NE;-3;#NE;-3;#NE;-3;#NE;Obrigatório;3;0;0;0
13/04/2021;19:37:12;2012;ES;56057;ALFREDO CHAVES;12;3;1015;;2;MASCULINO;1;SOLTEIRO;4549;45 a 49 anos                  ;6;ENSINO MÉDIO COMPLETO;-3;#NE;-3;#NE;-3;#NE;-3;#NE;Obrigatório;5;0;0;0
13/04/2021;19:37:12;2012;ES;56057;ALFREDO CHAVES;12;3;1015;;2;MASCULINO;1;SOLTEIRO;4549;45 a 49 anos                  ;7;SUPERIOR INCOMPLETO;-3;#NE;-3;#NE;-3;#NE;-3;#NE;Obrigatório;2;0;0;0
13/04/2021;19:37:12;2012;ES;56057;ALFREDO CHAVES;12;3;1015;;2;MASCULINO;1;SOLTEIRO;5054;50 a 54 anos                  ;2;LÊ E ESCREVE;-3;#NE;-3;#NE;-3;#NE;-3;#NE;Obrigatório;3;0;0;0
13/04/2021;19:37:12;2012;ES;56057;ALFREDO CHAVES;12;3;1015;;2;MASCULINO;1;SOLTEIRO;5054;50 a 54 anos                  ;4;ENSINO FUNDAMENTAL COMPLETO;-3;#NE;-3;#NE;-3;#NE;-3;#NE;Obrigatório;5;0;0;0
13/04/2021;19:37:12;2012;ES;56057;ALFREDO CHAVES;12;3;1015;;2;MASCULINO;1;SOLTEIRO;5054;50 a 54 anos                  ;6;ENSINO MÉDIO COMPLETO;-3;#NE;-3;#NE;-3;#NE;-3;#NE;Obrigatório;5;0;0;0
13/04/2021;19:37:12;2012;ES;56057;ALFREDO CHAVES;12;4;1015;;4;FEMININO;3;CASADO;4549;45 a 49 anos                  ;8;SUPERIOR COMPLETO;-3;#NE;-3;#NE;-3;#NE;-3;#NE;Obrigatório;1;0;0;0
13/04/2021;19:37:12;2012;ES;56057;ALFREDO CHAVES;12;4;1015;;4;FEMININO;3;CASADO;5054;50 a 54 anos                  ;2;LÊ E ESCREVE;-3;#NE;-3;#NE;-3;#NE;-3;#NE;Obrigatório;1;0;0;0
13/04/2021;19:37:12;2012;ES;56057;ALFREDO CHAVES;12;4;1015;;4;FEMININO;3;CASADO;5054;50 a 54 anos                  ;3;ENSINO FUNDAMENTAL INCOMPLETO;-3;#NE;-3;#NE;-3;#NE;-3;#NE;Obrigatório;9;0;0;0
13/04/2021;19:37:12;2012;ES;56057;ALFREDO CHAVES;12;4;1015;;4;FEMININO;3;CASADO;5054;50 a 54 anos                  ;4;ENSINO FUNDAMENTAL COMPLETO;-3;#NE;-3;#NE;-3;#NE;-3;#NE;Obrigatório;1;0;0;0
13/04/2021;19:37:12;2012;ES;56057;ALFREDO CHAVES;12;4;1015;;4;FEMININO;3;CASADO;5054;50 a 54 anos                  ;6;ENSINO MÉDIO COMPLETO;-3;#NE;-3;#NE;-3;#NE;-3;#NE;Obrigatório;7;0;0;0
13/04/2021;19:37:12;2012;ES;56057;ALFREDO CHAVES;12;4;1015;;4;FEMININO;3;CASADO;5054;50 a 54 anos                  ;8;SUPERIOR COMPLETO;-3;#NE;-3;#NE;-3;#NE;-3;#NE;Obrigatório;1;0;0;0
13/04/2021;19:37:12;2012;ES;56057;ALFREDO CHAVES;12;4;1015;;4;FEMININO;3;CASADO;5559;55 a 59 anos                  ;2;LÊ E ESCREVE;-3;#NE;-3;#NE;-3;#NE;-3;#NE;Obrigatório;1;0;0;0
13/04/2021;19:37:12;2012;ES;56057;ALFREDO CHAVES;12;4;1015;;4;FEMININO;3;CASADO;5559;55 a 59 anos                  ;3;ENSINO FUNDAMENTAL INCOMPLETO;-3;#NE;-3;#NE;-3;#NE;-3;#NE;Obrigatório;8;0;0;0
13/04/2021;19:37:12;2012;ES;56057;ALFREDO CHAVES;12;4;1015;;4;FEMININO;3;CASADO;5559;55 a 59 anos                  ;4;ENSINO FUNDAMENTAL COMPLETO;-3;#NE;-3;#NE;-3;#NE;-3;#NE;Obrigatório;2;0;0;0
13/04/2021;19:37:12;2012;ES;56057;ALFREDO CHAVES;12;4;1015;;4;FEMININO;3;CASADO;5559;55 a 59 anos                  ;8;SUPERIOR COMPLETO;-3;#NE;-3;#NE;-3;#NE;-3;#NE;Obrigatório;1;0;0;0
13/04/2021;19:37:12;2012;ES;56057;ALFREDO CHAVES;12;4;1015;;4;FEMININO;3;CASADO;6064;60 a 64 anos                  ;1;ANALFABETO;-3;#NE;-3;#NE;-3;#NE;-3;#NE;Facultativo;1;0;0;0
13/04/2021;19:37:12;2012;ES;56057;ALFREDO CHAVES;12;4;1015;;4;FEMININO;3;CASADO;6064;60 a 64 anos                  ;2;LÊ E ESCREVE;-3;#NE;-3;#NE;-3;#NE;-3;#NE;Obrigatório;6;0;0;0
13/04/2021;19:37:12;2012;ES;56057;ALFREDO CHAVES;12;4;1015;;4;FEMININO;3;CASADO;6064;60 a 64 anos                  ;3;ENSINO FUNDAMENTAL INCOMPLETO;-3;#NE;-3;#NE;-3;#NE;-3;#NE;Obrigatório;7;0;0;0
13/04/2021;19:37:12;2012;ES;56057;ALFREDO CHAVES;12;4;1015;;4;FEMININO;3;CASADO;6064;60 a 64 anos                  ;8;SUPERIOR COMPLETO;-3;#NE;-3;#NE;-3;#NE;-3;#NE;Obrigatório;1;0;0;0
13/04/2021;19:37:12;2012;ES;56057;ALFREDO CHAVES;12;4;1015;;4;FEMININO;3;CASADO;6569;65 a 69 anos                  ;1;ANALFABETO;-3;#NE;-3;#NE;-3;#NE;-3;#NE;Facultativo;2;0;0;0
13/04/2021;19:37:12;2012;ES;56057;ALFREDO CHAVES;12;4;1015;;4;FEMININO;3;CASADO;6569;65 a 69 anos                  ;2;LÊ E ESCREVE;-3;#NE;-3;#NE;-3;#NE;-3;#NE;Obrigatório;3;0;0;0
13/04/2021;19:37:12;2012;ES;56057;ALFREDO CHAVES;12;6;1023;;2;MASCULINO;3;CASADO;5559;55 a 59 anos                  ;3;ENSINO FUNDAMENTAL INCOMPLETO;-3;#NE;-3;#NE;-3;#NE;-3;#NE;Obrigatório;7;0;0;0
13/04/2021;19:37:12;2012;ES;56057;ALFREDO CHAVES;12;6;1023;;2;MASCULINO;3;CASADO;6064;60 a 64 anos                  ;2;LÊ E ESCREVE;-3;#NE;-3;#NE;-3;#NE;-3;#NE;Obrigatório;1;0;0;0
13/04/2021;19:37:12;2012;ES;56057;ALFREDO CHAVES;12;6;1023;;2;MASCULINO;3;CASADO;6064;60 a 64 anos                  ;3;ENSINO FUNDAMENTAL INCOMPLETO;-3;#NE;-3;#NE;-3;#NE;-3;#NE;Obrigatório;5;0;0;0
13/04/2021;19:37:12;2012;ES;56057;ALFREDO CHAVES;12;6;1023;;2;MASCULINO;3;CASADO;6064;60 a 64 anos                  ;4;ENSINO FUNDAMENTAL COMPLETO;-3;#NE;-3;#NE;-3;#NE;-3;#NE;Obrigatório;1;0;0;0
13/04/2021;19:37:12;2012;ES;56057;ALFREDO CHAVES;12;6;1023;;2;MASCULINO;3;CASADO;6064;60 a 64 anos                  ;6;ENSINO MÉDIO COMPLETO;-3;#NE;-3;#NE;-3;#NE;-3;#NE;Obrigatório;1;0;0;0
13/04/2021;19:37:12;2012;ES;56057;ALFREDO CHAVES;12;6;1023;;2;MASCULINO;3;CASADO;6569;65 a 69 anos                  ;1;ANALFABETO;-3;#NE;-3;#NE;-3;#NE;-3;#NE;Facultativo;1;0;0;0
13/04/2021;19:37:12;2012;ES;56057;ALFREDO CHAVES;12;6;1023;;2;MASCULINO;3;CASADO;6569;65 a 69 anos                  ;2;LÊ E ESCREVE;-3;#NE;-3;#NE;-3;#NE;-3;#NE;Obrigatório;2;0;0;0
13/04/2021;19:37:12;2012;ES;56057;ALFREDO CHAVES;12;6;1023;;2;MASCULINO;3;CASADO;6569;65 a 69 anos                  ;4;ENSINO FUNDAMENTAL COMPLETO;-3;#NE;-3;#NE;-3;#NE;-3;#NE;Obrigatório;1;0;0;0
13/04/2021;19:37:12;2012;ES;56057;ALFREDO CHAVES;12;6;1023;;2;MASCULINO;3;CASADO;6569;65 a 69 anos                  ;7;SUPERIOR INCOMPLETO;-3;#NE;-3;#NE;-3;#NE;-3;#NE;Obrigatório;1;0;0;0
13/04/2021;19:37:12;2012;ES;56057;ALFREDO CHAVES;12;6;1023;;2;MASCULINO;3;CASADO;6569;65 a 69 anos                  ;8;SUPERIOR COMPLETO;-3;#NE;-3;#NE;-3;#NE;-3;#NE;Obrigatório;1;0;0;0
13/04/2021;19:37:12;2012;ES;56057;ALFREDO CHAVES;12;6;1023;;2;MASCULINO;3;CASADO;7074;70 a 74 anos                  ;2;LÊ E ESCREVE;-3;#NE;-3;#NE;-3;#NE;-3;#NE;Facultativo;4;0;0;0
13/04/2021;19:37:12;2012;ES;56057;ALFREDO CHAVES;12;6;1023;;2;MASCULINO;3;CASADO;7579;75 a 79 anos                  ;2;LÊ E ESCREVE;-3;#NE;-3;#NE;-3;#NE;-3;#NE;Facultativo;1;0;0;0
13/04/2021;19:37:12;2012;ES;56057;ALFREDO CHAVES;12;6;1023;;2;MASCULINO;3;CASADO;7579;75 a 79 anos                  ;3;ENSINO FUNDAMENTAL INCOMPLETO;-3;#NE;-3;#NE;-3;#NE;-3;#NE;Facultativo;3;0;0;0
13/04/2021;19:37:12;2012;ES;56057;ALFREDO CHAVES;12;6;1023;;2;MASCULINO;3;CASADO;8084;80 a 84 anos                  ;2;LÊ E ESCREVE;-3;#NE;-3;#NE;-3;#NE;-3;#NE;Facultativo;1;0;0;0
13/04/2021;19:37:12;2012;ES;56057;ALFREDO CHAVES;12;6;1023;;2;MASCULINO;3;CASADO;8589;85 a 89 anos                  ;2;LÊ E ESCREVE;-3;#NE;-3;#NE;-3;#NE;-3;#NE;Facultativo;2;0;0;0
13/04/2021;19:37:12;2012;ES;56057;ALFREDO CHAVES;12;6;1023;;2;MASCULINO;3;CASADO;8589;85 a 89 anos                  ;3;ENSINO FUNDAMENTAL INCOMPLETO;-3;#NE;-3;#NE;-3;#NE;-3;#NE;Facultativo;3;0;0;0
13/04/2021;19:37:12;2012;ES;56057;ALFREDO CHAVES;12;6;1023;;2;MASCULINO;3;CASADO;9094;90 a 94 anos                  ;1;ANALFABETO;-3;#NE;-3;#NE;-3;#NE;-3;#NE;Facultativo;1;0;0;0
13/04/2021;19:37:12;2012;ES;56057;ALFREDO CHAVES;12;6;1023;;2;MASCULINO;7;SEPARADO JUDICIALMENTE;5054;50 a 54 anos                  ;1;ANALFABETO;-3;#NE;-3;#NE;-3;#NE;-3;#NE;Facultativo;1;0;0;0
13/04/2021;19:37:12;2012;ES;56057;ALFREDO CHAVES;12;6;1023;;2;MASCULINO;7;SEPARADO JUDICIALMENTE;5559;55 a 59 anos                  ;2;LÊ E ESCREVE;-3;#NE;-3;#NE;-3;#NE;-3;#NE;Obrigatório;2;0;0;0
13/04/2021;19:37:12;2012;ES;56057;ALFREDO CHAVES;12;6;1023;;2;MASCULINO;9;DIVORCIADO;6064;60 a 64 anos                  ;3;ENSINO FUNDAMENTAL INCOMPLETO;-3;#NE;-3;#NE;-3;#NE;-3;#NE;Obrigatório;1;0;0;0
13/04/2021;19:37:12;2012;ES;56057;ALFREDO CHAVES;12;6;1023;;4;FEMININO;1;SOLTEIRO;1700;17 anos                       ;5;ENSINO MÉDIO INCOMPLETO;-3;#NE;-3;#NE;-3;#NE;-3;#NE;Facultativo;2;0;0;0
13/04/2021;19:37:12;2012;ES;56057;ALFREDO CHAVES;12;6;1023;;4;FEMININO;1;SOLTEIRO;1800;18 anos                       ;5;ENSINO MÉDIO INCOMPLETO;-3;#NE;-3;#NE;-3;#NE;-3;#NE;Obrigatório;2;0;0;0
13/04/2021;19:37:12;2012;ES;56057;ALFREDO CHAVES;12;6;1023;;4;FEMININO;1;SOLTEIRO;1800;18 anos                       ;6;ENSINO MÉDIO COMPLETO;-3;#NE;-3;#NE;-3;#NE;-3;#NE;Obrigatório;2;0;0;0
13/04/2021;19:37:12;2012;ES;56057;ALFREDO CHAVES;12;6;1023;;4;FEMININO;1;SOLTEIRO;1900;19 anos                       ;3;ENSINO FUNDAMENTAL INCOMPLETO;-3;#NE;-3;#NE;-3;#NE;-3;#NE;Obrigatório;1;0;0;0
13/04/2021;19:37:12;2012;ES;56057;ALFREDO CHAVES;12;6;1023;;4;FEMININO;1;SOLTEIRO;1900;19 anos                       ;6;ENSINO MÉDIO COMPLETO;-3;#NE;-3;#NE;-3;#NE;-3;#NE;Obrigatório;2;0;0;0
13/04/2021;19:37:12;2012;ES;56057;ALFREDO CHAVES;12;6;1023;;4;FEMININO;1;SOLTEIRO;1900;19 anos                       ;7;SUPERIOR INCOMPLETO;-3;#NE;-3;#NE;-3;#NE;-3;#NE;Obrigatório;1;0;0;0
13/04/2021;19:37:12;2012;ES;56057;ALFREDO CHAVES;12;7;1023;;4;FEMININO;7;SEPARADO JUDICIALMENTE;4549;45 a 49 anos                  ;4;ENSINO FUNDAMENTAL COMPLETO;-3;#NE;-3;#NE;-3;#NE;-3;#NE;Obrigatório;1;0;0;0
13/04/2021;19:37:12;2012;ES;56057;ALFREDO CHAVES;12;7;1023;;4;FEMININO;7;SEPARADO JUDICIALMENTE;4549;45 a 49 anos                  ;5;ENSINO MÉDIO INCOMPLETO;-3;#NE;-3;#NE;-3;#NE;-3;#NE;Obrigatório;1;0;0;0
13/04/2021;19:37:12;2012;ES;56057;ALFREDO CHAVES;12;7;1023;;4;FEMININO;7;SEPARADO JUDICIALMENTE;4549;45 a 49 anos                  ;6;ENSINO MÉDIO COMPLETO;-3;#NE;-3;#NE;-3;#NE;-3;#NE;Obrigatório;1;0;0;0
13/04/2021;19:37:12;2012;ES;56057;ALFREDO CHAVES;12;7;1023;;4;FEMININO;7;SEPARADO JUDICIALMENTE;4549;45 a 49 anos                  ;7;SUPERIOR INCOMPLETO;-3;#NE;-3;#NE;-3;#NE;-3;#NE;Obrigatório;1;0;0;0
13/04/2021;19:37:12;2012;ES;56057;ALFREDO CHAVES;12;7;1023;;4;FEMININO;9;DIVORCIADO;2529;25 a 29 anos                  ;6;ENSINO MÉDIO COMPLETO;-3;#NE;-3;#NE;-3;#NE;-3;#NE;Obrigatório;1;0;0;0
13/04/2021;19:37:12;2012;ES;56057;ALFREDO CHAVES;12;7;1023;;4;FEMININO;9;DIVORCIADO;5559;55 a 59 anos                  ;6;ENSINO MÉDIO COMPLETO;-3;#NE;-3;#NE;-3;#NE;-3;#NE;Obrigatório;1;0;0;0
13/04/2021;19:37:12;2012;ES;56057;ALFREDO CHAVES;12;7;1023;;4;FEMININO;9;DIVORCIADO;6064;60 a 64 anos                  ;6;ENSINO MÉDIO COMPLETO;-3;#NE;-3;#NE;-3;#NE;-3;#NE;Obrigatório;2;0;0;0
13/04/2021;19:37:12;2012;ES;56057;ALFREDO CHAVES;12;7;1023;;4;FEMININO;9;DIVORCIADO;6064;60 a 64 anos                  ;8;SUPERIOR COMPLETO;-3;#NE;-3;#NE;-3;#NE;-3;#NE;Obrigatório;1;0;0;0
13/04/2021;19:37:12;2012;ES;56057;ALFREDO CHAVES;12;8;1023;;0;NÃO INFORMADO;0;NÃO INFORMADO;6064;60 a 64 anos                  ;8;SUPERIOR COMPLETO;-3;#NE;-3;#NE;-3;#NE;-3;#NE;Obrigatório;1;0;0;0
13/04/2021;19:37:12;2012;ES;56057;ALFREDO CHAVES;12;8;1023;;2;MASCULINO;1;SOLTEIRO;1600;16 anos                       ;3;ENSINO FUNDAMENTAL INCOMPLETO;-3;#NE;-3;#NE;-3;#NE;-3;#NE;Facultativo;1;0;0;0
13/04/2021;19:37:12;2012;ES;56057;ALFREDO CHAVES;12;8;1023;;2;MASCULINO;1;SOLTEIRO;1700;17 anos                       ;3;ENSINO FUNDAMENTAL INCOMPLETO;-3;#NE;-3;#NE;-3;#NE;-3;#NE;Facultativo;1;0;0;0
13/04/2021;19:37:12;2012;ES;56057;ALFREDO CHAVES;12;8;1023;;2;MASCULINO;1;SOLTEIRO;1700;17 anos                       ;5;ENSINO MÉDIO INCOMPLETO;-3;#NE;-3;#NE;-3;#NE;-3;#NE;Facultativo;3;0;0;0
13/04/2021;19:37:12;2012;ES;56057;ALFREDO CHAVES;12;8;1023;;2;MASCULINO;1;SOLTEIRO;1800;18 anos                       ;3;ENSINO FUNDAMENTAL INCOMPLETO;-3;#NE;-3;#NE;-3;#NE;-3;#NE;Obrigatório;2;0;0;0
13/04/2021;19:37:12;2012;ES;56057;ALFREDO CHAVES;12;8;1023;;2;MASCULINO;1;SOLTEIRO;1800;18 anos                       ;5;ENSINO MÉDIO INCOMPLETO;-3;#NE;-3;#NE;-3;#NE;-3;#NE;Obrigatório;2;0;0;0
13/04/2021;19:37:12;2012;ES;56057;ALFREDO CHAVES;12;8;1023;;2;MASCULINO;1;SOLTEIRO;1800;18 anos                       ;6;ENSINO MÉDIO COMPLETO;-3;#NE;-3;#NE;-3;#NE;-3;#NE;Obrigatório;1;0;0;0
13/04/2021;19:37:12;2012;ES;56057;ALFREDO CHAVES;12;8;1023;;2;MASCULINO;1;SOLTEIRO;1900;19 anos                       ;3;ENSINO FUNDAMENTAL INCOMPLETO;-3;#NE;-3;#NE;-3;#NE;-3;#NE;Obrigatório;1;0;0;0
13/04/2021;19:37:12;2012;ES;56057;ALFREDO CHAVES;12;8;1023;;2;MASCULINO;1;SOLTEIRO;1900;19 anos                       ;5;ENSINO MÉDIO INCOMPLETO;-3;#NE;-3;#NE;-3;#NE;-3;#NE;Obrigatório;3;0;0;0
13/04/2021;19:37:12;2012;ES;56057;ALFREDO CHAVES;12;8;1023;;2;MASCULINO;1;SOLTEIRO;1900;19 anos                       ;6;ENSINO MÉDIO COMPLETO;-3;#NE;-3;#NE;-3;#NE;-3;#NE;Obrigatório;3;0;0;0
13/04/2021;19:37:12;2012;ES;56057;ALFREDO CHAVES;12;8;1023;;2;MASCULINO;1;SOLTEIRO;1900;19 anos                       ;7;SUPERIOR INCOMPLETO;-3;#NE;-3;#NE;-3;#NE;-3;#NE;Obrigatório;1;0;0;0
13/04/2021;19:37:12;2012;ES;56057;ALFREDO CHAVES;12;8;1023;;2;MASCULINO;1;SOLTEIRO;2000;20 anos                       ;3;ENSINO FUNDAMENTAL INCOMPLETO;-3;#NE;-3;#NE;-3;#NE;-3;#NE;Obrigatório;1;0;0;0
13/04/2021;19:37:12;2012;ES;56057;ALFREDO CHAVES;12;8;1023;;2;MASCULINO;1;SOLTEIRO;2000;20 anos                       ;5;ENSINO MÉDIO INCOMPLETO;-3;#NE;-3;#NE;-3;#NE;-3;#NE;Obrigatório;1;0;0;0
13/04/2021;19:37:12;2012;ES;56057;ALFREDO CHAVES;12;8;1023;;2;MASCULINO;1;SOLTEIRO;2000;20 anos                       ;6;ENSINO MÉDIO COMPLETO;-3;#NE;-3;#NE;-3;#NE;-3;#NE;Obrigatório;1;0;0;0
13/04/2021;19:37:12;2012;ES;56057;ALFREDO CHAVES;12;8;1023;;2;MASCULINO;1;SOLTEIRO;2124;21 a 24 anos                  ;3;ENSINO FUNDAMENTAL INCOMPLETO;-3;#NE;-3;#NE;-3;#NE;-3;#NE;Obrigatório;2;0;0;0
13/04/2021;19:37:12;2012;ES;56057;ALFREDO CHAVES;12;8;1023;;2;MASCULINO;1;SOLTEIRO;2124;21 a 24 anos                  ;4;ENSINO FUNDAMENTAL COMPLETO;-3;#NE;-3;#NE;-3;#NE;-3;#NE;Obrigatório;2;0;0;0
13/04/2021;19:37:12;2012;ES;56057;ALFREDO CHAVES;12;8;1023;;2;MASCULINO;1;SOLTEIRO;2124;21 a 24 anos                  ;5;ENSINO MÉDIO INCOMPLETO;-3;#NE;-3;#NE;-3;#NE;-3;#NE;Obrigatório;9;0;0;0
13/04/2021;19:37:12;2012;ES;56057;ALFREDO CHAVES;12;8;1023;;2;MASCULINO;1;SOLTEIRO;2124;21 a 24 anos                  ;6;ENSINO MÉDIO COMPLETO;-3;#NE;-3;#NE;-3;#NE;-3;#NE;Obrigatório;1;0;0;0
13/04/2021;19:37:12;2012;ES;56057;ALFREDO CHAVES;12;8;1023;;2;MASCULINO;1;SOLTEIRO;2124;21 a 24 anos                  ;7;SUPERIOR INCOMPLETO;-3;#NE;-3;#NE;-3;#NE;-3;#NE;Obrigatório;1;0;0;0
13/04/2021;19:37:12;2012;ES;56057;ALFREDO CHAVES;12;8;1023;;2;MASCULINO;1;SOLTEIRO;2529;25 a 29 anos                  ;2;LÊ E ESCREVE;-3;#NE;-3;#NE;-3;#NE;-3;#NE;Obrigatório;1;0;0;0
13/04/2021;19:37:12;2012;ES;56057;ALFREDO CHAVES;12;8;1023;;2;MASCULINO;1;SOLTEIRO;2529;25 a 29 anos                  ;3;ENSINO FUNDAMENTAL INCOMPLETO;-3;#NE;-3;#NE;-3;#NE;-3;#NE;Obrigatório;4;0;0;0
13/04/2021;19:37:12;2012;ES;56057;ALFREDO CHAVES;12;8;1023;;2;MASCULINO;1;SOLTEIRO;2529;25 a 29 anos                  ;4;ENSINO FUNDAMENTAL COMPLETO;-3;#NE;-3;#NE;-3;#NE;-3;#NE;Obrigatório;1;0;0;0
13/04/2021;19:37:12;2012;ES;56057;ALFREDO CHAVES;12;8;1023;;2;MASCULINO;1;SOLTEIRO;2529;25 a 29 anos                  ;5;ENSINO MÉDIO INCOMPLETO;-3;#NE;-3;#NE;-3;#NE;-3;#NE;Obrigatório;7;0;0;0
13/04/2021;19:37:12;2012;ES;56057;ALFREDO CHAVES;12;8;1023;;2;MASCULINO;1;SOLTEIRO;3034;30 a 34 anos                  ;2;LÊ E ESCREVE;-3;#NE;-3;#NE;-3;#NE;-3;#NE;Obrigatório;1;0;0;0
13/04/2021;19:37:12;2012;ES;56057;ALFREDO CHAVES;12;8;1023;;2;MASCULINO;1;SOLTEIRO;3034;30 a 34 anos                  ;3;ENSINO FUNDAMENTAL INCOMPLETO;-3;#NE;-3;#NE;-3;#NE;-3;#NE;Obrigatório;4;0;0;0
13/04/2021;19:37:12;2012;ES;56057;ALFREDO CHAVES;12;8;1023;;2;MASCULINO;1;SOLTEIRO;3034;30 a 34 anos                  ;5;ENSINO MÉDIO INCOMPLETO;-3;#NE;-3;#NE;-3;#NE;-3;#NE;Obrigatório;4;0;0;0
13/04/2021;19:37:12;2012;ES;56057;ALFREDO CHAVES;12;8;1023;;2;MASCULINO;1;SOLTEIRO;3034;30 a 34 anos                  ;6;ENSINO MÉDIO COMPLETO;-3;#NE;-3;#NE;-3;#NE;-3;#NE;Obrigatório;2;0;0;0
13/04/2021;19:37:12;2012;ES;56057;ALFREDO CHAVES;12;8;1023;;2;MASCULINO;1;SOLTEIRO;3034;30 a 34 anos                  ;7;SUPERIOR INCOMPLETO;-3;#NE;-3;#NE;-3;#NE;-3;#NE;Obrigatório;2;0;0;0
13/04/2021;19:37:12;2012;ES;56057;ALFREDO CHAVES;12;8;1023;;2;MASCULINO;1;SOLTEIRO;3539;35 a 39 anos                  ;3;ENSINO FUNDAMENTAL INCOMPLETO;-3;#NE;-3;#NE;-3;#NE;-3;#NE;Obrigatório;2;0;0;0
13/04/2021;19:37:12;2012;ES;56057;ALFREDO CHAVES;12;8;1023;;2;MASCULINO;1;SOLTEIRO;3539;35 a 39 anos                  ;4;ENSINO FUNDAMENTAL COMPLETO;-3;#NE;-3;#NE;-3;#NE;-3;#NE;Obrigatório;1;0;0;0
13/04/2021;19:37:12;2012;ES;56057;ALFREDO CHAVES;12;9;1031;;4;FEMININO;3;CASADO;8589;85 a 89 anos                  ;3;ENSINO FUNDAMENTAL INCOMPLETO;-3;#NE;-3;#NE;-3;#NE;-3;#NE;Facultativo;2;0;0;0
13/04/2021;19:37:12;2012;ES;56057;ALFREDO CHAVES;12;9;1031;;4;FEMININO;3;CASADO;9094;90 a 94 anos                  ;3;ENSINO FUNDAMENTAL INCOMPLETO;-3;#NE;-3;#NE;-3;#NE;-3;#NE;Facultativo;1;0;0;0
13/04/2021;19:37:12;2012;ES;56057;ALFREDO CHAVES;12;9;1031;;4;FEMININO;5;VIÚVO;5054;50 a 54 anos                  ;3;ENSINO FUNDAMENTAL INCOMPLETO;-3;#NE;-3;#NE;-3;#NE;-3;#NE;Obrigatório;1;0;0;0
13/04/2021;19:37:12;2012;ES;56057;ALFREDO CHAVES;12;9;1031;;4;FEMININO;5;VIÚVO;8589;85 a 89 anos                  ;3;ENSINO FUNDAMENTAL INCOMPLETO;-3;#NE;-3;#NE;-3;#NE;-3;#NE;Facultativo;1;0;0;0
13/04/2021;19:37:12;2012;ES;56057;ALFREDO CHAVES;12;9;1031;;4;FEMININO;7;SEPARADO JUDICIALMENTE;4549;45 a 49 anos                  ;3;ENSINO FUNDAMENTAL INCOMPLETO;-3;#NE;-3;#NE;-3;#NE;-3;#NE;Obrigatório;1;0;0;0
13/04/2021;19:37:12;2012;ES;56057;ALFREDO CHAVES;12;9;1031;;4;FEMININO;9;DIVORCIADO;3034;30 a 34 anos                  ;3;ENSINO FUNDAMENTAL INCOMPLETO;-3;#NE;-3;#NE;-3;#NE;-3;#NE;Obrigatório;2;0;0;0
13/04/2021;19:37:12;2012;ES;56057;ALFREDO CHAVES;12;9;1031;;4;FEMININO;9;DIVORCIADO;5559;55 a 59 anos                  ;3;ENSINO FUNDAMENTAL INCOMPLETO;-3;#NE;-3;#NE;-3;#NE;-3;#NE;Obrigatório;1;0;0;0
13/04/2021;19:37:12;2012;ES;56057;ALFREDO CHAVES;12;10;1040;;0;NÃO INFORMADO;1;SOLTEIRO;4549;45 a 49 anos                  ;4;ENSINO FUNDAMENTAL COMPLETO;-3;#NE;-3;#NE;-3;#NE;-3;#NE;Obrigatório;1;0;0;0
13/04/2021;19:37:12;2012;ES;56057;ALFREDO CHAVES;12;10;1040;;2;MASCULINO;1;SOLTEIRO;1600;16 anos                       ;5;ENSINO MÉDIO INCOMPLETO;-3;#NE;-3;#NE;-3;#NE;-3;#NE;Facultativo;1;0;0;0
13/04/2021;19:37:12;2012;ES;56057;ALFREDO CHAVES;12;10;1040;;2;MASCULINO;1;SOLTEIRO;1800;18 anos                       ;6;ENSINO MÉDIO COMPLETO;-3;#NE;-3;#NE;-3;#NE;-3;#NE;Obrigatório;1;0;0;0
13/04/2021;19:37:12;2012;ES;56057;ALFREDO CHAVES;12;10;1040;;2;MASCULINO;1;SOLTEIRO;1900;19 anos                       ;5;ENSINO MÉDIO INCOMPLETO;-3;#NE;-3;#NE;-3;#NE;-3;#NE;Obrigatório;1;0;0;0
13/04/2021;19:37:12;2012;ES;56057;ALFREDO CHAVES;12;10;1040;;2;MASCULINO;1;SOLTEIRO;2000;20 anos                       ;3;ENSINO FUNDAMENTAL INCOMPLETO;-3;#NE;-3;#NE;-3;#NE;-3;#NE;Obrigatório;1;0;0;0
13/04/2021;19:37:12;2012;ES;56057;ALFREDO CHAVES;12;10;1040;;2;MASCULINO;1;SOLTEIRO;2000;20 anos                       ;5;ENSINO MÉDIO INCOMPLETO;-3;#NE;-3;#NE;-3;#NE;-3;#NE;Obrigatório;3;0;0;0
13/04/2021;19:37:12;2012;ES;56057;ALFREDO CHAVES;12;10;1040;;2;MASCULINO;1;SOLTEIRO;2000;20 anos                       ;6;ENSINO MÉDIO COMPLETO;-3;#NE;-3;#NE;-3;#NE;-3;#NE;Obrigatório;2;0;0;0
13/04/2021;19:37:12;2012;ES;56057;ALFREDO CHAVES;12;10;1040;;2;MASCULINO;1;SOLTEIRO;2124;21 a 24 anos                  ;3;ENSINO FUNDAMENTAL INCOMPLETO;-3;#NE;-3;#NE;-3;#NE;-3;#NE;Obrigatório;1;0;0;0
13/04/2021;19:37:12;2012;ES;56057;ALFREDO CHAVES;12;10;1040;;2;MASCULINO;1;SOLTEIRO;2124;21 a 24 anos                  ;4;ENSINO FUNDAMENTAL COMPLETO;-3;#NE;-3;#NE;-3;#NE;-3;#NE;Obrigatório;1;0;0;0
13/04/2021;19:37:12;2012;ES;56057;ALFREDO CHAVES;12;10;1040;;2;MASCULINO;1;SOLTEIRO;2529;25 a 29 anos                  ;3;ENSINO FUNDAMENTAL INCOMPLETO;-3;#NE;-3;#NE;-3;#NE;-3;#NE;Obrigatório;3;0;0;0
13/04/2021;19:37:12;2012;ES;56057;ALFREDO CHAVES;12;10;1040;;2;MASCULINO;1;SOLTEIRO;2529;25 a 29 anos                  ;4;ENSINO FUNDAMENTAL COMPLETO;-3;#NE;-3;#NE;-3;#NE;-3;#NE;Obrigatório;5;0;0;0
13/04/2021;19:37:12;2012;ES;56057;ALFREDO CHAVES;12;10;1040;;2;MASCULINO;1;SOLTEIRO;2529;25 a 29 anos                  ;5;ENSINO MÉDIO INCOMPLETO;-3;#NE;-3;#NE;-3;#NE;-3;#NE;Obrigatório;2;0;0;0
13/04/2021;19:37:12;2012;ES;56057;ALFREDO CHAVES;12;10;1040;;2;MASCULINO;1;SOLTEIRO;2529;25 a 29 anos                  ;6;ENSINO MÉDIO COMPLETO;-3;#NE;-3;#NE;-3;#NE;-3;#NE;Obrigatório;2;0;0;0
13/04/2021;19:37:12;2012;ES;56057;ALFREDO CHAVES;12;10;1040;;2;MASCULINO;1;SOLTEIRO;3539;35 a 39 anos                  ;3;ENSINO FUNDAMENTAL INCOMPLETO;-3;#NE;-3;#NE;-3;#NE;-3;#NE;Obrigatório;8;0;0;0
13/04/2021;19:37:12;2012;ES;56057;ALFREDO CHAVES;12;10;1040;;2;MASCULINO;1;SOLTEIRO;3539;35 a 39 anos                  ;5;ENSINO MÉDIO INCOMPLETO;-3;#NE;-3;#NE;-3;#NE;-3;#NE;Obrigatório;4;0;0;0
13/04/2021;19:37:12;2012;ES;56057;ALFREDO CHAVES;12;10;1040;;2;MASCULINO;1;SOLTEIRO;3539;35 a 39 anos                  ;6;ENSINO MÉDIO COMPLETO;-3;#NE;-3;#NE;-3;#NE;-3;#NE;Obrigatório;1;0;0;0
13/04/2021;19:37:12;2012;ES;56057;ALFREDO CHAVES;12;10;1040;;2;MASCULINO;1;SOLTEIRO;4044;40 a 44 anos                  ;3;ENSINO FUNDAMENTAL INCOMPLETO;-3;#NE;-3;#NE;-3;#NE;-3;#NE;Obrigatório;14;0;0;0
13/04/2021;19:37:12;2012;ES;56057;ALFREDO CHAVES;12;10;1040;;2;MASCULINO;1;SOLTEIRO;4044;40 a 44 anos                  ;4;ENSINO FUNDAMENTAL COMPLETO;-3;#NE;-3;#NE;-3;#NE;-3;#NE;Obrigatório;9;0;0;0
13/04/2021;19:37:12;2012;ES;56057;ALFREDO CHAVES;12;10;1040;;2;MASCULINO;1;SOLTEIRO;4549;45 a 49 anos                  ;1;ANALFABETO;-3;#NE;-3;#NE;-3;#NE;-3;#NE;Facultativo;2;0;0;0
13/04/2021;19:37:12;2012;ES;56057;ALFREDO CHAVES;12;10;1040;;2;MASCULINO;1;SOLTEIRO;4549;45 a 49 anos                  ;4;ENSINO FUNDAMENTAL COMPLETO;-3;#NE;-3;#NE;-3;#NE;-3;#NE;Obrigatório;3;0;0;0
13/04/2021;19:37:12;2012;ES;56057;ALFREDO CHAVES;12;10;1040;;2;MASCULINO;1;SOLTEIRO;5054;50 a 54 anos                  ;1;ANALFABETO;-3;#NE;-3;#NE;-3;#NE;-3;#NE;Facultativo;1;0;0;0
13/04/2021;19:37:12;2012;ES;56057;ALFREDO CHAVES;12;10;1040;;2;MASCULINO;1;SOLTEIRO;5054;50 a 54 anos                  ;3;ENSINO FUNDAMENTAL INCOMPLETO;-3;#NE;-3;#NE;-3;#NE;-3;#NE;Obrigatório;9;0;0;0
13/04/2021;19:37:12;2012;ES;56057;ALFREDO CHAVES;12;10;1040;;2;MASCULINO;1;SOLTEIRO;5559;55 a 59 anos                  ;2;LÊ E ESCREVE;-3;#NE;-3;#NE;-3;#NE;-3;#NE;Obrigatório;2;0;0;0
13/04/2021;19:37:12;2012;ES;56057;ALFREDO CHAVES;12;10;1040;;2;MASCULINO;1;SOLTEIRO;5559;55 a 59 anos                  ;3;ENSINO FUNDAMENTAL INCOMPLETO;-3;#NE;-3;#NE;-3;#NE;-3;#NE;Obrigatório;4;0;0;0
13/04/2021;19:37:12;2012;ES;56057;ALFREDO CHAVES;12;10;1040;;2;MASCULINO;1;SOLTEIRO;5559;55 a 59 anos                  ;6;ENSINO MÉDIO COMPLETO;-3;#NE;-3;#NE;-3;#NE;-3;#NE;Obrigatório;1;0;0;0
13/04/2021;19:37:12;2012;ES;56057;ALFREDO CHAVES;12;10;1040;;2;MASCULINO;1;SOLTEIRO;6569;65 a 69 anos                  ;1;ANALFABETO;-3;#NE;-3;#NE;-3;#NE;-3;#NE;Facultativo;2;0;0;0
13/04/2021;19:37:12;2012;ES;56057;ALFREDO CHAVES;12;10;1040;;2;MASCULINO;1;SOLTEIRO;7074;70 a 74 anos                  ;2;LÊ E ESCREVE;-3;#NE;-3;#NE;-3;#NE;-3;#NE;Facultativo;1;0;0;0
13/04/2021;19:37:12;2012;ES;56057;ALFREDO CHAVES;12;10;1040;;2;MASCULINO;3;CASADO;3539;35 a 39 anos                  ;3;ENSINO FUNDAMENTAL INCOMPLETO;-3;#NE;-3;#NE;-3;#NE;-3;#NE;Obrigatório;2;0;0;0
13/04/2021;19:37:12;2012;ES;56057;ALFREDO CHAVES;12;10;1040;;2;MASCULINO;3;CASADO;4044;40 a 44 anos                  ;3;ENSINO FUNDAMENTAL INCOMPLETO;-3;#NE;-3;#NE;-3;#NE;-3;#NE;Obrigatório;2;0;0;0
13/04/2021;19:37:12;2012;ES;56057;ALFREDO CHAVES;12;10;1040;;2;MASCULINO;3;CASADO;4044;40 a 44 anos                  ;4;ENSINO FUNDAMENTAL COMPLETO;-3;#NE;-3;#NE;-3;#NE;-3;#NE;Obrigatório;1;0;0;0
13/04/2021;19:37:12;2012;ES;56057;ALFREDO CHAVES;12;10;1040;;2;MASCULINO;3;CASADO;4044;40 a 44 anos                  ;5;ENSINO MÉDIO INCOMPLETO;-3;#NE;-3;#NE;-3;#NE;-3;#NE;Obrigatório;1;0;0;0
13/04/2021;19:37:12;2012;ES;56057;ALFREDO CHAVES;12;10;1040;;2;MASCULINO;3;CASADO;4549;45 a 49 anos                  ;3;ENSINO FUNDAMENTAL INCOMPLETO;-3;#NE;-3;#NE;-3;#NE;-3;#NE;Obrigatório;2;0;0;0
13/04/2021;19:37:12;2012;ES;56057;ALFREDO CHAVES;12;10;1040;;2;MASCULINO;3;CASADO;4549;45 a 49 anos                  ;6;ENSINO MÉDIO COMPLETO;-3;#NE;-3;#NE;-3;#NE;-3;#NE;Obrigatório;1;0;0;0
13/04/2021;19:37:12;2012;ES;56057;ALFREDO CHAVES;12;10;1040;;2;MASCULINO;3;CASADO;5054;50 a 54 anos                  ;3;ENSINO FUNDAMENTAL INCOMPLETO;-3;#NE;-3;#NE;-3;#NE;-3;#NE;Obrigatório;9;0;0;0
13/04/2021;19:37:12;2012;ES;56057;ALFREDO CHAVES;12;10;1040;;2;MASCULINO;3;CASADO;5559;55 a 59 anos                  ;2;LÊ E ESCREVE;-3;#NE;-3;#NE;-3;#NE;-3;#NE;Obrigatório;3;0;0;0
13/04/2021;19:37:12;2012;ES;56057;ALFREDO CHAVES;12;10;1040;;2;MASCULINO;3;CASADO;5559;55 a 59 anos                  ;3;ENSINO FUNDAMENTAL INCOMPLETO;-3;#NE;-3;#NE;-3;#NE;-3;#NE;Obrigatório;8;0;0;0
13/04/2021;19:37:12;2012;ES;56057;ALFREDO CHAVES;12;10;1040;;2;MASCULINO;3;CASADO;5559;55 a 59 anos                  ;6;ENSINO MÉDIO COMPLETO;-3;#NE;-3;#NE;-3;#NE;-3;#NE;Obrigatório;1;0;0;0
13/04/2021;19:37:12;2012;ES;56057;ALFREDO CHAVES;12;10;1040;;2;MASCULINO;3;CASADO;6064;60 a 64 anos                  ;3;ENSINO FUNDAMENTAL INCOMPLETO;-3;#NE;-3;#NE;-3;#NE;-3;#NE;Obrigatório;8;0;0;0
13/04/2021;19:37:12;2012;ES;56057;ALFREDO CHAVES;12;10;1040;;2;MASCULINO;3;CASADO;6064;60 a 64 anos                  ;6;ENSINO MÉDIO COMPLETO;-3;#NE;-3;#NE;-3;#NE;-3;#NE;Obrigatório;1;0;0;0
13/04/2021;19:37:12;2012;ES;56057;ALFREDO CHAVES;12;10;1040;;2;MASCULINO;3;CASADO;7074;70 a 74 anos                  ;2;LÊ E ESCREVE;-3;#NE;-3;#NE;-3;#NE;-3;#NE;Facultativo;4;0;0;0
13/04/2021;19:37:12;2012;ES;56057;ALFREDO CHAVES;12;10;1040;;2;MASCULINO;3;CASADO;7074;70 a 74 anos                  ;3;ENSINO FUNDAMENTAL INCOMPLETO;-3;#NE;-3;#NE;-3;#NE;-3;#NE;Facultativo;2;0;0;0
13/04/2021;19:37:12;2012;ES;56057;ALFREDO CHAVES;12;10;1040;;2;MASCULINO;3;CASADO;7579;75 a 79 anos                  ;2;LÊ E ESCREVE;-3;#NE;-3;#NE;-3;#NE;-3;#NE;Facultativo;1;0;0;0
13/04/2021;19:37:12;2012;ES;56057;ALFREDO CHAVES;12;10;1040;;2;MASCULINO;3;CASADO;7579;75 a 79 anos                  ;3;ENSINO FUNDAMENTAL INCOMPLETO;-3;#NE;-3;#NE;-3;#NE;-3;#NE;Facultativo;4;0;0;0
13/04/2021;19:37:12;2012;ES;56057;ALFREDO CHAVES;12;10;1040;;2;MASCULINO;3;CASADO;8084;80 a 84 anos                  ;3;ENSINO FUNDAMENTAL INCOMPLETO;-3;#NE;-3;#NE;-3;#NE;-3;#NE;Facultativo;1;0;0;0
13/04/2021;19:37:12;2012;ES;56057;ALFREDO CHAVES;12;10;1040;;2;MASCULINO;3;CASADO;8589;85 a 89 anos                  ;2;LÊ E ESCREVE;-3;#NE;-3;#NE;-3;#NE;-3;#NE;Facultativo;2;0;0;0
13/04/2021;19:37:12;2012;ES;56057;ALFREDO CHAVES;12;12;1058;;2;MASCULINO;1;SOLTEIRO;5054;50 a 54 anos                  ;2;LÊ E ESCREVE;-3;#NE;-3;#NE;-3;#NE;-3;#NE;Obrigatório;1;0;0;0
13/04/2021;19:37:12;2012;ES;56057;ALFREDO CHAVES;12;12;1058;;2;MASCULINO;1;SOLTEIRO;5054;50 a 54 anos                  ;3;ENSINO FUNDAMENTAL INCOMPLETO;-3;#NE;-3;#NE;-3;#NE;-3;#NE;Obrigatório;3;0;0;0
13/04/2021;19:37:12;2012;ES;56057;ALFREDO CHAVES;12;12;1058;;2;MASCULINO;1;SOLTEIRO;5054;50 a 54 anos                  ;5;ENSINO MÉDIO INCOMPLETO;-3;#NE;-3;#NE;-3;#NE;-3;#NE;Obrigatório;2;0;0;0
13/04/2021;19:37:12;2012;ES;56057;ALFREDO CHAVES;12;12;1058;;2;MASCULINO;1;SOLTEIRO;5559;55 a 59 anos                  ;3;ENSINO FUNDAMENTAL INCOMPLETO;-3;#NE;-3;#NE;-3;#NE;-3;#NE;Obrigatório;1;0;0;0
13/04/2021;19:37:12;2012;ES;56057;ALFREDO CHAVES;12;12;1058;;2;MASCULINO;1;SOLTEIRO;5559;55 a 59 anos                  ;6;ENSINO MÉDIO COMPLETO;-3;#NE;-3;#NE;-3;#NE;-3;#NE;Obrigatório;1;0;0;0
13/04/2021;19:37:12;2012;ES;56057;ALFREDO CHAVES;12;12;1058;;2;MASCULINO;1;SOLTEIRO;6064;60 a 64 anos                  ;3;ENSINO FUNDAMENTAL INCOMPLETO;-3;#NE;-3;#NE;-3;#NE;-3;#NE;Obrigatório;1;0;0;0
13/04/2021;19:37:12;2012;ES;56057;ALFREDO CHAVES;12;12;1058;;2;MASCULINO;3;CASADO;3034;30 a 34 anos                  ;2;LÊ E ESCREVE;-3;#NE;-3;#NE;-3;#NE;-3;#NE;Obrigatório;1;0;0;0
13/04/2021;19:37:12;2012;ES;56057;ALFREDO CHAVES;12;12;1058;;2;MASCULINO;3;CASADO;3034;30 a 34 anos                  ;3;ENSINO FUNDAMENTAL INCOMPLETO;-3;#NE;-3;#NE;-3;#NE;-3;#NE;Obrigatório;2;0;0;0
13/04/2021;19:37:12;2012;ES;56057;ALFREDO CHAVES;12;12;1058;;2;MASCULINO;3;CASADO;3539;35 a 39 anos                  ;3;ENSINO FUNDAMENTAL INCOMPLETO;-3;#NE;-3;#NE;-3;#NE;-3;#NE;Obrigatório;1;0;0;0
13/04/2021;19:37:12;2012;ES;56057;ALFREDO CHAVES;12;12;1058;;2;MASCULINO;3;CASADO;3539;35 a 39 anos                  ;5;ENSINO MÉDIO INCOMPLETO;-3;#NE;-3;#NE;-3;#NE;-3;#NE;Obrigatório;1;0;0;0
13/04/2021;19:37:12;2012;ES;56057;ALFREDO CHAVES;12;12;1058;;2;MASCULINO;3;CASADO;3539;35 a 39 anos                  ;6;ENSINO MÉDIO COMPLETO;-3;#NE;-3;#NE;-3;#NE;-3;#NE;Obrigatório;1;0;0;0
13/04/2021;19:37:12;2012;ES;56057;ALFREDO CHAVES;12;12;1058;;2;MASCULINO;3;CASADO;4044;40 a 44 anos                  ;3;ENSINO FUNDAMENTAL INCOMPLETO;-3;#NE;-3;#NE;-3;#NE;-3;#NE;Obrigatório;2;0;0;0
13/04/2021;19:37:12;2012;ES;56057;ALFREDO CHAVES;12;12;1058;;2;MASCULINO;3;CASADO;4549;45 a 49 anos                  ;3;ENSINO FUNDAMENTAL INCOMPLETO;-3;#NE;-3;#NE;-3;#NE;-3;#NE;Obrigatório;5;0;0;0
13/04/2021;19:37:12;2012;ES;56057;ALFREDO CHAVES;12;12;1058;;2;MASCULINO;3;CASADO;4549;45 a 49 anos                  ;4;ENSINO FUNDAMENTAL COMPLETO;-3;#NE;-3;#NE;-3;#NE;-3;#NE;Obrigatório;2;0;0;0
13/04/2021;19:37:12;2012;ES;56057;ALFREDO CHAVES;12;12;1058;;2;MASCULINO;3;CASADO;5054;50 a 54 anos                  ;2;LÊ E ESCREVE;-3;#NE;-3;#NE;-3;#NE;-3;#NE;Obrigatório;1;0;0;0
13/04/2021;19:37:12;2012;ES;56057;ALFREDO CHAVES;12;12;1058;;2;MASCULINO;3;CASADO;5054;50 a 54 anos                  ;6;ENSINO MÉDIO COMPLETO;-3;#NE;-3;#NE;-3;#NE;-3;#NE;Obrigatório;3;0;0;0
13/04/2021;19:37:12;2012;ES;56057;ALFREDO CHAVES;12;12;1058;;2;MASCULINO;3;CASADO;5559;55 a 59 anos                  ;2;LÊ E ESCREVE;-3;#NE;-3;#NE;-3;#NE;-3;#NE;Obrigatório;4;0;0;0
13/04/2021;19:37:12;2012;ES;56057;ALFREDO CHAVES;12;12;1058;;2;MASCULINO;3;CASADO;5559;55 a 59 anos                  ;4;ENSINO FUNDAMENTAL COMPLETO;-3;#NE;-3;#NE;-3;#NE;-3;#NE;Obrigatório;1;0;0;0
13/04/2021;19:37:12;2012;ES;56057;ALFREDO CHAVES;12;12;1058;;2;MASCULINO;3;CASADO;6064;60 a 64 anos                  ;3;ENSINO FUNDAMENTAL INCOMPLETO;-3;#NE;-3;#NE;-3;#NE;-3;#NE;Obrigatório;7;0;0;0
13/04/2021;19:37:12;2012;ES;56057;ALFREDO CHAVES;12;12;1058;;2;MASCULINO;3;CASADO;6064;60 a 64 anos                  ;6;ENSINO MÉDIO COMPLETO;-3;#NE;-3;#NE;-3;#NE;-3;#NE;Obrigatório;1;0;0;0
13/04/2021;19:37:12;2012;ES;56057;ALFREDO CHAVES;12;12;1058;;2;MASCULINO;3;CASADO;6569;65 a 69 anos                  ;2;LÊ E ESCREVE;-3;#NE;-3;#NE;-3;#NE;-3;#NE;Obrigatório;4;0;0;0
13/04/2021;19:37:12;2012;ES;56057;ALFREDO CHAVES;12;12;1058;;2;MASCULINO;3;CASADO;6569;65 a 69 anos                  ;4;ENSINO FUNDAMENTAL COMPLETO;-3;#NE;-3;#NE;-3;#NE;-3;#NE;Obrigatório;1;0;0;0
13/04/2021;19:37:12;2012;ES;56057;ALFREDO CHAVES;12;12;1058;;2;MASCULINO;3;CASADO;7074;70 a 74 anos                  ;1;ANALFABETO;-3;#NE;-3;#NE;-3;#NE;-3;#NE;Facultativo;1;0;0;0
13/04/2021;19:37:12;2012;ES;56057;ALFREDO CHAVES;12;12;1058;;2;MASCULINO;3;CASADO;7074;70 a 74 anos                  ;2;LÊ E ESCREVE;-3;#NE;-3;#NE;-3;#NE;-3;#NE;Facultativo;3;0;0;0
13/04/2021;19:37:12;2012;ES;56057;ALFREDO CHAVES;12;12;1058;;2;MASCULINO;3;CASADO;7074;70 a 74 anos                  ;4;ENSINO FUNDAMENTAL COMPLETO;-3;#NE;-3;#NE;-3;#NE;-3;#NE;Facultativo;1;0;0;0
13/04/2021;19:37:12;2012;ES;56057;ALFREDO CHAVES;12;12;1058;;2;MASCULINO;3;CASADO;7579;75 a 79 anos                  ;2;LÊ E ESCREVE;-3;#NE;-3;#NE;-3;#NE;-3;#NE;Facultativo;2;0;0;0
13/04/2021;19:37:12;2012;ES;56057;ALFREDO CHAVES;12;12;1058;;2;MASCULINO;3;CASADO;7579;75 a 79 anos                  ;3;ENSINO FUNDAMENTAL INCOMPLETO;-3;#NE;-3;#NE;-3;#NE;-3;#NE;Facultativo;2;0;0;0
13/04/2021;19:37:12;2012;ES;56057;ALFREDO CHAVES;12;12;1058;;2;MASCULINO;3;CASADO;9094;90 a 94 anos                  ;2;LÊ E ESCREVE;-3;#NE;-3;#NE;-3;#NE;-3;#NE;Facultativo;1;0;0;0
13/04/2021;19:37:12;2012;ES;56057;ALFREDO CHAVES;12;12;1058;;2;MASCULINO;3;CASADO;9599;95 a 99 anos                  ;1;ANALFABETO;-3;#NE;-3;#NE;-3;#NE;-3;#NE;Facultativo;1;0;0;0
13/04/2021;19:37:12;2012;ES;56057;ALFREDO CHAVES;12;12;1058;;2;MASCULINO;5;VIÚVO;6569;65 a 69 anos                  ;3;ENSINO FUNDAMENTAL INCOMPLETO;-3;#NE;-3;#NE;-3;#NE;-3;#NE;Obrigatório;1;0;0;0
13/04/2021;19:37:12;2012;ES;56057;ALFREDO CHAVES;12;12;1058;;2;MASCULINO;5;VIÚVO;8084;80 a 84 anos                  ;3;ENSINO FUNDAMENTAL INCOMPLETO;-3;#NE;-3;#NE;-3;#NE;-3;#NE;Facultativo;1;0;0;0
13/04/2021;19:37:12;2012;ES;56057;ALFREDO CHAVES;12;12;1058;;4;FEMININO;1;SOLTEIRO;1600;16 anos                       ;5;ENSINO MÉDIO INCOMPLETO;-3;#NE;-3;#NE;-3;#NE;-3;#NE;Facultativo;1;0;0;0
13/04/2021;19:37:12;2012;ES;56057;ALFREDO CHAVES;12;12;1058;;4;FEMININO;1;SOLTEIRO;1700;17 anos                       ;5;ENSINO MÉDIO INCOMPLETO;-3;#NE;-3;#NE;-3;#NE;-3;#NE;Facultativo;2;0;0;0
13/04/2021;19:37:12;2012;ES;56057;ALFREDO CHAVES;12;12;1058;;4;FEMININO;1;SOLTEIRO;1800;18 anos                       ;5;ENSINO MÉDIO INCOMPLETO;-3;#NE;-3;#NE;-3;#NE;-3;#NE;Obrigatório;2;0;0;0
13/04/2021;19:37:12;2012;ES;56057;ALFREDO CHAVES;12;12;1058;;4;FEMININO;1;SOLTEIRO;1900;19 anos                       ;5;ENSINO MÉDIO INCOMPLETO;-3;#NE;-3;#NE;-3;#NE;-3;#NE;Obrigatório;5;0;0;0
13/04/2021;19:37:12;2012;ES;56057;ALFREDO CHAVES;12;12;1058;;4;FEMININO;1;SOLTEIRO;1900;19 anos                       ;6;ENSINO MÉDIO COMPLETO;-3;#NE;-3;#NE;-3;#NE;-3;#NE;Obrigatório;1;0;0;0
13/04/2021;19:37:12;2012;ES;56057;ALFREDO CHAVES;12;12;1058;;4;FEMININO;1;SOLTEIRO;2000;20 anos                       ;6;ENSINO MÉDIO COMPLETO;-3;#NE;-3;#NE;-3;#NE;-3;#NE;Obrigatório;1;0;0;0
13/04/2021;19:37:12;2012;ES;56057;ALFREDO CHAVES;12;12;1058;;4;FEMININO;1;SOLTEIRO;2124;21 a 24 anos                  ;3;ENSINO FUNDAMENTAL INCOMPLETO;-3;#NE;-3;#NE;-3;#NE;-3;#NE;Obrigatório;1;0;0;0
13/04/2021;19:37:12;2012;ES;56057;ALFREDO CHAVES;12;12;1058;;4;FEMININO;1;SOLTEIRO;2124;21 a 24 anos                  ;4;ENSINO FUNDAMENTAL COMPLETO;-3;#NE;-3;#NE;-3;#NE;-3;#NE;Obrigatório;1;0;0;0
13/04/2021;19:37:12;2012;ES;56057;ALFREDO CHAVES;12;12;1058;;4;FEMININO;1;SOLTEIRO;2124;21 a 24 anos                  ;5;ENSINO MÉDIO INCOMPLETO;-3;#NE;-3;#NE;-3;#NE;-3;#NE;Obrigatório;11;0;0;0
13/04/2021;19:37:12;2012;ES;56057;ALFREDO CHAVES;12;12;1058;;4;FEMININO;1;SOLTEIRO;2124;21 a 24 anos                  ;6;ENSINO MÉDIO COMPLETO;-3;#NE;-3;#NE;-3;#NE;-3;#NE;Obrigatório;4;0;0;0
13/04/2021;19:37:12;2012;ES;56057;ALFREDO CHAVES;12;12;1058;;4;FEMININO;1;SOLTEIRO;2529;25 a 29 anos                  ;3;ENSINO FUNDAMENTAL INCOMPLETO;-3;#NE;-3;#NE;-3;#NE;-3;#NE;Obrigatório;4;0;0;0
13/04/2021;19:37:12;2012;ES;56057;ALFREDO CHAVES;12;12;1058;;4;FEMININO;1;SOLTEIRO;2529;25 a 29 anos                  ;5;ENSINO MÉDIO INCOMPLETO;-3;#NE;-3;#NE;-3;#NE;-3;#NE;Obrigatório;9;0;0;0
13/04/2021;19:37:12;2012;ES;56057;ALFREDO CHAVES;12;12;1058;;4;FEMININO;1;SOLTEIRO;2529;25 a 29 anos                  ;6;ENSINO MÉDIO COMPLETO;-3;#NE;-3;#NE;-3;#NE;-3;#NE;Obrigatório;2;0;0;0
13/04/2021;19:37:12;2012;ES;56057;ALFREDO CHAVES;12;12;1058;;4;FEMININO;1;SOLTEIRO;2529;25 a 29 anos                  ;7;SUPERIOR INCOMPLETO;-3;#NE;-3;#NE;-3;#NE;-3;#NE;Obrigatório;1;0;0;0
13/04/2021;19:37:12;2012;ES;56057;ALFREDO CHAVES;12;12;1058;;4;FEMININO;1;SOLTEIRO;2529;25 a 29 anos                  ;8;SUPERIOR COMPLETO;-3;#NE;-3;#NE;-3;#NE;-3;#NE;Obrigatório;1;0;0;0
13/04/2021;19:37:12;2012;ES;56057;ALFREDO CHAVES;12;12;1058;;4;FEMININO;1;SOLTEIRO;3539;35 a 39 anos                  ;3;ENSINO FUNDAMENTAL INCOMPLETO;-3;#NE;-3;#NE;-3;#NE;-3;#NE;Obrigatório;3;0;0;0
13/04/2021;19:37:12;2012;ES;56057;ALFREDO CHAVES;12;12;1058;;4;FEMININO;1;SOLTEIRO;3539;35 a 39 anos                  ;4;ENSINO FUNDAMENTAL COMPLETO;-3;#NE;-3;#NE;-3;#NE;-3;#NE;Obrigatório;1;0;0;0
13/04/2021;19:37:12;2012;ES;56057;ALFREDO CHAVES;12;12;1058;;4;FEMININO;1;SOLTEIRO;3539;35 a 39 anos                  ;5;ENSINO MÉDIO INCOMPLETO;-3;#NE;-3;#NE;-3;#NE;-3;#NE;Obrigatório;4;0;0;0
13/04/2021;19:37:12;2012;ES;56057;ALFREDO CHAVES;12;12;1058;;4;FEMININO;1;SOLTEIRO;3539;35 a 39 anos                  ;6;ENSINO MÉDIO COMPLETO;-3;#NE;-3;#NE;-3;#NE;-3;#NE;Obrigatório;1;0;0;0
13/04/2021;19:37:12;2012;ES;56057;ALFREDO CHAVES;12;12;1058;;4;FEMININO;1;SOLTEIRO;3539;35 a 39 anos                  ;7;SUPERIOR INCOMPLETO;-3;#NE;-3;#NE;-3;#NE;-3;#NE;Obrigatório;1;0;0;0
13/04/2021;19:37:12;2012;ES;56057;ALFREDO CHAVES;12;12;1058;;4;FEMININO;1;SOLTEIRO;4044;40 a 44 anos                  ;3;ENSINO FUNDAMENTAL INCOMPLETO;-3;#NE;-3;#NE;-3;#NE;-3;#NE;Obrigatório;6;0;0;0
13/04/2021;19:37:12;2012;ES;56057;ALFREDO CHAVES;12;12;1058;;4;FEMININO;1;SOLTEIRO;4044;40 a 44 anos                  ;4;ENSINO FUNDAMENTAL COMPLETO;-3;#NE;-3;#NE;-3;#NE;-3;#NE;Obrigatório;1;0;0;0
13/04/2021;19:37:12;2012;ES;56057;ALFREDO CHAVES;12;12;1058;;4;FEMININO;1;SOLTEIRO;4044;40 a 44 anos                  ;5;ENSINO MÉDIO INCOMPLETO;-3;#NE;-3;#NE;-3;#NE;-3;#NE;Obrigatório;6;0;0;0
13/04/2021;19:37:12;2012;ES;56057;ALFREDO CHAVES;12;12;1058;;4;FEMININO;1;SOLTEIRO;4044;40 a 44 anos                  ;6;ENSINO MÉDIO COMPLETO;-3;#NE;-3;#NE;-3;#NE;-3;#NE;Obrigatório;5;0;0;0
13/04/2021;19:37:12;2012;ES;56057;ALFREDO CHAVES;12;12;1058;;4;FEMININO;1;SOLTEIRO;4549;45 a 49 anos                  ;2;LÊ E ESCREVE;-3;#NE;-3;#NE;-3;#NE;-3;#NE;Obrigatório;1;0;0;0
13/04/2021;19:37:12;2012;ES;56057;ALFREDO CHAVES;12;14;1066;;2;MASCULINO;3;CASADO;4549;45 a 49 anos                  ;4;ENSINO FUNDAMENTAL COMPLETO;-3;#NE;-3;#NE;-3;#NE;-3;#NE;Obrigatório;1;0;0;0
13/04/2021;19:37:12;2012;ES;56057;ALFREDO CHAVES;12;14;1066;;2;MASCULINO;3;CASADO;5054;50 a 54 anos                  ;1;ANALFABETO;-3;#NE;-3;#NE;-3;#NE;-3;#NE;Facultativo;1;0;0;0
13/04/2021;19:37:12;2012;ES;56057;ALFREDO CHAVES;12;14;1066;;2;MASCULINO;3;CASADO;5054;50 a 54 anos                  ;3;ENSINO FUNDAMENTAL INCOMPLETO;-3;#NE;-3;#NE;-3;#NE;-3;#NE;Obrigatório;8;0;0;0
13/04/2021;19:37:12;2012;ES;56057;ALFREDO CHAVES;12;14;1066;;2;MASCULINO;3;CASADO;5559;55 a 59 anos                  ;3;ENSINO FUNDAMENTAL INCOMPLETO;-3;#NE;-3;#NE;-3;#NE;-3;#NE;Obrigatório;5;0;0;0
13/04/2021;19:37:12;2012;ES;56057;ALFREDO CHAVES;12;14;1066;;2;MASCULINO;3;CASADO;5559;55 a 59 anos                  ;6;ENSINO MÉDIO COMPLETO;-3;#NE;-3;#NE;-3;#NE;-3;#NE;Obrigatório;2;0;0;0
13/04/2021;19:37:12;2012;ES;56057;ALFREDO CHAVES;12;14;1066;;2;MASCULINO;3;CASADO;5559;55 a 59 anos                  ;8;SUPERIOR COMPLETO;-3;#NE;-3;#NE;-3;#NE;-3;#NE;Obrigatório;1;0;0;0
13/04/2021;19:37:12;2012;ES;56057;ALFREDO CHAVES;12;14;1066;;2;MASCULINO;3;CASADO;6064;60 a 64 anos                  ;2;LÊ E ESCREVE;-3;#NE;-3;#NE;-3;#NE;-3;#NE;Obrigatório;1;0;0;0
13/04/2021;19:37:12;2012;ES;56057;ALFREDO CHAVES;12;14;1066;;2;MASCULINO;3;CASADO;6064;60 a 64 anos                  ;3;ENSINO FUNDAMENTAL INCOMPLETO;-3;#NE;-3;#NE;-3;#NE;-3;#NE;Obrigatório;4;0;0;0
13/04/2021;19:37:12;2012;ES;56057;ALFREDO CHAVES;12;14;1066;;2;MASCULINO;3;CASADO;6064;60 a 64 anos                  ;4;ENSINO FUNDAMENTAL COMPLETO;-3;#NE;-3;#NE;-3;#NE;-3;#NE;Obrigatório;2;0;0;0
13/04/2021;19:37:12;2012;ES;56057;ALFREDO CHAVES;12;14;1066;;2;MASCULINO;3;CASADO;6569;65 a 69 anos                  ;2;LÊ E ESCREVE;-3;#NE;-3;#NE;-3;#NE;-3;#NE;Obrigatório;2;0;0;0
13/04/2021;19:37:12;2012;ES;56057;ALFREDO CHAVES;12;14;1066;;2;MASCULINO;3;CASADO;6569;65 a 69 anos                  ;3;ENSINO FUNDAMENTAL INCOMPLETO;-3;#NE;-3;#NE;-3;#NE;-3;#NE;Obrigatório;3;0;0;0
13/04/2021;19:37:12;2012;ES;56057;ALFREDO CHAVES;12;14;1066;;2;MASCULINO;3;CASADO;7074;70 a 74 anos                  ;2;LÊ E ESCREVE;-3;#NE;-3;#NE;-3;#NE;-3;#NE;Facultativo;1;0;0;0
13/04/2021;19:37:12;2012;ES;56057;ALFREDO CHAVES;12;14;1066;;2;MASCULINO;3;CASADO;7074;70 a 74 anos                  ;3;ENSINO FUNDAMENTAL INCOMPLETO;-3;#NE;-3;#NE;-3;#NE;-3;#NE;Facultativo;3;0;0;0
13/04/2021;19:37:12;2012;ES;56057;ALFREDO CHAVES;12;14;1066;;2;MASCULINO;3;CASADO;7579;75 a 79 anos                  ;2;LÊ E ESCREVE;-3;#NE;-3;#NE;-3;#NE;-3;#NE;Facultativo;2;0;0;0
13/04/2021;19:37:12;2012;ES;56057;ALFREDO CHAVES;12;14;1066;;2;MASCULINO;3;CASADO;7579;75 a 79 anos                  ;3;ENSINO FUNDAMENTAL INCOMPLETO;-3;#NE;-3;#NE;-3;#NE;-3;#NE;Facultativo;2;0;0;0
13/04/2021;19:37:12;2012;ES;56057;ALFREDO CHAVES;12;14;1066;;2;MASCULINO;3;CASADO;8084;80 a 84 anos                  ;2;LÊ E ESCREVE;-3;#NE;-3;#NE;-3;#NE;-3;#NE;Facultativo;3;0;0;0
13/04/2021;19:37:12;2012;ES;56057;ALFREDO CHAVES;12;14;1066;;2;MASCULINO;3;CASADO;8084;80 a 84 anos                  ;3;ENSINO FUNDAMENTAL INCOMPLETO;-3;#NE;-3;#NE;-3;#NE;-3;#NE;Facultativo;3;0;0;0
13/04/2021;19:37:12;2012;ES;56057;ALFREDO CHAVES;12;14;1066;;2;MASCULINO;3;CASADO;8589;85 a 89 anos                  ;2;LÊ E ESCREVE;-3;#NE;-3;#NE;-3;#NE;-3;#NE;Facultativo;3;0;0;0
13/04/2021;19:37:12;2012;ES;56057;ALFREDO CHAVES;12;14;1066;;2;MASCULINO;3;CASADO;8589;85 a 89 anos                  ;3;ENSINO FUNDAMENTAL INCOMPLETO;-3;#NE;-3;#NE;-3;#NE;-3;#NE;Facultativo;1;0;0;0
13/04/2021;19:37:12;2012;ES;56057;ALFREDO CHAVES;12;14;1066;;2;MASCULINO;3;CASADO;9094;90 a 94 anos                  ;3;ENSINO FUNDAMENTAL INCOMPLETO;-3;#NE;-3;#NE;-3;#NE;-3;#NE;Facultativo;1;0;0;0
13/04/2021;19:37:12;2012;ES;56057;ALFREDO CHAVES;12;14;1066;;4;FEMININO;1;SOLTEIRO;1600;16 anos                       ;5;ENSINO MÉDIO INCOMPLETO;-3;#NE;-3;#NE;-3;#NE;-3;#NE;Facultativo;1;0;0;0
13/04/2021;19:37:12;2012;ES;56057;ALFREDO CHAVES;12;14;1066;;4;FEMININO;1;SOLTEIRO;1800;18 anos                       ;5;ENSINO MÉDIO INCOMPLETO;-3;#NE;-3;#NE;-3;#NE;-3;#NE;Obrigatório;2;0;0;0
13/04/2021;19:37:12;2012;ES;56057;ALFREDO CHAVES;12;14;1066;;4;FEMININO;1;SOLTEIRO;1800;18 anos                       ;6;ENSINO MÉDIO COMPLETO;-3;#NE;-3;#NE;-3;#NE;-3;#NE;Obrigatório;2;0;0;0
13/04/2021;19:37:12;2012;ES;56057;ALFREDO CHAVES;12;14;1066;;4;FEMININO;1;SOLTEIRO;1900;19 anos                       ;5;ENSINO MÉDIO INCOMPLETO;-3;#NE;-3;#NE;-3;#NE;-3;#NE;Obrigatório;1;0;0;0
13/04/2021;19:37:12;2012;ES;56057;ALFREDO CHAVES;12;14;1066;;4;FEMININO;1;SOLTEIRO;2124;21 a 24 anos                  ;5;ENSINO MÉDIO INCOMPLETO;-3;#NE;-3;#NE;-3;#NE;-3;#NE;Obrigatório;4;0;0;0
13/04/2021;19:37:12;2012;ES;56057;ALFREDO CHAVES;12;14;1066;;4;FEMININO;1;SOLTEIRO;2124;21 a 24 anos                  ;6;ENSINO MÉDIO COMPLETO;-3;#NE;-3;#NE;-3;#NE;-3;#NE;Obrigatório;2;0;0;0
13/04/2021;19:37:12;2012;ES;56057;ALFREDO CHAVES;12;14;1066;;4;FEMININO;1;SOLTEIRO;2529;25 a 29 anos                  ;5;ENSINO MÉDIO INCOMPLETO;-3;#NE;-3;#NE;-3;#NE;-3;#NE;Obrigatório;4;0;0;0
13/04/2021;19:37:12;2012;ES;56057;ALFREDO CHAVES;12;14;1066;;4;FEMININO;1;SOLTEIRO;2529;25 a 29 anos                  ;6;ENSINO MÉDIO COMPLETO;-3;#NE;-3;#NE;-3;#NE;-3;#NE;Obrigatório;1;0;0;0
13/04/2021;19:37:12;2012;ES;56057;ALFREDO CHAVES;12;14;1066;;4;FEMININO;1;SOLTEIRO;2529;25 a 29 anos                  ;7;SUPERIOR INCOMPLETO;-3;#NE;-3;#NE;-3;#NE;-3;#NE;Obrigatório;1;0;0;0
13/04/2021;19:37:12;2012;ES;56057;ALFREDO CHAVES;12;14;1066;;4;FEMININO;1;SOLTEIRO;3034;30 a 34 anos                  ;4;ENSINO FUNDAMENTAL COMPLETO;-3;#NE;-3;#NE;-3;#NE;-3;#NE;Obrigatório;1;0;0;0
13/04/2021;19:37:12;2012;ES;56057;ALFREDO CHAVES;12;14;1066;;4;FEMININO;1;SOLTEIRO;3034;30 a 34 anos                  ;5;ENSINO MÉDIO INCOMPLETO;-3;#NE;-3;#NE;-3;#NE;-3;#NE;Obrigatório;1;0;0;0
13/04/2021;19:37:12;2012;ES;56057;ALFREDO CHAVES;12;14;1066;;4;FEMININO;1;SOLTEIRO;3034;30 a 34 anos                  ;7;SUPERIOR INCOMPLETO;-3;#NE;-3;#NE;-3;#NE;-3;#NE;Obrigatório;1;0;0;0
13/04/2021;19:37:12;2012;ES;56057;ALFREDO CHAVES;12;14;1066;;4;FEMININO;1;SOLTEIRO;3539;35 a 39 anos                  ;3;ENSINO FUNDAMENTAL INCOMPLETO;-3;#NE;-3;#NE;-3;#NE;-3;#NE;Obrigatório;2;0;0;0
13/04/2021;19:37:12;2012;ES;56057;ALFREDO CHAVES;12;14;1066;;4;FEMININO;1;SOLTEIRO;3539;35 a 39 anos                  ;5;ENSINO MÉDIO INCOMPLETO;-3;#NE;-3;#NE;-3;#NE;-3;#NE;Obrigatório;1;0;0;0
13/04/2021;19:37:12;2012;ES;56057;ALFREDO CHAVES;12;14;1066;;4;FEMININO;1;SOLTEIRO;3539;35 a 39 anos                  ;6;ENSINO MÉDIO COMPLETO;-3;#NE;-3;#NE;-3;#NE;-3;#NE;Obrigatório;1;0;0;0
13/04/2021;19:37:12;2012;ES;56057;ALFREDO CHAVES;12;14;1066;;4;FEMININO;1;SOLTEIRO;4044;40 a 44 anos                  ;3;ENSINO FUNDAMENTAL INCOMPLETO;-3;#NE;-3;#NE;-3;#NE;-3;#NE;Obrigatório;1;0;0;0
13/04/2021;19:37:12;2012;ES;56057;ALFREDO CHAVES;12;14;1066;;4;FEMININO;1;SOLTEIRO;5559;55 a 59 anos                  ;3;ENSINO FUNDAMENTAL INCOMPLETO;-3;#NE;-3;#NE;-3;#NE;-3;#NE;Obrigatório;2;0;0;0
13/04/2021;19:37:12;2012;ES;56057;ALFREDO CHAVES;12;14;1066;;4;FEMININO;1;SOLTEIRO;6064;60 a 64 anos                  ;4;ENSINO FUNDAMENTAL COMPLETO;-3;#NE;-3;#NE;-3;#NE;-3;#NE;Obrigatório;1;0;0;0
13/04/2021;19:37:12;2012;ES;56057;ALFREDO CHAVES;12;14;1066;;4;FEMININO;1;SOLTEIRO;8589;85 a 89 anos                  ;3;ENSINO FUNDAMENTAL INCOMPLETO;-3;#NE;-3;#NE;-3;#NE;-3;#NE;Facultativo;1;0;0;0
13/04/2021;19:37:12;2012;ES;56057;ALFREDO CHAVES;12;14;1066;;4;FEMININO;3;CASADO;2529;25 a 29 anos                  ;4;ENSINO FUNDAMENTAL COMPLETO;-3;#NE;-3;#NE;-3;#NE;-3;#NE;Obrigatório;1;0;0;0
13/04/2021;19:37:12;2012;ES;56057;ALFREDO CHAVES;12;16;1082;;4;FEMININO;3;CASADO;7074;70 a 74 anos                  ;3;ENSINO FUNDAMENTAL INCOMPLETO;-3;#NE;-3;#NE;-3;#NE;-3;#NE;Facultativo;1;0;0;0
13/04/2021;19:37:12;2012;ES;56057;ALFREDO CHAVES;12;16;1082;;4;FEMININO;3;CASADO;7579;75 a 79 anos                  ;3;ENSINO FUNDAMENTAL INCOMPLETO;-3;#NE;-3;#NE;-3;#NE;-3;#NE;Facultativo;4;0;0;0
13/04/2021;19:37:12;2012;ES;56057;ALFREDO CHAVES;12;16;1082;;4;FEMININO;3;CASADO;8084;80 a 84 anos                  ;2;LÊ E ESCREVE;-3;#NE;-3;#NE;-3;#NE;-3;#NE;Facultativo;3;0;0;0
13/04/2021;19:37:12;2012;ES;56057;ALFREDO CHAVES;12;16;1082;;4;FEMININO;3;CASADO;8084;80 a 84 anos                  ;3;ENSINO FUNDAMENTAL INCOMPLETO;-3;#NE;-3;#NE;-3;#NE;-3;#NE;Facultativo;3;0;0;0
13/04/2021;19:37:12;2012;ES;56057;ALFREDO CHAVES;12;16;1082;;4;FEMININO;9;DIVORCIADO;5559;55 a 59 anos                  ;2;LÊ E ESCREVE;-3;#NE;-3;#NE;-3;#NE;-3;#NE;Obrigatório;1;0;0;0
13/04/2021;19:37:12;2012;ES;56057;ALFREDO CHAVES;12;17;1090;;0;NÃO INFORMADO;3;CASADO;6569;65 a 69 anos                  ;3;ENSINO FUNDAMENTAL INCOMPLETO;-3;#NE;-3;#NE;-3;#NE;-3;#NE;Obrigatório;1;0;0;0
13/04/2021;19:37:12;2012;ES;56057;ALFREDO CHAVES;12;17;1090;;2;MASCULINO;1;SOLTEIRO;1600;16 anos                       ;5;ENSINO MÉDIO INCOMPLETO;-3;#NE;-3;#NE;-3;#NE;-3;#NE;Facultativo;1;0;0;0
13/04/2021;19:37:12;2012;ES;56057;ALFREDO CHAVES;12;17;1090;;2;MASCULINO;1;SOLTEIRO;1800;18 anos                       ;3;ENSINO FUNDAMENTAL INCOMPLETO;-3;#NE;-3;#NE;-3;#NE;-3;#NE;Obrigatório;1;0;0;0
13/04/2021;19:37:12;2012;ES;56057;ALFREDO CHAVES;12;17;1090;;2;MASCULINO;1;SOLTEIRO;1800;18 anos                       ;5;ENSINO MÉDIO INCOMPLETO;-3;#NE;-3;#NE;-3;#NE;-3;#NE;Obrigatório;2;0;0;0
13/04/2021;19:37:12;2012;ES;56057;ALFREDO CHAVES;12;17;1090;;2;MASCULINO;1;SOLTEIRO;1900;19 anos                       ;5;ENSINO MÉDIO INCOMPLETO;-3;#NE;-3;#NE;-3;#NE;-3;#NE;Obrigatório;1;0;0;0
13/04/2021;19:37:12;2012;ES;56057;ALFREDO CHAVES;12;17;1090;;2;MASCULINO;1;SOLTEIRO;2124;21 a 24 anos                  ;3;ENSINO FUNDAMENTAL INCOMPLETO;-3;#NE;-3;#NE;-3;#NE;-3;#NE;Obrigatório;3;0;0;0
13/04/2021;19:37:12;2012;ES;56057;ALFREDO CHAVES;12;17;1090;;2;MASCULINO;1;SOLTEIRO;2124;21 a 24 anos                  ;5;ENSINO MÉDIO INCOMPLETO;-3;#NE;-3;#NE;-3;#NE;-3;#NE;Obrigatório;8;0;0;0
13/04/2021;19:37:12;2012;ES;56057;ALFREDO CHAVES;12;17;1090;;2;MASCULINO;1;SOLTEIRO;2529;25 a 29 anos                  ;3;ENSINO FUNDAMENTAL INCOMPLETO;-3;#NE;-3;#NE;-3;#NE;-3;#NE;Obrigatório;4;0;0;0
13/04/2021;19:37:12;2012;ES;56057;ALFREDO CHAVES;12;17;1090;;2;MASCULINO;1;SOLTEIRO;2529;25 a 29 anos                  ;5;ENSINO MÉDIO INCOMPLETO;-3;#NE;-3;#NE;-3;#NE;-3;#NE;Obrigatório;3;0;0;0
13/04/2021;19:37:12;2012;ES;56057;ALFREDO CHAVES;12;17;1090;;2;MASCULINO;1;SOLTEIRO;2529;25 a 29 anos                  ;6;ENSINO MÉDIO COMPLETO;-3;#NE;-3;#NE;-3;#NE;-3;#NE;Obrigatório;3;0;0;0
13/04/2021;19:37:12;2012;ES;56057;ALFREDO CHAVES;12;17;1090;;2;MASCULINO;1;SOLTEIRO;3034;30 a 34 anos                  ;3;ENSINO FUNDAMENTAL INCOMPLETO;-3;#NE;-3;#NE;-3;#NE;-3;#NE;Obrigatório;1;0;0;0
13/04/2021;19:37:12;2012;ES;56057;ALFREDO CHAVES;12;17;1090;;2;MASCULINO;1;SOLTEIRO;3539;35 a 39 anos                  ;3;ENSINO FUNDAMENTAL INCOMPLETO;-3;#NE;-3;#NE;-3;#NE;-3;#NE;Obrigatório;9;0;0;0
13/04/2021;19:37:12;2012;ES;56057;ALFREDO CHAVES;12;17;1090;;2;MASCULINO;1;SOLTEIRO;3539;35 a 39 anos                  ;5;ENSINO MÉDIO INCOMPLETO;-3;#NE;-3;#NE;-3;#NE;-3;#NE;Obrigatório;1;0;0;0
13/04/2021;19:37:12;2012;ES;56057;ALFREDO CHAVES;12;17;1090;;2;MASCULINO;1;SOLTEIRO;3539;35 a 39 anos                  ;6;ENSINO MÉDIO COMPLETO;-3;#NE;-3;#NE;-3;#NE;-3;#NE;Obrigatório;2;0;0;0
13/04/2021;19:37:12;2012;ES;56057;ALFREDO CHAVES;12;17;1090;;2;MASCULINO;1;SOLTEIRO;4044;40 a 44 anos                  ;4;ENSINO FUNDAMENTAL COMPLETO;-3;#NE;-3;#NE;-3;#NE;-3;#NE;Obrigatório;5;0;0;0
13/04/2021;19:37:12;2012;ES;56057;ALFREDO CHAVES;12;17;1090;;2;MASCULINO;1;SOLTEIRO;4549;45 a 49 anos                  ;1;ANALFABETO;-3;#NE;-3;#NE;-3;#NE;-3;#NE;Facultativo;1;0;0;0
13/04/2021;19:37:12;2012;ES;56057;ALFREDO CHAVES;12;17;1090;;2;MASCULINO;1;SOLTEIRO;4549;45 a 49 anos                  ;3;ENSINO FUNDAMENTAL INCOMPLETO;-3;#NE;-3;#NE;-3;#NE;-3;#NE;Obrigatório;8;0;0;0
13/04/2021;19:37:12;2012;ES;56057;ALFREDO CHAVES;12;17;1090;;2;MASCULINO;1;SOLTEIRO;5054;50 a 54 anos                  ;3;ENSINO FUNDAMENTAL INCOMPLETO;-3;#NE;-3;#NE;-3;#NE;-3;#NE;Obrigatório;6;0;0;0
13/04/2021;19:37:12;2012;ES;56057;ALFREDO CHAVES;12;17;1090;;2;MASCULINO;1;SOLTEIRO;5054;50 a 54 anos                  ;4;ENSINO FUNDAMENTAL COMPLETO;-3;#NE;-3;#NE;-3;#NE;-3;#NE;Obrigatório;3;0;0;0
13/04/2021;19:37:12;2012;ES;56057;ALFREDO CHAVES;12;17;1090;;2;MASCULINO;1;SOLTEIRO;5054;50 a 54 anos                  ;6;ENSINO MÉDIO COMPLETO;-3;#NE;-3;#NE;-3;#NE;-3;#NE;Obrigatório;1;0;0;0
13/04/2021;19:37:12;2012;ES;56057;ALFREDO CHAVES;12;17;1090;;2;MASCULINO;1;SOLTEIRO;5559;55 a 59 anos                  ;3;ENSINO FUNDAMENTAL INCOMPLETO;-3;#NE;-3;#NE;-3;#NE;-3;#NE;Obrigatório;1;0;0;0
13/04/2021;19:37:12;2012;ES;56057;ALFREDO CHAVES;12;17;1090;;2;MASCULINO;1;SOLTEIRO;5559;55 a 59 anos                  ;8;SUPERIOR COMPLETO;-3;#NE;-3;#NE;-3;#NE;-3;#NE;Obrigatório;1;0;0;0
13/04/2021;19:37:12;2012;ES;56057;ALFREDO CHAVES;12;17;1090;;2;MASCULINO;1;SOLTEIRO;6064;60 a 64 anos                  ;8;SUPERIOR COMPLETO;-3;#NE;-3;#NE;-3;#NE;-3;#NE;Obrigatório;1;0;0;0
13/04/2021;19:37:12;2012;ES;56057;ALFREDO CHAVES;12;18;1090;;4;FEMININO;7;SEPARADO JUDICIALMENTE;5054;50 a 54 anos                  ;3;ENSINO FUNDAMENTAL INCOMPLETO;-3;#NE;-3;#NE;-3;#NE;-3;#NE;Obrigatório;1;0;0;0
13/04/2021;19:37:12;2012;ES;56057;ALFREDO CHAVES;12;18;1090;;4;FEMININO;7;SEPARADO JUDICIALMENTE;5559;55 a 59 anos                  ;3;ENSINO FUNDAMENTAL INCOMPLETO;-3;#NE;-3;#NE;-3;#NE;-3;#NE;Obrigatório;1;0;0;0
13/04/2021;19:37:12;2012;ES;56057;ALFREDO CHAVES;12;18;1090;;4;FEMININO;9;DIVORCIADO;4044;40 a 44 anos                  ;7;SUPERIOR INCOMPLETO;-3;#NE;-3;#NE;-3;#NE;-3;#NE;Obrigatório;1;0;0;0
13/04/2021;19:37:12;2012;ES;56057;ALFREDO CHAVES;12;18;1090;;4;FEMININO;9;DIVORCIADO;4549;45 a 49 anos                  ;2;LÊ E ESCREVE;-3;#NE;-3;#NE;-3;#NE;-3;#NE;Obrigatório;1;0;0;0
13/04/2021;19:37:12;2012;ES;56057;ALFREDO CHAVES;12;18;1090;;4;FEMININO;9;DIVORCIADO;5559;55 a 59 anos                  ;3;ENSINO FUNDAMENTAL INCOMPLETO;-3;#NE;-3;#NE;-3;#NE;-3;#NE;Obrigatório;1;0;0;0
13/04/2021;19:37:12;2012;ES;56057;ALFREDO CHAVES;12;19;1104;;2;MASCULINO;1;SOLTEIRO;1700;17 anos                       ;3;ENSINO FUNDAMENTAL INCOMPLETO;-3;#NE;-3;#NE;-3;#NE;-3;#NE;Facultativo;1;0;0;0
13/04/2021;19:37:12;2012;ES;56057;ALFREDO CHAVES;12;19;1104;;2;MASCULINO;1;SOLTEIRO;1800;18 anos                       ;5;ENSINO MÉDIO INCOMPLETO;-3;#NE;-3;#NE;-3;#NE;-3;#NE;Obrigatório;1;0;0;0
13/04/2021;19:37:12;2012;ES;56057;ALFREDO CHAVES;12;19;1104;;2;MASCULINO;1;SOLTEIRO;1900;19 anos                       ;5;ENSINO MÉDIO INCOMPLETO;-3;#NE;-3;#NE;-3;#NE;-3;#NE;Obrigatório;1;0;0;0
13/04/2021;19:37:12;2012;ES;56057;ALFREDO CHAVES;12;19;1104;;2;MASCULINO;1;SOLTEIRO;2124;21 a 24 anos                  ;3;ENSINO FUNDAMENTAL INCOMPLETO;-3;#NE;-3;#NE;-3;#NE;-3;#NE;Obrigatório;2;0;0;0
13/04/2021;19:37:12;2012;ES;56057;ALFREDO CHAVES;12;19;1104;;2;MASCULINO;1;SOLTEIRO;2124;21 a 24 anos                  ;4;ENSINO FUNDAMENTAL COMPLETO;-3;#NE;-3;#NE;-3;#NE;-3;#NE;Obrigatório;2;0;0;0
13/04/2021;19:37:12;2012;ES;56057;ALFREDO CHAVES;12;19;1104;;2;MASCULINO;1;SOLTEIRO;2529;25 a 29 anos                  ;3;ENSINO FUNDAMENTAL INCOMPLETO;-3;#NE;-3;#NE;-3;#NE;-3;#NE;Obrigatório;1;0;0;0
13/04/2021;19:37:12;2012;ES;56057;ALFREDO CHAVES;12;19;1104;;2;MASCULINO;1;SOLTEIRO;2529;25 a 29 anos                  ;4;ENSINO FUNDAMENTAL COMPLETO;-3;#NE;-3;#NE;-3;#NE;-3;#NE;Obrigatório;3;0;0;0
13/04/2021;19:37:12;2012;ES;56057;ALFREDO CHAVES;12;19;1104;;2;MASCULINO;1;SOLTEIRO;2529;25 a 29 anos                  ;5;ENSINO MÉDIO INCOMPLETO;-3;#NE;-3;#NE;-3;#NE;-3;#NE;Obrigatório;4;0;0;0
13/04/2021;19:37:12;2012;ES;56057;ALFREDO CHAVES;12;25;1155;;4;FEMININO;1;SOLTEIRO;3034;30 a 34 anos                  ;5;ENSINO MÉDIO INCOMPLETO;-3;#NE;-3;#NE;-3;#NE;-3;#NE;Obrigatório;2;0;0;0
13/04/2021;19:37:12;2012;ES;56057;ALFREDO CHAVES;12;25;1155;;4;FEMININO;1;SOLTEIRO;3034;30 a 34 anos                  ;6;ENSINO MÉDIO COMPLETO;-3;#NE;-3;#NE;-3;#NE;-3;#NE;Obrigatório;1;0;0;0
13/04/2021;19:37:12;2012;ES;56057;ALFREDO CHAVES;12;25;1155;;4;FEMININO;1;SOLTEIRO;3539;35 a 39 anos                  ;4;ENSINO FUNDAMENTAL COMPLETO;-3;#NE;-3;#NE;-3;#NE;-3;#NE;Obrigatório;1;0;0;0
13/04/2021;19:37:12;2012;ES;56057;ALFREDO CHAVES;12;25;1155;;4;FEMININO;1;SOLTEIRO;4044;40 a 44 anos                  ;3;ENSINO FUNDAMENTAL INCOMPLETO;-3;#NE;-3;#NE;-3;#NE;-3;#NE;Obrigatório;5;0;0;0
13/04/2021;19:37:12;2012;ES;56057;ALFREDO CHAVES;12;25;1155;;4;FEMININO;1;SOLTEIRO;4044;40 a 44 anos                  ;6;ENSINO MÉDIO COMPLETO;-3;#NE;-3;#NE;-3;#NE;-3;#NE;Obrigatório;1;0;0;0
13/04/2021;19:37:12;2012;ES;56057;ALFREDO CHAVES;12;25;1155;;4;FEMININO;1;SOLTEIRO;4044;40 a 44 anos                  ;8;SUPERIOR COMPLETO;-3;#NE;-3;#NE;-3;#NE;-3;#NE;Obrigatório;1;0;0;0
13/04/2021;19:37:12;2012;ES;56057;ALFREDO CHAVES;12;25;1155;;4;FEMININO;1;SOLTEIRO;4549;45 a 49 anos                  ;3;ENSINO FUNDAMENTAL INCOMPLETO;-3;#NE;-3;#NE;-3;#NE;-3;#NE;Obrigatório;6;0;0;0
13/04/2021;19:37:12;2012;ES;56057;ALFREDO CHAVES;12;25;1155;;4;FEMININO;1;SOLTEIRO;5054;50 a 54 anos                  ;3;ENSINO FUNDAMENTAL INCOMPLETO;-3;#NE;-3;#NE;-3;#NE;-3;#NE;Obrigatório;1;0;0;0
13/04/2021;19:37:12;2012;ES;56057;ALFREDO CHAVES;12;25;1155;;4;FEMININO;1;SOLTEIRO;7074;70 a 74 anos                  ;3;ENSINO FUNDAMENTAL INCOMPLETO;-3;#NE;-3;#NE;-3;#NE;-3;#NE;Facultativo;1;0;0;0
13/04/2021;19:37:12;2012;ES;56057;ALFREDO CHAVES;12;25;1155;;4;FEMININO;3;CASADO;2529;25 a 29 anos                  ;3;ENSINO FUNDAMENTAL INCOMPLETO;-3;#NE;-3;#NE;-3;#NE;-3;#NE;Obrigatório;4;0;0;0
13/04/2021;19:37:12;2012;ES;56057;ALFREDO CHAVES;12;25;1155;;4;FEMININO;3;CASADO;2529;25 a 29 anos                  ;6;ENSINO MÉDIO COMPLETO;-3;#NE;-3;#NE;-3;#NE;-3;#NE;Obrigatório;1;0;0;0
13/04/2021;19:37:12;2012;ES;56057;ALFREDO CHAVES;12;25;1155;;4;FEMININO;3;CASADO;2529;25 a 29 anos                  ;8;SUPERIOR COMPLETO;-3;#NE;-3;#NE;-3;#NE;-3;#NE;Obrigatório;1;0;0;0
13/04/2021;19:37:12;2012;ES;56057;ALFREDO CHAVES;12;25;1155;;4;FEMININO;3;CASADO;3034;30 a 34 anos                  ;4;ENSINO FUNDAMENTAL COMPLETO;-3;#NE;-3;#NE;-3;#NE;-3;#NE;Obrigatório;1;0;0;0
13/04/2021;19:37:12;2012;ES;56057;ALFREDO CHAVES;12;25;1155;;4;FEMININO;3;CASADO;3034;30 a 34 anos                  ;5;ENSINO MÉDIO INCOMPLETO;-3;#NE;-3;#NE;-3;#NE;-3;#NE;Obrigatório;1;0;0;0
13/04/2021;19:37:12;2012;ES;56057;ALFREDO CHAVES;12;25;1155;;4;FEMININO;3;CASADO;3034;30 a 34 anos                  ;8;SUPERIOR COMPLETO;-3;#NE;-3;#NE;-3;#NE;-3;#NE;Obrigatório;1;0;0;0
13/04/2021;19:37:12;2012;ES;56057;ALFREDO CHAVES;12;25;1155;;4;FEMININO;3;CASADO;4044;40 a 44 anos                  ;3;ENSINO FUNDAMENTAL INCOMPLETO;-3;#NE;-3;#NE;-3;#NE;-3;#NE;Obrigatório;4;0;0;0
13/04/2021;19:37:12;2012;ES;56057;ALFREDO CHAVES;12;25;1155;;4;FEMININO;3;CASADO;4044;40 a 44 anos                  ;4;ENSINO FUNDAMENTAL COMPLETO;-3;#NE;-3;#NE;-3;#NE;-3;#NE;Obrigatório;1;0;0;0
13/04/2021;19:37:12;2012;ES;56057;ALFREDO CHAVES;12;25;1155;;4;FEMININO;3;CASADO;4549;45 a 49 anos                  ;3;ENSINO FUNDAMENTAL INCOMPLETO;-3;#NE;-3;#NE;-3;#NE;-3;#NE;Obrigatório;11;0;0;0
13/04/2021;19:37:12;2012;ES;56057;ALFREDO CHAVES;12;25;1155;;4;FEMININO;3;CASADO;5054;50 a 54 anos                  ;1;ANALFABETO;-3;#NE;-3;#NE;-3;#NE;-3;#NE;Facultativo;1;0;0;0
13/04/2021;19:37:12;2012;ES;56057;ALFREDO CHAVES;12;25;1155;;4;FEMININO;3;CASADO;5054;50 a 54 anos                  ;2;LÊ E ESCREVE;-3;#NE;-3;#NE;-3;#NE;-3;#NE;Obrigatório;1;0;0;0
13/04/2021;19:37:12;2012;ES;56057;ALFREDO CHAVES;12;25;1155;;4;FEMININO;3;CASADO;5054;50 a 54 anos                  ;3;ENSINO FUNDAMENTAL INCOMPLETO;-3;#NE;-3;#NE;-3;#NE;-3;#NE;Obrigatório;14;0;0;0
13/04/2021;19:37:12;2012;ES;56057;ALFREDO CHAVES;12;25;1155;;4;FEMININO;3;CASADO;5559;55 a 59 anos                  ;3;ENSINO FUNDAMENTAL INCOMPLETO;-3;#NE;-3;#NE;-3;#NE;-3;#NE;Obrigatório;7;0;0;0
13/04/2021;19:37:12;2012;ES;56057;ALFREDO CHAVES;12;25;1155;;4;FEMININO;3;CASADO;5559;55 a 59 anos                  ;8;SUPERIOR COMPLETO;-3;#NE;-3;#NE;-3;#NE;-3;#NE;Obrigatório;1;0;0;0
13/04/2021;19:37:12;2012;ES;56057;ALFREDO CHAVES;12;25;1155;;4;FEMININO;3;CASADO;6064;60 a 64 anos                  ;3;ENSINO FUNDAMENTAL INCOMPLETO;-3;#NE;-3;#NE;-3;#NE;-3;#NE;Obrigatório;6;0;0;0
13/04/2021;19:37:12;2012;ES;56057;ALFREDO CHAVES;12;25;1155;;4;FEMININO;3;CASADO;6569;65 a 69 anos                  ;2;LÊ E ESCREVE;-3;#NE;-3;#NE;-3;#NE;-3;#NE;Obrigatório;1;0;0;0
13/04/2021;19:37:12;2012;ES;56057;ALFREDO CHAVES;12;25;1155;;4;FEMININO;3;CASADO;6569;65 a 69 anos                  ;3;ENSINO FUNDAMENTAL INCOMPLETO;-3;#NE;-3;#NE;-3;#NE;-3;#NE;Obrigatório;3;0;0;0
13/04/2021;19:37:12;2012;ES;56057;ALFREDO CHAVES;12;25;1155;;4;FEMININO;3;CASADO;7074;70 a 74 anos                  ;1;ANALFABETO;-3;#NE;-3;#NE;-3;#NE;-3;#NE;Facultativo;1;0;0;0
13/04/2021;19:37:12;2012;ES;56057;ALFREDO CHAVES;12;25;1155;;4;FEMININO;3;CASADO;7074;70 a 74 anos                  ;2;LÊ E ESCREVE;-3;#NE;-3;#NE;-3;#NE;-3;#NE;Facultativo;1;0;0;0
13/04/2021;19:37:12;2012;ES;56057;ALFREDO CHAVES;12;25;1155;;4;FEMININO;3;CASADO;7074;70 a 74 anos                  ;3;ENSINO FUNDAMENTAL INCOMPLETO;-3;#NE;-3;#NE;-3;#NE;-3;#NE;Facultativo;2;0;0;0
13/04/2021;19:37:12;2012;ES;56057;ALFREDO CHAVES;12;25;1155;;4;FEMININO;3;CASADO;7074;70 a 74 anos                  ;4;ENSINO FUNDAMENTAL COMPLETO;-3;#NE;-3;#NE;-3;#NE;-3;#NE;Facultativo;1;0;0;0
13/04/2021;19:37:12;2012;ES;56057;ALFREDO CHAVES;12;25;1155;;4;FEMININO;3;CASADO;7579;75 a 79 anos                  ;1;ANALFABETO;-3;#NE;-3;#NE;-3;#NE;-3;#NE;Facultativo;1;0;0;0
13/04/2021;19:37:12;2012;ES;56057;ALFREDO CHAVES;12;25;1155;;4;FEMININO;3;CASADO;7579;75 a 79 anos                  ;6;ENSINO MÉDIO COMPLETO;-3;#NE;-3;#NE;-3;#NE;-3;#NE;Facultativo;1;0;0;0
13/04/2021;19:37:12;2012;ES;56057;ALFREDO CHAVES;12;25;1155;;4;FEMININO;3;CASADO;8084;80 a 84 anos                  ;2;LÊ E ESCREVE;-3;#NE;-3;#NE;-3;#NE;-3;#NE;Facultativo;3;0;0;0
13/04/2021;19:37:12;2012;ES;56057;ALFREDO CHAVES;12;25;1155;;4;FEMININO;3;CASADO;8589;85 a 89 anos                  ;1;ANALFABETO;-3;#NE;-3;#NE;-3;#NE;-3;#NE;Facultativo;1;0;0;0
13/04/2021;19:37:12;2012;ES;56057;ALFREDO CHAVES;12;25;1155;;4;FEMININO;3;CASADO;8589;85 a 89 anos                  ;3;ENSINO FUNDAMENTAL INCOMPLETO;-3;#NE;-3;#NE;-3;#NE;-3;#NE;Facultativo;1;0;0;0
13/04/2021;19:37:12;2012;ES;56057;ALFREDO CHAVES;12;25;1155;;4;FEMININO;3;CASADO;9599;95 a 99 anos                  ;3;ENSINO FUNDAMENTAL INCOMPLETO;-3;#NE;-3;#NE;-3;#NE;-3;#NE;Facultativo;1;0;0;0
13/04/2021;19:37:12;2012;ES;56057;ALFREDO CHAVES;12;25;1155;;4;FEMININO;5;VIÚVO;7074;70 a 74 anos                  ;3;ENSINO FUNDAMENTAL INCOMPLETO;-3;#NE;-3;#NE;-3;#NE;-3;#NE;Facultativo;1;0;0;0
13/04/2021;19:37:12;2012;ES;56057;ALFREDO CHAVES;12;25;1155;;4;FEMININO;5;VIÚVO;7579;75 a 79 anos                  ;2;LÊ E ESCREVE;-3;#NE;-3;#NE;-3;#NE;-3;#NE;Facultativo;1;0;0;0
13/04/2021;19:37:12;2012;ES;56057;ALFREDO CHAVES;12;26;1163;;0;NÃO INFORMADO;3;CASADO;8589;85 a 89 anos                  ;1;ANALFABETO;-3;#NE;-3;#NE;-3;#NE;-3;#NE;Facultativo;1;0;0;0
13/04/2021;19:37:12;2012;ES;56057;ALFREDO CHAVES;12;26;1163;;2;MASCULINO;1;SOLTEIRO;1700;17 anos                       ;5;ENSINO MÉDIO INCOMPLETO;-3;#NE;-3;#NE;-3;#NE;-3;#NE;Facultativo;1;0;0;0
13/04/2021;19:37:12;2012;ES;56057;ALFREDO CHAVES;12;26;1163;;2;MASCULINO;1;SOLTEIRO;1800;18 anos                       ;5;ENSINO MÉDIO INCOMPLETO;-3;#NE;-3;#NE;-3;#NE;-3;#NE;Obrigatório;2;0;0;0
13/04/2021;19:37:12;2012;ES;56057;ALFREDO CHAVES;12;26;1163;;2;MASCULINO;1;SOLTEIRO;1900;19 anos                       ;3;ENSINO FUNDAMENTAL INCOMPLETO;-3;#NE;-3;#NE;-3;#NE;-3;#NE;Obrigatório;1;0;0;0
13/04/2021;19:37:12;2012;ES;56057;ALFREDO CHAVES;12;26;1163;;2;MASCULINO;1;SOLTEIRO;2124;21 a 24 anos                  ;3;ENSINO FUNDAMENTAL INCOMPLETO;-3;#NE;-3;#NE;-3;#NE;-3;#NE;Obrigatório;3;0;0;0
13/04/2021;19:37:12;2012;ES;56057;ALFREDO CHAVES;12;26;1163;;2;MASCULINO;1;SOLTEIRO;2124;21 a 24 anos                  ;5;ENSINO MÉDIO INCOMPLETO;-3;#NE;-3;#NE;-3;#NE;-3;#NE;Obrigatório;1;0;0;0
13/04/2021;19:37:12;2012;ES;56057;ALFREDO CHAVES;12;27;1171;;4;FEMININO;3;CASADO;2529;25 a 29 anos                  ;5;ENSINO MÉDIO INCOMPLETO;-3;#NE;-3;#NE;-3;#NE;-3;#NE;Obrigatório;1;0;0;0
13/04/2021;19:37:12;2012;ES;56057;ALFREDO CHAVES;12;27;1171;;4;FEMININO;3;CASADO;2529;25 a 29 anos                  ;6;ENSINO MÉDIO COMPLETO;-3;#NE;-3;#NE;-3;#NE;-3;#NE;Obrigatório;1;0;0;0
13/04/2021;19:37:12;2012;ES;56057;ALFREDO CHAVES;12;27;1171;;4;FEMININO;3;CASADO;3034;30 a 34 anos                  ;3;ENSINO FUNDAMENTAL INCOMPLETO;-3;#NE;-3;#NE;-3;#NE;-3;#NE;Obrigatório;2;0;0;0
13/04/2021;19:37:12;2012;ES;56057;ALFREDO CHAVES;12;27;1171;;4;FEMININO;3;CASADO;3034;30 a 34 anos                  ;6;ENSINO MÉDIO COMPLETO;-3;#NE;-3;#NE;-3;#NE;-3;#NE;Obrigatório;1;0;0;0
13/04/2021;19:37:12;2012;ES;56057;ALFREDO CHAVES;12;27;1171;;4;FEMININO;3;CASADO;3034;30 a 34 anos                  ;8;SUPERIOR COMPLETO;-3;#NE;-3;#NE;-3;#NE;-3;#NE;Obrigatório;2;0;0;0
13/04/2021;19:37:12;2012;ES;56057;ALFREDO CHAVES;12;27;1171;;4;FEMININO;3;CASADO;3539;35 a 39 anos                  ;3;ENSINO FUNDAMENTAL INCOMPLETO;-3;#NE;-3;#NE;-3;#NE;-3;#NE;Obrigatório;1;0;0;0
13/04/2021;19:37:12;2012;ES;56057;ALFREDO CHAVES;12;27;1171;;4;FEMININO;3;CASADO;3539;35 a 39 anos                  ;6;ENSINO MÉDIO COMPLETO;-3;#NE;-3;#NE;-3;#NE;-3;#NE;Obrigatório;1;0;0;0
13/04/2021;19:37:12;2012;ES;56057;ALFREDO CHAVES;12;27;1171;;4;FEMININO;3;CASADO;4044;40 a 44 anos                  ;3;ENSINO FUNDAMENTAL INCOMPLETO;-3;#NE;-3;#NE;-3;#NE;-3;#NE;Obrigatório;2;0;0;0
13/04/2021;19:37:12;2012;ES;56057;ALFREDO CHAVES;12;27;1171;;4;FEMININO;3;CASADO;4044;40 a 44 anos                  ;6;ENSINO MÉDIO COMPLETO;-3;#NE;-3;#NE;-3;#NE;-3;#NE;Obrigatório;3;0;0;0
13/04/2021;19:37:12;2012;ES;56057;ALFREDO CHAVES;12;27;1171;;4;FEMININO;3;CASADO;4044;40 a 44 anos                  ;8;SUPERIOR COMPLETO;-3;#NE;-3;#NE;-3;#NE;-3;#NE;Obrigatório;1;0;0;0
13/04/2021;19:37:12;2012;ES;56057;ALFREDO CHAVES;12;27;1171;;4;FEMININO;3;CASADO;4549;45 a 49 anos                  ;2;LÊ E ESCREVE;-3;#NE;-3;#NE;-3;#NE;-3;#NE;Obrigatório;1;0;0;0
13/04/2021;19:37:12;2012;ES;56057;ALFREDO CHAVES;12;27;1171;;4;FEMININO;3;CASADO;4549;45 a 49 anos                  ;4;ENSINO FUNDAMENTAL COMPLETO;-3;#NE;-3;#NE;-3;#NE;-3;#NE;Obrigatório;3;0;0;0
13/04/2021;19:37:12;2012;ES;56057;ALFREDO CHAVES;12;27;1171;;4;FEMININO;3;CASADO;4549;45 a 49 anos                  ;5;ENSINO MÉDIO INCOMPLETO;-3;#NE;-3;#NE;-3;#NE;-3;#NE;Obrigatório;1;0;0;0
13/04/2021;19:37:12;2012;ES;56057;ALFREDO CHAVES;12;27;1171;;4;FEMININO;3;CASADO;4549;45 a 49 anos                  ;6;ENSINO MÉDIO COMPLETO;-3;#NE;-3;#NE;-3;#NE;-3;#NE;Obrigatório;5;0;0;0
13/04/2021;19:37:12;2012;ES;56057;ALFREDO CHAVES;12;27;1171;;4;FEMININO;3;CASADO;4549;45 a 49 anos                  ;7;SUPERIOR INCOMPLETO;-3;#NE;-3;#NE;-3;#NE;-3;#NE;Obrigatório;1;0;0;0
13/04/2021;19:37:12;2012;ES;56057;ALFREDO CHAVES;12;27;1171;;4;FEMININO;3;CASADO;4549;45 a 49 anos                  ;8;SUPERIOR COMPLETO;-3;#NE;-3;#NE;-3;#NE;-3;#NE;Obrigatório;2;0;0;0
13/04/2021;19:37:12;2012;ES;56057;ALFREDO CHAVES;12;27;1171;;4;FEMININO;3;CASADO;5054;50 a 54 anos                  ;2;LÊ E ESCREVE;-3;#NE;-3;#NE;-3;#NE;-3;#NE;Obrigatório;1;0;0;0
13/04/2021;19:37:12;2012;ES;56057;ALFREDO CHAVES;12;27;1171;;4;FEMININO;3;CASADO;5054;50 a 54 anos                  ;3;ENSINO FUNDAMENTAL INCOMPLETO;-3;#NE;-3;#NE;-3;#NE;-3;#NE;Obrigatório;2;0;0;0
13/04/2021;19:37:12;2012;ES;56057;ALFREDO CHAVES;12;27;1171;;4;FEMININO;3;CASADO;5054;50 a 54 anos                  ;5;ENSINO MÉDIO INCOMPLETO;-3;#NE;-3;#NE;-3;#NE;-3;#NE;Obrigatório;1;0;0;0
13/04/2021;19:37:12;2012;ES;56057;ALFREDO CHAVES;12;27;1171;;4;FEMININO;3;CASADO;5054;50 a 54 anos                  ;6;ENSINO MÉDIO COMPLETO;-3;#NE;-3;#NE;-3;#NE;-3;#NE;Obrigatório;5;0;0;0
13/04/2021;19:37:12;2012;ES;56057;ALFREDO CHAVES;12;27;1171;;4;FEMININO;3;CASADO;5559;55 a 59 anos                  ;2;LÊ E ESCREVE;-3;#NE;-3;#NE;-3;#NE;-3;#NE;Obrigatório;1;0;0;0
13/04/2021;19:37:12;2012;ES;56057;ALFREDO CHAVES;12;27;1171;;4;FEMININO;3;CASADO;5559;55 a 59 anos                  ;3;ENSINO FUNDAMENTAL INCOMPLETO;-3;#NE;-3;#NE;-3;#NE;-3;#NE;Obrigatório;4;0;0;0
13/04/2021;19:37:12;2012;ES;56057;ALFREDO CHAVES;12;27;1171;;4;FEMININO;3;CASADO;6064;60 a 64 anos                  ;3;ENSINO FUNDAMENTAL INCOMPLETO;-3;#NE;-3;#NE;-3;#NE;-3;#NE;Obrigatório;6;0;0;0
13/04/2021;19:37:12;2012;ES;56057;ALFREDO CHAVES;12;27;1171;;4;FEMININO;3;CASADO;6064;60 a 64 anos                  ;6;ENSINO MÉDIO COMPLETO;-3;#NE;-3;#NE;-3;#NE;-3;#NE;Obrigatório;1;0;0;0
13/04/2021;19:37:12;2012;ES;56057;ALFREDO CHAVES;12;27;1171;;4;FEMININO;3;CASADO;6569;65 a 69 anos                  ;1;ANALFABETO;-3;#NE;-3;#NE;-3;#NE;-3;#NE;Facultativo;1;0;0;0
13/04/2021;19:37:12;2012;ES;56057;ALFREDO CHAVES;12;27;1171;;4;FEMININO;3;CASADO;6569;65 a 69 anos                  ;3;ENSINO FUNDAMENTAL INCOMPLETO;-3;#NE;-3;#NE;-3;#NE;-3;#NE;Obrigatório;2;0;0;0
13/04/2021;19:37:12;2012;ES;56057;ALFREDO CHAVES;12;27;1171;;4;FEMININO;3;CASADO;6569;65 a 69 anos                  ;6;ENSINO MÉDIO COMPLETO;-3;#NE;-3;#NE;-3;#NE;-3;#NE;Obrigatório;1;0;0;0
13/04/2021;19:37:12;2012;ES;56057;ALFREDO CHAVES;12;27;1171;;4;FEMININO;3;CASADO;7074;70 a 74 anos                  ;1;ANALFABETO;-3;#NE;-3;#NE;-3;#NE;-3;#NE;Facultativo;2;0;0;0
13/04/2021;19:37:12;2012;ES;56057;ALFREDO CHAVES;12;27;1171;;4;FEMININO;3;CASADO;7074;70 a 74 anos                  ;2;LÊ E ESCREVE;-3;#NE;-3;#NE;-3;#NE;-3;#NE;Facultativo;2;0;0;0
13/04/2021;19:37:12;2012;ES;56057;ALFREDO CHAVES;12;27;1171;;4;FEMININO;3;CASADO;7074;70 a 74 anos                  ;3;ENSINO FUNDAMENTAL INCOMPLETO;-3;#NE;-3;#NE;-3;#NE;-3;#NE;Facultativo;3;0;0;0
13/04/2021;19:37:12;2012;ES;56057;ALFREDO CHAVES;12;27;1171;;4;FEMININO;3;CASADO;7579;75 a 79 anos                  ;2;LÊ E ESCREVE;-3;#NE;-3;#NE;-3;#NE;-3;#NE;Facultativo;1;0;0;0
13/04/2021;19:37:12;2012;ES;56057;ALFREDO CHAVES;12;27;1171;;4;FEMININO;3;CASADO;7579;75 a 79 anos                  ;3;ENSINO FUNDAMENTAL INCOMPLETO;-3;#NE;-3;#NE;-3;#NE;-3;#NE;Facultativo;1;0;0;0
13/04/2021;19:37:12;2012;ES;56057;ALFREDO CHAVES;12;27;1171;;4;FEMININO;3;CASADO;8084;80 a 84 anos                  ;1;ANALFABETO;-3;#NE;-3;#NE;-3;#NE;-3;#NE;Facultativo;1;0;0;0
13/04/2021;19:37:12;2012;ES;56057;ALFREDO CHAVES;12;27;1171;;4;FEMININO;3;CASADO;8084;80 a 84 anos                  ;4;ENSINO FUNDAMENTAL COMPLETO;-3;#NE;-3;#NE;-3;#NE;-3;#NE;Facultativo;1;0;0;0
13/04/2021;19:37:12;2012;ES;56057;ALFREDO CHAVES;12;27;1171;;4;FEMININO;3;CASADO;8589;85 a 89 anos                  ;3;ENSINO FUNDAMENTAL INCOMPLETO;-3;#NE;-3;#NE;-3;#NE;-3;#NE;Facultativo;3;0;0;0
13/04/2021;19:37:12;2012;ES;56057;ALFREDO CHAVES;12;27;1171;;4;FEMININO;5;VIÚVO;6569;65 a 69 anos                  ;6;ENSINO MÉDIO COMPLETO;-3;#NE;-3;#NE;-3;#NE;-3;#NE;Obrigatório;1;0;0;0
13/04/2021;19:37:12;2012;ES;56057;ALFREDO CHAVES;12;27;1171;;4;FEMININO;5;VIÚVO;7074;70 a 74 anos                  ;1;ANALFABETO;-3;#NE;-3;#NE;-3;#NE;-3;#NE;Facultativo;1;0;0;0
13/04/2021;19:37:12;2012;ES;56057;ALFREDO CHAVES;12;27;1171;;4;FEMININO;5;VIÚVO;8589;85 a 89 anos                  ;3;ENSINO FUNDAMENTAL INCOMPLETO;-3;#NE;-3;#NE;-3;#NE;-3;#NE;Facultativo;1;0;0;0
13/04/2021;19:37:12;2012;ES;56057;ALFREDO CHAVES;12;27;1171;;4;FEMININO;7;SEPARADO JUDICIALMENTE;4044;40 a 44 anos                  ;3;ENSINO FUNDAMENTAL INCOMPLETO;-3;#NE;-3;#NE;-3;#NE;-3;#NE;Obrigatório;1;0;0;0
13/04/2021;19:37:12;2012;ES;56057;ALFREDO CHAVES;12;27;1171;;4;FEMININO;7;SEPARADO JUDICIALMENTE;5054;50 a 54 anos                  ;6;ENSINO MÉDIO COMPLETO;-3;#NE;-3;#NE;-3;#NE;-3;#NE;Obrigatório;1;0;0;0
13/04/2021;19:37:12;2012;ES;56057;ALFREDO CHAVES;12;27;1171;;4;FEMININO;7;SEPARADO JUDICIALMENTE;5559;55 a 59 anos                  ;3;ENSINO FUNDAMENTAL INCOMPLETO;-3;#NE;-3;#NE;-3;#NE;-3;#NE;Obrigatório;1;0;0;0
13/04/2021;19:37:12;2012;ES;56057;ALFREDO CHAVES;12;27;1171;;4;FEMININO;7;SEPARADO JUDICIALMENTE;6064;60 a 64 anos                  ;8;SUPERIOR COMPLETO;-3;#NE;-3;#NE;-3;#NE;-3;#NE;Obrigatório;1;0;0;0
13/04/2021;19:37:12;2012;ES;56057;ALFREDO CHAVES;12;27;1171;;4;FEMININO;9;DIVORCIADO;3539;35 a 39 anos                  ;3;ENSINO FUNDAMENTAL INCOMPLETO;-3;#NE;-3;#NE;-3;#NE;-3;#NE;Obrigatório;1;0;0;0
13/04/2021;19:37:12;2012;ES;56057;ALFREDO CHAVES;12;27;1171;;4;FEMININO;9;DIVORCIADO;4044;40 a 44 anos                  ;6;ENSINO MÉDIO COMPLETO;-3;#NE;-3;#NE;-3;#NE;-3;#NE;Obrigatório;1;0;0;0
13/04/2021;19:37:12;2012;ES;56057;ALFREDO CHAVES;12;28;1074;;2;MASCULINO;1;SOLTEIRO;1700;17 anos                       ;5;ENSINO MÉDIO INCOMPLETO;-3;#NE;-3;#NE;-3;#NE;-3;#NE;Facultativo;3;0;0;0
13/04/2021;19:37:12;2012;ES;56057;ALFREDO CHAVES;12;28;1074;;2;MASCULINO;1;SOLTEIRO;1800;18 anos                       ;5;ENSINO MÉDIO INCOMPLETO;-3;#NE;-3;#NE;-3;#NE;-3;#NE;Obrigatório;2;0;0;0
13/04/2021;19:37:12;2012;ES;56057;ALFREDO CHAVES;12;28;1074;;2;MASCULINO;1;SOLTEIRO;1900;19 anos                       ;3;ENSINO FUNDAMENTAL INCOMPLETO;-3;#NE;-3;#NE;-3;#NE;-3;#NE;Obrigatório;1;0;0;0
13/04/2021;19:37:12;2012;ES;56057;ALFREDO CHAVES;12;28;1074;;2;MASCULINO;1;SOLTEIRO;1900;19 anos                       ;6;ENSINO MÉDIO COMPLETO;-3;#NE;-3;#NE;-3;#NE;-3;#NE;Obrigatório;2;0;0;0
13/04/2021;19:37:12;2012;ES;56057;ALFREDO CHAVES;12;28;1074;;2;MASCULINO;1;SOLTEIRO;2000;20 anos                       ;3;ENSINO FUNDAMENTAL INCOMPLETO;-3;#NE;-3;#NE;-3;#NE;-3;#NE;Obrigatório;1;0;0;0
13/04/2021;19:37:12;2012;ES;56057;ALFREDO CHAVES;12;28;1074;;2;MASCULINO;1;SOLTEIRO;2000;20 anos                       ;4;ENSINO FUNDAMENTAL COMPLETO;-3;#NE;-3;#NE;-3;#NE;-3;#NE;Obrigatório;1;0;0;0
13/04/2021;19:37:12;2012;ES;56057;ALFREDO CHAVES;12;28;1074;;2;MASCULINO;1;SOLTEIRO;2124;21 a 24 anos                  ;4;ENSINO FUNDAMENTAL COMPLETO;-3;#NE;-3;#NE;-3;#NE;-3;#NE;Obrigatório;2;0;0;0
13/04/2021;19:37:12;2012;ES;56057;ALFREDO CHAVES;12;28;1074;;2;MASCULINO;1;SOLTEIRO;2124;21 a 24 anos                  ;5;ENSINO MÉDIO INCOMPLETO;-3;#NE;-3;#NE;-3;#NE;-3;#NE;Obrigatório;6;0;0;0
13/04/2021;19:37:12;2012;ES;56057;ALFREDO CHAVES;12;28;1074;;2;MASCULINO;1;SOLTEIRO;2124;21 a 24 anos                  ;6;ENSINO MÉDIO COMPLETO;-3;#NE;-3;#NE;-3;#NE;-3;#NE;Obrigatório;2;0;0;0
13/04/2021;19:37:12;2012;ES;56057;ALFREDO CHAVES;12;28;1074;;2;MASCULINO;1;SOLTEIRO;2529;25 a 29 anos                  ;4;ENSINO FUNDAMENTAL COMPLETO;-3;#NE;-3;#NE;-3;#NE;-3;#NE;Obrigatório;2;0;0;0
13/04/2021;19:37:12;2012;ES;56057;ALFREDO CHAVES;12;28;1074;;2;MASCULINO;1;SOLTEIRO;2529;25 a 29 anos                  ;5;ENSINO MÉDIO INCOMPLETO;-3;#NE;-3;#NE;-3;#NE;-3;#NE;Obrigatório;6;0;0;0
13/04/2021;19:37:12;2012;ES;56057;ALFREDO CHAVES;12;28;1074;;2;MASCULINO;1;SOLTEIRO;2529;25 a 29 anos                  ;6;ENSINO MÉDIO COMPLETO;-3;#NE;-3;#NE;-3;#NE;-3;#NE;Obrigatório;2;0;0;0
13/04/2021;19:37:12;2012;ES;56057;ALFREDO CHAVES;12;30;1171;;2;MASCULINO;1;SOLTEIRO;5054;50 a 54 anos                  ;6;ENSINO MÉDIO COMPLETO;-3;#NE;-3;#NE;-3;#NE;-3;#NE;Obrigatório;1;0;0;0
13/04/2021;19:37:12;2012;ES;56057;ALFREDO CHAVES;12;30;1171;;2;MASCULINO;1;SOLTEIRO;6064;60 a 64 anos                  ;1;ANALFABETO;-3;#NE;-3;#NE;-3;#NE;-3;#NE;Facultativo;1;0;0;0
13/04/2021;19:37:12;2012;ES;56057;ALFREDO CHAVES;12;30;1171;;2;MASCULINO;1;SOLTEIRO;7074;70 a 74 anos                  ;1;ANALFABETO;-3;#NE;-3;#NE;-3;#NE;-3;#NE;Facultativo;1;0;0;0
13/04/2021;19:37:12;2012;ES;56057;ALFREDO CHAVES;12;30;1171;;2;MASCULINO;3;CASADO;3034;30 a 34 anos                  ;6;ENSINO MÉDIO COMPLETO;-3;#NE;-3;#NE;-3;#NE;-3;#NE;Obrigatório;1;0;0;0
13/04/2021;19:37:12;2012;ES;56057;ALFREDO CHAVES;12;30;1171;;2;MASCULINO;3;CASADO;3539;35 a 39 anos                  ;3;ENSINO FUNDAMENTAL INCOMPLETO;-3;#NE;-3;#NE;-3;#NE;-3;#NE;Obrigatório;3;0;0;0
13/04/2021;19:37:12;2012;ES;56057;ALFREDO CHAVES;12;30;1171;;2;MASCULINO;3;CASADO;3539;35 a 39 anos                  ;5;ENSINO MÉDIO INCOMPLETO;-3;#NE;-3;#NE;-3;#NE;-3;#NE;Obrigatório;1;0;0;0
13/04/2021;19:37:12;2012;ES;56057;ALFREDO CHAVES;12;30;1171;;2;MASCULINO;3;CASADO;3539;35 a 39 anos                  ;6;ENSINO MÉDIO COMPLETO;-3;#NE;-3;#NE;-3;#NE;-3;#NE;Obrigatório;1;0;0;0
13/04/2021;19:37:12;2012;ES;56057;ALFREDO CHAVES;12;30;1171;;2;MASCULINO;3;CASADO;4044;40 a 44 anos                  ;3;ENSINO FUNDAMENTAL INCOMPLETO;-3;#NE;-3;#NE;-3;#NE;-3;#NE;Obrigatório;1;0;0;0
13/04/2021;19:37:12;2012;ES;56057;ALFREDO CHAVES;12;30;1171;;2;MASCULINO;3;CASADO;4549;45 a 49 anos                  ;1;ANALFABETO;-3;#NE;-3;#NE;-3;#NE;-3;#NE;Facultativo;1;0;0;0
13/04/2021;19:37:12;2012;ES;56057;ALFREDO CHAVES;12;30;1171;;2;MASCULINO;3;CASADO;4549;45 a 49 anos                  ;4;ENSINO FUNDAMENTAL COMPLETO;-3;#NE;-3;#NE;-3;#NE;-3;#NE;Obrigatório;1;0;0;0
13/04/2021;19:37:12;2012;ES;56057;ALFREDO CHAVES;12;30;1171;;2;MASCULINO;3;CASADO;4549;45 a 49 anos                  ;5;ENSINO MÉDIO INCOMPLETO;-3;#NE;-3;#NE;-3;#NE;-3;#NE;Obrigatório;1;0;0;0
13/04/2021;19:37:12;2012;ES;56057;ALFREDO CHAVES;12;30;1171;;2;MASCULINO;3;CASADO;5054;50 a 54 anos                  ;2;LÊ E ESCREVE;-3;#NE;-3;#NE;-3;#NE;-3;#NE;Obrigatório;2;0;0;0
13/04/2021;19:37:12;2012;ES;56057;ALFREDO CHAVES;12;30;1171;;2;MASCULINO;3;CASADO;5054;50 a 54 anos                  ;3;ENSINO FUNDAMENTAL INCOMPLETO;-3;#NE;-3;#NE;-3;#NE;-3;#NE;Obrigatório;3;0;0;0
13/04/2021;19:37:12;2012;ES;56057;ALFREDO CHAVES;12;30;1171;;2;MASCULINO;3;CASADO;5054;50 a 54 anos                  ;4;ENSINO FUNDAMENTAL COMPLETO;-3;#NE;-3;#NE;-3;#NE;-3;#NE;Obrigatório;1;0;0;0
13/04/2021;19:37:12;2012;ES;56057;ALFREDO CHAVES;12;30;1171;;2;MASCULINO;3;CASADO;5559;55 a 59 anos                  ;1;ANALFABETO;-3;#NE;-3;#NE;-3;#NE;-3;#NE;Facultativo;1;0;0;0
13/04/2021;19:37:12;2012;ES;56057;ALFREDO CHAVES;12;30;1171;;2;MASCULINO;3;CASADO;5559;55 a 59 anos                  ;2;LÊ E ESCREVE;-3;#NE;-3;#NE;-3;#NE;-3;#NE;Obrigatório;2;0;0;0
13/04/2021;19:37:12;2012;ES;56057;ALFREDO CHAVES;12;30;1171;;2;MASCULINO;3;CASADO;5559;55 a 59 anos                  ;3;ENSINO FUNDAMENTAL INCOMPLETO;-3;#NE;-3;#NE;-3;#NE;-3;#NE;Obrigatório;4;0;0;0
13/04/2021;19:37:12;2012;ES;56057;ALFREDO CHAVES;12;30;1171;;2;MASCULINO;3;CASADO;5559;55 a 59 anos                  ;6;ENSINO MÉDIO COMPLETO;-3;#NE;-3;#NE;-3;#NE;-3;#NE;Obrigatório;2;0;0;0
13/04/2021;19:37:12;2012;ES;56057;ALFREDO CHAVES;12;30;1171;;2;MASCULINO;3;CASADO;5559;55 a 59 anos                  ;8;SUPERIOR COMPLETO;-3;#NE;-3;#NE;-3;#NE;-3;#NE;Obrigatório;1;0;0;0
13/04/2021;19:37:12;2012;ES;56057;ALFREDO CHAVES;12;30;1171;;2;MASCULINO;3;CASADO;6064;60 a 64 anos                  ;3;ENSINO FUNDAMENTAL INCOMPLETO;-3;#NE;-3;#NE;-3;#NE;-3;#NE;Obrigatório;2;0;0;0
13/04/2021;19:37:12;2012;ES;56057;ALFREDO CHAVES;12;30;1171;;2;MASCULINO;3;CASADO;6064;60 a 64 anos                  ;6;ENSINO MÉDIO COMPLETO;-3;#NE;-3;#NE;-3;#NE;-3;#NE;Obrigatório;1;0;0;0
13/04/2021;19:37:12;2012;ES;56057;ALFREDO CHAVES;12;30;1171;;2;MASCULINO;3;CASADO;6569;65 a 69 anos                  ;1;ANALFABETO;-3;#NE;-3;#NE;-3;#NE;-3;#NE;Facultativo;1;0;0;0
13/04/2021;19:37:12;2012;ES;56057;ALFREDO CHAVES;12;30;1171;;2;MASCULINO;3;CASADO;6569;65 a 69 anos                  ;2;LÊ E ESCREVE;-3;#NE;-3;#NE;-3;#NE;-3;#NE;Obrigatório;2;0;0;0
13/04/2021;19:37:12;2012;ES;56057;ALFREDO CHAVES;12;30;1171;;2;MASCULINO;3;CASADO;6569;65 a 69 anos                  ;4;ENSINO FUNDAMENTAL COMPLETO;-3;#NE;-3;#NE;-3;#NE;-3;#NE;Obrigatório;2;0;0;0
13/04/2021;19:37:12;2012;ES;56057;ALFREDO CHAVES;12;30;1171;;2;MASCULINO;3;CASADO;7074;70 a 74 anos                  ;1;ANALFABETO;-3;#NE;-3;#NE;-3;#NE;-3;#NE;Facultativo;1;0;0;0
13/04/2021;19:37:12;2012;ES;56057;ALFREDO CHAVES;12;30;1171;;2;MASCULINO;3;CASADO;7074;70 a 74 anos                  ;3;ENSINO FUNDAMENTAL INCOMPLETO;-3;#NE;-3;#NE;-3;#NE;-3;#NE;Facultativo;1;0;0;0
13/04/2021;19:37:12;2012;ES;56057;ALFREDO CHAVES;12;30;1171;;2;MASCULINO;3;CASADO;7579;75 a 79 anos                  ;1;ANALFABETO;-3;#NE;-3;#NE;-3;#NE;-3;#NE;Facultativo;1;0;0;0
13/04/2021;19:37:12;2012;ES;56057;ALFREDO CHAVES;12;30;1171;;2;MASCULINO;9;DIVORCIADO;4044;40 a 44 anos                  ;6;ENSINO MÉDIO COMPLETO;-3;#NE;-3;#NE;-3;#NE;-3;#NE;Obrigatório;1;0;0;0
13/04/2021;19:37:12;2012;ES;56057;ALFREDO CHAVES;12;30;1171;;2;MASCULINO;9;DIVORCIADO;5054;50 a 54 anos                  ;6;ENSINO MÉDIO COMPLETO;-3;#NE;-3;#NE;-3;#NE;-3;#NE;Obrigatório;1;0;0;0
13/04/2021;19:37:12;2012;ES;56057;ALFREDO CHAVES;12;30;1171;;4;FEMININO;1;SOLTEIRO;1600;16 anos                       ;5;ENSINO MÉDIO INCOMPLETO;-3;#NE;-3;#NE;-3;#NE;-3;#NE;Facultativo;2;0;0;0
13/04/2021;19:37:12;2012;ES;56057;ALFREDO CHAVES;12;30;1171;;4;FEMININO;1;SOLTEIRO;1800;18 anos                       ;5;ENSINO MÉDIO INCOMPLETO;-3;#NE;-3;#NE;-3;#NE;-3;#NE;Obrigatório;5;0;0;0
13/04/2021;19:37:12;2012;ES;56057;ALFREDO CHAVES;12;30;1171;;4;FEMININO;1;SOLTEIRO;1900;19 anos                       ;3;ENSINO FUNDAMENTAL INCOMPLETO;-3;#NE;-3;#NE;-3;#NE;-3;#NE;Obrigatório;1;0;0;0
13/04/2021;19:37:12;2012;ES;56057;ALFREDO CHAVES;12;30;1171;;4;FEMININO;1;SOLTEIRO;1900;19 anos                       ;5;ENSINO MÉDIO INCOMPLETO;-3;#NE;-3;#NE;-3;#NE;-3;#NE;Obrigatório;6;0;0;0
13/04/2021;19:37:12;2012;ES;56057;ALFREDO CHAVES;12;30;1171;;4;FEMININO;1;SOLTEIRO;2000;20 anos                       ;5;ENSINO MÉDIO INCOMPLETO;-3;#NE;-3;#NE;-3;#NE;-3;#NE;Obrigatório;2;0;0;0
13/04/2021;19:37:12;2012;ES;56057;ALFREDO CHAVES;12;30;1171;;4;FEMININO;1;SOLTEIRO;2000;20 anos                       ;6;ENSINO MÉDIO COMPLETO;-3;#NE;-3;#NE;-3;#NE;-3;#NE;Obrigatório;2;0;0;0
13/04/2021;19:37:12;2012;ES;56057;ALFREDO CHAVES;12;30;1171;;4;FEMININO;1;SOLTEIRO;2124;21 a 24 anos                  ;5;ENSINO MÉDIO INCOMPLETO;-3;#NE;-3;#NE;-3;#NE;-3;#NE;Obrigatório;6;0;0;0
13/04/2021;19:37:12;2012;ES;56057;ALFREDO CHAVES;12;30;1171;;4;FEMININO;1;SOLTEIRO;2124;21 a 24 anos                  ;6;ENSINO MÉDIO COMPLETO;-3;#NE;-3;#NE;-3;#NE;-3;#NE;Obrigatório;7;0;0;0
13/04/2021;19:37:12;2012;ES;56057;ALFREDO CHAVES;12;30;1171;;4;FEMININO;1;SOLTEIRO;2529;25 a 29 anos                  ;3;ENSINO FUNDAMENTAL INCOMPLETO;-3;#NE;-3;#NE;-3;#NE;-3;#NE;Obrigatório;5;0;0;0
13/04/2021;19:37:12;2012;ES;56057;ALFREDO CHAVES;12;30;1171;;4;FEMININO;1;SOLTEIRO;2529;25 a 29 anos                  ;4;ENSINO FUNDAMENTAL COMPLETO;-3;#NE;-3;#NE;-3;#NE;-3;#NE;Obrigatório;1;0;0;0
13/04/2021;19:37:12;2012;ES;56057;ALFREDO CHAVES;12;30;1171;;4;FEMININO;1;SOLTEIRO;2529;25 a 29 anos                  ;5;ENSINO MÉDIO INCOMPLETO;-3;#NE;-3;#NE;-3;#NE;-3;#NE;Obrigatório;15;0;0;0
13/04/2021;19:37:12;2012;ES;56057;ALFREDO CHAVES;12;30;1171;;4;FEMININO;1;SOLTEIRO;2529;25 a 29 anos                  ;7;SUPERIOR INCOMPLETO;-3;#NE;-3;#NE;-3;#NE;-3;#NE;Obrigatório;2;0;0;0
13/04/2021;19:37:12;2012;ES;56057;ALFREDO CHAVES;12;30;1171;;4;FEMININO;1;SOLTEIRO;2529;25 a 29 anos                  ;8;SUPERIOR COMPLETO;-3;#NE;-3;#NE;-3;#NE;-3;#NE;Obrigatório;1;0;0;0
13/04/2021;19:37:12;2012;ES;56057;ALFREDO CHAVES;12;30;1171;;4;FEMININO;1;SOLTEIRO;3034;30 a 34 anos                  ;3;ENSINO FUNDAMENTAL INCOMPLETO;-3;#NE;-3;#NE;-3;#NE;-3;#NE;Obrigatório;2;0;0;0
13/04/2021;19:37:12;2012;ES;56057;ALFREDO CHAVES;12;30;1171;;4;FEMININO;1;SOLTEIRO;3034;30 a 34 anos                  ;6;ENSINO MÉDIO COMPLETO;-3;#NE;-3;#NE;-3;#NE;-3;#NE;Obrigatório;1;0;0;0
13/04/2021;19:37:12;2012;ES;56057;ALFREDO CHAVES;12;30;1171;;4;FEMININO;1;SOLTEIRO;3034;30 a 34 anos                  ;7;SUPERIOR INCOMPLETO;-3;#NE;-3;#NE;-3;#NE;-3;#NE;Obrigatório;1;0;0;0
13/04/2021;19:37:12;2012;ES;56057;ALFREDO CHAVES;12;30;1171;;4;FEMININO;1;SOLTEIRO;3539;35 a 39 anos                  ;6;ENSINO MÉDIO COMPLETO;-3;#NE;-3;#NE;-3;#NE;-3;#NE;Obrigatório;3;0;0;0
13/04/2021;19:37:12;2012;ES;56057;ALFREDO CHAVES;12;30;1171;;4;FEMININO;1;SOLTEIRO;4044;40 a 44 anos                  ;1;ANALFABETO;-3;#NE;-3;#NE;-3;#NE;-3;#NE;Facultativo;1;0;0;0
13/04/2021;19:37:12;2012;ES;56057;ALFREDO CHAVES;12;30;1171;;4;FEMININO;1;SOLTEIRO;4044;40 a 44 anos                  ;2;LÊ E ESCREVE;-3;#NE;-3;#NE;-3;#NE;-3;#NE;Obrigatório;1;0;0;0
13/04/2021;19:37:12;2012;ES;56057;ALFREDO CHAVES;12;30;1171;;4;FEMININO;1;SOLTEIRO;4044;40 a 44 anos                  ;3;ENSINO FUNDAMENTAL INCOMPLETO;-3;#NE;-3;#NE;-3;#NE;-3;#NE;Obrigatório;17;0;0;0
13/04/2021;19:37:12;2012;ES;56057;ALFREDO CHAVES;12;30;1171;;4;FEMININO;1;SOLTEIRO;4044;40 a 44 anos                  ;5;ENSINO MÉDIO INCOMPLETO;-3;#NE;-3;#NE;-3;#NE;-3;#NE;Obrigatório;11;0;0;0
13/04/2021;19:37:12;2012;ES;56057;ALFREDO CHAVES;12;30;1171;;4;FEMININO;1;SOLTEIRO;4044;40 a 44 anos                  ;6;ENSINO MÉDIO COMPLETO;-3;#NE;-3;#NE;-3;#NE;-3;#NE;Obrigatório;9;0;0;0
13/04/2021;19:37:12;2012;ES;56057;ALFREDO CHAVES;12;30;1171;;4;FEMININO;1;SOLTEIRO;4044;40 a 44 anos                  ;7;SUPERIOR INCOMPLETO;-3;#NE;-3;#NE;-3;#NE;-3;#NE;Obrigatório;1;0;0;0
13/04/2021;19:37:12;2012;ES;56057;ALFREDO CHAVES;12;30;1171;;4;FEMININO;1;SOLTEIRO;4044;40 a 44 anos                  ;8;SUPERIOR COMPLETO;-3;#NE;-3;#NE;-3;#NE;-3;#NE;Obrigatório;1;0;0;0
13/04/2021;19:37:12;2012;ES;56057;ALFREDO CHAVES;12;32;1031;;2;MASCULINO;3;CASADO;5054;50 a 54 anos                  ;4;ENSINO FUNDAMENTAL COMPLETO;-3;#NE;-3;#NE;-3;#NE;-3;#NE;Obrigatório;1;0;0;0
13/04/2021;19:37:12;2012;ES;56057;ALFREDO CHAVES;12;32;1031;;2;MASCULINO;3;CASADO;5559;55 a 59 anos                  ;3;ENSINO FUNDAMENTAL INCOMPLETO;-3;#NE;-3;#NE;-3;#NE;-3;#NE;Obrigatório;1;0;0;0
13/04/2021;19:37:12;2012;ES;56057;ALFREDO CHAVES;12;32;1031;;2;MASCULINO;3;CASADO;6064;60 a 64 anos                  ;1;ANALFABETO;-3;#NE;-3;#NE;-3;#NE;-3;#NE;Facultativo;1;0;0;0
13/04/2021;19:37:12;2012;ES;56057;ALFREDO CHAVES;12;32;1031;;2;MASCULINO;3;CASADO;6569;65 a 69 anos                  ;3;ENSINO FUNDAMENTAL INCOMPLETO;-3;#NE;-3;#NE;-3;#NE;-3;#NE;Obrigatório;2;0;0;0
13/04/2021;19:37:12;2012;ES;56057;ALFREDO CHAVES;12;32;1031;;2;MASCULINO;3;CASADO;6569;65 a 69 anos                  ;6;ENSINO MÉDIO COMPLETO;-3;#NE;-3;#NE;-3;#NE;-3;#NE;Obrigatório;1;0;0;0
13/04/2021;19:37:12;2012;ES;56057;ALFREDO CHAVES;12;32;1031;;2;MASCULINO;3;CASADO;6569;65 a 69 anos                  ;8;SUPERIOR COMPLETO;-3;#NE;-3;#NE;-3;#NE;-3;#NE;Obrigatório;1;0;0;0
13/04/2021;19:37:12;2012;ES;56057;ALFREDO CHAVES;12;32;1031;;2;MASCULINO;3;CASADO;7074;70 a 74 anos                  ;3;ENSINO FUNDAMENTAL INCOMPLETO;-3;#NE;-3;#NE;-3;#NE;-3;#NE;Facultativo;1;0;0;0
13/04/2021;19:37:12;2012;ES;56057;ALFREDO CHAVES;12;32;1031;;2;MASCULINO;3;CASADO;8084;80 a 84 anos                  ;3;ENSINO FUNDAMENTAL INCOMPLETO;-3;#NE;-3;#NE;-3;#NE;-3;#NE;Facultativo;1;0;0;0
13/04/2021;19:37:12;2012;ES;56057;ALFREDO CHAVES;12;32;1031;;2;MASCULINO;5;VIÚVO;5559;55 a 59 anos                  ;1;ANALFABETO;-3;#NE;-3;#NE;-3;#NE;-3;#NE;Facultativo;1;0;0;0
13/04/2021;19:37:12;2012;ES;56057;ALFREDO CHAVES;12;32;1031;;2;MASCULINO;7;SEPARADO JUDICIALMENTE;4549;45 a 49 anos                  ;3;ENSINO FUNDAMENTAL INCOMPLETO;-3;#NE;-3;#NE;-3;#NE;-3;#NE;Obrigatório;1;0;0;0
13/04/2021;19:37:12;2012;ES;56057;ALFREDO CHAVES;12;32;1031;;2;MASCULINO;9;DIVORCIADO;5054;50 a 54 anos                  ;3;ENSINO FUNDAMENTAL INCOMPLETO;-3;#NE;-3;#NE;-3;#NE;-3;#NE;Obrigatório;1;0;0;0
13/04/2021;19:37:12;2012;ES;56057;ALFREDO CHAVES;12;32;1031;;4;FEMININO;1;SOLTEIRO;1600;16 anos                       ;3;ENSINO FUNDAMENTAL INCOMPLETO;-3;#NE;-3;#NE;-3;#NE;-3;#NE;Facultativo;1;0;0;0
13/04/2021;19:37:12;2012;ES;56057;ALFREDO CHAVES;12;32;1031;;4;FEMININO;1;SOLTEIRO;1700;17 anos                       ;5;ENSINO MÉDIO INCOMPLETO;-3;#NE;-3;#NE;-3;#NE;-3;#NE;Facultativo;3;0;0;0
13/04/2021;19:37:12;2012;ES;56057;ALFREDO CHAVES;12;32;1031;;4;FEMININO;1;SOLTEIRO;2000;20 anos                       ;5;ENSINO MÉDIO INCOMPLETO;-3;#NE;-3;#NE;-3;#NE;-3;#NE;Obrigatório;1;0;0;0
13/04/2021;19:37:12;2012;ES;56057;ALFREDO CHAVES;12;32;1031;;4;FEMININO;1;SOLTEIRO;2124;21 a 24 anos                  ;3;ENSINO FUNDAMENTAL INCOMPLETO;-3;#NE;-3;#NE;-3;#NE;-3;#NE;Obrigatório;3;0;0;0
13/04/2021;19:37:12;2012;ES;56057;ALFREDO CHAVES;12;32;1031;;4;FEMININO;1;SOLTEIRO;2124;21 a 24 anos                  ;4;ENSINO FUNDAMENTAL COMPLETO;-3;#NE;-3;#NE;-3;#NE;-3;#NE;Obrigatório;1;0;0;0
13/04/2021;19:37:12;2012;ES;56057;ALFREDO CHAVES;12;32;1031;;4;FEMININO;1;SOLTEIRO;2124;21 a 24 anos                  ;6;ENSINO MÉDIO COMPLETO;-3;#NE;-3;#NE;-3;#NE;-3;#NE;Obrigatório;1;0;0;0
13/04/2021;19:37:12;2012;ES;56057;ALFREDO CHAVES;12;32;1031;;4;FEMININO;1;SOLTEIRO;2529;25 a 29 anos                  ;3;ENSINO FUNDAMENTAL INCOMPLETO;-3;#NE;-3;#NE;-3;#NE;-3;#NE;Obrigatório;5;0;0;0
13/04/2021;19:37:12;2012;ES;56057;ALFREDO CHAVES;12;32;1031;;4;FEMININO;1;SOLTEIRO;2529;25 a 29 anos                  ;4;ENSINO FUNDAMENTAL COMPLETO;-3;#NE;-3;#NE;-3;#NE;-3;#NE;Obrigatório;1;0;0;0
13/04/2021;19:37:12;2012;ES;56057;ALFREDO CHAVES;12;32;1031;;4;FEMININO;1;SOLTEIRO;2529;25 a 29 anos                  ;5;ENSINO MÉDIO INCOMPLETO;-3;#NE;-3;#NE;-3;#NE;-3;#NE;Obrigatório;3;0;0;0
13/04/2021;19:37:12;2012;ES;56057;ALFREDO CHAVES;12;32;1031;;4;FEMININO;1;SOLTEIRO;2529;25 a 29 anos                  ;8;SUPERIOR COMPLETO;-3;#NE;-3;#NE;-3;#NE;-3;#NE;Obrigatório;1;0;0;0
13/04/2021;19:37:12;2012;ES;56057;ALFREDO CHAVES;12;32;1031;;4;FEMININO;1;SOLTEIRO;3034;30 a 34 anos                  ;3;ENSINO FUNDAMENTAL INCOMPLETO;-3;#NE;-3;#NE;-3;#NE;-3;#NE;Obrigatório;3;0;0;0
13/04/2021;19:37:12;2012;ES;56057;ALFREDO CHAVES;12;32;1031;;4;FEMININO;1;SOLTEIRO;3034;30 a 34 anos                  ;4;ENSINO FUNDAMENTAL COMPLETO;-3;#NE;-3;#NE;-3;#NE;-3;#NE;Obrigatório;2;0;0;0
13/04/2021;19:37:12;2012;ES;56057;ALFREDO CHAVES;12;32;1031;;4;FEMININO;1;SOLTEIRO;3034;30 a 34 anos                  ;5;ENSINO MÉDIO INCOMPLETO;-3;#NE;-3;#NE;-3;#NE;-3;#NE;Obrigatório;3;0;0;0
13/04/2021;19:37:12;2012;ES;56057;ALFREDO CHAVES;12;32;1031;;4;FEMININO;1;SOLTEIRO;3034;30 a 34 anos                  ;6;ENSINO MÉDIO COMPLETO;-3;#NE;-3;#NE;-3;#NE;-3;#NE;Obrigatório;1;0;0;0
13/04/2021;19:37:12;2012;ES;56057;ALFREDO CHAVES;12;32;1031;;4;FEMININO;1;SOLTEIRO;3539;35 a 39 anos                  ;3;ENSINO FUNDAMENTAL INCOMPLETO;-3;#NE;-3;#NE;-3;#NE;-3;#NE;Obrigatório;5;0;0;0
13/04/2021;19:37:12;2012;ES;56057;ALFREDO CHAVES;12;32;1031;;4;FEMININO;1;SOLTEIRO;4044;40 a 44 anos                  ;1;ANALFABETO;-3;#NE;-3;#NE;-3;#NE;-3;#NE;Facultativo;1;0;0;0
13/04/2021;19:37:12;2012;ES;56057;ALFREDO CHAVES;12;32;1031;;4;FEMININO;1;SOLTEIRO;4549;45 a 49 anos                  ;6;ENSINO MÉDIO COMPLETO;-3;#NE;-3;#NE;-3;#NE;-3;#NE;Obrigatório;1;0;0;0
13/04/2021;19:37:12;2012;ES;56057;ALFREDO CHAVES;12;32;1031;;4;FEMININO;1;SOLTEIRO;5054;50 a 54 anos                  ;2;LÊ E ESCREVE;-3;#NE;-3;#NE;-3;#NE;-3;#NE;Obrigatório;1;0;0;0
13/04/2021;19:37:12;2012;ES;56057;ALFREDO CHAVES;12;32;1031;;4;FEMININO;1;SOLTEIRO;5054;50 a 54 anos                  ;3;ENSINO FUNDAMENTAL INCOMPLETO;-3;#NE;-3;#NE;-3;#NE;-3;#NE;Obrigatório;1;0;0;0
13/04/2021;19:37:12;2012;ES;56057;ALFREDO CHAVES;12;32;1031;;4;FEMININO;1;SOLTEIRO;7579;75 a 79 anos                  ;3;ENSINO FUNDAMENTAL INCOMPLETO;-3;#NE;-3;#NE;-3;#NE;-3;#NE;Facultativo;1;0;0;0
13/04/2021;19:37:12;2012;ES;56057;ALFREDO CHAVES;12;32;1031;;4;FEMININO;3;CASADO;2124;21 a 24 anos                  ;3;ENSINO FUNDAMENTAL INCOMPLETO;-3;#NE;-3;#NE;-3;#NE;-3;#NE;Obrigatório;1;0;0;0
13/04/2021;19:37:12;2012;ES;56057;ALFREDO CHAVES;12;32;1031;;4;FEMININO;3;CASADO;2124;21 a 24 anos                  ;4;ENSINO FUNDAMENTAL COMPLETO;-3;#NE;-3;#NE;-3;#NE;-3;#NE;Obrigatório;1;0;0;0
13/04/2021;19:37:12;2012;ES;56057;ALFREDO CHAVES;12;32;1031;;4;FEMININO;3;CASADO;2529;25 a 29 anos                  ;3;ENSINO FUNDAMENTAL INCOMPLETO;-3;#NE;-3;#NE;-3;#NE;-3;#NE;Obrigatório;2;0;0;0
13/04/2021;19:37:12;2012;ES;56057;ALFREDO CHAVES;12;32;1031;;4;FEMININO;3;CASADO;2529;25 a 29 anos                  ;4;ENSINO FUNDAMENTAL COMPLETO;-3;#NE;-3;#NE;-3;#NE;-3;#NE;Obrigatório;1;0;0;0
13/04/2021;19:37:12;2012;ES;56057;ALFREDO CHAVES;12;32;1031;;4;FEMININO;3;CASADO;2529;25 a 29 anos                  ;5;ENSINO MÉDIO INCOMPLETO;-3;#NE;-3;#NE;-3;#NE;-3;#NE;Obrigatório;1;0;0;0
13/04/2021;19:37:12;2012;ES;56057;ALFREDO CHAVES;12;32;1031;;4;FEMININO;3;CASADO;3034;30 a 34 anos                  ;4;ENSINO FUNDAMENTAL COMPLETO;-3;#NE;-3;#NE;-3;#NE;-3;#NE;Obrigatório;2;0;0;0
13/04/2021;19:37:12;2012;ES;56057;ALFREDO CHAVES;12;32;1031;;4;FEMININO;3;CASADO;3539;35 a 39 anos                  ;3;ENSINO FUNDAMENTAL INCOMPLETO;-3;#NE;-3;#NE;-3;#NE;-3;#NE;Obrigatório;2;0;0;0
13/04/2021;19:37:12;2012;ES;56057;ALFREDO CHAVES;12;32;1031;;4;FEMININO;3;CASADO;3539;35 a 39 anos                  ;6;ENSINO MÉDIO COMPLETO;-3;#NE;-3;#NE;-3;#NE;-3;#NE;Obrigatório;3;0;0;0
13/04/2021;19:37:12;2012;ES;56057;ALFREDO CHAVES;12;32;1031;;4;FEMININO;3;CASADO;4044;40 a 44 anos                  ;3;ENSINO FUNDAMENTAL INCOMPLETO;-3;#NE;-3;#NE;-3;#NE;-3;#NE;Obrigatório;2;0;0;0
13/04/2021;19:37:12;2012;ES;56057;ALFREDO CHAVES;12;32;1031;;4;FEMININO;3;CASADO;4044;40 a 44 anos                  ;7;SUPERIOR INCOMPLETO;-3;#NE;-3;#NE;-3;#NE;-3;#NE;Obrigatório;1;0;0;0
13/04/2021;19:37:12;2012;ES;56057;ALFREDO CHAVES;12;32;1031;;4;FEMININO;3;CASADO;4549;45 a 49 anos                  ;1;ANALFABETO;-3;#NE;-3;#NE;-3;#NE;-3;#NE;Facultativo;1;0;0;0
13/04/2021;19:37:12;2012;ES;56057;ALFREDO CHAVES;12;34;1171;;4;FEMININO;3;CASADO;3539;35 a 39 anos                  ;3;ENSINO FUNDAMENTAL INCOMPLETO;-3;#NE;-3;#NE;-3;#NE;-3;#NE;Obrigatório;1;0;0;0
13/04/2021;19:37:12;2012;ES;56057;ALFREDO CHAVES;12;34;1171;;4;FEMININO;3;CASADO;3539;35 a 39 anos                  ;4;ENSINO FUNDAMENTAL COMPLETO;-3;#NE;-3;#NE;-3;#NE;-3;#NE;Obrigatório;1;0;0;0
13/04/2021;19:37:12;2012;ES;56057;ALFREDO CHAVES;12;34;1171;;4;FEMININO;3;CASADO;3539;35 a 39 anos                  ;5;ENSINO MÉDIO INCOMPLETO;-3;#NE;-3;#NE;-3;#NE;-3;#NE;Obrigatório;1;0;0;0
13/04/2021;19:37:12;2012;ES;56057;ALFREDO CHAVES;12;34;1171;;4;FEMININO;3;CASADO;3539;35 a 39 anos                  ;6;ENSINO MÉDIO COMPLETO;-3;#NE;-3;#NE;-3;#NE;-3;#NE;Obrigatório;2;0;0;0
13/04/2021;19:37:12;2012;ES;56057;ALFREDO CHAVES;12;34;1171;;4;FEMININO;3;CASADO;3539;35 a 39 anos                  ;7;SUPERIOR INCOMPLETO;-3;#NE;-3;#NE;-3;#NE;-3;#NE;Obrigatório;1;0;0;0
13/04/2021;19:37:12;2012;ES;56057;ALFREDO CHAVES;12;34;1171;;4;FEMININO;3;CASADO;3539;35 a 39 anos                  ;8;SUPERIOR COMPLETO;-3;#NE;-3;#NE;-3;#NE;-3;#NE;Obrigatório;2;0;0;0
13/04/2021;19:37:12;2012;ES;56057;ALFREDO CHAVES;12;34;1171;;4;FEMININO;3;CASADO;4044;40 a 44 anos                  ;3;ENSINO FUNDAMENTAL INCOMPLETO;-3;#NE;-3;#NE;-3;#NE;-3;#NE;Obrigatório;7;0;0;0
13/04/2021;19:37:12;2012;ES;56057;ALFREDO CHAVES;12;34;1171;;4;FEMININO;3;CASADO;4044;40 a 44 anos                  ;4;ENSINO FUNDAMENTAL COMPLETO;-3;#NE;-3;#NE;-3;#NE;-3;#NE;Obrigatório;1;0;0;0
13/04/2021;19:37:12;2012;ES;56057;ALFREDO CHAVES;12;34;1171;;4;FEMININO;3;CASADO;4044;40 a 44 anos                  ;6;ENSINO MÉDIO COMPLETO;-3;#NE;-3;#NE;-3;#NE;-3;#NE;Obrigatório;1;0;0;0
13/04/2021;19:37:12;2012;ES;56057;ALFREDO CHAVES;12;34;1171;;4;FEMININO;3;CASADO;4044;40 a 44 anos                  ;8;SUPERIOR COMPLETO;-3;#NE;-3;#NE;-3;#NE;-3;#NE;Obrigatório;1;0;0;0
13/04/2021;19:37:12;2012;ES;56057;ALFREDO CHAVES;12;34;1171;;4;FEMININO;3;CASADO;4549;45 a 49 anos                  ;3;ENSINO FUNDAMENTAL INCOMPLETO;-3;#NE;-3;#NE;-3;#NE;-3;#NE;Obrigatório;6;0;0;0
13/04/2021;19:37:12;2012;ES;56057;ALFREDO CHAVES;12;34;1171;;4;FEMININO;3;CASADO;5054;50 a 54 anos                  ;3;ENSINO FUNDAMENTAL INCOMPLETO;-3;#NE;-3;#NE;-3;#NE;-3;#NE;Obrigatório;6;0;0;0
13/04/2021;19:37:12;2012;ES;56057;ALFREDO CHAVES;12;34;1171;;4;FEMININO;3;CASADO;5054;50 a 54 anos                  ;6;ENSINO MÉDIO COMPLETO;-3;#NE;-3;#NE;-3;#NE;-3;#NE;Obrigatório;1;0;0;0
13/04/2021;19:37:12;2012;ES;56057;ALFREDO CHAVES;12;34;1171;;4;FEMININO;3;CASADO;5559;55 a 59 anos                  ;1;ANALFABETO;-3;#NE;-3;#NE;-3;#NE;-3;#NE;Facultativo;2;0;0;0
13/04/2021;19:37:12;2012;ES;56057;ALFREDO CHAVES;12;34;1171;;4;FEMININO;3;CASADO;5559;55 a 59 anos                  ;3;ENSINO FUNDAMENTAL INCOMPLETO;-3;#NE;-3;#NE;-3;#NE;-3;#NE;Obrigatório;1;0;0;0
13/04/2021;19:37:12;2012;ES;56057;ALFREDO CHAVES;12;34;1171;;4;FEMININO;3;CASADO;5559;55 a 59 anos                  ;6;ENSINO MÉDIO COMPLETO;-3;#NE;-3;#NE;-3;#NE;-3;#NE;Obrigatório;1;0;0;0
13/04/2021;19:37:12;2012;ES;56057;ALFREDO CHAVES;12;34;1171;;4;FEMININO;3;CASADO;6064;60 a 64 anos                  ;3;ENSINO FUNDAMENTAL INCOMPLETO;-3;#NE;-3;#NE;-3;#NE;-3;#NE;Obrigatório;3;0;0;0
13/04/2021;19:37:12;2012;ES;56057;ALFREDO CHAVES;12;34;1171;;4;FEMININO;3;CASADO;6569;65 a 69 anos                  ;3;ENSINO FUNDAMENTAL INCOMPLETO;-3;#NE;-3;#NE;-3;#NE;-3;#NE;Obrigatório;1;0;0;0
13/04/2021;19:37:12;2012;ES;56057;ALFREDO CHAVES;12;34;1171;;4;FEMININO;3;CASADO;7074;70 a 74 anos                  ;2;LÊ E ESCREVE;-3;#NE;-3;#NE;-3;#NE;-3;#NE;Facultativo;1;0;0;0
13/04/2021;19:37:12;2012;ES;56057;ALFREDO CHAVES;12;34;1171;;4;FEMININO;3;CASADO;7074;70 a 74 anos                  ;3;ENSINO FUNDAMENTAL INCOMPLETO;-3;#NE;-3;#NE;-3;#NE;-3;#NE;Facultativo;2;0;0;0
13/04/2021;19:37:12;2012;ES;56057;ALFREDO CHAVES;12;34;1171;;4;FEMININO;3;CASADO;7579;75 a 79 anos                  ;2;LÊ E ESCREVE;-3;#NE;-3;#NE;-3;#NE;-3;#NE;Facultativo;1;0;0;0
13/04/2021;19:37:12;2012;ES;56057;ALFREDO CHAVES;12;34;1171;;4;FEMININO;3;CASADO;7579;75 a 79 anos                  ;3;ENSINO FUNDAMENTAL INCOMPLETO;-3;#NE;-3;#NE;-3;#NE;-3;#NE;Facultativo;1;0;0;0
13/04/2021;19:37:12;2012;ES;56057;ALFREDO CHAVES;12;34;1171;;4;FEMININO;3;CASADO;8084;80 a 84 anos                  ;3;ENSINO FUNDAMENTAL INCOMPLETO;-3;#NE;-3;#NE;-3;#NE;-3;#NE;Facultativo;2;0;0;0
13/04/2021;19:37:12;2012;ES;56057;ALFREDO CHAVES;12;34;1171;;4;FEMININO;7;SEPARADO JUDICIALMENTE;3034;30 a 34 anos                  ;5;ENSINO MÉDIO INCOMPLETO;-3;#NE;-3;#NE;-3;#NE;-3;#NE;Obrigatório;1;0;0;0
13/04/2021;19:37:12;2012;ES;56057;ALFREDO CHAVES;12;34;1171;;4;FEMININO;7;SEPARADO JUDICIALMENTE;3539;35 a 39 anos                  ;6;ENSINO MÉDIO COMPLETO;-3;#NE;-3;#NE;-3;#NE;-3;#NE;Obrigatório;1;0;0;0
13/04/2021;19:37:12;2012;ES;56057;ALFREDO CHAVES;12;34;1171;;4;FEMININO;7;SEPARADO JUDICIALMENTE;4044;40 a 44 anos                  ;3;ENSINO FUNDAMENTAL INCOMPLETO;-3;#NE;-3;#NE;-3;#NE;-3;#NE;Obrigatório;1;0;0;0
13/04/2021;19:37:12;2012;ES;56057;ALFREDO CHAVES;12;35;1171;;2;MASCULINO;1;SOLTEIRO;1600;16 anos                       ;5;ENSINO MÉDIO INCOMPLETO;-3;#NE;-3;#NE;-3;#NE;-3;#NE;Facultativo;1;0;0;0
13/04/2021;19:37:12;2012;ES;56057;ALFREDO CHAVES;12;35;1171;;2;MASCULINO;1;SOLTEIRO;1700;17 anos                       ;5;ENSINO MÉDIO INCOMPLETO;-3;#NE;-3;#NE;-3;#NE;-3;#NE;Facultativo;2;0;0;0
13/04/2021;19:37:12;2012;ES;56057;ALFREDO CHAVES;12;12;1058;;2;MASCULINO;1;SOLTEIRO;4549;45 a 49 anos                  ;4;ENSINO FUNDAMENTAL COMPLETO;-3;#NE;-3;#NE;-3;#NE;-3;#NE;Obrigatório;2;0;0;0
13/04/2021;19:37:12;2012;ES;56057;ALFREDO CHAVES;12;12;1058;;2;MASCULINO;1;SOLTEIRO;4549;45 a 49 anos                  ;6;ENSINO MÉDIO COMPLETO;-3;#NE;-3;#NE;-3;#NE;-3;#NE;Obrigatório;3;0;0;0
13/04/2021;19:37:12;2012;ES;56057;ALFREDO CHAVES;12;14;1066;;2;MASCULINO;1;SOLTEIRO;4549;45 a 49 anos                  ;2;LÊ E ESCREVE;-3;#NE;-3;#NE;-3;#NE;-3;#NE;Obrigatório;1;0;0;0
13/04/2021;19:37:12;2012;ES;56057;ALFREDO CHAVES;12;14;1066;;2;MASCULINO;1;SOLTEIRO;4549;45 a 49 anos                  ;3;ENSINO FUNDAMENTAL INCOMPLETO;-3;#NE;-3;#NE;-3;#NE;-3;#NE;Obrigatório;4;0;0;0
13/04/2021;19:37:12;2012;ES;56057;ALFREDO CHAVES;12;14;1066;;2;MASCULINO;1;SOLTEIRO;4549;45 a 49 anos                  ;4;ENSINO FUNDAMENTAL COMPLETO;-3;#NE;-3;#NE;-3;#NE;-3;#NE;Obrigatório;2;0;0;0
13/04/2021;19:37:12;2012;ES;56057;ALFREDO CHAVES;12;14;1066;;2;MASCULINO;1;SOLTEIRO;4549;45 a 49 anos                  ;7;SUPERIOR INCOMPLETO;-3;#NE;-3;#NE;-3;#NE;-3;#NE;Obrigatório;1;0;0;0
13/04/2021;19:37:12;2012;ES;56057;ALFREDO CHAVES;12;14;1066;;2;MASCULINO;1;SOLTEIRO;5054;50 a 54 anos                  ;2;LÊ E ESCREVE;-3;#NE;-3;#NE;-3;#NE;-3;#NE;Obrigatório;1;0;0;0
13/04/2021;19:37:12;2012;ES;56057;ALFREDO CHAVES;12;14;1066;;2;MASCULINO;1;SOLTEIRO;5054;50 a 54 anos                  ;4;ENSINO FUNDAMENTAL COMPLETO;-3;#NE;-3;#NE;-3;#NE;-3;#NE;Obrigatório;1;0;0;0
13/04/2021;19:37:12;2012;ES;56057;ALFREDO CHAVES;12;14;1066;;2;MASCULINO;1;SOLTEIRO;5559;55 a 59 anos                  ;3;ENSINO FUNDAMENTAL INCOMPLETO;-3;#NE;-3;#NE;-3;#NE;-3;#NE;Obrigatório;5;0;0;0
13/04/2021;19:37:12;2012;ES;56057;ALFREDO CHAVES;12;14;1066;;2;MASCULINO;1;SOLTEIRO;5559;55 a 59 anos                  ;4;ENSINO FUNDAMENTAL COMPLETO;-3;#NE;-3;#NE;-3;#NE;-3;#NE;Obrigatório;1;0;0;0
13/04/2021;19:37:12;2012;ES;56057;ALFREDO CHAVES;12;14;1066;;2;MASCULINO;1;SOLTEIRO;6064;60 a 64 anos                  ;3;ENSINO FUNDAMENTAL INCOMPLETO;-3;#NE;-3;#NE;-3;#NE;-3;#NE;Obrigatório;4;0;0;0
13/04/2021;19:37:12;2012;ES;56057;ALFREDO CHAVES;12;14;1066;;2;MASCULINO;1;SOLTEIRO;6569;65 a 69 anos                  ;6;ENSINO MÉDIO COMPLETO;-3;#NE;-3;#NE;-3;#NE;-3;#NE;Obrigatório;1;0;0;0
13/04/2021;19:37:12;2012;ES;56057;ALFREDO CHAVES;12;14;1066;;2;MASCULINO;1;SOLTEIRO;7579;75 a 79 anos                  ;3;ENSINO FUNDAMENTAL INCOMPLETO;-3;#NE;-3;#NE;-3;#NE;-3;#NE;Facultativo;1;0;0;0
13/04/2021;19:37:12;2012;ES;56057;ALFREDO CHAVES;12;14;1066;;2;MASCULINO;3;CASADO;3034;30 a 34 anos                  ;4;ENSINO FUNDAMENTAL COMPLETO;-3;#NE;-3;#NE;-3;#NE;-3;#NE;Obrigatório;1;0;0;0
13/04/2021;19:37:12;2012;ES;56057;ALFREDO CHAVES;12;14;1066;;2;MASCULINO;3;CASADO;3539;35 a 39 anos                  ;3;ENSINO FUNDAMENTAL INCOMPLETO;-3;#NE;-3;#NE;-3;#NE;-3;#NE;Obrigatório;1;0;0;0
13/04/2021;19:37:12;2012;ES;56057;ALFREDO CHAVES;12;14;1066;;2;MASCULINO;3;CASADO;4044;40 a 44 anos                  ;3;ENSINO FUNDAMENTAL INCOMPLETO;-3;#NE;-3;#NE;-3;#NE;-3;#NE;Obrigatório;4;0;0;0
13/04/2021;19:37:12;2012;ES;56057;ALFREDO CHAVES;12;14;1066;;2;MASCULINO;3;CASADO;4549;45 a 49 anos                  ;1;ANALFABETO;-3;#NE;-3;#NE;-3;#NE;-3;#NE;Facultativo;1;0;0;0
13/04/2021;19:37:12;2012;ES;56057;ALFREDO CHAVES;12;14;1066;;2;MASCULINO;3;CASADO;4549;45 a 49 anos                  ;3;ENSINO FUNDAMENTAL INCOMPLETO;-3;#NE;-3;#NE;-3;#NE;-3;#NE;Obrigatório;1;0;0;0
13/04/2021;19:37:12;2012;ES;56057;ALFREDO CHAVES;12;16;1082;;4;FEMININO;1;SOLTEIRO;3539;35 a 39 anos                  ;6;ENSINO MÉDIO COMPLETO;-3;#NE;-3;#NE;-3;#NE;-3;#NE;Obrigatório;1;0;0;0
13/04/2021;19:37:12;2012;ES;56057;ALFREDO CHAVES;12;16;1082;;4;FEMININO;1;SOLTEIRO;4044;40 a 44 anos                  ;3;ENSINO FUNDAMENTAL INCOMPLETO;-3;#NE;-3;#NE;-3;#NE;-3;#NE;Obrigatório;1;0;0;0
13/04/2021;19:37:12;2012;ES;56057;ALFREDO CHAVES;12;16;1082;;4;FEMININO;1;SOLTEIRO;4044;40 a 44 anos                  ;5;ENSINO MÉDIO INCOMPLETO;-3;#NE;-3;#NE;-3;#NE;-3;#NE;Obrigatório;1;0;0;0
13/04/2021;19:37:12;2012;ES;56057;ALFREDO CHAVES;12;16;1082;;4;FEMININO;1;SOLTEIRO;4549;45 a 49 anos                  ;3;ENSINO FUNDAMENTAL INCOMPLETO;-3;#NE;-3;#NE;-3;#NE;-3;#NE;Obrigatório;2;0;0;0
13/04/2021;19:37:12;2012;ES;56057;ALFREDO CHAVES;12;16;1082;;4;FEMININO;1;SOLTEIRO;4549;45 a 49 anos                  ;6;ENSINO MÉDIO COMPLETO;-3;#NE;-3;#NE;-3;#NE;-3;#NE;Obrigatório;2;0;0;0
13/04/2021;19:37:12;2012;ES;56057;ALFREDO CHAVES;12;16;1082;;4;FEMININO;1;SOLTEIRO;5054;50 a 54 anos                  ;3;ENSINO FUNDAMENTAL INCOMPLETO;-3;#NE;-3;#NE;-3;#NE;-3;#NE;Obrigatório;1;0;0;0
13/04/2021;19:37:12;2012;ES;56057;ALFREDO CHAVES;12;16;1082;;4;FEMININO;1;SOLTEIRO;5054;50 a 54 anos                  ;6;ENSINO MÉDIO COMPLETO;-3;#NE;-3;#NE;-3;#NE;-3;#NE;Obrigatório;1;0;0;0
13/04/2021;19:37:12;2012;ES;56057;ALFREDO CHAVES;12;16;1082;;4;FEMININO;1;SOLTEIRO;5559;55 a 59 anos                  ;2;LÊ E ESCREVE;-3;#NE;-3;#NE;-3;#NE;-3;#NE;Obrigatório;1;0;0;0
13/04/2021;19:37:12;2012;ES;56057;ALFREDO CHAVES;12;16;1082;;4;FEMININO;1;SOLTEIRO;5559;55 a 59 anos                  ;6;ENSINO MÉDIO COMPLETO;-3;#NE;-3;#NE;-3;#NE;-3;#NE;Obrigatório;1;0;0;0
13/04/2021;19:37:12;2012;ES;56057;ALFREDO CHAVES;12;16;1082;;4;FEMININO;3;CASADO;1800;18 anos                       ;3;ENSINO FUNDAMENTAL INCOMPLETO;-3;#NE;-3;#NE;-3;#NE;-3;#NE;Obrigatório;1;0;0;0
13/04/2021;19:37:12;2012;ES;56057;ALFREDO CHAVES;12;16;1082;;4;FEMININO;3;CASADO;2529;25 a 29 anos                  ;2;LÊ E ESCREVE;-3;#NE;-3;#NE;-3;#NE;-3;#NE;Obrigatório;1;0;0;0
13/04/2021;19:37:12;2012;ES;56057;ALFREDO CHAVES;12;16;1082;;4;FEMININO;3;CASADO;3034;30 a 34 anos                  ;3;ENSINO FUNDAMENTAL INCOMPLETO;-3;#NE;-3;#NE;-3;#NE;-3;#NE;Obrigatório;3;0;0;0
13/04/2021;19:37:12;2012;ES;56057;ALFREDO CHAVES;12;16;1082;;4;FEMININO;3;CASADO;3539;35 a 39 anos                  ;3;ENSINO FUNDAMENTAL INCOMPLETO;-3;#NE;-3;#NE;-3;#NE;-3;#NE;Obrigatório;4;0;0;0
13/04/2021;19:37:12;2012;ES;56057;ALFREDO CHAVES;12;16;1082;;4;FEMININO;3;CASADO;3539;35 a 39 anos                  ;4;ENSINO FUNDAMENTAL COMPLETO;-3;#NE;-3;#NE;-3;#NE;-3;#NE;Obrigatório;1;0;0;0
13/04/2021;19:37:12;2012;ES;56057;ALFREDO CHAVES;12;16;1082;;4;FEMININO;3;CASADO;4044;40 a 44 anos                  ;3;ENSINO FUNDAMENTAL INCOMPLETO;-3;#NE;-3;#NE;-3;#NE;-3;#NE;Obrigatório;9;0;0;0
13/04/2021;19:37:12;2012;ES;56057;ALFREDO CHAVES;12;16;1082;;4;FEMININO;3;CASADO;4549;45 a 49 anos                  ;2;LÊ E ESCREVE;-3;#NE;-3;#NE;-3;#NE;-3;#NE;Obrigatório;1;0;0;0
13/04/2021;19:37:12;2012;ES;56057;ALFREDO CHAVES;12;16;1082;;4;FEMININO;3;CASADO;4549;45 a 49 anos                  ;3;ENSINO FUNDAMENTAL INCOMPLETO;-3;#NE;-3;#NE;-3;#NE;-3;#NE;Obrigatório;7;0;0;0
13/04/2021;19:37:12;2012;ES;56057;ALFREDO CHAVES;12;16;1082;;4;FEMININO;3;CASADO;5054;50 a 54 anos                  ;0;NÃO INFORMADO;-3;#NE;-3;#NE;-3;#NE;-3;#NE;Obrigatório;1;0;0;0
13/04/2021;19:37:12;2012;ES;56057;ALFREDO CHAVES;12;16;1082;;4;FEMININO;3;CASADO;5054;50 a 54 anos                  ;2;LÊ E ESCREVE;-3;#NE;-3;#NE;-3;#NE;-3;#NE;Obrigatório;1;0;0;0
13/04/2021;19:37:12;2012;ES;56057;ALFREDO CHAVES;12;16;1082;;4;FEMININO;3;CASADO;5054;50 a 54 anos                  ;3;ENSINO FUNDAMENTAL INCOMPLETO;-3;#NE;-3;#NE;-3;#NE;-3;#NE;Obrigatório;4;0;0;0
13/04/2021;19:37:12;2012;ES;56057;ALFREDO CHAVES;12;16;1082;;4;FEMININO;3;CASADO;5054;50 a 54 anos                  ;6;ENSINO MÉDIO COMPLETO;-3;#NE;-3;#NE;-3;#NE;-3;#NE;Obrigatório;2;0;0;0
13/04/2021;19:37:12;2012;ES;56057;ALFREDO CHAVES;12;16;1082;;4;FEMININO;3;CASADO;5559;55 a 59 anos                  ;2;LÊ E ESCREVE;-3;#NE;-3;#NE;-3;#NE;-3;#NE;Obrigatório;2;0;0;0
13/04/2021;19:37:12;2012;ES;56057;ALFREDO CHAVES;12;16;1082;;4;FEMININO;3;CASADO;5559;55 a 59 anos                  ;3;ENSINO FUNDAMENTAL INCOMPLETO;-3;#NE;-3;#NE;-3;#NE;-3;#NE;Obrigatório;1;0;0;0
13/04/2021;19:37:12;2012;ES;56057;ALFREDO CHAVES;12;16;1082;;4;FEMININO;3;CASADO;5559;55 a 59 anos                  ;6;ENSINO MÉDIO COMPLETO;-3;#NE;-3;#NE;-3;#NE;-3;#NE;Obrigatório;1;0;0;0
13/04/2021;19:37:12;2012;ES;56057;ALFREDO CHAVES;12;16;1082;;4;FEMININO;3;CASADO;6064;60 a 64 anos                  ;3;ENSINO FUNDAMENTAL INCOMPLETO;-3;#NE;-3;#NE;-3;#NE;-3;#NE;Obrigatório;4;0;0;0
13/04/2021;19:37:12;2012;ES;56057;ALFREDO CHAVES;12;16;1082;;4;FEMININO;3;CASADO;6064;60 a 64 anos                  ;6;ENSINO MÉDIO COMPLETO;-3;#NE;-3;#NE;-3;#NE;-3;#NE;Obrigatório;1;0;0;0
13/04/2021;19:37:12;2012;ES;56057;ALFREDO CHAVES;12;16;1082;;4;FEMININO;3;CASADO;6569;65 a 69 anos                  ;2;LÊ E ESCREVE;-3;#NE;-3;#NE;-3;#NE;-3;#NE;Obrigatório;1;0;0;0
13/04/2021;19:37:12;2012;ES;56057;ALFREDO CHAVES;12;16;1082;;4;FEMININO;3;CASADO;7074;70 a 74 anos                  ;1;ANALFABETO;-3;#NE;-3;#NE;-3;#NE;-3;#NE;Facultativo;1;0;0;0
13/04/2021;19:37:12;2012;ES;56057;ALFREDO CHAVES;12;16;1082;;4;FEMININO;3;CASADO;7074;70 a 74 anos                  ;2;LÊ E ESCREVE;-3;#NE;-3;#NE;-3;#NE;-3;#NE;Facultativo;2;0;0;0
13/04/2021;19:37:12;2012;ES;56057;ALFREDO CHAVES;12;18;1090;;4;FEMININO;1;SOLTEIRO;2529;25 a 29 anos                  ;7;SUPERIOR INCOMPLETO;-3;#NE;-3;#NE;-3;#NE;-3;#NE;Obrigatório;1;0;0;0
13/04/2021;19:37:12;2012;ES;56057;ALFREDO CHAVES;12;18;1090;;4;FEMININO;1;SOLTEIRO;3034;30 a 34 anos                  ;2;LÊ E ESCREVE;-3;#NE;-3;#NE;-3;#NE;-3;#NE;Obrigatório;1;0;0;0
13/04/2021;19:37:12;2012;ES;56057;ALFREDO CHAVES;12;18;1090;;4;FEMININO;1;SOLTEIRO;3034;30 a 34 anos                  ;3;ENSINO FUNDAMENTAL INCOMPLETO;-3;#NE;-3;#NE;-3;#NE;-3;#NE;Obrigatório;5;0;0;0
13/04/2021;19:37:12;2012;ES;56057;ALFREDO CHAVES;12;18;1090;;4;FEMININO;1;SOLTEIRO;3034;30 a 34 anos                  ;4;ENSINO FUNDAMENTAL COMPLETO;-3;#NE;-3;#NE;-3;#NE;-3;#NE;Obrigatório;1;0;0;0
13/04/2021;19:37:12;2012;ES;56057;ALFREDO CHAVES;12;18;1090;;4;FEMININO;1;SOLTEIRO;3034;30 a 34 anos                  ;6;ENSINO MÉDIO COMPLETO;-3;#NE;-3;#NE;-3;#NE;-3;#NE;Obrigatório;3;0;0;0
13/04/2021;19:37:12;2012;ES;56057;ALFREDO CHAVES;12;18;1090;;4;FEMININO;1;SOLTEIRO;3034;30 a 34 anos                  ;8;SUPERIOR COMPLETO;-3;#NE;-3;#NE;-3;#NE;-3;#NE;Obrigatório;2;0;0;0
13/04/2021;19:37:12;2012;ES;56057;ALFREDO CHAVES;12;18;1090;;4;FEMININO;1;SOLTEIRO;3539;35 a 39 anos                  ;1;ANALFABETO;-3;#NE;-3;#NE;-3;#NE;-3;#NE;Facultativo;1;0;0;0
13/04/2021;19:37:12;2012;ES;56057;ALFREDO CHAVES;12;18;1090;;4;FEMININO;1;SOLTEIRO;4044;40 a 44 anos                  ;3;ENSINO FUNDAMENTAL INCOMPLETO;-3;#NE;-3;#NE;-3;#NE;-3;#NE;Obrigatório;2;0;0;0
13/04/2021;19:37:12;2012;ES;56057;ALFREDO CHAVES;12;18;1090;;4;FEMININO;1;SOLTEIRO;4044;40 a 44 anos                  ;6;ENSINO MÉDIO COMPLETO;-3;#NE;-3;#NE;-3;#NE;-3;#NE;Obrigatório;1;0;0;0
13/04/2021;19:37:12;2012;ES;56057;ALFREDO CHAVES;12;18;1090;;4;FEMININO;1;SOLTEIRO;4044;40 a 44 anos                  ;7;SUPERIOR INCOMPLETO;-3;#NE;-3;#NE;-3;#NE;-3;#NE;Obrigatório;1;0;0;0
13/04/2021;19:37:12;2012;ES;56057;ALFREDO CHAVES;12;18;1090;;4;FEMININO;1;SOLTEIRO;4549;45 a 49 anos                  ;5;ENSINO MÉDIO INCOMPLETO;-3;#NE;-3;#NE;-3;#NE;-3;#NE;Obrigatório;1;0;0;0
13/04/2021;19:37:12;2012;ES;56057;ALFREDO CHAVES;12;18;1090;;4;FEMININO;1;SOLTEIRO;4549;45 a 49 anos                  ;6;ENSINO MÉDIO COMPLETO;-3;#NE;-3;#NE;-3;#NE;-3;#NE;Obrigatório;1;0;0;0
13/04/2021;19:37:12;2012;ES;56057;ALFREDO CHAVES;12;18;1090;;4;FEMININO;1;SOLTEIRO;4549;45 a 49 anos                  ;7;SUPERIOR INCOMPLETO;-3;#NE;-3;#NE;-3;#NE;-3;#NE;Obrigatório;1;0;0;0
13/04/2021;19:37:12;2012;ES;56057;ALFREDO CHAVES;12;18;1090;;4;FEMININO;1;SOLTEIRO;5054;50 a 54 anos                  ;3;ENSINO FUNDAMENTAL INCOMPLETO;-3;#NE;-3;#NE;-3;#NE;-3;#NE;Obrigatório;1;0;0;0
13/04/2021;19:37:12;2012;ES;56057;ALFREDO CHAVES;12;18;1090;;4;FEMININO;1;SOLTEIRO;5559;55 a 59 anos                  ;4;ENSINO FUNDAMENTAL COMPLETO;-3;#NE;-3;#NE;-3;#NE;-3;#NE;Obrigatório;1;0;0;0
13/04/2021;19:37:12;2012;ES;56057;ALFREDO CHAVES;12;18;1090;;4;FEMININO;1;SOLTEIRO;6569;65 a 69 anos                  ;1;ANALFABETO;-3;#NE;-3;#NE;-3;#NE;-3;#NE;Facultativo;1;0;0;0
13/04/2021;19:37:12;2012;ES;56057;ALFREDO CHAVES;12;18;1090;;4;FEMININO;3;CASADO;2000;20 anos                       ;6;ENSINO MÉDIO COMPLETO;-3;#NE;-3;#NE;-3;#NE;-3;#NE;Obrigatório;1;0;0;0
13/04/2021;19:37:12;2012;ES;56057;ALFREDO CHAVES;12;18;1090;;4;FEMININO;3;CASADO;3539;35 a 39 anos                  ;3;ENSINO FUNDAMENTAL INCOMPLETO;-3;#NE;-3;#NE;-3;#NE;-3;#NE;Obrigatório;4;0;0;0
13/04/2021;19:37:12;2012;ES;56057;ALFREDO CHAVES;12;18;1090;;4;FEMININO;3;CASADO;4044;40 a 44 anos                  ;2;LÊ E ESCREVE;-3;#NE;-3;#NE;-3;#NE;-3;#NE;Obrigatório;1;0;0;0
13/04/2021;19:37:12;2012;ES;56057;ALFREDO CHAVES;12;18;1090;;4;FEMININO;3;CASADO;4549;45 a 49 anos                  ;6;ENSINO MÉDIO COMPLETO;-3;#NE;-3;#NE;-3;#NE;-3;#NE;Obrigatório;1;0;0;0
13/04/2021;19:37:12;2012;ES;56057;ALFREDO CHAVES;12;18;1090;;4;FEMININO;3;CASADO;5054;50 a 54 anos                  ;2;LÊ E ESCREVE;-3;#NE;-3;#NE;-3;#NE;-3;#NE;Obrigatório;1;0;0;0
13/04/2021;19:37:12;2012;ES;56057;ALFREDO CHAVES;12;18;1090;;4;FEMININO;3;CASADO;5054;50 a 54 anos                  ;3;ENSINO FUNDAMENTAL INCOMPLETO;-3;#NE;-3;#NE;-3;#NE;-3;#NE;Obrigatório;1;0;0;0
13/04/2021;19:37:12;2012;ES;56057;ALFREDO CHAVES;12;18;1090;;4;FEMININO;3;CASADO;5054;50 a 54 anos                  ;6;ENSINO MÉDIO COMPLETO;-3;#NE;-3;#NE;-3;#NE;-3;#NE;Obrigatório;3;0;0;0
13/04/2021;19:37:12;2012;ES;56057;ALFREDO CHAVES;12;18;1090;;4;FEMININO;3;CASADO;5054;50 a 54 anos                  ;7;SUPERIOR INCOMPLETO;-3;#NE;-3;#NE;-3;#NE;-3;#NE;Obrigatório;1;0;0;0
13/04/2021;19:37:12;2012;ES;56057;ALFREDO CHAVES;12;18;1090;;4;FEMININO;3;CASADO;5054;50 a 54 anos                  ;8;SUPERIOR COMPLETO;-3;#NE;-3;#NE;-3;#NE;-3;#NE;Obrigatório;2;0;0;0
13/04/2021;19:37:12;2012;ES;56057;ALFREDO CHAVES;12;18;1090;;4;FEMININO;3;CASADO;5559;55 a 59 anos                  ;1;ANALFABETO;-3;#NE;-3;#NE;-3;#NE;-3;#NE;Facultativo;1;0;0;0
13/04/2021;19:37:12;2012;ES;56057;ALFREDO CHAVES;12;18;1090;;4;FEMININO;3;CASADO;5559;55 a 59 anos                  ;4;ENSINO FUNDAMENTAL COMPLETO;-3;#NE;-3;#NE;-3;#NE;-3;#NE;Obrigatório;1;0;0;0
13/04/2021;19:37:12;2012;ES;56057;ALFREDO CHAVES;12;18;1090;;4;FEMININO;3;CASADO;5559;55 a 59 anos                  ;6;ENSINO MÉDIO COMPLETO;-3;#NE;-3;#NE;-3;#NE;-3;#NE;Obrigatório;2;0;0;0
13/04/2021;19:37:12;2012;ES;56057;ALFREDO CHAVES;12;18;1090;;4;FEMININO;3;CASADO;5559;55 a 59 anos                  ;8;SUPERIOR COMPLETO;-3;#NE;-3;#NE;-3;#NE;-3;#NE;Obrigatório;1;0;0;0
13/04/2021;19:37:12;2012;ES;56057;ALFREDO CHAVES;12;18;1090;;4;FEMININO;3;CASADO;6064;60 a 64 anos                  ;2;LÊ E ESCREVE;-3;#NE;-3;#NE;-3;#NE;-3;#NE;Obrigatório;1;0;0;0
13/04/2021;19:37:12;2012;ES;56057;ALFREDO CHAVES;12;18;1090;;4;FEMININO;3;CASADO;6064;60 a 64 anos                  ;3;ENSINO FUNDAMENTAL INCOMPLETO;-3;#NE;-3;#NE;-3;#NE;-3;#NE;Obrigatório;1;0;0;0
13/04/2021;19:37:12;2012;ES;56057;ALFREDO CHAVES;12;18;1090;;4;FEMININO;3;CASADO;6064;60 a 64 anos                  ;6;ENSINO MÉDIO COMPLETO;-3;#NE;-3;#NE;-3;#NE;-3;#NE;Obrigatório;3;0;0;0
13/04/2021;19:37:12;2012;ES;56057;ALFREDO CHAVES;12;18;1090;;4;FEMININO;3;CASADO;6064;60 a 64 anos                  ;8;SUPERIOR COMPLETO;-3;#NE;-3;#NE;-3;#NE;-3;#NE;Obrigatório;4;0;0;0
13/04/2021;19:37:12;2012;ES;56057;ALFREDO CHAVES;12;18;1090;;4;FEMININO;3;CASADO;6569;65 a 69 anos                  ;1;ANALFABETO;-3;#NE;-3;#NE;-3;#NE;-3;#NE;Facultativo;1;0;0;0
13/04/2021;19:37:12;2012;ES;56057;ALFREDO CHAVES;12;18;1090;;4;FEMININO;3;CASADO;6569;65 a 69 anos                  ;2;LÊ E ESCREVE;-3;#NE;-3;#NE;-3;#NE;-3;#NE;Obrigatório;2;0;0;0
13/04/2021;19:37:12;2012;ES;56057;ALFREDO CHAVES;12;18;1090;;4;FEMININO;3;CASADO;6569;65 a 69 anos                  ;8;SUPERIOR COMPLETO;-3;#NE;-3;#NE;-3;#NE;-3;#NE;Obrigatório;1;0;0;0
13/04/2021;19:37:12;2012;ES;56057;ALFREDO CHAVES;12;18;1090;;4;FEMININO;3;CASADO;7074;70 a 74 anos                  ;2;LÊ E ESCREVE;-3;#NE;-3;#NE;-3;#NE;-3;#NE;Facultativo;1;0;0;0
13/04/2021;19:37:12;2012;ES;56057;ALFREDO CHAVES;12;18;1090;;4;FEMININO;3;CASADO;7074;70 a 74 anos                  ;3;ENSINO FUNDAMENTAL INCOMPLETO;-3;#NE;-3;#NE;-3;#NE;-3;#NE;Facultativo;2;0;0;0
13/04/2021;19:37:12;2012;ES;56057;ALFREDO CHAVES;12;18;1090;;4;FEMININO;3;CASADO;7579;75 a 79 anos                  ;3;ENSINO FUNDAMENTAL INCOMPLETO;-3;#NE;-3;#NE;-3;#NE;-3;#NE;Facultativo;2;0;0;0
13/04/2021;19:37:12;2012;ES;56057;ALFREDO CHAVES;12;18;1090;;4;FEMININO;3;CASADO;9094;90 a 94 anos                  ;2;LÊ E ESCREVE;-3;#NE;-3;#NE;-3;#NE;-3;#NE;Facultativo;1;0;0;0
13/04/2021;19:37:12;2012;ES;56057;ALFREDO CHAVES;12;18;1090;;4;FEMININO;3;CASADO;9094;90 a 94 anos                  ;6;ENSINO MÉDIO COMPLETO;-3;#NE;-3;#NE;-3;#NE;-3;#NE;Facultativo;1;0;0;0
13/04/2021;19:37:12;2012;ES;56057;ALFREDO CHAVES;12;18;1090;;4;FEMININO;5;VIÚVO;3539;35 a 39 anos                  ;5;ENSINO MÉDIO INCOMPLETO;-3;#NE;-3;#NE;-3;#NE;-3;#NE;Obrigatório;1;0;0;0
13/04/2021;19:37:12;2012;ES;56057;ALFREDO CHAVES;12;18;1090;;4;FEMININO;5;VIÚVO;5054;50 a 54 anos                  ;4;ENSINO FUNDAMENTAL COMPLETO;-3;#NE;-3;#NE;-3;#NE;-3;#NE;Obrigatório;1;0;0;0
13/04/2021;19:37:12;2012;ES;56057;ALFREDO CHAVES;12;18;1090;;4;FEMININO;7;SEPARADO JUDICIALMENTE;3034;30 a 34 anos                  ;3;ENSINO FUNDAMENTAL INCOMPLETO;-3;#NE;-3;#NE;-3;#NE;-3;#NE;Obrigatório;1;0;0;0
13/04/2021;19:37:12;2012;ES;56057;ALFREDO CHAVES;12;20;1112;;4;FEMININO;3;CASADO;6064;60 a 64 anos                  ;3;ENSINO FUNDAMENTAL INCOMPLETO;-3;#NE;-3;#NE;-3;#NE;-3;#NE;Obrigatório;5;0;0;0
13/04/2021;19:37:12;2012;ES;56057;ALFREDO CHAVES;12;20;1112;;4;FEMININO;3;CASADO;6569;65 a 69 anos                  ;3;ENSINO FUNDAMENTAL INCOMPLETO;-3;#NE;-3;#NE;-3;#NE;-3;#NE;Obrigatório;1;0;0;0
13/04/2021;19:37:12;2012;ES;56057;ALFREDO CHAVES;12;20;1112;;4;FEMININO;3;CASADO;6569;65 a 69 anos                  ;4;ENSINO FUNDAMENTAL COMPLETO;-3;#NE;-3;#NE;-3;#NE;-3;#NE;Obrigatório;1;0;0;0
13/04/2021;19:37:12;2012;ES;56057;ALFREDO CHAVES;12;20;1112;;4;FEMININO;3;CASADO;7074;70 a 74 anos                  ;1;ANALFABETO;-3;#NE;-3;#NE;-3;#NE;-3;#NE;Facultativo;2;0;0;0
13/04/2021;19:37:12;2012;ES;56057;ALFREDO CHAVES;12;20;1112;;4;FEMININO;3;CASADO;7074;70 a 74 anos                  ;3;ENSINO FUNDAMENTAL INCOMPLETO;-3;#NE;-3;#NE;-3;#NE;-3;#NE;Facultativo;2;0;0;0
13/04/2021;19:37:12;2012;ES;56057;ALFREDO CHAVES;12;20;1112;;4;FEMININO;3;CASADO;7074;70 a 74 anos                  ;8;SUPERIOR COMPLETO;-3;#NE;-3;#NE;-3;#NE;-3;#NE;Facultativo;1;0;0;0
13/04/2021;19:37:12;2012;ES;56057;ALFREDO CHAVES;12;20;1112;;4;FEMININO;3;CASADO;7579;75 a 79 anos                  ;2;LÊ E ESCREVE;-3;#NE;-3;#NE;-3;#NE;-3;#NE;Facultativo;2;0;0;0
13/04/2021;19:37:12;2012;ES;56057;ALFREDO CHAVES;12;20;1112;;4;FEMININO;3;CASADO;8084;80 a 84 anos                  ;2;LÊ E ESCREVE;-3;#NE;-3;#NE;-3;#NE;-3;#NE;Facultativo;1;0;0;0
13/04/2021;19:37:12;2012;ES;56057;ALFREDO CHAVES;12;20;1112;;4;FEMININO;3;CASADO;8084;80 a 84 anos                  ;3;ENSINO FUNDAMENTAL INCOMPLETO;-3;#NE;-3;#NE;-3;#NE;-3;#NE;Facultativo;1;0;0;0
13/04/2021;19:37:12;2012;ES;56057;ALFREDO CHAVES;12;20;1112;;4;FEMININO;3;CASADO;9094;90 a 94 anos                  ;3;ENSINO FUNDAMENTAL INCOMPLETO;-3;#NE;-3;#NE;-3;#NE;-3;#NE;Facultativo;1;0;0;0
13/04/2021;19:37:12;2012;ES;56057;ALFREDO CHAVES;12;20;1112;;4;FEMININO;5;VIÚVO;8084;80 a 84 anos                  ;1;ANALFABETO;-3;#NE;-3;#NE;-3;#NE;-3;#NE;Facultativo;1;0;0;0
13/04/2021;19:37:12;2012;ES;56057;ALFREDO CHAVES;12;20;1112;;4;FEMININO;7;SEPARADO JUDICIALMENTE;6064;60 a 64 anos                  ;4;ENSINO FUNDAMENTAL COMPLETO;-3;#NE;-3;#NE;-3;#NE;-3;#NE;Obrigatório;1;0;0;0
13/04/2021;19:37:12;2012;ES;56057;ALFREDO CHAVES;12;20;1112;;4;FEMININO;9;DIVORCIADO;4044;40 a 44 anos                  ;4;ENSINO FUNDAMENTAL COMPLETO;-3;#NE;-3;#NE;-3;#NE;-3;#NE;Obrigatório;1;0;0;0
13/04/2021;19:37:12;2012;ES;56057;ALFREDO CHAVES;12;21;1120;;2;MASCULINO;0;NÃO INFORMADO;6569;65 a 69 anos                  ;3;ENSINO FUNDAMENTAL INCOMPLETO;-3;#NE;-3;#NE;-3;#NE;-3;#NE;Obrigatório;1;0;0;0
13/04/2021;19:37:12;2012;ES;56057;ALFREDO CHAVES;12;21;1120;;2;MASCULINO;1;SOLTEIRO;1600;16 anos                       ;5;ENSINO MÉDIO INCOMPLETO;-3;#NE;-3;#NE;-3;#NE;-3;#NE;Facultativo;1;0;0;0
13/04/2021;19:37:12;2012;ES;56057;ALFREDO CHAVES;12;21;1120;;2;MASCULINO;1;SOLTEIRO;1700;17 anos                       ;5;ENSINO MÉDIO INCOMPLETO;-3;#NE;-3;#NE;-3;#NE;-3;#NE;Facultativo;2;0;0;0
13/04/2021;19:37:12;2012;ES;56057;ALFREDO CHAVES;12;21;1120;;2;MASCULINO;1;SOLTEIRO;1900;19 anos                       ;3;ENSINO FUNDAMENTAL INCOMPLETO;-3;#NE;-3;#NE;-3;#NE;-3;#NE;Obrigatório;2;0;0;0
13/04/2021;19:37:12;2012;ES;56057;ALFREDO CHAVES;12;21;1120;;2;MASCULINO;1;SOLTEIRO;2000;20 anos                       ;3;ENSINO FUNDAMENTAL INCOMPLETO;-3;#NE;-3;#NE;-3;#NE;-3;#NE;Obrigatório;1;0;0;0
13/04/2021;19:37:12;2012;ES;56057;ALFREDO CHAVES;12;21;1120;;2;MASCULINO;1;SOLTEIRO;2124;21 a 24 anos                  ;3;ENSINO FUNDAMENTAL INCOMPLETO;-3;#NE;-3;#NE;-3;#NE;-3;#NE;Obrigatório;6;0;0;0
13/04/2021;19:37:12;2012;ES;56057;ALFREDO CHAVES;12;21;1120;;2;MASCULINO;1;SOLTEIRO;2124;21 a 24 anos                  ;4;ENSINO FUNDAMENTAL COMPLETO;-3;#NE;-3;#NE;-3;#NE;-3;#NE;Obrigatório;3;0;0;0
13/04/2021;19:37:12;2012;ES;56057;ALFREDO CHAVES;12;21;1120;;2;MASCULINO;1;SOLTEIRO;2124;21 a 24 anos                  ;5;ENSINO MÉDIO INCOMPLETO;-3;#NE;-3;#NE;-3;#NE;-3;#NE;Obrigatório;5;0;0;0
13/04/2021;19:37:12;2012;ES;56057;ALFREDO CHAVES;12;21;1120;;2;MASCULINO;1;SOLTEIRO;2529;25 a 29 anos                  ;3;ENSINO FUNDAMENTAL INCOMPLETO;-3;#NE;-3;#NE;-3;#NE;-3;#NE;Obrigatório;9;0;0;0
13/04/2021;19:37:12;2012;ES;56057;ALFREDO CHAVES;12;21;1120;;2;MASCULINO;1;SOLTEIRO;2529;25 a 29 anos                  ;4;ENSINO FUNDAMENTAL COMPLETO;-3;#NE;-3;#NE;-3;#NE;-3;#NE;Obrigatório;7;0;0;0
13/04/2021;19:37:12;2012;ES;56057;ALFREDO CHAVES;12;21;1120;;2;MASCULINO;1;SOLTEIRO;2529;25 a 29 anos                  ;5;ENSINO MÉDIO INCOMPLETO;-3;#NE;-3;#NE;-3;#NE;-3;#NE;Obrigatório;8;0;0;0
13/04/2021;19:37:12;2012;ES;56057;ALFREDO CHAVES;12;21;1120;;2;MASCULINO;1;SOLTEIRO;3034;30 a 34 anos                  ;3;ENSINO FUNDAMENTAL INCOMPLETO;-3;#NE;-3;#NE;-3;#NE;-3;#NE;Obrigatório;10;0;0;0
13/04/2021;19:37:12;2012;ES;56057;ALFREDO CHAVES;12;21;1120;;2;MASCULINO;1;SOLTEIRO;3034;30 a 34 anos                  ;4;ENSINO FUNDAMENTAL COMPLETO;-3;#NE;-3;#NE;-3;#NE;-3;#NE;Obrigatório;4;0;0;0
13/04/2021;19:37:12;2012;ES;56057;ALFREDO CHAVES;12;21;1120;;2;MASCULINO;1;SOLTEIRO;3034;30 a 34 anos                  ;5;ENSINO MÉDIO INCOMPLETO;-3;#NE;-3;#NE;-3;#NE;-3;#NE;Obrigatório;7;0;0;0
13/04/2021;19:37:12;2012;ES;56057;ALFREDO CHAVES;12;21;1120;;2;MASCULINO;1;SOLTEIRO;3034;30 a 34 anos                  ;6;ENSINO MÉDIO COMPLETO;-3;#NE;-3;#NE;-3;#NE;-3;#NE;Obrigatório;1;0;0;0
13/04/2021;19:37:12;2012;ES;56057;ALFREDO CHAVES;12;21;1120;;2;MASCULINO;1;SOLTEIRO;3539;35 a 39 anos                  ;2;LÊ E ESCREVE;-3;#NE;-3;#NE;-3;#NE;-3;#NE;Obrigatório;1;0;0;0
13/04/2021;19:37:12;2012;ES;56057;ALFREDO CHAVES;12;21;1120;;2;MASCULINO;1;SOLTEIRO;3539;35 a 39 anos                  ;3;ENSINO FUNDAMENTAL INCOMPLETO;-3;#NE;-3;#NE;-3;#NE;-3;#NE;Obrigatório;14;0;0;0
13/04/2021;19:37:12;2012;ES;56057;ALFREDO CHAVES;12;21;1120;;2;MASCULINO;1;SOLTEIRO;4044;40 a 44 anos                  ;3;ENSINO FUNDAMENTAL INCOMPLETO;-3;#NE;-3;#NE;-3;#NE;-3;#NE;Obrigatório;17;0;0;0
13/04/2021;19:37:12;2012;ES;56057;ALFREDO CHAVES;12;21;1120;;2;MASCULINO;1;SOLTEIRO;4044;40 a 44 anos                  ;4;ENSINO FUNDAMENTAL COMPLETO;-3;#NE;-3;#NE;-3;#NE;-3;#NE;Obrigatório;1;0;0;0
13/04/2021;19:37:12;2012;ES;56057;ALFREDO CHAVES;12;21;1120;;2;MASCULINO;1;SOLTEIRO;4044;40 a 44 anos                  ;5;ENSINO MÉDIO INCOMPLETO;-3;#NE;-3;#NE;-3;#NE;-3;#NE;Obrigatório;1;0;0;0
13/04/2021;19:37:12;2012;ES;56057;ALFREDO CHAVES;12;21;1120;;2;MASCULINO;1;SOLTEIRO;4549;45 a 49 anos                  ;2;LÊ E ESCREVE;-3;#NE;-3;#NE;-3;#NE;-3;#NE;Obrigatório;1;0;0;0
13/04/2021;19:37:12;2012;ES;56057;ALFREDO CHAVES;12;21;1120;;2;MASCULINO;1;SOLTEIRO;4549;45 a 49 anos                  ;3;ENSINO FUNDAMENTAL INCOMPLETO;-3;#NE;-3;#NE;-3;#NE;-3;#NE;Obrigatório;11;0;0;0
13/04/2021;19:37:12;2012;ES;56057;ALFREDO CHAVES;12;21;1120;;2;MASCULINO;1;SOLTEIRO;4549;45 a 49 anos                  ;4;ENSINO FUNDAMENTAL COMPLETO;-3;#NE;-3;#NE;-3;#NE;-3;#NE;Obrigatório;3;0;0;0
13/04/2021;19:37:12;2012;ES;56057;ALFREDO CHAVES;12;21;1120;;2;MASCULINO;1;SOLTEIRO;5054;50 a 54 anos                  ;2;LÊ E ESCREVE;-3;#NE;-3;#NE;-3;#NE;-3;#NE;Obrigatório;2;0;0;0
13/04/2021;19:37:12;2012;ES;56057;ALFREDO CHAVES;12;21;1120;;2;MASCULINO;1;SOLTEIRO;5054;50 a 54 anos                  ;3;ENSINO FUNDAMENTAL INCOMPLETO;-3;#NE;-3;#NE;-3;#NE;-3;#NE;Obrigatório;3;0;0;0
13/04/2021;19:37:12;2012;ES;56057;ALFREDO CHAVES;12;21;1120;;2;MASCULINO;1;SOLTEIRO;5054;50 a 54 anos                  ;4;ENSINO FUNDAMENTAL COMPLETO;-3;#NE;-3;#NE;-3;#NE;-3;#NE;Obrigatório;3;0;0;0
13/04/2021;19:37:12;2012;ES;56057;ALFREDO CHAVES;12;21;1120;;2;MASCULINO;1;SOLTEIRO;5054;50 a 54 anos                  ;5;ENSINO MÉDIO INCOMPLETO;-3;#NE;-3;#NE;-3;#NE;-3;#NE;Obrigatório;1;0;0;0
13/04/2021;19:37:12;2012;ES;56057;ALFREDO CHAVES;12;21;1120;;2;MASCULINO;1;SOLTEIRO;5559;55 a 59 anos                  ;2;LÊ E ESCREVE;-3;#NE;-3;#NE;-3;#NE;-3;#NE;Obrigatório;2;0;0;0
13/04/2021;19:37:12;2012;ES;56057;ALFREDO CHAVES;12;21;1120;;2;MASCULINO;1;SOLTEIRO;5559;55 a 59 anos                  ;3;ENSINO FUNDAMENTAL INCOMPLETO;-3;#NE;-3;#NE;-3;#NE;-3;#NE;Obrigatório;1;0;0;0
13/04/2021;19:37:12;2012;ES;56057;ALFREDO CHAVES;12;21;1120;;2;MASCULINO;1;SOLTEIRO;6064;60 a 64 anos                  ;1;ANALFABETO;-3;#NE;-3;#NE;-3;#NE;-3;#NE;Facultativo;1;0;0;0
13/04/2021;19:37:12;2012;ES;56057;ALFREDO CHAVES;12;21;1120;;2;MASCULINO;1;SOLTEIRO;7579;75 a 79 anos                  ;1;ANALFABETO;-3;#NE;-3;#NE;-3;#NE;-3;#NE;Facultativo;1;0;0;0
13/04/2021;19:37:12;2012;ES;56057;ALFREDO CHAVES;12;21;1120;;2;MASCULINO;3;CASADO;3539;35 a 39 anos                  ;3;ENSINO FUNDAMENTAL INCOMPLETO;-3;#NE;-3;#NE;-3;#NE;-3;#NE;Obrigatório;3;0;0;0
13/04/2021;19:37:12;2012;ES;56057;ALFREDO CHAVES;12;21;1120;;2;MASCULINO;3;CASADO;4044;40 a 44 anos                  ;3;ENSINO FUNDAMENTAL INCOMPLETO;-3;#NE;-3;#NE;-3;#NE;-3;#NE;Obrigatório;1;0;0;0
13/04/2021;19:37:12;2012;ES;56057;ALFREDO CHAVES;12;21;1120;;2;MASCULINO;3;CASADO;4549;45 a 49 anos                  ;3;ENSINO FUNDAMENTAL INCOMPLETO;-3;#NE;-3;#NE;-3;#NE;-3;#NE;Obrigatório;5;0;0;0
13/04/2021;19:37:12;2012;ES;56057;ALFREDO CHAVES;12;21;1120;;2;MASCULINO;3;CASADO;5054;50 a 54 anos                  ;2;LÊ E ESCREVE;-3;#NE;-3;#NE;-3;#NE;-3;#NE;Obrigatório;1;0;0;0
13/04/2021;19:37:12;2012;ES;56057;ALFREDO CHAVES;12;21;1120;;2;MASCULINO;3;CASADO;5054;50 a 54 anos                  ;3;ENSINO FUNDAMENTAL INCOMPLETO;-3;#NE;-3;#NE;-3;#NE;-3;#NE;Obrigatório;7;0;0;0
13/04/2021;19:37:12;2012;ES;56057;ALFREDO CHAVES;12;21;1120;;2;MASCULINO;3;CASADO;5054;50 a 54 anos                  ;4;ENSINO FUNDAMENTAL COMPLETO;-3;#NE;-3;#NE;-3;#NE;-3;#NE;Obrigatório;4;0;0;0
13/04/2021;19:37:12;2012;ES;56057;ALFREDO CHAVES;12;21;1120;;2;MASCULINO;3;CASADO;5054;50 a 54 anos                  ;5;ENSINO MÉDIO INCOMPLETO;-3;#NE;-3;#NE;-3;#NE;-3;#NE;Obrigatório;1;0;0;0
13/04/2021;19:37:12;2012;ES;56057;ALFREDO CHAVES;12;21;1120;;2;MASCULINO;3;CASADO;5559;55 a 59 anos                  ;3;ENSINO FUNDAMENTAL INCOMPLETO;-3;#NE;-3;#NE;-3;#NE;-3;#NE;Obrigatório;5;0;0;0
13/04/2021;19:37:12;2012;ES;56057;ALFREDO CHAVES;12;21;1120;;2;MASCULINO;3;CASADO;5559;55 a 59 anos                  ;4;ENSINO FUNDAMENTAL COMPLETO;-3;#NE;-3;#NE;-3;#NE;-3;#NE;Obrigatório;2;0;0;0
13/04/2021;19:37:12;2012;ES;56057;ALFREDO CHAVES;12;21;1120;;2;MASCULINO;3;CASADO;5559;55 a 59 anos                  ;6;ENSINO MÉDIO COMPLETO;-3;#NE;-3;#NE;-3;#NE;-3;#NE;Obrigatório;1;0;0;0
13/04/2021;19:37:12;2012;ES;56057;ALFREDO CHAVES;12;21;1120;;2;MASCULINO;3;CASADO;6064;60 a 64 anos                  ;3;ENSINO FUNDAMENTAL INCOMPLETO;-3;#NE;-3;#NE;-3;#NE;-3;#NE;Obrigatório;5;0;0;0
13/04/2021;19:37:12;2012;ES;56057;ALFREDO CHAVES;12;21;1120;;2;MASCULINO;3;CASADO;6064;60 a 64 anos                  ;4;ENSINO FUNDAMENTAL COMPLETO;-3;#NE;-3;#NE;-3;#NE;-3;#NE;Obrigatório;1;0;0;0
13/04/2021;19:37:12;2012;ES;56057;ALFREDO CHAVES;12;22;1139;;4;FEMININO;7;SEPARADO JUDICIALMENTE;5559;55 a 59 anos                  ;6;ENSINO MÉDIO COMPLETO;-3;#NE;-3;#NE;-3;#NE;-3;#NE;Obrigatório;1;0;0;0
13/04/2021;19:37:12;2012;ES;56057;ALFREDO CHAVES;12;22;1139;;4;FEMININO;9;DIVORCIADO;3539;35 a 39 anos                  ;8;SUPERIOR COMPLETO;-3;#NE;-3;#NE;-3;#NE;-3;#NE;Obrigatório;1;0;0;0
13/04/2021;19:37:12;2012;ES;56057;ALFREDO CHAVES;12;22;1139;;4;FEMININO;9;DIVORCIADO;4044;40 a 44 anos                  ;3;ENSINO FUNDAMENTAL INCOMPLETO;-3;#NE;-3;#NE;-3;#NE;-3;#NE;Obrigatório;1;0;0;0
13/04/2021;19:37:12;2012;ES;56057;ALFREDO CHAVES;12;22;1139;;4;FEMININO;9;DIVORCIADO;5559;55 a 59 anos                  ;6;ENSINO MÉDIO COMPLETO;-3;#NE;-3;#NE;-3;#NE;-3;#NE;Obrigatório;1;0;0;0
13/04/2021;19:37:12;2012;ES;56057;ALFREDO CHAVES;12;23;1139;;2;MASCULINO;1;SOLTEIRO;1700;17 anos                       ;5;ENSINO MÉDIO INCOMPLETO;-3;#NE;-3;#NE;-3;#NE;-3;#NE;Facultativo;2;0;0;0
13/04/2021;19:37:12;2012;ES;56057;ALFREDO CHAVES;12;23;1139;;2;MASCULINO;1;SOLTEIRO;1800;18 anos                       ;5;ENSINO MÉDIO INCOMPLETO;-3;#NE;-3;#NE;-3;#NE;-3;#NE;Obrigatório;1;0;0;0
13/04/2021;19:37:12;2012;ES;56057;ALFREDO CHAVES;12;23;1139;;2;MASCULINO;1;SOLTEIRO;1800;18 anos                       ;6;ENSINO MÉDIO COMPLETO;-3;#NE;-3;#NE;-3;#NE;-3;#NE;Obrigatório;2;0;0;0
13/04/2021;19:37:12;2012;ES;56057;ALFREDO CHAVES;12;23;1139;;2;MASCULINO;1;SOLTEIRO;1900;19 anos                       ;3;ENSINO FUNDAMENTAL INCOMPLETO;-3;#NE;-3;#NE;-3;#NE;-3;#NE;Obrigatório;1;0;0;0
13/04/2021;19:37:12;2012;ES;56057;ALFREDO CHAVES;12;23;1139;;2;MASCULINO;1;SOLTEIRO;1900;19 anos                       ;5;ENSINO MÉDIO INCOMPLETO;-3;#NE;-3;#NE;-3;#NE;-3;#NE;Obrigatório;4;0;0;0
13/04/2021;19:37:12;2012;ES;56057;ALFREDO CHAVES;12;23;1139;;2;MASCULINO;1;SOLTEIRO;1900;19 anos                       ;6;ENSINO MÉDIO COMPLETO;-3;#NE;-3;#NE;-3;#NE;-3;#NE;Obrigatório;1;0;0;0
13/04/2021;19:37:12;2012;ES;56057;ALFREDO CHAVES;12;23;1139;;2;MASCULINO;1;SOLTEIRO;2000;20 anos                       ;5;ENSINO MÉDIO INCOMPLETO;-3;#NE;-3;#NE;-3;#NE;-3;#NE;Obrigatório;2;0;0;0
13/04/2021;19:37:12;2012;ES;56057;ALFREDO CHAVES;12;23;1139;;2;MASCULINO;1;SOLTEIRO;2000;20 anos                       ;6;ENSINO MÉDIO COMPLETO;-3;#NE;-3;#NE;-3;#NE;-3;#NE;Obrigatório;2;0;0;0
13/04/2021;19:37:12;2012;ES;56057;ALFREDO CHAVES;12;23;1139;;2;MASCULINO;1;SOLTEIRO;2124;21 a 24 anos                  ;3;ENSINO FUNDAMENTAL INCOMPLETO;-3;#NE;-3;#NE;-3;#NE;-3;#NE;Obrigatório;2;0;0;0
13/04/2021;19:37:12;2012;ES;56057;ALFREDO CHAVES;12;23;1139;;2;MASCULINO;1;SOLTEIRO;2124;21 a 24 anos                  ;5;ENSINO MÉDIO INCOMPLETO;-3;#NE;-3;#NE;-3;#NE;-3;#NE;Obrigatório;6;0;0;0
13/04/2021;19:37:12;2012;ES;56057;ALFREDO CHAVES;12;23;1139;;2;MASCULINO;1;SOLTEIRO;2124;21 a 24 anos                  ;6;ENSINO MÉDIO COMPLETO;-3;#NE;-3;#NE;-3;#NE;-3;#NE;Obrigatório;2;0;0;0
13/04/2021;19:37:12;2012;ES;56057;ALFREDO CHAVES;12;23;1139;;2;MASCULINO;1;SOLTEIRO;2124;21 a 24 anos                  ;7;SUPERIOR INCOMPLETO;-3;#NE;-3;#NE;-3;#NE;-3;#NE;Obrigatório;1;0;0;0
13/04/2021;19:37:12;2012;ES;56057;ALFREDO CHAVES;12;23;1139;;2;MASCULINO;1;SOLTEIRO;2529;25 a 29 anos                  ;3;ENSINO FUNDAMENTAL INCOMPLETO;-3;#NE;-3;#NE;-3;#NE;-3;#NE;Obrigatório;4;0;0;0
13/04/2021;19:37:12;2012;ES;56057;ALFREDO CHAVES;12;23;1139;;2;MASCULINO;1;SOLTEIRO;2529;25 a 29 anos                  ;4;ENSINO FUNDAMENTAL COMPLETO;-3;#NE;-3;#NE;-3;#NE;-3;#NE;Obrigatório;3;0;0;0
13/04/2021;19:37:12;2012;ES;56057;ALFREDO CHAVES;12;23;1139;;2;MASCULINO;1;SOLTEIRO;2529;25 a 29 anos                  ;5;ENSINO MÉDIO INCOMPLETO;-3;#NE;-3;#NE;-3;#NE;-3;#NE;Obrigatório;3;0;0;0
13/04/2021;19:37:12;2012;ES;56057;ALFREDO CHAVES;12;23;1139;;2;MASCULINO;1;SOLTEIRO;2529;25 a 29 anos                  ;6;ENSINO MÉDIO COMPLETO;-3;#NE;-3;#NE;-3;#NE;-3;#NE;Obrigatório;2;0;0;0
13/04/2021;19:37:12;2012;ES;56057;ALFREDO CHAVES;12;23;1139;;2;MASCULINO;1;SOLTEIRO;3034;30 a 34 anos                  ;3;ENSINO FUNDAMENTAL INCOMPLETO;-3;#NE;-3;#NE;-3;#NE;-3;#NE;Obrigatório;7;0;0;0
13/04/2021;19:37:12;2012;ES;56057;ALFREDO CHAVES;12;23;1139;;2;MASCULINO;1;SOLTEIRO;3034;30 a 34 anos                  ;5;ENSINO MÉDIO INCOMPLETO;-3;#NE;-3;#NE;-3;#NE;-3;#NE;Obrigatório;6;0;0;0
13/04/2021;19:37:12;2012;ES;56057;ALFREDO CHAVES;12;23;1139;;2;MASCULINO;1;SOLTEIRO;3034;30 a 34 anos                  ;6;ENSINO MÉDIO COMPLETO;-3;#NE;-3;#NE;-3;#NE;-3;#NE;Obrigatório;1;0;0;0
13/04/2021;19:37:12;2012;ES;56057;ALFREDO CHAVES;12;23;1139;;2;MASCULINO;1;SOLTEIRO;3539;35 a 39 anos                  ;2;LÊ E ESCREVE;-3;#NE;-3;#NE;-3;#NE;-3;#NE;Obrigatório;1;0;0;0
13/04/2021;19:37:12;2012;ES;56057;ALFREDO CHAVES;12;23;1139;;2;MASCULINO;1;SOLTEIRO;3539;35 a 39 anos                  ;4;ENSINO FUNDAMENTAL COMPLETO;-3;#NE;-3;#NE;-3;#NE;-3;#NE;Obrigatório;2;0;0;0
13/04/2021;19:37:12;2012;ES;56057;ALFREDO CHAVES;12;23;1139;;2;MASCULINO;1;SOLTEIRO;3539;35 a 39 anos                  ;5;ENSINO MÉDIO INCOMPLETO;-3;#NE;-3;#NE;-3;#NE;-3;#NE;Obrigatório;8;0;0;0
13/04/2021;19:37:12;2012;ES;56057;ALFREDO CHAVES;12;23;1139;;2;MASCULINO;1;SOLTEIRO;3539;35 a 39 anos                  ;7;SUPERIOR INCOMPLETO;-3;#NE;-3;#NE;-3;#NE;-3;#NE;Obrigatório;1;0;0;0
13/04/2021;19:37:12;2012;ES;56057;ALFREDO CHAVES;12;23;1139;;2;MASCULINO;1;SOLTEIRO;4044;40 a 44 anos                  ;3;ENSINO FUNDAMENTAL INCOMPLETO;-3;#NE;-3;#NE;-3;#NE;-3;#NE;Obrigatório;3;0;0;0
13/04/2021;19:37:12;2012;ES;56057;ALFREDO CHAVES;12;23;1139;;2;MASCULINO;1;SOLTEIRO;4044;40 a 44 anos                  ;6;ENSINO MÉDIO COMPLETO;-3;#NE;-3;#NE;-3;#NE;-3;#NE;Obrigatório;1;0;0;0
13/04/2021;19:37:12;2012;ES;56057;ALFREDO CHAVES;12;23;1139;;2;MASCULINO;1;SOLTEIRO;4549;45 a 49 anos                  ;2;LÊ E ESCREVE;-3;#NE;-3;#NE;-3;#NE;-3;#NE;Obrigatório;1;0;0;0
13/04/2021;19:37:12;2012;ES;56057;ALFREDO CHAVES;12;23;1139;;2;MASCULINO;1;SOLTEIRO;4549;45 a 49 anos                  ;6;ENSINO MÉDIO COMPLETO;-3;#NE;-3;#NE;-3;#NE;-3;#NE;Obrigatório;3;0;0;0
13/04/2021;19:37:12;2012;ES;56057;ALFREDO CHAVES;12;23;1139;;2;MASCULINO;1;SOLTEIRO;5054;50 a 54 anos                  ;2;LÊ E ESCREVE;-3;#NE;-3;#NE;-3;#NE;-3;#NE;Obrigatório;1;0;0;0
13/04/2021;19:37:12;2012;ES;56057;ALFREDO CHAVES;12;23;1139;;2;MASCULINO;1;SOLTEIRO;5054;50 a 54 anos                  ;3;ENSINO FUNDAMENTAL INCOMPLETO;-3;#NE;-3;#NE;-3;#NE;-3;#NE;Obrigatório;3;0;0;0
13/04/2021;19:37:12;2012;ES;56057;ALFREDO CHAVES;12;23;1139;;2;MASCULINO;1;SOLTEIRO;5559;55 a 59 anos                  ;2;LÊ E ESCREVE;-3;#NE;-3;#NE;-3;#NE;-3;#NE;Obrigatório;1;0;0;0
13/04/2021;19:37:12;2012;ES;56057;ALFREDO CHAVES;12;23;1139;;2;MASCULINO;1;SOLTEIRO;5559;55 a 59 anos                  ;3;ENSINO FUNDAMENTAL INCOMPLETO;-3;#NE;-3;#NE;-3;#NE;-3;#NE;Obrigatório;1;0;0;0
13/04/2021;19:37:12;2012;ES;56057;ALFREDO CHAVES;12;23;1139;;2;MASCULINO;1;SOLTEIRO;5559;55 a 59 anos                  ;8;SUPERIOR COMPLETO;-3;#NE;-3;#NE;-3;#NE;-3;#NE;Obrigatório;2;0;0;0
13/04/2021;19:37:12;2012;ES;56057;ALFREDO CHAVES;12;23;1139;;2;MASCULINO;1;SOLTEIRO;7579;75 a 79 anos                  ;6;ENSINO MÉDIO COMPLETO;-3;#NE;-3;#NE;-3;#NE;-3;#NE;Facultativo;1;0;0;0
13/04/2021;19:37:12;2012;ES;56057;ALFREDO CHAVES;12;23;1139;;2;MASCULINO;3;CASADO;3539;35 a 39 anos                  ;6;ENSINO MÉDIO COMPLETO;-3;#NE;-3;#NE;-3;#NE;-3;#NE;Obrigatório;2;0;0;0
13/04/2021;19:37:12;2012;ES;56057;ALFREDO CHAVES;12;23;1139;;2;MASCULINO;3;CASADO;4044;40 a 44 anos                  ;2;LÊ E ESCREVE;-3;#NE;-3;#NE;-3;#NE;-3;#NE;Obrigatório;1;0;0;0
13/04/2021;19:37:12;2012;ES;56057;ALFREDO CHAVES;12;23;1139;;2;MASCULINO;3;CASADO;4044;40 a 44 anos                  ;4;ENSINO FUNDAMENTAL COMPLETO;-3;#NE;-3;#NE;-3;#NE;-3;#NE;Obrigatório;1;0;0;0
13/04/2021;19:37:12;2012;ES;56057;ALFREDO CHAVES;12;23;1139;;2;MASCULINO;3;CASADO;4549;45 a 49 anos                  ;2;LÊ E ESCREVE;-3;#NE;-3;#NE;-3;#NE;-3;#NE;Obrigatório;1;0;0;0
13/04/2021;19:37:12;2012;ES;56057;ALFREDO CHAVES;12;23;1139;;2;MASCULINO;3;CASADO;4549;45 a 49 anos                  ;3;ENSINO FUNDAMENTAL INCOMPLETO;-3;#NE;-3;#NE;-3;#NE;-3;#NE;Obrigatório;1;0;0;0
13/04/2021;19:37:12;2012;ES;56057;ALFREDO CHAVES;12;23;1139;;2;MASCULINO;3;CASADO;4549;45 a 49 anos                  ;6;ENSINO MÉDIO COMPLETO;-3;#NE;-3;#NE;-3;#NE;-3;#NE;Obrigatório;1;0;0;0
13/04/2021;19:37:12;2012;ES;56057;ALFREDO CHAVES;12;23;1139;;2;MASCULINO;3;CASADO;4549;45 a 49 anos                  ;8;SUPERIOR COMPLETO;-3;#NE;-3;#NE;-3;#NE;-3;#NE;Obrigatório;1;0;0;0
13/04/2021;19:37:12;2012;ES;56057;ALFREDO CHAVES;12;23;1139;;2;MASCULINO;3;CASADO;5054;50 a 54 anos                  ;3;ENSINO FUNDAMENTAL INCOMPLETO;-3;#NE;-3;#NE;-3;#NE;-3;#NE;Obrigatório;2;0;0;0
13/04/2021;19:37:12;2012;ES;56057;ALFREDO CHAVES;12;23;1139;;2;MASCULINO;3;CASADO;5054;50 a 54 anos                  ;4;ENSINO FUNDAMENTAL COMPLETO;-3;#NE;-3;#NE;-3;#NE;-3;#NE;Obrigatório;2;0;0;0
13/04/2021;19:37:12;2012;ES;56057;ALFREDO CHAVES;12;23;1139;;2;MASCULINO;3;CASADO;5559;55 a 59 anos                  ;2;LÊ E ESCREVE;-3;#NE;-3;#NE;-3;#NE;-3;#NE;Obrigatório;3;0;0;0
13/04/2021;19:37:12;2012;ES;56057;ALFREDO CHAVES;12;23;1139;;2;MASCULINO;3;CASADO;5559;55 a 59 anos                  ;3;ENSINO FUNDAMENTAL INCOMPLETO;-3;#NE;-3;#NE;-3;#NE;-3;#NE;Obrigatório;4;0;0;0
13/04/2021;19:37:12;2012;ES;56057;ALFREDO CHAVES;12;23;1139;;2;MASCULINO;3;CASADO;5559;55 a 59 anos                  ;5;ENSINO MÉDIO INCOMPLETO;-3;#NE;-3;#NE;-3;#NE;-3;#NE;Obrigatório;1;0;0;0
13/04/2021;19:37:12;2012;ES;56057;ALFREDO CHAVES;12;23;1139;;2;MASCULINO;3;CASADO;6064;60 a 64 anos                  ;2;LÊ E ESCREVE;-3;#NE;-3;#NE;-3;#NE;-3;#NE;Obrigatório;3;0;0;0
13/04/2021;19:37:12;2012;ES;56057;ALFREDO CHAVES;12;25;1155;;2;MASCULINO;1;SOLTEIRO;2124;21 a 24 anos                  ;4;ENSINO FUNDAMENTAL COMPLETO;-3;#NE;-3;#NE;-3;#NE;-3;#NE;Obrigatório;3;0;0;0
13/04/2021;19:37:12;2012;ES;56057;ALFREDO CHAVES;12;25;1155;;2;MASCULINO;1;SOLTEIRO;2124;21 a 24 anos                  ;5;ENSINO MÉDIO INCOMPLETO;-3;#NE;-3;#NE;-3;#NE;-3;#NE;Obrigatório;5;0;0;0
13/04/2021;19:37:12;2012;ES;56057;ALFREDO CHAVES;12;25;1155;;2;MASCULINO;1;SOLTEIRO;2529;25 a 29 anos                  ;1;ANALFABETO;-3;#NE;-3;#NE;-3;#NE;-3;#NE;Facultativo;1;0;0;0
13/04/2021;19:37:12;2012;ES;56057;ALFREDO CHAVES;12;25;1155;;2;MASCULINO;1;SOLTEIRO;2529;25 a 29 anos                  ;3;ENSINO FUNDAMENTAL INCOMPLETO;-3;#NE;-3;#NE;-3;#NE;-3;#NE;Obrigatório;3;0;0;0
13/04/2021;19:37:12;2012;ES;56057;ALFREDO CHAVES;12;25;1155;;2;MASCULINO;1;SOLTEIRO;2529;25 a 29 anos                  ;5;ENSINO MÉDIO INCOMPLETO;-3;#NE;-3;#NE;-3;#NE;-3;#NE;Obrigatório;8;0;0;0
13/04/2021;19:37:12;2012;ES;56057;ALFREDO CHAVES;12;25;1155;;2;MASCULINO;1;SOLTEIRO;3034;30 a 34 anos                  ;3;ENSINO FUNDAMENTAL INCOMPLETO;-3;#NE;-3;#NE;-3;#NE;-3;#NE;Obrigatório;11;0;0;0
13/04/2021;19:37:12;2012;ES;56057;ALFREDO CHAVES;12;25;1155;;2;MASCULINO;1;SOLTEIRO;3034;30 a 34 anos                  ;4;ENSINO FUNDAMENTAL COMPLETO;-3;#NE;-3;#NE;-3;#NE;-3;#NE;Obrigatório;3;0;0;0
13/04/2021;19:37:12;2012;ES;56057;ALFREDO CHAVES;12;25;1155;;2;MASCULINO;1;SOLTEIRO;3034;30 a 34 anos                  ;5;ENSINO MÉDIO INCOMPLETO;-3;#NE;-3;#NE;-3;#NE;-3;#NE;Obrigatório;1;0;0;0
13/04/2021;19:37:12;2012;ES;56057;ALFREDO CHAVES;12;25;1155;;2;MASCULINO;1;SOLTEIRO;3539;35 a 39 anos                  ;3;ENSINO FUNDAMENTAL INCOMPLETO;-3;#NE;-3;#NE;-3;#NE;-3;#NE;Obrigatório;13;0;0;0
13/04/2021;19:37:12;2012;ES;56057;ALFREDO CHAVES;12;25;1155;;2;MASCULINO;1;SOLTEIRO;3539;35 a 39 anos                  ;4;ENSINO FUNDAMENTAL COMPLETO;-3;#NE;-3;#NE;-3;#NE;-3;#NE;Obrigatório;3;0;0;0
13/04/2021;19:37:12;2012;ES;56057;ALFREDO CHAVES;12;25;1155;;2;MASCULINO;1;SOLTEIRO;3539;35 a 39 anos                  ;5;ENSINO MÉDIO INCOMPLETO;-3;#NE;-3;#NE;-3;#NE;-3;#NE;Obrigatório;2;0;0;0
13/04/2021;19:37:12;2012;ES;56057;ALFREDO CHAVES;12;25;1155;;2;MASCULINO;1;SOLTEIRO;4044;40 a 44 anos                  ;4;ENSINO FUNDAMENTAL COMPLETO;-3;#NE;-3;#NE;-3;#NE;-3;#NE;Obrigatório;1;0;0;0
13/04/2021;19:37:12;2012;ES;56057;ALFREDO CHAVES;12;25;1155;;2;MASCULINO;1;SOLTEIRO;4549;45 a 49 anos                  ;1;ANALFABETO;-3;#NE;-3;#NE;-3;#NE;-3;#NE;Facultativo;1;0;0;0
13/04/2021;19:37:12;2012;ES;56057;ALFREDO CHAVES;12;25;1155;;2;MASCULINO;1;SOLTEIRO;4549;45 a 49 anos                  ;3;ENSINO FUNDAMENTAL INCOMPLETO;-3;#NE;-3;#NE;-3;#NE;-3;#NE;Obrigatório;7;0;0;0
13/04/2021;19:37:12;2012;ES;56057;ALFREDO CHAVES;12;25;1155;;2;MASCULINO;1;SOLTEIRO;4549;45 a 49 anos                  ;6;ENSINO MÉDIO COMPLETO;-3;#NE;-3;#NE;-3;#NE;-3;#NE;Obrigatório;1;0;0;0
13/04/2021;19:37:12;2012;ES;56057;ALFREDO CHAVES;12;25;1155;;2;MASCULINO;1;SOLTEIRO;5054;50 a 54 anos                  ;1;ANALFABETO;-3;#NE;-3;#NE;-3;#NE;-3;#NE;Facultativo;1;0;0;0
13/04/2021;19:37:12;2012;ES;56057;ALFREDO CHAVES;12;25;1155;;2;MASCULINO;1;SOLTEIRO;5054;50 a 54 anos                  ;3;ENSINO FUNDAMENTAL INCOMPLETO;-3;#NE;-3;#NE;-3;#NE;-3;#NE;Obrigatório;2;0;0;0
13/04/2021;19:37:12;2012;ES;56057;ALFREDO CHAVES;12;25;1155;;2;MASCULINO;1;SOLTEIRO;5559;55 a 59 anos                  ;3;ENSINO FUNDAMENTAL INCOMPLETO;-3;#NE;-3;#NE;-3;#NE;-3;#NE;Obrigatório;1;0;0;0
13/04/2021;19:37:12;2012;ES;56057;ALFREDO CHAVES;12;25;1155;;2;MASCULINO;1;SOLTEIRO;6064;60 a 64 anos                  ;1;ANALFABETO;-3;#NE;-3;#NE;-3;#NE;-3;#NE;Facultativo;1;0;0;0
13/04/2021;19:37:12;2012;ES;56057;ALFREDO CHAVES;12;25;1155;;2;MASCULINO;1;SOLTEIRO;6064;60 a 64 anos                  ;2;LÊ E ESCREVE;-3;#NE;-3;#NE;-3;#NE;-3;#NE;Obrigatório;1;0;0;0
13/04/2021;19:37:12;2012;ES;56057;ALFREDO CHAVES;12;25;1155;;2;MASCULINO;1;SOLTEIRO;6569;65 a 69 anos                  ;1;ANALFABETO;-3;#NE;-3;#NE;-3;#NE;-3;#NE;Facultativo;1;0;0;0
13/04/2021;19:37:12;2012;ES;56057;ALFREDO CHAVES;12;25;1155;;2;MASCULINO;1;SOLTEIRO;6569;65 a 69 anos                  ;3;ENSINO FUNDAMENTAL INCOMPLETO;-3;#NE;-3;#NE;-3;#NE;-3;#NE;Obrigatório;1;0;0;0
13/04/2021;19:37:12;2012;ES;56057;ALFREDO CHAVES;12;25;1155;;2;MASCULINO;3;CASADO;2529;25 a 29 anos                  ;4;ENSINO FUNDAMENTAL COMPLETO;-3;#NE;-3;#NE;-3;#NE;-3;#NE;Obrigatório;1;0;0;0
13/04/2021;19:37:12;2012;ES;56057;ALFREDO CHAVES;12;25;1155;;2;MASCULINO;3;CASADO;3539;35 a 39 anos                  ;2;LÊ E ESCREVE;-3;#NE;-3;#NE;-3;#NE;-3;#NE;Obrigatório;1;0;0;0
13/04/2021;19:37:12;2012;ES;56057;ALFREDO CHAVES;12;2;1015;;2;MASCULINO;1;SOLTEIRO;2000;20 anos                       ;3;ENSINO FUNDAMENTAL INCOMPLETO;-3;#NE;-3;#NE;-3;#NE;-3;#NE;Obrigatório;1;0;0;0
13/04/2021;19:37:12;2012;ES;56057;ALFREDO CHAVES;12;2;1015;;2;MASCULINO;1;SOLTEIRO;2124;21 a 24 anos                  ;3;ENSINO FUNDAMENTAL INCOMPLETO;-3;#NE;-3;#NE;-3;#NE;-3;#NE;Obrigatório;6;0;0;0
13/04/2021;19:37:12;2012;ES;56057;ALFREDO CHAVES;12;2;1015;;2;MASCULINO;1;SOLTEIRO;2124;21 a 24 anos                  ;4;ENSINO FUNDAMENTAL COMPLETO;-3;#NE;-3;#NE;-3;#NE;-3;#NE;Obrigatório;1;0;0;0
13/04/2021;19:37:12;2012;ES;56057;ALFREDO CHAVES;12;2;1015;;2;MASCULINO;1;SOLTEIRO;2124;21 a 24 anos                  ;7;SUPERIOR INCOMPLETO;-3;#NE;-3;#NE;-3;#NE;-3;#NE;Obrigatório;1;0;0;0
13/04/2021;19:37:12;2012;ES;56057;ALFREDO CHAVES;12;2;1015;;2;MASCULINO;1;SOLTEIRO;2529;25 a 29 anos                  ;2;LÊ E ESCREVE;-3;#NE;-3;#NE;-3;#NE;-3;#NE;Obrigatório;1;0;0;0
13/04/2021;19:37:12;2012;ES;56057;ALFREDO CHAVES;12;2;1015;;2;MASCULINO;1;SOLTEIRO;2529;25 a 29 anos                  ;3;ENSINO FUNDAMENTAL INCOMPLETO;-3;#NE;-3;#NE;-3;#NE;-3;#NE;Obrigatório;5;0;0;0
13/04/2021;19:37:12;2012;ES;56057;ALFREDO CHAVES;12;2;1015;;2;MASCULINO;1;SOLTEIRO;2529;25 a 29 anos                  ;5;ENSINO MÉDIO INCOMPLETO;-3;#NE;-3;#NE;-3;#NE;-3;#NE;Obrigatório;16;0;0;0
13/04/2021;19:37:12;2012;ES;56057;ALFREDO CHAVES;12;2;1015;;2;MASCULINO;1;SOLTEIRO;2529;25 a 29 anos                  ;6;ENSINO MÉDIO COMPLETO;-3;#NE;-3;#NE;-3;#NE;-3;#NE;Obrigatório;1;0;0;0
13/04/2021;19:37:12;2012;ES;56057;ALFREDO CHAVES;12;2;1015;;2;MASCULINO;1;SOLTEIRO;3034;30 a 34 anos                  ;2;LÊ E ESCREVE;-3;#NE;-3;#NE;-3;#NE;-3;#NE;Obrigatório;1;0;0;0
13/04/2021;19:37:12;2012;ES;56057;ALFREDO CHAVES;12;2;1015;;2;MASCULINO;1;SOLTEIRO;3034;30 a 34 anos                  ;4;ENSINO FUNDAMENTAL COMPLETO;-3;#NE;-3;#NE;-3;#NE;-3;#NE;Obrigatório;1;0;0;0
13/04/2021;19:37:12;2012;ES;56057;ALFREDO CHAVES;12;2;1015;;2;MASCULINO;1;SOLTEIRO;3034;30 a 34 anos                  ;5;ENSINO MÉDIO INCOMPLETO;-3;#NE;-3;#NE;-3;#NE;-3;#NE;Obrigatório;3;0;0;0
13/04/2021;19:37:12;2012;ES;56057;ALFREDO CHAVES;12;2;1015;;2;MASCULINO;1;SOLTEIRO;3539;35 a 39 anos                  ;3;ENSINO FUNDAMENTAL INCOMPLETO;-3;#NE;-3;#NE;-3;#NE;-3;#NE;Obrigatório;1;0;0;0
13/04/2021;19:37:12;2012;ES;56057;ALFREDO CHAVES;12;2;1015;;2;MASCULINO;1;SOLTEIRO;3539;35 a 39 anos                  ;6;ENSINO MÉDIO COMPLETO;-3;#NE;-3;#NE;-3;#NE;-3;#NE;Obrigatório;1;0;0;0
13/04/2021;19:37:12;2012;ES;56057;ALFREDO CHAVES;12;2;1015;;2;MASCULINO;1;SOLTEIRO;4044;40 a 44 anos                  ;3;ENSINO FUNDAMENTAL INCOMPLETO;-3;#NE;-3;#NE;-3;#NE;-3;#NE;Obrigatório;1;0;0;0
13/04/2021;19:37:12;2012;ES;56057;ALFREDO CHAVES;12;2;1015;;2;MASCULINO;1;SOLTEIRO;4044;40 a 44 anos                  ;4;ENSINO FUNDAMENTAL COMPLETO;-3;#NE;-3;#NE;-3;#NE;-3;#NE;Obrigatório;1;0;0;0
13/04/2021;19:37:12;2012;ES;56057;ALFREDO CHAVES;12;2;1015;;2;MASCULINO;1;SOLTEIRO;4044;40 a 44 anos                  ;5;ENSINO MÉDIO INCOMPLETO;-3;#NE;-3;#NE;-3;#NE;-3;#NE;Obrigatório;1;0;0;0
13/04/2021;19:37:12;2012;ES;56057;ALFREDO CHAVES;12;2;1015;;2;MASCULINO;1;SOLTEIRO;4549;45 a 49 anos                  ;3;ENSINO FUNDAMENTAL INCOMPLETO;-3;#NE;-3;#NE;-3;#NE;-3;#NE;Obrigatório;8;0;0;0
13/04/2021;19:37:12;2012;ES;56057;ALFREDO CHAVES;12;2;1015;;2;MASCULINO;1;SOLTEIRO;4549;45 a 49 anos                  ;4;ENSINO FUNDAMENTAL COMPLETO;-3;#NE;-3;#NE;-3;#NE;-3;#NE;Obrigatório;2;0;0;0
13/04/2021;19:37:12;2012;ES;56057;ALFREDO CHAVES;12;2;1015;;2;MASCULINO;1;SOLTEIRO;4549;45 a 49 anos                  ;5;ENSINO MÉDIO INCOMPLETO;-3;#NE;-3;#NE;-3;#NE;-3;#NE;Obrigatório;2;0;0;0
13/04/2021;19:37:12;2012;ES;56057;ALFREDO CHAVES;12;2;1015;;2;MASCULINO;1;SOLTEIRO;4549;45 a 49 anos                  ;7;SUPERIOR INCOMPLETO;-3;#NE;-3;#NE;-3;#NE;-3;#NE;Obrigatório;1;0;0;0
13/04/2021;19:37:12;2012;ES;56057;ALFREDO CHAVES;12;2;1015;;2;MASCULINO;1;SOLTEIRO;5054;50 a 54 anos                  ;2;LÊ E ESCREVE;-3;#NE;-3;#NE;-3;#NE;-3;#NE;Obrigatório;1;0;0;0
13/04/2021;19:37:12;2012;ES;56057;ALFREDO CHAVES;12;2;1015;;2;MASCULINO;1;SOLTEIRO;5054;50 a 54 anos                  ;3;ENSINO FUNDAMENTAL INCOMPLETO;-3;#NE;-3;#NE;-3;#NE;-3;#NE;Obrigatório;4;0;0;0
13/04/2021;19:37:12;2012;ES;56057;ALFREDO CHAVES;12;2;1015;;2;MASCULINO;1;SOLTEIRO;5054;50 a 54 anos                  ;6;ENSINO MÉDIO COMPLETO;-3;#NE;-3;#NE;-3;#NE;-3;#NE;Obrigatório;4;0;0;0
13/04/2021;19:37:12;2012;ES;56057;ALFREDO CHAVES;12;2;1015;;2;MASCULINO;1;SOLTEIRO;5054;50 a 54 anos                  ;7;SUPERIOR INCOMPLETO;-3;#NE;-3;#NE;-3;#NE;-3;#NE;Obrigatório;1;0;0;0
13/04/2021;19:37:12;2012;ES;56057;ALFREDO CHAVES;12;26;1163;;2;MASCULINO;1;SOLTEIRO;2124;21 a 24 anos                  ;8;SUPERIOR COMPLETO;-3;#NE;-3;#NE;-3;#NE;-3;#NE;Obrigatório;1;0;0;0
13/04/2021;19:37:12;2012;ES;56057;ALFREDO CHAVES;12;26;1163;;2;MASCULINO;1;SOLTEIRO;2529;25 a 29 anos                  ;3;ENSINO FUNDAMENTAL INCOMPLETO;-3;#NE;-3;#NE;-3;#NE;-3;#NE;Obrigatório;10;0;0;0
13/04/2021;19:37:12;2012;ES;56057;ALFREDO CHAVES;12;26;1163;;2;MASCULINO;1;SOLTEIRO;2529;25 a 29 anos                  ;4;ENSINO FUNDAMENTAL COMPLETO;-3;#NE;-3;#NE;-3;#NE;-3;#NE;Obrigatório;3;0;0;0
13/04/2021;19:37:12;2012;ES;56057;ALFREDO CHAVES;12;26;1163;;2;MASCULINO;1;SOLTEIRO;2529;25 a 29 anos                  ;5;ENSINO MÉDIO INCOMPLETO;-3;#NE;-3;#NE;-3;#NE;-3;#NE;Obrigatório;4;0;0;0
13/04/2021;19:37:12;2012;ES;56057;ALFREDO CHAVES;12;26;1163;;2;MASCULINO;1;SOLTEIRO;2529;25 a 29 anos                  ;6;ENSINO MÉDIO COMPLETO;-3;#NE;-3;#NE;-3;#NE;-3;#NE;Obrigatório;1;0;0;0
13/04/2021;19:37:12;2012;ES;56057;ALFREDO CHAVES;12;26;1163;;2;MASCULINO;1;SOLTEIRO;3034;30 a 34 anos                  ;3;ENSINO FUNDAMENTAL INCOMPLETO;-3;#NE;-3;#NE;-3;#NE;-3;#NE;Obrigatório;8;0;0;0
13/04/2021;19:37:12;2012;ES;56057;ALFREDO CHAVES;12;26;1163;;2;MASCULINO;1;SOLTEIRO;3539;35 a 39 anos                  ;2;LÊ E ESCREVE;-3;#NE;-3;#NE;-3;#NE;-3;#NE;Obrigatório;1;0;0;0
13/04/2021;19:37:12;2012;ES;56057;ALFREDO CHAVES;12;26;1163;;2;MASCULINO;1;SOLTEIRO;3539;35 a 39 anos                  ;3;ENSINO FUNDAMENTAL INCOMPLETO;-3;#NE;-3;#NE;-3;#NE;-3;#NE;Obrigatório;6;0;0;0
13/04/2021;19:37:12;2012;ES;56057;ALFREDO CHAVES;12;26;1163;;2;MASCULINO;1;SOLTEIRO;3539;35 a 39 anos                  ;5;ENSINO MÉDIO INCOMPLETO;-3;#NE;-3;#NE;-3;#NE;-3;#NE;Obrigatório;1;0;0;0
13/04/2021;19:37:12;2012;ES;56057;ALFREDO CHAVES;12;26;1163;;2;MASCULINO;1;SOLTEIRO;4044;40 a 44 anos                  ;2;LÊ E ESCREVE;-3;#NE;-3;#NE;-3;#NE;-3;#NE;Obrigatório;1;0;0;0
13/04/2021;19:37:12;2012;ES;56057;ALFREDO CHAVES;12;26;1163;;2;MASCULINO;1;SOLTEIRO;4044;40 a 44 anos                  ;3;ENSINO FUNDAMENTAL INCOMPLETO;-3;#NE;-3;#NE;-3;#NE;-3;#NE;Obrigatório;4;0;0;0
13/04/2021;19:37:12;2012;ES;56057;ALFREDO CHAVES;12;26;1163;;2;MASCULINO;1;SOLTEIRO;4549;45 a 49 anos                  ;1;ANALFABETO;-3;#NE;-3;#NE;-3;#NE;-3;#NE;Facultativo;2;0;0;0
13/04/2021;19:37:12;2012;ES;56057;ALFREDO CHAVES;12;26;1163;;2;MASCULINO;1;SOLTEIRO;4549;45 a 49 anos                  ;2;LÊ E ESCREVE;-3;#NE;-3;#NE;-3;#NE;-3;#NE;Obrigatório;2;0;0;0
13/04/2021;19:37:12;2012;ES;56057;ALFREDO CHAVES;12;26;1163;;2;MASCULINO;1;SOLTEIRO;4549;45 a 49 anos                  ;3;ENSINO FUNDAMENTAL INCOMPLETO;-3;#NE;-3;#NE;-3;#NE;-3;#NE;Obrigatório;2;0;0;0
13/04/2021;19:37:12;2012;ES;56057;ALFREDO CHAVES;12;28;1074;;2;MASCULINO;1;SOLTEIRO;3034;30 a 34 anos                  ;3;ENSINO FUNDAMENTAL INCOMPLETO;-3;#NE;-3;#NE;-3;#NE;-3;#NE;Obrigatório;6;0;0;0
13/04/2021;19:37:12;2012;ES;56057;ALFREDO CHAVES;12;28;1074;;2;MASCULINO;1;SOLTEIRO;3034;30 a 34 anos                  ;5;ENSINO MÉDIO INCOMPLETO;-3;#NE;-3;#NE;-3;#NE;-3;#NE;Obrigatório;3;0;0;0
13/04/2021;19:37:12;2012;ES;56057;ALFREDO CHAVES;12;2;1015;;2;MASCULINO;1;SOLTEIRO;5054;50 a 54 anos                  ;8;SUPERIOR COMPLETO;-3;#NE;-3;#NE;-3;#NE;-3;#NE;Obrigatório;1;0;0;0
13/04/2021;19:37:12;2012;ES;56057;ALFREDO CHAVES;12;2;1015;;2;MASCULINO;1;SOLTEIRO;5559;55 a 59 anos                  ;3;ENSINO FUNDAMENTAL INCOMPLETO;-3;#NE;-3;#NE;-3;#NE;-3;#NE;Obrigatório;4;0;0;0
13/04/2021;19:37:12;2012;ES;56057;ALFREDO CHAVES;12;2;1015;;2;MASCULINO;1;SOLTEIRO;5559;55 a 59 anos                  ;8;SUPERIOR COMPLETO;-3;#NE;-3;#NE;-3;#NE;-3;#NE;Obrigatório;1;0;0;0
13/04/2021;19:37:12;2012;ES;56057;ALFREDO CHAVES;12;2;1015;;2;MASCULINO;1;SOLTEIRO;6064;60 a 64 anos                  ;2;LÊ E ESCREVE;-3;#NE;-3;#NE;-3;#NE;-3;#NE;Obrigatório;2;0;0;0
13/04/2021;19:37:12;2012;ES;56057;ALFREDO CHAVES;12;2;1015;;2;MASCULINO;1;SOLTEIRO;7074;70 a 74 anos                  ;2;LÊ E ESCREVE;-3;#NE;-3;#NE;-3;#NE;-3;#NE;Facultativo;1;0;0;0
13/04/2021;19:37:12;2012;ES;56057;ALFREDO CHAVES;12;2;1015;;2;MASCULINO;1;SOLTEIRO;7074;70 a 74 anos                  ;3;ENSINO FUNDAMENTAL INCOMPLETO;-3;#NE;-3;#NE;-3;#NE;-3;#NE;Facultativo;1;0;0;0
13/04/2021;19:37:12;2012;ES;56057;ALFREDO CHAVES;12;2;1015;;2;MASCULINO;3;CASADO;3034;30 a 34 anos                  ;6;ENSINO MÉDIO COMPLETO;-3;#NE;-3;#NE;-3;#NE;-3;#NE;Obrigatório;1;0;0;0
13/04/2021;19:37:12;2012;ES;56057;ALFREDO CHAVES;12;2;1015;;2;MASCULINO;3;CASADO;3539;35 a 39 anos                  ;3;ENSINO FUNDAMENTAL INCOMPLETO;-3;#NE;-3;#NE;-3;#NE;-3;#NE;Obrigatório;2;0;0;0
13/04/2021;19:37:12;2012;ES;56057;ALFREDO CHAVES;12;2;1015;;2;MASCULINO;3;CASADO;3539;35 a 39 anos                  ;4;ENSINO FUNDAMENTAL COMPLETO;-3;#NE;-3;#NE;-3;#NE;-3;#NE;Obrigatório;1;0;0;0
13/04/2021;19:37:12;2012;ES;56057;ALFREDO CHAVES;12;2;1015;;2;MASCULINO;3;CASADO;3539;35 a 39 anos                  ;6;ENSINO MÉDIO COMPLETO;-3;#NE;-3;#NE;-3;#NE;-3;#NE;Obrigatório;1;0;0;0
13/04/2021;19:37:12;2012;ES;56057;ALFREDO CHAVES;12;2;1015;;2;MASCULINO;3;CASADO;4044;40 a 44 anos                  ;7;SUPERIOR INCOMPLETO;-3;#NE;-3;#NE;-3;#NE;-3;#NE;Obrigatório;1;0;0;0
13/04/2021;19:37:12;2012;ES;56057;ALFREDO CHAVES;12;2;1015;;2;MASCULINO;3;CASADO;4549;45 a 49 anos                  ;3;ENSINO FUNDAMENTAL INCOMPLETO;-3;#NE;-3;#NE;-3;#NE;-3;#NE;Obrigatório;5;0;0;0
13/04/2021;19:37:12;2012;ES;56057;ALFREDO CHAVES;12;2;1015;;2;MASCULINO;3;CASADO;4549;45 a 49 anos                  ;4;ENSINO FUNDAMENTAL COMPLETO;-3;#NE;-3;#NE;-3;#NE;-3;#NE;Obrigatório;1;0;0;0
13/04/2021;19:37:12;2012;ES;56057;ALFREDO CHAVES;12;2;1015;;2;MASCULINO;3;CASADO;5054;50 a 54 anos                  ;2;LÊ E ESCREVE;-3;#NE;-3;#NE;-3;#NE;-3;#NE;Obrigatório;1;0;0;0
13/04/2021;19:37:12;2012;ES;56057;ALFREDO CHAVES;12;2;1015;;2;MASCULINO;3;CASADO;5054;50 a 54 anos                  ;3;ENSINO FUNDAMENTAL INCOMPLETO;-3;#NE;-3;#NE;-3;#NE;-3;#NE;Obrigatório;2;0;0;0
13/04/2021;19:37:12;2012;ES;56057;ALFREDO CHAVES;12;2;1015;;2;MASCULINO;3;CASADO;5054;50 a 54 anos                  ;4;ENSINO FUNDAMENTAL COMPLETO;-3;#NE;-3;#NE;-3;#NE;-3;#NE;Obrigatório;2;0;0;0
13/04/2021;19:37:12;2012;ES;56057;ALFREDO CHAVES;12;2;1015;;2;MASCULINO;3;CASADO;5054;50 a 54 anos                  ;6;ENSINO MÉDIO COMPLETO;-3;#NE;-3;#NE;-3;#NE;-3;#NE;Obrigatório;4;0;0;0
13/04/2021;19:37:12;2012;ES;56057;ALFREDO CHAVES;12;2;1015;;2;MASCULINO;3;CASADO;5054;50 a 54 anos                  ;8;SUPERIOR COMPLETO;-3;#NE;-3;#NE;-3;#NE;-3;#NE;Obrigatório;1;0;0;0
13/04/2021;19:37:12;2012;ES;56057;ALFREDO CHAVES;12;2;1015;;2;MASCULINO;3;CASADO;5559;55 a 59 anos                  ;2;LÊ E ESCREVE;-3;#NE;-3;#NE;-3;#NE;-3;#NE;Obrigatório;2;0;0;0
13/04/2021;19:37:12;2012;ES;56057;ALFREDO CHAVES;12;2;1015;;2;MASCULINO;3;CASADO;5559;55 a 59 anos                  ;3;ENSINO FUNDAMENTAL INCOMPLETO;-3;#NE;-3;#NE;-3;#NE;-3;#NE;Obrigatório;5;0;0;0
13/04/2021;19:37:12;2012;ES;56057;ALFREDO CHAVES;12;2;1015;;2;MASCULINO;3;CASADO;5559;55 a 59 anos                  ;4;ENSINO FUNDAMENTAL COMPLETO;-3;#NE;-3;#NE;-3;#NE;-3;#NE;Obrigatório;2;0;0;0
13/04/2021;19:37:12;2012;ES;56057;ALFREDO CHAVES;12;2;1015;;2;MASCULINO;3;CASADO;5559;55 a 59 anos                  ;5;ENSINO MÉDIO INCOMPLETO;-3;#NE;-3;#NE;-3;#NE;-3;#NE;Obrigatório;1;0;0;0
13/04/2021;19:37:12;2012;ES;56057;ALFREDO CHAVES;12;2;1015;;2;MASCULINO;3;CASADO;5559;55 a 59 anos                  ;6;ENSINO MÉDIO COMPLETO;-3;#NE;-3;#NE;-3;#NE;-3;#NE;Obrigatório;2;0;0;0
13/04/2021;19:37:12;2012;ES;56057;ALFREDO CHAVES;12;2;1015;;2;MASCULINO;3;CASADO;5559;55 a 59 anos                  ;8;SUPERIOR COMPLETO;-3;#NE;-3;#NE;-3;#NE;-3;#NE;Obrigatório;1;0;0;0
13/04/2021;19:37:12;2012;ES;56057;ALFREDO CHAVES;12;2;1015;;2;MASCULINO;3;CASADO;6064;60 a 64 anos                  ;2;LÊ E ESCREVE;-3;#NE;-3;#NE;-3;#NE;-3;#NE;Obrigatório;1;0;0;0
13/04/2021;19:37:12;2012;ES;56057;ALFREDO CHAVES;12;2;1015;;2;MASCULINO;3;CASADO;6064;60 a 64 anos                  ;3;ENSINO FUNDAMENTAL INCOMPLETO;-3;#NE;-3;#NE;-3;#NE;-3;#NE;Obrigatório;6;0;0;0
13/04/2021;19:37:12;2012;ES;56057;ALFREDO CHAVES;12;2;1015;;2;MASCULINO;3;CASADO;6064;60 a 64 anos                  ;4;ENSINO FUNDAMENTAL COMPLETO;-3;#NE;-3;#NE;-3;#NE;-3;#NE;Obrigatório;1;0;0;0
13/04/2021;19:37:12;2012;ES;56057;ALFREDO CHAVES;12;2;1015;;2;MASCULINO;3;CASADO;6569;65 a 69 anos                  ;2;LÊ E ESCREVE;-3;#NE;-3;#NE;-3;#NE;-3;#NE;Obrigatório;1;0;0;0
13/04/2021;19:37:12;2012;ES;56057;ALFREDO CHAVES;12;2;1015;;2;MASCULINO;3;CASADO;6569;65 a 69 anos                  ;3;ENSINO FUNDAMENTAL INCOMPLETO;-3;#NE;-3;#NE;-3;#NE;-3;#NE;Obrigatório;3;0;0;0
13/04/2021;19:37:12;2012;ES;56057;ALFREDO CHAVES;12;2;1015;;2;MASCULINO;3;CASADO;6569;65 a 69 anos                  ;6;ENSINO MÉDIO COMPLETO;-3;#NE;-3;#NE;-3;#NE;-3;#NE;Obrigatório;1;0;0;0
13/04/2021;19:37:12;2012;ES;56057;ALFREDO CHAVES;12;2;1015;;2;MASCULINO;3;CASADO;7074;70 a 74 anos                  ;1;ANALFABETO;-3;#NE;-3;#NE;-3;#NE;-3;#NE;Facultativo;1;0;0;0
13/04/2021;19:37:12;2012;ES;56057;ALFREDO CHAVES;12;2;1015;;2;MASCULINO;3;CASADO;7074;70 a 74 anos                  ;2;LÊ E ESCREVE;-3;#NE;-3;#NE;-3;#NE;-3;#NE;Facultativo;2;0;0;0
13/04/2021;19:37:12;2012;ES;56057;ALFREDO CHAVES;12;2;1015;;2;MASCULINO;3;CASADO;7074;70 a 74 anos                  ;3;ENSINO FUNDAMENTAL INCOMPLETO;-3;#NE;-3;#NE;-3;#NE;-3;#NE;Facultativo;3;0;0;0
13/04/2021;19:37:12;2012;ES;56057;ALFREDO CHAVES;12;2;1015;;2;MASCULINO;3;CASADO;7074;70 a 74 anos                  ;4;ENSINO FUNDAMENTAL COMPLETO;-3;#NE;-3;#NE;-3;#NE;-3;#NE;Facultativo;1;0;0;0
13/04/2021;19:37:12;2012;ES;56057;ALFREDO CHAVES;12;2;1015;;2;MASCULINO;3;CASADO;7579;75 a 79 anos                  ;2;LÊ E ESCREVE;-3;#NE;-3;#NE;-3;#NE;-3;#NE;Facultativo;2;0;0;0
13/04/2021;19:37:12;2012;ES;56057;ALFREDO CHAVES;12;3;1015;;4;FEMININO;1;SOLTEIRO;3034;30 a 34 anos                  ;7;SUPERIOR INCOMPLETO;-3;#NE;-3;#NE;-3;#NE;-3;#NE;Obrigatório;2;0;0;0
13/04/2021;19:37:12;2012;ES;56057;ALFREDO CHAVES;12;3;1015;;4;FEMININO;1;SOLTEIRO;3539;35 a 39 anos                  ;5;ENSINO MÉDIO INCOMPLETO;-3;#NE;-3;#NE;-3;#NE;-3;#NE;Obrigatório;1;0;0;0
13/04/2021;19:37:12;2012;ES;56057;ALFREDO CHAVES;12;3;1015;;4;FEMININO;1;SOLTEIRO;3539;35 a 39 anos                  ;6;ENSINO MÉDIO COMPLETO;-3;#NE;-3;#NE;-3;#NE;-3;#NE;Obrigatório;3;0;0;0
13/04/2021;19:37:12;2012;ES;56057;ALFREDO CHAVES;12;3;1015;;4;FEMININO;1;SOLTEIRO;3539;35 a 39 anos                  ;7;SUPERIOR INCOMPLETO;-3;#NE;-3;#NE;-3;#NE;-3;#NE;Obrigatório;1;0;0;0
13/04/2021;19:37:12;2012;ES;56057;ALFREDO CHAVES;12;3;1015;;4;FEMININO;1;SOLTEIRO;4044;40 a 44 anos                  ;6;ENSINO MÉDIO COMPLETO;-3;#NE;-3;#NE;-3;#NE;-3;#NE;Obrigatório;1;0;0;0
13/04/2021;19:37:12;2012;ES;56057;ALFREDO CHAVES;12;3;1015;;4;FEMININO;1;SOLTEIRO;4044;40 a 44 anos                  ;8;SUPERIOR COMPLETO;-3;#NE;-3;#NE;-3;#NE;-3;#NE;Obrigatório;1;0;0;0
13/04/2021;19:37:12;2012;ES;56057;ALFREDO CHAVES;12;3;1015;;4;FEMININO;1;SOLTEIRO;4549;45 a 49 anos                  ;2;LÊ E ESCREVE;-3;#NE;-3;#NE;-3;#NE;-3;#NE;Obrigatório;1;0;0;0
13/04/2021;19:37:12;2012;ES;56057;ALFREDO CHAVES;12;3;1015;;4;FEMININO;1;SOLTEIRO;4549;45 a 49 anos                  ;3;ENSINO FUNDAMENTAL INCOMPLETO;-3;#NE;-3;#NE;-3;#NE;-3;#NE;Obrigatório;3;0;0;0
13/04/2021;19:37:12;2012;ES;56057;ALFREDO CHAVES;12;3;1015;;4;FEMININO;1;SOLTEIRO;4549;45 a 49 anos                  ;4;ENSINO FUNDAMENTAL COMPLETO;-3;#NE;-3;#NE;-3;#NE;-3;#NE;Obrigatório;2;0;0;0
13/04/2021;19:37:12;2012;ES;56057;ALFREDO CHAVES;12;3;1015;;4;FEMININO;1;SOLTEIRO;4549;45 a 49 anos                  ;6;ENSINO MÉDIO COMPLETO;-3;#NE;-3;#NE;-3;#NE;-3;#NE;Obrigatório;3;0;0;0
13/04/2021;19:37:12;2012;ES;56057;ALFREDO CHAVES;12;3;1015;;4;FEMININO;1;SOLTEIRO;5054;50 a 54 anos                  ;2;LÊ E ESCREVE;-3;#NE;-3;#NE;-3;#NE;-3;#NE;Obrigatório;1;0;0;0
13/04/2021;19:37:12;2012;ES;56057;ALFREDO CHAVES;12;3;1015;;4;FEMININO;1;SOLTEIRO;5054;50 a 54 anos                  ;3;ENSINO FUNDAMENTAL INCOMPLETO;-3;#NE;-3;#NE;-3;#NE;-3;#NE;Obrigatório;3;0;0;0
13/04/2021;19:37:12;2012;ES;56057;ALFREDO CHAVES;12;3;1015;;4;FEMININO;1;SOLTEIRO;5054;50 a 54 anos                  ;6;ENSINO MÉDIO COMPLETO;-3;#NE;-3;#NE;-3;#NE;-3;#NE;Obrigatório;3;0;0;0
13/04/2021;19:37:12;2012;ES;56057;ALFREDO CHAVES;12;3;1015;;4;FEMININO;1;SOLTEIRO;5054;50 a 54 anos                  ;8;SUPERIOR COMPLETO;-3;#NE;-3;#NE;-3;#NE;-3;#NE;Obrigatório;1;0;0;0
13/04/2021;19:37:12;2012;ES;56057;ALFREDO CHAVES;12;3;1015;;4;FEMININO;1;SOLTEIRO;5559;55 a 59 anos                  ;1;ANALFABETO;-3;#NE;-3;#NE;-3;#NE;-3;#NE;Facultativo;1;0;0;0
13/04/2021;19:37:12;2012;ES;56057;ALFREDO CHAVES;12;3;1015;;4;FEMININO;1;SOLTEIRO;5559;55 a 59 anos                  ;6;ENSINO MÉDIO COMPLETO;-3;#NE;-3;#NE;-3;#NE;-3;#NE;Obrigatório;3;0;0;0
13/04/2021;19:37:12;2012;ES;56057;ALFREDO CHAVES;12;3;1015;;4;FEMININO;1;SOLTEIRO;6064;60 a 64 anos                  ;1;ANALFABETO;-3;#NE;-3;#NE;-3;#NE;-3;#NE;Facultativo;1;0;0;0
13/04/2021;19:37:12;2012;ES;56057;ALFREDO CHAVES;12;3;1015;;4;FEMININO;1;SOLTEIRO;6064;60 a 64 anos                  ;8;SUPERIOR COMPLETO;-3;#NE;-3;#NE;-3;#NE;-3;#NE;Obrigatório;1;0;0;0
13/04/2021;19:37:12;2012;ES;56057;ALFREDO CHAVES;12;3;1015;;4;FEMININO;1;SOLTEIRO;7074;70 a 74 anos                  ;1;ANALFABETO;-3;#NE;-3;#NE;-3;#NE;-3;#NE;Facultativo;1;0;0;0
13/04/2021;19:37:12;2012;ES;56057;ALFREDO CHAVES;12;3;1015;;4;FEMININO;1;SOLTEIRO;7579;75 a 79 anos                  ;6;ENSINO MÉDIO COMPLETO;-3;#NE;-3;#NE;-3;#NE;-3;#NE;Facultativo;1;0;0;0
13/04/2021;19:37:12;2012;ES;56057;ALFREDO CHAVES;12;3;1015;;4;FEMININO;3;CASADO;2124;21 a 24 anos                  ;6;ENSINO MÉDIO COMPLETO;-3;#NE;-3;#NE;-3;#NE;-3;#NE;Obrigatório;1;0;0;0
13/04/2021;19:37:12;2012;ES;56057;ALFREDO CHAVES;12;3;1015;;4;FEMININO;3;CASADO;2529;25 a 29 anos                  ;3;ENSINO FUNDAMENTAL INCOMPLETO;-3;#NE;-3;#NE;-3;#NE;-3;#NE;Obrigatório;2;0;0;0
13/04/2021;19:37:12;2012;ES;56057;ALFREDO CHAVES;12;3;1015;;4;FEMININO;3;CASADO;3034;30 a 34 anos                  ;3;ENSINO FUNDAMENTAL INCOMPLETO;-3;#NE;-3;#NE;-3;#NE;-3;#NE;Obrigatório;1;0;0;0
13/04/2021;19:37:12;2012;ES;56057;ALFREDO CHAVES;12;3;1015;;4;FEMININO;3;CASADO;3034;30 a 34 anos                  ;6;ENSINO MÉDIO COMPLETO;-3;#NE;-3;#NE;-3;#NE;-3;#NE;Obrigatório;1;0;0;0
13/04/2021;19:37:12;2012;ES;56057;ALFREDO CHAVES;12;3;1015;;4;FEMININO;3;CASADO;3034;30 a 34 anos                  ;7;SUPERIOR INCOMPLETO;-3;#NE;-3;#NE;-3;#NE;-3;#NE;Obrigatório;1;0;0;0
13/04/2021;19:37:12;2012;ES;56057;ALFREDO CHAVES;12;3;1015;;4;FEMININO;3;CASADO;3034;30 a 34 anos                  ;8;SUPERIOR COMPLETO;-3;#NE;-3;#NE;-3;#NE;-3;#NE;Obrigatório;1;0;0;0
13/04/2021;19:37:12;2012;ES;56057;ALFREDO CHAVES;12;3;1015;;4;FEMININO;3;CASADO;3539;35 a 39 anos                  ;3;ENSINO FUNDAMENTAL INCOMPLETO;-3;#NE;-3;#NE;-3;#NE;-3;#NE;Obrigatório;2;0;0;0
13/04/2021;19:37:12;2012;ES;56057;ALFREDO CHAVES;12;3;1015;;4;FEMININO;3;CASADO;3539;35 a 39 anos                  ;4;ENSINO FUNDAMENTAL COMPLETO;-3;#NE;-3;#NE;-3;#NE;-3;#NE;Obrigatório;1;0;0;0
13/04/2021;19:37:12;2012;ES;56057;ALFREDO CHAVES;12;3;1015;;4;FEMININO;3;CASADO;3539;35 a 39 anos                  ;6;ENSINO MÉDIO COMPLETO;-3;#NE;-3;#NE;-3;#NE;-3;#NE;Obrigatório;1;0;0;0
13/04/2021;19:37:12;2012;ES;56057;ALFREDO CHAVES;12;3;1015;;4;FEMININO;3;CASADO;4044;40 a 44 anos                  ;2;LÊ E ESCREVE;-3;#NE;-3;#NE;-3;#NE;-3;#NE;Obrigatório;1;0;0;0
13/04/2021;19:37:12;2012;ES;56057;ALFREDO CHAVES;12;3;1015;;4;FEMININO;3;CASADO;4044;40 a 44 anos                  ;6;ENSINO MÉDIO COMPLETO;-3;#NE;-3;#NE;-3;#NE;-3;#NE;Obrigatório;1;0;0;0
13/04/2021;19:37:12;2012;ES;56057;ALFREDO CHAVES;12;3;1015;;4;FEMININO;3;CASADO;4044;40 a 44 anos                  ;7;SUPERIOR INCOMPLETO;-3;#NE;-3;#NE;-3;#NE;-3;#NE;Obrigatório;1;0;0;0
13/04/2021;19:37:12;2012;ES;56057;ALFREDO CHAVES;12;3;1015;;4;FEMININO;3;CASADO;4044;40 a 44 anos                  ;8;SUPERIOR COMPLETO;-3;#NE;-3;#NE;-3;#NE;-3;#NE;Obrigatório;1;0;0;0
13/04/2021;19:37:12;2012;ES;56057;ALFREDO CHAVES;12;3;1015;;4;FEMININO;3;CASADO;4549;45 a 49 anos                  ;3;ENSINO FUNDAMENTAL INCOMPLETO;-3;#NE;-3;#NE;-3;#NE;-3;#NE;Obrigatório;3;0;0;0
13/04/2021;19:37:12;2012;ES;56057;ALFREDO CHAVES;12;3;1015;;4;FEMININO;3;CASADO;4549;45 a 49 anos                  ;6;ENSINO MÉDIO COMPLETO;-3;#NE;-3;#NE;-3;#NE;-3;#NE;Obrigatório;1;0;0;0
13/04/2021;19:37:12;2012;ES;56057;ALFREDO CHAVES;12;3;1015;;4;FEMININO;3;CASADO;5054;50 a 54 anos                  ;3;ENSINO FUNDAMENTAL INCOMPLETO;-3;#NE;-3;#NE;-3;#NE;-3;#NE;Obrigatório;5;0;0;0
13/04/2021;19:37:12;2012;ES;56057;ALFREDO CHAVES;12;3;1015;;4;FEMININO;3;CASADO;5054;50 a 54 anos                  ;4;ENSINO FUNDAMENTAL COMPLETO;-3;#NE;-3;#NE;-3;#NE;-3;#NE;Obrigatório;2;0;0;0
13/04/2021;19:37:12;2012;ES;56057;ALFREDO CHAVES;12;3;1015;;4;FEMININO;3;CASADO;5054;50 a 54 anos                  ;5;ENSINO MÉDIO INCOMPLETO;-3;#NE;-3;#NE;-3;#NE;-3;#NE;Obrigatório;1;0;0;0
13/04/2021;19:37:12;2012;ES;56057;ALFREDO CHAVES;12;3;1015;;4;FEMININO;3;CASADO;5054;50 a 54 anos                  ;6;ENSINO MÉDIO COMPLETO;-3;#NE;-3;#NE;-3;#NE;-3;#NE;Obrigatório;4;0;0;0
13/04/2021;19:37:12;2012;ES;56057;ALFREDO CHAVES;12;3;1015;;4;FEMININO;3;CASADO;5054;50 a 54 anos                  ;8;SUPERIOR COMPLETO;-3;#NE;-3;#NE;-3;#NE;-3;#NE;Obrigatório;1;0;0;0
13/04/2021;19:37:12;2012;ES;56057;ALFREDO CHAVES;12;3;1015;;4;FEMININO;3;CASADO;5559;55 a 59 anos                  ;1;ANALFABETO;-3;#NE;-3;#NE;-3;#NE;-3;#NE;Facultativo;1;0;0;0
13/04/2021;19:37:12;2012;ES;56057;ALFREDO CHAVES;12;3;1015;;4;FEMININO;3;CASADO;5559;55 a 59 anos                  ;4;ENSINO FUNDAMENTAL COMPLETO;-3;#NE;-3;#NE;-3;#NE;-3;#NE;Obrigatório;1;0;0;0
13/04/2021;19:37:12;2012;ES;56057;ALFREDO CHAVES;12;3;1015;;4;FEMININO;3;CASADO;5559;55 a 59 anos                  ;6;ENSINO MÉDIO COMPLETO;-3;#NE;-3;#NE;-3;#NE;-3;#NE;Obrigatório;3;0;0;0
13/04/2021;19:37:12;2012;ES;56057;ALFREDO CHAVES;12;3;1015;;4;FEMININO;3;CASADO;6064;60 a 64 anos                  ;2;LÊ E ESCREVE;-3;#NE;-3;#NE;-3;#NE;-3;#NE;Obrigatório;4;0;0;0
13/04/2021;19:37:12;2012;ES;56057;ALFREDO CHAVES;12;3;1015;;4;FEMININO;3;CASADO;6064;60 a 64 anos                  ;6;ENSINO MÉDIO COMPLETO;-3;#NE;-3;#NE;-3;#NE;-3;#NE;Obrigatório;1;0;0;0
13/04/2021;19:37:12;2012;ES;56057;ALFREDO CHAVES;12;3;1015;;4;FEMININO;3;CASADO;6064;60 a 64 anos                  ;7;SUPERIOR INCOMPLETO;-3;#NE;-3;#NE;-3;#NE;-3;#NE;Obrigatório;1;0;0;0
13/04/2021;19:37:12;2012;ES;56057;ALFREDO CHAVES;12;3;1015;;4;FEMININO;3;CASADO;6569;65 a 69 anos                  ;1;ANALFABETO;-3;#NE;-3;#NE;-3;#NE;-3;#NE;Facultativo;1;0;0;0
13/04/2021;19:37:12;2012;ES;56057;ALFREDO CHAVES;12;3;1015;;4;FEMININO;3;CASADO;6569;65 a 69 anos                  ;3;ENSINO FUNDAMENTAL INCOMPLETO;-3;#NE;-3;#NE;-3;#NE;-3;#NE;Obrigatório;5;0;0;0
13/04/2021;19:37:12;2012;ES;56057;ALFREDO CHAVES;12;3;1015;;4;FEMININO;3;CASADO;7074;70 a 74 anos                  ;2;LÊ E ESCREVE;-3;#NE;-3;#NE;-3;#NE;-3;#NE;Facultativo;5;0;0;0
13/04/2021;19:37:12;2012;ES;56057;ALFREDO CHAVES;12;3;1015;;4;FEMININO;3;CASADO;7074;70 a 74 anos                  ;6;ENSINO MÉDIO COMPLETO;-3;#NE;-3;#NE;-3;#NE;-3;#NE;Facultativo;1;0;0;0
13/04/2021;19:37:12;2012;ES;56057;ALFREDO CHAVES;12;3;1015;;4;FEMININO;3;CASADO;7579;75 a 79 anos                  ;2;LÊ E ESCREVE;-3;#NE;-3;#NE;-3;#NE;-3;#NE;Facultativo;1;0;0;0
13/04/2021;19:37:12;2012;ES;56057;ALFREDO CHAVES;12;3;1015;;4;FEMININO;3;CASADO;8589;85 a 89 anos                  ;2;LÊ E ESCREVE;-3;#NE;-3;#NE;-3;#NE;-3;#NE;Facultativo;2;0;0;0
13/04/2021;19:37:12;2012;ES;56057;ALFREDO CHAVES;12;3;1015;;4;FEMININO;5;VIÚVO;4044;40 a 44 anos                  ;3;ENSINO FUNDAMENTAL INCOMPLETO;-3;#NE;-3;#NE;-3;#NE;-3;#NE;Obrigatório;1;0;0;0
13/04/2021;19:37:12;2012;ES;56057;ALFREDO CHAVES;12;5;1015;;2;MASCULINO;3;CASADO;4044;40 a 44 anos                  ;4;ENSINO FUNDAMENTAL COMPLETO;-3;#NE;-3;#NE;-3;#NE;-3;#NE;Obrigatório;1;0;0;0
13/04/2021;19:37:12;2012;ES;56057;ALFREDO CHAVES;12;5;1015;;2;MASCULINO;3;CASADO;4549;45 a 49 anos                  ;3;ENSINO FUNDAMENTAL INCOMPLETO;-3;#NE;-3;#NE;-3;#NE;-3;#NE;Obrigatório;3;0;0;0
13/04/2021;19:37:12;2012;ES;56057;ALFREDO CHAVES;12;5;1015;;2;MASCULINO;3;CASADO;4549;45 a 49 anos                  ;6;ENSINO MÉDIO COMPLETO;-3;#NE;-3;#NE;-3;#NE;-3;#NE;Obrigatório;1;0;0;0
13/04/2021;19:37:12;2012;ES;56057;ALFREDO CHAVES;12;5;1015;;2;MASCULINO;3;CASADO;5054;50 a 54 anos                  ;2;LÊ E ESCREVE;-3;#NE;-3;#NE;-3;#NE;-3;#NE;Obrigatório;3;0;0;0
13/04/2021;19:37:12;2012;ES;56057;ALFREDO CHAVES;12;5;1015;;2;MASCULINO;3;CASADO;5054;50 a 54 anos                  ;3;ENSINO FUNDAMENTAL INCOMPLETO;-3;#NE;-3;#NE;-3;#NE;-3;#NE;Obrigatório;6;0;0;0
13/04/2021;19:37:12;2012;ES;56057;ALFREDO CHAVES;12;5;1015;;2;MASCULINO;3;CASADO;5054;50 a 54 anos                  ;5;ENSINO MÉDIO INCOMPLETO;-3;#NE;-3;#NE;-3;#NE;-3;#NE;Obrigatório;1;0;0;0
13/04/2021;19:37:12;2012;ES;56057;ALFREDO CHAVES;12;5;1015;;2;MASCULINO;3;CASADO;5054;50 a 54 anos                  ;6;ENSINO MÉDIO COMPLETO;-3;#NE;-3;#NE;-3;#NE;-3;#NE;Obrigatório;2;0;0;0
13/04/2021;19:37:12;2012;ES;56057;ALFREDO CHAVES;12;5;1015;;2;MASCULINO;3;CASADO;5054;50 a 54 anos                  ;8;SUPERIOR COMPLETO;-3;#NE;-3;#NE;-3;#NE;-3;#NE;Obrigatório;2;0;0;0
13/04/2021;19:37:12;2012;ES;56057;ALFREDO CHAVES;12;5;1015;;2;MASCULINO;3;CASADO;5559;55 a 59 anos                  ;4;ENSINO FUNDAMENTAL COMPLETO;-3;#NE;-3;#NE;-3;#NE;-3;#NE;Obrigatório;3;0;0;0
13/04/2021;19:37:12;2012;ES;56057;ALFREDO CHAVES;12;5;1015;;2;MASCULINO;3;CASADO;5559;55 a 59 anos                  ;5;ENSINO MÉDIO INCOMPLETO;-3;#NE;-3;#NE;-3;#NE;-3;#NE;Obrigatório;1;0;0;0
13/04/2021;19:37:12;2012;ES;56057;ALFREDO CHAVES;12;5;1015;;2;MASCULINO;3;CASADO;5559;55 a 59 anos                  ;6;ENSINO MÉDIO COMPLETO;-3;#NE;-3;#NE;-3;#NE;-3;#NE;Obrigatório;1;0;0;0
13/04/2021;19:37:12;2012;ES;56057;ALFREDO CHAVES;12;5;1015;;2;MASCULINO;3;CASADO;6064;60 a 64 anos                  ;3;ENSINO FUNDAMENTAL INCOMPLETO;-3;#NE;-3;#NE;-3;#NE;-3;#NE;Obrigatório;5;0;0;0
13/04/2021;19:37:12;2012;ES;56057;ALFREDO CHAVES;12;5;1015;;2;MASCULINO;3;CASADO;6064;60 a 64 anos                  ;4;ENSINO FUNDAMENTAL COMPLETO;-3;#NE;-3;#NE;-3;#NE;-3;#NE;Obrigatório;2;0;0;0
13/04/2021;19:37:12;2012;ES;56057;ALFREDO CHAVES;12;5;1015;;2;MASCULINO;3;CASADO;6064;60 a 64 anos                  ;6;ENSINO MÉDIO COMPLETO;-3;#NE;-3;#NE;-3;#NE;-3;#NE;Obrigatório;1;0;0;0
13/04/2021;19:37:12;2012;ES;56057;ALFREDO CHAVES;12;5;1015;;2;MASCULINO;3;CASADO;6569;65 a 69 anos                  ;2;LÊ E ESCREVE;-3;#NE;-3;#NE;-3;#NE;-3;#NE;Obrigatório;2;0;0;0
13/04/2021;19:37:12;2012;ES;56057;ALFREDO CHAVES;12;5;1015;;2;MASCULINO;3;CASADO;6569;65 a 69 anos                  ;3;ENSINO FUNDAMENTAL INCOMPLETO;-3;#NE;-3;#NE;-3;#NE;-3;#NE;Obrigatório;2;0;0;0
13/04/2021;19:37:12;2012;ES;56057;ALFREDO CHAVES;12;5;1015;;2;MASCULINO;3;CASADO;6569;65 a 69 anos                  ;5;ENSINO MÉDIO INCOMPLETO;-3;#NE;-3;#NE;-3;#NE;-3;#NE;Obrigatório;1;0;0;0
13/04/2021;19:37:12;2012;ES;56057;ALFREDO CHAVES;12;5;1015;;2;MASCULINO;3;CASADO;7074;70 a 74 anos                  ;1;ANALFABETO;-3;#NE;-3;#NE;-3;#NE;-3;#NE;Facultativo;1;0;0;0
13/04/2021;19:37:12;2012;ES;56057;ALFREDO CHAVES;12;5;1015;;2;MASCULINO;3;CASADO;7074;70 a 74 anos                  ;2;LÊ E ESCREVE;-3;#NE;-3;#NE;-3;#NE;-3;#NE;Facultativo;1;0;0;0
13/04/2021;19:37:12;2012;ES;56057;ALFREDO CHAVES;12;5;1015;;2;MASCULINO;3;CASADO;7074;70 a 74 anos                  ;3;ENSINO FUNDAMENTAL INCOMPLETO;-3;#NE;-3;#NE;-3;#NE;-3;#NE;Facultativo;4;0;0;0
13/04/2021;19:37:12;2012;ES;56057;ALFREDO CHAVES;12;5;1015;;2;MASCULINO;3;CASADO;7074;70 a 74 anos                  ;8;SUPERIOR COMPLETO;-3;#NE;-3;#NE;-3;#NE;-3;#NE;Facultativo;2;0;0;0
13/04/2021;19:37:12;2012;ES;56057;ALFREDO CHAVES;12;5;1015;;2;MASCULINO;3;CASADO;7579;75 a 79 anos                  ;2;LÊ E ESCREVE;-3;#NE;-3;#NE;-3;#NE;-3;#NE;Facultativo;3;0;0;0
13/04/2021;19:37:12;2012;ES;56057;ALFREDO CHAVES;12;5;1015;;2;MASCULINO;3;CASADO;7579;75 a 79 anos                  ;3;ENSINO FUNDAMENTAL INCOMPLETO;-3;#NE;-3;#NE;-3;#NE;-3;#NE;Facultativo;3;0;0;0
13/04/2021;19:37:12;2012;ES;56057;ALFREDO CHAVES;12;5;1015;;2;MASCULINO;3;CASADO;8084;80 a 84 anos                  ;2;LÊ E ESCREVE;-3;#NE;-3;#NE;-3;#NE;-3;#NE;Facultativo;1;0;0;0
13/04/2021;19:37:12;2012;ES;56057;ALFREDO CHAVES;12;5;1015;;2;MASCULINO;3;CASADO;8589;85 a 89 anos                  ;2;LÊ E ESCREVE;-3;#NE;-3;#NE;-3;#NE;-3;#NE;Facultativo;1;0;0;0
13/04/2021;19:37:12;2012;ES;56057;ALFREDO CHAVES;12;5;1015;;2;MASCULINO;3;CASADO;8589;85 a 89 anos                  ;3;ENSINO FUNDAMENTAL INCOMPLETO;-3;#NE;-3;#NE;-3;#NE;-3;#NE;Facultativo;2;0;0;0
13/04/2021;19:37:12;2012;ES;56057;ALFREDO CHAVES;12;5;1015;;2;MASCULINO;3;CASADO;8589;85 a 89 anos                  ;6;ENSINO MÉDIO COMPLETO;-3;#NE;-3;#NE;-3;#NE;-3;#NE;Facultativo;1;0;0;0
13/04/2021;19:37:12;2012;ES;56057;ALFREDO CHAVES;12;5;1015;;2;MASCULINO;7;SEPARADO JUDICIALMENTE;5054;50 a 54 anos                  ;3;ENSINO FUNDAMENTAL INCOMPLETO;-3;#NE;-3;#NE;-3;#NE;-3;#NE;Obrigatório;1;0;0;0
13/04/2021;19:37:12;2012;ES;56057;ALFREDO CHAVES;12;5;1015;;2;MASCULINO;7;SEPARADO JUDICIALMENTE;6569;65 a 69 anos                  ;6;ENSINO MÉDIO COMPLETO;-3;#NE;-3;#NE;-3;#NE;-3;#NE;Obrigatório;1;0;0;0
13/04/2021;19:37:12;2012;ES;56057;ALFREDO CHAVES;12;5;1015;;2;MASCULINO;7;SEPARADO JUDICIALMENTE;8084;80 a 84 anos                  ;6;ENSINO MÉDIO COMPLETO;-3;#NE;-3;#NE;-3;#NE;-3;#NE;Facultativo;1;0;0;0
13/04/2021;19:37:12;2012;ES;56057;ALFREDO CHAVES;12;5;1015;;2;MASCULINO;9;DIVORCIADO;6569;65 a 69 anos                  ;3;ENSINO FUNDAMENTAL INCOMPLETO;-3;#NE;-3;#NE;-3;#NE;-3;#NE;Obrigatório;1;0;0;0
13/04/2021;19:37:12;2012;ES;56057;ALFREDO CHAVES;12;5;1015;;2;MASCULINO;9;DIVORCIADO;6569;65 a 69 anos                  ;8;SUPERIOR COMPLETO;-3;#NE;-3;#NE;-3;#NE;-3;#NE;Obrigatório;1;0;0;0
13/04/2021;19:37:12;2012;ES;56057;ALFREDO CHAVES;12;5;1015;;4;FEMININO;1;SOLTEIRO;1600;16 anos                       ;3;ENSINO FUNDAMENTAL INCOMPLETO;-3;#NE;-3;#NE;-3;#NE;-3;#NE;Facultativo;1;0;0;0
13/04/2021;19:37:12;2012;ES;56057;ALFREDO CHAVES;12;5;1015;;4;FEMININO;1;SOLTEIRO;1600;16 anos                       ;5;ENSINO MÉDIO INCOMPLETO;-3;#NE;-3;#NE;-3;#NE;-3;#NE;Facultativo;3;0;0;0
13/04/2021;19:37:12;2012;ES;56057;ALFREDO CHAVES;12;5;1015;;4;FEMININO;1;SOLTEIRO;2124;21 a 24 anos                  ;5;ENSINO MÉDIO INCOMPLETO;-3;#NE;-3;#NE;-3;#NE;-3;#NE;Obrigatório;4;0;0;0
13/04/2021;19:37:12;2012;ES;56057;ALFREDO CHAVES;12;5;1015;;4;FEMININO;1;SOLTEIRO;2529;25 a 29 anos                  ;3;ENSINO FUNDAMENTAL INCOMPLETO;-3;#NE;-3;#NE;-3;#NE;-3;#NE;Obrigatório;2;0;0;0
13/04/2021;19:37:12;2012;ES;56057;ALFREDO CHAVES;12;5;1015;;4;FEMININO;1;SOLTEIRO;2529;25 a 29 anos                  ;6;ENSINO MÉDIO COMPLETO;-3;#NE;-3;#NE;-3;#NE;-3;#NE;Obrigatório;5;0;0;0
13/04/2021;19:37:12;2012;ES;56057;ALFREDO CHAVES;12;5;1015;;4;FEMININO;1;SOLTEIRO;2529;25 a 29 anos                  ;7;SUPERIOR INCOMPLETO;-3;#NE;-3;#NE;-3;#NE;-3;#NE;Obrigatório;1;0;0;0
13/04/2021;19:37:12;2012;ES;56057;ALFREDO CHAVES;12;5;1015;;4;FEMININO;1;SOLTEIRO;3034;30 a 34 anos                  ;3;ENSINO FUNDAMENTAL INCOMPLETO;-3;#NE;-3;#NE;-3;#NE;-3;#NE;Obrigatório;4;0;0;0
13/04/2021;19:37:12;2012;ES;56057;ALFREDO CHAVES;12;5;1015;;4;FEMININO;1;SOLTEIRO;3034;30 a 34 anos                  ;5;ENSINO MÉDIO INCOMPLETO;-3;#NE;-3;#NE;-3;#NE;-3;#NE;Obrigatório;3;0;0;0
13/04/2021;19:37:12;2012;ES;56057;ALFREDO CHAVES;12;6;1023;;4;FEMININO;9;DIVORCIADO;5559;55 a 59 anos                  ;1;ANALFABETO;-3;#NE;-3;#NE;-3;#NE;-3;#NE;Facultativo;1;0;0;0
13/04/2021;19:37:12;2012;ES;56057;ALFREDO CHAVES;12;6;1023;;4;FEMININO;9;DIVORCIADO;5559;55 a 59 anos                  ;5;ENSINO MÉDIO INCOMPLETO;-3;#NE;-3;#NE;-3;#NE;-3;#NE;Obrigatório;1;0;0;0
13/04/2021;19:37:12;2012;ES;56057;ALFREDO CHAVES;12;7;1023;;0;NÃO INFORMADO;5;VIÚVO;8589;85 a 89 anos                  ;2;LÊ E ESCREVE;-3;#NE;-3;#NE;-3;#NE;-3;#NE;Facultativo;1;0;0;0
13/04/2021;19:37:12;2012;ES;56057;ALFREDO CHAVES;12;7;1023;;2;MASCULINO;1;SOLTEIRO;1600;16 anos                       ;5;ENSINO MÉDIO INCOMPLETO;-3;#NE;-3;#NE;-3;#NE;-3;#NE;Facultativo;1;0;0;0
13/04/2021;19:37:12;2012;ES;56057;ALFREDO CHAVES;12;7;1023;;2;MASCULINO;1;SOLTEIRO;1700;17 anos                       ;3;ENSINO FUNDAMENTAL INCOMPLETO;-3;#NE;-3;#NE;-3;#NE;-3;#NE;Facultativo;1;0;0;0
13/04/2021;19:37:12;2012;ES;56057;ALFREDO CHAVES;12;7;1023;;2;MASCULINO;1;SOLTEIRO;1800;18 anos                       ;3;ENSINO FUNDAMENTAL INCOMPLETO;-3;#NE;-3;#NE;-3;#NE;-3;#NE;Obrigatório;2;0;0;0
13/04/2021;19:37:12;2012;ES;56057;ALFREDO CHAVES;12;7;1023;;2;MASCULINO;1;SOLTEIRO;1800;18 anos                       ;5;ENSINO MÉDIO INCOMPLETO;-3;#NE;-3;#NE;-3;#NE;-3;#NE;Obrigatório;5;0;0;0
13/04/2021;19:37:12;2012;ES;56057;ALFREDO CHAVES;12;7;1023;;2;MASCULINO;1;SOLTEIRO;1800;18 anos                       ;6;ENSINO MÉDIO COMPLETO;-3;#NE;-3;#NE;-3;#NE;-3;#NE;Obrigatório;2;0;0;0
13/04/2021;19:37:12;2012;ES;56057;ALFREDO CHAVES;12;7;1023;;2;MASCULINO;1;SOLTEIRO;1900;19 anos                       ;5;ENSINO MÉDIO INCOMPLETO;-3;#NE;-3;#NE;-3;#NE;-3;#NE;Obrigatório;4;0;0;0
13/04/2021;19:37:12;2012;ES;56057;ALFREDO CHAVES;12;7;1023;;2;MASCULINO;1;SOLTEIRO;1900;19 anos                       ;6;ENSINO MÉDIO COMPLETO;-3;#NE;-3;#NE;-3;#NE;-3;#NE;Obrigatório;1;0;0;0
13/04/2021;19:37:12;2012;ES;56057;ALFREDO CHAVES;12;7;1023;;2;MASCULINO;1;SOLTEIRO;2000;20 anos                       ;3;ENSINO FUNDAMENTAL INCOMPLETO;-3;#NE;-3;#NE;-3;#NE;-3;#NE;Obrigatório;1;0;0;0
13/04/2021;19:37:12;2012;ES;56057;ALFREDO CHAVES;12;7;1023;;2;MASCULINO;1;SOLTEIRO;2000;20 anos                       ;5;ENSINO MÉDIO INCOMPLETO;-3;#NE;-3;#NE;-3;#NE;-3;#NE;Obrigatório;1;0;0;0
13/04/2021;19:37:12;2012;ES;56057;ALFREDO CHAVES;12;7;1023;;2;MASCULINO;1;SOLTEIRO;2000;20 anos                       ;6;ENSINO MÉDIO COMPLETO;-3;#NE;-3;#NE;-3;#NE;-3;#NE;Obrigatório;2;0;0;0
13/04/2021;19:37:12;2012;ES;56057;ALFREDO CHAVES;12;7;1023;;2;MASCULINO;1;SOLTEIRO;2124;21 a 24 anos                  ;3;ENSINO FUNDAMENTAL INCOMPLETO;-3;#NE;-3;#NE;-3;#NE;-3;#NE;Obrigatório;1;0;0;0
13/04/2021;19:37:12;2012;ES;56057;ALFREDO CHAVES;12;7;1023;;2;MASCULINO;1;SOLTEIRO;2124;21 a 24 anos                  ;5;ENSINO MÉDIO INCOMPLETO;-3;#NE;-3;#NE;-3;#NE;-3;#NE;Obrigatório;6;0;0;0
13/04/2021;19:37:12;2012;ES;56057;ALFREDO CHAVES;12;7;1023;;2;MASCULINO;1;SOLTEIRO;2124;21 a 24 anos                  ;6;ENSINO MÉDIO COMPLETO;-3;#NE;-3;#NE;-3;#NE;-3;#NE;Obrigatório;1;0;0;0
13/04/2021;19:37:12;2012;ES;56057;ALFREDO CHAVES;12;7;1023;;2;MASCULINO;1;SOLTEIRO;2529;25 a 29 anos                  ;3;ENSINO FUNDAMENTAL INCOMPLETO;-3;#NE;-3;#NE;-3;#NE;-3;#NE;Obrigatório;8;0;0;0
13/04/2021;19:37:12;2012;ES;56057;ALFREDO CHAVES;12;7;1023;;2;MASCULINO;1;SOLTEIRO;2529;25 a 29 anos                  ;5;ENSINO MÉDIO INCOMPLETO;-3;#NE;-3;#NE;-3;#NE;-3;#NE;Obrigatório;1;0;0;0
13/04/2021;19:37:12;2012;ES;56057;ALFREDO CHAVES;12;7;1023;;2;MASCULINO;1;SOLTEIRO;2529;25 a 29 anos                  ;6;ENSINO MÉDIO COMPLETO;-3;#NE;-3;#NE;-3;#NE;-3;#NE;Obrigatório;1;0;0;0
13/04/2021;19:37:12;2012;ES;56057;ALFREDO CHAVES;12;7;1023;;2;MASCULINO;1;SOLTEIRO;2529;25 a 29 anos                  ;8;SUPERIOR COMPLETO;-3;#NE;-3;#NE;-3;#NE;-3;#NE;Obrigatório;1;0;0;0
13/04/2021;19:37:12;2012;ES;56057;ALFREDO CHAVES;12;7;1023;;2;MASCULINO;1;SOLTEIRO;3034;30 a 34 anos                  ;1;ANALFABETO;-3;#NE;-3;#NE;-3;#NE;-3;#NE;Facultativo;1;0;0;0
13/04/2021;19:37:12;2012;ES;56057;ALFREDO CHAVES;12;7;1023;;2;MASCULINO;1;SOLTEIRO;3034;30 a 34 anos                  ;3;ENSINO FUNDAMENTAL INCOMPLETO;-3;#NE;-3;#NE;-3;#NE;-3;#NE;Obrigatório;6;0;0;0
13/04/2021;19:37:12;2012;ES;56057;ALFREDO CHAVES;12;7;1023;;2;MASCULINO;1;SOLTEIRO;3034;30 a 34 anos                  ;4;ENSINO FUNDAMENTAL COMPLETO;-3;#NE;-3;#NE;-3;#NE;-3;#NE;Obrigatório;1;0;0;0
13/04/2021;19:37:12;2012;ES;56057;ALFREDO CHAVES;12;7;1023;;2;MASCULINO;1;SOLTEIRO;3034;30 a 34 anos                  ;5;ENSINO MÉDIO INCOMPLETO;-3;#NE;-3;#NE;-3;#NE;-3;#NE;Obrigatório;5;0;0;0
13/04/2021;19:37:12;2012;ES;56057;ALFREDO CHAVES;12;7;1023;;2;MASCULINO;1;SOLTEIRO;3539;35 a 39 anos                  ;1;ANALFABETO;-3;#NE;-3;#NE;-3;#NE;-3;#NE;Facultativo;1;0;0;0
13/04/2021;19:37:12;2012;ES;56057;ALFREDO CHAVES;12;7;1023;;2;MASCULINO;1;SOLTEIRO;3539;35 a 39 anos                  ;3;ENSINO FUNDAMENTAL INCOMPLETO;-3;#NE;-3;#NE;-3;#NE;-3;#NE;Obrigatório;4;0;0;0
13/04/2021;19:37:12;2012;ES;56057;ALFREDO CHAVES;12;7;1023;;2;MASCULINO;1;SOLTEIRO;4044;40 a 44 anos                  ;3;ENSINO FUNDAMENTAL INCOMPLETO;-3;#NE;-3;#NE;-3;#NE;-3;#NE;Obrigatório;4;0;0;0
13/04/2021;19:37:12;2012;ES;56057;ALFREDO CHAVES;12;7;1023;;2;MASCULINO;1;SOLTEIRO;4044;40 a 44 anos                  ;6;ENSINO MÉDIO COMPLETO;-3;#NE;-3;#NE;-3;#NE;-3;#NE;Obrigatório;1;0;0;0
13/04/2021;19:37:12;2012;ES;56057;ALFREDO CHAVES;12;8;1023;;4;FEMININO;1;SOLTEIRO;3034;30 a 34 anos                  ;3;ENSINO FUNDAMENTAL INCOMPLETO;-3;#NE;-3;#NE;-3;#NE;-3;#NE;Obrigatório;2;0;0;0
13/04/2021;19:37:12;2012;ES;56057;ALFREDO CHAVES;12;8;1023;;4;FEMININO;1;SOLTEIRO;3034;30 a 34 anos                  ;4;ENSINO FUNDAMENTAL COMPLETO;-3;#NE;-3;#NE;-3;#NE;-3;#NE;Obrigatório;1;0;0;0
13/04/2021;19:37:12;2012;ES;56057;ALFREDO CHAVES;12;8;1023;;4;FEMININO;1;SOLTEIRO;3034;30 a 34 anos                  ;5;ENSINO MÉDIO INCOMPLETO;-3;#NE;-3;#NE;-3;#NE;-3;#NE;Obrigatório;2;0;0;0
13/04/2021;19:37:12;2012;ES;56057;ALFREDO CHAVES;12;8;1023;;4;FEMININO;1;SOLTEIRO;3034;30 a 34 anos                  ;6;ENSINO MÉDIO COMPLETO;-3;#NE;-3;#NE;-3;#NE;-3;#NE;Obrigatório;5;0;0;0
13/04/2021;19:37:12;2012;ES;56057;ALFREDO CHAVES;12;8;1023;;4;FEMININO;1;SOLTEIRO;3034;30 a 34 anos                  ;8;SUPERIOR COMPLETO;-3;#NE;-3;#NE;-3;#NE;-3;#NE;Obrigatório;2;0;0;0
13/04/2021;19:37:12;2012;ES;56057;ALFREDO CHAVES;12;8;1023;;4;FEMININO;1;SOLTEIRO;3539;35 a 39 anos                  ;2;LÊ E ESCREVE;-3;#NE;-3;#NE;-3;#NE;-3;#NE;Obrigatório;1;0;0;0
13/04/2021;19:37:12;2012;ES;56057;ALFREDO CHAVES;12;8;1023;;4;FEMININO;1;SOLTEIRO;3539;35 a 39 anos                  ;3;ENSINO FUNDAMENTAL INCOMPLETO;-3;#NE;-3;#NE;-3;#NE;-3;#NE;Obrigatório;5;0;0;0
13/04/2021;19:37:12;2012;ES;56057;ALFREDO CHAVES;12;8;1023;;4;FEMININO;1;SOLTEIRO;3539;35 a 39 anos                  ;6;ENSINO MÉDIO COMPLETO;-3;#NE;-3;#NE;-3;#NE;-3;#NE;Obrigatório;2;0;0;0
13/04/2021;19:37:12;2012;ES;56057;ALFREDO CHAVES;12;8;1023;;4;FEMININO;1;SOLTEIRO;4044;40 a 44 anos                  ;3;ENSINO FUNDAMENTAL INCOMPLETO;-3;#NE;-3;#NE;-3;#NE;-3;#NE;Obrigatório;1;0;0;0
13/04/2021;19:37:12;2012;ES;56057;ALFREDO CHAVES;12;8;1023;;4;FEMININO;1;SOLTEIRO;4044;40 a 44 anos                  ;6;ENSINO MÉDIO COMPLETO;-3;#NE;-3;#NE;-3;#NE;-3;#NE;Obrigatório;2;0;0;0
13/04/2021;19:37:12;2012;ES;56057;ALFREDO CHAVES;12;8;1023;;4;FEMININO;1;SOLTEIRO;4044;40 a 44 anos                  ;8;SUPERIOR COMPLETO;-3;#NE;-3;#NE;-3;#NE;-3;#NE;Obrigatório;1;0;0;0
13/04/2021;19:37:12;2012;ES;56057;ALFREDO CHAVES;12;8;1023;;4;FEMININO;1;SOLTEIRO;4549;45 a 49 anos                  ;5;ENSINO MÉDIO INCOMPLETO;-3;#NE;-3;#NE;-3;#NE;-3;#NE;Obrigatório;1;0;0;0
13/04/2021;19:37:12;2012;ES;56057;ALFREDO CHAVES;12;8;1023;;4;FEMININO;1;SOLTEIRO;4549;45 a 49 anos                  ;6;ENSINO MÉDIO COMPLETO;-3;#NE;-3;#NE;-3;#NE;-3;#NE;Obrigatório;2;0;0;0
13/04/2021;19:37:12;2012;ES;56057;ALFREDO CHAVES;12;8;1023;;4;FEMININO;1;SOLTEIRO;4549;45 a 49 anos                  ;7;SUPERIOR INCOMPLETO;-3;#NE;-3;#NE;-3;#NE;-3;#NE;Obrigatório;1;0;0;0
13/04/2021;19:37:12;2012;ES;56057;ALFREDO CHAVES;12;8;1023;;4;FEMININO;1;SOLTEIRO;5054;50 a 54 anos                  ;2;LÊ E ESCREVE;-3;#NE;-3;#NE;-3;#NE;-3;#NE;Obrigatório;1;0;0;0
13/04/2021;19:37:12;2012;ES;56057;ALFREDO CHAVES;12;11;1040;;2;MASCULINO;1;SOLTEIRO;2529;25 a 29 anos                  ;4;ENSINO FUNDAMENTAL COMPLETO;-3;#NE;-3;#NE;-3;#NE;-3;#NE;Obrigatório;5;0;0;0
13/04/2021;19:37:12;2012;ES;56057;ALFREDO CHAVES;12;11;1040;;2;MASCULINO;1;SOLTEIRO;2529;25 a 29 anos                  ;5;ENSINO MÉDIO INCOMPLETO;-3;#NE;-3;#NE;-3;#NE;-3;#NE;Obrigatório;9;0;0;0
13/04/2021;19:37:12;2012;ES;56057;ALFREDO CHAVES;12;2;1015;;2;MASCULINO;1;SOLTEIRO;1900;19 anos                       ;6;ENSINO MÉDIO COMPLETO;-3;#NE;-3;#NE;-3;#NE;-3;#NE;Obrigatório;2;0;0;0
13/04/2021;19:37:12;2012;ES;56057;ALFREDO CHAVES;12;22;1139;;2;MASCULINO;3;CASADO;8084;80 a 84 anos                  ;2;LÊ E ESCREVE;-3;#NE;-3;#NE;-3;#NE;-3;#NE;Facultativo;5;0;0;0
13/04/2021;19:37:12;2012;ES;56057;ALFREDO CHAVES;12;22;1139;;2;MASCULINO;3;CASADO;8084;80 a 84 anos                  ;3;ENSINO FUNDAMENTAL INCOMPLETO;-3;#NE;-3;#NE;-3;#NE;-3;#NE;Facultativo;2;0;0;0
13/04/2021;19:37:12;2012;ES;56057;ALFREDO CHAVES;12;22;1139;;2;MASCULINO;3;CASADO;8589;85 a 89 anos                  ;2;LÊ E ESCREVE;-3;#NE;-3;#NE;-3;#NE;-3;#NE;Facultativo;1;0;0;0
13/04/2021;19:37:12;2012;ES;56057;ALFREDO CHAVES;12;22;1139;;2;MASCULINO;3;CASADO;8589;85 a 89 anos                  ;3;ENSINO FUNDAMENTAL INCOMPLETO;-3;#NE;-3;#NE;-3;#NE;-3;#NE;Facultativo;2;0;0;0
13/04/2021;19:37:12;2012;ES;56057;ALFREDO CHAVES;12;24;1147;;2;MASCULINO;1;SOLTEIRO;6064;60 a 64 anos                  ;2;LÊ E ESCREVE;-3;#NE;-3;#NE;-3;#NE;-3;#NE;Obrigatório;1;0;0;0
13/04/2021;19:37:12;2012;ES;56057;ALFREDO CHAVES;12;24;1147;;2;MASCULINO;1;SOLTEIRO;6064;60 a 64 anos                  ;3;ENSINO FUNDAMENTAL INCOMPLETO;-3;#NE;-3;#NE;-3;#NE;-3;#NE;Obrigatório;1;0;0;0
13/04/2021;19:37:12;2012;ES;56057;ALFREDO CHAVES;12;24;1147;;2;MASCULINO;1;SOLTEIRO;6569;65 a 69 anos                  ;2;LÊ E ESCREVE;-3;#NE;-3;#NE;-3;#NE;-3;#NE;Obrigatório;1;0;0;0
13/04/2021;19:37:12;2012;ES;56057;ALFREDO CHAVES;12;24;1147;;2;MASCULINO;3;CASADO;3034;30 a 34 anos                  ;3;ENSINO FUNDAMENTAL INCOMPLETO;-3;#NE;-3;#NE;-3;#NE;-3;#NE;Obrigatório;1;0;0;0
13/04/2021;19:37:12;2012;ES;56057;ALFREDO CHAVES;12;24;1147;;2;MASCULINO;3;CASADO;3034;30 a 34 anos                  ;4;ENSINO FUNDAMENTAL COMPLETO;-3;#NE;-3;#NE;-3;#NE;-3;#NE;Obrigatório;1;0;0;0
13/04/2021;19:37:12;2012;ES;56057;ALFREDO CHAVES;12;24;1147;;2;MASCULINO;3;CASADO;3034;30 a 34 anos                  ;6;ENSINO MÉDIO COMPLETO;-3;#NE;-3;#NE;-3;#NE;-3;#NE;Obrigatório;2;0;0;0
13/04/2021;19:37:12;2012;ES;56057;ALFREDO CHAVES;12;24;1147;;2;MASCULINO;3;CASADO;3539;35 a 39 anos                  ;3;ENSINO FUNDAMENTAL INCOMPLETO;-3;#NE;-3;#NE;-3;#NE;-3;#NE;Obrigatório;3;0;0;0
13/04/2021;19:37:12;2012;ES;56057;ALFREDO CHAVES;12;24;1147;;2;MASCULINO;3;CASADO;3539;35 a 39 anos                  ;4;ENSINO FUNDAMENTAL COMPLETO;-3;#NE;-3;#NE;-3;#NE;-3;#NE;Obrigatório;1;0;0;0
13/04/2021;19:37:12;2012;ES;56057;ALFREDO CHAVES;12;24;1147;;2;MASCULINO;3;CASADO;4044;40 a 44 anos                  ;2;LÊ E ESCREVE;-3;#NE;-3;#NE;-3;#NE;-3;#NE;Obrigatório;1;0;0;0
13/04/2021;19:37:12;2012;ES;56057;ALFREDO CHAVES;12;24;1147;;2;MASCULINO;3;CASADO;4044;40 a 44 anos                  ;3;ENSINO FUNDAMENTAL INCOMPLETO;-3;#NE;-3;#NE;-3;#NE;-3;#NE;Obrigatório;3;0;0;0
13/04/2021;19:37:12;2012;ES;56057;ALFREDO CHAVES;12;24;1147;;2;MASCULINO;3;CASADO;4549;45 a 49 anos                  ;3;ENSINO FUNDAMENTAL INCOMPLETO;-3;#NE;-3;#NE;-3;#NE;-3;#NE;Obrigatório;2;0;0;0
13/04/2021;19:37:12;2012;ES;56057;ALFREDO CHAVES;12;24;1147;;2;MASCULINO;3;CASADO;5054;50 a 54 anos                  ;2;LÊ E ESCREVE;-3;#NE;-3;#NE;-3;#NE;-3;#NE;Obrigatório;1;0;0;0
13/04/2021;19:37:12;2012;ES;56057;ALFREDO CHAVES;12;24;1147;;2;MASCULINO;3;CASADO;5559;55 a 59 anos                  ;3;ENSINO FUNDAMENTAL INCOMPLETO;-3;#NE;-3;#NE;-3;#NE;-3;#NE;Obrigatório;9;0;0;0
13/04/2021;19:37:12;2012;ES;56057;ALFREDO CHAVES;12;24;1147;;2;MASCULINO;3;CASADO;6064;60 a 64 anos                  ;2;LÊ E ESCREVE;-3;#NE;-3;#NE;-3;#NE;-3;#NE;Obrigatório;1;0;0;0
13/04/2021;19:37:12;2012;ES;56057;ALFREDO CHAVES;12;24;1147;;2;MASCULINO;3;CASADO;6064;60 a 64 anos                  ;3;ENSINO FUNDAMENTAL INCOMPLETO;-3;#NE;-3;#NE;-3;#NE;-3;#NE;Obrigatório;8;0;0;0
13/04/2021;19:37:12;2012;ES;56057;ALFREDO CHAVES;12;24;1147;;2;MASCULINO;3;CASADO;7074;70 a 74 anos                  ;2;LÊ E ESCREVE;-3;#NE;-3;#NE;-3;#NE;-3;#NE;Facultativo;5;0;0;0
13/04/2021;19:37:12;2012;ES;56057;ALFREDO CHAVES;12;24;1147;;2;MASCULINO;3;CASADO;7074;70 a 74 anos                  ;3;ENSINO FUNDAMENTAL INCOMPLETO;-3;#NE;-3;#NE;-3;#NE;-3;#NE;Facultativo;5;0;0;0
13/04/2021;19:37:12;2012;ES;56057;ALFREDO CHAVES;12;24;1147;;2;MASCULINO;3;CASADO;7579;75 a 79 anos                  ;2;LÊ E ESCREVE;-3;#NE;-3;#NE;-3;#NE;-3;#NE;Facultativo;2;0;0;0
13/04/2021;19:37:12;2012;ES;56057;ALFREDO CHAVES;12;13;1058;;2;MASCULINO;1;SOLTEIRO;4044;40 a 44 anos                  ;6;ENSINO MÉDIO COMPLETO;-3;#NE;-3;#NE;-3;#NE;-3;#NE;Obrigatório;1;0;0;0
13/04/2021;19:37:12;2012;ES;56057;ALFREDO CHAVES;12;13;1058;;2;MASCULINO;1;SOLTEIRO;4044;40 a 44 anos                  ;8;SUPERIOR COMPLETO;-3;#NE;-3;#NE;-3;#NE;-3;#NE;Obrigatório;1;0;0;0
13/04/2021;19:37:12;2012;ES;56057;ALFREDO CHAVES;12;13;1058;;2;MASCULINO;1;SOLTEIRO;4549;45 a 49 anos                  ;2;LÊ E ESCREVE;-3;#NE;-3;#NE;-3;#NE;-3;#NE;Obrigatório;2;0;0;0
13/04/2021;19:37:12;2012;ES;56057;ALFREDO CHAVES;12;13;1058;;2;MASCULINO;1;SOLTEIRO;4549;45 a 49 anos                  ;3;ENSINO FUNDAMENTAL INCOMPLETO;-3;#NE;-3;#NE;-3;#NE;-3;#NE;Obrigatório;4;0;0;0
13/04/2021;19:37:12;2012;ES;56057;ALFREDO CHAVES;12;13;1058;;2;MASCULINO;1;SOLTEIRO;4549;45 a 49 anos                  ;4;ENSINO FUNDAMENTAL COMPLETO;-3;#NE;-3;#NE;-3;#NE;-3;#NE;Obrigatório;2;0;0;0
13/04/2021;19:37:12;2012;ES;56057;ALFREDO CHAVES;12;13;1058;;2;MASCULINO;1;SOLTEIRO;4549;45 a 49 anos                  ;5;ENSINO MÉDIO INCOMPLETO;-3;#NE;-3;#NE;-3;#NE;-3;#NE;Obrigatório;2;0;0;0
13/04/2021;19:37:12;2012;ES;56057;ALFREDO CHAVES;12;13;1058;;2;MASCULINO;1;SOLTEIRO;5054;50 a 54 anos                  ;2;LÊ E ESCREVE;-3;#NE;-3;#NE;-3;#NE;-3;#NE;Obrigatório;2;0;0;0
13/04/2021;19:37:12;2012;ES;56057;ALFREDO CHAVES;12;13;1058;;2;MASCULINO;1;SOLTEIRO;5054;50 a 54 anos                  ;3;ENSINO FUNDAMENTAL INCOMPLETO;-3;#NE;-3;#NE;-3;#NE;-3;#NE;Obrigatório;3;0;0;0
13/04/2021;19:37:12;2012;ES;56057;ALFREDO CHAVES;12;15;1074;;2;MASCULINO;3;CASADO;6064;60 a 64 anos                  ;2;LÊ E ESCREVE;-3;#NE;-3;#NE;-3;#NE;-3;#NE;Obrigatório;3;0;0;0
13/04/2021;19:37:12;2012;ES;56057;ALFREDO CHAVES;12;15;1074;;2;MASCULINO;3;CASADO;6064;60 a 64 anos                  ;3;ENSINO FUNDAMENTAL INCOMPLETO;-3;#NE;-3;#NE;-3;#NE;-3;#NE;Obrigatório;5;0;0;0
13/04/2021;19:37:12;2012;ES;56057;ALFREDO CHAVES;12;15;1074;;2;MASCULINO;3;CASADO;6064;60 a 64 anos                  ;4;ENSINO FUNDAMENTAL COMPLETO;-3;#NE;-3;#NE;-3;#NE;-3;#NE;Obrigatório;1;0;0;0
13/04/2021;19:37:12;2012;ES;56057;ALFREDO CHAVES;12;15;1074;;2;MASCULINO;3;CASADO;6569;65 a 69 anos                  ;3;ENSINO FUNDAMENTAL INCOMPLETO;-3;#NE;-3;#NE;-3;#NE;-3;#NE;Obrigatório;6;0;0;0
13/04/2021;19:37:12;2012;ES;56057;ALFREDO CHAVES;12;15;1074;;2;MASCULINO;3;CASADO;7074;70 a 74 anos                  ;2;LÊ E ESCREVE;-3;#NE;-3;#NE;-3;#NE;-3;#NE;Facultativo;5;0;0;0
13/04/2021;19:37:12;2012;ES;56057;ALFREDO CHAVES;12;15;1074;;2;MASCULINO;3;CASADO;7074;70 a 74 anos                  ;3;ENSINO FUNDAMENTAL INCOMPLETO;-3;#NE;-3;#NE;-3;#NE;-3;#NE;Facultativo;2;0;0;0
13/04/2021;19:37:12;2012;ES;56057;ALFREDO CHAVES;12;15;1074;;2;MASCULINO;3;CASADO;7579;75 a 79 anos                  ;3;ENSINO FUNDAMENTAL INCOMPLETO;-3;#NE;-3;#NE;-3;#NE;-3;#NE;Facultativo;2;0;0;0
13/04/2021;19:37:12;2012;ES;56057;ALFREDO CHAVES;12;15;1074;;2;MASCULINO;3;CASADO;8084;80 a 84 anos                  ;1;ANALFABETO;-3;#NE;-3;#NE;-3;#NE;-3;#NE;Facultativo;1;0;0;0
13/04/2021;19:37:12;2012;ES;56057;ALFREDO CHAVES;12;15;1074;;2;MASCULINO;3;CASADO;8589;85 a 89 anos                  ;3;ENSINO FUNDAMENTAL INCOMPLETO;-3;#NE;-3;#NE;-3;#NE;-3;#NE;Facultativo;1;0;0;0
13/04/2021;19:37:12;2012;ES;56057;ALFREDO CHAVES;12;15;1074;;2;MASCULINO;3;CASADO;9094;90 a 94 anos                  ;2;LÊ E ESCREVE;-3;#NE;-3;#NE;-3;#NE;-3;#NE;Facultativo;2;0;0;0
13/04/2021;19:37:12;2012;ES;56057;ALFREDO CHAVES;12;15;1074;;2;MASCULINO;3;CASADO;9094;90 a 94 anos                  ;3;ENSINO FUNDAMENTAL INCOMPLETO;-3;#NE;-3;#NE;-3;#NE;-3;#NE;Facultativo;1;0;0;0
13/04/2021;19:37:12;2012;ES;56057;ALFREDO CHAVES;12;15;1074;;2;MASCULINO;7;SEPARADO JUDICIALMENTE;6064;60 a 64 anos                  ;3;ENSINO FUNDAMENTAL INCOMPLETO;-3;#NE;-3;#NE;-3;#NE;-3;#NE;Obrigatório;1;0;0;0
13/04/2021;19:37:12;2012;ES;56057;ALFREDO CHAVES;12;15;1074;;4;FEMININO;0;NÃO INFORMADO;5559;55 a 59 anos                  ;3;ENSINO FUNDAMENTAL INCOMPLETO;-3;#NE;-3;#NE;-3;#NE;-3;#NE;Obrigatório;1;0;0;0
13/04/2021;19:37:12;2012;ES;56057;ALFREDO CHAVES;12;15;1074;;4;FEMININO;1;SOLTEIRO;1700;17 anos                       ;5;ENSINO MÉDIO INCOMPLETO;-3;#NE;-3;#NE;-3;#NE;-3;#NE;Facultativo;1;0;0;0
13/04/2021;19:37:12;2012;ES;56057;ALFREDO CHAVES;12;15;1074;;4;FEMININO;1;SOLTEIRO;2529;25 a 29 anos                  ;3;ENSINO FUNDAMENTAL INCOMPLETO;-3;#NE;-3;#NE;-3;#NE;-3;#NE;Obrigatório;2;0;0;0
13/04/2021;19:37:12;2012;ES;56057;ALFREDO CHAVES;12;15;1074;;4;FEMININO;1;SOLTEIRO;2529;25 a 29 anos                  ;5;ENSINO MÉDIO INCOMPLETO;-3;#NE;-3;#NE;-3;#NE;-3;#NE;Obrigatório;2;0;0;0
13/04/2021;19:37:12;2012;ES;56057;ALFREDO CHAVES;12;15;1074;;4;FEMININO;1;SOLTEIRO;3034;30 a 34 anos                  ;4;ENSINO FUNDAMENTAL COMPLETO;-3;#NE;-3;#NE;-3;#NE;-3;#NE;Obrigatório;1;0;0;0
13/04/2021;19:37:12;2012;ES;56057;ALFREDO CHAVES;12;15;1074;;4;FEMININO;1;SOLTEIRO;3034;30 a 34 anos                  ;5;ENSINO MÉDIO INCOMPLETO;-3;#NE;-3;#NE;-3;#NE;-3;#NE;Obrigatório;1;0;0;0
13/04/2021;19:37:12;2012;ES;56057;ALFREDO CHAVES;12;15;1074;;4;FEMININO;1;SOLTEIRO;3539;35 a 39 anos                  ;3;ENSINO FUNDAMENTAL INCOMPLETO;-3;#NE;-3;#NE;-3;#NE;-3;#NE;Obrigatório;1;0;0;0
13/04/2021;19:37:12;2012;ES;56057;ALFREDO CHAVES;12;15;1074;;4;FEMININO;1;SOLTEIRO;4044;40 a 44 anos                  ;3;ENSINO FUNDAMENTAL INCOMPLETO;-3;#NE;-3;#NE;-3;#NE;-3;#NE;Obrigatório;2;0;0;0
13/04/2021;19:37:12;2012;ES;56057;ALFREDO CHAVES;12;15;1074;;4;FEMININO;1;SOLTEIRO;4549;45 a 49 anos                  ;3;ENSINO FUNDAMENTAL INCOMPLETO;-3;#NE;-3;#NE;-3;#NE;-3;#NE;Obrigatório;6;0;0;0
13/04/2021;19:37:12;2012;ES;56057;ALFREDO CHAVES;12;15;1074;;4;FEMININO;1;SOLTEIRO;4549;45 a 49 anos                  ;6;ENSINO MÉDIO COMPLETO;-3;#NE;-3;#NE;-3;#NE;-3;#NE;Obrigatório;1;0;0;0
13/04/2021;19:37:12;2012;ES;56057;ALFREDO CHAVES;12;15;1074;;4;FEMININO;1;SOLTEIRO;5054;50 a 54 anos                  ;3;ENSINO FUNDAMENTAL INCOMPLETO;-3;#NE;-3;#NE;-3;#NE;-3;#NE;Obrigatório;1;0;0;0
13/04/2021;19:37:12;2012;ES;56057;ALFREDO CHAVES;12;15;1074;;4;FEMININO;1;SOLTEIRO;5559;55 a 59 anos                  ;4;ENSINO FUNDAMENTAL COMPLETO;-3;#NE;-3;#NE;-3;#NE;-3;#NE;Obrigatório;1;0;0;0
13/04/2021;19:37:12;2012;ES;56057;ALFREDO CHAVES;12;17;1090;;4;FEMININO;3;CASADO;2124;21 a 24 anos                  ;3;ENSINO FUNDAMENTAL INCOMPLETO;-3;#NE;-3;#NE;-3;#NE;-3;#NE;Obrigatório;2;0;0;0
13/04/2021;19:37:12;2012;ES;56057;ALFREDO CHAVES;12;17;1090;;4;FEMININO;3;CASADO;2124;21 a 24 anos                  ;6;ENSINO MÉDIO COMPLETO;-3;#NE;-3;#NE;-3;#NE;-3;#NE;Obrigatório;1;0;0;0
13/04/2021;19:37:12;2012;ES;56057;ALFREDO CHAVES;12;17;1090;;4;FEMININO;3;CASADO;2529;25 a 29 anos                  ;4;ENSINO FUNDAMENTAL COMPLETO;-3;#NE;-3;#NE;-3;#NE;-3;#NE;Obrigatório;1;0;0;0
13/04/2021;19:37:12;2012;ES;56057;ALFREDO CHAVES;12;17;1090;;4;FEMININO;3;CASADO;3034;30 a 34 anos                  ;4;ENSINO FUNDAMENTAL COMPLETO;-3;#NE;-3;#NE;-3;#NE;-3;#NE;Obrigatório;1;0;0;0
13/04/2021;19:37:12;2012;ES;56057;ALFREDO CHAVES;12;17;1090;;4;FEMININO;3;CASADO;3034;30 a 34 anos                  ;5;ENSINO MÉDIO INCOMPLETO;-3;#NE;-3;#NE;-3;#NE;-3;#NE;Obrigatório;1;0;0;0
13/04/2021;19:37:12;2012;ES;56057;ALFREDO CHAVES;12;17;1090;;4;FEMININO;3;CASADO;3034;30 a 34 anos                  ;8;SUPERIOR COMPLETO;-3;#NE;-3;#NE;-3;#NE;-3;#NE;Obrigatório;1;0;0;0
13/04/2021;19:37:12;2012;ES;56057;ALFREDO CHAVES;12;17;1090;;4;FEMININO;3;CASADO;3539;35 a 39 anos                  ;3;ENSINO FUNDAMENTAL INCOMPLETO;-3;#NE;-3;#NE;-3;#NE;-3;#NE;Obrigatório;4;0;0;0
13/04/2021;19:37:12;2012;ES;56057;ALFREDO CHAVES;12;17;1090;;4;FEMININO;3;CASADO;3539;35 a 39 anos                  ;4;ENSINO FUNDAMENTAL COMPLETO;-3;#NE;-3;#NE;-3;#NE;-3;#NE;Obrigatório;1;0;0;0
13/04/2021;19:37:12;2012;ES;56057;ALFREDO CHAVES;12;17;1090;;4;FEMININO;3;CASADO;3539;35 a 39 anos                  ;8;SUPERIOR COMPLETO;-3;#NE;-3;#NE;-3;#NE;-3;#NE;Obrigatório;1;0;0;0
13/04/2021;19:37:12;2012;ES;56057;ALFREDO CHAVES;12;17;1090;;4;FEMININO;3;CASADO;4044;40 a 44 anos                  ;2;LÊ E ESCREVE;-3;#NE;-3;#NE;-3;#NE;-3;#NE;Obrigatório;1;0;0;0
13/04/2021;19:37:12;2012;ES;56057;ALFREDO CHAVES;12;17;1090;;4;FEMININO;3;CASADO;4044;40 a 44 anos                  ;3;ENSINO FUNDAMENTAL INCOMPLETO;-3;#NE;-3;#NE;-3;#NE;-3;#NE;Obrigatório;3;0;0;0
13/04/2021;19:37:12;2012;ES;56057;ALFREDO CHAVES;12;17;1090;;4;FEMININO;3;CASADO;4549;45 a 49 anos                  ;2;LÊ E ESCREVE;-3;#NE;-3;#NE;-3;#NE;-3;#NE;Obrigatório;1;0;0;0
13/04/2021;19:37:12;2012;ES;56057;ALFREDO CHAVES;12;17;1090;;4;FEMININO;3;CASADO;4549;45 a 49 anos                  ;3;ENSINO FUNDAMENTAL INCOMPLETO;-3;#NE;-3;#NE;-3;#NE;-3;#NE;Obrigatório;5;0;0;0
13/04/2021;19:37:12;2012;ES;56057;ALFREDO CHAVES;12;17;1090;;4;FEMININO;3;CASADO;4549;45 a 49 anos                  ;8;SUPERIOR COMPLETO;-3;#NE;-3;#NE;-3;#NE;-3;#NE;Obrigatório;1;0;0;0
13/04/2021;19:37:12;2012;ES;56057;ALFREDO CHAVES;12;17;1090;;4;FEMININO;3;CASADO;5054;50 a 54 anos                  ;6;ENSINO MÉDIO COMPLETO;-3;#NE;-3;#NE;-3;#NE;-3;#NE;Obrigatório;2;0;0;0
13/04/2021;19:37:12;2012;ES;56057;ALFREDO CHAVES;12;17;1090;;4;FEMININO;3;CASADO;5054;50 a 54 anos                  ;8;SUPERIOR COMPLETO;-3;#NE;-3;#NE;-3;#NE;-3;#NE;Obrigatório;3;0;0;0
13/04/2021;19:37:12;2012;ES;56057;ALFREDO CHAVES;12;17;1090;;4;FEMININO;3;CASADO;5559;55 a 59 anos                  ;3;ENSINO FUNDAMENTAL INCOMPLETO;-3;#NE;-3;#NE;-3;#NE;-3;#NE;Obrigatório;4;0;0;0
13/04/2021;19:37:12;2012;ES;56057;ALFREDO CHAVES;12;17;1090;;4;FEMININO;3;CASADO;5559;55 a 59 anos                  ;4;ENSINO FUNDAMENTAL COMPLETO;-3;#NE;-3;#NE;-3;#NE;-3;#NE;Obrigatório;1;0;0;0
13/04/2021;19:37:12;2012;ES;56057;ALFREDO CHAVES;12;17;1090;;4;FEMININO;3;CASADO;5559;55 a 59 anos                  ;6;ENSINO MÉDIO COMPLETO;-3;#NE;-3;#NE;-3;#NE;-3;#NE;Obrigatório;3;0;0;0
13/04/2021;19:37:12;2012;ES;56057;ALFREDO CHAVES;12;17;1090;;4;FEMININO;3;CASADO;6064;60 a 64 anos                  ;4;ENSINO FUNDAMENTAL COMPLETO;-3;#NE;-3;#NE;-3;#NE;-3;#NE;Obrigatório;1;0;0;0
13/04/2021;19:37:12;2012;ES;56057;ALFREDO CHAVES;12;17;1090;;4;FEMININO;3;CASADO;6064;60 a 64 anos                  ;8;SUPERIOR COMPLETO;-3;#NE;-3;#NE;-3;#NE;-3;#NE;Obrigatório;1;0;0;0
13/04/2021;19:37:12;2012;ES;56057;ALFREDO CHAVES;12;17;1090;;4;FEMININO;3;CASADO;6569;65 a 69 anos                  ;2;LÊ E ESCREVE;-3;#NE;-3;#NE;-3;#NE;-3;#NE;Obrigatório;2;0;0;0
13/04/2021;19:37:12;2012;ES;56057;ALFREDO CHAVES;12;17;1090;;4;FEMININO;3;CASADO;6569;65 a 69 anos                  ;3;ENSINO FUNDAMENTAL INCOMPLETO;-3;#NE;-3;#NE;-3;#NE;-3;#NE;Obrigatório;5;0;0;0
13/04/2021;19:37:12;2012;ES;56057;ALFREDO CHAVES;12;17;1090;;4;FEMININO;3;CASADO;6569;65 a 69 anos                  ;8;SUPERIOR COMPLETO;-3;#NE;-3;#NE;-3;#NE;-3;#NE;Obrigatório;1;0;0;0
13/04/2021;19:37:12;2012;ES;56057;ALFREDO CHAVES;12;17;1090;;4;FEMININO;3;CASADO;7074;70 a 74 anos                  ;1;ANALFABETO;-3;#NE;-3;#NE;-3;#NE;-3;#NE;Facultativo;1;0;0;0
13/04/2021;19:37:12;2012;ES;56057;ALFREDO CHAVES;12;17;1090;;4;FEMININO;3;CASADO;7074;70 a 74 anos                  ;3;ENSINO FUNDAMENTAL INCOMPLETO;-3;#NE;-3;#NE;-3;#NE;-3;#NE;Facultativo;2;0;0;0
13/04/2021;19:37:12;2012;ES;56057;ALFREDO CHAVES;12;17;1090;;4;FEMININO;3;CASADO;7579;75 a 79 anos                  ;3;ENSINO FUNDAMENTAL INCOMPLETO;-3;#NE;-3;#NE;-3;#NE;-3;#NE;Facultativo;3;0;0;0
13/04/2021;19:37:12;2012;ES;56057;ALFREDO CHAVES;12;17;1090;;4;FEMININO;3;CASADO;7579;75 a 79 anos                  ;6;ENSINO MÉDIO COMPLETO;-3;#NE;-3;#NE;-3;#NE;-3;#NE;Facultativo;1;0;0;0
13/04/2021;19:37:12;2012;ES;56057;ALFREDO CHAVES;12;17;1090;;4;FEMININO;3;CASADO;8084;80 a 84 anos                  ;3;ENSINO FUNDAMENTAL INCOMPLETO;-3;#NE;-3;#NE;-3;#NE;-3;#NE;Facultativo;1;0;0;0
13/04/2021;19:37:12;2012;ES;56057;ALFREDO CHAVES;12;17;1090;;4;FEMININO;5;VIÚVO;5054;50 a 54 anos                  ;4;ENSINO FUNDAMENTAL COMPLETO;-3;#NE;-3;#NE;-3;#NE;-3;#NE;Obrigatório;1;0;0;0
13/04/2021;19:37:12;2012;ES;56057;ALFREDO CHAVES;12;17;1090;;4;FEMININO;5;VIÚVO;6569;65 a 69 anos                  ;6;ENSINO MÉDIO COMPLETO;-3;#NE;-3;#NE;-3;#NE;-3;#NE;Obrigatório;1;0;0;0
13/04/2021;19:37:12;2012;ES;56057;ALFREDO CHAVES;12;17;1090;;4;FEMININO;5;VIÚVO;7579;75 a 79 anos                  ;5;ENSINO MÉDIO INCOMPLETO;-3;#NE;-3;#NE;-3;#NE;-3;#NE;Facultativo;1;0;0;0
13/04/2021;19:37:12;2012;ES;56057;ALFREDO CHAVES;12;17;1090;;4;FEMININO;5;VIÚVO;8589;85 a 89 anos                  ;3;ENSINO FUNDAMENTAL INCOMPLETO;-3;#NE;-3;#NE;-3;#NE;-3;#NE;Facultativo;1;0;0;0
13/04/2021;19:37:12;2012;ES;56057;ALFREDO CHAVES;12;17;1090;;4;FEMININO;7;SEPARADO JUDICIALMENTE;4044;40 a 44 anos                  ;6;ENSINO MÉDIO COMPLETO;-3;#NE;-3;#NE;-3;#NE;-3;#NE;Obrigatório;1;0;0;0
13/04/2021;19:37:12;2012;ES;56057;ALFREDO CHAVES;12;17;1090;;4;FEMININO;7;SEPARADO JUDICIALMENTE;5559;55 a 59 anos                  ;3;ENSINO FUNDAMENTAL INCOMPLETO;-3;#NE;-3;#NE;-3;#NE;-3;#NE;Obrigatório;1;0;0;0
13/04/2021;19:37:12;2012;ES;56057;ALFREDO CHAVES;12;17;1090;;4;FEMININO;7;SEPARADO JUDICIALMENTE;8084;80 a 84 anos                  ;3;ENSINO FUNDAMENTAL INCOMPLETO;-3;#NE;-3;#NE;-3;#NE;-3;#NE;Facultativo;1;0;0;0
13/04/2021;19:37:12;2012;ES;56057;ALFREDO CHAVES;12;19;1104;;4;FEMININO;3;CASADO;4044;40 a 44 anos                  ;3;ENSINO FUNDAMENTAL INCOMPLETO;-3;#NE;-3;#NE;-3;#NE;-3;#NE;Obrigatório;4;0;0;0
13/04/2021;19:37:12;2012;ES;56057;ALFREDO CHAVES;12;19;1104;;4;FEMININO;3;CASADO;4044;40 a 44 anos                  ;6;ENSINO MÉDIO COMPLETO;-3;#NE;-3;#NE;-3;#NE;-3;#NE;Obrigatório;2;0;0;0
13/04/2021;19:37:12;2012;ES;56057;ALFREDO CHAVES;12;19;1104;;4;FEMININO;3;CASADO;4044;40 a 44 anos                  ;8;SUPERIOR COMPLETO;-3;#NE;-3;#NE;-3;#NE;-3;#NE;Obrigatório;1;0;0;0
13/04/2021;19:37:12;2012;ES;56057;ALFREDO CHAVES;12;19;1104;;4;FEMININO;3;CASADO;4549;45 a 49 anos                  ;3;ENSINO FUNDAMENTAL INCOMPLETO;-3;#NE;-3;#NE;-3;#NE;-3;#NE;Obrigatório;4;0;0;0
13/04/2021;19:37:12;2012;ES;56057;ALFREDO CHAVES;12;19;1104;;4;FEMININO;3;CASADO;5054;50 a 54 anos                  ;3;ENSINO FUNDAMENTAL INCOMPLETO;-3;#NE;-3;#NE;-3;#NE;-3;#NE;Obrigatório;4;0;0;0
13/04/2021;19:37:12;2012;ES;56057;ALFREDO CHAVES;12;19;1104;;4;FEMININO;3;CASADO;5054;50 a 54 anos                  ;4;ENSINO FUNDAMENTAL COMPLETO;-3;#NE;-3;#NE;-3;#NE;-3;#NE;Obrigatório;1;0;0;0
13/04/2021;19:37:12;2012;ES;56057;ALFREDO CHAVES;12;19;1104;;4;FEMININO;3;CASADO;5559;55 a 59 anos                  ;2;LÊ E ESCREVE;-3;#NE;-3;#NE;-3;#NE;-3;#NE;Obrigatório;3;0;0;0
13/04/2021;19:37:12;2012;ES;56057;ALFREDO CHAVES;12;19;1104;;4;FEMININO;3;CASADO;5559;55 a 59 anos                  ;3;ENSINO FUNDAMENTAL INCOMPLETO;-3;#NE;-3;#NE;-3;#NE;-3;#NE;Obrigatório;2;0;0;0
13/04/2021;19:37:12;2012;ES;56057;ALFREDO CHAVES;12;19;1104;;4;FEMININO;3;CASADO;5559;55 a 59 anos                  ;4;ENSINO FUNDAMENTAL COMPLETO;-3;#NE;-3;#NE;-3;#NE;-3;#NE;Obrigatório;1;0;0;0
13/04/2021;19:37:12;2012;ES;56057;ALFREDO CHAVES;12;19;1104;;4;FEMININO;3;CASADO;5559;55 a 59 anos                  ;6;ENSINO MÉDIO COMPLETO;-3;#NE;-3;#NE;-3;#NE;-3;#NE;Obrigatório;1;0;0;0
13/04/2021;19:37:12;2012;ES;56057;ALFREDO CHAVES;12;19;1104;;4;FEMININO;3;CASADO;6064;60 a 64 anos                  ;3;ENSINO FUNDAMENTAL INCOMPLETO;-3;#NE;-3;#NE;-3;#NE;-3;#NE;Obrigatório;7;0;0;0
13/04/2021;19:37:12;2012;ES;56057;ALFREDO CHAVES;12;19;1104;;4;FEMININO;3;CASADO;6569;65 a 69 anos                  ;3;ENSINO FUNDAMENTAL INCOMPLETO;-3;#NE;-3;#NE;-3;#NE;-3;#NE;Obrigatório;5;0;0;0
13/04/2021;19:37:12;2012;ES;56057;ALFREDO CHAVES;12;19;1104;;4;FEMININO;3;CASADO;6569;65 a 69 anos                  ;4;ENSINO FUNDAMENTAL COMPLETO;-3;#NE;-3;#NE;-3;#NE;-3;#NE;Obrigatório;1;0;0;0
13/04/2021;19:37:12;2012;ES;56057;ALFREDO CHAVES;12;19;1104;;4;FEMININO;3;CASADO;7074;70 a 74 anos                  ;1;ANALFABETO;-3;#NE;-3;#NE;-3;#NE;-3;#NE;Facultativo;2;0;0;0
13/04/2021;19:37:12;2012;ES;56057;ALFREDO CHAVES;12;19;1104;;4;FEMININO;3;CASADO;7074;70 a 74 anos                  ;3;ENSINO FUNDAMENTAL INCOMPLETO;-3;#NE;-3;#NE;-3;#NE;-3;#NE;Facultativo;2;0;0;0
13/04/2021;19:37:12;2012;ES;56057;ALFREDO CHAVES;12;19;1104;;4;FEMININO;3;CASADO;7579;75 a 79 anos                  ;2;LÊ E ESCREVE;-3;#NE;-3;#NE;-3;#NE;-3;#NE;Facultativo;3;0;0;0
13/04/2021;19:37:12;2012;ES;56057;ALFREDO CHAVES;12;20;1112;;0;NÃO INFORMADO;3;CASADO;5559;55 a 59 anos                  ;3;ENSINO FUNDAMENTAL INCOMPLETO;-3;#NE;-3;#NE;-3;#NE;-3;#NE;Obrigatório;1;0;0;0
13/04/2021;19:37:12;2012;ES;56057;ALFREDO CHAVES;12;20;1112;;2;MASCULINO;1;SOLTEIRO;1700;17 anos                       ;5;ENSINO MÉDIO INCOMPLETO;-3;#NE;-3;#NE;-3;#NE;-3;#NE;Facultativo;3;0;0;0
13/04/2021;19:37:12;2012;ES;56057;ALFREDO CHAVES;12;20;1112;;2;MASCULINO;1;SOLTEIRO;1800;18 anos                       ;6;ENSINO MÉDIO COMPLETO;-3;#NE;-3;#NE;-3;#NE;-3;#NE;Obrigatório;1;0;0;0
13/04/2021;19:37:12;2012;ES;56057;ALFREDO CHAVES;12;20;1112;;2;MASCULINO;1;SOLTEIRO;1900;19 anos                       ;5;ENSINO MÉDIO INCOMPLETO;-3;#NE;-3;#NE;-3;#NE;-3;#NE;Obrigatório;3;0;0;0
13/04/2021;19:37:12;2012;ES;56057;ALFREDO CHAVES;12;20;1112;;2;MASCULINO;1;SOLTEIRO;1900;19 anos                       ;6;ENSINO MÉDIO COMPLETO;-3;#NE;-3;#NE;-3;#NE;-3;#NE;Obrigatório;1;0;0;0
13/04/2021;19:37:12;2012;ES;56057;ALFREDO CHAVES;12;20;1112;;2;MASCULINO;1;SOLTEIRO;2124;21 a 24 anos                  ;3;ENSINO FUNDAMENTAL INCOMPLETO;-3;#NE;-3;#NE;-3;#NE;-3;#NE;Obrigatório;2;0;0;0
13/04/2021;19:37:12;2012;ES;56057;ALFREDO CHAVES;12;20;1112;;2;MASCULINO;1;SOLTEIRO;2124;21 a 24 anos                  ;4;ENSINO FUNDAMENTAL COMPLETO;-3;#NE;-3;#NE;-3;#NE;-3;#NE;Obrigatório;1;0;0;0
13/04/2021;19:37:12;2012;ES;56057;ALFREDO CHAVES;12;20;1112;;2;MASCULINO;1;SOLTEIRO;2124;21 a 24 anos                  ;5;ENSINO MÉDIO INCOMPLETO;-3;#NE;-3;#NE;-3;#NE;-3;#NE;Obrigatório;5;0;0;0
13/04/2021;19:37:12;2012;ES;56057;ALFREDO CHAVES;12;20;1112;;2;MASCULINO;1;SOLTEIRO;2124;21 a 24 anos                  ;7;SUPERIOR INCOMPLETO;-3;#NE;-3;#NE;-3;#NE;-3;#NE;Obrigatório;1;0;0;0
13/04/2021;19:37:12;2012;ES;56057;ALFREDO CHAVES;12;20;1112;;2;MASCULINO;1;SOLTEIRO;2529;25 a 29 anos                  ;3;ENSINO FUNDAMENTAL INCOMPLETO;-3;#NE;-3;#NE;-3;#NE;-3;#NE;Obrigatório;2;0;0;0
13/04/2021;19:37:12;2012;ES;56057;ALFREDO CHAVES;12;20;1112;;2;MASCULINO;1;SOLTEIRO;2529;25 a 29 anos                  ;5;ENSINO MÉDIO INCOMPLETO;-3;#NE;-3;#NE;-3;#NE;-3;#NE;Obrigatório;11;0;0;0
13/04/2021;19:37:12;2012;ES;56057;ALFREDO CHAVES;12;20;1112;;2;MASCULINO;1;SOLTEIRO;2529;25 a 29 anos                  ;6;ENSINO MÉDIO COMPLETO;-3;#NE;-3;#NE;-3;#NE;-3;#NE;Obrigatório;1;0;0;0
13/04/2021;19:37:12;2012;ES;56057;ALFREDO CHAVES;12;20;1112;;2;MASCULINO;1;SOLTEIRO;2529;25 a 29 anos                  ;7;SUPERIOR INCOMPLETO;-3;#NE;-3;#NE;-3;#NE;-3;#NE;Obrigatório;1;0;0;0
13/04/2021;19:37:12;2012;ES;56057;ALFREDO CHAVES;12;20;1112;;2;MASCULINO;1;SOLTEIRO;2529;25 a 29 anos                  ;8;SUPERIOR COMPLETO;-3;#NE;-3;#NE;-3;#NE;-3;#NE;Obrigatório;1;0;0;0
13/04/2021;19:37:12;2012;ES;56057;ALFREDO CHAVES;12;20;1112;;2;MASCULINO;1;SOLTEIRO;3034;30 a 34 anos                  ;4;ENSINO FUNDAMENTAL COMPLETO;-3;#NE;-3;#NE;-3;#NE;-3;#NE;Obrigatório;2;0;0;0
13/04/2021;19:37:12;2012;ES;56057;ALFREDO CHAVES;12;20;1112;;2;MASCULINO;1;SOLTEIRO;3034;30 a 34 anos                  ;5;ENSINO MÉDIO INCOMPLETO;-3;#NE;-3;#NE;-3;#NE;-3;#NE;Obrigatório;4;0;0;0
13/04/2021;19:37:12;2012;ES;56057;ALFREDO CHAVES;12;20;1112;;2;MASCULINO;1;SOLTEIRO;3034;30 a 34 anos                  ;7;SUPERIOR INCOMPLETO;-3;#NE;-3;#NE;-3;#NE;-3;#NE;Obrigatório;1;0;0;0
13/04/2021;19:37:12;2012;ES;56057;ALFREDO CHAVES;12;20;1112;;2;MASCULINO;1;SOLTEIRO;3539;35 a 39 anos                  ;2;LÊ E ESCREVE;-3;#NE;-3;#NE;-3;#NE;-3;#NE;Obrigatório;1;0;0;0
13/04/2021;19:37:12;2012;ES;56057;ALFREDO CHAVES;12;20;1112;;2;MASCULINO;1;SOLTEIRO;3539;35 a 39 anos                  ;3;ENSINO FUNDAMENTAL INCOMPLETO;-3;#NE;-3;#NE;-3;#NE;-3;#NE;Obrigatório;21;0;0;0
13/04/2021;19:37:12;2012;ES;56057;ALFREDO CHAVES;12;20;1112;;2;MASCULINO;1;SOLTEIRO;3539;35 a 39 anos                  ;4;ENSINO FUNDAMENTAL COMPLETO;-3;#NE;-3;#NE;-3;#NE;-3;#NE;Obrigatório;3;0;0;0
13/04/2021;19:37:12;2012;ES;56057;ALFREDO CHAVES;12;20;1112;;2;MASCULINO;1;SOLTEIRO;4044;40 a 44 anos                  ;3;ENSINO FUNDAMENTAL INCOMPLETO;-3;#NE;-3;#NE;-3;#NE;-3;#NE;Obrigatório;16;0;0;0
13/04/2021;19:37:12;2012;ES;56057;ALFREDO CHAVES;12;20;1112;;2;MASCULINO;1;SOLTEIRO;4044;40 a 44 anos                  ;4;ENSINO FUNDAMENTAL COMPLETO;-3;#NE;-3;#NE;-3;#NE;-3;#NE;Obrigatório;1;0;0;0
13/04/2021;19:37:12;2012;ES;56057;ALFREDO CHAVES;12;20;1112;;2;MASCULINO;1;SOLTEIRO;4549;45 a 49 anos                  ;3;ENSINO FUNDAMENTAL INCOMPLETO;-3;#NE;-3;#NE;-3;#NE;-3;#NE;Obrigatório;12;0;0;0
13/04/2021;19:37:12;2012;ES;56057;ALFREDO CHAVES;12;20;1112;;2;MASCULINO;1;SOLTEIRO;4549;45 a 49 anos                  ;6;ENSINO MÉDIO COMPLETO;-3;#NE;-3;#NE;-3;#NE;-3;#NE;Obrigatório;3;0;0;0
13/04/2021;19:37:12;2012;ES;56057;ALFREDO CHAVES;12;20;1112;;2;MASCULINO;1;SOLTEIRO;5054;50 a 54 anos                  ;4;ENSINO FUNDAMENTAL COMPLETO;-3;#NE;-3;#NE;-3;#NE;-3;#NE;Obrigatório;1;0;0;0
13/04/2021;19:37:12;2012;ES;56057;ALFREDO CHAVES;12;20;1112;;2;MASCULINO;1;SOLTEIRO;5054;50 a 54 anos                  ;8;SUPERIOR COMPLETO;-3;#NE;-3;#NE;-3;#NE;-3;#NE;Obrigatório;1;0;0;0
13/04/2021;19:37:12;2012;ES;56057;ALFREDO CHAVES;12;20;1112;;2;MASCULINO;1;SOLTEIRO;5559;55 a 59 anos                  ;3;ENSINO FUNDAMENTAL INCOMPLETO;-3;#NE;-3;#NE;-3;#NE;-3;#NE;Obrigatório;2;0;0;0
13/04/2021;19:37:12;2012;ES;56057;ALFREDO CHAVES;12;20;1112;;2;MASCULINO;1;SOLTEIRO;8589;85 a 89 anos                  ;3;ENSINO FUNDAMENTAL INCOMPLETO;-3;#NE;-3;#NE;-3;#NE;-3;#NE;Facultativo;1;0;0;0
13/04/2021;19:37:12;2012;ES;56057;ALFREDO CHAVES;12;20;1112;;2;MASCULINO;3;CASADO;3034;30 a 34 anos                  ;5;ENSINO MÉDIO INCOMPLETO;-3;#NE;-3;#NE;-3;#NE;-3;#NE;Obrigatório;1;0;0;0
13/04/2021;19:37:12;2012;ES;56057;ALFREDO CHAVES;12;20;1112;;2;MASCULINO;3;CASADO;3539;35 a 39 anos                  ;3;ENSINO FUNDAMENTAL INCOMPLETO;-3;#NE;-3;#NE;-3;#NE;-3;#NE;Obrigatório;2;0;0;0
13/04/2021;19:37:12;2012;ES;56057;ALFREDO CHAVES;12;20;1112;;2;MASCULINO;3;CASADO;3539;35 a 39 anos                  ;7;SUPERIOR INCOMPLETO;-3;#NE;-3;#NE;-3;#NE;-3;#NE;Obrigatório;1;0;0;0
13/04/2021;19:37:12;2012;ES;56057;ALFREDO CHAVES;12;20;1112;;2;MASCULINO;3;CASADO;3539;35 a 39 anos                  ;8;SUPERIOR COMPLETO;-3;#NE;-3;#NE;-3;#NE;-3;#NE;Obrigatório;2;0;0;0
13/04/2021;19:37:12;2012;ES;56057;ALFREDO CHAVES;12;20;1112;;2;MASCULINO;3;CASADO;4044;40 a 44 anos                  ;3;ENSINO FUNDAMENTAL INCOMPLETO;-3;#NE;-3;#NE;-3;#NE;-3;#NE;Obrigatório;6;0;0;0
13/04/2021;19:37:12;2012;ES;56057;ALFREDO CHAVES;12;20;1112;;2;MASCULINO;3;CASADO;4549;45 a 49 anos                  ;3;ENSINO FUNDAMENTAL INCOMPLETO;-3;#NE;-3;#NE;-3;#NE;-3;#NE;Obrigatório;4;0;0;0
13/04/2021;19:37:12;2012;ES;56057;ALFREDO CHAVES;12;22;1139;;2;MASCULINO;1;SOLTEIRO;1800;18 anos                       ;6;ENSINO MÉDIO COMPLETO;-3;#NE;-3;#NE;-3;#NE;-3;#NE;Obrigatório;2;0;0;0
13/04/2021;19:37:12;2012;ES;56057;ALFREDO CHAVES;12;22;1139;;2;MASCULINO;1;SOLTEIRO;1900;19 anos                       ;5;ENSINO MÉDIO INCOMPLETO;-3;#NE;-3;#NE;-3;#NE;-3;#NE;Obrigatório;1;0;0;0
13/04/2021;19:37:12;2012;ES;56057;ALFREDO CHAVES;12;22;1139;;2;MASCULINO;1;SOLTEIRO;1900;19 anos                       ;6;ENSINO MÉDIO COMPLETO;-3;#NE;-3;#NE;-3;#NE;-3;#NE;Obrigatório;1;0;0;0
13/04/2021;19:37:12;2012;ES;56057;ALFREDO CHAVES;12;22;1139;;2;MASCULINO;1;SOLTEIRO;2000;20 anos                       ;5;ENSINO MÉDIO INCOMPLETO;-3;#NE;-3;#NE;-3;#NE;-3;#NE;Obrigatório;1;0;0;0
13/04/2021;19:37:12;2012;ES;56057;ALFREDO CHAVES;12;22;1139;;2;MASCULINO;1;SOLTEIRO;2124;21 a 24 anos                  ;4;ENSINO FUNDAMENTAL COMPLETO;-3;#NE;-3;#NE;-3;#NE;-3;#NE;Obrigatório;1;0;0;0
13/04/2021;19:37:12;2012;ES;56057;ALFREDO CHAVES;12;22;1139;;2;MASCULINO;1;SOLTEIRO;2124;21 a 24 anos                  ;5;ENSINO MÉDIO INCOMPLETO;-3;#NE;-3;#NE;-3;#NE;-3;#NE;Obrigatório;10;0;0;0
13/04/2021;19:37:12;2012;ES;56057;ALFREDO CHAVES;12;22;1139;;2;MASCULINO;1;SOLTEIRO;2124;21 a 24 anos                  ;6;ENSINO MÉDIO COMPLETO;-3;#NE;-3;#NE;-3;#NE;-3;#NE;Obrigatório;2;0;0;0
13/04/2021;19:37:12;2012;ES;56057;ALFREDO CHAVES;12;22;1139;;2;MASCULINO;1;SOLTEIRO;2529;25 a 29 anos                  ;3;ENSINO FUNDAMENTAL INCOMPLETO;-3;#NE;-3;#NE;-3;#NE;-3;#NE;Obrigatório;3;0;0;0
13/04/2021;19:37:12;2012;ES;56057;ALFREDO CHAVES;12;22;1139;;2;MASCULINO;1;SOLTEIRO;2529;25 a 29 anos                  ;4;ENSINO FUNDAMENTAL COMPLETO;-3;#NE;-3;#NE;-3;#NE;-3;#NE;Obrigatório;3;0;0;0
13/04/2021;19:37:12;2012;ES;56057;ALFREDO CHAVES;12;22;1139;;2;MASCULINO;1;SOLTEIRO;2529;25 a 29 anos                  ;5;ENSINO MÉDIO INCOMPLETO;-3;#NE;-3;#NE;-3;#NE;-3;#NE;Obrigatório;4;0;0;0
13/04/2021;19:37:12;2012;ES;56057;ALFREDO CHAVES;12;22;1139;;2;MASCULINO;1;SOLTEIRO;3034;30 a 34 anos                  ;4;ENSINO FUNDAMENTAL COMPLETO;-3;#NE;-3;#NE;-3;#NE;-3;#NE;Obrigatório;2;0;0;0
13/04/2021;19:37:12;2012;ES;56057;ALFREDO CHAVES;12;22;1139;;2;MASCULINO;1;SOLTEIRO;3034;30 a 34 anos                  ;5;ENSINO MÉDIO INCOMPLETO;-3;#NE;-3;#NE;-3;#NE;-3;#NE;Obrigatório;9;0;0;0
13/04/2021;19:37:12;2012;ES;56057;ALFREDO CHAVES;12;22;1139;;2;MASCULINO;1;SOLTEIRO;3034;30 a 34 anos                  ;6;ENSINO MÉDIO COMPLETO;-3;#NE;-3;#NE;-3;#NE;-3;#NE;Obrigatório;4;0;0;0
13/04/2021;19:37:12;2012;ES;56057;ALFREDO CHAVES;12;22;1139;;2;MASCULINO;1;SOLTEIRO;3034;30 a 34 anos                  ;7;SUPERIOR INCOMPLETO;-3;#NE;-3;#NE;-3;#NE;-3;#NE;Obrigatório;1;0;0;0
13/04/2021;19:37:12;2012;ES;56057;ALFREDO CHAVES;12;22;1139;;2;MASCULINO;1;SOLTEIRO;3539;35 a 39 anos                  ;4;ENSINO FUNDAMENTAL COMPLETO;-3;#NE;-3;#NE;-3;#NE;-3;#NE;Obrigatório;1;0;0;0
13/04/2021;19:37:12;2012;ES;56057;ALFREDO CHAVES;12;22;1139;;2;MASCULINO;1;SOLTEIRO;3539;35 a 39 anos                  ;6;ENSINO MÉDIO COMPLETO;-3;#NE;-3;#NE;-3;#NE;-3;#NE;Obrigatório;1;0;0;0
13/04/2021;19:37:12;2012;ES;56057;ALFREDO CHAVES;12;22;1139;;2;MASCULINO;1;SOLTEIRO;4044;40 a 44 anos                  ;3;ENSINO FUNDAMENTAL INCOMPLETO;-3;#NE;-3;#NE;-3;#NE;-3;#NE;Obrigatório;10;0;0;0
13/04/2021;19:37:12;2012;ES;56057;ALFREDO CHAVES;12;22;1139;;2;MASCULINO;1;SOLTEIRO;4044;40 a 44 anos                  ;6;ENSINO MÉDIO COMPLETO;-3;#NE;-3;#NE;-3;#NE;-3;#NE;Obrigatório;4;0;0;0
13/04/2021;19:37:12;2012;ES;56057;ALFREDO CHAVES;12;22;1139;;2;MASCULINO;1;SOLTEIRO;4549;45 a 49 anos                  ;2;LÊ E ESCREVE;-3;#NE;-3;#NE;-3;#NE;-3;#NE;Obrigatório;1;0;0;0
13/04/2021;19:37:12;2012;ES;56057;ALFREDO CHAVES;12;22;1139;;2;MASCULINO;1;SOLTEIRO;4549;45 a 49 anos                  ;3;ENSINO FUNDAMENTAL INCOMPLETO;-3;#NE;-3;#NE;-3;#NE;-3;#NE;Obrigatório;9;0;0;0
13/04/2021;19:37:12;2012;ES;56057;ALFREDO CHAVES;12;22;1139;;2;MASCULINO;1;SOLTEIRO;4549;45 a 49 anos                  ;5;ENSINO MÉDIO INCOMPLETO;-3;#NE;-3;#NE;-3;#NE;-3;#NE;Obrigatório;2;0;0;0
13/04/2021;19:37:12;2012;ES;56057;ALFREDO CHAVES;12;22;1139;;2;MASCULINO;1;SOLTEIRO;4549;45 a 49 anos                  ;6;ENSINO MÉDIO COMPLETO;-3;#NE;-3;#NE;-3;#NE;-3;#NE;Obrigatório;2;0;0;0
13/04/2021;19:37:12;2012;ES;56057;ALFREDO CHAVES;12;22;1139;;2;MASCULINO;1;SOLTEIRO;4549;45 a 49 anos                  ;7;SUPERIOR INCOMPLETO;-3;#NE;-3;#NE;-3;#NE;-3;#NE;Obrigatório;1;0;0;0
13/04/2021;19:37:12;2012;ES;56057;ALFREDO CHAVES;12;22;1139;;2;MASCULINO;1;SOLTEIRO;5054;50 a 54 anos                  ;3;ENSINO FUNDAMENTAL INCOMPLETO;-3;#NE;-3;#NE;-3;#NE;-3;#NE;Obrigatório;5;0;0;0
13/04/2021;19:37:12;2012;ES;56057;ALFREDO CHAVES;12;22;1139;;2;MASCULINO;1;SOLTEIRO;5054;50 a 54 anos                  ;6;ENSINO MÉDIO COMPLETO;-3;#NE;-3;#NE;-3;#NE;-3;#NE;Obrigatório;3;0;0;0
13/04/2021;19:37:12;2012;ES;56057;ALFREDO CHAVES;12;22;1139;;2;MASCULINO;1;SOLTEIRO;5559;55 a 59 anos                  ;3;ENSINO FUNDAMENTAL INCOMPLETO;-3;#NE;-3;#NE;-3;#NE;-3;#NE;Obrigatório;2;0;0;0
13/04/2021;19:37:12;2012;ES;56057;ALFREDO CHAVES;12;22;1139;;2;MASCULINO;1;SOLTEIRO;6064;60 a 64 anos                  ;8;SUPERIOR COMPLETO;-3;#NE;-3;#NE;-3;#NE;-3;#NE;Obrigatório;1;0;0;0
13/04/2021;19:37:12;2012;ES;56057;ALFREDO CHAVES;12;22;1139;;2;MASCULINO;1;SOLTEIRO;6569;65 a 69 anos                  ;3;ENSINO FUNDAMENTAL INCOMPLETO;-3;#NE;-3;#NE;-3;#NE;-3;#NE;Obrigatório;1;0;0;0
13/04/2021;19:37:12;2012;ES;56057;ALFREDO CHAVES;12;22;1139;;2;MASCULINO;1;SOLTEIRO;8589;85 a 89 anos                  ;1;ANALFABETO;-3;#NE;-3;#NE;-3;#NE;-3;#NE;Facultativo;1;0;0;0
13/04/2021;19:37:12;2012;ES;56057;ALFREDO CHAVES;12;22;1139;;2;MASCULINO;3;CASADO;3034;30 a 34 anos                  ;4;ENSINO FUNDAMENTAL COMPLETO;-3;#NE;-3;#NE;-3;#NE;-3;#NE;Obrigatório;1;0;0;0
13/04/2021;19:37:12;2012;ES;56057;ALFREDO CHAVES;12;22;1139;;2;MASCULINO;3;CASADO;3034;30 a 34 anos                  ;5;ENSINO MÉDIO INCOMPLETO;-3;#NE;-3;#NE;-3;#NE;-3;#NE;Obrigatório;2;0;0;0
13/04/2021;19:37:12;2012;ES;56057;ALFREDO CHAVES;12;22;1139;;2;MASCULINO;3;CASADO;4044;40 a 44 anos                  ;3;ENSINO FUNDAMENTAL INCOMPLETO;-3;#NE;-3;#NE;-3;#NE;-3;#NE;Obrigatório;1;0;0;0
13/04/2021;19:37:12;2012;ES;56057;ALFREDO CHAVES;12;22;1139;;2;MASCULINO;3;CASADO;4044;40 a 44 anos                  ;4;ENSINO FUNDAMENTAL COMPLETO;-3;#NE;-3;#NE;-3;#NE;-3;#NE;Obrigatório;1;0;0;0
13/04/2021;19:37:12;2012;ES;56057;ALFREDO CHAVES;12;22;1139;;2;MASCULINO;3;CASADO;4044;40 a 44 anos                  ;5;ENSINO MÉDIO INCOMPLETO;-3;#NE;-3;#NE;-3;#NE;-3;#NE;Obrigatório;1;0;0;0
13/04/2021;19:37:12;2012;ES;56057;ALFREDO CHAVES;12;22;1139;;2;MASCULINO;3;CASADO;4549;45 a 49 anos                  ;4;ENSINO FUNDAMENTAL COMPLETO;-3;#NE;-3;#NE;-3;#NE;-3;#NE;Obrigatório;1;0;0;0
13/04/2021;19:37:12;2012;ES;56057;ALFREDO CHAVES;12;22;1139;;2;MASCULINO;3;CASADO;5054;50 a 54 anos                  ;3;ENSINO FUNDAMENTAL INCOMPLETO;-3;#NE;-3;#NE;-3;#NE;-3;#NE;Obrigatório;4;0;0;0
13/04/2021;19:37:12;2012;ES;56057;ALFREDO CHAVES;12;22;1139;;2;MASCULINO;3;CASADO;5054;50 a 54 anos                  ;4;ENSINO FUNDAMENTAL COMPLETO;-3;#NE;-3;#NE;-3;#NE;-3;#NE;Obrigatório;2;0;0;0
13/04/2021;19:37:12;2012;ES;56057;ALFREDO CHAVES;12;22;1139;;2;MASCULINO;3;CASADO;5054;50 a 54 anos                  ;8;SUPERIOR COMPLETO;-3;#NE;-3;#NE;-3;#NE;-3;#NE;Obrigatório;1;0;0;0
13/04/2021;19:37:12;2012;ES;56057;ALFREDO CHAVES;12;22;1139;;2;MASCULINO;3;CASADO;5559;55 a 59 anos                  ;2;LÊ E ESCREVE;-3;#NE;-3;#NE;-3;#NE;-3;#NE;Obrigatório;3;0;0;0
13/04/2021;19:37:12;2012;ES;56057;ALFREDO CHAVES;12;22;1139;;2;MASCULINO;3;CASADO;5559;55 a 59 anos                  ;3;ENSINO FUNDAMENTAL INCOMPLETO;-3;#NE;-3;#NE;-3;#NE;-3;#NE;Obrigatório;2;0;0;0
13/04/2021;19:37:12;2012;ES;56057;ALFREDO CHAVES;12;22;1139;;2;MASCULINO;3;CASADO;5559;55 a 59 anos                  ;6;ENSINO MÉDIO COMPLETO;-3;#NE;-3;#NE;-3;#NE;-3;#NE;Obrigatório;1;0;0;0
13/04/2021;19:37:12;2012;ES;56057;ALFREDO CHAVES;12;22;1139;;2;MASCULINO;3;CASADO;5559;55 a 59 anos                  ;8;SUPERIOR COMPLETO;-3;#NE;-3;#NE;-3;#NE;-3;#NE;Obrigatório;2;0;0;0
13/04/2021;19:37:12;2012;ES;56057;ALFREDO CHAVES;12;22;1139;;2;MASCULINO;3;CASADO;6064;60 a 64 anos                  ;1;ANALFABETO;-3;#NE;-3;#NE;-3;#NE;-3;#NE;Facultativo;1;0;0;0
13/04/2021;19:37:12;2012;ES;56057;ALFREDO CHAVES;12;22;1139;;2;MASCULINO;3;CASADO;6064;60 a 64 anos                  ;2;LÊ E ESCREVE;-3;#NE;-3;#NE;-3;#NE;-3;#NE;Obrigatório;5;0;0;0
13/04/2021;19:37:12;2012;ES;56057;ALFREDO CHAVES;12;22;1139;;2;MASCULINO;3;CASADO;6064;60 a 64 anos                  ;3;ENSINO FUNDAMENTAL INCOMPLETO;-3;#NE;-3;#NE;-3;#NE;-3;#NE;Obrigatório;11;0;0;0
13/04/2021;19:37:12;2012;ES;56057;ALFREDO CHAVES;12;22;1139;;2;MASCULINO;3;CASADO;6064;60 a 64 anos                  ;5;ENSINO MÉDIO INCOMPLETO;-3;#NE;-3;#NE;-3;#NE;-3;#NE;Obrigatório;1;0;0;0
13/04/2021;19:37:12;2012;ES;56057;ALFREDO CHAVES;12;22;1139;;2;MASCULINO;3;CASADO;6064;60 a 64 anos                  ;8;SUPERIOR COMPLETO;-3;#NE;-3;#NE;-3;#NE;-3;#NE;Obrigatório;2;0;0;0
13/04/2021;19:37:12;2012;ES;56057;ALFREDO CHAVES;12;22;1139;;2;MASCULINO;3;CASADO;6569;65 a 69 anos                  ;1;ANALFABETO;-3;#NE;-3;#NE;-3;#NE;-3;#NE;Facultativo;1;0;0;0
13/04/2021;19:37:12;2012;ES;56057;ALFREDO CHAVES;12;22;1139;;2;MASCULINO;3;CASADO;6569;65 a 69 anos                  ;2;LÊ E ESCREVE;-3;#NE;-3;#NE;-3;#NE;-3;#NE;Obrigatório;4;0;0;0
13/04/2021;19:37:12;2012;ES;56057;ALFREDO CHAVES;12;22;1139;;2;MASCULINO;3;CASADO;6569;65 a 69 anos                  ;3;ENSINO FUNDAMENTAL INCOMPLETO;-3;#NE;-3;#NE;-3;#NE;-3;#NE;Obrigatório;8;0;0;0
13/04/2021;19:37:12;2012;ES;56057;ALFREDO CHAVES;12;22;1139;;2;MASCULINO;3;CASADO;6569;65 a 69 anos                  ;8;SUPERIOR COMPLETO;-3;#NE;-3;#NE;-3;#NE;-3;#NE;Obrigatório;1;0;0;0
13/04/2021;19:37:12;2012;ES;56057;ALFREDO CHAVES;12;22;1139;;2;MASCULINO;3;CASADO;7074;70 a 74 anos                  ;2;LÊ E ESCREVE;-3;#NE;-3;#NE;-3;#NE;-3;#NE;Facultativo;2;0;0;0
13/04/2021;19:37:12;2012;ES;56057;ALFREDO CHAVES;12;22;1139;;2;MASCULINO;3;CASADO;7074;70 a 74 anos                  ;3;ENSINO FUNDAMENTAL INCOMPLETO;-3;#NE;-3;#NE;-3;#NE;-3;#NE;Facultativo;5;0;0;0
13/04/2021;19:37:12;2012;ES;56057;ALFREDO CHAVES;12;22;1139;;2;MASCULINO;3;CASADO;7579;75 a 79 anos                  ;1;ANALFABETO;-3;#NE;-3;#NE;-3;#NE;-3;#NE;Facultativo;1;0;0;0
13/04/2021;19:37:12;2012;ES;56057;ALFREDO CHAVES;12;22;1139;;2;MASCULINO;3;CASADO;7579;75 a 79 anos                  ;2;LÊ E ESCREVE;-3;#NE;-3;#NE;-3;#NE;-3;#NE;Facultativo;4;0;0;0
13/04/2021;19:37:12;2012;ES;56057;ALFREDO CHAVES;12;22;1139;;2;MASCULINO;3;CASADO;7579;75 a 79 anos                  ;3;ENSINO FUNDAMENTAL INCOMPLETO;-3;#NE;-3;#NE;-3;#NE;-3;#NE;Facultativo;3;0;0;0
13/04/2021;19:37:12;2012;ES;56057;ALFREDO CHAVES;12;23;1139;;4;FEMININO;3;CASADO;7074;70 a 74 anos                  ;3;ENSINO FUNDAMENTAL INCOMPLETO;-3;#NE;-3;#NE;-3;#NE;-3;#NE;Facultativo;2;0;0;0
13/04/2021;19:37:12;2012;ES;56057;ALFREDO CHAVES;12;23;1139;;4;FEMININO;3;CASADO;7579;75 a 79 anos                  ;3;ENSINO FUNDAMENTAL INCOMPLETO;-3;#NE;-3;#NE;-3;#NE;-3;#NE;Facultativo;2;0;0;0
13/04/2021;19:37:12;2012;ES;56057;ALFREDO CHAVES;12;23;1139;;4;FEMININO;3;CASADO;7579;75 a 79 anos                  ;6;ENSINO MÉDIO COMPLETO;-3;#NE;-3;#NE;-3;#NE;-3;#NE;Facultativo;1;0;0;0
13/04/2021;19:37:12;2012;ES;56057;ALFREDO CHAVES;12;23;1139;;4;FEMININO;3;CASADO;8084;80 a 84 anos                  ;2;LÊ E ESCREVE;-3;#NE;-3;#NE;-3;#NE;-3;#NE;Facultativo;2;0;0;0
13/04/2021;19:37:12;2012;ES;56057;ALFREDO CHAVES;12;23;1139;;4;FEMININO;3;CASADO;8084;80 a 84 anos                  ;3;ENSINO FUNDAMENTAL INCOMPLETO;-3;#NE;-3;#NE;-3;#NE;-3;#NE;Facultativo;2;0;0;0
13/04/2021;19:37:12;2012;ES;56057;ALFREDO CHAVES;12;23;1139;;4;FEMININO;3;CASADO;8589;85 a 89 anos                  ;2;LÊ E ESCREVE;-3;#NE;-3;#NE;-3;#NE;-3;#NE;Facultativo;3;0;0;0
13/04/2021;19:37:12;2012;ES;56057;ALFREDO CHAVES;12;23;1139;;4;FEMININO;3;CASADO;8589;85 a 89 anos                  ;3;ENSINO FUNDAMENTAL INCOMPLETO;-3;#NE;-3;#NE;-3;#NE;-3;#NE;Facultativo;1;0;0;0
13/04/2021;19:37:12;2012;ES;56057;ALFREDO CHAVES;12;23;1139;;4;FEMININO;3;CASADO;9094;90 a 94 anos                  ;2;LÊ E ESCREVE;-3;#NE;-3;#NE;-3;#NE;-3;#NE;Facultativo;2;0;0;0
13/04/2021;19:37:12;2012;ES;56057;ALFREDO CHAVES;12;23;1139;;4;FEMININO;5;VIÚVO;5054;50 a 54 anos                  ;8;SUPERIOR COMPLETO;-3;#NE;-3;#NE;-3;#NE;-3;#NE;Obrigatório;1;0;0;0
13/04/2021;19:37:12;2012;ES;56057;ALFREDO CHAVES;12;23;1139;;4;FEMININO;5;VIÚVO;5559;55 a 59 anos                  ;3;ENSINO FUNDAMENTAL INCOMPLETO;-3;#NE;-3;#NE;-3;#NE;-3;#NE;Obrigatório;1;0;0;0
13/04/2021;19:37:12;2012;ES;56057;ALFREDO CHAVES;12;23;1139;;4;FEMININO;5;VIÚVO;7579;75 a 79 anos                  ;2;LÊ E ESCREVE;-3;#NE;-3;#NE;-3;#NE;-3;#NE;Facultativo;1;0;0;0
13/04/2021;19:37:12;2012;ES;56057;ALFREDO CHAVES;12;23;1139;;4;FEMININO;5;VIÚVO;8084;80 a 84 anos                  ;6;ENSINO MÉDIO COMPLETO;-3;#NE;-3;#NE;-3;#NE;-3;#NE;Facultativo;1;0;0;0
13/04/2021;19:37:12;2012;ES;56057;ALFREDO CHAVES;12;23;1139;;4;FEMININO;5;VIÚVO;8589;85 a 89 anos                  ;3;ENSINO FUNDAMENTAL INCOMPLETO;-3;#NE;-3;#NE;-3;#NE;-3;#NE;Facultativo;1;0;0;0
13/04/2021;19:37:12;2012;ES;56057;ALFREDO CHAVES;12;23;1139;;4;FEMININO;7;SEPARADO JUDICIALMENTE;5054;50 a 54 anos                  ;3;ENSINO FUNDAMENTAL INCOMPLETO;-3;#NE;-3;#NE;-3;#NE;-3;#NE;Obrigatório;1;0;0;0
13/04/2021;19:37:12;2012;ES;56057;ALFREDO CHAVES;12;23;1139;;4;FEMININO;7;SEPARADO JUDICIALMENTE;7074;70 a 74 anos                  ;3;ENSINO FUNDAMENTAL INCOMPLETO;-3;#NE;-3;#NE;-3;#NE;-3;#NE;Facultativo;1;0;0;0
13/04/2021;19:37:12;2012;ES;56057;ALFREDO CHAVES;12;23;1139;;4;FEMININO;9;DIVORCIADO;3034;30 a 34 anos                  ;6;ENSINO MÉDIO COMPLETO;-3;#NE;-3;#NE;-3;#NE;-3;#NE;Obrigatório;1;0;0;0
13/04/2021;19:37:12;2012;ES;56057;ALFREDO CHAVES;12;24;1147;;2;MASCULINO;1;SOLTEIRO;1600;16 anos                       ;4;ENSINO FUNDAMENTAL COMPLETO;-3;#NE;-3;#NE;-3;#NE;-3;#NE;Facultativo;1;0;0;0
13/04/2021;19:37:12;2012;ES;56057;ALFREDO CHAVES;12;24;1147;;2;MASCULINO;1;SOLTEIRO;1600;16 anos                       ;5;ENSINO MÉDIO INCOMPLETO;-3;#NE;-3;#NE;-3;#NE;-3;#NE;Facultativo;3;0;0;0
13/04/2021;19:37:12;2012;ES;56057;ALFREDO CHAVES;12;24;1147;;2;MASCULINO;1;SOLTEIRO;1700;17 anos                       ;4;ENSINO FUNDAMENTAL COMPLETO;-3;#NE;-3;#NE;-3;#NE;-3;#NE;Facultativo;1;0;0;0
13/04/2021;19:37:12;2012;ES;56057;ALFREDO CHAVES;12;24;1147;;2;MASCULINO;1;SOLTEIRO;1800;18 anos                       ;4;ENSINO FUNDAMENTAL COMPLETO;-3;#NE;-3;#NE;-3;#NE;-3;#NE;Obrigatório;1;0;0;0
13/04/2021;19:37:12;2012;ES;56057;ALFREDO CHAVES;12;24;1147;;2;MASCULINO;1;SOLTEIRO;1800;18 anos                       ;5;ENSINO MÉDIO INCOMPLETO;-3;#NE;-3;#NE;-3;#NE;-3;#NE;Obrigatório;3;0;0;0
13/04/2021;19:37:12;2012;ES;56057;ALFREDO CHAVES;12;24;1147;;2;MASCULINO;1;SOLTEIRO;1900;19 anos                       ;3;ENSINO FUNDAMENTAL INCOMPLETO;-3;#NE;-3;#NE;-3;#NE;-3;#NE;Obrigatório;1;0;0;0
13/04/2021;19:37:12;2012;ES;56057;ALFREDO CHAVES;12;24;1147;;2;MASCULINO;1;SOLTEIRO;1900;19 anos                       ;5;ENSINO MÉDIO INCOMPLETO;-3;#NE;-3;#NE;-3;#NE;-3;#NE;Obrigatório;3;0;0;0
13/04/2021;19:37:12;2012;ES;56057;ALFREDO CHAVES;12;24;1147;;2;MASCULINO;1;SOLTEIRO;2000;20 anos                       ;3;ENSINO FUNDAMENTAL INCOMPLETO;-3;#NE;-3;#NE;-3;#NE;-3;#NE;Obrigatório;1;0;0;0
13/04/2021;19:37:12;2012;ES;56057;ALFREDO CHAVES;12;24;1147;;2;MASCULINO;1;SOLTEIRO;2124;21 a 24 anos                  ;3;ENSINO FUNDAMENTAL INCOMPLETO;-3;#NE;-3;#NE;-3;#NE;-3;#NE;Obrigatório;3;0;0;0
13/04/2021;19:37:12;2012;ES;56057;ALFREDO CHAVES;12;24;1147;;2;MASCULINO;1;SOLTEIRO;2124;21 a 24 anos                  ;5;ENSINO MÉDIO INCOMPLETO;-3;#NE;-3;#NE;-3;#NE;-3;#NE;Obrigatório;2;0;0;0
13/04/2021;19:37:12;2012;ES;56057;ALFREDO CHAVES;12;24;1147;;2;MASCULINO;1;SOLTEIRO;2529;25 a 29 anos                  ;3;ENSINO FUNDAMENTAL INCOMPLETO;-3;#NE;-3;#NE;-3;#NE;-3;#NE;Obrigatório;14;0;0;0
13/04/2021;19:37:12;2012;ES;56057;ALFREDO CHAVES;12;24;1147;;2;MASCULINO;1;SOLTEIRO;2529;25 a 29 anos                  ;5;ENSINO MÉDIO INCOMPLETO;-3;#NE;-3;#NE;-3;#NE;-3;#NE;Obrigatório;1;0;0;0
13/04/2021;19:37:12;2012;ES;56057;ALFREDO CHAVES;12;24;1147;;2;MASCULINO;1;SOLTEIRO;3034;30 a 34 anos                  ;3;ENSINO FUNDAMENTAL INCOMPLETO;-3;#NE;-3;#NE;-3;#NE;-3;#NE;Obrigatório;6;0;0;0
13/04/2021;19:37:12;2012;ES;56057;ALFREDO CHAVES;12;24;1147;;2;MASCULINO;1;SOLTEIRO;3034;30 a 34 anos                  ;6;ENSINO MÉDIO COMPLETO;-3;#NE;-3;#NE;-3;#NE;-3;#NE;Obrigatório;1;0;0;0
13/04/2021;19:37:12;2012;ES;56057;ALFREDO CHAVES;12;24;1147;;2;MASCULINO;1;SOLTEIRO;3539;35 a 39 anos                  ;3;ENSINO FUNDAMENTAL INCOMPLETO;-3;#NE;-3;#NE;-3;#NE;-3;#NE;Obrigatório;2;0;0;0
13/04/2021;19:37:12;2012;ES;56057;ALFREDO CHAVES;12;24;1147;;2;MASCULINO;1;SOLTEIRO;3539;35 a 39 anos                  ;7;SUPERIOR INCOMPLETO;-3;#NE;-3;#NE;-3;#NE;-3;#NE;Obrigatório;1;0;0;0
13/04/2021;19:37:12;2012;ES;56057;ALFREDO CHAVES;12;24;1147;;2;MASCULINO;1;SOLTEIRO;4044;40 a 44 anos                  ;3;ENSINO FUNDAMENTAL INCOMPLETO;-3;#NE;-3;#NE;-3;#NE;-3;#NE;Obrigatório;4;0;0;0
13/04/2021;19:37:12;2012;ES;56057;ALFREDO CHAVES;12;24;1147;;2;MASCULINO;1;SOLTEIRO;4044;40 a 44 anos                  ;4;ENSINO FUNDAMENTAL COMPLETO;-3;#NE;-3;#NE;-3;#NE;-3;#NE;Obrigatório;1;0;0;0
13/04/2021;19:37:12;2012;ES;56057;ALFREDO CHAVES;12;24;1147;;2;MASCULINO;1;SOLTEIRO;4044;40 a 44 anos                  ;5;ENSINO MÉDIO INCOMPLETO;-3;#NE;-3;#NE;-3;#NE;-3;#NE;Obrigatório;1;0;0;0
13/04/2021;19:37:12;2012;ES;56057;ALFREDO CHAVES;12;24;1147;;2;MASCULINO;1;SOLTEIRO;4044;40 a 44 anos                  ;6;ENSINO MÉDIO COMPLETO;-3;#NE;-3;#NE;-3;#NE;-3;#NE;Obrigatório;1;0;0;0
13/04/2021;19:37:12;2012;ES;56057;ALFREDO CHAVES;12;24;1147;;2;MASCULINO;1;SOLTEIRO;4549;45 a 49 anos                  ;2;LÊ E ESCREVE;-3;#NE;-3;#NE;-3;#NE;-3;#NE;Obrigatório;1;0;0;0
13/04/2021;19:37:12;2012;ES;56057;ALFREDO CHAVES;12;24;1147;;2;MASCULINO;1;SOLTEIRO;4549;45 a 49 anos                  ;3;ENSINO FUNDAMENTAL INCOMPLETO;-3;#NE;-3;#NE;-3;#NE;-3;#NE;Obrigatório;17;0;0;0
13/04/2021;19:37:12;2012;ES;56057;ALFREDO CHAVES;12;24;1147;;2;MASCULINO;1;SOLTEIRO;4549;45 a 49 anos                  ;4;ENSINO FUNDAMENTAL COMPLETO;-3;#NE;-3;#NE;-3;#NE;-3;#NE;Obrigatório;1;0;0;0
13/04/2021;19:37:12;2012;ES;56057;ALFREDO CHAVES;12;24;1147;;2;MASCULINO;1;SOLTEIRO;5054;50 a 54 anos                  ;3;ENSINO FUNDAMENTAL INCOMPLETO;-3;#NE;-3;#NE;-3;#NE;-3;#NE;Obrigatório;8;0;0;0
13/04/2021;19:37:12;2012;ES;56057;ALFREDO CHAVES;12;24;1147;;2;MASCULINO;1;SOLTEIRO;5054;50 a 54 anos                  ;6;ENSINO MÉDIO COMPLETO;-3;#NE;-3;#NE;-3;#NE;-3;#NE;Obrigatório;1;0;0;0
13/04/2021;19:37:12;2012;ES;56057;ALFREDO CHAVES;12;24;1147;;2;MASCULINO;1;SOLTEIRO;5559;55 a 59 anos                  ;3;ENSINO FUNDAMENTAL INCOMPLETO;-3;#NE;-3;#NE;-3;#NE;-3;#NE;Obrigatório;2;0;0;0
13/04/2021;19:37:12;2012;ES;56057;ALFREDO CHAVES;12;27;1171;;2;MASCULINO;3;CASADO;2124;21 a 24 anos                  ;3;ENSINO FUNDAMENTAL INCOMPLETO;-3;#NE;-3;#NE;-3;#NE;-3;#NE;Obrigatório;1;0;0;0
13/04/2021;19:37:12;2012;ES;56057;ALFREDO CHAVES;12;27;1171;;2;MASCULINO;3;CASADO;2529;25 a 29 anos                  ;6;ENSINO MÉDIO COMPLETO;-3;#NE;-3;#NE;-3;#NE;-3;#NE;Obrigatório;2;0;0;0
13/04/2021;19:37:12;2012;ES;56057;ALFREDO CHAVES;12;27;1171;;2;MASCULINO;3;CASADO;3034;30 a 34 anos                  ;3;ENSINO FUNDAMENTAL INCOMPLETO;-3;#NE;-3;#NE;-3;#NE;-3;#NE;Obrigatório;1;0;0;0
13/04/2021;19:37:12;2012;ES;56057;ALFREDO CHAVES;12;27;1171;;2;MASCULINO;3;CASADO;3034;30 a 34 anos                  ;7;SUPERIOR INCOMPLETO;-3;#NE;-3;#NE;-3;#NE;-3;#NE;Obrigatório;1;0;0;0
13/04/2021;19:37:12;2012;ES;56057;ALFREDO CHAVES;12;27;1171;;2;MASCULINO;3;CASADO;4044;40 a 44 anos                  ;3;ENSINO FUNDAMENTAL INCOMPLETO;-3;#NE;-3;#NE;-3;#NE;-3;#NE;Obrigatório;1;0;0;0
13/04/2021;19:37:12;2012;ES;56057;ALFREDO CHAVES;12;27;1171;;2;MASCULINO;3;CASADO;4044;40 a 44 anos                  ;4;ENSINO FUNDAMENTAL COMPLETO;-3;#NE;-3;#NE;-3;#NE;-3;#NE;Obrigatório;1;0;0;0
13/04/2021;19:37:12;2012;ES;56057;ALFREDO CHAVES;12;27;1171;;2;MASCULINO;3;CASADO;4044;40 a 44 anos                  ;6;ENSINO MÉDIO COMPLETO;-3;#NE;-3;#NE;-3;#NE;-3;#NE;Obrigatório;2;0;0;0
13/04/2021;19:37:12;2012;ES;56057;ALFREDO CHAVES;12;29;1147;;4;FEMININO;1;SOLTEIRO;2124;21 a 24 anos                  ;7;SUPERIOR INCOMPLETO;-3;#NE;-3;#NE;-3;#NE;-3;#NE;Obrigatório;2;0;0;0
13/04/2021;19:37:12;2012;ES;56057;ALFREDO CHAVES;12;29;1147;;4;FEMININO;1;SOLTEIRO;2529;25 a 29 anos                  ;3;ENSINO FUNDAMENTAL INCOMPLETO;-3;#NE;-3;#NE;-3;#NE;-3;#NE;Obrigatório;14;0;0;0
13/04/2021;19:37:12;2012;ES;56057;ALFREDO CHAVES;12;29;1147;;4;FEMININO;1;SOLTEIRO;2529;25 a 29 anos                  ;4;ENSINO FUNDAMENTAL COMPLETO;-3;#NE;-3;#NE;-3;#NE;-3;#NE;Obrigatório;1;0;0;0
13/04/2021;19:37:12;2012;ES;56057;ALFREDO CHAVES;12;31;1171;;4;FEMININO;1;SOLTEIRO;3034;30 a 34 anos                  ;8;SUPERIOR COMPLETO;-3;#NE;-3;#NE;-3;#NE;-3;#NE;Obrigatório;2;0;0;0
13/04/2021;19:37:12;2012;ES;56057;ALFREDO CHAVES;12;31;1171;;4;FEMININO;1;SOLTEIRO;3539;35 a 39 anos                  ;1;ANALFABETO;-3;#NE;-3;#NE;-3;#NE;-3;#NE;Facultativo;1;0;0;0
13/04/2021;19:37:12;2012;ES;56057;ALFREDO CHAVES;12;31;1171;;4;FEMININO;1;SOLTEIRO;3539;35 a 39 anos                  ;3;ENSINO FUNDAMENTAL INCOMPLETO;-3;#NE;-3;#NE;-3;#NE;-3;#NE;Obrigatório;10;0;0;0
13/04/2021;19:37:12;2012;ES;56057;ALFREDO CHAVES;12;31;1171;;4;FEMININO;1;SOLTEIRO;3539;35 a 39 anos                  ;5;ENSINO MÉDIO INCOMPLETO;-3;#NE;-3;#NE;-3;#NE;-3;#NE;Obrigatório;13;0;0;0
13/04/2021;19:37:12;2012;ES;56057;ALFREDO CHAVES;12;31;1171;;4;FEMININO;1;SOLTEIRO;3539;35 a 39 anos                  ;6;ENSINO MÉDIO COMPLETO;-3;#NE;-3;#NE;-3;#NE;-3;#NE;Obrigatório;2;0;0;0
13/04/2021;19:37:12;2012;ES;56057;ALFREDO CHAVES;12;31;1171;;4;FEMININO;1;SOLTEIRO;3539;35 a 39 anos                  ;8;SUPERIOR COMPLETO;-3;#NE;-3;#NE;-3;#NE;-3;#NE;Obrigatório;1;0;0;0
13/04/2021;19:37:12;2012;ES;56057;ALFREDO CHAVES;12;31;1171;;4;FEMININO;1;SOLTEIRO;4044;40 a 44 anos                  ;5;ENSINO MÉDIO INCOMPLETO;-3;#NE;-3;#NE;-3;#NE;-3;#NE;Obrigatório;6;0;0;0
13/04/2021;19:37:12;2012;ES;56057;ALFREDO CHAVES;12;31;1171;;4;FEMININO;1;SOLTEIRO;4044;40 a 44 anos                  ;6;ENSINO MÉDIO COMPLETO;-3;#NE;-3;#NE;-3;#NE;-3;#NE;Obrigatório;3;0;0;0
13/04/2021;19:37:12;2012;ES;56057;ALFREDO CHAVES;12;31;1171;;4;FEMININO;1;SOLTEIRO;4549;45 a 49 anos                  ;5;ENSINO MÉDIO INCOMPLETO;-3;#NE;-3;#NE;-3;#NE;-3;#NE;Obrigatório;1;0;0;0
13/04/2021;19:37:12;2012;ES;56057;ALFREDO CHAVES;12;31;1171;;4;FEMININO;1;SOLTEIRO;5054;50 a 54 anos                  ;5;ENSINO MÉDIO INCOMPLETO;-3;#NE;-3;#NE;-3;#NE;-3;#NE;Obrigatório;1;0;0;0
13/04/2021;19:37:12;2012;ES;56057;ALFREDO CHAVES;12;31;1171;;4;FEMININO;1;SOLTEIRO;6569;65 a 69 anos                  ;7;SUPERIOR INCOMPLETO;-3;#NE;-3;#NE;-3;#NE;-3;#NE;Obrigatório;1;0;0;0
13/04/2021;19:37:12;2012;ES;56057;ALFREDO CHAVES;12;31;1171;;4;FEMININO;3;CASADO;2529;25 a 29 anos                  ;6;ENSINO MÉDIO COMPLETO;-3;#NE;-3;#NE;-3;#NE;-3;#NE;Obrigatório;1;0;0;0
13/04/2021;19:37:12;2012;ES;56057;ALFREDO CHAVES;12;31;1171;;4;FEMININO;3;CASADO;2529;25 a 29 anos                  ;8;SUPERIOR COMPLETO;-3;#NE;-3;#NE;-3;#NE;-3;#NE;Obrigatório;1;0;0;0
13/04/2021;19:37:12;2012;ES;56057;ALFREDO CHAVES;12;34;1171;;2;MASCULINO;1;SOLTEIRO;1900;19 anos                       ;4;ENSINO FUNDAMENTAL COMPLETO;-3;#NE;-3;#NE;-3;#NE;-3;#NE;Obrigatório;1;0;0;0
13/04/2021;19:37:12;2012;ES;56057;ALFREDO CHAVES;12;34;1171;;2;MASCULINO;1;SOLTEIRO;1900;19 anos                       ;5;ENSINO MÉDIO INCOMPLETO;-3;#NE;-3;#NE;-3;#NE;-3;#NE;Obrigatório;2;0;0;0
13/04/2021;19:37:12;2012;ES;56057;ALFREDO CHAVES;12;34;1171;;2;MASCULINO;1;SOLTEIRO;2000;20 anos                       ;5;ENSINO MÉDIO INCOMPLETO;-3;#NE;-3;#NE;-3;#NE;-3;#NE;Obrigatório;4;0;0;0
13/04/2021;19:37:12;2012;ES;56057;ALFREDO CHAVES;12;34;1171;;2;MASCULINO;1;SOLTEIRO;2000;20 anos                       ;6;ENSINO MÉDIO COMPLETO;-3;#NE;-3;#NE;-3;#NE;-3;#NE;Obrigatório;2;0;0;0
13/04/2021;19:37:12;2012;ES;56057;ALFREDO CHAVES;12;34;1171;;2;MASCULINO;1;SOLTEIRO;2124;21 a 24 anos                  ;3;ENSINO FUNDAMENTAL INCOMPLETO;-3;#NE;-3;#NE;-3;#NE;-3;#NE;Obrigatório;2;0;0;0
13/04/2021;19:37:12;2012;ES;56057;ALFREDO CHAVES;12;34;1171;;2;MASCULINO;1;SOLTEIRO;2124;21 a 24 anos                  ;5;ENSINO MÉDIO INCOMPLETO;-3;#NE;-3;#NE;-3;#NE;-3;#NE;Obrigatório;10;0;0;0
13/04/2021;19:37:12;2012;ES;56057;ALFREDO CHAVES;12;34;1171;;2;MASCULINO;1;SOLTEIRO;2124;21 a 24 anos                  ;6;ENSINO MÉDIO COMPLETO;-3;#NE;-3;#NE;-3;#NE;-3;#NE;Obrigatório;2;0;0;0
13/04/2021;19:37:12;2012;ES;56057;ALFREDO CHAVES;12;34;1171;;2;MASCULINO;1;SOLTEIRO;2529;25 a 29 anos                  ;3;ENSINO FUNDAMENTAL INCOMPLETO;-3;#NE;-3;#NE;-3;#NE;-3;#NE;Obrigatório;10;0;0;0
13/04/2021;19:37:12;2012;ES;56057;ALFREDO CHAVES;12;34;1171;;2;MASCULINO;1;SOLTEIRO;2529;25 a 29 anos                  ;4;ENSINO FUNDAMENTAL COMPLETO;-3;#NE;-3;#NE;-3;#NE;-3;#NE;Obrigatório;1;0;0;0
13/04/2021;19:37:12;2012;ES;56057;ALFREDO CHAVES;12;34;1171;;2;MASCULINO;1;SOLTEIRO;2529;25 a 29 anos                  ;5;ENSINO MÉDIO INCOMPLETO;-3;#NE;-3;#NE;-3;#NE;-3;#NE;Obrigatório;13;0;0;0
13/04/2021;19:37:12;2012;ES;56057;ALFREDO CHAVES;12;34;1171;;2;MASCULINO;1;SOLTEIRO;2529;25 a 29 anos                  ;6;ENSINO MÉDIO COMPLETO;-3;#NE;-3;#NE;-3;#NE;-3;#NE;Obrigatório;4;0;0;0
13/04/2021;19:37:12;2012;ES;56057;ALFREDO CHAVES;12;34;1171;;2;MASCULINO;1;SOLTEIRO;2529;25 a 29 anos                  ;8;SUPERIOR COMPLETO;-3;#NE;-3;#NE;-3;#NE;-3;#NE;Obrigatório;1;0;0;0
13/04/2021;19:37:12;2012;ES;56057;ALFREDO CHAVES;12;34;1171;;2;MASCULINO;1;SOLTEIRO;3034;30 a 34 anos                  ;3;ENSINO FUNDAMENTAL INCOMPLETO;-3;#NE;-3;#NE;-3;#NE;-3;#NE;Obrigatório;8;0;0;0
13/04/2021;19:37:12;2012;ES;56057;ALFREDO CHAVES;12;34;1171;;2;MASCULINO;1;SOLTEIRO;3034;30 a 34 anos                  ;4;ENSINO FUNDAMENTAL COMPLETO;-3;#NE;-3;#NE;-3;#NE;-3;#NE;Obrigatório;2;0;0;0
13/04/2021;19:37:12;2012;ES;56057;ALFREDO CHAVES;12;34;1171;;2;MASCULINO;1;SOLTEIRO;3034;30 a 34 anos                  ;5;ENSINO MÉDIO INCOMPLETO;-3;#NE;-3;#NE;-3;#NE;-3;#NE;Obrigatório;7;0;0;0
13/04/2021;19:37:12;2012;ES;56057;ALFREDO CHAVES;12;34;1171;;2;MASCULINO;1;SOLTEIRO;3034;30 a 34 anos                  ;6;ENSINO MÉDIO COMPLETO;-3;#NE;-3;#NE;-3;#NE;-3;#NE;Obrigatório;1;0;0;0
13/04/2021;19:37:12;2012;ES;56057;ALFREDO CHAVES;12;34;1171;;2;MASCULINO;1;SOLTEIRO;3034;30 a 34 anos                  ;7;SUPERIOR INCOMPLETO;-3;#NE;-3;#NE;-3;#NE;-3;#NE;Obrigatório;1;0;0;0
13/04/2021;19:37:12;2012;ES;56057;ALFREDO CHAVES;12;34;1171;;2;MASCULINO;1;SOLTEIRO;3539;35 a 39 anos                  ;3;ENSINO FUNDAMENTAL INCOMPLETO;-3;#NE;-3;#NE;-3;#NE;-3;#NE;Obrigatório;23;0;0;0
13/04/2021;19:37:12;2012;ES;56057;ALFREDO CHAVES;12;34;1171;;2;MASCULINO;1;SOLTEIRO;3539;35 a 39 anos                  ;4;ENSINO FUNDAMENTAL COMPLETO;-3;#NE;-3;#NE;-3;#NE;-3;#NE;Obrigatório;7;0;0;0
13/04/2021;19:37:12;2012;ES;56057;ALFREDO CHAVES;12;34;1171;;2;MASCULINO;1;SOLTEIRO;3539;35 a 39 anos                  ;5;ENSINO MÉDIO INCOMPLETO;-3;#NE;-3;#NE;-3;#NE;-3;#NE;Obrigatório;8;0;0;0
13/04/2021;19:37:12;2012;ES;56057;ALFREDO CHAVES;12;34;1171;;2;MASCULINO;1;SOLTEIRO;3539;35 a 39 anos                  ;6;ENSINO MÉDIO COMPLETO;-3;#NE;-3;#NE;-3;#NE;-3;#NE;Obrigatório;5;0;0;0
13/04/2021;19:37:12;2012;ES;56057;ALFREDO CHAVES;12;34;1171;;2;MASCULINO;1;SOLTEIRO;3539;35 a 39 anos                  ;8;SUPERIOR COMPLETO;-3;#NE;-3;#NE;-3;#NE;-3;#NE;Obrigatório;2;0;0;0
13/04/2021;19:37:12;2012;ES;56057;ALFREDO CHAVES;12;34;1171;;2;MASCULINO;1;SOLTEIRO;4044;40 a 44 anos                  ;3;ENSINO FUNDAMENTAL INCOMPLETO;-3;#NE;-3;#NE;-3;#NE;-3;#NE;Obrigatório;3;0;0;0
13/04/2021;19:37:12;2012;ES;56057;ALFREDO CHAVES;12;34;1171;;2;MASCULINO;1;SOLTEIRO;4044;40 a 44 anos                  ;5;ENSINO MÉDIO INCOMPLETO;-3;#NE;-3;#NE;-3;#NE;-3;#NE;Obrigatório;1;0;0;0
13/04/2021;19:37:12;2012;ES;56057;ALFREDO CHAVES;12;34;1171;;2;MASCULINO;1;SOLTEIRO;4044;40 a 44 anos                  ;6;ENSINO MÉDIO COMPLETO;-3;#NE;-3;#NE;-3;#NE;-3;#NE;Obrigatório;2;0;0;0
13/04/2021;19:37:12;2012;ES;56057;ALFREDO CHAVES;12;34;1171;;2;MASCULINO;1;SOLTEIRO;4549;45 a 49 anos                  ;1;ANALFABETO;-3;#NE;-3;#NE;-3;#NE;-3;#NE;Facultativo;1;0;0;0
13/04/2021;19:37:12;2012;ES;56057;ALFREDO CHAVES;12;37;1228;;2;MASCULINO;1;SOLTEIRO;3034;30 a 34 anos                  ;3;ENSINO FUNDAMENTAL INCOMPLETO;-3;#NE;-3;#NE;-3;#NE;-3;#NE;Obrigatório;3;0;0;0
13/04/2021;19:37:12;2012;ES;56057;ALFREDO CHAVES;12;37;1228;;2;MASCULINO;1;SOLTEIRO;3034;30 a 34 anos                  ;7;SUPERIOR INCOMPLETO;-3;#NE;-3;#NE;-3;#NE;-3;#NE;Obrigatório;1;0;0;0
13/04/2021;19:37:12;2012;ES;56057;ALFREDO CHAVES;12;37;1228;;2;MASCULINO;1;SOLTEIRO;3539;35 a 39 anos                  ;3;ENSINO FUNDAMENTAL INCOMPLETO;-3;#NE;-3;#NE;-3;#NE;-3;#NE;Obrigatório;2;0;0;0
13/04/2021;19:37:12;2012;ES;56057;ALFREDO CHAVES;12;37;1228;;2;MASCULINO;1;SOLTEIRO;3539;35 a 39 anos                  ;5;ENSINO MÉDIO INCOMPLETO;-3;#NE;-3;#NE;-3;#NE;-3;#NE;Obrigatório;1;0;0;0
13/04/2021;19:37:12;2012;ES;56057;ALFREDO CHAVES;12;37;1228;;2;MASCULINO;1;SOLTEIRO;4044;40 a 44 anos                  ;3;ENSINO FUNDAMENTAL INCOMPLETO;-3;#NE;-3;#NE;-3;#NE;-3;#NE;Obrigatório;3;0;0;0
13/04/2021;19:37:12;2012;ES;56057;ALFREDO CHAVES;12;37;1228;;2;MASCULINO;1;SOLTEIRO;4044;40 a 44 anos                  ;7;SUPERIOR INCOMPLETO;-3;#NE;-3;#NE;-3;#NE;-3;#NE;Obrigatório;1;0;0;0
13/04/2021;19:37:12;2012;ES;56057;ALFREDO CHAVES;12;37;1228;;2;MASCULINO;1;SOLTEIRO;4044;40 a 44 anos                  ;8;SUPERIOR COMPLETO;-3;#NE;-3;#NE;-3;#NE;-3;#NE;Obrigatório;1;0;0;0
13/04/2021;19:37:12;2012;ES;56057;ALFREDO CHAVES;12;37;1228;;2;MASCULINO;1;SOLTEIRO;4549;45 a 49 anos                  ;3;ENSINO FUNDAMENTAL INCOMPLETO;-3;#NE;-3;#NE;-3;#NE;-3;#NE;Obrigatório;1;0;0;0
13/04/2021;19:37:12;2012;ES;56057;ALFREDO CHAVES;12;37;1228;;2;MASCULINO;1;SOLTEIRO;4549;45 a 49 anos                  ;4;ENSINO FUNDAMENTAL COMPLETO;-3;#NE;-3;#NE;-3;#NE;-3;#NE;Obrigatório;1;0;0;0
13/04/2021;19:37:12;2012;ES;56057;ALFREDO CHAVES;12;37;1228;;2;MASCULINO;1;SOLTEIRO;5054;50 a 54 anos                  ;3;ENSINO FUNDAMENTAL INCOMPLETO;-3;#NE;-3;#NE;-3;#NE;-3;#NE;Obrigatório;1;0;0;0
13/04/2021;19:37:12;2012;ES;56057;ALFREDO CHAVES;12;37;1228;;2;MASCULINO;1;SOLTEIRO;5054;50 a 54 anos                  ;7;SUPERIOR INCOMPLETO;-3;#NE;-3;#NE;-3;#NE;-3;#NE;Obrigatório;1;0;0;0
13/04/2021;19:37:12;2012;ES;56057;ALFREDO CHAVES;12;37;1228;;2;MASCULINO;1;SOLTEIRO;5559;55 a 59 anos                  ;1;ANALFABETO;-3;#NE;-3;#NE;-3;#NE;-3;#NE;Facultativo;1;0;0;0
13/04/2021;19:37:12;2012;ES;56057;ALFREDO CHAVES;12;37;1228;;2;MASCULINO;1;SOLTEIRO;6064;60 a 64 anos                  ;1;ANALFABETO;-3;#NE;-3;#NE;-3;#NE;-3;#NE;Facultativo;1;0;0;0
13/04/2021;19:37:12;2012;ES;56057;ALFREDO CHAVES;12;37;1228;;2;MASCULINO;3;CASADO;2124;21 a 24 anos                  ;4;ENSINO FUNDAMENTAL COMPLETO;-3;#NE;-3;#NE;-3;#NE;-3;#NE;Obrigatório;1;0;0;0
13/04/2021;19:37:12;2012;ES;56057;ALFREDO CHAVES;12;37;1228;;2;MASCULINO;3;CASADO;2124;21 a 24 anos                  ;5;ENSINO MÉDIO INCOMPLETO;-3;#NE;-3;#NE;-3;#NE;-3;#NE;Obrigatório;1;0;0;0
13/04/2021;19:37:12;2012;ES;56057;ALFREDO CHAVES;12;37;1228;;2;MASCULINO;3;CASADO;3034;30 a 34 anos                  ;3;ENSINO FUNDAMENTAL INCOMPLETO;-3;#NE;-3;#NE;-3;#NE;-3;#NE;Obrigatório;1;0;0;0
13/04/2021;19:37:12;2012;ES;56057;ALFREDO CHAVES;12;37;1228;;2;MASCULINO;3;CASADO;3539;35 a 39 anos                  ;4;ENSINO FUNDAMENTAL COMPLETO;-3;#NE;-3;#NE;-3;#NE;-3;#NE;Obrigatório;1;0;0;0
13/04/2021;19:37:12;2012;ES;56057;ALFREDO CHAVES;12;37;1228;;2;MASCULINO;3;CASADO;3539;35 a 39 anos                  ;5;ENSINO MÉDIO INCOMPLETO;-3;#NE;-3;#NE;-3;#NE;-3;#NE;Obrigatório;1;0;0;0
13/04/2021;19:37:12;2012;ES;56057;ALFREDO CHAVES;12;37;1228;;2;MASCULINO;3;CASADO;3539;35 a 39 anos                  ;6;ENSINO MÉDIO COMPLETO;-3;#NE;-3;#NE;-3;#NE;-3;#NE;Obrigatório;2;0;0;0
13/04/2021;19:37:12;2012;ES;56057;ALFREDO CHAVES;12;37;1228;;2;MASCULINO;3;CASADO;4549;45 a 49 anos                  ;3;ENSINO FUNDAMENTAL INCOMPLETO;-3;#NE;-3;#NE;-3;#NE;-3;#NE;Obrigatório;2;0;0;0
13/04/2021;19:37:12;2012;ES;56057;ALFREDO CHAVES;12;37;1228;;2;MASCULINO;3;CASADO;5054;50 a 54 anos                  ;2;LÊ E ESCREVE;-3;#NE;-3;#NE;-3;#NE;-3;#NE;Obrigatório;2;0;0;0
13/04/2021;19:37:12;2012;ES;56057;ALFREDO CHAVES;12;37;1228;;2;MASCULINO;3;CASADO;5559;55 a 59 anos                  ;2;LÊ E ESCREVE;-3;#NE;-3;#NE;-3;#NE;-3;#NE;Obrigatório;2;0;0;0
13/04/2021;19:37:12;2012;ES;56057;ALFREDO CHAVES;12;37;1228;;2;MASCULINO;3;CASADO;5559;55 a 59 anos                  ;3;ENSINO FUNDAMENTAL INCOMPLETO;-3;#NE;-3;#NE;-3;#NE;-3;#NE;Obrigatório;1;0;0;0
13/04/2021;19:37:12;2012;ES;56057;ALFREDO CHAVES;12;37;1228;;2;MASCULINO;3;CASADO;6064;60 a 64 anos                  ;3;ENSINO FUNDAMENTAL INCOMPLETO;-3;#NE;-3;#NE;-3;#NE;-3;#NE;Obrigatório;3;0;0;0
13/04/2021;19:37:12;2012;ES;56057;ALFREDO CHAVES;12;37;1228;;2;MASCULINO;3;CASADO;6569;65 a 69 anos                  ;2;LÊ E ESCREVE;-3;#NE;-3;#NE;-3;#NE;-3;#NE;Obrigatório;1;0;0;0
13/04/2021;19:37:12;2012;ES;56057;ALFREDO CHAVES;12;37;1228;;2;MASCULINO;3;CASADO;6569;65 a 69 anos                  ;3;ENSINO FUNDAMENTAL INCOMPLETO;-3;#NE;-3;#NE;-3;#NE;-3;#NE;Obrigatório;1;0;0;0
13/04/2021;19:37:12;2012;ES;56057;ALFREDO CHAVES;12;37;1228;;2;MASCULINO;3;CASADO;8084;80 a 84 anos                  ;2;LÊ E ESCREVE;-3;#NE;-3;#NE;-3;#NE;-3;#NE;Facultativo;2;0;0;0
13/04/2021;19:37:12;2012;ES;56057;ALFREDO CHAVES;12;37;1228;;2;MASCULINO;9;DIVORCIADO;3539;35 a 39 anos                  ;3;ENSINO FUNDAMENTAL INCOMPLETO;-3;#NE;-3;#NE;-3;#NE;-3;#NE;Obrigatório;1;0;0;0
13/04/2021;19:37:12;2012;ES;56057;ALFREDO CHAVES;12;37;1228;;4;FEMININO;1;SOLTEIRO;1800;18 anos                       ;5;ENSINO MÉDIO INCOMPLETO;-3;#NE;-3;#NE;-3;#NE;-3;#NE;Obrigatório;2;0;0;0
13/04/2021;19:37:12;2012;ES;56057;ALFREDO CHAVES;12;37;1228;;4;FEMININO;1;SOLTEIRO;1900;19 anos                       ;4;ENSINO FUNDAMENTAL COMPLETO;-3;#NE;-3;#NE;-3;#NE;-3;#NE;Obrigatório;1;0;0;0
13/04/2021;19:37:12;2012;ES;56057;ALFREDO CHAVES;12;37;1228;;4;FEMININO;1;SOLTEIRO;1900;19 anos                       ;6;ENSINO MÉDIO COMPLETO;-3;#NE;-3;#NE;-3;#NE;-3;#NE;Obrigatório;2;0;0;0
13/04/2021;19:37:12;2012;ES;56057;ALFREDO CHAVES;12;37;1228;;4;FEMININO;1;SOLTEIRO;2000;20 anos                       ;6;ENSINO MÉDIO COMPLETO;-3;#NE;-3;#NE;-3;#NE;-3;#NE;Obrigatório;3;0;0;0
13/04/2021;19:37:12;2012;ES;56057;ALFREDO CHAVES;12;37;1228;;4;FEMININO;1;SOLTEIRO;2124;21 a 24 anos                  ;3;ENSINO FUNDAMENTAL INCOMPLETO;-3;#NE;-3;#NE;-3;#NE;-3;#NE;Obrigatório;1;0;0;0
13/04/2021;19:37:12;2012;ES;56057;ALFREDO CHAVES;12;37;1228;;4;FEMININO;1;SOLTEIRO;2124;21 a 24 anos                  ;5;ENSINO MÉDIO INCOMPLETO;-3;#NE;-3;#NE;-3;#NE;-3;#NE;Obrigatório;2;0;0;0
13/04/2021;19:37:12;2012;ES;56057;ALFREDO CHAVES;12;37;1228;;4;FEMININO;1;SOLTEIRO;2529;25 a 29 anos                  ;2;LÊ E ESCREVE;-3;#NE;-3;#NE;-3;#NE;-3;#NE;Obrigatório;1;0;0;0
13/04/2021;19:37:12;2012;ES;56057;ALFREDO CHAVES;12;37;1228;;4;FEMININO;1;SOLTEIRO;2529;25 a 29 anos                  ;3;ENSINO FUNDAMENTAL INCOMPLETO;-3;#NE;-3;#NE;-3;#NE;-3;#NE;Obrigatório;1;0;0;0
13/04/2021;19:37:12;2012;ES;56057;ALFREDO CHAVES;12;37;1228;;4;FEMININO;1;SOLTEIRO;2529;25 a 29 anos                  ;5;ENSINO MÉDIO INCOMPLETO;-3;#NE;-3;#NE;-3;#NE;-3;#NE;Obrigatório;2;0;0;0
13/04/2021;19:37:12;2012;ES;56057;ALFREDO CHAVES;12;26;1163;;4;FEMININO;3;CASADO;5559;55 a 59 anos                  ;1;ANALFABETO;-3;#NE;-3;#NE;-3;#NE;-3;#NE;Facultativo;1;0;0;0
13/04/2021;19:37:12;2012;ES;56057;ALFREDO CHAVES;12;26;1163;;4;FEMININO;3;CASADO;5559;55 a 59 anos                  ;2;LÊ E ESCREVE;-3;#NE;-3;#NE;-3;#NE;-3;#NE;Obrigatório;3;0;0;0
13/04/2021;19:37:12;2012;ES;56057;ALFREDO CHAVES;12;26;1163;;4;FEMININO;3;CASADO;5559;55 a 59 anos                  ;3;ENSINO FUNDAMENTAL INCOMPLETO;-3;#NE;-3;#NE;-3;#NE;-3;#NE;Obrigatório;2;0;0;0
13/04/2021;19:37:12;2012;ES;56057;ALFREDO CHAVES;12;26;1163;;4;FEMININO;3;CASADO;5559;55 a 59 anos                  ;6;ENSINO MÉDIO COMPLETO;-3;#NE;-3;#NE;-3;#NE;-3;#NE;Obrigatório;1;0;0;0
13/04/2021;19:37:12;2012;ES;56057;ALFREDO CHAVES;12;26;1163;;4;FEMININO;3;CASADO;5559;55 a 59 anos                  ;8;SUPERIOR COMPLETO;-3;#NE;-3;#NE;-3;#NE;-3;#NE;Obrigatório;1;0;0;0
13/04/2021;19:37:12;2012;ES;56057;ALFREDO CHAVES;12;26;1163;;4;FEMININO;3;CASADO;6064;60 a 64 anos                  ;1;ANALFABETO;-3;#NE;-3;#NE;-3;#NE;-3;#NE;Facultativo;2;0;0;0
13/04/2021;19:37:12;2012;ES;56057;ALFREDO CHAVES;12;26;1163;;4;FEMININO;3;CASADO;6064;60 a 64 anos                  ;2;LÊ E ESCREVE;-3;#NE;-3;#NE;-3;#NE;-3;#NE;Obrigatório;1;0;0;0
13/04/2021;19:37:12;2012;ES;56057;ALFREDO CHAVES;12;26;1163;;4;FEMININO;3;CASADO;6569;65 a 69 anos                  ;1;ANALFABETO;-3;#NE;-3;#NE;-3;#NE;-3;#NE;Facultativo;1;0;0;0
13/04/2021;19:37:12;2012;ES;56057;ALFREDO CHAVES;12;26;1163;;4;FEMININO;3;CASADO;6569;65 a 69 anos                  ;3;ENSINO FUNDAMENTAL INCOMPLETO;-3;#NE;-3;#NE;-3;#NE;-3;#NE;Obrigatório;1;0;0;0
13/04/2021;19:37:12;2012;ES;56057;ALFREDO CHAVES;12;26;1163;;4;FEMININO;3;CASADO;6569;65 a 69 anos                  ;6;ENSINO MÉDIO COMPLETO;-3;#NE;-3;#NE;-3;#NE;-3;#NE;Obrigatório;1;0;0;0
13/04/2021;19:37:12;2012;ES;56057;ALFREDO CHAVES;12;26;1163;;4;FEMININO;3;CASADO;7074;70 a 74 anos                  ;1;ANALFABETO;-3;#NE;-3;#NE;-3;#NE;-3;#NE;Facultativo;4;0;0;0
13/04/2021;19:37:12;2012;ES;56057;ALFREDO CHAVES;12;26;1163;;4;FEMININO;3;CASADO;7579;75 a 79 anos                  ;2;LÊ E ESCREVE;-3;#NE;-3;#NE;-3;#NE;-3;#NE;Facultativo;1;0;0;0
13/04/2021;19:37:12;2012;ES;56057;ALFREDO CHAVES;12;26;1163;;4;FEMININO;3;CASADO;7579;75 a 79 anos                  ;3;ENSINO FUNDAMENTAL INCOMPLETO;-3;#NE;-3;#NE;-3;#NE;-3;#NE;Facultativo;1;0;0;0
13/04/2021;19:37:12;2012;ES;56057;ALFREDO CHAVES;12;26;1163;;4;FEMININO;3;CASADO;8084;80 a 84 anos                  ;1;ANALFABETO;-3;#NE;-3;#NE;-3;#NE;-3;#NE;Facultativo;1;0;0;0
13/04/2021;19:37:12;2012;ES;56057;ALFREDO CHAVES;12;26;1163;;4;FEMININO;3;CASADO;8589;85 a 89 anos                  ;1;ANALFABETO;-3;#NE;-3;#NE;-3;#NE;-3;#NE;Facultativo;1;0;0;0
13/04/2021;19:37:12;2012;ES;56057;ALFREDO CHAVES;12;26;1163;;4;FEMININO;5;VIÚVO;6569;65 a 69 anos                  ;4;ENSINO FUNDAMENTAL COMPLETO;-3;#NE;-3;#NE;-3;#NE;-3;#NE;Obrigatório;1;0;0;0
13/04/2021;19:37:12;2012;ES;56057;ALFREDO CHAVES;12;26;1163;;4;FEMININO;5;VIÚVO;7074;70 a 74 anos                  ;1;ANALFABETO;-3;#NE;-3;#NE;-3;#NE;-3;#NE;Facultativo;1;0;0;0
13/04/2021;19:37:12;2012;ES;56057;ALFREDO CHAVES;12;27;1171;;2;MASCULINO;1;SOLTEIRO;1600;16 anos                       ;5;ENSINO MÉDIO INCOMPLETO;-3;#NE;-3;#NE;-3;#NE;-3;#NE;Facultativo;1;0;0;0
13/04/2021;19:37:12;2012;ES;56057;ALFREDO CHAVES;12;27;1171;;2;MASCULINO;1;SOLTEIRO;1700;17 anos                       ;3;ENSINO FUNDAMENTAL INCOMPLETO;-3;#NE;-3;#NE;-3;#NE;-3;#NE;Facultativo;1;0;0;0
13/04/2021;19:37:12;2012;ES;56057;ALFREDO CHAVES;12;27;1171;;2;MASCULINO;1;SOLTEIRO;1800;18 anos                       ;3;ENSINO FUNDAMENTAL INCOMPLETO;-3;#NE;-3;#NE;-3;#NE;-3;#NE;Obrigatório;1;0;0;0
13/04/2021;19:37:12;2012;ES;56057;ALFREDO CHAVES;12;27;1171;;2;MASCULINO;1;SOLTEIRO;2000;20 anos                       ;3;ENSINO FUNDAMENTAL INCOMPLETO;-3;#NE;-3;#NE;-3;#NE;-3;#NE;Obrigatório;1;0;0;0
13/04/2021;19:37:12;2012;ES;56057;ALFREDO CHAVES;12;27;1171;;2;MASCULINO;1;SOLTEIRO;2000;20 anos                       ;5;ENSINO MÉDIO INCOMPLETO;-3;#NE;-3;#NE;-3;#NE;-3;#NE;Obrigatório;3;0;0;0
13/04/2021;19:37:12;2012;ES;56057;ALFREDO CHAVES;12;27;1171;;2;MASCULINO;1;SOLTEIRO;2124;21 a 24 anos                  ;3;ENSINO FUNDAMENTAL INCOMPLETO;-3;#NE;-3;#NE;-3;#NE;-3;#NE;Obrigatório;4;0;0;0
13/04/2021;19:37:12;2012;ES;56057;ALFREDO CHAVES;12;27;1171;;2;MASCULINO;1;SOLTEIRO;2124;21 a 24 anos                  ;4;ENSINO FUNDAMENTAL COMPLETO;-3;#NE;-3;#NE;-3;#NE;-3;#NE;Obrigatório;4;0;0;0
13/04/2021;19:37:12;2012;ES;56057;ALFREDO CHAVES;12;27;1171;;2;MASCULINO;1;SOLTEIRO;2124;21 a 24 anos                  ;5;ENSINO MÉDIO INCOMPLETO;-3;#NE;-3;#NE;-3;#NE;-3;#NE;Obrigatório;14;0;0;0
13/04/2021;19:37:12;2012;ES;56057;ALFREDO CHAVES;12;27;1171;;2;MASCULINO;1;SOLTEIRO;2124;21 a 24 anos                  ;7;SUPERIOR INCOMPLETO;-3;#NE;-3;#NE;-3;#NE;-3;#NE;Obrigatório;1;0;0;0
13/04/2021;19:37:12;2012;ES;56057;ALFREDO CHAVES;12;27;1171;;2;MASCULINO;1;SOLTEIRO;2529;25 a 29 anos                  ;3;ENSINO FUNDAMENTAL INCOMPLETO;-3;#NE;-3;#NE;-3;#NE;-3;#NE;Obrigatório;4;0;0;0
13/04/2021;19:37:12;2012;ES;56057;ALFREDO CHAVES;12;27;1171;;2;MASCULINO;1;SOLTEIRO;2529;25 a 29 anos                  ;4;ENSINO FUNDAMENTAL COMPLETO;-3;#NE;-3;#NE;-3;#NE;-3;#NE;Obrigatório;2;0;0;0
13/04/2021;19:37:12;2012;ES;56057;ALFREDO CHAVES;12;27;1171;;2;MASCULINO;1;SOLTEIRO;2529;25 a 29 anos                  ;5;ENSINO MÉDIO INCOMPLETO;-3;#NE;-3;#NE;-3;#NE;-3;#NE;Obrigatório;7;0;0;0
13/04/2021;19:37:12;2012;ES;56057;ALFREDO CHAVES;12;27;1171;;2;MASCULINO;1;SOLTEIRO;2529;25 a 29 anos                  ;8;SUPERIOR COMPLETO;-3;#NE;-3;#NE;-3;#NE;-3;#NE;Obrigatório;1;0;0;0
13/04/2021;19:37:12;2012;ES;56057;ALFREDO CHAVES;12;27;1171;;2;MASCULINO;1;SOLTEIRO;3034;30 a 34 anos                  ;3;ENSINO FUNDAMENTAL INCOMPLETO;-3;#NE;-3;#NE;-3;#NE;-3;#NE;Obrigatório;4;0;0;0
13/04/2021;19:37:12;2012;ES;56057;ALFREDO CHAVES;12;27;1171;;2;MASCULINO;1;SOLTEIRO;3034;30 a 34 anos                  ;5;ENSINO MÉDIO INCOMPLETO;-3;#NE;-3;#NE;-3;#NE;-3;#NE;Obrigatório;5;0;0;0
13/04/2021;19:37:12;2012;ES;56057;ALFREDO CHAVES;12;27;1171;;2;MASCULINO;1;SOLTEIRO;3539;35 a 39 anos                  ;3;ENSINO FUNDAMENTAL INCOMPLETO;-3;#NE;-3;#NE;-3;#NE;-3;#NE;Obrigatório;2;0;0;0
13/04/2021;19:37:12;2012;ES;56057;ALFREDO CHAVES;12;27;1171;;2;MASCULINO;1;SOLTEIRO;3539;35 a 39 anos                  ;4;ENSINO FUNDAMENTAL COMPLETO;-3;#NE;-3;#NE;-3;#NE;-3;#NE;Obrigatório;1;0;0;0
13/04/2021;19:37:12;2012;ES;56057;ALFREDO CHAVES;12;27;1171;;2;MASCULINO;1;SOLTEIRO;3539;35 a 39 anos                  ;5;ENSINO MÉDIO INCOMPLETO;-3;#NE;-3;#NE;-3;#NE;-3;#NE;Obrigatório;1;0;0;0
13/04/2021;19:37:12;2012;ES;56057;ALFREDO CHAVES;12;27;1171;;2;MASCULINO;1;SOLTEIRO;4044;40 a 44 anos                  ;1;ANALFABETO;-3;#NE;-3;#NE;-3;#NE;-3;#NE;Facultativo;1;0;0;0
13/04/2021;19:37:12;2012;ES;56057;ALFREDO CHAVES;12;27;1171;;2;MASCULINO;1;SOLTEIRO;4044;40 a 44 anos                  ;2;LÊ E ESCREVE;-3;#NE;-3;#NE;-3;#NE;-3;#NE;Obrigatório;1;0;0;0
13/04/2021;19:37:12;2012;ES;56057;ALFREDO CHAVES;12;27;1171;;2;MASCULINO;1;SOLTEIRO;4044;40 a 44 anos                  ;3;ENSINO FUNDAMENTAL INCOMPLETO;-3;#NE;-3;#NE;-3;#NE;-3;#NE;Obrigatório;13;0;0;0
13/04/2021;19:37:12;2012;ES;56057;ALFREDO CHAVES;12;27;1171;;2;MASCULINO;1;SOLTEIRO;4044;40 a 44 anos                  ;5;ENSINO MÉDIO INCOMPLETO;-3;#NE;-3;#NE;-3;#NE;-3;#NE;Obrigatório;7;0;0;0
13/04/2021;19:37:12;2012;ES;56057;ALFREDO CHAVES;12;27;1171;;2;MASCULINO;1;SOLTEIRO;4044;40 a 44 anos                  ;6;ENSINO MÉDIO COMPLETO;-3;#NE;-3;#NE;-3;#NE;-3;#NE;Obrigatório;8;0;0;0
13/04/2021;19:37:12;2012;ES;56057;ALFREDO CHAVES;12;27;1171;;2;MASCULINO;1;SOLTEIRO;4044;40 a 44 anos                  ;7;SUPERIOR INCOMPLETO;-3;#NE;-3;#NE;-3;#NE;-3;#NE;Obrigatório;1;0;0;0
13/04/2021;19:37:12;2012;ES;56057;ALFREDO CHAVES;12;27;1171;;2;MASCULINO;1;SOLTEIRO;4549;45 a 49 anos                  ;3;ENSINO FUNDAMENTAL INCOMPLETO;-3;#NE;-3;#NE;-3;#NE;-3;#NE;Obrigatório;5;0;0;0
13/04/2021;19:37:12;2012;ES;56057;ALFREDO CHAVES;12;27;1171;;2;MASCULINO;1;SOLTEIRO;4549;45 a 49 anos                  ;4;ENSINO FUNDAMENTAL COMPLETO;-3;#NE;-3;#NE;-3;#NE;-3;#NE;Obrigatório;5;0;0;0
13/04/2021;19:37:12;2012;ES;56057;ALFREDO CHAVES;12;27;1171;;2;MASCULINO;1;SOLTEIRO;4549;45 a 49 anos                  ;5;ENSINO MÉDIO INCOMPLETO;-3;#NE;-3;#NE;-3;#NE;-3;#NE;Obrigatório;1;0;0;0
13/04/2021;19:37:12;2012;ES;56057;ALFREDO CHAVES;12;27;1171;;2;MASCULINO;1;SOLTEIRO;4549;45 a 49 anos                  ;6;ENSINO MÉDIO COMPLETO;-3;#NE;-3;#NE;-3;#NE;-3;#NE;Obrigatório;5;0;0;0
13/04/2021;19:37:12;2012;ES;56057;ALFREDO CHAVES;12;27;1171;;2;MASCULINO;1;SOLTEIRO;5054;50 a 54 anos                  ;5;ENSINO MÉDIO INCOMPLETO;-3;#NE;-3;#NE;-3;#NE;-3;#NE;Obrigatório;2;0;0;0
13/04/2021;19:37:12;2012;ES;56057;ALFREDO CHAVES;12;27;1171;;2;MASCULINO;1;SOLTEIRO;5054;50 a 54 anos                  ;6;ENSINO MÉDIO COMPLETO;-3;#NE;-3;#NE;-3;#NE;-3;#NE;Obrigatório;2;0;0;0
13/04/2021;19:37:12;2012;ES;56057;ALFREDO CHAVES;12;27;1171;;2;MASCULINO;1;SOLTEIRO;5559;55 a 59 anos                  ;1;ANALFABETO;-3;#NE;-3;#NE;-3;#NE;-3;#NE;Facultativo;1;0;0;0
13/04/2021;19:37:12;2012;ES;56057;ALFREDO CHAVES;12;27;1171;;2;MASCULINO;1;SOLTEIRO;5559;55 a 59 anos                  ;8;SUPERIOR COMPLETO;-3;#NE;-3;#NE;-3;#NE;-3;#NE;Obrigatório;1;0;0;0
13/04/2021;19:37:12;2012;ES;56057;ALFREDO CHAVES;12;27;1171;;2;MASCULINO;1;SOLTEIRO;6569;65 a 69 anos                  ;3;ENSINO FUNDAMENTAL INCOMPLETO;-3;#NE;-3;#NE;-3;#NE;-3;#NE;Obrigatório;2;0;0;0
13/04/2021;19:37:12;2012;ES;56057;ALFREDO CHAVES;12;28;1074;;4;FEMININO;3;CASADO;6569;65 a 69 anos                  ;3;ENSINO FUNDAMENTAL INCOMPLETO;-3;#NE;-3;#NE;-3;#NE;-3;#NE;Obrigatório;2;0;0;0
13/04/2021;19:37:12;2012;ES;56057;ALFREDO CHAVES;12;28;1074;;4;FEMININO;3;CASADO;7074;70 a 74 anos                  ;1;ANALFABETO;-3;#NE;-3;#NE;-3;#NE;-3;#NE;Facultativo;1;0;0;0
13/04/2021;19:37:12;2012;ES;56057;ALFREDO CHAVES;12;28;1074;;4;FEMININO;3;CASADO;8084;80 a 84 anos                  ;2;LÊ E ESCREVE;-3;#NE;-3;#NE;-3;#NE;-3;#NE;Facultativo;1;0;0;0
13/04/2021;19:37:12;2012;ES;56057;ALFREDO CHAVES;12;28;1074;;4;FEMININO;5;VIÚVO;5054;50 a 54 anos                  ;3;ENSINO FUNDAMENTAL INCOMPLETO;-3;#NE;-3;#NE;-3;#NE;-3;#NE;Obrigatório;1;0;0;0
13/04/2021;19:37:12;2012;ES;56057;ALFREDO CHAVES;12;28;1074;;4;FEMININO;5;VIÚVO;5559;55 a 59 anos                  ;3;ENSINO FUNDAMENTAL INCOMPLETO;-3;#NE;-3;#NE;-3;#NE;-3;#NE;Obrigatório;1;0;0;0
13/04/2021;19:37:12;2012;ES;56057;ALFREDO CHAVES;12;28;1074;;4;FEMININO;5;VIÚVO;6569;65 a 69 anos                  ;5;ENSINO MÉDIO INCOMPLETO;-3;#NE;-3;#NE;-3;#NE;-3;#NE;Obrigatório;1;0;0;0
13/04/2021;19:37:12;2012;ES;56057;ALFREDO CHAVES;12;28;1074;;4;FEMININO;5;VIÚVO;7579;75 a 79 anos                  ;2;LÊ E ESCREVE;-3;#NE;-3;#NE;-3;#NE;-3;#NE;Facultativo;1;0;0;0
13/04/2021;19:37:12;2012;ES;56057;ALFREDO CHAVES;12;28;1074;;4;FEMININO;5;VIÚVO;7579;75 a 79 anos                  ;3;ENSINO FUNDAMENTAL INCOMPLETO;-3;#NE;-3;#NE;-3;#NE;-3;#NE;Facultativo;1;0;0;0
13/04/2021;19:37:12;2012;ES;56057;ALFREDO CHAVES;12;28;1074;;4;FEMININO;5;VIÚVO;8589;85 a 89 anos                  ;2;LÊ E ESCREVE;-3;#NE;-3;#NE;-3;#NE;-3;#NE;Facultativo;1;0;0;0
13/04/2021;19:37:12;2012;ES;56057;ALFREDO CHAVES;12;28;1074;;4;FEMININO;7;SEPARADO JUDICIALMENTE;5054;50 a 54 anos                  ;8;SUPERIOR COMPLETO;-3;#NE;-3;#NE;-3;#NE;-3;#NE;Obrigatório;1;0;0;0
13/04/2021;19:37:12;2012;ES;56057;ALFREDO CHAVES;12;29;1147;;2;MASCULINO;1;SOLTEIRO;1600;16 anos                       ;3;ENSINO FUNDAMENTAL INCOMPLETO;-3;#NE;-3;#NE;-3;#NE;-3;#NE;Facultativo;2;0;0;0
13/04/2021;19:37:12;2012;ES;56057;ALFREDO CHAVES;12;29;1147;;2;MASCULINO;1;SOLTEIRO;1700;17 anos                       ;3;ENSINO FUNDAMENTAL INCOMPLETO;-3;#NE;-3;#NE;-3;#NE;-3;#NE;Facultativo;1;0;0;0
13/04/2021;19:37:12;2012;ES;56057;ALFREDO CHAVES;12;29;1147;;2;MASCULINO;1;SOLTEIRO;1700;17 anos                       ;5;ENSINO MÉDIO INCOMPLETO;-3;#NE;-3;#NE;-3;#NE;-3;#NE;Facultativo;3;0;0;0
13/04/2021;19:37:12;2012;ES;56057;ALFREDO CHAVES;12;29;1147;;2;MASCULINO;1;SOLTEIRO;1900;19 anos                       ;3;ENSINO FUNDAMENTAL INCOMPLETO;-3;#NE;-3;#NE;-3;#NE;-3;#NE;Obrigatório;1;0;0;0
13/04/2021;19:37:12;2012;ES;56057;ALFREDO CHAVES;12;29;1147;;2;MASCULINO;1;SOLTEIRO;1900;19 anos                       ;5;ENSINO MÉDIO INCOMPLETO;-3;#NE;-3;#NE;-3;#NE;-3;#NE;Obrigatório;1;0;0;0
13/04/2021;19:37:12;2012;ES;56057;ALFREDO CHAVES;12;29;1147;;2;MASCULINO;1;SOLTEIRO;1900;19 anos                       ;6;ENSINO MÉDIO COMPLETO;-3;#NE;-3;#NE;-3;#NE;-3;#NE;Obrigatório;2;0;0;0
13/04/2021;19:37:12;2012;ES;56057;ALFREDO CHAVES;12;29;1147;;2;MASCULINO;1;SOLTEIRO;2000;20 anos                       ;4;ENSINO FUNDAMENTAL COMPLETO;-3;#NE;-3;#NE;-3;#NE;-3;#NE;Obrigatório;1;0;0;0
13/04/2021;19:37:12;2012;ES;56057;ALFREDO CHAVES;12;29;1147;;2;MASCULINO;1;SOLTEIRO;2000;20 anos                       ;5;ENSINO MÉDIO INCOMPLETO;-3;#NE;-3;#NE;-3;#NE;-3;#NE;Obrigatório;2;0;0;0
13/04/2021;19:37:12;2012;ES;56057;ALFREDO CHAVES;12;29;1147;;2;MASCULINO;1;SOLTEIRO;2124;21 a 24 anos                  ;3;ENSINO FUNDAMENTAL INCOMPLETO;-3;#NE;-3;#NE;-3;#NE;-3;#NE;Obrigatório;6;0;0;0
13/04/2021;19:37:12;2012;ES;56057;ALFREDO CHAVES;12;29;1147;;2;MASCULINO;1;SOLTEIRO;2124;21 a 24 anos                  ;5;ENSINO MÉDIO INCOMPLETO;-3;#NE;-3;#NE;-3;#NE;-3;#NE;Obrigatório;5;0;0;0
13/04/2021;19:37:12;2012;ES;56057;ALFREDO CHAVES;12;29;1147;;2;MASCULINO;1;SOLTEIRO;2529;25 a 29 anos                  ;4;ENSINO FUNDAMENTAL COMPLETO;-3;#NE;-3;#NE;-3;#NE;-3;#NE;Obrigatório;2;0;0;0
13/04/2021;19:37:12;2012;ES;56057;ALFREDO CHAVES;12;29;1147;;2;MASCULINO;1;SOLTEIRO;2529;25 a 29 anos                  ;5;ENSINO MÉDIO INCOMPLETO;-3;#NE;-3;#NE;-3;#NE;-3;#NE;Obrigatório;1;0;0;0
13/04/2021;19:37:12;2012;ES;56057;ALFREDO CHAVES;12;29;1147;;2;MASCULINO;1;SOLTEIRO;2529;25 a 29 anos                  ;6;ENSINO MÉDIO COMPLETO;-3;#NE;-3;#NE;-3;#NE;-3;#NE;Obrigatório;1;0;0;0
13/04/2021;19:37:12;2012;ES;56057;ALFREDO CHAVES;12;29;1147;;2;MASCULINO;1;SOLTEIRO;3034;30 a 34 anos                  ;4;ENSINO FUNDAMENTAL COMPLETO;-3;#NE;-3;#NE;-3;#NE;-3;#NE;Obrigatório;2;0;0;0
13/04/2021;19:37:12;2012;ES;56057;ALFREDO CHAVES;12;29;1147;;2;MASCULINO;1;SOLTEIRO;3034;30 a 34 anos                  ;8;SUPERIOR COMPLETO;-3;#NE;-3;#NE;-3;#NE;-3;#NE;Obrigatório;1;0;0;0
13/04/2021;19:37:12;2012;ES;56057;ALFREDO CHAVES;12;29;1147;;2;MASCULINO;1;SOLTEIRO;3539;35 a 39 anos                  ;3;ENSINO FUNDAMENTAL INCOMPLETO;-3;#NE;-3;#NE;-3;#NE;-3;#NE;Obrigatório;21;0;0;0
13/04/2021;19:37:12;2012;ES;56057;ALFREDO CHAVES;12;29;1147;;2;MASCULINO;1;SOLTEIRO;3539;35 a 39 anos                  ;6;ENSINO MÉDIO COMPLETO;-3;#NE;-3;#NE;-3;#NE;-3;#NE;Obrigatório;1;0;0;0
13/04/2021;19:37:12;2012;ES;56057;ALFREDO CHAVES;12;29;1147;;2;MASCULINO;1;SOLTEIRO;4044;40 a 44 anos                  ;3;ENSINO FUNDAMENTAL INCOMPLETO;-3;#NE;-3;#NE;-3;#NE;-3;#NE;Obrigatório;8;0;0;0
13/04/2021;19:37:12;2012;ES;56057;ALFREDO CHAVES;12;29;1147;;2;MASCULINO;1;SOLTEIRO;4044;40 a 44 anos                  ;4;ENSINO FUNDAMENTAL COMPLETO;-3;#NE;-3;#NE;-3;#NE;-3;#NE;Obrigatório;1;0;0;0
13/04/2021;19:37:12;2012;ES;56057;ALFREDO CHAVES;12;29;1147;;2;MASCULINO;1;SOLTEIRO;6064;60 a 64 anos                  ;3;ENSINO FUNDAMENTAL INCOMPLETO;-3;#NE;-3;#NE;-3;#NE;-3;#NE;Obrigatório;1;0;0;0
13/04/2021;19:37:12;2012;ES;56057;ALFREDO CHAVES;12;29;1147;;2;MASCULINO;3;CASADO;3034;30 a 34 anos                  ;3;ENSINO FUNDAMENTAL INCOMPLETO;-3;#NE;-3;#NE;-3;#NE;-3;#NE;Obrigatório;4;0;0;0
13/04/2021;19:37:12;2012;ES;56057;ALFREDO CHAVES;12;29;1147;;2;MASCULINO;3;CASADO;3034;30 a 34 anos                  ;6;ENSINO MÉDIO COMPLETO;-3;#NE;-3;#NE;-3;#NE;-3;#NE;Obrigatório;1;0;0;0
13/04/2021;19:37:12;2012;ES;56057;ALFREDO CHAVES;12;29;1147;;2;MASCULINO;3;CASADO;3539;35 a 39 anos                  ;3;ENSINO FUNDAMENTAL INCOMPLETO;-3;#NE;-3;#NE;-3;#NE;-3;#NE;Obrigatório;4;0;0;0
13/04/2021;19:37:12;2012;ES;56057;ALFREDO CHAVES;12;29;1147;;2;MASCULINO;3;CASADO;3539;35 a 39 anos                  ;4;ENSINO FUNDAMENTAL COMPLETO;-3;#NE;-3;#NE;-3;#NE;-3;#NE;Obrigatório;1;0;0;0
13/04/2021;19:37:12;2012;ES;56057;ALFREDO CHAVES;12;29;1147;;2;MASCULINO;3;CASADO;3539;35 a 39 anos                  ;5;ENSINO MÉDIO INCOMPLETO;-3;#NE;-3;#NE;-3;#NE;-3;#NE;Obrigatório;1;0;0;0
13/04/2021;19:37:12;2012;ES;56057;ALFREDO CHAVES;12;29;1147;;2;MASCULINO;3;CASADO;4044;40 a 44 anos                  ;3;ENSINO FUNDAMENTAL INCOMPLETO;-3;#NE;-3;#NE;-3;#NE;-3;#NE;Obrigatório;7;0;0;0
13/04/2021;19:37:12;2012;ES;56057;ALFREDO CHAVES;12;29;1147;;2;MASCULINO;3;CASADO;4549;45 a 49 anos                  ;3;ENSINO FUNDAMENTAL INCOMPLETO;-3;#NE;-3;#NE;-3;#NE;-3;#NE;Obrigatório;2;0;0;0
13/04/2021;19:37:12;2012;ES;56057;ALFREDO CHAVES;12;29;1147;;2;MASCULINO;3;CASADO;5054;50 a 54 anos                  ;3;ENSINO FUNDAMENTAL INCOMPLETO;-3;#NE;-3;#NE;-3;#NE;-3;#NE;Obrigatório;2;0;0;0
13/04/2021;19:37:12;2012;ES;56057;ALFREDO CHAVES;12;29;1147;;2;MASCULINO;3;CASADO;5559;55 a 59 anos                  ;3;ENSINO FUNDAMENTAL INCOMPLETO;-3;#NE;-3;#NE;-3;#NE;-3;#NE;Obrigatório;1;0;0;0
13/04/2021;19:37:12;2012;ES;56057;ALFREDO CHAVES;12;29;1147;;2;MASCULINO;3;CASADO;6064;60 a 64 anos                  ;1;ANALFABETO;-3;#NE;-3;#NE;-3;#NE;-3;#NE;Facultativo;1;0;0;0
13/04/2021;19:37:12;2012;ES;56057;ALFREDO CHAVES;12;29;1147;;2;MASCULINO;3;CASADO;6064;60 a 64 anos                  ;3;ENSINO FUNDAMENTAL INCOMPLETO;-3;#NE;-3;#NE;-3;#NE;-3;#NE;Obrigatório;1;0;0;0
13/04/2021;19:37:12;2012;ES;56057;ALFREDO CHAVES;12;29;1147;;2;MASCULINO;3;CASADO;6064;60 a 64 anos                  ;8;SUPERIOR COMPLETO;-3;#NE;-3;#NE;-3;#NE;-3;#NE;Obrigatório;3;0;0;0
13/04/2021;19:37:12;2012;ES;56057;ALFREDO CHAVES;12;29;1147;;2;MASCULINO;3;CASADO;6569;65 a 69 anos                  ;1;ANALFABETO;-3;#NE;-3;#NE;-3;#NE;-3;#NE;Facultativo;1;0;0;0
13/04/2021;19:37:12;2012;ES;56057;ALFREDO CHAVES;12;29;1147;;2;MASCULINO;3;CASADO;6569;65 a 69 anos                  ;3;ENSINO FUNDAMENTAL INCOMPLETO;-3;#NE;-3;#NE;-3;#NE;-3;#NE;Obrigatório;1;0;0;0
13/04/2021;19:37:12;2012;ES;56057;ALFREDO CHAVES;12;29;1147;;2;MASCULINO;3;CASADO;6569;65 a 69 anos                  ;8;SUPERIOR COMPLETO;-3;#NE;-3;#NE;-3;#NE;-3;#NE;Obrigatório;1;0;0;0
13/04/2021;19:37:12;2012;ES;56057;ALFREDO CHAVES;12;29;1147;;4;FEMININO;1;SOLTEIRO;1600;16 anos                       ;5;ENSINO MÉDIO INCOMPLETO;-3;#NE;-3;#NE;-3;#NE;-3;#NE;Facultativo;1;0;0;0
13/04/2021;19:37:12;2012;ES;56057;ALFREDO CHAVES;12;29;1147;;4;FEMININO;1;SOLTEIRO;1700;17 anos                       ;4;ENSINO FUNDAMENTAL COMPLETO;-3;#NE;-3;#NE;-3;#NE;-3;#NE;Facultativo;1;0;0;0
13/04/2021;19:37:12;2012;ES;56057;ALFREDO CHAVES;12;29;1147;;4;FEMININO;1;SOLTEIRO;1700;17 anos                       ;5;ENSINO MÉDIO INCOMPLETO;-3;#NE;-3;#NE;-3;#NE;-3;#NE;Facultativo;4;0;0;0
13/04/2021;19:37:12;2012;ES;56057;ALFREDO CHAVES;12;29;1147;;4;FEMININO;1;SOLTEIRO;1800;18 anos                       ;5;ENSINO MÉDIO INCOMPLETO;-3;#NE;-3;#NE;-3;#NE;-3;#NE;Obrigatório;1;0;0;0
13/04/2021;19:37:12;2012;ES;56057;ALFREDO CHAVES;12;29;1147;;4;FEMININO;1;SOLTEIRO;1800;18 anos                       ;7;SUPERIOR INCOMPLETO;-3;#NE;-3;#NE;-3;#NE;-3;#NE;Obrigatório;1;0;0;0
13/04/2021;19:37:12;2012;ES;56057;ALFREDO CHAVES;12;29;1147;;4;FEMININO;1;SOLTEIRO;1900;19 anos                       ;6;ENSINO MÉDIO COMPLETO;-3;#NE;-3;#NE;-3;#NE;-3;#NE;Obrigatório;1;0;0;0
13/04/2021;19:37:12;2012;ES;56057;ALFREDO CHAVES;12;29;1147;;4;FEMININO;1;SOLTEIRO;2000;20 anos                       ;3;ENSINO FUNDAMENTAL INCOMPLETO;-3;#NE;-3;#NE;-3;#NE;-3;#NE;Obrigatório;1;0;0;0
13/04/2021;19:37:12;2012;ES;56057;ALFREDO CHAVES;12;29;1147;;4;FEMININO;1;SOLTEIRO;2000;20 anos                       ;5;ENSINO MÉDIO INCOMPLETO;-3;#NE;-3;#NE;-3;#NE;-3;#NE;Obrigatório;3;0;0;0
13/04/2021;19:37:12;2012;ES;56057;ALFREDO CHAVES;12;29;1147;;4;FEMININO;1;SOLTEIRO;2000;20 anos                       ;6;ENSINO MÉDIO COMPLETO;-3;#NE;-3;#NE;-3;#NE;-3;#NE;Obrigatório;1;0;0;0
13/04/2021;19:37:12;2012;ES;56057;ALFREDO CHAVES;12;29;1147;;4;FEMININO;1;SOLTEIRO;2124;21 a 24 anos                  ;3;ENSINO FUNDAMENTAL INCOMPLETO;-3;#NE;-3;#NE;-3;#NE;-3;#NE;Obrigatório;9;0;0;0
13/04/2021;19:37:12;2012;ES;56057;ALFREDO CHAVES;12;29;1147;;4;FEMININO;1;SOLTEIRO;2124;21 a 24 anos                  ;4;ENSINO FUNDAMENTAL COMPLETO;-3;#NE;-3;#NE;-3;#NE;-3;#NE;Obrigatório;1;0;0;0
13/04/2021;19:37:12;2012;ES;56057;ALFREDO CHAVES;12;29;1147;;4;FEMININO;1;SOLTEIRO;2124;21 a 24 anos                  ;5;ENSINO MÉDIO INCOMPLETO;-3;#NE;-3;#NE;-3;#NE;-3;#NE;Obrigatório;8;0;0;0
13/04/2021;19:37:12;2012;ES;56057;ALFREDO CHAVES;12;29;1147;;4;FEMININO;1;SOLTEIRO;2124;21 a 24 anos                  ;6;ENSINO MÉDIO COMPLETO;-3;#NE;-3;#NE;-3;#NE;-3;#NE;Obrigatório;3;0;0;0
13/04/2021;19:37:12;2012;ES;56057;ALFREDO CHAVES;12;31;1171;;2;MASCULINO;1;SOLTEIRO;4044;40 a 44 anos                  ;8;SUPERIOR COMPLETO;-3;#NE;-3;#NE;-3;#NE;-3;#NE;Obrigatório;1;0;0;0
13/04/2021;19:37:12;2012;ES;56057;ALFREDO CHAVES;12;31;1171;;2;MASCULINO;1;SOLTEIRO;4549;45 a 49 anos                  ;3;ENSINO FUNDAMENTAL INCOMPLETO;-3;#NE;-3;#NE;-3;#NE;-3;#NE;Obrigatório;3;0;0;0
13/04/2021;19:37:12;2012;ES;56057;ALFREDO CHAVES;12;31;1171;;2;MASCULINO;1;SOLTEIRO;4549;45 a 49 anos                  ;6;ENSINO MÉDIO COMPLETO;-3;#NE;-3;#NE;-3;#NE;-3;#NE;Obrigatório;1;0;0;0
13/04/2021;19:37:12;2012;ES;56057;ALFREDO CHAVES;12;31;1171;;2;MASCULINO;1;SOLTEIRO;5054;50 a 54 anos                  ;1;ANALFABETO;-3;#NE;-3;#NE;-3;#NE;-3;#NE;Facultativo;1;0;0;0
13/04/2021;19:37:12;2012;ES;56057;ALFREDO CHAVES;12;31;1171;;2;MASCULINO;1;SOLTEIRO;5054;50 a 54 anos                  ;3;ENSINO FUNDAMENTAL INCOMPLETO;-3;#NE;-3;#NE;-3;#NE;-3;#NE;Obrigatório;2;0;0;0
13/04/2021;19:37:12;2012;ES;56057;ALFREDO CHAVES;12;31;1171;;2;MASCULINO;1;SOLTEIRO;5054;50 a 54 anos                  ;6;ENSINO MÉDIO COMPLETO;-3;#NE;-3;#NE;-3;#NE;-3;#NE;Obrigatório;1;0;0;0
13/04/2021;19:37:12;2012;ES;56057;ALFREDO CHAVES;12;31;1171;;2;MASCULINO;1;SOLTEIRO;5559;55 a 59 anos                  ;3;ENSINO FUNDAMENTAL INCOMPLETO;-3;#NE;-3;#NE;-3;#NE;-3;#NE;Obrigatório;1;0;0;0
13/04/2021;19:37:12;2012;ES;56057;ALFREDO CHAVES;12;31;1171;;2;MASCULINO;1;SOLTEIRO;5559;55 a 59 anos                  ;4;ENSINO FUNDAMENTAL COMPLETO;-3;#NE;-3;#NE;-3;#NE;-3;#NE;Obrigatório;1;0;0;0
13/04/2021;19:37:12;2012;ES;56057;ALFREDO CHAVES;12;31;1171;;2;MASCULINO;1;SOLTEIRO;6569;65 a 69 anos                  ;8;SUPERIOR COMPLETO;-3;#NE;-3;#NE;-3;#NE;-3;#NE;Obrigatório;1;0;0;0
13/04/2021;19:37:12;2012;ES;56057;ALFREDO CHAVES;12;31;1171;;2;MASCULINO;1;SOLTEIRO;8084;80 a 84 anos                  ;1;ANALFABETO;-3;#NE;-3;#NE;-3;#NE;-3;#NE;Facultativo;1;0;0;0
13/04/2021;19:37:12;2012;ES;56057;ALFREDO CHAVES;12;31;1171;;2;MASCULINO;3;CASADO;3034;30 a 34 anos                  ;3;ENSINO FUNDAMENTAL INCOMPLETO;-3;#NE;-3;#NE;-3;#NE;-3;#NE;Obrigatório;1;0;0;0
13/04/2021;19:37:12;2012;ES;56057;ALFREDO CHAVES;12;31;1171;;2;MASCULINO;3;CASADO;3034;30 a 34 anos                  ;6;ENSINO MÉDIO COMPLETO;-3;#NE;-3;#NE;-3;#NE;-3;#NE;Obrigatório;3;0;0;0
13/04/2021;19:37:12;2012;ES;56057;ALFREDO CHAVES;12;31;1171;;2;MASCULINO;3;CASADO;3539;35 a 39 anos                  ;2;LÊ E ESCREVE;-3;#NE;-3;#NE;-3;#NE;-3;#NE;Obrigatório;1;0;0;0
13/04/2021;19:37:12;2012;ES;56057;ALFREDO CHAVES;12;31;1171;;2;MASCULINO;3;CASADO;3539;35 a 39 anos                  ;3;ENSINO FUNDAMENTAL INCOMPLETO;-3;#NE;-3;#NE;-3;#NE;-3;#NE;Obrigatório;5;0;0;0
13/04/2021;19:37:12;2012;ES;56057;ALFREDO CHAVES;12;31;1171;;2;MASCULINO;3;CASADO;3539;35 a 39 anos                  ;4;ENSINO FUNDAMENTAL COMPLETO;-3;#NE;-3;#NE;-3;#NE;-3;#NE;Obrigatório;1;0;0;0
13/04/2021;19:37:12;2012;ES;56057;ALFREDO CHAVES;12;31;1171;;2;MASCULINO;3;CASADO;3539;35 a 39 anos                  ;8;SUPERIOR COMPLETO;-3;#NE;-3;#NE;-3;#NE;-3;#NE;Obrigatório;1;0;0;0
13/04/2021;19:37:12;2012;ES;56057;ALFREDO CHAVES;12;31;1171;;2;MASCULINO;3;CASADO;4044;40 a 44 anos                  ;3;ENSINO FUNDAMENTAL INCOMPLETO;-3;#NE;-3;#NE;-3;#NE;-3;#NE;Obrigatório;3;0;0;0
13/04/2021;19:37:12;2012;ES;56057;ALFREDO CHAVES;12;31;1171;;2;MASCULINO;3;CASADO;4044;40 a 44 anos                  ;4;ENSINO FUNDAMENTAL COMPLETO;-3;#NE;-3;#NE;-3;#NE;-3;#NE;Obrigatório;1;0;0;0
13/04/2021;19:37:12;2012;ES;56057;ALFREDO CHAVES;12;31;1171;;2;MASCULINO;3;CASADO;4549;45 a 49 anos                  ;3;ENSINO FUNDAMENTAL INCOMPLETO;-3;#NE;-3;#NE;-3;#NE;-3;#NE;Obrigatório;5;0;0;0
13/04/2021;19:37:12;2012;ES;56057;ALFREDO CHAVES;12;31;1171;;2;MASCULINO;3;CASADO;4549;45 a 49 anos                  ;4;ENSINO FUNDAMENTAL COMPLETO;-3;#NE;-3;#NE;-3;#NE;-3;#NE;Obrigatório;2;0;0;0
13/04/2021;19:37:12;2012;ES;56057;ALFREDO CHAVES;12;31;1171;;2;MASCULINO;3;CASADO;4549;45 a 49 anos                  ;6;ENSINO MÉDIO COMPLETO;-3;#NE;-3;#NE;-3;#NE;-3;#NE;Obrigatório;2;0;0;0
13/04/2021;19:37:12;2012;ES;56057;ALFREDO CHAVES;12;31;1171;;2;MASCULINO;3;CASADO;5054;50 a 54 anos                  ;2;LÊ E ESCREVE;-3;#NE;-3;#NE;-3;#NE;-3;#NE;Obrigatório;1;0;0;0
13/04/2021;19:37:12;2012;ES;56057;ALFREDO CHAVES;12;31;1171;;2;MASCULINO;3;CASADO;5054;50 a 54 anos                  ;4;ENSINO FUNDAMENTAL COMPLETO;-3;#NE;-3;#NE;-3;#NE;-3;#NE;Obrigatório;2;0;0;0
13/04/2021;19:37:12;2012;ES;56057;ALFREDO CHAVES;12;31;1171;;2;MASCULINO;3;CASADO;5559;55 a 59 anos                  ;3;ENSINO FUNDAMENTAL INCOMPLETO;-3;#NE;-3;#NE;-3;#NE;-3;#NE;Obrigatório;2;0;0;0
13/04/2021;19:37:12;2012;ES;56057;ALFREDO CHAVES;12;31;1171;;2;MASCULINO;3;CASADO;5559;55 a 59 anos                  ;6;ENSINO MÉDIO COMPLETO;-3;#NE;-3;#NE;-3;#NE;-3;#NE;Obrigatório;1;0;0;0
13/04/2021;19:37:12;2012;ES;56057;ALFREDO CHAVES;12;31;1171;;2;MASCULINO;3;CASADO;6064;60 a 64 anos                  ;2;LÊ E ESCREVE;-3;#NE;-3;#NE;-3;#NE;-3;#NE;Obrigatório;1;0;0;0
13/04/2021;19:37:12;2012;ES;56057;ALFREDO CHAVES;12;31;1171;;2;MASCULINO;3;CASADO;6064;60 a 64 anos                  ;3;ENSINO FUNDAMENTAL INCOMPLETO;-3;#NE;-3;#NE;-3;#NE;-3;#NE;Obrigatório;2;0;0;0
13/04/2021;19:37:12;2012;ES;56057;ALFREDO CHAVES;12;31;1171;;2;MASCULINO;3;CASADO;6569;65 a 69 anos                  ;1;ANALFABETO;-3;#NE;-3;#NE;-3;#NE;-3;#NE;Facultativo;1;0;0;0
13/04/2021;19:37:12;2012;ES;56057;ALFREDO CHAVES;12;31;1171;;2;MASCULINO;3;CASADO;7074;70 a 74 anos                  ;3;ENSINO FUNDAMENTAL INCOMPLETO;-3;#NE;-3;#NE;-3;#NE;-3;#NE;Facultativo;3;0;0;0
13/04/2021;19:37:12;2012;ES;56057;ALFREDO CHAVES;12;31;1171;;2;MASCULINO;5;VIÚVO;4044;40 a 44 anos                  ;3;ENSINO FUNDAMENTAL INCOMPLETO;-3;#NE;-3;#NE;-3;#NE;-3;#NE;Obrigatório;1;0;0;0
13/04/2021;19:37:12;2012;ES;56057;ALFREDO CHAVES;12;31;1171;;2;MASCULINO;9;DIVORCIADO;4549;45 a 49 anos                  ;5;ENSINO MÉDIO INCOMPLETO;-3;#NE;-3;#NE;-3;#NE;-3;#NE;Obrigatório;1;0;0;0
13/04/2021;19:37:12;2012;ES;56057;ALFREDO CHAVES;12;31;1171;;2;MASCULINO;9;DIVORCIADO;5559;55 a 59 anos                  ;8;SUPERIOR COMPLETO;-3;#NE;-3;#NE;-3;#NE;-3;#NE;Obrigatório;2;0;0;0
13/04/2021;19:37:12;2012;ES;56057;ALFREDO CHAVES;12;31;1171;;2;MASCULINO;9;DIVORCIADO;7074;70 a 74 anos                  ;3;ENSINO FUNDAMENTAL INCOMPLETO;-3;#NE;-3;#NE;-3;#NE;-3;#NE;Facultativo;1;0;0;0
13/04/2021;19:37:12;2012;ES;56057;ALFREDO CHAVES;12;31;1171;;4;FEMININO;1;SOLTEIRO;1600;16 anos                       ;3;ENSINO FUNDAMENTAL INCOMPLETO;-3;#NE;-3;#NE;-3;#NE;-3;#NE;Facultativo;1;0;0;0
13/04/2021;19:37:12;2012;ES;56057;ALFREDO CHAVES;12;31;1171;;4;FEMININO;1;SOLTEIRO;1700;17 anos                       ;5;ENSINO MÉDIO INCOMPLETO;-3;#NE;-3;#NE;-3;#NE;-3;#NE;Facultativo;2;0;0;0
13/04/2021;19:37:12;2012;ES;56057;ALFREDO CHAVES;12;31;1171;;4;FEMININO;1;SOLTEIRO;1800;18 anos                       ;6;ENSINO MÉDIO COMPLETO;-3;#NE;-3;#NE;-3;#NE;-3;#NE;Obrigatório;1;0;0;0
13/04/2021;19:37:12;2012;ES;56057;ALFREDO CHAVES;12;31;1171;;4;FEMININO;1;SOLTEIRO;1800;18 anos                       ;7;SUPERIOR INCOMPLETO;-3;#NE;-3;#NE;-3;#NE;-3;#NE;Obrigatório;1;0;0;0
13/04/2021;19:37:12;2012;ES;56057;ALFREDO CHAVES;12;31;1171;;4;FEMININO;1;SOLTEIRO;1900;19 anos                       ;5;ENSINO MÉDIO INCOMPLETO;-3;#NE;-3;#NE;-3;#NE;-3;#NE;Obrigatório;8;0;0;0
13/04/2021;19:37:12;2012;ES;56057;ALFREDO CHAVES;12;31;1171;;4;FEMININO;1;SOLTEIRO;2000;20 anos                       ;5;ENSINO MÉDIO INCOMPLETO;-3;#NE;-3;#NE;-3;#NE;-3;#NE;Obrigatório;3;0;0;0
13/04/2021;19:37:12;2012;ES;56057;ALFREDO CHAVES;12;31;1171;;4;FEMININO;1;SOLTEIRO;2124;21 a 24 anos                  ;3;ENSINO FUNDAMENTAL INCOMPLETO;-3;#NE;-3;#NE;-3;#NE;-3;#NE;Obrigatório;4;0;0;0
13/04/2021;19:37:12;2012;ES;56057;ALFREDO CHAVES;12;31;1171;;4;FEMININO;1;SOLTEIRO;2124;21 a 24 anos                  ;5;ENSINO MÉDIO INCOMPLETO;-3;#NE;-3;#NE;-3;#NE;-3;#NE;Obrigatório;13;0;0;0
13/04/2021;19:37:12;2012;ES;56057;ALFREDO CHAVES;12;31;1171;;4;FEMININO;1;SOLTEIRO;2529;25 a 29 anos                  ;3;ENSINO FUNDAMENTAL INCOMPLETO;-3;#NE;-3;#NE;-3;#NE;-3;#NE;Obrigatório;1;0;0;0
13/04/2021;19:37:12;2012;ES;56057;ALFREDO CHAVES;12;31;1171;;4;FEMININO;1;SOLTEIRO;2529;25 a 29 anos                  ;4;ENSINO FUNDAMENTAL COMPLETO;-3;#NE;-3;#NE;-3;#NE;-3;#NE;Obrigatório;1;0;0;0
13/04/2021;19:37:12;2012;ES;56057;ALFREDO CHAVES;12;31;1171;;4;FEMININO;1;SOLTEIRO;2529;25 a 29 anos                  ;5;ENSINO MÉDIO INCOMPLETO;-3;#NE;-3;#NE;-3;#NE;-3;#NE;Obrigatório;18;0;0;0
13/04/2021;19:37:12;2012;ES;56057;ALFREDO CHAVES;12;31;1171;;4;FEMININO;1;SOLTEIRO;3034;30 a 34 anos                  ;2;LÊ E ESCREVE;-3;#NE;-3;#NE;-3;#NE;-3;#NE;Obrigatório;1;0;0;0
13/04/2021;19:37:12;2012;ES;56057;ALFREDO CHAVES;12;31;1171;;4;FEMININO;1;SOLTEIRO;3034;30 a 34 anos                  ;3;ENSINO FUNDAMENTAL INCOMPLETO;-3;#NE;-3;#NE;-3;#NE;-3;#NE;Obrigatório;2;0;0;0
13/04/2021;19:37:12;2012;ES;56057;ALFREDO CHAVES;12;31;1171;;4;FEMININO;1;SOLTEIRO;3034;30 a 34 anos                  ;5;ENSINO MÉDIO INCOMPLETO;-3;#NE;-3;#NE;-3;#NE;-3;#NE;Obrigatório;4;0;0;0
13/04/2021;19:37:12;2012;ES;56057;ALFREDO CHAVES;12;33;1171;;4;FEMININO;1;SOLTEIRO;5054;50 a 54 anos                  ;6;ENSINO MÉDIO COMPLETO;-3;#NE;-3;#NE;-3;#NE;-3;#NE;Obrigatório;1;0;0;0
13/04/2021;19:37:12;2012;ES;56057;ALFREDO CHAVES;12;33;1171;;4;FEMININO;1;SOLTEIRO;6064;60 a 64 anos                  ;2;LÊ E ESCREVE;-3;#NE;-3;#NE;-3;#NE;-3;#NE;Obrigatório;1;0;0;0
13/04/2021;19:37:12;2012;ES;56057;ALFREDO CHAVES;12;33;1171;;4;FEMININO;1;SOLTEIRO;6569;65 a 69 anos                  ;2;LÊ E ESCREVE;-3;#NE;-3;#NE;-3;#NE;-3;#NE;Obrigatório;1;0;0;0
13/04/2021;19:37:12;2012;ES;56057;ALFREDO CHAVES;12;33;1171;;4;FEMININO;1;SOLTEIRO;7579;75 a 79 anos                  ;2;LÊ E ESCREVE;-3;#NE;-3;#NE;-3;#NE;-3;#NE;Facultativo;1;0;0;0
13/04/2021;19:37:12;2012;ES;56057;ALFREDO CHAVES;12;33;1171;;4;FEMININO;3;CASADO;3034;30 a 34 anos                  ;3;ENSINO FUNDAMENTAL INCOMPLETO;-3;#NE;-3;#NE;-3;#NE;-3;#NE;Obrigatório;1;0;0;0
13/04/2021;19:37:12;2012;ES;56057;ALFREDO CHAVES;12;33;1171;;4;FEMININO;3;CASADO;3034;30 a 34 anos                  ;6;ENSINO MÉDIO COMPLETO;-3;#NE;-3;#NE;-3;#NE;-3;#NE;Obrigatório;3;0;0;0
13/04/2021;19:37:12;2012;ES;56057;ALFREDO CHAVES;12;33;1171;;4;FEMININO;3;CASADO;3539;35 a 39 anos                  ;3;ENSINO FUNDAMENTAL INCOMPLETO;-3;#NE;-3;#NE;-3;#NE;-3;#NE;Obrigatório;1;0;0;0
13/04/2021;19:37:12;2012;ES;56057;ALFREDO CHAVES;12;33;1171;;4;FEMININO;3;CASADO;3539;35 a 39 anos                  ;6;ENSINO MÉDIO COMPLETO;-3;#NE;-3;#NE;-3;#NE;-3;#NE;Obrigatório;3;0;0;0
13/04/2021;19:37:12;2012;ES;56057;ALFREDO CHAVES;12;33;1171;;4;FEMININO;3;CASADO;4044;40 a 44 anos                  ;3;ENSINO FUNDAMENTAL INCOMPLETO;-3;#NE;-3;#NE;-3;#NE;-3;#NE;Obrigatório;7;0;0;0
13/04/2021;19:37:12;2012;ES;56057;ALFREDO CHAVES;12;33;1171;;4;FEMININO;3;CASADO;4044;40 a 44 anos                  ;4;ENSINO FUNDAMENTAL COMPLETO;-3;#NE;-3;#NE;-3;#NE;-3;#NE;Obrigatório;2;0;0;0
13/04/2021;19:37:12;2012;ES;56057;ALFREDO CHAVES;12;33;1171;;4;FEMININO;3;CASADO;4044;40 a 44 anos                  ;7;SUPERIOR INCOMPLETO;-3;#NE;-3;#NE;-3;#NE;-3;#NE;Obrigatório;1;0;0;0
13/04/2021;19:37:12;2012;ES;56057;ALFREDO CHAVES;12;33;1171;;4;FEMININO;3;CASADO;4044;40 a 44 anos                  ;8;SUPERIOR COMPLETO;-3;#NE;-3;#NE;-3;#NE;-3;#NE;Obrigatório;1;0;0;0
13/04/2021;19:37:12;2012;ES;56057;ALFREDO CHAVES;12;33;1171;;4;FEMININO;3;CASADO;4549;45 a 49 anos                  ;1;ANALFABETO;-3;#NE;-3;#NE;-3;#NE;-3;#NE;Facultativo;1;0;0;0
13/04/2021;19:37:12;2012;ES;56057;ALFREDO CHAVES;12;33;1171;;4;FEMININO;3;CASADO;4549;45 a 49 anos                  ;3;ENSINO FUNDAMENTAL INCOMPLETO;-3;#NE;-3;#NE;-3;#NE;-3;#NE;Obrigatório;6;0;0;0
13/04/2021;19:37:12;2012;ES;56057;ALFREDO CHAVES;12;33;1171;;4;FEMININO;3;CASADO;4549;45 a 49 anos                  ;6;ENSINO MÉDIO COMPLETO;-3;#NE;-3;#NE;-3;#NE;-3;#NE;Obrigatório;1;0;0;0
13/04/2021;19:37:12;2012;ES;56057;ALFREDO CHAVES;12;33;1171;;4;FEMININO;3;CASADO;4549;45 a 49 anos                  ;8;SUPERIOR COMPLETO;-3;#NE;-3;#NE;-3;#NE;-3;#NE;Obrigatório;1;0;0;0
13/04/2021;19:37:12;2012;ES;56057;ALFREDO CHAVES;12;33;1171;;4;FEMININO;3;CASADO;5054;50 a 54 anos                  ;3;ENSINO FUNDAMENTAL INCOMPLETO;-3;#NE;-3;#NE;-3;#NE;-3;#NE;Obrigatório;4;0;0;0
13/04/2021;19:37:12;2012;ES;56057;ALFREDO CHAVES;12;33;1171;;4;FEMININO;3;CASADO;5559;55 a 59 anos                  ;2;LÊ E ESCREVE;-3;#NE;-3;#NE;-3;#NE;-3;#NE;Obrigatório;1;0;0;0
13/04/2021;19:37:12;2012;ES;56057;ALFREDO CHAVES;12;33;1171;;4;FEMININO;3;CASADO;5559;55 a 59 anos                  ;3;ENSINO FUNDAMENTAL INCOMPLETO;-3;#NE;-3;#NE;-3;#NE;-3;#NE;Obrigatório;1;0;0;0
13/04/2021;19:37:12;2012;ES;56057;ALFREDO CHAVES;12;33;1171;;4;FEMININO;3;CASADO;5559;55 a 59 anos                  ;6;ENSINO MÉDIO COMPLETO;-3;#NE;-3;#NE;-3;#NE;-3;#NE;Obrigatório;1;0;0;0
13/04/2021;19:37:12;2012;ES;56057;ALFREDO CHAVES;12;33;1171;;4;FEMININO;3;CASADO;6064;60 a 64 anos                  ;2;LÊ E ESCREVE;-3;#NE;-3;#NE;-3;#NE;-3;#NE;Obrigatório;1;0;0;0
13/04/2021;19:37:12;2012;ES;56057;ALFREDO CHAVES;12;33;1171;;4;FEMININO;3;CASADO;6064;60 a 64 anos                  ;3;ENSINO FUNDAMENTAL INCOMPLETO;-3;#NE;-3;#NE;-3;#NE;-3;#NE;Obrigatório;1;0;0;0
13/04/2021;19:37:12;2012;ES;56057;ALFREDO CHAVES;12;33;1171;;4;FEMININO;3;CASADO;6569;65 a 69 anos                  ;2;LÊ E ESCREVE;-3;#NE;-3;#NE;-3;#NE;-3;#NE;Obrigatório;1;0;0;0
13/04/2021;19:37:12;2012;ES;56057;ALFREDO CHAVES;12;33;1171;;4;FEMININO;3;CASADO;7074;70 a 74 anos                  ;3;ENSINO FUNDAMENTAL INCOMPLETO;-3;#NE;-3;#NE;-3;#NE;-3;#NE;Facultativo;4;0;0;0
13/04/2021;19:37:12;2012;ES;56057;ALFREDO CHAVES;12;33;1171;;4;FEMININO;3;CASADO;7579;75 a 79 anos                  ;3;ENSINO FUNDAMENTAL INCOMPLETO;-3;#NE;-3;#NE;-3;#NE;-3;#NE;Facultativo;1;0;0;0
13/04/2021;19:37:12;2012;ES;56057;ALFREDO CHAVES;12;33;1171;;4;FEMININO;3;CASADO;8084;80 a 84 anos                  ;3;ENSINO FUNDAMENTAL INCOMPLETO;-3;#NE;-3;#NE;-3;#NE;-3;#NE;Facultativo;1;0;0;0
13/04/2021;19:37:12;2012;ES;56057;ALFREDO CHAVES;12;33;1171;;4;FEMININO;5;VIÚVO;6064;60 a 64 anos                  ;3;ENSINO FUNDAMENTAL INCOMPLETO;-3;#NE;-3;#NE;-3;#NE;-3;#NE;Obrigatório;1;0;0;0
13/04/2021;19:37:12;2012;ES;56057;ALFREDO CHAVES;12;33;1171;;4;FEMININO;5;VIÚVO;7074;70 a 74 anos                  ;2;LÊ E ESCREVE;-3;#NE;-3;#NE;-3;#NE;-3;#NE;Facultativo;1;0;0;0
13/04/2021;19:37:12;2012;ES;56057;ALFREDO CHAVES;12;33;1171;;4;FEMININO;5;VIÚVO;7074;70 a 74 anos                  ;3;ENSINO FUNDAMENTAL INCOMPLETO;-3;#NE;-3;#NE;-3;#NE;-3;#NE;Facultativo;1;0;0;0
13/04/2021;19:37:12;2012;ES;56057;ALFREDO CHAVES;12;33;1171;;4;FEMININO;5;VIÚVO;7579;75 a 79 anos                  ;1;ANALFABETO;-3;#NE;-3;#NE;-3;#NE;-3;#NE;Facultativo;1;0;0;0
13/04/2021;19:37:12;2012;ES;56057;ALFREDO CHAVES;12;33;1171;;4;FEMININO;5;VIÚVO;7579;75 a 79 anos                  ;2;LÊ E ESCREVE;-3;#NE;-3;#NE;-3;#NE;-3;#NE;Facultativo;1;0;0;0
13/04/2021;19:37:12;2012;ES;56057;ALFREDO CHAVES;12;33;1171;;4;FEMININO;9;DIVORCIADO;3539;35 a 39 anos                  ;6;ENSINO MÉDIO COMPLETO;-3;#NE;-3;#NE;-3;#NE;-3;#NE;Obrigatório;1;0;0;0
13/04/2021;19:37:12;2012;ES;56057;ALFREDO CHAVES;12;34;1171;;2;MASCULINO;1;SOLTEIRO;1600;16 anos                       ;5;ENSINO MÉDIO INCOMPLETO;-3;#NE;-3;#NE;-3;#NE;-3;#NE;Facultativo;1;0;0;0
13/04/2021;19:37:12;2012;ES;56057;ALFREDO CHAVES;12;34;1171;;2;MASCULINO;1;SOLTEIRO;1700;17 anos                       ;5;ENSINO MÉDIO INCOMPLETO;-3;#NE;-3;#NE;-3;#NE;-3;#NE;Facultativo;2;0;0;0
13/04/2021;19:37:12;2012;ES;56057;ALFREDO CHAVES;12;34;1171;;2;MASCULINO;1;SOLTEIRO;1800;18 anos                       ;5;ENSINO MÉDIO INCOMPLETO;-3;#NE;-3;#NE;-3;#NE;-3;#NE;Obrigatório;4;0;0;0
13/04/2021;19:37:12;2012;ES;56057;ALFREDO CHAVES;12;35;1171;;4;FEMININO;3;CASADO;8589;85 a 89 anos                  ;1;ANALFABETO;-3;#NE;-3;#NE;-3;#NE;-3;#NE;Facultativo;1;0;0;0
13/04/2021;19:37:12;2012;ES;56057;ALFREDO CHAVES;12;35;1171;;4;FEMININO;5;VIÚVO;4044;40 a 44 anos                  ;3;ENSINO FUNDAMENTAL INCOMPLETO;-3;#NE;-3;#NE;-3;#NE;-3;#NE;Obrigatório;1;0;0;0
13/04/2021;19:37:12;2012;ES;56057;ALFREDO CHAVES;12;35;1171;;4;FEMININO;5;VIÚVO;5559;55 a 59 anos                  ;2;LÊ E ESCREVE;-3;#NE;-3;#NE;-3;#NE;-3;#NE;Obrigatório;1;0;0;0
13/04/2021;19:37:12;2012;ES;56057;ALFREDO CHAVES;12;35;1171;;4;FEMININO;5;VIÚVO;6064;60 a 64 anos                  ;1;ANALFABETO;-3;#NE;-3;#NE;-3;#NE;-3;#NE;Facultativo;1;0;0;0
13/04/2021;19:37:12;2012;ES;56057;ALFREDO CHAVES;12;35;1171;;4;FEMININO;5;VIÚVO;6569;65 a 69 anos                  ;3;ENSINO FUNDAMENTAL INCOMPLETO;-3;#NE;-3;#NE;-3;#NE;-3;#NE;Obrigatório;1;0;0;0
13/04/2021;19:37:12;2012;ES;56057;ALFREDO CHAVES;12;35;1171;;4;FEMININO;5;VIÚVO;7579;75 a 79 anos                  ;2;LÊ E ESCREVE;-3;#NE;-3;#NE;-3;#NE;-3;#NE;Facultativo;1;0;0;0
13/04/2021;19:37:12;2012;ES;56057;ALFREDO CHAVES;12;35;1171;;4;FEMININO;5;VIÚVO;7579;75 a 79 anos                  ;6;ENSINO MÉDIO COMPLETO;-3;#NE;-3;#NE;-3;#NE;-3;#NE;Facultativo;1;0;0;0
13/04/2021;19:37:12;2012;ES;56057;ALFREDO CHAVES;12;35;1171;;4;FEMININO;5;VIÚVO;8589;85 a 89 anos                  ;8;SUPERIOR COMPLETO;-3;#NE;-3;#NE;-3;#NE;-3;#NE;Facultativo;1;0;0;0
13/04/2021;19:37:12;2012;ES;56057;ALFREDO CHAVES;12;35;1171;;4;FEMININO;7;SEPARADO JUDICIALMENTE;3539;35 a 39 anos                  ;4;ENSINO FUNDAMENTAL COMPLETO;-3;#NE;-3;#NE;-3;#NE;-3;#NE;Obrigatório;1;0;0;0
13/04/2021;19:37:12;2012;ES;56057;ALFREDO CHAVES;12;35;1171;;4;FEMININO;7;SEPARADO JUDICIALMENTE;4044;40 a 44 anos                  ;7;SUPERIOR INCOMPLETO;-3;#NE;-3;#NE;-3;#NE;-3;#NE;Obrigatório;1;0;0;0
13/04/2021;19:37:12;2012;ES;56057;ALFREDO CHAVES;12;35;1171;;4;FEMININO;7;SEPARADO JUDICIALMENTE;5559;55 a 59 anos                  ;3;ENSINO FUNDAMENTAL INCOMPLETO;-3;#NE;-3;#NE;-3;#NE;-3;#NE;Obrigatório;1;0;0;0
13/04/2021;19:37:12;2012;ES;56057;ALFREDO CHAVES;12;35;1171;;4;FEMININO;9;DIVORCIADO;3034;30 a 34 anos                  ;3;ENSINO FUNDAMENTAL INCOMPLETO;-3;#NE;-3;#NE;-3;#NE;-3;#NE;Obrigatório;1;0;0;0
13/04/2021;19:37:12;2012;ES;56057;ALFREDO CHAVES;12;35;1171;;4;FEMININO;9;DIVORCIADO;3539;35 a 39 anos                  ;3;ENSINO FUNDAMENTAL INCOMPLETO;-3;#NE;-3;#NE;-3;#NE;-3;#NE;Obrigatório;1;0;0;0
13/04/2021;19:37:12;2012;ES;56057;ALFREDO CHAVES;12;35;1171;;4;FEMININO;9;DIVORCIADO;4044;40 a 44 anos                  ;8;SUPERIOR COMPLETO;-3;#NE;-3;#NE;-3;#NE;-3;#NE;Obrigatório;1;0;0;0
13/04/2021;19:37:12;2012;ES;56057;ALFREDO CHAVES;12;37;1228;;2;MASCULINO;1;SOLTEIRO;1800;18 anos                       ;3;ENSINO FUNDAMENTAL INCOMPLETO;-3;#NE;-3;#NE;-3;#NE;-3;#NE;Obrigatório;2;0;0;0
13/04/2021;19:37:12;2012;ES;56057;ALFREDO CHAVES;12;37;1228;;2;MASCULINO;1;SOLTEIRO;1800;18 anos                       ;5;ENSINO MÉDIO INCOMPLETO;-3;#NE;-3;#NE;-3;#NE;-3;#NE;Obrigatório;1;0;0;0
13/04/2021;19:37:12;2012;ES;56057;ALFREDO CHAVES;12;37;1228;;2;MASCULINO;1;SOLTEIRO;1900;19 anos                       ;3;ENSINO FUNDAMENTAL INCOMPLETO;-3;#NE;-3;#NE;-3;#NE;-3;#NE;Obrigatório;2;0;0;0
13/04/2021;19:37:12;2012;ES;56057;ALFREDO CHAVES;12;37;1228;;2;MASCULINO;1;SOLTEIRO;2000;20 anos                       ;3;ENSINO FUNDAMENTAL INCOMPLETO;-3;#NE;-3;#NE;-3;#NE;-3;#NE;Obrigatório;1;0;0;0
13/04/2021;19:37:12;2012;ES;56057;ALFREDO CHAVES;12;37;1228;;2;MASCULINO;1;SOLTEIRO;2000;20 anos                       ;5;ENSINO MÉDIO INCOMPLETO;-3;#NE;-3;#NE;-3;#NE;-3;#NE;Obrigatório;2;0;0;0
13/04/2021;19:37:12;2012;ES;56057;ALFREDO CHAVES;12;37;1228;;2;MASCULINO;1;SOLTEIRO;2124;21 a 24 anos                  ;3;ENSINO FUNDAMENTAL INCOMPLETO;-3;#NE;-3;#NE;-3;#NE;-3;#NE;Obrigatório;4;0;0;0
13/04/2021;19:37:12;2012;ES;56057;ALFREDO CHAVES;12;37;1228;;2;MASCULINO;1;SOLTEIRO;2124;21 a 24 anos                  ;6;ENSINO MÉDIO COMPLETO;-3;#NE;-3;#NE;-3;#NE;-3;#NE;Obrigatório;1;0;0;0
13/04/2021;19:37:12;2012;ES;56057;ALFREDO CHAVES;12;37;1228;;2;MASCULINO;1;SOLTEIRO;2124;21 a 24 anos                  ;7;SUPERIOR INCOMPLETO;-3;#NE;-3;#NE;-3;#NE;-3;#NE;Obrigatório;1;0;0;0
13/04/2021;19:37:12;2012;ES;56057;ALFREDO CHAVES;12;37;1228;;2;MASCULINO;1;SOLTEIRO;2529;25 a 29 anos                  ;4;ENSINO FUNDAMENTAL COMPLETO;-3;#NE;-3;#NE;-3;#NE;-3;#NE;Obrigatório;1;0;0;0
13/04/2021;19:37:12;2012;ES;56057;ALFREDO CHAVES;12;37;1228;;2;MASCULINO;1;SOLTEIRO;2529;25 a 29 anos                  ;6;ENSINO MÉDIO COMPLETO;-3;#NE;-3;#NE;-3;#NE;-3;#NE;Obrigatório;1;0;0;0
13/04/2021;19:37:12;2012;ES;56057;ALFREDO CHAVES;12;30;1171;;2;MASCULINO;1;SOLTEIRO;4549;45 a 49 anos                  ;2;LÊ E ESCREVE;-3;#NE;-3;#NE;-3;#NE;-3;#NE;Obrigatório;1;0;0;0
13/04/2021;19:37:12;2012;ES;56057;ALFREDO CHAVES;12;30;1171;;2;MASCULINO;1;SOLTEIRO;4549;45 a 49 anos                  ;3;ENSINO FUNDAMENTAL INCOMPLETO;-3;#NE;-3;#NE;-3;#NE;-3;#NE;Obrigatório;5;0;0;0
13/04/2021;19:37:12;2012;ES;56057;ALFREDO CHAVES;12;30;1171;;2;MASCULINO;1;SOLTEIRO;4549;45 a 49 anos                  ;5;ENSINO MÉDIO INCOMPLETO;-3;#NE;-3;#NE;-3;#NE;-3;#NE;Obrigatório;1;0;0;0
13/04/2021;19:37:12;2012;ES;56057;ALFREDO CHAVES;12;30;1171;;2;MASCULINO;1;SOLTEIRO;4549;45 a 49 anos                  ;6;ENSINO MÉDIO COMPLETO;-3;#NE;-3;#NE;-3;#NE;-3;#NE;Obrigatório;1;0;0;0
13/04/2021;19:37:12;2012;ES;56057;ALFREDO CHAVES;12;32;1031;;2;MASCULINO;1;SOLTEIRO;3034;30 a 34 anos                  ;3;ENSINO FUNDAMENTAL INCOMPLETO;-3;#NE;-3;#NE;-3;#NE;-3;#NE;Obrigatório;6;0;0;0
13/04/2021;19:37:12;2012;ES;56057;ALFREDO CHAVES;12;32;1031;;2;MASCULINO;1;SOLTEIRO;3034;30 a 34 anos                  ;4;ENSINO FUNDAMENTAL COMPLETO;-3;#NE;-3;#NE;-3;#NE;-3;#NE;Obrigatório;2;0;0;0
13/04/2021;19:37:12;2012;ES;56057;ALFREDO CHAVES;12;32;1031;;2;MASCULINO;1;SOLTEIRO;3034;30 a 34 anos                  ;5;ENSINO MÉDIO INCOMPLETO;-3;#NE;-3;#NE;-3;#NE;-3;#NE;Obrigatório;2;0;0;0
13/04/2021;19:37:12;2012;ES;56057;ALFREDO CHAVES;12;32;1031;;2;MASCULINO;1;SOLTEIRO;3539;35 a 39 anos                  ;5;ENSINO MÉDIO INCOMPLETO;-3;#NE;-3;#NE;-3;#NE;-3;#NE;Obrigatório;1;0;0;0
13/04/2021;19:37:12;2012;ES;56057;ALFREDO CHAVES;12;32;1031;;2;MASCULINO;1;SOLTEIRO;4044;40 a 44 anos                  ;3;ENSINO FUNDAMENTAL INCOMPLETO;-3;#NE;-3;#NE;-3;#NE;-3;#NE;Obrigatório;1;0;0;0
13/04/2021;19:37:12;2012;ES;56057;ALFREDO CHAVES;12;32;1031;;2;MASCULINO;1;SOLTEIRO;4549;45 a 49 anos                  ;3;ENSINO FUNDAMENTAL INCOMPLETO;-3;#NE;-3;#NE;-3;#NE;-3;#NE;Obrigatório;1;0;0;0
13/04/2021;19:37:12;2012;ES;56057;ALFREDO CHAVES;12;32;1031;;2;MASCULINO;1;SOLTEIRO;5054;50 a 54 anos                  ;3;ENSINO FUNDAMENTAL INCOMPLETO;-3;#NE;-3;#NE;-3;#NE;-3;#NE;Obrigatório;1;0;0;0
13/04/2021;19:37:12;2012;ES;56057;ALFREDO CHAVES;12;32;1031;;2;MASCULINO;1;SOLTEIRO;7074;70 a 74 anos                  ;1;ANALFABETO;-3;#NE;-3;#NE;-3;#NE;-3;#NE;Facultativo;1;0;0;0
13/04/2021;19:37:12;2012;ES;56057;ALFREDO CHAVES;12;32;1031;;2;MASCULINO;3;CASADO;3539;35 a 39 anos                  ;3;ENSINO FUNDAMENTAL INCOMPLETO;-3;#NE;-3;#NE;-3;#NE;-3;#NE;Obrigatório;4;0;0;0
13/04/2021;19:37:12;2012;ES;56057;ALFREDO CHAVES;12;32;1031;;2;MASCULINO;3;CASADO;3539;35 a 39 anos                  ;4;ENSINO FUNDAMENTAL COMPLETO;-3;#NE;-3;#NE;-3;#NE;-3;#NE;Obrigatório;1;0;0;0
13/04/2021;19:37:12;2012;ES;56057;ALFREDO CHAVES;12;32;1031;;2;MASCULINO;3;CASADO;3539;35 a 39 anos                  ;7;SUPERIOR INCOMPLETO;-3;#NE;-3;#NE;-3;#NE;-3;#NE;Obrigatório;1;0;0;0
13/04/2021;19:37:12;2012;ES;56057;ALFREDO CHAVES;12;32;1031;;2;MASCULINO;3;CASADO;4044;40 a 44 anos                  ;3;ENSINO FUNDAMENTAL INCOMPLETO;-3;#NE;-3;#NE;-3;#NE;-3;#NE;Obrigatório;2;0;0;0
13/04/2021;19:37:12;2012;ES;56057;ALFREDO CHAVES;12;32;1031;;2;MASCULINO;3;CASADO;4549;45 a 49 anos                  ;2;LÊ E ESCREVE;-3;#NE;-3;#NE;-3;#NE;-3;#NE;Obrigatório;1;0;0;0
13/04/2021;19:37:12;2012;ES;56057;ALFREDO CHAVES;12;32;1031;;2;MASCULINO;3;CASADO;4549;45 a 49 anos                  ;3;ENSINO FUNDAMENTAL INCOMPLETO;-3;#NE;-3;#NE;-3;#NE;-3;#NE;Obrigatório;1;0;0;0
13/04/2021;19:37:12;2012;ES;56057;ALFREDO CHAVES;12;32;1031;;2;MASCULINO;3;CASADO;5054;50 a 54 anos                  ;3;ENSINO FUNDAMENTAL INCOMPLETO;-3;#NE;-3;#NE;-3;#NE;-3;#NE;Obrigatório;1;0;0;0
13/04/2021;19:37:12;2012;ES;56057;ALFREDO CHAVES;12;34;1171;;4;FEMININO;1;SOLTEIRO;2529;25 a 29 anos                  ;7;SUPERIOR INCOMPLETO;-3;#NE;-3;#NE;-3;#NE;-3;#NE;Obrigatório;1;0;0;0
13/04/2021;19:37:12;2012;ES;56057;ALFREDO CHAVES;12;34;1171;;4;FEMININO;1;SOLTEIRO;3034;30 a 34 anos                  ;3;ENSINO FUNDAMENTAL INCOMPLETO;-3;#NE;-3;#NE;-3;#NE;-3;#NE;Obrigatório;6;0;0;0
13/04/2021;19:37:12;2012;ES;56057;ALFREDO CHAVES;12;34;1171;;4;FEMININO;1;SOLTEIRO;3034;30 a 34 anos                  ;5;ENSINO MÉDIO INCOMPLETO;-3;#NE;-3;#NE;-3;#NE;-3;#NE;Obrigatório;4;0;0;0
13/04/2021;19:37:12;2012;ES;56057;ALFREDO CHAVES;12;34;1171;;4;FEMININO;1;SOLTEIRO;3034;30 a 34 anos                  ;8;SUPERIOR COMPLETO;-3;#NE;-3;#NE;-3;#NE;-3;#NE;Obrigatório;1;0;0;0
13/04/2021;19:37:12;2012;ES;56057;ALFREDO CHAVES;12;34;1171;;4;FEMININO;1;SOLTEIRO;3539;35 a 39 anos                  ;3;ENSINO FUNDAMENTAL INCOMPLETO;-3;#NE;-3;#NE;-3;#NE;-3;#NE;Obrigatório;18;0;0;0
13/04/2021;19:37:12;2012;ES;56057;ALFREDO CHAVES;12;34;1171;;4;FEMININO;1;SOLTEIRO;3539;35 a 39 anos                  ;5;ENSINO MÉDIO INCOMPLETO;-3;#NE;-3;#NE;-3;#NE;-3;#NE;Obrigatório;25;0;0;0
13/04/2021;19:37:12;2012;ES;56057;ALFREDO CHAVES;12;34;1171;;4;FEMININO;1;SOLTEIRO;3539;35 a 39 anos                  ;6;ENSINO MÉDIO COMPLETO;-3;#NE;-3;#NE;-3;#NE;-3;#NE;Obrigatório;6;0;0;0
13/04/2021;19:37:12;2012;ES;56057;ALFREDO CHAVES;12;34;1171;;4;FEMININO;1;SOLTEIRO;3539;35 a 39 anos                  ;7;SUPERIOR INCOMPLETO;-3;#NE;-3;#NE;-3;#NE;-3;#NE;Obrigatório;1;0;0;0
13/04/2021;19:37:12;2012;ES;56057;ALFREDO CHAVES;12;34;1171;;4;FEMININO;1;SOLTEIRO;3539;35 a 39 anos                  ;8;SUPERIOR COMPLETO;-3;#NE;-3;#NE;-3;#NE;-3;#NE;Obrigatório;5;0;0;0
13/04/2021;19:37:12;2012;ES;56057;ALFREDO CHAVES;12;34;1171;;4;FEMININO;1;SOLTEIRO;4044;40 a 44 anos                  ;3;ENSINO FUNDAMENTAL INCOMPLETO;-3;#NE;-3;#NE;-3;#NE;-3;#NE;Obrigatório;3;0;0;0
13/04/2021;19:37:12;2012;ES;56057;ALFREDO CHAVES;12;34;1171;;4;FEMININO;1;SOLTEIRO;4044;40 a 44 anos                  ;5;ENSINO MÉDIO INCOMPLETO;-3;#NE;-3;#NE;-3;#NE;-3;#NE;Obrigatório;2;0;0;0
13/04/2021;19:37:12;2012;ES;56057;ALFREDO CHAVES;12;34;1171;;4;FEMININO;1;SOLTEIRO;4044;40 a 44 anos                  ;6;ENSINO MÉDIO COMPLETO;-3;#NE;-3;#NE;-3;#NE;-3;#NE;Obrigatório;1;0;0;0
13/04/2021;19:37:12;2012;ES;56057;ALFREDO CHAVES;12;34;1171;;4;FEMININO;1;SOLTEIRO;4549;45 a 49 anos                  ;3;ENSINO FUNDAMENTAL INCOMPLETO;-3;#NE;-3;#NE;-3;#NE;-3;#NE;Obrigatório;2;0;0;0
13/04/2021;19:37:12;2012;ES;56057;ALFREDO CHAVES;12;34;1171;;4;FEMININO;1;SOLTEIRO;4549;45 a 49 anos                  ;5;ENSINO MÉDIO INCOMPLETO;-3;#NE;-3;#NE;-3;#NE;-3;#NE;Obrigatório;1;0;0;0
13/04/2021;19:37:12;2012;ES;56057;ALFREDO CHAVES;12;34;1171;;4;FEMININO;1;SOLTEIRO;5054;50 a 54 anos                  ;2;LÊ E ESCREVE;-3;#NE;-3;#NE;-3;#NE;-3;#NE;Obrigatório;1;0;0;0
13/04/2021;19:37:12;2012;ES;56057;ALFREDO CHAVES;12;34;1171;;4;FEMININO;1;SOLTEIRO;5054;50 a 54 anos                  ;3;ENSINO FUNDAMENTAL INCOMPLETO;-3;#NE;-3;#NE;-3;#NE;-3;#NE;Obrigatório;2;0;0;0
13/04/2021;19:37:12;2012;ES;56057;ALFREDO CHAVES;12;34;1171;;4;FEMININO;1;SOLTEIRO;5054;50 a 54 anos                  ;8;SUPERIOR COMPLETO;-3;#NE;-3;#NE;-3;#NE;-3;#NE;Obrigatório;1;0;0;0
13/04/2021;19:37:12;2012;ES;56057;ALFREDO CHAVES;12;34;1171;;4;FEMININO;1;SOLTEIRO;5559;55 a 59 anos                  ;3;ENSINO FUNDAMENTAL INCOMPLETO;-3;#NE;-3;#NE;-3;#NE;-3;#NE;Obrigatório;1;0;0;0
13/04/2021;19:37:12;2012;ES;56057;ALFREDO CHAVES;12;34;1171;;4;FEMININO;1;SOLTEIRO;6064;60 a 64 anos                  ;1;ANALFABETO;-3;#NE;-3;#NE;-3;#NE;-3;#NE;Facultativo;1;0;0;0
13/04/2021;19:37:12;2012;ES;56057;ALFREDO CHAVES;12;34;1171;;4;FEMININO;1;SOLTEIRO;6064;60 a 64 anos                  ;2;LÊ E ESCREVE;-3;#NE;-3;#NE;-3;#NE;-3;#NE;Obrigatório;1;0;0;0
13/04/2021;19:37:12;2012;ES;56057;ALFREDO CHAVES;12;34;1171;;4;FEMININO;3;CASADO;2124;21 a 24 anos                  ;3;ENSINO FUNDAMENTAL INCOMPLETO;-3;#NE;-3;#NE;-3;#NE;-3;#NE;Obrigatório;1;0;0;0
13/04/2021;19:37:12;2012;ES;56057;ALFREDO CHAVES;12;34;1171;;4;FEMININO;3;CASADO;2124;21 a 24 anos                  ;5;ENSINO MÉDIO INCOMPLETO;-3;#NE;-3;#NE;-3;#NE;-3;#NE;Obrigatório;1;0;0;0
13/04/2021;19:37:12;2012;ES;56057;ALFREDO CHAVES;12;34;1171;;4;FEMININO;3;CASADO;2529;25 a 29 anos                  ;3;ENSINO FUNDAMENTAL INCOMPLETO;-3;#NE;-3;#NE;-3;#NE;-3;#NE;Obrigatório;1;0;0;0
13/04/2021;19:37:12;2012;ES;56057;ALFREDO CHAVES;12;34;1171;;4;FEMININO;3;CASADO;2529;25 a 29 anos                  ;5;ENSINO MÉDIO INCOMPLETO;-3;#NE;-3;#NE;-3;#NE;-3;#NE;Obrigatório;1;0;0;0
13/04/2021;19:37:12;2012;ES;56057;ALFREDO CHAVES;12;34;1171;;4;FEMININO;3;CASADO;2529;25 a 29 anos                  ;6;ENSINO MÉDIO COMPLETO;-3;#NE;-3;#NE;-3;#NE;-3;#NE;Obrigatório;2;0;0;0
13/04/2021;19:37:12;2012;ES;56057;ALFREDO CHAVES;12;34;1171;;4;FEMININO;3;CASADO;2529;25 a 29 anos                  ;7;SUPERIOR INCOMPLETO;-3;#NE;-3;#NE;-3;#NE;-3;#NE;Obrigatório;1;0;0;0
13/04/2021;19:37:12;2012;ES;56057;ALFREDO CHAVES;12;34;1171;;4;FEMININO;3;CASADO;3034;30 a 34 anos                  ;3;ENSINO FUNDAMENTAL INCOMPLETO;-3;#NE;-3;#NE;-3;#NE;-3;#NE;Obrigatório;2;0;0;0
13/04/2021;19:37:12;2012;ES;56057;ALFREDO CHAVES;12;34;1171;;4;FEMININO;3;CASADO;3034;30 a 34 anos                  ;5;ENSINO MÉDIO INCOMPLETO;-3;#NE;-3;#NE;-3;#NE;-3;#NE;Obrigatório;1;0;0;0
13/04/2021;19:37:12;2012;ES;56057;ALFREDO CHAVES;12;34;1171;;4;FEMININO;3;CASADO;3034;30 a 34 anos                  ;8;SUPERIOR COMPLETO;-3;#NE;-3;#NE;-3;#NE;-3;#NE;Obrigatório;2;0;0;0
13/04/2021;19:37:12;2012;ES;56057;ALFREDO CHAVES;12;37;1228;;4;FEMININO;3;CASADO;5559;55 a 59 anos                  ;2;LÊ E ESCREVE;-3;#NE;-3;#NE;-3;#NE;-3;#NE;Obrigatório;3;0;0;0
13/04/2021;19:37:12;2012;ES;56057;ALFREDO CHAVES;12;37;1228;;4;FEMININO;3;CASADO;5559;55 a 59 anos                  ;3;ENSINO FUNDAMENTAL INCOMPLETO;-3;#NE;-3;#NE;-3;#NE;-3;#NE;Obrigatório;6;0;0;0
13/04/2021;19:37:12;2012;ES;56057;ALFREDO CHAVES;12;37;1228;;4;FEMININO;3;CASADO;6064;60 a 64 anos                  ;3;ENSINO FUNDAMENTAL INCOMPLETO;-3;#NE;-3;#NE;-3;#NE;-3;#NE;Obrigatório;2;0;0;0
13/04/2021;19:37:12;2012;ES;56057;ALFREDO CHAVES;12;37;1228;;4;FEMININO;3;CASADO;6569;65 a 69 anos                  ;1;ANALFABETO;-3;#NE;-3;#NE;-3;#NE;-3;#NE;Facultativo;1;0;0;0
13/04/2021;19:37:12;2012;ES;56057;ALFREDO CHAVES;12;37;1228;;4;FEMININO;3;CASADO;6569;65 a 69 anos                  ;2;LÊ E ESCREVE;-3;#NE;-3;#NE;-3;#NE;-3;#NE;Obrigatório;1;0;0;0
13/04/2021;19:37:12;2012;ES;56057;ALFREDO CHAVES;12;37;1228;;4;FEMININO;3;CASADO;7074;70 a 74 anos                  ;1;ANALFABETO;-3;#NE;-3;#NE;-3;#NE;-3;#NE;Facultativo;1;0;0;0
13/04/2021;19:37:12;2012;ES;56057;ALFREDO CHAVES;12;37;1228;;4;FEMININO;3;CASADO;7074;70 a 74 anos                  ;2;LÊ E ESCREVE;-3;#NE;-3;#NE;-3;#NE;-3;#NE;Facultativo;1;0;0;0
13/04/2021;19:37:12;2012;ES;56057;ALFREDO CHAVES;12;37;1228;;4;FEMININO;3;CASADO;7074;70 a 74 anos                  ;3;ENSINO FUNDAMENTAL INCOMPLETO;-3;#NE;-3;#NE;-3;#NE;-3;#NE;Facultativo;2;0;0;0
13/04/2021;19:37:12;2012;ES;56057;ALFREDO CHAVES;12;37;1228;;4;FEMININO;3;CASADO;7579;75 a 79 anos                  ;1;ANALFABETO;-3;#NE;-3;#NE;-3;#NE;-3;#NE;Facultativo;1;0;0;0
13/04/2021;19:37:12;2012;ES;56057;ALFREDO CHAVES;12;37;1228;;4;FEMININO;3;CASADO;7579;75 a 79 anos                  ;2;LÊ E ESCREVE;-3;#NE;-3;#NE;-3;#NE;-3;#NE;Facultativo;2;0;0;0
13/04/2021;19:37:12;2012;ES;56057;ALFREDO CHAVES;12;37;1228;;4;FEMININO;3;CASADO;7579;75 a 79 anos                  ;3;ENSINO FUNDAMENTAL INCOMPLETO;-3;#NE;-3;#NE;-3;#NE;-3;#NE;Facultativo;1;0;0;0
13/04/2021;19:37:12;2012;ES;56057;ALFREDO CHAVES;12;37;1228;;4;FEMININO;3;CASADO;8084;80 a 84 anos                  ;2;LÊ E ESCREVE;-3;#NE;-3;#NE;-3;#NE;-3;#NE;Facultativo;1;0;0;0
13/04/2021;19:37:12;2012;ES;56057;ALFREDO CHAVES;12;37;1228;;4;FEMININO;5;VIÚVO;6064;60 a 64 anos                  ;3;ENSINO FUNDAMENTAL INCOMPLETO;-3;#NE;-3;#NE;-3;#NE;-3;#NE;Obrigatório;1;0;0;0
13/04/2021;19:37:12;2012;ES;56057;ALFREDO CHAVES;12;24;1147;;2;MASCULINO;1;SOLTEIRO;1700;17 anos                       ;3;ENSINO FUNDAMENTAL INCOMPLETO;-3;#NE;-3;#NE;-3;#NE;-3;#NE;Facultativo;2;0;0;0
13/04/2021;19:37:12;2012;ES;56057;ALFREDO CHAVES;12;24;1147;;2;MASCULINO;3;CASADO;5054;50 a 54 anos                  ;3;ENSINO FUNDAMENTAL INCOMPLETO;-3;#NE;-3;#NE;-3;#NE;-3;#NE;Obrigatório;8;0;0;0
13/04/2021;19:37:12;2012;ES;56057;ALFREDO CHAVES;12;24;1147;;4;FEMININO;3;CASADO;5559;55 a 59 anos                  ;3;ENSINO FUNDAMENTAL INCOMPLETO;-3;#NE;-3;#NE;-3;#NE;-3;#NE;Obrigatório;11;0;0;0
13/04/2021;19:37:12;2012;ES;56057;ALFREDO CHAVES;12;25;1155;;2;MASCULINO;1;SOLTEIRO;5054;50 a 54 anos                  ;2;LÊ E ESCREVE;-3;#NE;-3;#NE;-3;#NE;-3;#NE;Obrigatório;1;0;0;0
13/04/2021;19:37:12;2012;ES;56057;ALFREDO CHAVES;12;22;1139;;4;FEMININO;1;SOLTEIRO;4549;45 a 49 anos                  ;3;ENSINO FUNDAMENTAL INCOMPLETO;-3;#NE;-3;#NE;-3;#NE;-3;#NE;Obrigatório;1;0;0;0
13/04/2021;19:37:12;2012;ES;56057;ALFREDO CHAVES;12;22;1139;;4;FEMININO;3;CASADO;7579;75 a 79 anos                  ;4;ENSINO FUNDAMENTAL COMPLETO;-3;#NE;-3;#NE;-3;#NE;-3;#NE;Facultativo;1;0;0;0
13/04/2021;19:37:12;2012;ES;56057;ALFREDO CHAVES;12;23;1139;;2;MASCULINO;1;SOLTEIRO;4549;45 a 49 anos                  ;4;ENSINO FUNDAMENTAL COMPLETO;-3;#NE;-3;#NE;-3;#NE;-3;#NE;Obrigatório;5;0;0;0
13/04/2021;19:37:12;2012;ES;56057;ALFREDO CHAVES;12;23;1139;;4;FEMININO;1;SOLTEIRO;2000;20 anos                       ;5;ENSINO MÉDIO INCOMPLETO;-3;#NE;-3;#NE;-3;#NE;-3;#NE;Obrigatório;2;0;0;0
13/04/2021;19:37:12;2012;ES;56057;ALFREDO CHAVES;12;23;1139;;4;FEMININO;3;CASADO;3034;30 a 34 anos                  ;6;ENSINO MÉDIO COMPLETO;-3;#NE;-3;#NE;-3;#NE;-3;#NE;Obrigatório;1;0;0;0
13/04/2021;19:37:12;2012;ES;56057;ALFREDO CHAVES;12;3;1015;;4;FEMININO;1;SOLTEIRO;5559;55 a 59 anos                  ;3;ENSINO FUNDAMENTAL INCOMPLETO;-3;#NE;-3;#NE;-3;#NE;-3;#NE;Obrigatório;1;0;0;0
13/04/2021;19:37:12;2012;ES;56057;ALFREDO CHAVES;12;3;1015;;4;FEMININO;3;CASADO;8084;80 a 84 anos                  ;2;LÊ E ESCREVE;-3;#NE;-3;#NE;-3;#NE;-3;#NE;Facultativo;4;0;0;0
13/04/2021;19:37:12;2012;ES;56057;ALFREDO CHAVES;12;4;1015;;2;MASCULINO;1;SOLTEIRO;6064;60 a 64 anos                  ;2;LÊ E ESCREVE;-3;#NE;-3;#NE;-3;#NE;-3;#NE;Obrigatório;2;0;0;0
13/04/2021;19:37:12;2012;ES;56057;ALFREDO CHAVES;12;4;1015;;2;MASCULINO;5;VIÚVO;9599;95 a 99 anos                  ;2;LÊ E ESCREVE;-3;#NE;-3;#NE;-3;#NE;-3;#NE;Facultativo;1;0;0;0
13/04/2021;19:37:12;2012;ES;56057;ALFREDO CHAVES;12;4;1015;;4;FEMININO;3;CASADO;5559;55 a 59 anos                  ;6;ENSINO MÉDIO COMPLETO;-3;#NE;-3;#NE;-3;#NE;-3;#NE;Obrigatório;8;0;0;0
13/04/2021;19:37:12;2012;ES;56057;ALFREDO CHAVES;12;1;1015;;2;MASCULINO;1;SOLTEIRO;5559;55 a 59 anos                  ;8;SUPERIOR COMPLETO;-3;#NE;-3;#NE;-3;#NE;-3;#NE;Obrigatório;1;0;0;0
13/04/2021;19:37:12;2012;ES;56057;ALFREDO CHAVES;12;1;1015;;2;MASCULINO;3;CASADO;8084;80 a 84 anos                  ;3;ENSINO FUNDAMENTAL INCOMPLETO;-3;#NE;-3;#NE;-3;#NE;-3;#NE;Facultativo;3;0;0;0
13/04/2021;19:37:12;2012;ES;56057;ALFREDO CHAVES;12;1;1015;;2;MASCULINO;3;CASADO;8589;85 a 89 anos                  ;3;ENSINO FUNDAMENTAL INCOMPLETO;-3;#NE;-3;#NE;-3;#NE;-3;#NE;Facultativo;4;0;0;0
13/04/2021;19:37:12;2012;ES;56057;ALFREDO CHAVES;12;1;1015;;4;FEMININO;1;SOLTEIRO;5054;50 a 54 anos                  ;6;ENSINO MÉDIO COMPLETO;-3;#NE;-3;#NE;-3;#NE;-3;#NE;Obrigatório;1;0;0;0
13/04/2021;19:37:12;2012;ES;56057;ALFREDO CHAVES;12;2;1015;;2;MASCULINO;1;SOLTEIRO;1800;18 anos                       ;5;ENSINO MÉDIO INCOMPLETO;-3;#NE;-3;#NE;-3;#NE;-3;#NE;Obrigatório;1;0;0;0
13/04/2021;19:37:12;2012;ES;56057;ALFREDO CHAVES;12;2;1015;;2;MASCULINO;3;CASADO;4549;45 a 49 anos                  ;2;LÊ E ESCREVE;-3;#NE;-3;#NE;-3;#NE;-3;#NE;Obrigatório;1;0;0;0
13/04/2021;19:37:12;2012;ES;56057;ALFREDO CHAVES;12;2;1015;;2;MASCULINO;3;CASADO;6064;60 a 64 anos                  ;6;ENSINO MÉDIO COMPLETO;-3;#NE;-3;#NE;-3;#NE;-3;#NE;Obrigatório;2;0;0;0
13/04/2021;19:37:12;2012;ES;56057;ALFREDO CHAVES;12;2;1015;;4;FEMININO;1;SOLTEIRO;4044;40 a 44 anos                  ;6;ENSINO MÉDIO COMPLETO;-3;#NE;-3;#NE;-3;#NE;-3;#NE;Obrigatório;1;0;0;0
13/04/2021;19:37:12;2012;ES;56057;ALFREDO CHAVES;12;2;1015;;4;FEMININO;3;CASADO;8589;85 a 89 anos                  ;2;LÊ E ESCREVE;-3;#NE;-3;#NE;-3;#NE;-3;#NE;Facultativo;1;0;0;0
13/04/2021;19:37:12;2012;ES;56057;ALFREDO CHAVES;12;3;1015;;2;MASCULINO;1;SOLTEIRO;3034;30 a 34 anos                  ;5;ENSINO MÉDIO INCOMPLETO;-3;#NE;-3;#NE;-3;#NE;-3;#NE;Obrigatório;7;0;0;0
13/04/2021;19:37:12;2012;ES;56057;ALFREDO CHAVES;12;3;1015;;2;MASCULINO;1;SOLTEIRO;5054;50 a 54 anos                  ;7;SUPERIOR INCOMPLETO;-3;#NE;-3;#NE;-3;#NE;-3;#NE;Obrigatório;2;0;0;0
13/04/2021;19:37:12;2012;ES;56057;ALFREDO CHAVES;12;3;1015;;2;MASCULINO;3;CASADO;6569;65 a 69 anos                  ;3;ENSINO FUNDAMENTAL INCOMPLETO;-3;#NE;-3;#NE;-3;#NE;-3;#NE;Obrigatório;3;0;0;0
13/04/2021;19:37:12;2012;ES;56057;ALFREDO CHAVES;12;5;1015;;2;MASCULINO;1;SOLTEIRO;1800;18 anos                       ;6;ENSINO MÉDIO COMPLETO;-3;#NE;-3;#NE;-3;#NE;-3;#NE;Obrigatório;1;0;0;0
13/04/2021;19:37:12;2012;ES;56057;ALFREDO CHAVES;12;5;1015;;2;MASCULINO;3;CASADO;4044;40 a 44 anos                  ;3;ENSINO FUNDAMENTAL INCOMPLETO;-3;#NE;-3;#NE;-3;#NE;-3;#NE;Obrigatório;1;0;0;0
13/04/2021;19:37:12;2012;ES;56057;ALFREDO CHAVES;12;5;1015;;4;FEMININO;1;SOLTEIRO;2529;25 a 29 anos                  ;4;ENSINO FUNDAMENTAL COMPLETO;-3;#NE;-3;#NE;-3;#NE;-3;#NE;Obrigatório;2;0;0;0
13/04/2021;19:37:12;2012;ES;56057;ALFREDO CHAVES;12;5;1015;;4;FEMININO;3;CASADO;5559;55 a 59 anos                  ;2;LÊ E ESCREVE;-3;#NE;-3;#NE;-3;#NE;-3;#NE;Obrigatório;2;0;0;0
13/04/2021;19:37:12;2012;ES;56057;ALFREDO CHAVES;12;6;1023;;2;MASCULINO;1;SOLTEIRO;2000;20 anos                       ;7;SUPERIOR INCOMPLETO;-3;#NE;-3;#NE;-3;#NE;-3;#NE;Obrigatório;1;0;0;0
13/04/2021;19:37:12;2012;ES;56057;ALFREDO CHAVES;12;6;1023;;2;MASCULINO;3;CASADO;4044;40 a 44 anos                  ;6;ENSINO MÉDIO COMPLETO;-3;#NE;-3;#NE;-3;#NE;-3;#NE;Obrigatório;1;0;0;0
13/04/2021;19:37:12;2012;ES;56057;ALFREDO CHAVES;12;6;1023;;4;FEMININO;1;SOLTEIRO;4044;40 a 44 anos                  ;3;ENSINO FUNDAMENTAL INCOMPLETO;-3;#NE;-3;#NE;-3;#NE;-3;#NE;Obrigatório;2;0;0;0
13/04/2021;19:37:12;2012;ES;56057;ALFREDO CHAVES;12;6;1023;;4;FEMININO;3;CASADO;8589;85 a 89 anos                  ;2;LÊ E ESCREVE;-3;#NE;-3;#NE;-3;#NE;-3;#NE;Facultativo;1;0;0;0
13/04/2021;19:37:12;2012;ES;56057;ALFREDO CHAVES;12;7;1023;;2;MASCULINO;1;SOLTEIRO;5054;50 a 54 anos                  ;1;ANALFABETO;-3;#NE;-3;#NE;-3;#NE;-3;#NE;Facultativo;1;0;0;0
13/04/2021;19:37:12;2012;ES;56057;ALFREDO CHAVES;12;7;1023;;2;MASCULINO;3;CASADO;8589;85 a 89 anos                  ;3;ENSINO FUNDAMENTAL INCOMPLETO;-3;#NE;-3;#NE;-3;#NE;-3;#NE;Facultativo;2;0;0;0
13/04/2021;19:37:12;2012;ES;56057;ALFREDO CHAVES;12;7;1023;;4;FEMININO;1;SOLTEIRO;5054;50 a 54 anos                  ;6;ENSINO MÉDIO COMPLETO;-3;#NE;-3;#NE;-3;#NE;-3;#NE;Obrigatório;2;0;0;0
13/04/2021;19:37:12;2012;ES;56057;ALFREDO CHAVES;12;7;1023;;4;FEMININO;5;VIÚVO;5054;50 a 54 anos                  ;3;ENSINO FUNDAMENTAL INCOMPLETO;-3;#NE;-3;#NE;-3;#NE;-3;#NE;Obrigatório;2;0;0;0
13/04/2021;19:37:12;2012;ES;56057;ALFREDO CHAVES;12;8;1023;;2;MASCULINO;1;SOLTEIRO;2529;25 a 29 anos                  ;6;ENSINO MÉDIO COMPLETO;-3;#NE;-3;#NE;-3;#NE;-3;#NE;Obrigatório;2;0;0;0
13/04/2021;19:37:12;2012;ES;56057;ALFREDO CHAVES;12;8;1023;;2;MASCULINO;3;CASADO;6064;60 a 64 anos                  ;3;ENSINO FUNDAMENTAL INCOMPLETO;-3;#NE;-3;#NE;-3;#NE;-3;#NE;Obrigatório;4;0;0;0
13/04/2021;19:37:12;2012;ES;56057;ALFREDO CHAVES;12;8;1023;;2;MASCULINO;7;SEPARADO JUDICIALMENTE;5559;55 a 59 anos                  ;6;ENSINO MÉDIO COMPLETO;-3;#NE;-3;#NE;-3;#NE;-3;#NE;Obrigatório;1;0;0;0
13/04/2021;19:37:12;2012;ES;56057;ALFREDO CHAVES;12;8;1023;;4;FEMININO;1;SOLTEIRO;6064;60 a 64 anos                  ;6;ENSINO MÉDIO COMPLETO;-3;#NE;-3;#NE;-3;#NE;-3;#NE;Obrigatório;2;0;0;0
13/04/2021;19:37:12;2012;ES;56057;ALFREDO CHAVES;12;9;1031;;2;MASCULINO;1;SOLTEIRO;4044;40 a 44 anos                  ;3;ENSINO FUNDAMENTAL INCOMPLETO;-3;#NE;-3;#NE;-3;#NE;-3;#NE;Obrigatório;4;0;0;0
13/04/2021;19:37:12;2012;ES;56057;ALFREDO CHAVES;12;9;1031;;4;FEMININO;3;CASADO;1900;19 anos                       ;3;ENSINO FUNDAMENTAL INCOMPLETO;-3;#NE;-3;#NE;-3;#NE;-3;#NE;Obrigatório;1;0;0;0
13/04/2021;19:37:12;2012;ES;56057;ALFREDO CHAVES;12;10;1040;;2;MASCULINO;1;SOLTEIRO;1900;19 anos                       ;6;ENSINO MÉDIO COMPLETO;-3;#NE;-3;#NE;-3;#NE;-3;#NE;Obrigatório;2;0;0;0
13/04/2021;19:37:12;2012;ES;56057;ALFREDO CHAVES;12;10;1040;;2;MASCULINO;3;CASADO;6569;65 a 69 anos                  ;2;LÊ E ESCREVE;-3;#NE;-3;#NE;-3;#NE;-3;#NE;Obrigatório;3;0;0;0
13/04/2021;19:37:12;2012;ES;56057;ALFREDO CHAVES;12;10;1040;;4;FEMININO;1;SOLTEIRO;8084;80 a 84 anos                  ;1;ANALFABETO;-3;#NE;-3;#NE;-3;#NE;-3;#NE;Facultativo;1;0;0;0
13/04/2021;19:37:12;2012;ES;56057;ALFREDO CHAVES;12;11;1040;;2;MASCULINO;1;SOLTEIRO;2124;21 a 24 anos                  ;4;ENSINO FUNDAMENTAL COMPLETO;-3;#NE;-3;#NE;-3;#NE;-3;#NE;Obrigatório;2;0;0;0
13/04/2021;19:37:12;2012;ES;56057;ALFREDO CHAVES;12;11;1040;;2;MASCULINO;1;SOLTEIRO;7074;70 a 74 anos                  ;2;LÊ E ESCREVE;-3;#NE;-3;#NE;-3;#NE;-3;#NE;Facultativo;1;0;0;0
13/04/2021;19:37:12;2012;ES;56057;ALFREDO CHAVES;12;11;1040;;4;FEMININO;1;SOLTEIRO;1700;17 anos                       ;5;ENSINO MÉDIO INCOMPLETO;-3;#NE;-3;#NE;-3;#NE;-3;#NE;Facultativo;1;0;0;0
13/04/2021;19:37:12;2012;ES;56057;ALFREDO CHAVES;12;12;1058;;2;MASCULINO;1;SOLTEIRO;1900;19 anos                       ;5;ENSINO MÉDIO INCOMPLETO;-3;#NE;-3;#NE;-3;#NE;-3;#NE;Obrigatório;1;0;0;0
13/04/2021;19:37:12;2012;ES;56057;ALFREDO CHAVES;12;12;1058;;2;MASCULINO;3;CASADO;5559;55 a 59 anos                  ;3;ENSINO FUNDAMENTAL INCOMPLETO;-3;#NE;-3;#NE;-3;#NE;-3;#NE;Obrigatório;5;0;0;0
13/04/2021;19:37:12;2012;ES;56057;ALFREDO CHAVES;12;12;1058;;4;FEMININO;1;SOLTEIRO;4549;45 a 49 anos                  ;6;ENSINO MÉDIO COMPLETO;-3;#NE;-3;#NE;-3;#NE;-3;#NE;Obrigatório;1;0;0;0
13/04/2021;19:37:12;2012;ES;56057;ALFREDO CHAVES;12;13;1058;;2;MASCULINO;1;SOLTEIRO;1800;18 anos                       ;5;ENSINO MÉDIO INCOMPLETO;-3;#NE;-3;#NE;-3;#NE;-3;#NE;Obrigatório;4;0;0;0
13/04/2021;19:37:12;2012;ES;56057;ALFREDO CHAVES;12;13;1058;;2;MASCULINO;1;SOLTEIRO;4044;40 a 44 anos                  ;4;ENSINO FUNDAMENTAL COMPLETO;-3;#NE;-3;#NE;-3;#NE;-3;#NE;Obrigatório;1;0;0;0
13/04/2021;19:37:12;2012;ES;56057;ALFREDO CHAVES;12;13;1058;;2;MASCULINO;7;SEPARADO JUDICIALMENTE;6064;60 a 64 anos                  ;8;SUPERIOR COMPLETO;-3;#NE;-3;#NE;-3;#NE;-3;#NE;Obrigatório;1;0;0;0
13/04/2021;19:37:12;2012;ES;56057;ALFREDO CHAVES;12;13;1058;;4;FEMININO;1;SOLTEIRO;4549;45 a 49 anos                  ;6;ENSINO MÉDIO COMPLETO;-3;#NE;-3;#NE;-3;#NE;-3;#NE;Obrigatório;1;0;0;0
13/04/2021;19:37:12;2012;ES;56057;ALFREDO CHAVES;12;13;1058;;4;FEMININO;5;VIÚVO;6064;60 a 64 anos                  ;3;ENSINO FUNDAMENTAL INCOMPLETO;-3;#NE;-3;#NE;-3;#NE;-3;#NE;Obrigatório;1;0;0;0
13/04/2021;19:37:12;2012;ES;56057;ALFREDO CHAVES;12;14;1066;;2;MASCULINO;3;CASADO;5559;55 a 59 anos                  ;2;LÊ E ESCREVE;-3;#NE;-3;#NE;-3;#NE;-3;#NE;Obrigatório;2;0;0;0
13/04/2021;19:37:12;2012;ES;56057;ALFREDO CHAVES;12;14;1066;;4;FEMININO;1;SOLTEIRO;5054;50 a 54 anos                  ;2;LÊ E ESCREVE;-3;#NE;-3;#NE;-3;#NE;-3;#NE;Obrigatório;1;0;0;0
13/04/2021;19:37:12;2012;ES;56057;ALFREDO CHAVES;12;15;1074;;2;MASCULINO;1;SOLTEIRO;4549;45 a 49 anos                  ;2;LÊ E ESCREVE;-3;#NE;-3;#NE;-3;#NE;-3;#NE;Obrigatório;1;0;0;0
13/04/2021;19:37:12;2012;ES;56057;ALFREDO CHAVES;12;15;1074;;2;MASCULINO;7;SEPARADO JUDICIALMENTE;6064;60 a 64 anos                  ;4;ENSINO FUNDAMENTAL COMPLETO;-3;#NE;-3;#NE;-3;#NE;-3;#NE;Obrigatório;1;0;0;0
13/04/2021;19:37:12;2012;ES;56057;ALFREDO CHAVES;12;15;1074;;4;FEMININO;3;CASADO;6569;65 a 69 anos                  ;1;ANALFABETO;-3;#NE;-3;#NE;-3;#NE;-3;#NE;Facultativo;1;0;0;0
13/04/2021;19:37:12;2012;ES;56057;ALFREDO CHAVES;12;16;1082;;2;MASCULINO;1;SOLTEIRO;5054;50 a 54 anos                  ;2;LÊ E ESCREVE;-3;#NE;-3;#NE;-3;#NE;-3;#NE;Obrigatório;3;0;0;0
13/04/2021;19:37:12;2012;ES;56057;ALFREDO CHAVES;12;16;1082;;4;FEMININO;3;CASADO;3539;35 a 39 anos                  ;8;SUPERIOR COMPLETO;-3;#NE;-3;#NE;-3;#NE;-3;#NE;Obrigatório;1;0;0;0
13/04/2021;19:37:12;2012;ES;56057;ALFREDO CHAVES;12;17;1090;;2;MASCULINO;1;SOLTEIRO;4044;40 a 44 anos                  ;6;ENSINO MÉDIO COMPLETO;-3;#NE;-3;#NE;-3;#NE;-3;#NE;Obrigatório;1;0;0;0
13/04/2021;19:37:12;2012;ES;56057;ALFREDO CHAVES;12;17;1090;;4;FEMININO;1;SOLTEIRO;1900;19 anos                       ;5;ENSINO MÉDIO INCOMPLETO;-3;#NE;-3;#NE;-3;#NE;-3;#NE;Obrigatório;1;0;0;0
13/04/2021;19:37:12;2012;ES;56057;ALFREDO CHAVES;12;17;1090;;4;FEMININO;3;CASADO;7579;75 a 79 anos                  ;2;LÊ E ESCREVE;-3;#NE;-3;#NE;-3;#NE;-3;#NE;Facultativo;1;0;0;0
13/04/2021;19:37:12;2012;ES;56057;ALFREDO CHAVES;12;18;1090;;2;MASCULINO;1;SOLTEIRO;3034;30 a 34 anos                  ;7;SUPERIOR INCOMPLETO;-3;#NE;-3;#NE;-3;#NE;-3;#NE;Obrigatório;1;0;0;0
13/04/2021;19:37:12;2012;ES;56057;ALFREDO CHAVES;12;18;1090;;2;MASCULINO;3;CASADO;8589;85 a 89 anos                  ;3;ENSINO FUNDAMENTAL INCOMPLETO;-3;#NE;-3;#NE;-3;#NE;-3;#NE;Facultativo;1;0;0;0
13/04/2021;19:37:12;2012;ES;56057;ALFREDO CHAVES;12;18;1090;;4;FEMININO;3;CASADO;4044;40 a 44 anos                  ;3;ENSINO FUNDAMENTAL INCOMPLETO;-3;#NE;-3;#NE;-3;#NE;-3;#NE;Obrigatório;5;0;0;0
13/04/2021;19:37:12;2012;ES;56057;ALFREDO CHAVES;12;19;1104;;2;MASCULINO;1;SOLTEIRO;2124;21 a 24 anos                  ;5;ENSINO MÉDIO INCOMPLETO;-3;#NE;-3;#NE;-3;#NE;-3;#NE;Obrigatório;2;0;0;0
13/04/2021;19:37:12;2012;ES;56057;ALFREDO CHAVES;12;19;1104;;2;MASCULINO;3;CASADO;8084;80 a 84 anos                  ;2;LÊ E ESCREVE;-3;#NE;-3;#NE;-3;#NE;-3;#NE;Facultativo;2;0;0;0
13/04/2021;19:37:12;2012;ES;56057;ALFREDO CHAVES;12;20;1112;;2;MASCULINO;1;SOLTEIRO;2000;20 anos                       ;5;ENSINO MÉDIO INCOMPLETO;-3;#NE;-3;#NE;-3;#NE;-3;#NE;Obrigatório;3;0;0;0
13/04/2021;19:37:12;2012;ES;56057;ALFREDO CHAVES;12;20;1112;;2;MASCULINO;3;CASADO;6064;60 a 64 anos                  ;1;ANALFABETO;-3;#NE;-3;#NE;-3;#NE;-3;#NE;Facultativo;1;0;0;0
13/04/2021;19:37:12;2012;ES;56057;ALFREDO CHAVES;12;20;1112;;4;FEMININO;1;SOLTEIRO;7074;70 a 74 anos                  ;1;ANALFABETO;-3;#NE;-3;#NE;-3;#NE;-3;#NE;Facultativo;1;0;0;0
13/04/2021;19:37:12;2012;ES;56057;ALFREDO CHAVES;12;21;1120;;2;MASCULINO;1;SOLTEIRO;1900;19 anos                       ;6;ENSINO MÉDIO COMPLETO;-3;#NE;-3;#NE;-3;#NE;-3;#NE;Obrigatório;1;0;0;0
13/04/2021;19:37:12;2012;ES;56057;ALFREDO CHAVES;12;21;1120;;2;MASCULINO;1;SOLTEIRO;2529;25 a 29 anos                  ;6;ENSINO MÉDIO COMPLETO;-3;#NE;-3;#NE;-3;#NE;-3;#NE;Obrigatório;1;0;0;0
13/04/2021;19:37:12;2012;ES;56057;ALFREDO CHAVES;12;21;1120;;2;MASCULINO;3;CASADO;7579;75 a 79 anos                  ;3;ENSINO FUNDAMENTAL INCOMPLETO;-3;#NE;-3;#NE;-3;#NE;-3;#NE;Facultativo;2;0;0;0
13/04/2021;19:37:12;2012;ES;56057;ALFREDO CHAVES;12;21;1120;;4;FEMININO;3;CASADO;6569;65 a 69 anos                  ;3;ENSINO FUNDAMENTAL INCOMPLETO;-3;#NE;-3;#NE;-3;#NE;-3;#NE;Obrigatório;4;0;0;0
13/04/2021;19:37:12;2012;ES;56057;ALFREDO CHAVES;12;22;1139;;2;MASCULINO;1;SOLTEIRO;5054;50 a 54 anos                  ;4;ENSINO FUNDAMENTAL COMPLETO;-3;#NE;-3;#NE;-3;#NE;-3;#NE;Obrigatório;1;0;0;0
13/04/2021;19:37:12;2012;ES;56057;ALFREDO CHAVES;12;22;1139;;2;MASCULINO;3;CASADO;7074;70 a 74 anos                  ;4;ENSINO FUNDAMENTAL COMPLETO;-3;#NE;-3;#NE;-3;#NE;-3;#NE;Facultativo;1;0;0;0
