"DT_GERACAO";"HH_GERACAO";"ANO_ELEICAO";"CD_TIPO_ELEICAO";"NM_TIPO_ELEICAO";"NR_TURNO";"CD_ELEICAO";"DS_ELEICAO";"DT_ELEICAO";"TP_ABRANGENCIA";"SG_UF";"SG_UE";"NM_UE";"CD_MUNICIPIO";"NM_MUNICIPIO";"NR_ZONA";"NR_SECAO";"CD_CARGO";"DS_CARGO";"NR_VOTAVEL";"NM_VOTAVEL";"QT_VOTOS";"NR_LOCAL_VOTACAO";"SQ_CANDIDATO";"NM_LOCAL_VOTACAO";"DS_LOCAL_VOTACAO_ENDERECO"
"28/10/2024";"11:46:22";2024;2;"Eleição Ordinária";1;619;"Eleições Municipais 2024";"06/10/2024";"M";"ES";"56057";"ALFREDO CHAVES";56057;"ALFREDO CHAVES";12;4;13;"Vereador";40123;"CELIA MARIA STEIN BUBACH";1;1015;80001947153;"EMEF ANA ARAÚJO";"R. EXPEDICIONARIO OSVALDO SAUDINO"
"28/10/2024";"11:46:22";2024;2;"Eleição Ordinária";1;619;"Eleições Municipais 2024";"06/10/2024";"M";"ES";"56057";"ALFREDO CHAVES";56057;"ALFREDO CHAVES";12;37;13;"Vereador";10190;"ROMILDO DOMINGOS BORTOLUZZI";6;1228;80001966352;"CRECHE COMECINHO DE GENTE";"AV. DARCY DE PAULA GAIGHER, S/N"
"28/10/2024";"11:46:22";2024;2;"Eleição Ordinária";1;619;"Eleições Municipais 2024";"06/10/2024";"M";"ES";"56057";"ALFREDO CHAVES";56057;"ALFREDO CHAVES";12;21;13;"Vereador";11000;"FRANCISCO DE ASSIS JOSE DOS SANTOS";6;1120;80001982776;"EMUEF QUARTO TERRITÓRIO";"RUA PRINCIPAL, S/N"
"28/10/2024";"11:46:22";2024;2;"Eleição Ordinária";1;619;"Eleições Municipais 2024";"06/10/2024";"M";"ES";"56057";"ALFREDO CHAVES";56057;"ALFREDO CHAVES";12;11;13;"Vereador";22222;"LUCIANO DE JESUS SILVA";1;1040;80002230760;"EEEF DE CRUBIXÁ";"R. PRINCIPAL, S/ Nº"
"28/10/2024";"11:46:22";2024;2;"Eleição Ordinária";1;619;"Eleições Municipais 2024";"06/10/2024";"M";"ES";"56057";"ALFREDO CHAVES";56057;"ALFREDO CHAVES";12;98;13;"Vereador";22000;"ANDRÉ ALMONFREY ORLANDI";1;1090;80002230761;"EMEF FELIPE MODOLO";"R. PRINCIPAL, S/ N"
"28/10/2024";"11:46:22";2024;2;"Eleição Ordinária";1;619;"Eleições Municipais 2024";"06/10/2024";"M";"ES";"56057";"ALFREDO CHAVES";56057;"ALFREDO CHAVES";12;28;13;"Vereador";55152;"ARILDO ALVES";1;1074;80001947338;"SALÃO DA IGREJA DE SÃO MARTINHO";"R. PRINCIPAL, S/ N"
"28/10/2024";"11:46:22";2024;2;"Eleição Ordinária";1;619;"Eleições Municipais 2024";"06/10/2024";"M";"ES";"56057";"ALFREDO CHAVES";56057;"ALFREDO CHAVES";12;41;13;"Vereador";22500;"LAUDEMIR CARLOS PEREIRA";2;1236;80002230758;"SALÃO PAROQUIAL DA IGREJA DE NOSSA SENHORA DA CONCEIÇÃO";"AV. GETULIO VARGAS, 545"
"28/10/2024";"11:46:22";2024;2;"Eleição Ordinária";1;619;"Eleições Municipais 2024";"06/10/2024";"M";"ES";"56057";"ALFREDO CHAVES";56057;"ALFREDO CHAVES";12;26;11;"Prefeito";22;"LUIZ CLAUDIO BOLDRINI";6;1163;80002271252;"EEUEF VILA NOVA DE MARAVILHA";"R. PRINCIPAL, S/ Nº"
"28/10/2024";"11:46:22";2024;2;"Eleição Ordinária";1;619;"Eleições Municipais 2024";"06/10/2024";"M";"ES";"56057";"ALFREDO CHAVES";56057;"ALFREDO CHAVES";12;3;13;"Vereador";22222;"LUCIANO DE JESUS SILVA";6;1015;80002230760;"EMEF ANA ARAÚJO";"R. EXPEDICIONARIO OSVALDO SAUDINO"
"28/10/2024";"11:46:22";2024;2;"Eleição Ordinária";1;619;"Eleições Municipais 2024";"06/10/2024";"M";"ES";"56057";"ALFREDO CHAVES";56057;"ALFREDO CHAVES";12;20;13;"Vereador";45100;"WELLINGTON MORAES DE AGUIAR";3;1112;80001982697;"SALÃO DA IGREJA CATÓLICA DE CACHOEIRA ALTA";"R. PRINCIPAL, S/ N"
"28/10/2024";"11:46:22";2024;2;"Eleição Ordinária";1;619;"Eleições Municipais 2024";"06/10/2024";"M";"ES";"56057";"ALFREDO CHAVES";56057;"ALFREDO CHAVES";12;16;11;"Prefeito";22;"LUIZ CLAUDIO BOLDRINI";27;1082;80002271252;"PRÉDIO DA ANTIGA ESCOLA ALMERINDA BRUNORO";"R. PRINCIPAL, S/ N"
"28/10/2024";"11:46:22";2024;2;"Eleição Ordinária";1;619;"Eleições Municipais 2024";"06/10/2024";"M";"ES";"56057";"ALFREDO CHAVES";56057;"ALFREDO CHAVES";12;30;13;"Vereador";22222;"LUCIANO DE JESUS SILVA";6;1171;80002230760;"EEEFM CAMILA MOTA";"R. NELSON DA COSTA MELLO, S/ N"
"28/10/2024";"11:46:22";2024;2;"Eleição Ordinária";1;619;"Eleições Municipais 2024";"06/10/2024";"M";"ES";"56057";"ALFREDO CHAVES";56057;"ALFREDO CHAVES";12;9;11;"Prefeito";95;"VOTO BRANCO";2;1031;-1;"EMEF FAZENDA APARECIDA";"R. PRINCIPAL, S/ Nº"
"28/10/2024";"11:46:22";2024;2;"Eleição Ordinária";1;619;"Eleições Municipais 2024";"06/10/2024";"M";"ES";"56057";"ALFREDO CHAVES";56057;"ALFREDO CHAVES";12;2;13;"Vereador";22022;"SAMUEL ARDIZZON BELMOK";5;1015;80002230759;"EMEF ANA ARAÚJO";"R. EXPEDICIONARIO OSVALDO SAUDINO"
"28/10/2024";"11:46:22";2024;2;"Eleição Ordinária";1;619;"Eleições Municipais 2024";"06/10/2024";"M";"ES";"56057";"ALFREDO CHAVES";56057;"ALFREDO CHAVES";12;31;13;"Vereador";22022;"SAMUEL ARDIZZON BELMOK";3;1171;80002230759;"EEEFM CAMILA MOTA";"R. NELSON DA COSTA MELLO, S/ N"
"28/10/2024";"11:46:22";2024;2;"Eleição Ordinária";1;619;"Eleições Municipais 2024";"06/10/2024";"M";"ES";"56057";"ALFREDO CHAVES";56057;"ALFREDO CHAVES";12;7;13;"Vereador";45513;"DEVANITO GOMES TEIXEIRA";1;1171;80001982691;"EEEFM CAMILA MOTA";"R. NELSON DA COSTA MELLO, S/ N"
"28/10/2024";"11:46:22";2024;2;"Eleição Ordinária";1;619;"Eleições Municipais 2024";"06/10/2024";"M";"ES";"56057";"ALFREDO CHAVES";56057;"ALFREDO CHAVES";12;23;13;"Vereador";11100;"TAIS LIMA TEIXEIRA ULIANA";1;1139;80001982780;"EMEF SAGRADA FAMÍLIA";"R. PRINCIPAL, S/ N"
"28/10/2024";"11:46:22";2024;2;"Eleição Ordinária";1;619;"Eleições Municipais 2024";"06/10/2024";"M";"ES";"56057";"ALFREDO CHAVES";56057;"ALFREDO CHAVES";12;14;13;"Vereador";10321;"DIVAL LUIZ PAGANINI";1;1066;80001966354;"SALÃO DA IGREJA CATÓLICA DE SÃO FRANCISCO DE BATATAL";"RUA PRINCIPAL, S/ N"
"28/10/2024";"11:46:22";2024;2;"Eleição Ordinária";1;619;"Eleições Municipais 2024";"06/10/2024";"M";"ES";"56057";"ALFREDO CHAVES";56057;"ALFREDO CHAVES";12;1;13;"Vereador";10321;"DIVAL LUIZ PAGANINI";2;1015;80001966354;"EMEF ANA ARAÚJO";"R. EXPEDICIONARIO OSVALDO SAUDINO"
"28/10/2024";"11:46:22";2024;2;"Eleição Ordinária";1;619;"Eleições Municipais 2024";"06/10/2024";"M";"ES";"56057";"ALFREDO CHAVES";56057;"ALFREDO CHAVES";12;13;13;"Vereador";40444;"ALAESSO LORENZON";4;1058;80001947150;"EMEF ENGANO";"R. PRINCIPAL, S/N"
"28/10/2024";"11:46:22";2024;2;"Eleição Ordinária";1;619;"Eleições Municipais 2024";"06/10/2024";"M";"ES";"56057";"ALFREDO CHAVES";56057;"ALFREDO CHAVES";12;41;13;"Vereador";55555;"ADILSON JOSE ROVETA";5;1236;80001947332;"SALÃO PAROQUIAL DA IGREJA DE NOSSA SENHORA DA CONCEIÇÃO";"AV. GETULIO VARGAS, 545"
"28/10/2024";"11:46:22";2024;2;"Eleição Ordinária";1;619;"Eleições Municipais 2024";"06/10/2024";"M";"ES";"56057";"ALFREDO CHAVES";56057;"ALFREDO CHAVES";12;2;13;"Vereador";40000;"NILTON CESAR BELMOK";4;1015;80001947152;"EMEF ANA ARAÚJO";"R. EXPEDICIONARIO OSVALDO SAUDINO"
"28/10/2024";"11:46:22";2024;2;"Eleição Ordinária";1;619;"Eleições Municipais 2024";"06/10/2024";"M";"ES";"56057";"ALFREDO CHAVES";56057;"ALFREDO CHAVES";12;31;13;"Vereador";40000;"NILTON CESAR BELMOK";13;1171;80001947152;"EEEFM CAMILA MOTA";"R. NELSON DA COSTA MELLO, S/ N"
"28/10/2024";"11:46:22";2024;2;"Eleição Ordinária";1;619;"Eleições Municipais 2024";"06/10/2024";"M";"ES";"56057";"ALFREDO CHAVES";56057;"ALFREDO CHAVES";12;4;13;"Vereador";40555;"DANIEL ORLANDI";10;1015;80001947149;"EMEF ANA ARAÚJO";"R. EXPEDICIONARIO OSVALDO SAUDINO"
"28/10/2024";"11:46:22";2024;2;"Eleição Ordinária";1;619;"Eleições Municipais 2024";"06/10/2024";"M";"ES";"56057";"ALFREDO CHAVES";56057;"ALFREDO CHAVES";12;41;13;"Vereador";40999;"EMILIA DAS GRAÇAS ALVES PADILHA DOMINGUES";1;1236;80001947155;"SALÃO PAROQUIAL DA IGREJA DE NOSSA SENHORA DA CONCEIÇÃO";"AV. GETULIO VARGAS, 545"
"28/10/2024";"11:46:22";2024;2;"Eleição Ordinária";1;619;"Eleições Municipais 2024";"06/10/2024";"M";"ES";"56057";"ALFREDO CHAVES";56057;"ALFREDO CHAVES";12;39;11;"Prefeito";22;"LUIZ CLAUDIO BOLDRINI";14;1244;80002271252;"CRECHE PEQUERRUCHOS";"RUA ANTÔNIO CLAUDIO GAIGHER, 19"
"28/10/2024";"11:46:22";2024;2;"Eleição Ordinária";1;619;"Eleições Municipais 2024";"06/10/2024";"M";"ES";"56057";"ALFREDO CHAVES";56057;"ALFREDO CHAVES";12;30;13;"Vereador";11111;"JONACIR JOSE DENADAI";2;1171;80001982774;"EEEFM CAMILA MOTA";"R. NELSON DA COSTA MELLO, S/ N"
"28/10/2024";"11:46:22";2024;2;"Eleição Ordinária";1;619;"Eleições Municipais 2024";"06/10/2024";"M";"ES";"56057";"ALFREDO CHAVES";56057;"ALFREDO CHAVES";12;13;13;"Vereador";10190;"ROMILDO DOMINGOS BORTOLUZZI";18;1058;80001966352;"EMEF ENGANO";"R. PRINCIPAL, S/N"
"28/10/2024";"11:46:22";2024;2;"Eleição Ordinária";1;619;"Eleições Municipais 2024";"06/10/2024";"M";"ES";"56057";"ALFREDO CHAVES";56057;"ALFREDO CHAVES";12;14;13;"Vereador";55321;"VALDIRENE BRANDÃO ANDRADE SORIO";1;1066;80001947331;"SALÃO DA IGREJA CATÓLICA DE SÃO FRANCISCO DE BATATAL";"RUA PRINCIPAL, S/ N"
"28/10/2024";"11:46:22";2024;2;"Eleição Ordinária";1;619;"Eleições Municipais 2024";"06/10/2024";"M";"ES";"56057";"ALFREDO CHAVES";56057;"ALFREDO CHAVES";12;1;13;"Vereador";55321;"VALDIRENE BRANDÃO ANDRADE SORIO";1;1015;80001947331;"EMEF ANA ARAÚJO";"R. EXPEDICIONARIO OSVALDO SAUDINO"
"28/10/2024";"11:46:22";2024;2;"Eleição Ordinária";1;619;"Eleições Municipais 2024";"06/10/2024";"M";"ES";"56057";"ALFREDO CHAVES";56057;"ALFREDO CHAVES";12;13;13;"Vereador";55333;"BERENICE DA PENHA GALVAO PEREIRA";4;1058;80001947339;"EMEF ENGANO";"R. PRINCIPAL, S/N"
"28/10/2024";"11:46:22";2024;2;"Eleição Ordinária";1;619;"Eleições Municipais 2024";"06/10/2024";"M";"ES";"56057";"ALFREDO CHAVES";56057;"ALFREDO CHAVES";12;12;13;"Vereador";45000;"WARLEI FERRARINI PESSALI";5;1058;80001982698;"EMEF ENGANO";"R. PRINCIPAL, S/N"
"28/10/2024";"11:46:22";2024;2;"Eleição Ordinária";1;619;"Eleições Municipais 2024";"06/10/2024";"M";"ES";"56057";"ALFREDO CHAVES";56057;"ALFREDO CHAVES";12;85;13;"Vereador";45777;"GUILHERME CARLOS CETTO VITOR";3;1244;80001982699;"CRECHE PEQUERRUCHOS";"RUA ANTÔNIO CLAUDIO GAIGHER, 19"
"28/10/2024";"11:46:22";2024;2;"Eleição Ordinária";1;619;"Eleições Municipais 2024";"06/10/2024";"M";"ES";"56057";"ALFREDO CHAVES";56057;"ALFREDO CHAVES";12;6;13;"Vereador";45666;"SERGIO BIANCHI";2;1023;80001982693;"EEEFM CAMILA MOTA";"R. NELSON DA COSTA MELLO, S/ N"
"28/10/2024";"11:46:22";2024;2;"Eleição Ordinária";1;619;"Eleições Municipais 2024";"06/10/2024";"M";"ES";"56057";"ALFREDO CHAVES";56057;"ALFREDO CHAVES";12;22;13;"Vereador";95;"VOTO BRANCO";6;1139;-1;"EMEF SAGRADA FAMÍLIA";"R. PRINCIPAL, S/ N"
"28/10/2024";"11:46:22";2024;2;"Eleição Ordinária";1;619;"Eleições Municipais 2024";"06/10/2024";"M";"ES";"56057";"ALFREDO CHAVES";56057;"ALFREDO CHAVES";12;26;13;"Vereador";10190;"ROMILDO DOMINGOS BORTOLUZZI";5;1163;80001966352;"EEUEF VILA NOVA DE MARAVILHA";"R. PRINCIPAL, S/ Nº"
"28/10/2024";"11:46:22";2024;2;"Eleição Ordinária";1;619;"Eleições Municipais 2024";"06/10/2024";"M";"ES";"56057";"ALFREDO CHAVES";56057;"ALFREDO CHAVES";12;11;13;"Vereador";10789;"LUIS ALBERTO BIANCHI";1;1040;80001966357;"EEEF DE CRUBIXÁ";"R. PRINCIPAL, S/ Nº"
"28/10/2024";"11:46:22";2024;2;"Eleição Ordinária";1;619;"Eleições Municipais 2024";"06/10/2024";"M";"ES";"56057";"ALFREDO CHAVES";56057;"ALFREDO CHAVES";12;27;13;"Vereador";22500;"LAUDEMIR CARLOS PEREIRA";3;1171;80002230758;"EEEFM CAMILA MOTA";"R. NELSON DA COSTA MELLO, S/ N"
"28/10/2024";"11:46:22";2024;2;"Eleição Ordinária";1;619;"Eleições Municipais 2024";"06/10/2024";"M";"ES";"56057";"ALFREDO CHAVES";56057;"ALFREDO CHAVES";12;29;13;"Vereador";11000;"FRANCISCO DE ASSIS JOSE DOS SANTOS";2;1147;80001982776;"SALÃO COMUNITÁRIO DE SÃO BENTO DE URÂNIA";"R. PRINCIPAL, S/ N"
"28/10/2024";"11:46:22";2024;2;"Eleição Ordinária";1;619;"Eleições Municipais 2024";"06/10/2024";"M";"ES";"56057";"ALFREDO CHAVES";56057;"ALFREDO CHAVES";12;33;13;"Vereador";11000;"FRANCISCO DE ASSIS JOSE DOS SANTOS";14;1171;80001982776;"EEEFM CAMILA MOTA";"R. NELSON DA COSTA MELLO, S/ N"
"28/10/2024";"11:46:22";2024;2;"Eleição Ordinária";1;619;"Eleições Municipais 2024";"06/10/2024";"M";"ES";"56057";"ALFREDO CHAVES";56057;"ALFREDO CHAVES";12;17;13;"Vereador";40111;"CHARLES GAIGHER";7;1090;80001947148;"EMEF FELIPE MODOLO";"R. PRINCIPAL, S/ N"
"28/10/2024";"11:46:22";2024;2;"Eleição Ordinária";1;619;"Eleições Municipais 2024";"06/10/2024";"M";"ES";"56057";"ALFREDO CHAVES";56057;"ALFREDO CHAVES";12;13;13;"Vereador";22122;"SILVIA FOLGER BERNABÉ";1;1058;80002230756;"EMEF ENGANO";"R. PRINCIPAL, S/N"
"28/10/2024";"11:46:22";2024;2;"Eleição Ordinária";1;619;"Eleições Municipais 2024";"06/10/2024";"M";"ES";"56057";"ALFREDO CHAVES";56057;"ALFREDO CHAVES";12;13;13;"Vereador";55555;"ADILSON JOSE ROVETA";3;1058;80001947332;"EMEF ENGANO";"R. PRINCIPAL, S/N"
"28/10/2024";"11:46:22";2024;2;"Eleição Ordinária";1;619;"Eleições Municipais 2024";"06/10/2024";"M";"ES";"56057";"ALFREDO CHAVES";56057;"ALFREDO CHAVES";12;40;13;"Vereador";45777;"GUILHERME CARLOS CETTO VITOR";3;1236;80001982699;"SALÃO PAROQUIAL DA IGREJA DE NOSSA SENHORA DA CONCEIÇÃO";"AV. GETULIO VARGAS, 545"
"28/10/2024";"11:46:22";2024;2;"Eleição Ordinária";1;619;"Eleições Municipais 2024";"06/10/2024";"M";"ES";"56057";"ALFREDO CHAVES";56057;"ALFREDO CHAVES";12;3;13;"Vereador";11234;"MIGUEL ANTONIO MARTINS CLEN";4;1015;80001982777;"EMEF ANA ARAÚJO";"R. EXPEDICIONARIO OSVALDO SAUDINO"
"28/10/2024";"11:46:22";2024;2;"Eleição Ordinária";1;619;"Eleições Municipais 2024";"06/10/2024";"M";"ES";"56057";"ALFREDO CHAVES";56057;"ALFREDO CHAVES";12;4;13;"Vereador";22040;"EDEVANILDE GORETI BREDA ALMEIDA";6;1015;80002230757;"EMEF ANA ARAÚJO";"R. EXPEDICIONARIO OSVALDO SAUDINO"
"28/10/2024";"11:46:22";2024;2;"Eleição Ordinária";1;619;"Eleições Municipais 2024";"06/10/2024";"M";"ES";"56057";"ALFREDO CHAVES";56057;"ALFREDO CHAVES";12;39;11;"Prefeito";96;"VOTO NULO";12;1244;-1;"CRECHE PEQUERRUCHOS";"RUA ANTÔNIO CLAUDIO GAIGHER, 19"
"28/10/2024";"11:46:22";2024;2;"Eleição Ordinária";1;619;"Eleições Municipais 2024";"06/10/2024";"M";"ES";"56057";"ALFREDO CHAVES";56057;"ALFREDO CHAVES";12;35;13;"Vereador";10101;"NAMARA NAZARIA DE PAULA PASSOS SILVA";1;1171;80001966359;"EEEFM CAMILA MOTA";"R. NELSON DA COSTA MELLO, S/ N"
"28/10/2024";"11:46:22";2024;2;"Eleição Ordinária";1;619;"Eleições Municipais 2024";"06/10/2024";"M";"ES";"56057";"ALFREDO CHAVES";56057;"ALFREDO CHAVES";12;35;13;"Vereador";11000;"FRANCISCO DE ASSIS JOSE DOS SANTOS";18;1171;80001982776;"EEEFM CAMILA MOTA";"R. NELSON DA COSTA MELLO, S/ N"
"28/10/2024";"11:46:22";2024;2;"Eleição Ordinária";1;619;"Eleições Municipais 2024";"06/10/2024";"M";"ES";"56057";"ALFREDO CHAVES";56057;"ALFREDO CHAVES";12;41;13;"Vereador";11000;"FRANCISCO DE ASSIS JOSE DOS SANTOS";6;1236;80001982776;"SALÃO PAROQUIAL DA IGREJA DE NOSSA SENHORA DA CONCEIÇÃO";"AV. GETULIO VARGAS, 545"
"28/10/2024";"11:46:22";2024;2;"Eleição Ordinária";1;619;"Eleições Municipais 2024";"06/10/2024";"M";"ES";"56057";"ALFREDO CHAVES";56057;"ALFREDO CHAVES";12;6;13;"Vereador";10789;"LUIS ALBERTO BIANCHI";2;1023;80001966357;"EEEFM CAMILA MOTA";"R. NELSON DA COSTA MELLO, S/ N"
"28/10/2024";"11:46:22";2024;2;"Eleição Ordinária";1;619;"Eleições Municipais 2024";"06/10/2024";"M";"ES";"56057";"ALFREDO CHAVES";56057;"ALFREDO CHAVES";12;5;13;"Vereador";55444;"ODAIR AUGUSTO BASSO";2;1015;80001947333;"EMEF ANA ARAÚJO";"R. EXPEDICIONARIO OSVALDO SAUDINO"
"28/10/2024";"11:46:22";2024;2;"Eleição Ordinária";1;619;"Eleições Municipais 2024";"06/10/2024";"M";"ES";"56057";"ALFREDO CHAVES";56057;"ALFREDO CHAVES";12;21;13;"Vereador";55000;"JONAS NUNES SIMÕES";19;1120;80001947340;"EMUEF QUARTO TERRITÓRIO";"RUA PRINCIPAL, S/N"
"28/10/2024";"11:46:22";2024;2;"Eleição Ordinária";1;619;"Eleições Municipais 2024";"06/10/2024";"M";"ES";"56057";"ALFREDO CHAVES";56057;"ALFREDO CHAVES";12;5;13;"Vereador";22123;"CRISTIANO GRILLO";3;1015;80002230753;"EMEF ANA ARAÚJO";"R. EXPEDICIONARIO OSVALDO SAUDINO"
"28/10/2024";"11:46:22";2024;2;"Eleição Ordinária";1;619;"Eleições Municipais 2024";"06/10/2024";"M";"ES";"56057";"ALFREDO CHAVES";56057;"ALFREDO CHAVES";12;5;13;"Vereador";95;"VOTO BRANCO";3;1015;-1;"EMEF ANA ARAÚJO";"R. EXPEDICIONARIO OSVALDO SAUDINO"
"28/10/2024";"11:46:22";2024;2;"Eleição Ordinária";1;619;"Eleições Municipais 2024";"06/10/2024";"M";"ES";"56057";"ALFREDO CHAVES";56057;"ALFREDO CHAVES";12;85;13;"Vereador";55321;"VALDIRENE BRANDÃO ANDRADE SORIO";4;1244;80001947331;"CRECHE PEQUERRUCHOS";"RUA ANTÔNIO CLAUDIO GAIGHER, 19"
"28/10/2024";"11:46:22";2024;2;"Eleição Ordinária";1;619;"Eleições Municipais 2024";"06/10/2024";"M";"ES";"56057";"ALFREDO CHAVES";56057;"ALFREDO CHAVES";12;23;11;"Prefeito";22;"LUIZ CLAUDIO BOLDRINI";20;1139;80002271252;"EMEF SAGRADA FAMÍLIA";"R. PRINCIPAL, S/ N"
"28/10/2024";"11:46:22";2024;2;"Eleição Ordinária";1;619;"Eleições Municipais 2024";"06/10/2024";"M";"ES";"56057";"ALFREDO CHAVES";56057;"ALFREDO CHAVES";12;17;13;"Vereador";45555;"MARCIA FRANCISCO";2;1090;80001982694;"EMEF FELIPE MODOLO";"R. PRINCIPAL, S/ N"
"28/10/2024";"11:46:22";2024;2;"Eleição Ordinária";1;619;"Eleições Municipais 2024";"06/10/2024";"M";"ES";"56057";"ALFREDO CHAVES";56057;"ALFREDO CHAVES";12;3;13;"Vereador";20555;"VERA LUCIA BONA";5;1015;80001947283;"EMEF ANA ARAÚJO";"R. EXPEDICIONARIO OSVALDO SAUDINO"
"28/10/2024";"11:46:22";2024;2;"Eleição Ordinária";1;619;"Eleições Municipais 2024";"06/10/2024";"M";"ES";"56057";"ALFREDO CHAVES";56057;"ALFREDO CHAVES";12;17;13;"Vereador";22111;"FABIO DAMASCENO GALVAO";1;1090;80002230754;"EMEF FELIPE MODOLO";"R. PRINCIPAL, S/ N"
"28/10/2024";"11:46:22";2024;2;"Eleição Ordinária";1;619;"Eleições Municipais 2024";"06/10/2024";"M";"ES";"56057";"ALFREDO CHAVES";56057;"ALFREDO CHAVES";12;29;11;"Prefeito";40;"ROLMAR BOTECCHIA";87;1147;80001947211;"SALÃO COMUNITÁRIO DE SÃO BENTO DE URÂNIA";"R. PRINCIPAL, S/ N"
"28/10/2024";"11:46:22";2024;2;"Eleição Ordinária";1;619;"Eleições Municipais 2024";"06/10/2024";"M";"ES";"56057";"ALFREDO CHAVES";56057;"ALFREDO CHAVES";12;33;11;"Prefeito";40;"ROLMAR BOTECCHIA";82;1171;80001947211;"EEEFM CAMILA MOTA";"R. NELSON DA COSTA MELLO, S/ N"
"28/10/2024";"11:46:22";2024;2;"Eleição Ordinária";1;619;"Eleições Municipais 2024";"06/10/2024";"M";"ES";"56057";"ALFREDO CHAVES";56057;"ALFREDO CHAVES";12;39;13;"Vereador";22222;"LUCIANO DE JESUS SILVA";6;1244;80002230760;"CRECHE PEQUERRUCHOS";"RUA ANTÔNIO CLAUDIO GAIGHER, 19"
"28/10/2024";"11:46:22";2024;2;"Eleição Ordinária";1;619;"Eleições Municipais 2024";"06/10/2024";"M";"ES";"56057";"ALFREDO CHAVES";56057;"ALFREDO CHAVES";12;11;13;"Vereador";10190;"ROMILDO DOMINGOS BORTOLUZZI";13;1040;80001966352;"EEEF DE CRUBIXÁ";"R. PRINCIPAL, S/ Nº"
"28/10/2024";"11:46:22";2024;2;"Eleição Ordinária";1;619;"Eleições Municipais 2024";"06/10/2024";"M";"ES";"56057";"ALFREDO CHAVES";56057;"ALFREDO CHAVES";12;41;11;"Prefeito";95;"VOTO BRANCO";3;1236;-1;"SALÃO PAROQUIAL DA IGREJA DE NOSSA SENHORA DA CONCEIÇÃO";"AV. GETULIO VARGAS, 545"
"28/10/2024";"11:46:22";2024;2;"Eleição Ordinária";1;619;"Eleições Municipais 2024";"06/10/2024";"M";"ES";"56057";"ALFREDO CHAVES";56057;"ALFREDO CHAVES";12;22;13;"Vereador";45456;"MARCOS ANTONIO SOARES DOS SANTOS";2;1139;80001982692;"EMEF SAGRADA FAMÍLIA";"R. PRINCIPAL, S/ N"
"28/10/2024";"11:46:22";2024;2;"Eleição Ordinária";1;619;"Eleições Municipais 2024";"06/10/2024";"M";"ES";"56057";"ALFREDO CHAVES";56057;"ALFREDO CHAVES";12;7;13;"Vereador";40369;"MARIA AUGUSTA BUFFOLO";4;1171;80001947154;"EEEFM CAMILA MOTA";"R. NELSON DA COSTA MELLO, S/ N"
"28/10/2024";"11:46:22";2024;2;"Eleição Ordinária";1;619;"Eleições Municipais 2024";"06/10/2024";"M";"ES";"56057";"ALFREDO CHAVES";56057;"ALFREDO CHAVES";12;98;13;"Vereador";45666;"SERGIO BIANCHI";1;1090;80001982693;"EMEF FELIPE MODOLO";"R. PRINCIPAL, S/ N"
"28/10/2024";"11:46:22";2024;2;"Eleição Ordinária";1;619;"Eleições Municipais 2024";"06/10/2024";"M";"ES";"56057";"ALFREDO CHAVES";56057;"ALFREDO CHAVES";12;8;13;"Vereador";20777;"RENAUT AMERICO PIO";3;1023;80001947280;"EEEFM CAMILA MOTA";"R. NELSON DA COSTA MELLO, S/ N"
"28/10/2024";"11:46:22";2024;2;"Eleição Ordinária";1;619;"Eleições Municipais 2024";"06/10/2024";"M";"ES";"56057";"ALFREDO CHAVES";56057;"ALFREDO CHAVES";12;25;13;"Vereador";22022;"SAMUEL ARDIZZON BELMOK";3;1155;80002230759;"EMEF FELIPE MODOLO";"R. PRINCIPAL, S/ N"
"28/10/2024";"11:46:22";2024;2;"Eleição Ordinária";1;619;"Eleições Municipais 2024";"06/10/2024";"M";"ES";"56057";"ALFREDO CHAVES";56057;"ALFREDO CHAVES";12;2;13;"Vereador";95;"VOTO BRANCO";4;1015;-1;"EMEF ANA ARAÚJO";"R. EXPEDICIONARIO OSVALDO SAUDINO"
"28/10/2024";"11:46:22";2024;2;"Eleição Ordinária";1;619;"Eleições Municipais 2024";"06/10/2024";"M";"ES";"56057";"ALFREDO CHAVES";56057;"ALFREDO CHAVES";12;31;13;"Vereador";95;"VOTO BRANCO";4;1171;-1;"EEEFM CAMILA MOTA";"R. NELSON DA COSTA MELLO, S/ N"
"28/10/2024";"11:46:22";2024;2;"Eleição Ordinária";1;619;"Eleições Municipais 2024";"06/10/2024";"M";"ES";"56057";"ALFREDO CHAVES";56057;"ALFREDO CHAVES";12;38;13;"Vereador";40111;"CHARLES GAIGHER";8;1244;80001947148;"CRECHE PEQUERRUCHOS";"RUA ANTÔNIO CLAUDIO GAIGHER, 19"
"28/10/2024";"11:46:22";2024;2;"Eleição Ordinária";1;619;"Eleições Municipais 2024";"06/10/2024";"M";"ES";"56057";"ALFREDO CHAVES";56057;"ALFREDO CHAVES";12;21;13;"Vereador";22040;"EDEVANILDE GORETI BREDA ALMEIDA";6;1120;80002230757;"EMUEF QUARTO TERRITÓRIO";"RUA PRINCIPAL, S/N"
"28/10/2024";"11:46:22";2024;2;"Eleição Ordinária";1;619;"Eleições Municipais 2024";"06/10/2024";"M";"ES";"56057";"ALFREDO CHAVES";56057;"ALFREDO CHAVES";12;34;13;"Vereador";22040;"EDEVANILDE GORETI BREDA ALMEIDA";4;1171;80002230757;"EEEFM CAMILA MOTA";"R. NELSON DA COSTA MELLO, S/ N"
"28/10/2024";"11:46:22";2024;2;"Eleição Ordinária";1;619;"Eleições Municipais 2024";"06/10/2024";"M";"ES";"56057";"ALFREDO CHAVES";56057;"ALFREDO CHAVES";12;19;13;"Vereador";22040;"EDEVANILDE GORETI BREDA ALMEIDA";3;1104;80002230757;"SALÃO COMUNITÁRIO DE NOVA ESTRELA";"R. PRINCIPAL, S/ N"
"28/10/2024";"11:46:22";2024;2;"Eleição Ordinária";1;619;"Eleições Municipais 2024";"06/10/2024";"M";"ES";"56057";"ALFREDO CHAVES";56057;"ALFREDO CHAVES";12;27;13;"Vereador";22040;"EDEVANILDE GORETI BREDA ALMEIDA";4;1171;80002230757;"EEEFM CAMILA MOTA";"R. NELSON DA COSTA MELLO, S/ N"
"28/10/2024";"11:46:22";2024;2;"Eleição Ordinária";1;619;"Eleições Municipais 2024";"06/10/2024";"M";"ES";"56057";"ALFREDO CHAVES";56057;"ALFREDO CHAVES";12;21;13;"Vereador";96;"VOTO NULO";6;1120;-1;"EMUEF QUARTO TERRITÓRIO";"RUA PRINCIPAL, S/N"
"28/10/2024";"11:46:22";2024;2;"Eleição Ordinária";1;619;"Eleições Municipais 2024";"06/10/2024";"M";"ES";"56057";"ALFREDO CHAVES";56057;"ALFREDO CHAVES";12;35;13;"Vereador";22333;"MARIA DO CARMO LORENZINI DESTEFANI";2;1171;80002230755;"EEEFM CAMILA MOTA";"R. NELSON DA COSTA MELLO, S/ N"
"28/10/2024";"11:46:22";2024;2;"Eleição Ordinária";1;619;"Eleições Municipais 2024";"06/10/2024";"M";"ES";"56057";"ALFREDO CHAVES";56057;"ALFREDO CHAVES";12;6;13;"Vereador";55000;"JONAS NUNES SIMÕES";7;1023;80001947340;"EEEFM CAMILA MOTA";"R. NELSON DA COSTA MELLO, S/ N"
"28/10/2024";"11:46:22";2024;2;"Eleição Ordinária";1;619;"Eleições Municipais 2024";"06/10/2024";"M";"ES";"56057";"ALFREDO CHAVES";56057;"ALFREDO CHAVES";12;27;13;"Vereador";20000;"IZABEL PARMAGNANI";6;1171;80001947279;"EEEFM CAMILA MOTA";"R. NELSON DA COSTA MELLO, S/ N"
"28/10/2024";"11:46:22";2024;2;"Eleição Ordinária";1;619;"Eleições Municipais 2024";"06/10/2024";"M";"ES";"56057";"ALFREDO CHAVES";56057;"ALFREDO CHAVES";12;13;13;"Vereador";20123;"ARMANDO ZANATA INGLE RIBEIRO";8;1058;80001947278;"EMEF ENGANO";"R. PRINCIPAL, S/N"
"28/10/2024";"11:46:22";2024;2;"Eleição Ordinária";1;619;"Eleições Municipais 2024";"06/10/2024";"M";"ES";"56057";"ALFREDO CHAVES";56057;"ALFREDO CHAVES";12;27;11;"Prefeito";40;"ROLMAR BOTECCHIA";82;1171;80001947211;"EEEFM CAMILA MOTA";"R. NELSON DA COSTA MELLO, S/ N"
"28/10/2024";"11:46:22";2024;2;"Eleição Ordinária";1;619;"Eleições Municipais 2024";"06/10/2024";"M";"ES";"56057";"ALFREDO CHAVES";56057;"ALFREDO CHAVES";12;2;13;"Vereador";10400;"GABRIEL NICHETI";1;1015;80001966350;"EMEF ANA ARAÚJO";"R. EXPEDICIONARIO OSVALDO SAUDINO"
"28/10/2024";"11:46:22";2024;2;"Eleição Ordinária";1;619;"Eleições Municipais 2024";"06/10/2024";"M";"ES";"56057";"ALFREDO CHAVES";56057;"ALFREDO CHAVES";12;31;13;"Vereador";10400;"GABRIEL NICHETI";2;1171;80001966350;"EEEFM CAMILA MOTA";"R. NELSON DA COSTA MELLO, S/ N"
"28/10/2024";"11:46:22";2024;2;"Eleição Ordinária";1;619;"Eleições Municipais 2024";"06/10/2024";"M";"ES";"56057";"ALFREDO CHAVES";56057;"ALFREDO CHAVES";12;13;13;"Vereador";10400;"GABRIEL NICHETI";1;1058;80001966350;"EMEF ENGANO";"R. PRINCIPAL, S/N"
"28/10/2024";"11:46:22";2024;2;"Eleição Ordinária";1;619;"Eleições Municipais 2024";"06/10/2024";"M";"ES";"56057";"ALFREDO CHAVES";56057;"ALFREDO CHAVES";12;34;13;"Vereador";40555;"DANIEL ORLANDI";9;1171;80001947149;"EEEFM CAMILA MOTA";"R. NELSON DA COSTA MELLO, S/ N"
"28/10/2024";"11:46:22";2024;2;"Eleição Ordinária";1;619;"Eleições Municipais 2024";"06/10/2024";"M";"ES";"56057";"ALFREDO CHAVES";56057;"ALFREDO CHAVES";12;19;13;"Vereador";40555;"DANIEL ORLANDI";6;1104;80001947149;"SALÃO COMUNITÁRIO DE NOVA ESTRELA";"R. PRINCIPAL, S/ N"
"28/10/2024";"11:46:22";2024;2;"Eleição Ordinária";1;619;"Eleições Municipais 2024";"06/10/2024";"M";"ES";"56057";"ALFREDO CHAVES";56057;"ALFREDO CHAVES";12;30;13;"Vereador";11123;"RENAN DE JESUS BOLDRINI";2;1171;80001982781;"EEEFM CAMILA MOTA";"R. NELSON DA COSTA MELLO, S/ N"
"28/10/2024";"11:46:22";2024;2;"Eleição Ordinária";1;619;"Eleições Municipais 2024";"06/10/2024";"M";"ES";"56057";"ALFREDO CHAVES";56057;"ALFREDO CHAVES";12;41;13;"Vereador";11222;"KATIUSCIA SARTORI SILVA COMINOTTI";3;1236;80001982782;"SALÃO PAROQUIAL DA IGREJA DE NOSSA SENHORA DA CONCEIÇÃO";"AV. GETULIO VARGAS, 545"
"28/10/2024";"11:46:22";2024;2;"Eleição Ordinária";1;619;"Eleições Municipais 2024";"06/10/2024";"M";"ES";"56057";"ALFREDO CHAVES";56057;"ALFREDO CHAVES";12;26;13;"Vereador";40444;"ALAESSO LORENZON";5;1163;80001947150;"EEUEF VILA NOVA DE MARAVILHA";"R. PRINCIPAL, S/ Nº"
"28/10/2024";"11:46:22";2024;2;"Eleição Ordinária";1;619;"Eleições Municipais 2024";"06/10/2024";"M";"ES";"56057";"ALFREDO CHAVES";56057;"ALFREDO CHAVES";12;11;13;"Vereador";96;"VOTO NULO";5;1040;-1;"EEEF DE CRUBIXÁ";"R. PRINCIPAL, S/ Nº"
"28/10/2024";"11:46:22";2024;2;"Eleição Ordinária";1;619;"Eleições Municipais 2024";"06/10/2024";"M";"ES";"56057";"ALFREDO CHAVES";56057;"ALFREDO CHAVES";12;20;13;"Vereador";20123;"ARMANDO ZANATA INGLE RIBEIRO";11;1112;80001947278;"SALÃO DA IGREJA CATÓLICA DE CACHOEIRA ALTA";"R. PRINCIPAL, S/ N"
"28/10/2024";"11:46:22";2024;2;"Eleição Ordinária";1;619;"Eleições Municipais 2024";"06/10/2024";"M";"ES";"56057";"ALFREDO CHAVES";56057;"ALFREDO CHAVES";12;17;13;"Vereador";20123;"ARMANDO ZANATA INGLE RIBEIRO";5;1090;80001947278;"EMEF FELIPE MODOLO";"R. PRINCIPAL, S/ N"
"28/10/2024";"11:46:22";2024;2;"Eleição Ordinária";1;619;"Eleições Municipais 2024";"06/10/2024";"M";"ES";"56057";"ALFREDO CHAVES";56057;"ALFREDO CHAVES";12;3;13;"Vereador";45123;"RAYANE TOMAZINI BRESSANELLI";3;1015;80001982695;"EMEF ANA ARAÚJO";"R. EXPEDICIONARIO OSVALDO SAUDINO"
"28/10/2024";"11:46:22";2024;2;"Eleição Ordinária";1;619;"Eleições Municipais 2024";"06/10/2024";"M";"ES";"56057";"ALFREDO CHAVES";56057;"ALFREDO CHAVES";12;31;13;"Vereador";10190;"ROMILDO DOMINGOS BORTOLUZZI";2;1171;80001966352;"EEEFM CAMILA MOTA";"R. NELSON DA COSTA MELLO, S/ N"
"28/10/2024";"11:46:22";2024;2;"Eleição Ordinária";1;619;"Eleições Municipais 2024";"06/10/2024";"M";"ES";"56057";"ALFREDO CHAVES";56057;"ALFREDO CHAVES";12;34;13;"Vereador";20678;"ADIMAR DE SOUZA MEDINA";1;1171;80001947277;"EEEFM CAMILA MOTA";"R. NELSON DA COSTA MELLO, S/ N"
"28/10/2024";"11:46:22";2024;2;"Eleição Ordinária";1;619;"Eleições Municipais 2024";"06/10/2024";"M";"ES";"56057";"ALFREDO CHAVES";56057;"ALFREDO CHAVES";12;19;13;"Vereador";20678;"ADIMAR DE SOUZA MEDINA";1;1104;80001947277;"SALÃO COMUNITÁRIO DE NOVA ESTRELA";"R. PRINCIPAL, S/ N"
"28/10/2024";"11:46:22";2024;2;"Eleição Ordinária";1;619;"Eleições Municipais 2024";"06/10/2024";"M";"ES";"56057";"ALFREDO CHAVES";56057;"ALFREDO CHAVES";12;34;13;"Vereador";11122;"ALONCIO QUINTINO FRANCO";1;1171;80001982778;"EEEFM CAMILA MOTA";"R. NELSON DA COSTA MELLO, S/ N"
"28/10/2024";"11:46:22";2024;2;"Eleição Ordinária";1;619;"Eleições Municipais 2024";"06/10/2024";"M";"ES";"56057";"ALFREDO CHAVES";56057;"ALFREDO CHAVES";12;5;13;"Vereador";45777;"GUILHERME CARLOS CETTO VITOR";2;1015;80001982699;"EMEF ANA ARAÚJO";"R. EXPEDICIONARIO OSVALDO SAUDINO"
"28/10/2024";"11:46:22";2024;2;"Eleição Ordinária";1;619;"Eleições Municipais 2024";"06/10/2024";"M";"ES";"56057";"ALFREDO CHAVES";56057;"ALFREDO CHAVES";12;35;13;"Vereador";40555;"DANIEL ORLANDI";8;1171;80001947149;"EEEFM CAMILA MOTA";"R. NELSON DA COSTA MELLO, S/ N"
"28/10/2024";"11:46:22";2024;2;"Eleição Ordinária";1;619;"Eleições Municipais 2024";"06/10/2024";"M";"ES";"56057";"ALFREDO CHAVES";56057;"ALFREDO CHAVES";12;35;13;"Vereador";22000;"ANDRÉ ALMONFREY ORLANDI";3;1171;80002230761;"EEEFM CAMILA MOTA";"R. NELSON DA COSTA MELLO, S/ N"
"28/10/2024";"11:46:22";2024;2;"Eleição Ordinária";1;619;"Eleições Municipais 2024";"06/10/2024";"M";"ES";"56057";"ALFREDO CHAVES";56057;"ALFREDO CHAVES";12;35;11;"Prefeito";96;"VOTO NULO";3;1171;-1;"EEEFM CAMILA MOTA";"R. NELSON DA COSTA MELLO, S/ N"
"28/10/2024";"11:46:22";2024;2;"Eleição Ordinária";1;619;"Eleições Municipais 2024";"06/10/2024";"M";"ES";"56057";"ALFREDO CHAVES";56057;"ALFREDO CHAVES";12;14;13;"Vereador";45777;"GUILHERME CARLOS CETTO VITOR";1;1066;80001982699;"SALÃO DA IGREJA CATÓLICA DE SÃO FRANCISCO DE BATATAL";"RUA PRINCIPAL, S/ N"
"28/10/2024";"11:46:22";2024;2;"Eleição Ordinária";1;619;"Eleições Municipais 2024";"06/10/2024";"M";"ES";"56057";"ALFREDO CHAVES";56057;"ALFREDO CHAVES";12;1;13;"Vereador";45777;"GUILHERME CARLOS CETTO VITOR";2;1015;80001982699;"EMEF ANA ARAÚJO";"R. EXPEDICIONARIO OSVALDO SAUDINO"
"28/10/2024";"11:46:22";2024;2;"Eleição Ordinária";1;619;"Eleições Municipais 2024";"06/10/2024";"M";"ES";"56057";"ALFREDO CHAVES";56057;"ALFREDO CHAVES";12;35;13;"Vereador";45100;"WELLINGTON MORAES DE AGUIAR";3;1171;80001982697;"EEEFM CAMILA MOTA";"R. NELSON DA COSTA MELLO, S/ N"
"28/10/2024";"11:46:22";2024;2;"Eleição Ordinária";1;619;"Eleições Municipais 2024";"06/10/2024";"M";"ES";"56057";"ALFREDO CHAVES";56057;"ALFREDO CHAVES";12;35;13;"Vereador";20123;"ARMANDO ZANATA INGLE RIBEIRO";6;1171;80001947278;"EEEFM CAMILA MOTA";"R. NELSON DA COSTA MELLO, S/ N"
"28/10/2024";"11:46:22";2024;2;"Eleição Ordinária";1;619;"Eleições Municipais 2024";"06/10/2024";"M";"ES";"56057";"ALFREDO CHAVES";56057;"ALFREDO CHAVES";12;3;13;"Vereador";95;"VOTO BRANCO";5;1015;-1;"EMEF ANA ARAÚJO";"R. EXPEDICIONARIO OSVALDO SAUDINO"
"28/10/2024";"11:46:22";2024;2;"Eleição Ordinária";1;619;"Eleições Municipais 2024";"06/10/2024";"M";"ES";"56057";"ALFREDO CHAVES";56057;"ALFREDO CHAVES";12;1;13;"Vereador";22500;"LAUDEMIR CARLOS PEREIRA";3;1015;80002230758;"EMEF ANA ARAÚJO";"R. EXPEDICIONARIO OSVALDO SAUDINO"
"28/10/2024";"11:46:22";2024;2;"Eleição Ordinária";1;619;"Eleições Municipais 2024";"06/10/2024";"M";"ES";"56057";"ALFREDO CHAVES";56057;"ALFREDO CHAVES";12;6;13;"Vereador";10111;"SILVANA RAMOS DA SILVA";3;1023;80001966353;"EEEFM CAMILA MOTA";"R. NELSON DA COSTA MELLO, S/ N"
"28/10/2024";"11:46:22";2024;2;"Eleição Ordinária";1;619;"Eleições Municipais 2024";"06/10/2024";"M";"ES";"56057";"ALFREDO CHAVES";56057;"ALFREDO CHAVES";12;40;13;"Vereador";20555;"VERA LUCIA BONA";6;1236;80001947283;"SALÃO PAROQUIAL DA IGREJA DE NOSSA SENHORA DA CONCEIÇÃO";"AV. GETULIO VARGAS, 545"
"28/10/2024";"11:46:22";2024;2;"Eleição Ordinária";1;619;"Eleições Municipais 2024";"06/10/2024";"M";"ES";"56057";"ALFREDO CHAVES";56057;"ALFREDO CHAVES";12;34;13;"Vereador";95;"VOTO BRANCO";2;1171;-1;"EEEFM CAMILA MOTA";"R. NELSON DA COSTA MELLO, S/ N"
"28/10/2024";"11:46:22";2024;2;"Eleição Ordinária";1;619;"Eleições Municipais 2024";"06/10/2024";"M";"ES";"56057";"ALFREDO CHAVES";56057;"ALFREDO CHAVES";12;19;13;"Vereador";95;"VOTO BRANCO";1;1104;-1;"SALÃO COMUNITÁRIO DE NOVA ESTRELA";"R. PRINCIPAL, S/ N"
"28/10/2024";"11:46:22";2024;2;"Eleição Ordinária";1;619;"Eleições Municipais 2024";"06/10/2024";"M";"ES";"56057";"ALFREDO CHAVES";56057;"ALFREDO CHAVES";12;17;13;"Vereador";11123;"RENAN DE JESUS BOLDRINI";79;1090;80001982781;"EMEF FELIPE MODOLO";"R. PRINCIPAL, S/ N"
"28/10/2024";"11:46:22";2024;2;"Eleição Ordinária";1;619;"Eleições Municipais 2024";"06/10/2024";"M";"ES";"56057";"ALFREDO CHAVES";56057;"ALFREDO CHAVES";12;20;13;"Vereador";45777;"GUILHERME CARLOS CETTO VITOR";16;1112;80001982699;"SALÃO DA IGREJA CATÓLICA DE CACHOEIRA ALTA";"R. PRINCIPAL, S/ N"
"28/10/2024";"11:46:22";2024;2;"Eleição Ordinária";1;619;"Eleições Municipais 2024";"06/10/2024";"M";"ES";"56057";"ALFREDO CHAVES";56057;"ALFREDO CHAVES";12;37;13;"Vereador";11222;"KATIUSCIA SARTORI SILVA COMINOTTI";11;1228;80001982782;"CRECHE COMECINHO DE GENTE";"AV. DARCY DE PAULA GAIGHER, S/N"
"28/10/2024";"11:46:22";2024;2;"Eleição Ordinária";1;619;"Eleições Municipais 2024";"06/10/2024";"M";"ES";"56057";"ALFREDO CHAVES";56057;"ALFREDO CHAVES";12;5;13;"Vereador";45513;"DEVANITO GOMES TEIXEIRA";1;1015;80001982691;"EMEF ANA ARAÚJO";"R. EXPEDICIONARIO OSVALDO SAUDINO"
"28/10/2024";"11:46:22";2024;2;"Eleição Ordinária";1;619;"Eleições Municipais 2024";"06/10/2024";"M";"ES";"56057";"ALFREDO CHAVES";56057;"ALFREDO CHAVES";12;2;13;"Vereador";45100;"WELLINGTON MORAES DE AGUIAR";1;1015;80001982697;"EMEF ANA ARAÚJO";"R. EXPEDICIONARIO OSVALDO SAUDINO"
"28/10/2024";"11:46:22";2024;2;"Eleição Ordinária";1;619;"Eleições Municipais 2024";"06/10/2024";"M";"ES";"56057";"ALFREDO CHAVES";56057;"ALFREDO CHAVES";12;27;13;"Vereador";55333;"BERENICE DA PENHA GALVAO PEREIRA";4;1171;80001947339;"EEEFM CAMILA MOTA";"R. NELSON DA COSTA MELLO, S/ N"
"28/10/2024";"11:46:22";2024;2;"Eleição Ordinária";1;619;"Eleições Municipais 2024";"06/10/2024";"M";"ES";"56057";"ALFREDO CHAVES";56057;"ALFREDO CHAVES";12;40;11;"Prefeito";11;"HUGO LUIZ PICOLI MENEGHEL";155;1236;80002104371;"SALÃO PAROQUIAL DA IGREJA DE NOSSA SENHORA DA CONCEIÇÃO";"AV. GETULIO VARGAS, 545"
"28/10/2024";"11:46:22";2024;2;"Eleição Ordinária";1;619;"Eleições Municipais 2024";"06/10/2024";"M";"ES";"56057";"ALFREDO CHAVES";56057;"ALFREDO CHAVES";12;15;11;"Prefeito";11;"HUGO LUIZ PICOLI MENEGHEL";86;1074;80002104371;"SALÃO DA IGREJA DE SÃO MARTINHO";"R. PRINCIPAL, S/ N"
"28/10/2024";"11:46:22";2024;2;"Eleição Ordinária";1;619;"Eleições Municipais 2024";"06/10/2024";"M";"ES";"56057";"ALFREDO CHAVES";56057;"ALFREDO CHAVES";12;37;13;"Vereador";10400;"GABRIEL NICHETI";1;1228;80001966350;"CRECHE COMECINHO DE GENTE";"AV. DARCY DE PAULA GAIGHER, S/N"
"28/10/2024";"11:46:22";2024;2;"Eleição Ordinária";1;619;"Eleições Municipais 2024";"06/10/2024";"M";"ES";"56057";"ALFREDO CHAVES";56057;"ALFREDO CHAVES";12;6;13;"Vereador";11000;"FRANCISCO DE ASSIS JOSE DOS SANTOS";14;1023;80001982776;"EEEFM CAMILA MOTA";"R. NELSON DA COSTA MELLO, S/ N"
"28/10/2024";"11:46:22";2024;2;"Eleição Ordinária";1;619;"Eleições Municipais 2024";"06/10/2024";"M";"ES";"56057";"ALFREDO CHAVES";56057;"ALFREDO CHAVES";12;8;13;"Vereador";22222;"LUCIANO DE JESUS SILVA";3;1023;80002230760;"EEEFM CAMILA MOTA";"R. NELSON DA COSTA MELLO, S/ N"
"28/10/2024";"11:46:22";2024;2;"Eleição Ordinária";1;619;"Eleições Municipais 2024";"06/10/2024";"M";"ES";"56057";"ALFREDO CHAVES";56057;"ALFREDO CHAVES";12;33;13;"Vereador";22222;"LUCIANO DE JESUS SILVA";6;1171;80002230760;"EEEFM CAMILA MOTA";"R. NELSON DA COSTA MELLO, S/ N"
"28/10/2024";"11:46:22";2024;2;"Eleição Ordinária";1;619;"Eleições Municipais 2024";"06/10/2024";"M";"ES";"56057";"ALFREDO CHAVES";56057;"ALFREDO CHAVES";12;35;13;"Vereador";55369;"DORLEI BRANDY NASCIMENTO";1;1171;80001947334;"EEEFM CAMILA MOTA";"R. NELSON DA COSTA MELLO, S/ N"
"28/10/2024";"11:46:22";2024;2;"Eleição Ordinária";1;619;"Eleições Municipais 2024";"06/10/2024";"M";"ES";"56057";"ALFREDO CHAVES";56057;"ALFREDO CHAVES";12;21;13;"Vereador";40999;"EMILIA DAS GRAÇAS ALVES PADILHA DOMINGUES";1;1120;80001947155;"EMUEF QUARTO TERRITÓRIO";"RUA PRINCIPAL, S/N"
"28/10/2024";"11:46:22";2024;2;"Eleição Ordinária";1;619;"Eleições Municipais 2024";"06/10/2024";"M";"ES";"56057";"ALFREDO CHAVES";56057;"ALFREDO CHAVES";12;20;13;"Vereador";55333;"BERENICE DA PENHA GALVAO PEREIRA";2;1112;80001947339;"SALÃO DA IGREJA CATÓLICA DE CACHOEIRA ALTA";"R. PRINCIPAL, S/ N"
"28/10/2024";"11:46:22";2024;2;"Eleição Ordinária";1;619;"Eleições Municipais 2024";"06/10/2024";"M";"ES";"56057";"ALFREDO CHAVES";56057;"ALFREDO CHAVES";12;9;13;"Vereador";10222;"JOSIMAR PIUMBINI";16;1031;80001966355;"EMEF FAZENDA APARECIDA";"R. PRINCIPAL, S/ Nº"
"28/10/2024";"11:46:22";2024;2;"Eleição Ordinária";1;619;"Eleições Municipais 2024";"06/10/2024";"M";"ES";"56057";"ALFREDO CHAVES";56057;"ALFREDO CHAVES";12;41;13;"Vereador";10789;"LUIS ALBERTO BIANCHI";1;1236;80001966357;"SALÃO PAROQUIAL DA IGREJA DE NOSSA SENHORA DA CONCEIÇÃO";"AV. GETULIO VARGAS, 545"
"28/10/2024";"11:46:22";2024;2;"Eleição Ordinária";1;619;"Eleições Municipais 2024";"06/10/2024";"M";"ES";"56057";"ALFREDO CHAVES";56057;"ALFREDO CHAVES";12;25;13;"Vereador";55555;"ADILSON JOSE ROVETA";3;1155;80001947332;"EMEF FELIPE MODOLO";"R. PRINCIPAL, S/ N"
"28/10/2024";"11:46:22";2024;2;"Eleição Ordinária";1;619;"Eleições Municipais 2024";"06/10/2024";"M";"ES";"56057";"ALFREDO CHAVES";56057;"ALFREDO CHAVES";12;18;13;"Vereador";40222;"LUCIANO BELLON";11;1090;80001947156;"EMEF FELIPE MODOLO";"R. PRINCIPAL, S/ N"
"28/10/2024";"11:46:22";2024;2;"Eleição Ordinária";1;619;"Eleições Municipais 2024";"06/10/2024";"M";"ES";"56057";"ALFREDO CHAVES";56057;"ALFREDO CHAVES";12;13;11;"Prefeito";22;"LUIZ CLAUDIO BOLDRINI";17;1058;80002271252;"EMEF ENGANO";"R. PRINCIPAL, S/N"
"28/10/2024";"11:46:22";2024;2;"Eleição Ordinária";1;619;"Eleições Municipais 2024";"06/10/2024";"M";"ES";"56057";"ALFREDO CHAVES";56057;"ALFREDO CHAVES";12;17;13;"Vereador";11111;"JONACIR JOSE DENADAI";2;1090;80001982774;"EMEF FELIPE MODOLO";"R. PRINCIPAL, S/ N"
"28/10/2024";"11:46:22";2024;2;"Eleição Ordinária";1;619;"Eleições Municipais 2024";"06/10/2024";"M";"ES";"56057";"ALFREDO CHAVES";56057;"ALFREDO CHAVES";12;6;13;"Vereador";22111;"FABIO DAMASCENO GALVAO";2;1023;80002230754;"EEEFM CAMILA MOTA";"R. NELSON DA COSTA MELLO, S/ N"
"28/10/2024";"11:46:22";2024;2;"Eleição Ordinária";1;619;"Eleições Municipais 2024";"06/10/2024";"M";"ES";"56057";"ALFREDO CHAVES";56057;"ALFREDO CHAVES";12;21;13;"Vereador";20555;"VERA LUCIA BONA";2;1120;80001947283;"EMUEF QUARTO TERRITÓRIO";"RUA PRINCIPAL, S/N"
"28/10/2024";"11:46:22";2024;2;"Eleição Ordinária";1;619;"Eleições Municipais 2024";"06/10/2024";"M";"ES";"56057";"ALFREDO CHAVES";56057;"ALFREDO CHAVES";12;37;11;"Prefeito";22;"LUIZ CLAUDIO BOLDRINI";25;1228;80002271252;"CRECHE COMECINHO DE GENTE";"AV. DARCY DE PAULA GAIGHER, S/N"
"28/10/2024";"11:46:22";2024;2;"Eleição Ordinária";1;619;"Eleições Municipais 2024";"06/10/2024";"M";"ES";"56057";"ALFREDO CHAVES";56057;"ALFREDO CHAVES";12;85;13;"Vereador";45789;"SOLANGE BRAGANCA TORRENTE";1;1244;80001982696;"CRECHE PEQUERRUCHOS";"RUA ANTÔNIO CLAUDIO GAIGHER, 19"
"28/10/2024";"11:46:22";2024;2;"Eleição Ordinária";1;619;"Eleições Municipais 2024";"06/10/2024";"M";"ES";"56057";"ALFREDO CHAVES";56057;"ALFREDO CHAVES";12;18;13;"Vereador";10789;"LUIS ALBERTO BIANCHI";1;1090;80001966357;"EMEF FELIPE MODOLO";"R. PRINCIPAL, S/ N"
"28/10/2024";"11:46:22";2024;2;"Eleição Ordinária";1;619;"Eleições Municipais 2024";"06/10/2024";"M";"ES";"56057";"ALFREDO CHAVES";56057;"ALFREDO CHAVES";12;7;13;"Vereador";11234;"MIGUEL ANTONIO MARTINS CLEN";4;1171;80001982777;"EEEFM CAMILA MOTA";"R. NELSON DA COSTA MELLO, S/ N"
"28/10/2024";"11:46:22";2024;2;"Eleição Ordinária";1;619;"Eleições Municipais 2024";"06/10/2024";"M";"ES";"56057";"ALFREDO CHAVES";56057;"ALFREDO CHAVES";12;39;13;"Vereador";22500;"LAUDEMIR CARLOS PEREIRA";1;1244;80002230758;"CRECHE PEQUERRUCHOS";"RUA ANTÔNIO CLAUDIO GAIGHER, 19"
"28/10/2024";"11:46:22";2024;2;"Eleição Ordinária";1;619;"Eleições Municipais 2024";"06/10/2024";"M";"ES";"56057";"ALFREDO CHAVES";56057;"ALFREDO CHAVES";12;37;13;"Vereador";40000;"NILTON CESAR BELMOK";8;1228;80001947152;"CRECHE COMECINHO DE GENTE";"AV. DARCY DE PAULA GAIGHER, S/N"
"28/10/2024";"11:46:22";2024;2;"Eleição Ordinária";1;619;"Eleições Municipais 2024";"06/10/2024";"M";"ES";"56057";"ALFREDO CHAVES";56057;"ALFREDO CHAVES";12;40;13;"Vereador";55321;"VALDIRENE BRANDÃO ANDRADE SORIO";2;1236;80001947331;"SALÃO PAROQUIAL DA IGREJA DE NOSSA SENHORA DA CONCEIÇÃO";"AV. GETULIO VARGAS, 545"
"28/10/2024";"11:46:22";2024;2;"Eleição Ordinária";1;619;"Eleições Municipais 2024";"06/10/2024";"M";"ES";"56057";"ALFREDO CHAVES";56057;"ALFREDO CHAVES";12;8;13;"Vereador";55321;"VALDIRENE BRANDÃO ANDRADE SORIO";4;1023;80001947331;"EEEFM CAMILA MOTA";"R. NELSON DA COSTA MELLO, S/ N"
"28/10/2024";"11:46:22";2024;2;"Eleição Ordinária";1;619;"Eleições Municipais 2024";"06/10/2024";"M";"ES";"56057";"ALFREDO CHAVES";56057;"ALFREDO CHAVES";12;13;13;"Vereador";11555;"HERMES LUIZ MARCHIORI ATHAIDES";8;1058;80001982779;"EMEF ENGANO";"R. PRINCIPAL, S/N"
"28/10/2024";"11:46:22";2024;2;"Eleição Ordinária";1;619;"Eleições Municipais 2024";"06/10/2024";"M";"ES";"56057";"ALFREDO CHAVES";56057;"ALFREDO CHAVES";12;6;13;"Vereador";20777;"RENAUT AMERICO PIO";6;1023;80001947280;"EEEFM CAMILA MOTA";"R. NELSON DA COSTA MELLO, S/ N"
"28/10/2024";"11:46:22";2024;2;"Eleição Ordinária";1;619;"Eleições Municipais 2024";"06/10/2024";"M";"ES";"56057";"ALFREDO CHAVES";56057;"ALFREDO CHAVES";12;6;13;"Vereador";10321;"DIVAL LUIZ PAGANINI";5;1023;80001966354;"EEEFM CAMILA MOTA";"R. NELSON DA COSTA MELLO, S/ N"
"28/10/2024";"11:46:22";2024;2;"Eleição Ordinária";1;619;"Eleições Municipais 2024";"06/10/2024";"M";"ES";"56057";"ALFREDO CHAVES";56057;"ALFREDO CHAVES";12;13;13;"Vereador";40111;"CHARLES GAIGHER";60;1058;80001947148;"EMEF ENGANO";"R. PRINCIPAL, S/N"
"28/10/2024";"11:46:22";2024;2;"Eleição Ordinária";1;619;"Eleições Municipais 2024";"06/10/2024";"M";"ES";"56057";"ALFREDO CHAVES";56057;"ALFREDO CHAVES";12;14;13;"Vereador";10400;"GABRIEL NICHETI";4;1066;80001966350;"SALÃO DA IGREJA CATÓLICA DE SÃO FRANCISCO DE BATATAL";"RUA PRINCIPAL, S/ N"
"28/10/2024";"11:46:22";2024;2;"Eleição Ordinária";1;619;"Eleições Municipais 2024";"06/10/2024";"M";"ES";"56057";"ALFREDO CHAVES";56057;"ALFREDO CHAVES";12;1;13;"Vereador";10400;"GABRIEL NICHETI";3;1015;80001966350;"EMEF ANA ARAÚJO";"R. EXPEDICIONARIO OSVALDO SAUDINO"
"28/10/2024";"11:46:22";2024;2;"Eleição Ordinária";1;619;"Eleições Municipais 2024";"06/10/2024";"M";"ES";"56057";"ALFREDO CHAVES";56057;"ALFREDO CHAVES";12;12;13;"Vereador";10400;"GABRIEL NICHETI";3;1058;80001966350;"EMEF ENGANO";"R. PRINCIPAL, S/N"
"28/10/2024";"11:46:22";2024;2;"Eleição Ordinária";1;619;"Eleições Municipais 2024";"06/10/2024";"M";"ES";"56057";"ALFREDO CHAVES";56057;"ALFREDO CHAVES";12;39;13;"Vereador";10111;"SILVANA RAMOS DA SILVA";6;1244;80001966353;"CRECHE PEQUERRUCHOS";"RUA ANTÔNIO CLAUDIO GAIGHER, 19"
"28/10/2024";"11:46:22";2024;2;"Eleição Ordinária";1;619;"Eleições Municipais 2024";"06/10/2024";"M";"ES";"56057";"ALFREDO CHAVES";56057;"ALFREDO CHAVES";12;17;13;"Vereador";10101;"NAMARA NAZARIA DE PAULA PASSOS SILVA";1;1090;80001966359;"EMEF FELIPE MODOLO";"R. PRINCIPAL, S/ N"
"28/10/2024";"11:46:22";2024;2;"Eleição Ordinária";1;619;"Eleições Municipais 2024";"06/10/2024";"M";"ES";"56057";"ALFREDO CHAVES";56057;"ALFREDO CHAVES";12;14;13;"Vereador";55123;"WILIAN DE FREITAS DO ROSARIO";18;1066;80001947337;"SALÃO DA IGREJA CATÓLICA DE SÃO FRANCISCO DE BATATAL";"RUA PRINCIPAL, S/ N"
"28/10/2024";"11:46:22";2024;2;"Eleição Ordinária";1;619;"Eleições Municipais 2024";"06/10/2024";"M";"ES";"56057";"ALFREDO CHAVES";56057;"ALFREDO CHAVES";12;1;13;"Vereador";55123;"WILIAN DE FREITAS DO ROSARIO";3;1015;80001947337;"EMEF ANA ARAÚJO";"R. EXPEDICIONARIO OSVALDO SAUDINO"
"28/10/2024";"11:46:22";2024;2;"Eleição Ordinária";1;619;"Eleições Municipais 2024";"06/10/2024";"M";"ES";"56057";"ALFREDO CHAVES";56057;"ALFREDO CHAVES";12;6;11;"Prefeito";11;"HUGO LUIZ PICOLI MENEGHEL";106;1023;80002104371;"EEEFM CAMILA MOTA";"R. NELSON DA COSTA MELLO, S/ N"
"28/10/2024";"11:46:22";2024;2;"Eleição Ordinária";1;619;"Eleições Municipais 2024";"06/10/2024";"M";"ES";"56057";"ALFREDO CHAVES";56057;"ALFREDO CHAVES";12;40;13;"Vereador";55152;"ARILDO ALVES";4;1236;80001947338;"SALÃO PAROQUIAL DA IGREJA DE NOSSA SENHORA DA CONCEIÇÃO";"AV. GETULIO VARGAS, 545"
"28/10/2024";"11:46:22";2024;2;"Eleição Ordinária";1;619;"Eleições Municipais 2024";"06/10/2024";"M";"ES";"56057";"ALFREDO CHAVES";56057;"ALFREDO CHAVES";12;6;13;"Vereador";55456;"JOAO ENDRINGER JUNIOR";4;1023;80001947335;"EEEFM CAMILA MOTA";"R. NELSON DA COSTA MELLO, S/ N"
"28/10/2024";"11:46:22";2024;2;"Eleição Ordinária";1;619;"Eleições Municipais 2024";"06/10/2024";"M";"ES";"56057";"ALFREDO CHAVES";56057;"ALFREDO CHAVES";12;6;13;"Vereador";10366;"SELMA CONSOLADORA CASALI PILON";1;1023;80001966358;"EEEFM CAMILA MOTA";"R. NELSON DA COSTA MELLO, S/ N"
"28/10/2024";"11:46:22";2024;2;"Eleição Ordinária";1;619;"Eleições Municipais 2024";"06/10/2024";"M";"ES";"56057";"ALFREDO CHAVES";56057;"ALFREDO CHAVES";12;29;11;"Prefeito";22;"LUIZ CLAUDIO BOLDRINI";15;1147;80002271252;"SALÃO COMUNITÁRIO DE SÃO BENTO DE URÂNIA";"R. PRINCIPAL, S/ N"
"28/10/2024";"11:46:22";2024;2;"Eleição Ordinária";1;619;"Eleições Municipais 2024";"06/10/2024";"M";"ES";"56057";"ALFREDO CHAVES";56057;"ALFREDO CHAVES";12;33;11;"Prefeito";22;"LUIZ CLAUDIO BOLDRINI";28;1171;80002271252;"EEEFM CAMILA MOTA";"R. NELSON DA COSTA MELLO, S/ N"
"28/10/2024";"11:46:22";2024;2;"Eleição Ordinária";1;619;"Eleições Municipais 2024";"06/10/2024";"M";"ES";"56057";"ALFREDO CHAVES";56057;"ALFREDO CHAVES";12;2;13;"Vereador";55333;"BERENICE DA PENHA GALVAO PEREIRA";2;1015;80001947339;"EMEF ANA ARAÚJO";"R. EXPEDICIONARIO OSVALDO SAUDINO"
"28/10/2024";"11:46:22";2024;2;"Eleição Ordinária";1;619;"Eleições Municipais 2024";"06/10/2024";"M";"ES";"56057";"ALFREDO CHAVES";56057;"ALFREDO CHAVES";12;31;13;"Vereador";55333;"BERENICE DA PENHA GALVAO PEREIRA";2;1171;80001947339;"EEEFM CAMILA MOTA";"R. NELSON DA COSTA MELLO, S/ N"
"28/10/2024";"11:46:22";2024;2;"Eleição Ordinária";1;619;"Eleições Municipais 2024";"06/10/2024";"M";"ES";"56057";"ALFREDO CHAVES";56057;"ALFREDO CHAVES";12;5;13;"Vereador";45555;"MARCIA FRANCISCO";3;1015;80001982694;"EMEF ANA ARAÚJO";"R. EXPEDICIONARIO OSVALDO SAUDINO"
"28/10/2024";"11:46:22";2024;2;"Eleição Ordinária";1;619;"Eleições Municipais 2024";"06/10/2024";"M";"ES";"56057";"ALFREDO CHAVES";56057;"ALFREDO CHAVES";12;5;13;"Vereador";10123;"ALEFY JUNIOR CLAUDIO SIMOES";8;1015;80001966351;"EMEF ANA ARAÚJO";"R. EXPEDICIONARIO OSVALDO SAUDINO"
"28/10/2024";"11:46:22";2024;2;"Eleição Ordinária";1;619;"Eleições Municipais 2024";"06/10/2024";"M";"ES";"56057";"ALFREDO CHAVES";56057;"ALFREDO CHAVES";12;5;13;"Vereador";10222;"JOSIMAR PIUMBINI";20;1015;80001966355;"EMEF ANA ARAÚJO";"R. EXPEDICIONARIO OSVALDO SAUDINO"
"28/10/2024";"11:46:22";2024;2;"Eleição Ordinária";1;619;"Eleições Municipais 2024";"06/10/2024";"M";"ES";"56057";"ALFREDO CHAVES";56057;"ALFREDO CHAVES";12;98;13;"Vereador";45555;"MARCIA FRANCISCO";2;1090;80001982694;"EMEF FELIPE MODOLO";"R. PRINCIPAL, S/ N"
"28/10/2024";"11:46:22";2024;2;"Eleição Ordinária";1;619;"Eleições Municipais 2024";"06/10/2024";"M";"ES";"56057";"ALFREDO CHAVES";56057;"ALFREDO CHAVES";12;98;13;"Vereador";10123;"ALEFY JUNIOR CLAUDIO SIMOES";2;1090;80001966351;"EMEF FELIPE MODOLO";"R. PRINCIPAL, S/ N"
"28/10/2024";"11:46:22";2024;2;"Eleição Ordinária";1;619;"Eleições Municipais 2024";"06/10/2024";"M";"ES";"56057";"ALFREDO CHAVES";56057;"ALFREDO CHAVES";12;5;13;"Vereador";22022;"SAMUEL ARDIZZON BELMOK";4;1015;80002230759;"EMEF ANA ARAÚJO";"R. EXPEDICIONARIO OSVALDO SAUDINO"
"28/10/2024";"11:46:22";2024;2;"Eleição Ordinária";1;619;"Eleições Municipais 2024";"06/10/2024";"M";"ES";"56057";"ALFREDO CHAVES";56057;"ALFREDO CHAVES";12;18;13;"Vereador";55000;"JONAS NUNES SIMÕES";2;1090;80001947340;"EMEF FELIPE MODOLO";"R. PRINCIPAL, S/ N"
"28/10/2024";"11:46:22";2024;2;"Eleição Ordinária";1;619;"Eleições Municipais 2024";"06/10/2024";"M";"ES";"56057";"ALFREDO CHAVES";56057;"ALFREDO CHAVES";12;5;13;"Vereador";11123;"RENAN DE JESUS BOLDRINI";2;1015;80001982781;"EMEF ANA ARAÚJO";"R. EXPEDICIONARIO OSVALDO SAUDINO"
"28/10/2024";"11:46:22";2024;2;"Eleição Ordinária";1;619;"Eleições Municipais 2024";"06/10/2024";"M";"ES";"56057";"ALFREDO CHAVES";56057;"ALFREDO CHAVES";12;13;13;"Vereador";20777;"RENAUT AMERICO PIO";2;1058;80001947280;"EMEF ENGANO";"R. PRINCIPAL, S/N"
"28/10/2024";"11:46:22";2024;2;"Eleição Ordinária";1;619;"Eleições Municipais 2024";"06/10/2024";"M";"ES";"56057";"ALFREDO CHAVES";56057;"ALFREDO CHAVES";12;11;13;"Vereador";22122;"SILVIA FOLGER BERNABÉ";1;1040;80002230756;"EEEF DE CRUBIXÁ";"R. PRINCIPAL, S/ Nº"
"28/10/2024";"11:46:22";2024;2;"Eleição Ordinária";1;619;"Eleições Municipais 2024";"06/10/2024";"M";"ES";"56057";"ALFREDO CHAVES";56057;"ALFREDO CHAVES";12;3;13;"Vereador";22122;"SILVIA FOLGER BERNABÉ";3;1015;80002230756;"EMEF ANA ARAÚJO";"R. EXPEDICIONARIO OSVALDO SAUDINO"
"28/10/2024";"11:46:22";2024;2;"Eleição Ordinária";1;619;"Eleições Municipais 2024";"06/10/2024";"M";"ES";"56057";"ALFREDO CHAVES";56057;"ALFREDO CHAVES";12;3;13;"Vereador";55555;"ADILSON JOSE ROVETA";7;1015;80001947332;"EMEF ANA ARAÚJO";"R. EXPEDICIONARIO OSVALDO SAUDINO"
"28/10/2024";"11:46:22";2024;2;"Eleição Ordinária";1;619;"Eleições Municipais 2024";"06/10/2024";"M";"ES";"56057";"ALFREDO CHAVES";56057;"ALFREDO CHAVES";12;13;13;"Vereador";11100;"TAIS LIMA TEIXEIRA ULIANA";5;1058;80001982780;"EMEF ENGANO";"R. PRINCIPAL, S/N"
"28/10/2024";"11:46:22";2024;2;"Eleição Ordinária";1;619;"Eleições Municipais 2024";"06/10/2024";"M";"ES";"56057";"ALFREDO CHAVES";56057;"ALFREDO CHAVES";12;38;13;"Vereador";22040;"EDEVANILDE GORETI BREDA ALMEIDA";2;1244;80002230757;"CRECHE PEQUERRUCHOS";"RUA ANTÔNIO CLAUDIO GAIGHER, 19"
"28/10/2024";"11:46:22";2024;2;"Eleição Ordinária";1;619;"Eleições Municipais 2024";"06/10/2024";"M";"ES";"56057";"ALFREDO CHAVES";56057;"ALFREDO CHAVES";12;10;13;"Vereador";45000;"WARLEI FERRARINI PESSALI";2;1040;80001982698;"EEEF DE CRUBIXÁ";"R. PRINCIPAL, S/ Nº"
"28/10/2024";"11:46:22";2024;2;"Eleição Ordinária";1;619;"Eleições Municipais 2024";"06/10/2024";"M";"ES";"56057";"ALFREDO CHAVES";56057;"ALFREDO CHAVES";12;35;13;"Vereador";20000;"IZABEL PARMAGNANI";11;1171;80001947279;"EEEFM CAMILA MOTA";"R. NELSON DA COSTA MELLO, S/ N"
"28/10/2024";"11:46:22";2024;2;"Eleição Ordinária";1;619;"Eleições Municipais 2024";"06/10/2024";"M";"ES";"56057";"ALFREDO CHAVES";56057;"ALFREDO CHAVES";12;8;13;"Vereador";95;"VOTO BRANCO";2;1023;-1;"EEEFM CAMILA MOTA";"R. NELSON DA COSTA MELLO, S/ N"
"28/10/2024";"11:46:22";2024;2;"Eleição Ordinária";1;619;"Eleições Municipais 2024";"06/10/2024";"M";"ES";"56057";"ALFREDO CHAVES";56057;"ALFREDO CHAVES";12;20;11;"Prefeito";11;"HUGO LUIZ PICOLI MENEGHEL";170;1112;80002104371;"SALÃO DA IGREJA CATÓLICA DE CACHOEIRA ALTA";"R. PRINCIPAL, S/ N"
"28/10/2024";"11:46:22";2024;2;"Eleição Ordinária";1;619;"Eleições Municipais 2024";"06/10/2024";"M";"ES";"56057";"ALFREDO CHAVES";56057;"ALFREDO CHAVES";12;22;13;"Vereador";45100;"WELLINGTON MORAES DE AGUIAR";4;1139;80001982697;"EMEF SAGRADA FAMÍLIA";"R. PRINCIPAL, S/ N"
"28/10/2024";"11:46:22";2024;2;"Eleição Ordinária";1;619;"Eleições Municipais 2024";"06/10/2024";"M";"ES";"56057";"ALFREDO CHAVES";56057;"ALFREDO CHAVES";12;2;13;"Vereador";20123;"ARMANDO ZANATA INGLE RIBEIRO";10;1015;80001947278;"EMEF ANA ARAÚJO";"R. EXPEDICIONARIO OSVALDO SAUDINO"
"28/10/2024";"11:46:22";2024;2;"Eleição Ordinária";1;619;"Eleições Municipais 2024";"06/10/2024";"M";"ES";"56057";"ALFREDO CHAVES";56057;"ALFREDO CHAVES";12;31;13;"Vereador";20123;"ARMANDO ZANATA INGLE RIBEIRO";11;1171;80001947278;"EEEFM CAMILA MOTA";"R. NELSON DA COSTA MELLO, S/ N"
"28/10/2024";"11:46:22";2024;2;"Eleição Ordinária";1;619;"Eleições Municipais 2024";"06/10/2024";"M";"ES";"56057";"ALFREDO CHAVES";56057;"ALFREDO CHAVES";12;3;13;"Vereador";10321;"DIVAL LUIZ PAGANINI";2;1015;80001966354;"EMEF ANA ARAÚJO";"R. EXPEDICIONARIO OSVALDO SAUDINO"
"28/10/2024";"11:46:22";2024;2;"Eleição Ordinária";1;619;"Eleições Municipais 2024";"06/10/2024";"M";"ES";"56057";"ALFREDO CHAVES";56057;"ALFREDO CHAVES";12;16;11;"Prefeito";96;"VOTO NULO";9;1082;-1;"PRÉDIO DA ANTIGA ESCOLA ALMERINDA BRUNORO";"R. PRINCIPAL, S/ N"
"28/10/2024";"11:46:22";2024;2;"Eleição Ordinária";1;619;"Eleições Municipais 2024";"06/10/2024";"M";"ES";"56057";"ALFREDO CHAVES";56057;"ALFREDO CHAVES";12;35;13;"Vereador";40111;"CHARLES GAIGHER";8;1171;80001947148;"EEEFM CAMILA MOTA";"R. NELSON DA COSTA MELLO, S/ N"
"28/10/2024";"11:46:22";2024;2;"Eleição Ordinária";1;619;"Eleições Municipais 2024";"06/10/2024";"M";"ES";"56057";"ALFREDO CHAVES";56057;"ALFREDO CHAVES";12;27;13;"Vereador";22000;"ANDRÉ ALMONFREY ORLANDI";4;1171;80002230761;"EEEFM CAMILA MOTA";"R. NELSON DA COSTA MELLO, S/ N"
"28/10/2024";"11:46:22";2024;2;"Eleição Ordinária";1;619;"Eleições Municipais 2024";"06/10/2024";"M";"ES";"56057";"ALFREDO CHAVES";56057;"ALFREDO CHAVES";12;2;13;"Vereador";22200;"LUCAS ANTÔNIO MARCHESI";1;1015;80002230762;"EMEF ANA ARAÚJO";"R. EXPEDICIONARIO OSVALDO SAUDINO"
"28/10/2024";"11:46:22";2024;2;"Eleição Ordinária";1;619;"Eleições Municipais 2024";"06/10/2024";"M";"ES";"56057";"ALFREDO CHAVES";56057;"ALFREDO CHAVES";12;37;13;"Vereador";10321;"DIVAL LUIZ PAGANINI";4;1228;80001966354;"CRECHE COMECINHO DE GENTE";"AV. DARCY DE PAULA GAIGHER, S/N"
"28/10/2024";"11:46:22";2024;2;"Eleição Ordinária";1;619;"Eleições Municipais 2024";"06/10/2024";"M";"ES";"56057";"ALFREDO CHAVES";56057;"ALFREDO CHAVES";12;26;13;"Vereador";40123;"CELIA MARIA STEIN BUBACH";1;1163;80001947153;"EEUEF VILA NOVA DE MARAVILHA";"R. PRINCIPAL, S/ Nº"
"28/10/2024";"11:46:22";2024;2;"Eleição Ordinária";1;619;"Eleições Municipais 2024";"06/10/2024";"M";"ES";"56057";"ALFREDO CHAVES";56057;"ALFREDO CHAVES";12;39;13;"Vereador";20222;"IZABEL APARECIDA MORESCHI";2;1244;80001947281;"CRECHE PEQUERRUCHOS";"RUA ANTÔNIO CLAUDIO GAIGHER, 19"
"28/10/2024";"11:46:22";2024;2;"Eleição Ordinária";1;619;"Eleições Municipais 2024";"06/10/2024";"M";"ES";"56057";"ALFREDO CHAVES";56057;"ALFREDO CHAVES";12;4;13;"Vereador";10000;"JANDIR GRATIERI";1;1015;80001966356;"EMEF ANA ARAÚJO";"R. EXPEDICIONARIO OSVALDO SAUDINO"
"28/10/2024";"11:46:22";2024;2;"Eleição Ordinária";1;619;"Eleições Municipais 2024";"06/10/2024";"M";"ES";"56057";"ALFREDO CHAVES";56057;"ALFREDO CHAVES";12;5;13;"Vereador";22222;"LUCIANO DE JESUS SILVA";7;1015;80002230760;"EMEF ANA ARAÚJO";"R. EXPEDICIONARIO OSVALDO SAUDINO"
"28/10/2024";"11:46:22";2024;2;"Eleição Ordinária";1;619;"Eleições Municipais 2024";"06/10/2024";"M";"ES";"56057";"ALFREDO CHAVES";56057;"ALFREDO CHAVES";12;33;13;"Vereador";45123;"RAYANE TOMAZINI BRESSANELLI";2;1171;80001982695;"EEEFM CAMILA MOTA";"R. NELSON DA COSTA MELLO, S/ N"
"28/10/2024";"11:46:22";2024;2;"Eleição Ordinária";1;619;"Eleições Municipais 2024";"06/10/2024";"M";"ES";"56057";"ALFREDO CHAVES";56057;"ALFREDO CHAVES";12;31;13;"Vereador";45100;"WELLINGTON MORAES DE AGUIAR";5;1171;80001982697;"EEEFM CAMILA MOTA";"R. NELSON DA COSTA MELLO, S/ N"
"28/10/2024";"11:46:22";2024;2;"Eleição Ordinária";1;619;"Eleições Municipais 2024";"06/10/2024";"M";"ES";"56057";"ALFREDO CHAVES";56057;"ALFREDO CHAVES";12;14;13;"Vereador";95;"VOTO BRANCO";2;1066;-1;"SALÃO DA IGREJA CATÓLICA DE SÃO FRANCISCO DE BATATAL";"RUA PRINCIPAL, S/ N"
"28/10/2024";"11:46:22";2024;2;"Eleição Ordinária";1;619;"Eleições Municipais 2024";"06/10/2024";"M";"ES";"56057";"ALFREDO CHAVES";56057;"ALFREDO CHAVES";12;1;13;"Vereador";95;"VOTO BRANCO";6;1015;-1;"EMEF ANA ARAÚJO";"R. EXPEDICIONARIO OSVALDO SAUDINO"
"28/10/2024";"11:46:22";2024;2;"Eleição Ordinária";1;619;"Eleições Municipais 2024";"06/10/2024";"M";"ES";"56057";"ALFREDO CHAVES";56057;"ALFREDO CHAVES";12;12;13;"Vereador";95;"VOTO BRANCO";2;1058;-1;"EMEF ENGANO";"R. PRINCIPAL, S/N"
"28/10/2024";"11:46:22";2024;2;"Eleição Ordinária";1;619;"Eleições Municipais 2024";"06/10/2024";"M";"ES";"56057";"ALFREDO CHAVES";56057;"ALFREDO CHAVES";12;34;11;"Prefeito";22;"LUIZ CLAUDIO BOLDRINI";21;1171;80002271252;"EEEFM CAMILA MOTA";"R. NELSON DA COSTA MELLO, S/ N"
"28/10/2024";"11:46:22";2024;2;"Eleição Ordinária";1;619;"Eleições Municipais 2024";"06/10/2024";"M";"ES";"56057";"ALFREDO CHAVES";56057;"ALFREDO CHAVES";12;19;11;"Prefeito";22;"LUIZ CLAUDIO BOLDRINI";13;1104;80002271252;"SALÃO COMUNITÁRIO DE NOVA ESTRELA";"R. PRINCIPAL, S/ N"
"28/10/2024";"11:46:22";2024;2;"Eleição Ordinária";1;619;"Eleições Municipais 2024";"06/10/2024";"M";"ES";"56057";"ALFREDO CHAVES";56057;"ALFREDO CHAVES";12;98;11;"Prefeito";96;"VOTO NULO";2;1090;-1;"EMEF FELIPE MODOLO";"R. PRINCIPAL, S/ N"
"28/10/2024";"11:46:22";2024;2;"Eleição Ordinária";1;619;"Eleições Municipais 2024";"06/10/2024";"M";"ES";"56057";"ALFREDO CHAVES";56057;"ALFREDO CHAVES";12;39;11;"Prefeito";11;"HUGO LUIZ PICOLI MENEGHEL";179;1244;80002104371;"CRECHE PEQUERRUCHOS";"RUA ANTÔNIO CLAUDIO GAIGHER, 19"
"28/10/2024";"11:46:22";2024;2;"Eleição Ordinária";1;619;"Eleições Municipais 2024";"06/10/2024";"M";"ES";"56057";"ALFREDO CHAVES";56057;"ALFREDO CHAVES";12;41;11;"Prefeito";11;"HUGO LUIZ PICOLI MENEGHEL";138;1236;80002104371;"SALÃO PAROQUIAL DA IGREJA DE NOSSA SENHORA DA CONCEIÇÃO";"AV. GETULIO VARGAS, 545"
"28/10/2024";"11:46:22";2024;2;"Eleição Ordinária";1;619;"Eleições Municipais 2024";"06/10/2024";"M";"ES";"56057";"ALFREDO CHAVES";56057;"ALFREDO CHAVES";12;22;13;"Vereador";40000;"NILTON CESAR BELMOK";11;1139;80001947152;"EMEF SAGRADA FAMÍLIA";"R. PRINCIPAL, S/ N"
"28/10/2024";"11:46:22";2024;2;"Eleição Ordinária";1;619;"Eleições Municipais 2024";"06/10/2024";"M";"ES";"56057";"ALFREDO CHAVES";56057;"ALFREDO CHAVES";12;8;13;"Vereador";11234;"MIGUEL ANTONIO MARTINS CLEN";1;1023;80001982777;"EEEFM CAMILA MOTA";"R. NELSON DA COSTA MELLO, S/ N"
"28/10/2024";"11:46:22";2024;2;"Eleição Ordinária";1;619;"Eleições Municipais 2024";"06/10/2024";"M";"ES";"56057";"ALFREDO CHAVES";56057;"ALFREDO CHAVES";12;17;13;"Vereador";20222;"IZABEL APARECIDA MORESCHI";2;1090;80001947281;"EMEF FELIPE MODOLO";"R. PRINCIPAL, S/ N"
"28/10/2024";"11:46:22";2024;2;"Eleição Ordinária";1;619;"Eleições Municipais 2024";"06/10/2024";"M";"ES";"56057";"ALFREDO CHAVES";56057;"ALFREDO CHAVES";12;34;13;"Vereador";22222;"LUCIANO DE JESUS SILVA";13;1171;80002230760;"EEEFM CAMILA MOTA";"R. NELSON DA COSTA MELLO, S/ N"
"28/10/2024";"11:46:22";2024;2;"Eleição Ordinária";1;619;"Eleições Municipais 2024";"06/10/2024";"M";"ES";"56057";"ALFREDO CHAVES";56057;"ALFREDO CHAVES";12;19;13;"Vereador";22222;"LUCIANO DE JESUS SILVA";1;1104;80002230760;"SALÃO COMUNITÁRIO DE NOVA ESTRELA";"R. PRINCIPAL, S/ N"
"28/10/2024";"11:46:22";2024;2;"Eleição Ordinária";1;619;"Eleições Municipais 2024";"06/10/2024";"M";"ES";"56057";"ALFREDO CHAVES";56057;"ALFREDO CHAVES";12;27;13;"Vereador";55000;"JONAS NUNES SIMÕES";7;1171;80001947340;"EEEFM CAMILA MOTA";"R. NELSON DA COSTA MELLO, S/ N"
"28/10/2024";"11:46:22";2024;2;"Eleição Ordinária";1;619;"Eleições Municipais 2024";"06/10/2024";"M";"ES";"56057";"ALFREDO CHAVES";56057;"ALFREDO CHAVES";12;27;13;"Vereador";11444;"MARIA MADALENA PASSOS NUNES";1;1171;80001982775;"EEEFM CAMILA MOTA";"R. NELSON DA COSTA MELLO, S/ N"
"28/10/2024";"11:46:22";2024;2;"Eleição Ordinária";1;619;"Eleições Municipais 2024";"06/10/2024";"M";"ES";"56057";"ALFREDO CHAVES";56057;"ALFREDO CHAVES";12;7;13;"Vereador";40555;"DANIEL ORLANDI";8;1171;80001947149;"EEEFM CAMILA MOTA";"R. NELSON DA COSTA MELLO, S/ N"
"28/10/2024";"11:46:22";2024;2;"Eleição Ordinária";1;619;"Eleições Municipais 2024";"06/10/2024";"M";"ES";"56057";"ALFREDO CHAVES";56057;"ALFREDO CHAVES";12;33;13;"Vereador";20777;"RENAUT AMERICO PIO";8;1171;80001947280;"EEEFM CAMILA MOTA";"R. NELSON DA COSTA MELLO, S/ N"
"28/10/2024";"11:46:22";2024;2;"Eleição Ordinária";1;619;"Eleições Municipais 2024";"06/10/2024";"M";"ES";"56057";"ALFREDO CHAVES";56057;"ALFREDO CHAVES";12;34;13;"Vereador";10190;"ROMILDO DOMINGOS BORTOLUZZI";2;1171;80001966352;"EEEFM CAMILA MOTA";"R. NELSON DA COSTA MELLO, S/ N"
"28/10/2024";"11:46:22";2024;2;"Eleição Ordinária";1;619;"Eleições Municipais 2024";"06/10/2024";"M";"ES";"56057";"ALFREDO CHAVES";56057;"ALFREDO CHAVES";12;19;13;"Vereador";10190;"ROMILDO DOMINGOS BORTOLUZZI";1;1104;80001966352;"SALÃO COMUNITÁRIO DE NOVA ESTRELA";"R. PRINCIPAL, S/ N"
"28/10/2024";"11:46:22";2024;2;"Eleição Ordinária";1;619;"Eleições Municipais 2024";"06/10/2024";"M";"ES";"56057";"ALFREDO CHAVES";56057;"ALFREDO CHAVES";12;33;13;"Vereador";10321;"DIVAL LUIZ PAGANINI";2;1171;80001966354;"EEEFM CAMILA MOTA";"R. NELSON DA COSTA MELLO, S/ N"
"28/10/2024";"11:46:22";2024;2;"Eleição Ordinária";1;619;"Eleições Municipais 2024";"06/10/2024";"M";"ES";"56057";"ALFREDO CHAVES";56057;"ALFREDO CHAVES";12;27;13;"Vereador";45100;"WELLINGTON MORAES DE AGUIAR";3;1171;80001982697;"EEEFM CAMILA MOTA";"R. NELSON DA COSTA MELLO, S/ N"
"28/10/2024";"11:46:22";2024;2;"Eleição Ordinária";1;619;"Eleições Municipais 2024";"06/10/2024";"M";"ES";"56057";"ALFREDO CHAVES";56057;"ALFREDO CHAVES";12;11;13;"Vereador";20123;"ARMANDO ZANATA INGLE RIBEIRO";8;1040;80001947278;"EEEF DE CRUBIXÁ";"R. PRINCIPAL, S/ Nº"
"28/10/2024";"11:46:22";2024;2;"Eleição Ordinária";1;619;"Eleições Municipais 2024";"06/10/2024";"M";"ES";"56057";"ALFREDO CHAVES";56057;"ALFREDO CHAVES";12;8;11;"Prefeito";95;"VOTO BRANCO";2;1023;-1;"EEEFM CAMILA MOTA";"R. NELSON DA COSTA MELLO, S/ N"
"28/10/2024";"11:46:22";2024;2;"Eleição Ordinária";1;619;"Eleições Municipais 2024";"06/10/2024";"M";"ES";"56057";"ALFREDO CHAVES";56057;"ALFREDO CHAVES";12;21;13;"Vereador";11222;"KATIUSCIA SARTORI SILVA COMINOTTI";3;1120;80001982782;"EMUEF QUARTO TERRITÓRIO";"RUA PRINCIPAL, S/N"
"28/10/2024";"11:46:22";2024;2;"Eleição Ordinária";1;619;"Eleições Municipais 2024";"06/10/2024";"M";"ES";"56057";"ALFREDO CHAVES";56057;"ALFREDO CHAVES";12;5;13;"Vereador";55000;"JONAS NUNES SIMÕES";6;1015;80001947340;"EMEF ANA ARAÚJO";"R. EXPEDICIONARIO OSVALDO SAUDINO"
"28/10/2024";"11:46:22";2024;2;"Eleição Ordinária";1;619;"Eleições Municipais 2024";"06/10/2024";"M";"ES";"56057";"ALFREDO CHAVES";56057;"ALFREDO CHAVES";12;25;11;"Prefeito";95;"VOTO BRANCO";1;1155;-1;"EMEF FELIPE MODOLO";"R. PRINCIPAL, S/ N"
"28/10/2024";"11:46:22";2024;2;"Eleição Ordinária";1;619;"Eleições Municipais 2024";"06/10/2024";"M";"ES";"56057";"ALFREDO CHAVES";56057;"ALFREDO CHAVES";12;20;13;"Vereador";22500;"LAUDEMIR CARLOS PEREIRA";1;1112;80002230758;"SALÃO DA IGREJA CATÓLICA DE CACHOEIRA ALTA";"R. PRINCIPAL, S/ N"
"28/10/2024";"11:46:22";2024;2;"Eleição Ordinária";1;619;"Eleições Municipais 2024";"06/10/2024";"M";"ES";"56057";"ALFREDO CHAVES";56057;"ALFREDO CHAVES";12;10;13;"Vereador";95;"VOTO BRANCO";5;1040;-1;"EEEF DE CRUBIXÁ";"R. PRINCIPAL, S/ Nº"
"28/10/2024";"11:46:22";2024;2;"Eleição Ordinária";1;619;"Eleições Municipais 2024";"06/10/2024";"M";"ES";"56057";"ALFREDO CHAVES";56057;"ALFREDO CHAVES";12;11;13;"Vereador";11222;"KATIUSCIA SARTORI SILVA COMINOTTI";2;1040;80001982782;"EEEF DE CRUBIXÁ";"R. PRINCIPAL, S/ Nº"
"28/10/2024";"11:46:22";2024;2;"Eleição Ordinária";1;619;"Eleições Municipais 2024";"06/10/2024";"M";"ES";"56057";"ALFREDO CHAVES";56057;"ALFREDO CHAVES";12;41;13;"Vereador";10321;"DIVAL LUIZ PAGANINI";1;1236;80001966354;"SALÃO PAROQUIAL DA IGREJA DE NOSSA SENHORA DA CONCEIÇÃO";"AV. GETULIO VARGAS, 545"
"28/10/2024";"11:46:22";2024;2;"Eleição Ordinária";1;619;"Eleições Municipais 2024";"06/10/2024";"M";"ES";"56057";"ALFREDO CHAVES";56057;"ALFREDO CHAVES";12;28;13;"Vereador";10190;"ROMILDO DOMINGOS BORTOLUZZI";3;1074;80001966352;"SALÃO DA IGREJA DE SÃO MARTINHO";"R. PRINCIPAL, S/ N"
"28/10/2024";"11:46:22";2024;2;"Eleição Ordinária";1;619;"Eleições Municipais 2024";"06/10/2024";"M";"ES";"56057";"ALFREDO CHAVES";56057;"ALFREDO CHAVES";12;85;13;"Vereador";10190;"ROMILDO DOMINGOS BORTOLUZZI";2;1244;80001966352;"CRECHE PEQUERRUCHOS";"RUA ANTÔNIO CLAUDIO GAIGHER, 19"
"28/10/2024";"11:46:22";2024;2;"Eleição Ordinária";1;619;"Eleições Municipais 2024";"06/10/2024";"M";"ES";"56057";"ALFREDO CHAVES";56057;"ALFREDO CHAVES";12;38;13;"Vereador";45555;"MARCIA FRANCISCO";4;1244;80001982694;"CRECHE PEQUERRUCHOS";"RUA ANTÔNIO CLAUDIO GAIGHER, 19"
"28/10/2024";"11:46:22";2024;2;"Eleição Ordinária";1;619;"Eleições Municipais 2024";"06/10/2024";"M";"ES";"56057";"ALFREDO CHAVES";56057;"ALFREDO CHAVES";12;41;13;"Vereador";20222;"IZABEL APARECIDA MORESCHI";2;1236;80001947281;"SALÃO PAROQUIAL DA IGREJA DE NOSSA SENHORA DA CONCEIÇÃO";"AV. GETULIO VARGAS, 545"
"28/10/2024";"11:46:22";2024;2;"Eleição Ordinária";1;619;"Eleições Municipais 2024";"06/10/2024";"M";"ES";"56057";"ALFREDO CHAVES";56057;"ALFREDO CHAVES";12;38;13;"Vereador";10123;"ALEFY JUNIOR CLAUDIO SIMOES";16;1244;80001966351;"CRECHE PEQUERRUCHOS";"RUA ANTÔNIO CLAUDIO GAIGHER, 19"
"28/10/2024";"11:46:22";2024;2;"Eleição Ordinária";1;619;"Eleições Municipais 2024";"06/10/2024";"M";"ES";"56057";"ALFREDO CHAVES";56057;"ALFREDO CHAVES";12;38;13;"Vereador";10222;"JOSIMAR PIUMBINI";20;1244;80001966355;"CRECHE PEQUERRUCHOS";"RUA ANTÔNIO CLAUDIO GAIGHER, 19"
"28/10/2024";"11:46:22";2024;2;"Eleição Ordinária";1;619;"Eleições Municipais 2024";"06/10/2024";"M";"ES";"56057";"ALFREDO CHAVES";56057;"ALFREDO CHAVES";12;21;13;"Vereador";45100;"WELLINGTON MORAES DE AGUIAR";2;1120;80001982697;"EMUEF QUARTO TERRITÓRIO";"RUA PRINCIPAL, S/N"
"28/10/2024";"11:46:22";2024;2;"Eleição Ordinária";1;619;"Eleições Municipais 2024";"06/10/2024";"M";"ES";"56057";"ALFREDO CHAVES";56057;"ALFREDO CHAVES";12;10;13;"Vereador";55333;"BERENICE DA PENHA GALVAO PEREIRA";9;1040;80001947339;"EEEF DE CRUBIXÁ";"R. PRINCIPAL, S/ Nº"
"28/10/2024";"11:46:22";2024;2;"Eleição Ordinária";1;619;"Eleições Municipais 2024";"06/10/2024";"M";"ES";"56057";"ALFREDO CHAVES";56057;"ALFREDO CHAVES";12;10;11;"Prefeito";22;"LUIZ CLAUDIO BOLDRINI";42;1040;80002271252;"EEEF DE CRUBIXÁ";"R. PRINCIPAL, S/ Nº"
"28/10/2024";"11:46:22";2024;2;"Eleição Ordinária";1;619;"Eleições Municipais 2024";"06/10/2024";"M";"ES";"56057";"ALFREDO CHAVES";56057;"ALFREDO CHAVES";12;10;13;"Vereador";40369;"MARIA AUGUSTA BUFFOLO";11;1040;80001947154;"EEEF DE CRUBIXÁ";"R. PRINCIPAL, S/ Nº"
"28/10/2024";"11:46:22";2024;2;"Eleição Ordinária";1;619;"Eleições Municipais 2024";"06/10/2024";"M";"ES";"56057";"ALFREDO CHAVES";56057;"ALFREDO CHAVES";12;11;11;"Prefeito";22;"LUIZ CLAUDIO BOLDRINI";39;1040;80002271252;"EEEF DE CRUBIXÁ";"R. PRINCIPAL, S/ Nº"
"28/10/2024";"11:46:22";2024;2;"Eleição Ordinária";1;619;"Eleições Municipais 2024";"06/10/2024";"M";"ES";"56057";"ALFREDO CHAVES";56057;"ALFREDO CHAVES";12;35;13;"Vereador";10190;"ROMILDO DOMINGOS BORTOLUZZI";2;1171;80001966352;"EEEFM CAMILA MOTA";"R. NELSON DA COSTA MELLO, S/ N"
"28/10/2024";"11:46:22";2024;2;"Eleição Ordinária";1;619;"Eleições Municipais 2024";"06/10/2024";"M";"ES";"56057";"ALFREDO CHAVES";56057;"ALFREDO CHAVES";12;37;13;"Vereador";11000;"FRANCISCO DE ASSIS JOSE DOS SANTOS";9;1228;80001982776;"CRECHE COMECINHO DE GENTE";"AV. DARCY DE PAULA GAIGHER, S/N"
"28/10/2024";"11:46:22";2024;2;"Eleição Ordinária";1;619;"Eleições Municipais 2024";"06/10/2024";"M";"ES";"56057";"ALFREDO CHAVES";56057;"ALFREDO CHAVES";12;5;13;"Vereador";11222;"KATIUSCIA SARTORI SILVA COMINOTTI";1;1015;80001982782;"EMEF ANA ARAÚJO";"R. EXPEDICIONARIO OSVALDO SAUDINO"
"28/10/2024";"11:46:22";2024;2;"Eleição Ordinária";1;619;"Eleições Municipais 2024";"06/10/2024";"M";"ES";"56057";"ALFREDO CHAVES";56057;"ALFREDO CHAVES";12;9;13;"Vereador";20111;"RUBERCI FALCÃO";10;1031;80001947282;"EMEF FAZENDA APARECIDA";"R. PRINCIPAL, S/ Nº"
"28/10/2024";"11:46:22";2024;2;"Eleição Ordinária";1;619;"Eleições Municipais 2024";"06/10/2024";"M";"ES";"56057";"ALFREDO CHAVES";56057;"ALFREDO CHAVES";12;30;13;"Vereador";20000;"IZABEL PARMAGNANI";13;1171;80001947279;"EEEFM CAMILA MOTA";"R. NELSON DA COSTA MELLO, S/ N"
"28/10/2024";"11:46:22";2024;2;"Eleição Ordinária";1;619;"Eleições Municipais 2024";"06/10/2024";"M";"ES";"56057";"ALFREDO CHAVES";56057;"ALFREDO CHAVES";12;35;13;"Vereador";40000;"NILTON CESAR BELMOK";12;1171;80001947152;"EEEFM CAMILA MOTA";"R. NELSON DA COSTA MELLO, S/ N"
"28/10/2024";"11:46:22";2024;2;"Eleição Ordinária";1;619;"Eleições Municipais 2024";"06/10/2024";"M";"ES";"56057";"ALFREDO CHAVES";56057;"ALFREDO CHAVES";12;8;13;"Vereador";22040;"EDEVANILDE GORETI BREDA ALMEIDA";3;1023;80002230757;"EEEFM CAMILA MOTA";"R. NELSON DA COSTA MELLO, S/ N"
"28/10/2024";"11:46:22";2024;2;"Eleição Ordinária";1;619;"Eleições Municipais 2024";"06/10/2024";"M";"ES";"56057";"ALFREDO CHAVES";56057;"ALFREDO CHAVES";12;28;13;"Vereador";20111;"RUBERCI FALCÃO";6;1074;80001947282;"SALÃO DA IGREJA DE SÃO MARTINHO";"R. PRINCIPAL, S/ N"
"28/10/2024";"11:46:22";2024;2;"Eleição Ordinária";1;619;"Eleições Municipais 2024";"06/10/2024";"M";"ES";"56057";"ALFREDO CHAVES";56057;"ALFREDO CHAVES";12;25;13;"Vereador";11111;"JONACIR JOSE DENADAI";10;1155;80001982774;"EMEF FELIPE MODOLO";"R. PRINCIPAL, S/ N"
"28/10/2024";"11:46:22";2024;2;"Eleição Ordinária";1;619;"Eleições Municipais 2024";"06/10/2024";"M";"ES";"56057";"ALFREDO CHAVES";56057;"ALFREDO CHAVES";12;37;13;"Vereador";22122;"SILVIA FOLGER BERNABÉ";6;1228;80002230756;"CRECHE COMECINHO DE GENTE";"AV. DARCY DE PAULA GAIGHER, S/N"
"28/10/2024";"11:46:22";2024;2;"Eleição Ordinária";1;619;"Eleições Municipais 2024";"06/10/2024";"M";"ES";"56057";"ALFREDO CHAVES";56057;"ALFREDO CHAVES";12;37;13;"Vereador";55555;"ADILSON JOSE ROVETA";2;1228;80001947332;"CRECHE COMECINHO DE GENTE";"AV. DARCY DE PAULA GAIGHER, S/N"
"28/10/2024";"11:46:22";2024;2;"Eleição Ordinária";1;619;"Eleições Municipais 2024";"06/10/2024";"M";"ES";"56057";"ALFREDO CHAVES";56057;"ALFREDO CHAVES";12;28;13;"Vereador";95;"VOTO BRANCO";11;1074;-1;"SALÃO DA IGREJA DE SÃO MARTINHO";"R. PRINCIPAL, S/ N"
"28/10/2024";"11:46:22";2024;2;"Eleição Ordinária";1;619;"Eleições Municipais 2024";"06/10/2024";"M";"ES";"56057";"ALFREDO CHAVES";56057;"ALFREDO CHAVES";12;85;13;"Vereador";95;"VOTO BRANCO";9;1244;-1;"CRECHE PEQUERRUCHOS";"RUA ANTÔNIO CLAUDIO GAIGHER, 19"
"28/10/2024";"11:46:22";2024;2;"Eleição Ordinária";1;619;"Eleições Municipais 2024";"06/10/2024";"M";"ES";"56057";"ALFREDO CHAVES";56057;"ALFREDO CHAVES";12;9;13;"Vereador";40111;"CHARLES GAIGHER";1;1031;80001947148;"EMEF FAZENDA APARECIDA";"R. PRINCIPAL, S/ Nº"
"28/10/2024";"11:46:22";2024;2;"Eleição Ordinária";1;619;"Eleições Municipais 2024";"06/10/2024";"M";"ES";"56057";"ALFREDO CHAVES";56057;"ALFREDO CHAVES";12;14;13;"Vereador";45000;"WARLEI FERRARINI PESSALI";2;1066;80001982698;"SALÃO DA IGREJA CATÓLICA DE SÃO FRANCISCO DE BATATAL";"RUA PRINCIPAL, S/ N"
"28/10/2024";"11:46:22";2024;2;"Eleição Ordinária";1;619;"Eleições Municipais 2024";"06/10/2024";"M";"ES";"56057";"ALFREDO CHAVES";56057;"ALFREDO CHAVES";12;35;13;"Vereador";45666;"SERGIO BIANCHI";3;1171;80001982693;"EEEFM CAMILA MOTA";"R. NELSON DA COSTA MELLO, S/ N"
"28/10/2024";"11:46:22";2024;2;"Eleição Ordinária";1;619;"Eleições Municipais 2024";"06/10/2024";"M";"ES";"56057";"ALFREDO CHAVES";56057;"ALFREDO CHAVES";12;25;11;"Prefeito";11;"HUGO LUIZ PICOLI MENEGHEL";136;1155;80002104371;"EMEF FELIPE MODOLO";"R. PRINCIPAL, S/ N"
"28/10/2024";"11:46:22";2024;2;"Eleição Ordinária";1;619;"Eleições Municipais 2024";"06/10/2024";"M";"ES";"56057";"ALFREDO CHAVES";56057;"ALFREDO CHAVES";12;4;13;"Vereador";20200;"REGINA PAULA RAUTA MARIANI";2;1015;80001947284;"EMEF ANA ARAÚJO";"R. EXPEDICIONARIO OSVALDO SAUDINO"
"28/10/2024";"11:46:22";2024;2;"Eleição Ordinária";1;619;"Eleições Municipais 2024";"06/10/2024";"M";"ES";"56057";"ALFREDO CHAVES";56057;"ALFREDO CHAVES";12;24;11;"Prefeito";96;"VOTO NULO";11;1147;-1;"SALÃO COMUNITÁRIO DE SÃO BENTO DE URÂNIA";"R. PRINCIPAL, S/ N"
"28/10/2024";"11:46:22";2024;2;"Eleição Ordinária";1;619;"Eleições Municipais 2024";"06/10/2024";"M";"ES";"56057";"ALFREDO CHAVES";56057;"ALFREDO CHAVES";12;6;13;"Vereador";96;"VOTO NULO";3;1023;-1;"EEEFM CAMILA MOTA";"R. NELSON DA COSTA MELLO, S/ N"
"28/10/2024";"11:46:22";2024;2;"Eleição Ordinária";1;619;"Eleições Municipais 2024";"06/10/2024";"M";"ES";"56057";"ALFREDO CHAVES";56057;"ALFREDO CHAVES";12;14;13;"Vereador";40111;"CHARLES GAIGHER";4;1066;80001947148;"SALÃO DA IGREJA CATÓLICA DE SÃO FRANCISCO DE BATATAL";"RUA PRINCIPAL, S/ N"
"28/10/2024";"11:46:22";2024;2;"Eleição Ordinária";1;619;"Eleições Municipais 2024";"06/10/2024";"M";"ES";"56057";"ALFREDO CHAVES";56057;"ALFREDO CHAVES";12;1;13;"Vereador";40111;"CHARLES GAIGHER";7;1015;80001947148;"EMEF ANA ARAÚJO";"R. EXPEDICIONARIO OSVALDO SAUDINO"
"28/10/2024";"11:46:22";2024;2;"Eleição Ordinária";1;619;"Eleições Municipais 2024";"06/10/2024";"M";"ES";"56057";"ALFREDO CHAVES";56057;"ALFREDO CHAVES";12;12;13;"Vereador";40111;"CHARLES GAIGHER";42;1058;80001947148;"EMEF ENGANO";"R. PRINCIPAL, S/N"
"28/10/2024";"11:46:22";2024;2;"Eleição Ordinária";1;619;"Eleições Municipais 2024";"06/10/2024";"M";"ES";"56057";"ALFREDO CHAVES";56057;"ALFREDO CHAVES";12;4;13;"Vereador";55000;"JONAS NUNES SIMÕES";7;1015;80001947340;"EMEF ANA ARAÚJO";"R. EXPEDICIONARIO OSVALDO SAUDINO"
"28/10/2024";"11:46:22";2024;2;"Eleição Ordinária";1;619;"Eleições Municipais 2024";"06/10/2024";"M";"ES";"56057";"ALFREDO CHAVES";56057;"ALFREDO CHAVES";12;5;11;"Prefeito";11;"HUGO LUIZ PICOLI MENEGHEL";126;1015;80002104371;"EMEF ANA ARAÚJO";"R. EXPEDICIONARIO OSVALDO SAUDINO"
"28/10/2024";"11:46:22";2024;2;"Eleição Ordinária";1;619;"Eleições Municipais 2024";"06/10/2024";"M";"ES";"56057";"ALFREDO CHAVES";56057;"ALFREDO CHAVES";12;4;13;"Vereador";22022;"SAMUEL ARDIZZON BELMOK";1;1015;80002230759;"EMEF ANA ARAÚJO";"R. EXPEDICIONARIO OSVALDO SAUDINO"
"28/10/2024";"11:46:22";2024;2;"Eleição Ordinária";1;619;"Eleições Municipais 2024";"06/10/2024";"M";"ES";"56057";"ALFREDO CHAVES";56057;"ALFREDO CHAVES";12;11;13;"Vereador";95;"VOTO BRANCO";7;1040;-1;"EEEF DE CRUBIXÁ";"R. PRINCIPAL, S/ Nº"
"28/10/2024";"11:46:22";2024;2;"Eleição Ordinária";1;619;"Eleições Municipais 2024";"06/10/2024";"M";"ES";"56057";"ALFREDO CHAVES";56057;"ALFREDO CHAVES";12;6;13;"Vereador";40111;"CHARLES GAIGHER";5;1023;80001947148;"EEEFM CAMILA MOTA";"R. NELSON DA COSTA MELLO, S/ N"
"28/10/2024";"11:46:22";2024;2;"Eleição Ordinária";1;619;"Eleições Municipais 2024";"06/10/2024";"M";"ES";"56057";"ALFREDO CHAVES";56057;"ALFREDO CHAVES";12;11;13;"Vereador";11000;"FRANCISCO DE ASSIS JOSE DOS SANTOS";7;1040;80001982776;"EEEF DE CRUBIXÁ";"R. PRINCIPAL, S/ Nº"
"28/10/2024";"11:46:22";2024;2;"Eleição Ordinária";1;619;"Eleições Municipais 2024";"06/10/2024";"M";"ES";"56057";"ALFREDO CHAVES";56057;"ALFREDO CHAVES";12;29;13;"Vereador";40111;"CHARLES GAIGHER";1;1147;80001947148;"SALÃO COMUNITÁRIO DE SÃO BENTO DE URÂNIA";"R. PRINCIPAL, S/ N"
"28/10/2024";"11:46:22";2024;2;"Eleição Ordinária";1;619;"Eleições Municipais 2024";"06/10/2024";"M";"ES";"56057";"ALFREDO CHAVES";56057;"ALFREDO CHAVES";12;33;13;"Vereador";40111;"CHARLES GAIGHER";12;1171;80001947148;"EEEFM CAMILA MOTA";"R. NELSON DA COSTA MELLO, S/ N"
"28/10/2024";"11:46:22";2024;2;"Eleição Ordinária";1;619;"Eleições Municipais 2024";"06/10/2024";"M";"ES";"56057";"ALFREDO CHAVES";56057;"ALFREDO CHAVES";12;85;13;"Vereador";10000;"JANDIR GRATIERI";2;1244;80001966356;"CRECHE PEQUERRUCHOS";"RUA ANTÔNIO CLAUDIO GAIGHER, 19"
"28/10/2024";"11:46:22";2024;2;"Eleição Ordinária";1;619;"Eleições Municipais 2024";"06/10/2024";"M";"ES";"56057";"ALFREDO CHAVES";56057;"ALFREDO CHAVES";12;4;13;"Vereador";10321;"DIVAL LUIZ PAGANINI";3;1015;80001966354;"EMEF ANA ARAÚJO";"R. EXPEDICIONARIO OSVALDO SAUDINO"
"28/10/2024";"11:46:22";2024;2;"Eleição Ordinária";1;619;"Eleições Municipais 2024";"06/10/2024";"M";"ES";"56057";"ALFREDO CHAVES";56057;"ALFREDO CHAVES";12;12;13;"Vereador";11000;"FRANCISCO DE ASSIS JOSE DOS SANTOS";4;1058;80001982776;"EMEF ENGANO";"R. PRINCIPAL, S/N"
"28/10/2024";"11:46:22";2024;2;"Eleição Ordinária";1;619;"Eleições Municipais 2024";"06/10/2024";"M";"ES";"56057";"ALFREDO CHAVES";56057;"ALFREDO CHAVES";12;14;13;"Vereador";11789;"EDSON ANTONIO REGIANI";2;1066;80001982773;"SALÃO DA IGREJA CATÓLICA DE SÃO FRANCISCO DE BATATAL";"RUA PRINCIPAL, S/ N"
"28/10/2024";"11:46:22";2024;2;"Eleição Ordinária";1;619;"Eleições Municipais 2024";"06/10/2024";"M";"ES";"56057";"ALFREDO CHAVES";56057;"ALFREDO CHAVES";12;17;13;"Vereador";11000;"FRANCISCO DE ASSIS JOSE DOS SANTOS";2;1090;80001982776;"EMEF FELIPE MODOLO";"R. PRINCIPAL, S/ N"
"28/10/2024";"11:46:22";2024;2;"Eleição Ordinária";1;619;"Eleições Municipais 2024";"06/10/2024";"M";"ES";"56057";"ALFREDO CHAVES";56057;"ALFREDO CHAVES";12;34;11;"Prefeito";95;"VOTO BRANCO";1;1171;-1;"EEEFM CAMILA MOTA";"R. NELSON DA COSTA MELLO, S/ N"
"28/10/2024";"11:46:22";2024;2;"Eleição Ordinária";1;619;"Eleições Municipais 2024";"06/10/2024";"M";"ES";"56057";"ALFREDO CHAVES";56057;"ALFREDO CHAVES";12;19;11;"Prefeito";95;"VOTO BRANCO";1;1104;-1;"SALÃO COMUNITÁRIO DE NOVA ESTRELA";"R. PRINCIPAL, S/ N"
"28/10/2024";"11:46:22";2024;2;"Eleição Ordinária";1;619;"Eleições Municipais 2024";"06/10/2024";"M";"ES";"56057";"ALFREDO CHAVES";56057;"ALFREDO CHAVES";12;16;13;"Vereador";40456;"SERAFINO ANTONIO SIMONI";1;1082;80001947157;"PRÉDIO DA ANTIGA ESCOLA ALMERINDA BRUNORO";"R. PRINCIPAL, S/ N"
"28/10/2024";"11:46:22";2024;2;"Eleição Ordinária";1;619;"Eleições Municipais 2024";"06/10/2024";"M";"ES";"56057";"ALFREDO CHAVES";56057;"ALFREDO CHAVES";12;27;13;"Vereador";11555;"HERMES LUIZ MARCHIORI ATHAIDES";6;1171;80001982779;"EEEFM CAMILA MOTA";"R. NELSON DA COSTA MELLO, S/ N"
"28/10/2024";"11:46:22";2024;2;"Eleição Ordinária";1;619;"Eleições Municipais 2024";"06/10/2024";"M";"ES";"56057";"ALFREDO CHAVES";56057;"ALFREDO CHAVES";12;3;13;"Vereador";40555;"DANIEL ORLANDI";5;1015;80001947149;"EMEF ANA ARAÚJO";"R. EXPEDICIONARIO OSVALDO SAUDINO"
"28/10/2024";"11:46:22";2024;2;"Eleição Ordinária";1;619;"Eleições Municipais 2024";"06/10/2024";"M";"ES";"56057";"ALFREDO CHAVES";56057;"ALFREDO CHAVES";12;20;13;"Vereador";20222;"IZABEL APARECIDA MORESCHI";1;1112;80001947281;"SALÃO DA IGREJA CATÓLICA DE CACHOEIRA ALTA";"R. PRINCIPAL, S/ N"
"28/10/2024";"11:46:22";2024;2;"Eleição Ordinária";1;619;"Eleições Municipais 2024";"06/10/2024";"M";"ES";"56057";"ALFREDO CHAVES";56057;"ALFREDO CHAVES";12;40;13;"Vereador";22500;"LAUDEMIR CARLOS PEREIRA";1;1236;80002230758;"SALÃO PAROQUIAL DA IGREJA DE NOSSA SENHORA DA CONCEIÇÃO";"AV. GETULIO VARGAS, 545"
"28/10/2024";"11:46:22";2024;2;"Eleição Ordinária";1;619;"Eleições Municipais 2024";"06/10/2024";"M";"ES";"56057";"ALFREDO CHAVES";56057;"ALFREDO CHAVES";12;14;13;"Vereador";20000;"IZABEL PARMAGNANI";3;1066;80001947279;"SALÃO DA IGREJA CATÓLICA DE SÃO FRANCISCO DE BATATAL";"RUA PRINCIPAL, S/ N"
"28/10/2024";"11:46:22";2024;2;"Eleição Ordinária";1;619;"Eleições Municipais 2024";"06/10/2024";"M";"ES";"56057";"ALFREDO CHAVES";56057;"ALFREDO CHAVES";12;1;13;"Vereador";20000;"IZABEL PARMAGNANI";6;1015;80001947279;"EMEF ANA ARAÚJO";"R. EXPEDICIONARIO OSVALDO SAUDINO"
"28/10/2024";"11:46:22";2024;2;"Eleição Ordinária";1;619;"Eleições Municipais 2024";"06/10/2024";"M";"ES";"56057";"ALFREDO CHAVES";56057;"ALFREDO CHAVES";12;12;13;"Vereador";20000;"IZABEL PARMAGNANI";1;1058;80001947279;"EMEF ENGANO";"R. PRINCIPAL, S/N"
"28/10/2024";"11:46:22";2024;2;"Eleição Ordinária";1;619;"Eleições Municipais 2024";"06/10/2024";"M";"ES";"56057";"ALFREDO CHAVES";56057;"ALFREDO CHAVES";12;11;13;"Vereador";11123;"RENAN DE JESUS BOLDRINI";1;1040;80001982781;"EEEF DE CRUBIXÁ";"R. PRINCIPAL, S/ Nº"
"28/10/2024";"11:46:22";2024;2;"Eleição Ordinária";1;619;"Eleições Municipais 2024";"06/10/2024";"M";"ES";"56057";"ALFREDO CHAVES";56057;"ALFREDO CHAVES";12;96;11;"Prefeito";96;"VOTO NULO";1;1147;-1;"SALÃO COMUNITÁRIO DE SÃO BENTO DE URÂNIA";"R. PRINCIPAL, S/ N"
"28/10/2024";"11:46:22";2024;2;"Eleição Ordinária";1;619;"Eleições Municipais 2024";"06/10/2024";"M";"ES";"56057";"ALFREDO CHAVES";56057;"ALFREDO CHAVES";12;40;13;"Vereador";22022;"SAMUEL ARDIZZON BELMOK";5;1236;80002230759;"SALÃO PAROQUIAL DA IGREJA DE NOSSA SENHORA DA CONCEIÇÃO";"AV. GETULIO VARGAS, 545"
"28/10/2024";"11:46:22";2024;2;"Eleição Ordinária";1;619;"Eleições Municipais 2024";"06/10/2024";"M";"ES";"56057";"ALFREDO CHAVES";56057;"ALFREDO CHAVES";12;8;13;"Vereador";55555;"ADILSON JOSE ROVETA";1;1023;80001947332;"EEEFM CAMILA MOTA";"R. NELSON DA COSTA MELLO, S/ N"
"28/10/2024";"11:46:22";2024;2;"Eleição Ordinária";1;619;"Eleições Municipais 2024";"06/10/2024";"M";"ES";"56057";"ALFREDO CHAVES";56057;"ALFREDO CHAVES";12;25;13;"Vereador";40111;"CHARLES GAIGHER";13;1155;80001947148;"EMEF FELIPE MODOLO";"R. PRINCIPAL, S/ N"
"28/10/2024";"11:46:22";2024;2;"Eleição Ordinária";1;619;"Eleições Municipais 2024";"06/10/2024";"M";"ES";"56057";"ALFREDO CHAVES";56057;"ALFREDO CHAVES";12;33;13;"Vereador";45100;"WELLINGTON MORAES DE AGUIAR";1;1171;80001982697;"EEEFM CAMILA MOTA";"R. NELSON DA COSTA MELLO, S/ N"
"28/10/2024";"11:46:22";2024;2;"Eleição Ordinária";1;619;"Eleições Municipais 2024";"06/10/2024";"M";"ES";"56057";"ALFREDO CHAVES";56057;"ALFREDO CHAVES";12;3;11;"Prefeito";96;"VOTO NULO";6;1015;-1;"EMEF ANA ARAÚJO";"R. EXPEDICIONARIO OSVALDO SAUDINO"
"28/10/2024";"11:46:22";2024;2;"Eleição Ordinária";1;619;"Eleições Municipais 2024";"06/10/2024";"M";"ES";"56057";"ALFREDO CHAVES";56057;"ALFREDO CHAVES";12;14;13;"Vereador";20190;"MARCELO CRISTIANO CARDOSO FARIA";4;1066;80001947286;"SALÃO DA IGREJA CATÓLICA DE SÃO FRANCISCO DE BATATAL";"RUA PRINCIPAL, S/ N"
"28/10/2024";"11:46:22";2024;2;"Eleição Ordinária";1;619;"Eleições Municipais 2024";"06/10/2024";"M";"ES";"56057";"ALFREDO CHAVES";56057;"ALFREDO CHAVES";12;1;13;"Vereador";20190;"MARCELO CRISTIANO CARDOSO FARIA";8;1015;80001947286;"EMEF ANA ARAÚJO";"R. EXPEDICIONARIO OSVALDO SAUDINO"
"28/10/2024";"11:46:22";2024;2;"Eleição Ordinária";1;619;"Eleições Municipais 2024";"06/10/2024";"M";"ES";"56057";"ALFREDO CHAVES";56057;"ALFREDO CHAVES";12;12;13;"Vereador";20190;"MARCELO CRISTIANO CARDOSO FARIA";1;1058;80001947286;"EMEF ENGANO";"R. PRINCIPAL, S/N"
"28/10/2024";"11:46:22";2024;2;"Eleição Ordinária";1;619;"Eleições Municipais 2024";"06/10/2024";"M";"ES";"56057";"ALFREDO CHAVES";56057;"ALFREDO CHAVES";12;16;13;"Vereador";11222;"KATIUSCIA SARTORI SILVA COMINOTTI";1;1082;80001982782;"PRÉDIO DA ANTIGA ESCOLA ALMERINDA BRUNORO";"R. PRINCIPAL, S/ N"
"28/10/2024";"11:46:22";2024;2;"Eleição Ordinária";1;619;"Eleições Municipais 2024";"06/10/2024";"M";"ES";"56057";"ALFREDO CHAVES";56057;"ALFREDO CHAVES";12;39;13;"Vereador";55333;"BERENICE DA PENHA GALVAO PEREIRA";8;1244;80001947339;"CRECHE PEQUERRUCHOS";"RUA ANTÔNIO CLAUDIO GAIGHER, 19"
"28/10/2024";"11:46:22";2024;2;"Eleição Ordinária";1;619;"Eleições Municipais 2024";"06/10/2024";"M";"ES";"56057";"ALFREDO CHAVES";56057;"ALFREDO CHAVES";12;2;13;"Vereador";40222;"LUCIANO BELLON";1;1015;80001947156;"EMEF ANA ARAÚJO";"R. EXPEDICIONARIO OSVALDO SAUDINO"
"28/10/2024";"11:46:22";2024;2;"Eleição Ordinária";1;619;"Eleições Municipais 2024";"06/10/2024";"M";"ES";"56057";"ALFREDO CHAVES";56057;"ALFREDO CHAVES";12;85;13;"Vereador";55333;"BERENICE DA PENHA GALVAO PEREIRA";9;1244;80001947339;"CRECHE PEQUERRUCHOS";"RUA ANTÔNIO CLAUDIO GAIGHER, 19"
"28/10/2024";"11:46:22";2024;2;"Eleição Ordinária";1;619;"Eleições Municipais 2024";"06/10/2024";"M";"ES";"56057";"ALFREDO CHAVES";56057;"ALFREDO CHAVES";12;20;13;"Vereador";11000;"FRANCISCO DE ASSIS JOSE DOS SANTOS";3;1112;80001982776;"SALÃO DA IGREJA CATÓLICA DE CACHOEIRA ALTA";"R. PRINCIPAL, S/ N"
"28/10/2024";"11:46:22";2024;2;"Eleição Ordinária";1;619;"Eleições Municipais 2024";"06/10/2024";"M";"ES";"56057";"ALFREDO CHAVES";56057;"ALFREDO CHAVES";12;34;11;"Prefeito";96;"VOTO NULO";2;1171;-1;"EEEFM CAMILA MOTA";"R. NELSON DA COSTA MELLO, S/ N"
"28/10/2024";"11:46:22";2024;2;"Eleição Ordinária";1;619;"Eleições Municipais 2024";"06/10/2024";"M";"ES";"56057";"ALFREDO CHAVES";56057;"ALFREDO CHAVES";12;19;11;"Prefeito";96;"VOTO NULO";2;1104;-1;"SALÃO COMUNITÁRIO DE NOVA ESTRELA";"R. PRINCIPAL, S/ N"
"28/10/2024";"11:46:22";2024;2;"Eleição Ordinária";1;619;"Eleições Municipais 2024";"06/10/2024";"M";"ES";"56057";"ALFREDO CHAVES";56057;"ALFREDO CHAVES";12;10;13;"Vereador";40999;"EMILIA DAS GRAÇAS ALVES PADILHA DOMINGUES";2;1040;80001947155;"EEEF DE CRUBIXÁ";"R. PRINCIPAL, S/ Nº"
"28/10/2024";"11:46:22";2024;2;"Eleição Ordinária";1;619;"Eleições Municipais 2024";"06/10/2024";"M";"ES";"56057";"ALFREDO CHAVES";56057;"ALFREDO CHAVES";12;18;13;"Vereador";40111;"CHARLES GAIGHER";5;1090;80001947148;"EMEF FELIPE MODOLO";"R. PRINCIPAL, S/ N"
"28/10/2024";"11:46:22";2024;2;"Eleição Ordinária";1;619;"Eleições Municipais 2024";"06/10/2024";"M";"ES";"56057";"ALFREDO CHAVES";56057;"ALFREDO CHAVES";12;9;13;"Vereador";45777;"GUILHERME CARLOS CETTO VITOR";1;1031;80001982699;"EMEF FAZENDA APARECIDA";"R. PRINCIPAL, S/ Nº"
"28/10/2024";"11:46:22";2024;2;"Eleição Ordinária";1;619;"Eleições Municipais 2024";"06/10/2024";"M";"ES";"56057";"ALFREDO CHAVES";56057;"ALFREDO CHAVES";12;15;11;"Prefeito";96;"VOTO NULO";6;1074;-1;"SALÃO DA IGREJA DE SÃO MARTINHO";"R. PRINCIPAL, S/ N"
"28/10/2024";"11:46:22";2024;2;"Eleição Ordinária";1;619;"Eleições Municipais 2024";"06/10/2024";"M";"ES";"56057";"ALFREDO CHAVES";56057;"ALFREDO CHAVES";12;6;11;"Prefeito";96;"VOTO NULO";4;1023;-1;"EEEFM CAMILA MOTA";"R. NELSON DA COSTA MELLO, S/ N"
"28/10/2024";"11:46:22";2024;2;"Eleição Ordinária";1;619;"Eleições Municipais 2024";"06/10/2024";"M";"ES";"56057";"ALFREDO CHAVES";56057;"ALFREDO CHAVES";12;2;13;"Vereador";20222;"IZABEL APARECIDA MORESCHI";1;1015;80001947281;"EMEF ANA ARAÚJO";"R. EXPEDICIONARIO OSVALDO SAUDINO"
"28/10/2024";"11:46:22";2024;2;"Eleição Ordinária";1;619;"Eleições Municipais 2024";"06/10/2024";"M";"ES";"56057";"ALFREDO CHAVES";56057;"ALFREDO CHAVES";12;13;13;"Vereador";40321;"GILSON LUIZ BELLON";1;1058;80001947151;"EMEF ENGANO";"R. PRINCIPAL, S/N"
"28/10/2024";"11:46:22";2024;2;"Eleição Ordinária";1;619;"Eleições Municipais 2024";"06/10/2024";"M";"ES";"56057";"ALFREDO CHAVES";56057;"ALFREDO CHAVES";12;13;13;"Vereador";20111;"RUBERCI FALCÃO";1;1058;80001947282;"EMEF ENGANO";"R. PRINCIPAL, S/N"
"28/10/2024";"11:46:22";2024;2;"Eleição Ordinária";1;619;"Eleições Municipais 2024";"06/10/2024";"M";"ES";"56057";"ALFREDO CHAVES";56057;"ALFREDO CHAVES";12;34;13;"Vereador";20111;"RUBERCI FALCÃO";3;1171;80001947282;"EEEFM CAMILA MOTA";"R. NELSON DA COSTA MELLO, S/ N"
"28/10/2024";"11:46:22";2024;2;"Eleição Ordinária";1;619;"Eleições Municipais 2024";"06/10/2024";"M";"ES";"56057";"ALFREDO CHAVES";56057;"ALFREDO CHAVES";12;19;13;"Vereador";20111;"RUBERCI FALCÃO";1;1104;80001947282;"SALÃO COMUNITÁRIO DE NOVA ESTRELA";"R. PRINCIPAL, S/ N"
"28/10/2024";"11:46:22";2024;2;"Eleição Ordinária";1;619;"Eleições Municipais 2024";"06/10/2024";"M";"ES";"56057";"ALFREDO CHAVES";56057;"ALFREDO CHAVES";12;41;13;"Vereador";20123;"ARMANDO ZANATA INGLE RIBEIRO";13;1236;80001947278;"SALÃO PAROQUIAL DA IGREJA DE NOSSA SENHORA DA CONCEIÇÃO";"AV. GETULIO VARGAS, 545"
"28/10/2024";"11:46:22";2024;2;"Eleição Ordinária";1;619;"Eleições Municipais 2024";"06/10/2024";"M";"ES";"56057";"ALFREDO CHAVES";56057;"ALFREDO CHAVES";12;30;13;"Vereador";22022;"SAMUEL ARDIZZON BELMOK";5;1171;80002230759;"EEEFM CAMILA MOTA";"R. NELSON DA COSTA MELLO, S/ N"
"28/10/2024";"11:46:22";2024;2;"Eleição Ordinária";1;619;"Eleições Municipais 2024";"06/10/2024";"M";"ES";"56057";"ALFREDO CHAVES";56057;"ALFREDO CHAVES";12;2;13;"Vereador";45123;"RAYANE TOMAZINI BRESSANELLI";2;1015;80001982695;"EMEF ANA ARAÚJO";"R. EXPEDICIONARIO OSVALDO SAUDINO"
"28/10/2024";"11:46:22";2024;2;"Eleição Ordinária";1;619;"Eleições Municipais 2024";"06/10/2024";"M";"ES";"56057";"ALFREDO CHAVES";56057;"ALFREDO CHAVES";12;6;13;"Vereador";22122;"SILVIA FOLGER BERNABÉ";2;1023;80002230756;"EEEFM CAMILA MOTA";"R. NELSON DA COSTA MELLO, S/ N"
"28/10/2024";"11:46:22";2024;2;"Eleição Ordinária";1;619;"Eleições Municipais 2024";"06/10/2024";"M";"ES";"56057";"ALFREDO CHAVES";56057;"ALFREDO CHAVES";12;2;13;"Vereador";20111;"RUBERCI FALCÃO";4;1015;80001947282;"EMEF ANA ARAÚJO";"R. EXPEDICIONARIO OSVALDO SAUDINO"
"28/10/2024";"11:46:22";2024;2;"Eleição Ordinária";1;619;"Eleições Municipais 2024";"06/10/2024";"M";"ES";"56057";"ALFREDO CHAVES";56057;"ALFREDO CHAVES";12;31;13;"Vereador";20111;"RUBERCI FALCÃO";3;1171;80001947282;"EEEFM CAMILA MOTA";"R. NELSON DA COSTA MELLO, S/ N"
"28/10/2024";"11:46:22";2024;2;"Eleição Ordinária";1;619;"Eleições Municipais 2024";"06/10/2024";"M";"ES";"56057";"ALFREDO CHAVES";56057;"ALFREDO CHAVES";12;20;13;"Vereador";10321;"DIVAL LUIZ PAGANINI";3;1112;80001966354;"SALÃO DA IGREJA CATÓLICA DE CACHOEIRA ALTA";"R. PRINCIPAL, S/ N"
"28/10/2024";"11:46:22";2024;2;"Eleição Ordinária";1;619;"Eleições Municipais 2024";"06/10/2024";"M";"ES";"56057";"ALFREDO CHAVES";56057;"ALFREDO CHAVES";12;4;13;"Vereador";40444;"ALAESSO LORENZON";1;1015;80001947150;"EMEF ANA ARAÚJO";"R. EXPEDICIONARIO OSVALDO SAUDINO"
"28/10/2024";"11:46:22";2024;2;"Eleição Ordinária";1;619;"Eleições Municipais 2024";"06/10/2024";"M";"ES";"56057";"ALFREDO CHAVES";56057;"ALFREDO CHAVES";12;9;11;"Prefeito";11;"HUGO LUIZ PICOLI MENEGHEL";191;1031;80002104371;"EMEF FAZENDA APARECIDA";"R. PRINCIPAL, S/ Nº"
"28/10/2024";"11:46:22";2024;2;"Eleição Ordinária";1;619;"Eleições Municipais 2024";"06/10/2024";"M";"ES";"56057";"ALFREDO CHAVES";56057;"ALFREDO CHAVES";12;14;13;"Vereador";55456;"JOAO ENDRINGER JUNIOR";1;1066;80001947335;"SALÃO DA IGREJA CATÓLICA DE SÃO FRANCISCO DE BATATAL";"RUA PRINCIPAL, S/ N"
"28/10/2024";"11:46:22";2024;2;"Eleição Ordinária";1;619;"Eleições Municipais 2024";"06/10/2024";"M";"ES";"56057";"ALFREDO CHAVES";56057;"ALFREDO CHAVES";12;14;13;"Vereador";10366;"SELMA CONSOLADORA CASALI PILON";1;1066;80001966358;"SALÃO DA IGREJA CATÓLICA DE SÃO FRANCISCO DE BATATAL";"RUA PRINCIPAL, S/ N"
"28/10/2024";"11:46:22";2024;2;"Eleição Ordinária";1;619;"Eleições Municipais 2024";"06/10/2024";"M";"ES";"56057";"ALFREDO CHAVES";56057;"ALFREDO CHAVES";12;7;11;"Prefeito";22;"LUIZ CLAUDIO BOLDRINI";22;1171;80002271252;"EEEFM CAMILA MOTA";"R. NELSON DA COSTA MELLO, S/ N"
"28/10/2024";"11:46:22";2024;2;"Eleição Ordinária";1;619;"Eleições Municipais 2024";"06/10/2024";"M";"ES";"56057";"ALFREDO CHAVES";56057;"ALFREDO CHAVES";12;23;13;"Vereador";45555;"MARCIA FRANCISCO";2;1139;80001982694;"EMEF SAGRADA FAMÍLIA";"R. PRINCIPAL, S/ N"
"28/10/2024";"11:46:22";2024;2;"Eleição Ordinária";1;619;"Eleições Municipais 2024";"06/10/2024";"M";"ES";"56057";"ALFREDO CHAVES";56057;"ALFREDO CHAVES";12;23;13;"Vereador";10123;"ALEFY JUNIOR CLAUDIO SIMOES";1;1139;80001966351;"EMEF SAGRADA FAMÍLIA";"R. PRINCIPAL, S/ N"
"28/10/2024";"11:46:22";2024;2;"Eleição Ordinária";1;619;"Eleições Municipais 2024";"06/10/2024";"M";"ES";"56057";"ALFREDO CHAVES";56057;"ALFREDO CHAVES";12;3;13;"Vereador";11555;"HERMES LUIZ MARCHIORI ATHAIDES";15;1015;80001982779;"EMEF ANA ARAÚJO";"R. EXPEDICIONARIO OSVALDO SAUDINO"
"28/10/2024";"11:46:22";2024;2;"Eleição Ordinária";1;619;"Eleições Municipais 2024";"06/10/2024";"M";"ES";"56057";"ALFREDO CHAVES";56057;"ALFREDO CHAVES";12;38;13;"Vereador";11100;"TAIS LIMA TEIXEIRA ULIANA";8;1244;80001982780;"CRECHE PEQUERRUCHOS";"RUA ANTÔNIO CLAUDIO GAIGHER, 19"
"28/10/2024";"11:46:22";2024;2;"Eleição Ordinária";1;619;"Eleições Municipais 2024";"06/10/2024";"M";"ES";"56057";"ALFREDO CHAVES";56057;"ALFREDO CHAVES";12;5;13;"Vereador";20190;"MARCELO CRISTIANO CARDOSO FARIA";4;1015;80001947286;"EMEF ANA ARAÚJO";"R. EXPEDICIONARIO OSVALDO SAUDINO"
"28/10/2024";"11:46:22";2024;2;"Eleição Ordinária";1;619;"Eleições Municipais 2024";"06/10/2024";"M";"ES";"56057";"ALFREDO CHAVES";56057;"ALFREDO CHAVES";12;14;13;"Vereador";40369;"MARIA AUGUSTA BUFFOLO";6;1066;80001947154;"SALÃO DA IGREJA CATÓLICA DE SÃO FRANCISCO DE BATATAL";"RUA PRINCIPAL, S/ N"
"28/10/2024";"11:46:22";2024;2;"Eleição Ordinária";1;619;"Eleições Municipais 2024";"06/10/2024";"M";"ES";"56057";"ALFREDO CHAVES";56057;"ALFREDO CHAVES";12;1;13;"Vereador";40369;"MARIA AUGUSTA BUFFOLO";4;1015;80001947154;"EMEF ANA ARAÚJO";"R. EXPEDICIONARIO OSVALDO SAUDINO"
"28/10/2024";"11:46:22";2024;2;"Eleição Ordinária";1;619;"Eleições Municipais 2024";"06/10/2024";"M";"ES";"56057";"ALFREDO CHAVES";56057;"ALFREDO CHAVES";12;12;13;"Vereador";40369;"MARIA AUGUSTA BUFFOLO";5;1058;80001947154;"EMEF ENGANO";"R. PRINCIPAL, S/N"
"28/10/2024";"11:46:22";2024;2;"Eleição Ordinária";1;619;"Eleições Municipais 2024";"06/10/2024";"M";"ES";"56057";"ALFREDO CHAVES";56057;"ALFREDO CHAVES";12;5;13;"Vereador";10101;"NAMARA NAZARIA DE PAULA PASSOS SILVA";2;1015;80001966359;"EMEF ANA ARAÚJO";"R. EXPEDICIONARIO OSVALDO SAUDINO"
"28/10/2024";"11:46:22";2024;2;"Eleição Ordinária";1;619;"Eleições Municipais 2024";"06/10/2024";"M";"ES";"56057";"ALFREDO CHAVES";56057;"ALFREDO CHAVES";12;17;13;"Vereador";22000;"ANDRÉ ALMONFREY ORLANDI";2;1090;80002230761;"EMEF FELIPE MODOLO";"R. PRINCIPAL, S/ N"
"28/10/2024";"11:46:22";2024;2;"Eleição Ordinária";1;619;"Eleições Municipais 2024";"06/10/2024";"M";"ES";"56057";"ALFREDO CHAVES";56057;"ALFREDO CHAVES";12;17;13;"Vereador";96;"VOTO NULO";4;1090;-1;"EMEF FELIPE MODOLO";"R. PRINCIPAL, S/ N"
"28/10/2024";"11:46:22";2024;2;"Eleição Ordinária";1;619;"Eleições Municipais 2024";"06/10/2024";"M";"ES";"56057";"ALFREDO CHAVES";56057;"ALFREDO CHAVES";12;24;11;"Prefeito";95;"VOTO BRANCO";9;1147;-1;"SALÃO COMUNITÁRIO DE SÃO BENTO DE URÂNIA";"R. PRINCIPAL, S/ N"
"28/10/2024";"11:46:22";2024;2;"Eleição Ordinária";1;619;"Eleições Municipais 2024";"06/10/2024";"M";"ES";"56057";"ALFREDO CHAVES";56057;"ALFREDO CHAVES";12;38;13;"Vereador";11789;"EDSON ANTONIO REGIANI";1;1244;80001982773;"CRECHE PEQUERRUCHOS";"RUA ANTÔNIO CLAUDIO GAIGHER, 19"
"28/10/2024";"11:46:22";2024;2;"Eleição Ordinária";1;619;"Eleições Municipais 2024";"06/10/2024";"M";"ES";"56057";"ALFREDO CHAVES";56057;"ALFREDO CHAVES";12;39;13;"Vereador";40555;"DANIEL ORLANDI";7;1244;80001947149;"CRECHE PEQUERRUCHOS";"RUA ANTÔNIO CLAUDIO GAIGHER, 19"
"28/10/2024";"11:46:22";2024;2;"Eleição Ordinária";1;619;"Eleições Municipais 2024";"06/10/2024";"M";"ES";"56057";"ALFREDO CHAVES";56057;"ALFREDO CHAVES";12;23;13;"Vereador";55555;"ADILSON JOSE ROVETA";45;1139;80001947332;"EMEF SAGRADA FAMÍLIA";"R. PRINCIPAL, S/ N"
"28/10/2024";"11:46:22";2024;2;"Eleição Ordinária";1;619;"Eleições Municipais 2024";"06/10/2024";"M";"ES";"56057";"ALFREDO CHAVES";56057;"ALFREDO CHAVES";12;20;13;"Vereador";10366;"SELMA CONSOLADORA CASALI PILON";1;1112;80001966358;"SALÃO DA IGREJA CATÓLICA DE CACHOEIRA ALTA";"R. PRINCIPAL, S/ N"
"28/10/2024";"11:46:22";2024;2;"Eleição Ordinária";1;619;"Eleições Municipais 2024";"06/10/2024";"M";"ES";"56057";"ALFREDO CHAVES";56057;"ALFREDO CHAVES";12;18;13;"Vereador";20555;"VERA LUCIA BONA";1;1090;80001947283;"EMEF FELIPE MODOLO";"R. PRINCIPAL, S/ N"
"28/10/2024";"11:46:22";2024;2;"Eleição Ordinária";1;619;"Eleições Municipais 2024";"06/10/2024";"M";"ES";"56057";"ALFREDO CHAVES";56057;"ALFREDO CHAVES";12;29;13;"Vereador";10000;"JANDIR GRATIERI";42;1147;80001966356;"SALÃO COMUNITÁRIO DE SÃO BENTO DE URÂNIA";"R. PRINCIPAL, S/ N"
"28/10/2024";"11:46:22";2024;2;"Eleição Ordinária";1;619;"Eleições Municipais 2024";"06/10/2024";"M";"ES";"56057";"ALFREDO CHAVES";56057;"ALFREDO CHAVES";12;20;13;"Vereador";95;"VOTO BRANCO";6;1112;-1;"SALÃO DA IGREJA CATÓLICA DE CACHOEIRA ALTA";"R. PRINCIPAL, S/ N"
"28/10/2024";"11:46:22";2024;2;"Eleição Ordinária";1;619;"Eleições Municipais 2024";"06/10/2024";"M";"ES";"56057";"ALFREDO CHAVES";56057;"ALFREDO CHAVES";12;39;13;"Vereador";11000;"FRANCISCO DE ASSIS JOSE DOS SANTOS";13;1244;80001982776;"CRECHE PEQUERRUCHOS";"RUA ANTÔNIO CLAUDIO GAIGHER, 19"
"28/10/2024";"11:46:22";2024;2;"Eleição Ordinária";1;619;"Eleições Municipais 2024";"06/10/2024";"M";"ES";"56057";"ALFREDO CHAVES";56057;"ALFREDO CHAVES";12;11;11;"Prefeito";96;"VOTO NULO";2;1040;-1;"EEEF DE CRUBIXÁ";"R. PRINCIPAL, S/ Nº"
"28/10/2024";"11:46:22";2024;2;"Eleição Ordinária";1;619;"Eleições Municipais 2024";"06/10/2024";"M";"ES";"56057";"ALFREDO CHAVES";56057;"ALFREDO CHAVES";12;20;13;"Vereador";11123;"RENAN DE JESUS BOLDRINI";1;1112;80001982781;"SALÃO DA IGREJA CATÓLICA DE CACHOEIRA ALTA";"R. PRINCIPAL, S/ N"
"28/10/2024";"11:46:22";2024;2;"Eleição Ordinária";1;619;"Eleições Municipais 2024";"06/10/2024";"M";"ES";"56057";"ALFREDO CHAVES";56057;"ALFREDO CHAVES";12;40;13;"Vereador";55555;"ADILSON JOSE ROVETA";3;1236;80001947332;"SALÃO PAROQUIAL DA IGREJA DE NOSSA SENHORA DA CONCEIÇÃO";"AV. GETULIO VARGAS, 545"
"28/10/2024";"11:46:22";2024;2;"Eleição Ordinária";1;619;"Eleições Municipais 2024";"06/10/2024";"M";"ES";"56057";"ALFREDO CHAVES";56057;"ALFREDO CHAVES";12;15;13;"Vereador";55555;"ADILSON JOSE ROVETA";1;1074;80001947332;"SALÃO DA IGREJA DE SÃO MARTINHO";"R. PRINCIPAL, S/ N"
"28/10/2024";"11:46:22";2024;2;"Eleição Ordinária";1;619;"Eleições Municipais 2024";"06/10/2024";"M";"ES";"56057";"ALFREDO CHAVES";56057;"ALFREDO CHAVES";12;3;13;"Vereador";45888;"ANGELO GABRIEL FAVATO";1;1015;80001982690;"EMEF ANA ARAÚJO";"R. EXPEDICIONARIO OSVALDO SAUDINO"
"28/10/2024";"11:46:22";2024;2;"Eleição Ordinária";1;619;"Eleições Municipais 2024";"06/10/2024";"M";"ES";"56057";"ALFREDO CHAVES";56057;"ALFREDO CHAVES";12;38;13;"Vereador";55555;"ADILSON JOSE ROVETA";2;1244;80001947332;"CRECHE PEQUERRUCHOS";"RUA ANTÔNIO CLAUDIO GAIGHER, 19"
"28/10/2024";"11:46:22";2024;2;"Eleição Ordinária";1;619;"Eleições Municipais 2024";"06/10/2024";"M";"ES";"56057";"ALFREDO CHAVES";56057;"ALFREDO CHAVES";12;38;13;"Vereador";11111;"JONACIR JOSE DENADAI";1;1244;80001982774;"CRECHE PEQUERRUCHOS";"RUA ANTÔNIO CLAUDIO GAIGHER, 19"
"28/10/2024";"11:46:22";2024;2;"Eleição Ordinária";1;619;"Eleições Municipais 2024";"06/10/2024";"M";"ES";"56057";"ALFREDO CHAVES";56057;"ALFREDO CHAVES";12;39;13;"Vereador";40111;"CHARLES GAIGHER";5;1244;80001947148;"CRECHE PEQUERRUCHOS";"RUA ANTÔNIO CLAUDIO GAIGHER, 19"
"28/10/2024";"11:46:22";2024;2;"Eleição Ordinária";1;619;"Eleições Municipais 2024";"06/10/2024";"M";"ES";"56057";"ALFREDO CHAVES";56057;"ALFREDO CHAVES";12;8;11;"Prefeito";96;"VOTO NULO";7;1023;-1;"EEEFM CAMILA MOTA";"R. NELSON DA COSTA MELLO, S/ N"
"28/10/2024";"11:46:22";2024;2;"Eleição Ordinária";1;619;"Eleições Municipais 2024";"06/10/2024";"M";"ES";"56057";"ALFREDO CHAVES";56057;"ALFREDO CHAVES";12;22;13;"Vereador";45513;"DEVANITO GOMES TEIXEIRA";2;1139;80001982691;"EMEF SAGRADA FAMÍLIA";"R. PRINCIPAL, S/ N"
"28/10/2024";"11:46:22";2024;2;"Eleição Ordinária";1;619;"Eleições Municipais 2024";"06/10/2024";"M";"ES";"56057";"ALFREDO CHAVES";56057;"ALFREDO CHAVES";12;41;13;"Vereador";45513;"DEVANITO GOMES TEIXEIRA";1;1236;80001982691;"SALÃO PAROQUIAL DA IGREJA DE NOSSA SENHORA DA CONCEIÇÃO";"AV. GETULIO VARGAS, 545"
"28/10/2024";"11:46:22";2024;2;"Eleição Ordinária";1;619;"Eleições Municipais 2024";"06/10/2024";"M";"ES";"56057";"ALFREDO CHAVES";56057;"ALFREDO CHAVES";12;25;13;"Vereador";10000;"JANDIR GRATIERI";11;1155;80001966356;"EMEF FELIPE MODOLO";"R. PRINCIPAL, S/ N"
"28/10/2024";"11:46:22";2024;2;"Eleição Ordinária";1;619;"Eleições Municipais 2024";"06/10/2024";"M";"ES";"56057";"ALFREDO CHAVES";56057;"ALFREDO CHAVES";12;7;13;"Vereador";20678;"ADIMAR DE SOUZA MEDINA";1;1171;80001947277;"EEEFM CAMILA MOTA";"R. NELSON DA COSTA MELLO, S/ N"
"28/10/2024";"11:46:22";2024;2;"Eleição Ordinária";1;619;"Eleições Municipais 2024";"06/10/2024";"M";"ES";"56057";"ALFREDO CHAVES";56057;"ALFREDO CHAVES";12;34;13;"Vereador";40999;"EMILIA DAS GRAÇAS ALVES PADILHA DOMINGUES";1;1171;80001947155;"EEEFM CAMILA MOTA";"R. NELSON DA COSTA MELLO, S/ N"
"28/10/2024";"11:46:22";2024;2;"Eleição Ordinária";1;619;"Eleições Municipais 2024";"06/10/2024";"M";"ES";"56057";"ALFREDO CHAVES";56057;"ALFREDO CHAVES";12;98;13;"Vereador";20678;"ADIMAR DE SOUZA MEDINA";1;1090;80001947277;"EMEF FELIPE MODOLO";"R. PRINCIPAL, S/ N"
"28/10/2024";"11:46:22";2024;2;"Eleição Ordinária";1;619;"Eleições Municipais 2024";"06/10/2024";"M";"ES";"56057";"ALFREDO CHAVES";56057;"ALFREDO CHAVES";12;30;13;"Vereador";11234;"MIGUEL ANTONIO MARTINS CLEN";4;1171;80001982777;"EEEFM CAMILA MOTA";"R. NELSON DA COSTA MELLO, S/ N"
"28/10/2024";"11:46:22";2024;2;"Eleição Ordinária";1;619;"Eleições Municipais 2024";"06/10/2024";"M";"ES";"56057";"ALFREDO CHAVES";56057;"ALFREDO CHAVES";12;2;13;"Vereador";10321;"DIVAL LUIZ PAGANINI";2;1015;80001966354;"EMEF ANA ARAÚJO";"R. EXPEDICIONARIO OSVALDO SAUDINO"
"28/10/2024";"11:46:22";2024;2;"Eleição Ordinária";1;619;"Eleições Municipais 2024";"06/10/2024";"M";"ES";"56057";"ALFREDO CHAVES";56057;"ALFREDO CHAVES";12;31;13;"Vereador";10321;"DIVAL LUIZ PAGANINI";4;1171;80001966354;"EEEFM CAMILA MOTA";"R. NELSON DA COSTA MELLO, S/ N"
"28/10/2024";"11:46:22";2024;2;"Eleição Ordinária";1;619;"Eleições Municipais 2024";"06/10/2024";"M";"ES";"56057";"ALFREDO CHAVES";56057;"ALFREDO CHAVES";12;27;11;"Prefeito";96;"VOTO NULO";3;1171;-1;"EEEFM CAMILA MOTA";"R. NELSON DA COSTA MELLO, S/ N"
"28/10/2024";"11:46:22";2024;2;"Eleição Ordinária";1;619;"Eleições Municipais 2024";"06/10/2024";"M";"ES";"56057";"ALFREDO CHAVES";56057;"ALFREDO CHAVES";12;39;13;"Vereador";10321;"DIVAL LUIZ PAGANINI";2;1244;80001966354;"CRECHE PEQUERRUCHOS";"RUA ANTÔNIO CLAUDIO GAIGHER, 19"
"28/10/2024";"11:46:22";2024;2;"Eleição Ordinária";1;619;"Eleições Municipais 2024";"06/10/2024";"M";"ES";"56057";"ALFREDO CHAVES";56057;"ALFREDO CHAVES";12;6;13;"Vereador";20190;"MARCELO CRISTIANO CARDOSO FARIA";2;1023;80001947286;"EEEFM CAMILA MOTA";"R. NELSON DA COSTA MELLO, S/ N"
"28/10/2024";"11:46:22";2024;2;"Eleição Ordinária";1;619;"Eleições Municipais 2024";"06/10/2024";"M";"ES";"56057";"ALFREDO CHAVES";56057;"ALFREDO CHAVES";12;25;13;"Vereador";10123;"ALEFY JUNIOR CLAUDIO SIMOES";19;1155;80001966351;"EMEF FELIPE MODOLO";"R. PRINCIPAL, S/ N"
"28/10/2024";"11:46:22";2024;2;"Eleição Ordinária";1;619;"Eleições Municipais 2024";"06/10/2024";"M";"ES";"56057";"ALFREDO CHAVES";56057;"ALFREDO CHAVES";12;25;13;"Vereador";10222;"JOSIMAR PIUMBINI";2;1155;80001966355;"EMEF FELIPE MODOLO";"R. PRINCIPAL, S/ N"
"28/10/2024";"11:46:22";2024;2;"Eleição Ordinária";1;619;"Eleições Municipais 2024";"06/10/2024";"M";"ES";"56057";"ALFREDO CHAVES";56057;"ALFREDO CHAVES";12;11;13;"Vereador";22022;"SAMUEL ARDIZZON BELMOK";6;1040;80002230759;"EEEF DE CRUBIXÁ";"R. PRINCIPAL, S/ Nº"
"28/10/2024";"11:46:22";2024;2;"Eleição Ordinária";1;619;"Eleições Municipais 2024";"06/10/2024";"M";"ES";"56057";"ALFREDO CHAVES";56057;"ALFREDO CHAVES";12;34;13;"Vereador";45789;"SOLANGE BRAGANCA TORRENTE";1;1171;80001982696;"EEEFM CAMILA MOTA";"R. NELSON DA COSTA MELLO, S/ N"
"28/10/2024";"11:46:22";2024;2;"Eleição Ordinária";1;619;"Eleições Municipais 2024";"06/10/2024";"M";"ES";"56057";"ALFREDO CHAVES";56057;"ALFREDO CHAVES";12;7;13;"Vereador";10321;"DIVAL LUIZ PAGANINI";5;1171;80001966354;"EEEFM CAMILA MOTA";"R. NELSON DA COSTA MELLO, S/ N"
"28/10/2024";"11:46:22";2024;2;"Eleição Ordinária";1;619;"Eleições Municipais 2024";"06/10/2024";"M";"ES";"56057";"ALFREDO CHAVES";56057;"ALFREDO CHAVES";12;37;13;"Vereador";40555;"DANIEL ORLANDI";7;1228;80001947149;"CRECHE COMECINHO DE GENTE";"AV. DARCY DE PAULA GAIGHER, S/N"
"28/10/2024";"11:46:22";2024;2;"Eleição Ordinária";1;619;"Eleições Municipais 2024";"06/10/2024";"M";"ES";"56057";"ALFREDO CHAVES";56057;"ALFREDO CHAVES";12;41;13;"Vereador";45666;"SERGIO BIANCHI";5;1236;80001982693;"SALÃO PAROQUIAL DA IGREJA DE NOSSA SENHORA DA CONCEIÇÃO";"AV. GETULIO VARGAS, 545"
"28/10/2024";"11:46:22";2024;2;"Eleição Ordinária";1;619;"Eleições Municipais 2024";"06/10/2024";"M";"ES";"56057";"ALFREDO CHAVES";56057;"ALFREDO CHAVES";12;38;11;"Prefeito";11;"HUGO LUIZ PICOLI MENEGHEL";169;1244;80002104371;"CRECHE PEQUERRUCHOS";"RUA ANTÔNIO CLAUDIO GAIGHER, 19"
"28/10/2024";"11:46:22";2024;2;"Eleição Ordinária";1;619;"Eleições Municipais 2024";"06/10/2024";"M";"ES";"56057";"ALFREDO CHAVES";56057;"ALFREDO CHAVES";12;29;11;"Prefeito";95;"VOTO BRANCO";6;1147;-1;"SALÃO COMUNITÁRIO DE SÃO BENTO DE URÂNIA";"R. PRINCIPAL, S/ N"
"28/10/2024";"11:46:22";2024;2;"Eleição Ordinária";1;619;"Eleições Municipais 2024";"06/10/2024";"M";"ES";"56057";"ALFREDO CHAVES";56057;"ALFREDO CHAVES";12;33;11;"Prefeito";95;"VOTO BRANCO";1;1171;-1;"EEEFM CAMILA MOTA";"R. NELSON DA COSTA MELLO, S/ N"
"28/10/2024";"11:46:22";2024;2;"Eleição Ordinária";1;619;"Eleições Municipais 2024";"06/10/2024";"M";"ES";"56057";"ALFREDO CHAVES";56057;"ALFREDO CHAVES";12;98;11;"Prefeito";95;"VOTO BRANCO";1;1090;-1;"EMEF FELIPE MODOLO";"R. PRINCIPAL, S/ N"
"28/10/2024";"11:46:22";2024;2;"Eleição Ordinária";1;619;"Eleições Municipais 2024";"06/10/2024";"M";"ES";"56057";"ALFREDO CHAVES";56057;"ALFREDO CHAVES";12;35;13;"Vereador";10111;"SILVANA RAMOS DA SILVA";6;1171;80001966353;"EEEFM CAMILA MOTA";"R. NELSON DA COSTA MELLO, S/ N"
"28/10/2024";"11:46:22";2024;2;"Eleição Ordinária";1;619;"Eleições Municipais 2024";"06/10/2024";"M";"ES";"56057";"ALFREDO CHAVES";56057;"ALFREDO CHAVES";12;34;13;"Vereador";55555;"ADILSON JOSE ROVETA";4;1171;80001947332;"EEEFM CAMILA MOTA";"R. NELSON DA COSTA MELLO, S/ N"
"28/10/2024";"11:46:22";2024;2;"Eleição Ordinária";1;619;"Eleições Municipais 2024";"06/10/2024";"M";"ES";"56057";"ALFREDO CHAVES";56057;"ALFREDO CHAVES";12;19;13;"Vereador";55555;"ADILSON JOSE ROVETA";2;1104;80001947332;"SALÃO COMUNITÁRIO DE NOVA ESTRELA";"R. PRINCIPAL, S/ N"
"28/10/2024";"11:46:22";2024;2;"Eleição Ordinária";1;619;"Eleições Municipais 2024";"06/10/2024";"M";"ES";"56057";"ALFREDO CHAVES";56057;"ALFREDO CHAVES";12;35;13;"Vereador";11123;"RENAN DE JESUS BOLDRINI";1;1171;80001982781;"EEEFM CAMILA MOTA";"R. NELSON DA COSTA MELLO, S/ N"
"28/10/2024";"11:46:22";2024;2;"Eleição Ordinária";1;619;"Eleições Municipais 2024";"06/10/2024";"M";"ES";"56057";"ALFREDO CHAVES";56057;"ALFREDO CHAVES";12;28;13;"Vereador";22333;"MARIA DO CARMO LORENZINI DESTEFANI";1;1074;80002230755;"SALÃO DA IGREJA DE SÃO MARTINHO";"R. PRINCIPAL, S/ N"
"28/10/2024";"11:46:22";2024;2;"Eleição Ordinária";1;619;"Eleições Municipais 2024";"06/10/2024";"M";"ES";"56057";"ALFREDO CHAVES";56057;"ALFREDO CHAVES";12;85;13;"Vereador";22333;"MARIA DO CARMO LORENZINI DESTEFANI";1;1244;80002230755;"CRECHE PEQUERRUCHOS";"RUA ANTÔNIO CLAUDIO GAIGHER, 19"
"28/10/2024";"11:46:22";2024;2;"Eleição Ordinária";1;619;"Eleições Municipais 2024";"06/10/2024";"M";"ES";"56057";"ALFREDO CHAVES";56057;"ALFREDO CHAVES";12;35;13;"Vereador";55333;"BERENICE DA PENHA GALVAO PEREIRA";7;1171;80001947339;"EEEFM CAMILA MOTA";"R. NELSON DA COSTA MELLO, S/ N"
"28/10/2024";"11:46:22";2024;2;"Eleição Ordinária";1;619;"Eleições Municipais 2024";"06/10/2024";"M";"ES";"56057";"ALFREDO CHAVES";56057;"ALFREDO CHAVES";12;23;13;"Vereador";45666;"SERGIO BIANCHI";5;1139;80001982693;"EMEF SAGRADA FAMÍLIA";"R. PRINCIPAL, S/ N"
"28/10/2024";"11:46:22";2024;2;"Eleição Ordinária";1;619;"Eleições Municipais 2024";"06/10/2024";"M";"ES";"56057";"ALFREDO CHAVES";56057;"ALFREDO CHAVES";12;38;13;"Vereador";10321;"DIVAL LUIZ PAGANINI";2;1244;80001966354;"CRECHE PEQUERRUCHOS";"RUA ANTÔNIO CLAUDIO GAIGHER, 19"
"28/10/2024";"11:46:22";2024;2;"Eleição Ordinária";1;619;"Eleições Municipais 2024";"06/10/2024";"M";"ES";"56057";"ALFREDO CHAVES";56057;"ALFREDO CHAVES";12;22;13;"Vereador";20123;"ARMANDO ZANATA INGLE RIBEIRO";8;1139;80001947278;"EMEF SAGRADA FAMÍLIA";"R. PRINCIPAL, S/ N"
"28/10/2024";"11:46:22";2024;2;"Eleição Ordinária";1;619;"Eleições Municipais 2024";"06/10/2024";"M";"ES";"56057";"ALFREDO CHAVES";56057;"ALFREDO CHAVES";12;14;13;"Vereador";20222;"IZABEL APARECIDA MORESCHI";1;1066;80001947281;"SALÃO DA IGREJA CATÓLICA DE SÃO FRANCISCO DE BATATAL";"RUA PRINCIPAL, S/ N"
"28/10/2024";"11:46:22";2024;2;"Eleição Ordinária";1;619;"Eleições Municipais 2024";"06/10/2024";"M";"ES";"56057";"ALFREDO CHAVES";56057;"ALFREDO CHAVES";12;1;13;"Vereador";20222;"IZABEL APARECIDA MORESCHI";1;1015;80001947281;"EMEF ANA ARAÚJO";"R. EXPEDICIONARIO OSVALDO SAUDINO"
"28/10/2024";"11:46:22";2024;2;"Eleição Ordinária";1;619;"Eleições Municipais 2024";"06/10/2024";"M";"ES";"56057";"ALFREDO CHAVES";56057;"ALFREDO CHAVES";12;40;13;"Vereador";10101;"NAMARA NAZARIA DE PAULA PASSOS SILVA";2;1236;80001966359;"SALÃO PAROQUIAL DA IGREJA DE NOSSA SENHORA DA CONCEIÇÃO";"AV. GETULIO VARGAS, 545"
"28/10/2024";"11:46:22";2024;2;"Eleição Ordinária";1;619;"Eleições Municipais 2024";"06/10/2024";"M";"ES";"56057";"ALFREDO CHAVES";56057;"ALFREDO CHAVES";12;15;13;"Vereador";10101;"NAMARA NAZARIA DE PAULA PASSOS SILVA";2;1074;80001966359;"SALÃO DA IGREJA DE SÃO MARTINHO";"R. PRINCIPAL, S/ N"
"28/10/2024";"11:46:22";2024;2;"Eleição Ordinária";1;619;"Eleições Municipais 2024";"06/10/2024";"M";"ES";"56057";"ALFREDO CHAVES";56057;"ALFREDO CHAVES";12;17;11;"Prefeito";95;"VOTO BRANCO";7;1090;-1;"EMEF FELIPE MODOLO";"R. PRINCIPAL, S/ N"
"28/10/2024";"11:46:22";2024;2;"Eleição Ordinária";1;619;"Eleições Municipais 2024";"06/10/2024";"M";"ES";"56057";"ALFREDO CHAVES";56057;"ALFREDO CHAVES";12;19;13;"Vereador";55000;"JONAS NUNES SIMÕES";12;1104;80001947340;"SALÃO COMUNITÁRIO DE NOVA ESTRELA";"R. PRINCIPAL, S/ N"
"28/10/2024";"11:46:22";2024;2;"Eleição Ordinária";1;619;"Eleições Municipais 2024";"06/10/2024";"M";"ES";"56057";"ALFREDO CHAVES";56057;"ALFREDO CHAVES";12;39;13;"Vereador";10400;"GABRIEL NICHETI";1;1244;80001966350;"CRECHE PEQUERRUCHOS";"RUA ANTÔNIO CLAUDIO GAIGHER, 19"
"28/10/2024";"11:46:22";2024;2;"Eleição Ordinária";1;619;"Eleições Municipais 2024";"06/10/2024";"M";"ES";"56057";"ALFREDO CHAVES";56057;"ALFREDO CHAVES";12;33;13;"Vereador";11123;"RENAN DE JESUS BOLDRINI";1;1171;80001982781;"EEEFM CAMILA MOTA";"R. NELSON DA COSTA MELLO, S/ N"
"28/10/2024";"11:46:22";2024;2;"Eleição Ordinária";1;619;"Eleições Municipais 2024";"06/10/2024";"M";"ES";"56057";"ALFREDO CHAVES";56057;"ALFREDO CHAVES";12;8;13;"Vereador";11111;"JONACIR JOSE DENADAI";1;1023;80001982774;"EEEFM CAMILA MOTA";"R. NELSON DA COSTA MELLO, S/ N"
"28/10/2024";"11:46:22";2024;2;"Eleição Ordinária";1;619;"Eleições Municipais 2024";"06/10/2024";"M";"ES";"56057";"ALFREDO CHAVES";56057;"ALFREDO CHAVES";12;16;13;"Vereador";10111;"SILVANA RAMOS DA SILVA";1;1082;80001966353;"PRÉDIO DA ANTIGA ESCOLA ALMERINDA BRUNORO";"R. PRINCIPAL, S/ N"
"28/10/2024";"11:46:22";2024;2;"Eleição Ordinária";1;619;"Eleições Municipais 2024";"06/10/2024";"M";"ES";"56057";"ALFREDO CHAVES";56057;"ALFREDO CHAVES";12;2;13;"Vereador";55000;"JONAS NUNES SIMÕES";10;1015;80001947340;"EMEF ANA ARAÚJO";"R. EXPEDICIONARIO OSVALDO SAUDINO"
"28/10/2024";"11:46:22";2024;2;"Eleição Ordinária";1;619;"Eleições Municipais 2024";"06/10/2024";"M";"ES";"56057";"ALFREDO CHAVES";56057;"ALFREDO CHAVES";12;31;13;"Vereador";55000;"JONAS NUNES SIMÕES";12;1171;80001947340;"EEEFM CAMILA MOTA";"R. NELSON DA COSTA MELLO, S/ N"
"28/10/2024";"11:46:22";2024;2;"Eleição Ordinária";1;619;"Eleições Municipais 2024";"06/10/2024";"M";"ES";"56057";"ALFREDO CHAVES";56057;"ALFREDO CHAVES";12;2;13;"Vereador";10101;"NAMARA NAZARIA DE PAULA PASSOS SILVA";3;1015;80001966359;"EMEF ANA ARAÚJO";"R. EXPEDICIONARIO OSVALDO SAUDINO"
"28/10/2024";"11:46:22";2024;2;"Eleição Ordinária";1;619;"Eleições Municipais 2024";"06/10/2024";"M";"ES";"56057";"ALFREDO CHAVES";56057;"ALFREDO CHAVES";12;31;13;"Vereador";10101;"NAMARA NAZARIA DE PAULA PASSOS SILVA";4;1171;80001966359;"EEEFM CAMILA MOTA";"R. NELSON DA COSTA MELLO, S/ N"
"28/10/2024";"11:46:22";2024;2;"Eleição Ordinária";1;619;"Eleições Municipais 2024";"06/10/2024";"M";"ES";"56057";"ALFREDO CHAVES";56057;"ALFREDO CHAVES";12;3;13;"Vereador";45555;"MARCIA FRANCISCO";2;1015;80001982694;"EMEF ANA ARAÚJO";"R. EXPEDICIONARIO OSVALDO SAUDINO"
"28/10/2024";"11:46:22";2024;2;"Eleição Ordinária";1;619;"Eleições Municipais 2024";"06/10/2024";"M";"ES";"56057";"ALFREDO CHAVES";56057;"ALFREDO CHAVES";12;3;13;"Vereador";10123;"ALEFY JUNIOR CLAUDIO SIMOES";5;1015;80001966351;"EMEF ANA ARAÚJO";"R. EXPEDICIONARIO OSVALDO SAUDINO"
"28/10/2024";"11:46:22";2024;2;"Eleição Ordinária";1;619;"Eleições Municipais 2024";"06/10/2024";"M";"ES";"56057";"ALFREDO CHAVES";56057;"ALFREDO CHAVES";12;3;13;"Vereador";10222;"JOSIMAR PIUMBINI";10;1015;80001966355;"EMEF ANA ARAÚJO";"R. EXPEDICIONARIO OSVALDO SAUDINO"
"28/10/2024";"11:46:22";2024;2;"Eleição Ordinária";1;619;"Eleições Municipais 2024";"06/10/2024";"M";"ES";"56057";"ALFREDO CHAVES";56057;"ALFREDO CHAVES";12;7;13;"Vereador";22500;"LAUDEMIR CARLOS PEREIRA";3;1171;80002230758;"EEEFM CAMILA MOTA";"R. NELSON DA COSTA MELLO, S/ N"
"28/10/2024";"11:46:22";2024;2;"Eleição Ordinária";1;619;"Eleições Municipais 2024";"06/10/2024";"M";"ES";"56057";"ALFREDO CHAVES";56057;"ALFREDO CHAVES";12;30;13;"Vereador";55123;"WILIAN DE FREITAS DO ROSARIO";1;1171;80001947337;"EEEFM CAMILA MOTA";"R. NELSON DA COSTA MELLO, S/ N"
"28/10/2024";"11:46:22";2024;2;"Eleição Ordinária";1;619;"Eleições Municipais 2024";"06/10/2024";"M";"ES";"56057";"ALFREDO CHAVES";56057;"ALFREDO CHAVES";12;2;13;"Vereador";55456;"JOAO ENDRINGER JUNIOR";2;1015;80001947335;"EMEF ANA ARAÚJO";"R. EXPEDICIONARIO OSVALDO SAUDINO"
"28/10/2024";"11:46:22";2024;2;"Eleição Ordinária";1;619;"Eleições Municipais 2024";"06/10/2024";"M";"ES";"56057";"ALFREDO CHAVES";56057;"ALFREDO CHAVES";12;31;13;"Vereador";55456;"JOAO ENDRINGER JUNIOR";2;1171;80001947335;"EEEFM CAMILA MOTA";"R. NELSON DA COSTA MELLO, S/ N"
"28/10/2024";"11:46:22";2024;2;"Eleição Ordinária";1;619;"Eleições Municipais 2024";"06/10/2024";"M";"ES";"56057";"ALFREDO CHAVES";56057;"ALFREDO CHAVES";12;7;13;"Vereador";96;"VOTO NULO";4;1171;-1;"EEEFM CAMILA MOTA";"R. NELSON DA COSTA MELLO, S/ N"
"28/10/2024";"11:46:22";2024;2;"Eleição Ordinária";1;619;"Eleições Municipais 2024";"06/10/2024";"M";"ES";"56057";"ALFREDO CHAVES";56057;"ALFREDO CHAVES";12;14;13;"Vereador";11000;"FRANCISCO DE ASSIS JOSE DOS SANTOS";4;1066;80001982776;"SALÃO DA IGREJA CATÓLICA DE SÃO FRANCISCO DE BATATAL";"RUA PRINCIPAL, S/ N"
"28/10/2024";"11:46:22";2024;2;"Eleição Ordinária";1;619;"Eleições Municipais 2024";"06/10/2024";"M";"ES";"56057";"ALFREDO CHAVES";56057;"ALFREDO CHAVES";12;1;13;"Vereador";11000;"FRANCISCO DE ASSIS JOSE DOS SANTOS";9;1015;80001982776;"EMEF ANA ARAÚJO";"R. EXPEDICIONARIO OSVALDO SAUDINO"
"28/10/2024";"11:46:22";2024;2;"Eleição Ordinária";1;619;"Eleições Municipais 2024";"06/10/2024";"M";"ES";"56057";"ALFREDO CHAVES";56057;"ALFREDO CHAVES";12;17;13;"Vereador";40222;"LUCIANO BELLON";6;1090;80001947156;"EMEF FELIPE MODOLO";"R. PRINCIPAL, S/ N"
"28/10/2024";"11:46:22";2024;2;"Eleição Ordinária";1;619;"Eleições Municipais 2024";"06/10/2024";"M";"ES";"56057";"ALFREDO CHAVES";56057;"ALFREDO CHAVES";12;22;13;"Vereador";20555;"VERA LUCIA BONA";1;1139;80001947283;"EMEF SAGRADA FAMÍLIA";"R. PRINCIPAL, S/ N"
"28/10/2024";"11:46:22";2024;2;"Eleição Ordinária";1;619;"Eleições Municipais 2024";"06/10/2024";"M";"ES";"56057";"ALFREDO CHAVES";56057;"ALFREDO CHAVES";12;28;13;"Vereador";11100;"TAIS LIMA TEIXEIRA ULIANA";1;1074;80001982780;"SALÃO DA IGREJA DE SÃO MARTINHO";"R. PRINCIPAL, S/ N"
"28/10/2024";"11:46:22";2024;2;"Eleição Ordinária";1;619;"Eleições Municipais 2024";"06/10/2024";"M";"ES";"56057";"ALFREDO CHAVES";56057;"ALFREDO CHAVES";12;85;13;"Vereador";11100;"TAIS LIMA TEIXEIRA ULIANA";5;1244;80001982780;"CRECHE PEQUERRUCHOS";"RUA ANTÔNIO CLAUDIO GAIGHER, 19"
"28/10/2024";"11:46:22";2024;2;"Eleição Ordinária";1;619;"Eleições Municipais 2024";"06/10/2024";"M";"ES";"56057";"ALFREDO CHAVES";56057;"ALFREDO CHAVES";12;6;13;"Vereador";11123;"RENAN DE JESUS BOLDRINI";3;1023;80001982781;"EEEFM CAMILA MOTA";"R. NELSON DA COSTA MELLO, S/ N"
"28/10/2024";"11:46:22";2024;2;"Eleição Ordinária";1;619;"Eleições Municipais 2024";"06/10/2024";"M";"ES";"56057";"ALFREDO CHAVES";56057;"ALFREDO CHAVES";12;11;11;"Prefeito";11;"HUGO LUIZ PICOLI MENEGHEL";116;1040;80002104371;"EEEF DE CRUBIXÁ";"R. PRINCIPAL, S/ Nº"
"28/10/2024";"11:46:22";2024;2;"Eleição Ordinária";1;619;"Eleições Municipais 2024";"06/10/2024";"M";"ES";"56057";"ALFREDO CHAVES";56057;"ALFREDO CHAVES";12;41;11;"Prefeito";22;"LUIZ CLAUDIO BOLDRINI";33;1236;80002271252;"SALÃO PAROQUIAL DA IGREJA DE NOSSA SENHORA DA CONCEIÇÃO";"AV. GETULIO VARGAS, 545"
"28/10/2024";"11:46:22";2024;2;"Eleição Ordinária";1;619;"Eleições Municipais 2024";"06/10/2024";"M";"ES";"56057";"ALFREDO CHAVES";56057;"ALFREDO CHAVES";12;37;13;"Vereador";20777;"RENAUT AMERICO PIO";2;1228;80001947280;"CRECHE COMECINHO DE GENTE";"AV. DARCY DE PAULA GAIGHER, S/N"
"28/10/2024";"11:46:22";2024;2;"Eleição Ordinária";1;619;"Eleições Municipais 2024";"06/10/2024";"M";"ES";"56057";"ALFREDO CHAVES";56057;"ALFREDO CHAVES";12;16;13;"Vereador";20555;"VERA LUCIA BONA";3;1082;80001947283;"PRÉDIO DA ANTIGA ESCOLA ALMERINDA BRUNORO";"R. PRINCIPAL, S/ N"
"28/10/2024";"11:46:22";2024;2;"Eleição Ordinária";1;619;"Eleições Municipais 2024";"06/10/2024";"M";"ES";"56057";"ALFREDO CHAVES";56057;"ALFREDO CHAVES";12;21;13;"Vereador";40000;"NILTON CESAR BELMOK";24;1120;80001947152;"EMUEF QUARTO TERRITÓRIO";"RUA PRINCIPAL, S/N"
"28/10/2024";"11:46:22";2024;2;"Eleição Ordinária";1;619;"Eleições Municipais 2024";"06/10/2024";"M";"ES";"56057";"ALFREDO CHAVES";56057;"ALFREDO CHAVES";12;20;13;"Vereador";40555;"DANIEL ORLANDI";8;1112;80001947149;"SALÃO DA IGREJA CATÓLICA DE CACHOEIRA ALTA";"R. PRINCIPAL, S/ N"
"28/10/2024";"11:46:22";2024;2;"Eleição Ordinária";1;619;"Eleições Municipais 2024";"06/10/2024";"M";"ES";"56057";"ALFREDO CHAVES";56057;"ALFREDO CHAVES";12;20;13;"Vereador";40369;"MARIA AUGUSTA BUFFOLO";1;1112;80001947154;"SALÃO DA IGREJA CATÓLICA DE CACHOEIRA ALTA";"R. PRINCIPAL, S/ N"
"28/10/2024";"11:46:22";2024;2;"Eleição Ordinária";1;619;"Eleições Municipais 2024";"06/10/2024";"M";"ES";"56057";"ALFREDO CHAVES";56057;"ALFREDO CHAVES";12;6;13;"Vereador";11234;"MIGUEL ANTONIO MARTINS CLEN";3;1023;80001982777;"EEEFM CAMILA MOTA";"R. NELSON DA COSTA MELLO, S/ N"
"28/10/2024";"11:46:22";2024;2;"Eleição Ordinária";1;619;"Eleições Municipais 2024";"06/10/2024";"M";"ES";"56057";"ALFREDO CHAVES";56057;"ALFREDO CHAVES";12;17;13;"Vereador";20555;"VERA LUCIA BONA";1;1090;80001947283;"EMEF FELIPE MODOLO";"R. PRINCIPAL, S/ N"
"28/10/2024";"11:46:22";2024;2;"Eleição Ordinária";1;619;"Eleições Municipais 2024";"06/10/2024";"M";"ES";"56057";"ALFREDO CHAVES";56057;"ALFREDO CHAVES";12;33;13;"Vereador";10400;"GABRIEL NICHETI";5;1171;80001966350;"EEEFM CAMILA MOTA";"R. NELSON DA COSTA MELLO, S/ N"
"28/10/2024";"11:46:22";2024;2;"Eleição Ordinária";1;619;"Eleições Municipais 2024";"06/10/2024";"M";"ES";"56057";"ALFREDO CHAVES";56057;"ALFREDO CHAVES";12;23;13;"Vereador";10111;"SILVANA RAMOS DA SILVA";1;1139;80001966353;"EMEF SAGRADA FAMÍLIA";"R. PRINCIPAL, S/ N"
"28/10/2024";"11:46:22";2024;2;"Eleição Ordinária";1;619;"Eleições Municipais 2024";"06/10/2024";"M";"ES";"56057";"ALFREDO CHAVES";56057;"ALFREDO CHAVES";12;23;13;"Vereador";20111;"RUBERCI FALCÃO";3;1139;80001947282;"EMEF SAGRADA FAMÍLIA";"R. PRINCIPAL, S/ N"
"28/10/2024";"11:46:22";2024;2;"Eleição Ordinária";1;619;"Eleições Municipais 2024";"06/10/2024";"M";"ES";"56057";"ALFREDO CHAVES";56057;"ALFREDO CHAVES";12;20;13;"Vereador";55152;"ARILDO ALVES";60;1112;80001947338;"SALÃO DA IGREJA CATÓLICA DE CACHOEIRA ALTA";"R. PRINCIPAL, S/ N"
"28/10/2024";"11:46:22";2024;2;"Eleição Ordinária";1;619;"Eleições Municipais 2024";"06/10/2024";"M";"ES";"56057";"ALFREDO CHAVES";56057;"ALFREDO CHAVES";12;10;13;"Vereador";20190;"MARCELO CRISTIANO CARDOSO FARIA";4;1040;80001947286;"EEEF DE CRUBIXÁ";"R. PRINCIPAL, S/ Nº"
"28/10/2024";"11:46:22";2024;2;"Eleição Ordinária";1;619;"Eleições Municipais 2024";"06/10/2024";"M";"ES";"56057";"ALFREDO CHAVES";56057;"ALFREDO CHAVES";12;2;13;"Vereador";40555;"DANIEL ORLANDI";11;1015;80001947149;"EMEF ANA ARAÚJO";"R. EXPEDICIONARIO OSVALDO SAUDINO"
"28/10/2024";"11:46:22";2024;2;"Eleição Ordinária";1;619;"Eleições Municipais 2024";"06/10/2024";"M";"ES";"56057";"ALFREDO CHAVES";56057;"ALFREDO CHAVES";12;31;13;"Vereador";40555;"DANIEL ORLANDI";12;1171;80001947149;"EEEFM CAMILA MOTA";"R. NELSON DA COSTA MELLO, S/ N"
"28/10/2024";"11:46:22";2024;2;"Eleição Ordinária";1;619;"Eleições Municipais 2024";"06/10/2024";"M";"ES";"56057";"ALFREDO CHAVES";56057;"ALFREDO CHAVES";12;1;13;"Vereador";20777;"RENAUT AMERICO PIO";5;1015;80001947280;"EMEF ANA ARAÚJO";"R. EXPEDICIONARIO OSVALDO SAUDINO"
"28/10/2024";"11:46:22";2024;2;"Eleição Ordinária";1;619;"Eleições Municipais 2024";"06/10/2024";"M";"ES";"56057";"ALFREDO CHAVES";56057;"ALFREDO CHAVES";12;12;13;"Vereador";20777;"RENAUT AMERICO PIO";1;1058;80001947280;"EMEF ENGANO";"R. PRINCIPAL, S/N"
"28/10/2024";"11:46:22";2024;2;"Eleição Ordinária";1;619;"Eleições Municipais 2024";"06/10/2024";"M";"ES";"56057";"ALFREDO CHAVES";56057;"ALFREDO CHAVES";12;7;13;"Vereador";10111;"SILVANA RAMOS DA SILVA";1;1171;80001966353;"EEEFM CAMILA MOTA";"R. NELSON DA COSTA MELLO, S/ N"
"28/10/2024";"11:46:22";2024;2;"Eleição Ordinária";1;619;"Eleições Municipais 2024";"06/10/2024";"M";"ES";"56057";"ALFREDO CHAVES";56057;"ALFREDO CHAVES";12;13;11;"Prefeito";95;"VOTO BRANCO";1;1058;-1;"EMEF ENGANO";"R. PRINCIPAL, S/N"
"28/10/2024";"11:46:22";2024;2;"Eleição Ordinária";1;619;"Eleições Municipais 2024";"06/10/2024";"M";"ES";"56057";"ALFREDO CHAVES";56057;"ALFREDO CHAVES";12;35;13;"Vereador";22123;"CRISTIANO GRILLO";4;1171;80002230753;"EEEFM CAMILA MOTA";"R. NELSON DA COSTA MELLO, S/ N"
"28/10/2024";"11:46:22";2024;2;"Eleição Ordinária";1;619;"Eleições Municipais 2024";"06/10/2024";"M";"ES";"56057";"ALFREDO CHAVES";56057;"ALFREDO CHAVES";12;33;13;"Vereador";22500;"LAUDEMIR CARLOS PEREIRA";10;1171;80002230758;"EEEFM CAMILA MOTA";"R. NELSON DA COSTA MELLO, S/ N"
"28/10/2024";"11:46:22";2024;2;"Eleição Ordinária";1;619;"Eleições Municipais 2024";"06/10/2024";"M";"ES";"56057";"ALFREDO CHAVES";56057;"ALFREDO CHAVES";12;7;13;"Vereador";20111;"RUBERCI FALCÃO";3;1171;80001947282;"EEEFM CAMILA MOTA";"R. NELSON DA COSTA MELLO, S/ N"
"28/10/2024";"11:46:22";2024;2;"Eleição Ordinária";1;619;"Eleições Municipais 2024";"06/10/2024";"M";"ES";"56057";"ALFREDO CHAVES";56057;"ALFREDO CHAVES";12;30;13;"Vereador";22040;"EDEVANILDE GORETI BREDA ALMEIDA";1;1171;80002230757;"EEEFM CAMILA MOTA";"R. NELSON DA COSTA MELLO, S/ N"
"28/10/2024";"11:46:22";2024;2;"Eleição Ordinária";1;619;"Eleições Municipais 2024";"06/10/2024";"M";"ES";"56057";"ALFREDO CHAVES";56057;"ALFREDO CHAVES";12;98;13;"Vereador";40111;"CHARLES GAIGHER";4;1090;80001947148;"EMEF FELIPE MODOLO";"R. PRINCIPAL, S/ N"
"28/10/2024";"11:46:22";2024;2;"Eleição Ordinária";1;619;"Eleições Municipais 2024";"06/10/2024";"M";"ES";"56057";"ALFREDO CHAVES";56057;"ALFREDO CHAVES";12;98;13;"Vereador";11123;"RENAN DE JESUS BOLDRINI";23;1090;80001982781;"EMEF FELIPE MODOLO";"R. PRINCIPAL, S/ N"
"28/10/2024";"11:46:22";2024;2;"Eleição Ordinária";1;619;"Eleições Municipais 2024";"06/10/2024";"M";"ES";"56057";"ALFREDO CHAVES";56057;"ALFREDO CHAVES";12;20;13;"Vereador";10789;"LUIS ALBERTO BIANCHI";8;1112;80001966357;"SALÃO DA IGREJA CATÓLICA DE CACHOEIRA ALTA";"R. PRINCIPAL, S/ N"
"28/10/2024";"11:46:22";2024;2;"Eleição Ordinária";1;619;"Eleições Municipais 2024";"06/10/2024";"M";"ES";"56057";"ALFREDO CHAVES";56057;"ALFREDO CHAVES";12;6;13;"Vereador";55333;"BERENICE DA PENHA GALVAO PEREIRA";1;1023;80001947339;"EEEFM CAMILA MOTA";"R. NELSON DA COSTA MELLO, S/ N"
"28/10/2024";"11:46:22";2024;2;"Eleição Ordinária";1;619;"Eleições Municipais 2024";"06/10/2024";"M";"ES";"56057";"ALFREDO CHAVES";56057;"ALFREDO CHAVES";12;6;13;"Vereador";55152;"ARILDO ALVES";1;1023;80001947338;"EEEFM CAMILA MOTA";"R. NELSON DA COSTA MELLO, S/ N"
"28/10/2024";"11:46:22";2024;2;"Eleição Ordinária";1;619;"Eleições Municipais 2024";"06/10/2024";"M";"ES";"56057";"ALFREDO CHAVES";56057;"ALFREDO CHAVES";12;20;13;"Vereador";20111;"RUBERCI FALCÃO";4;1112;80001947282;"SALÃO DA IGREJA CATÓLICA DE CACHOEIRA ALTA";"R. PRINCIPAL, S/ N"
"28/10/2024";"11:46:22";2024;2;"Eleição Ordinária";1;619;"Eleições Municipais 2024";"06/10/2024";"M";"ES";"56057";"ALFREDO CHAVES";56057;"ALFREDO CHAVES";12;5;13;"Vereador";55456;"JOAO ENDRINGER JUNIOR";2;1015;80001947335;"EMEF ANA ARAÚJO";"R. EXPEDICIONARIO OSVALDO SAUDINO"
"28/10/2024";"11:46:22";2024;2;"Eleição Ordinária";1;619;"Eleições Municipais 2024";"06/10/2024";"M";"ES";"56057";"ALFREDO CHAVES";56057;"ALFREDO CHAVES";12;5;13;"Vereador";10366;"SELMA CONSOLADORA CASALI PILON";1;1015;80001966358;"EMEF ANA ARAÚJO";"R. EXPEDICIONARIO OSVALDO SAUDINO"
"28/10/2024";"11:46:22";2024;2;"Eleição Ordinária";1;619;"Eleições Municipais 2024";"06/10/2024";"M";"ES";"56057";"ALFREDO CHAVES";56057;"ALFREDO CHAVES";12;34;13;"Vereador";10321;"DIVAL LUIZ PAGANINI";5;1171;80001966354;"EEEFM CAMILA MOTA";"R. NELSON DA COSTA MELLO, S/ N"
"28/10/2024";"11:46:22";2024;2;"Eleição Ordinária";1;619;"Eleições Municipais 2024";"06/10/2024";"M";"ES";"56057";"ALFREDO CHAVES";56057;"ALFREDO CHAVES";12;30;13;"Vereador";22111;"FABIO DAMASCENO GALVAO";4;1171;80002230754;"EEEFM CAMILA MOTA";"R. NELSON DA COSTA MELLO, S/ N"
"28/10/2024";"11:46:22";2024;2;"Eleição Ordinária";1;619;"Eleições Municipais 2024";"06/10/2024";"M";"ES";"56057";"ALFREDO CHAVES";56057;"ALFREDO CHAVES";12;16;13;"Vereador";55152;"ARILDO ALVES";2;1082;80001947338;"PRÉDIO DA ANTIGA ESCOLA ALMERINDA BRUNORO";"R. PRINCIPAL, S/ N"
"28/10/2024";"11:46:22";2024;2;"Eleição Ordinária";1;619;"Eleições Municipais 2024";"06/10/2024";"M";"ES";"56057";"ALFREDO CHAVES";56057;"ALFREDO CHAVES";12;30;13;"Vereador";11100;"TAIS LIMA TEIXEIRA ULIANA";4;1171;80001982780;"EEEFM CAMILA MOTA";"R. NELSON DA COSTA MELLO, S/ N"
"28/10/2024";"11:46:22";2024;2;"Eleição Ordinária";1;619;"Eleições Municipais 2024";"06/10/2024";"M";"ES";"56057";"ALFREDO CHAVES";56057;"ALFREDO CHAVES";12;30;13;"Vereador";55456;"JOAO ENDRINGER JUNIOR";3;1171;80001947335;"EEEFM CAMILA MOTA";"R. NELSON DA COSTA MELLO, S/ N"
"28/10/2024";"11:46:22";2024;2;"Eleição Ordinária";1;619;"Eleições Municipais 2024";"06/10/2024";"M";"ES";"56057";"ALFREDO CHAVES";56057;"ALFREDO CHAVES";12;35;13;"Vereador";11100;"TAIS LIMA TEIXEIRA ULIANA";7;1171;80001982780;"EEEFM CAMILA MOTA";"R. NELSON DA COSTA MELLO, S/ N"
"28/10/2024";"11:46:22";2024;2;"Eleição Ordinária";1;619;"Eleições Municipais 2024";"06/10/2024";"M";"ES";"56057";"ALFREDO CHAVES";56057;"ALFREDO CHAVES";12;33;13;"Vereador";55321;"VALDIRENE BRANDÃO ANDRADE SORIO";2;1171;80001947331;"EEEFM CAMILA MOTA";"R. NELSON DA COSTA MELLO, S/ N"
"28/10/2024";"11:46:22";2024;2;"Eleição Ordinária";1;619;"Eleições Municipais 2024";"06/10/2024";"M";"ES";"56057";"ALFREDO CHAVES";56057;"ALFREDO CHAVES";12;21;13;"Vereador";55333;"BERENICE DA PENHA GALVAO PEREIRA";30;1120;80001947339;"EMUEF QUARTO TERRITÓRIO";"RUA PRINCIPAL, S/N"
"28/10/2024";"11:46:22";2024;2;"Eleição Ordinária";1;619;"Eleições Municipais 2024";"06/10/2024";"M";"ES";"56057";"ALFREDO CHAVES";56057;"ALFREDO CHAVES";12;4;13;"Vereador";10789;"LUIS ALBERTO BIANCHI";5;1015;80001966357;"EMEF ANA ARAÚJO";"R. EXPEDICIONARIO OSVALDO SAUDINO"
"28/10/2024";"11:46:22";2024;2;"Eleição Ordinária";1;619;"Eleições Municipais 2024";"06/10/2024";"M";"ES";"56057";"ALFREDO CHAVES";56057;"ALFREDO CHAVES";12;2;13;"Vereador";55444;"ODAIR AUGUSTO BASSO";3;1015;80001947333;"EMEF ANA ARAÚJO";"R. EXPEDICIONARIO OSVALDO SAUDINO"
"28/10/2024";"11:46:22";2024;2;"Eleição Ordinária";1;619;"Eleições Municipais 2024";"06/10/2024";"M";"ES";"56057";"ALFREDO CHAVES";56057;"ALFREDO CHAVES";12;31;13;"Vereador";55444;"ODAIR AUGUSTO BASSO";3;1171;80001947333;"EEEFM CAMILA MOTA";"R. NELSON DA COSTA MELLO, S/ N"
"28/10/2024";"11:46:22";2024;2;"Eleição Ordinária";1;619;"Eleições Municipais 2024";"06/10/2024";"M";"ES";"56057";"ALFREDO CHAVES";56057;"ALFREDO CHAVES";12;33;13;"Vereador";11222;"KATIUSCIA SARTORI SILVA COMINOTTI";1;1171;80001982782;"EEEFM CAMILA MOTA";"R. NELSON DA COSTA MELLO, S/ N"
"28/10/2024";"11:46:22";2024;2;"Eleição Ordinária";1;619;"Eleições Municipais 2024";"06/10/2024";"M";"ES";"56057";"ALFREDO CHAVES";56057;"ALFREDO CHAVES";12;18;13;"Vereador";40999;"EMILIA DAS GRAÇAS ALVES PADILHA DOMINGUES";1;1090;80001947155;"EMEF FELIPE MODOLO";"R. PRINCIPAL, S/ N"
"28/10/2024";"11:46:22";2024;2;"Eleição Ordinária";1;619;"Eleições Municipais 2024";"06/10/2024";"M";"ES";"56057";"ALFREDO CHAVES";56057;"ALFREDO CHAVES";12;13;13;"Vereador";11222;"KATIUSCIA SARTORI SILVA COMINOTTI";6;1058;80001982782;"EMEF ENGANO";"R. PRINCIPAL, S/N"
"28/10/2024";"11:46:22";2024;2;"Eleição Ordinária";1;619;"Eleições Municipais 2024";"06/10/2024";"M";"ES";"56057";"ALFREDO CHAVES";56057;"ALFREDO CHAVES";12;2;13;"Vereador";22500;"LAUDEMIR CARLOS PEREIRA";2;1015;80002230758;"EMEF ANA ARAÚJO";"R. EXPEDICIONARIO OSVALDO SAUDINO"
"28/10/2024";"11:46:22";2024;2;"Eleição Ordinária";1;619;"Eleições Municipais 2024";"06/10/2024";"M";"ES";"56057";"ALFREDO CHAVES";56057;"ALFREDO CHAVES";12;31;13;"Vereador";22500;"LAUDEMIR CARLOS PEREIRA";1;1171;80002230758;"EEEFM CAMILA MOTA";"R. NELSON DA COSTA MELLO, S/ N"
"28/10/2024";"11:46:22";2024;2;"Eleição Ordinária";1;619;"Eleições Municipais 2024";"06/10/2024";"M";"ES";"56057";"ALFREDO CHAVES";56057;"ALFREDO CHAVES";12;22;13;"Vereador";22222;"LUCIANO DE JESUS SILVA";13;1139;80002230760;"EMEF SAGRADA FAMÍLIA";"R. PRINCIPAL, S/ N"
"28/10/2024";"11:46:22";2024;2;"Eleição Ordinária";1;619;"Eleições Municipais 2024";"06/10/2024";"M";"ES";"56057";"ALFREDO CHAVES";56057;"ALFREDO CHAVES";12;85;13;"Vereador";22040;"EDEVANILDE GORETI BREDA ALMEIDA";4;1244;80002230757;"CRECHE PEQUERRUCHOS";"RUA ANTÔNIO CLAUDIO GAIGHER, 19"
"28/10/2024";"11:46:22";2024;2;"Eleição Ordinária";1;619;"Eleições Municipais 2024";"06/10/2024";"M";"ES";"56057";"ALFREDO CHAVES";56057;"ALFREDO CHAVES";12;11;13;"Vereador";20777;"RENAUT AMERICO PIO";2;1040;80001947280;"EEEF DE CRUBIXÁ";"R. PRINCIPAL, S/ Nº"
"28/10/2024";"11:46:22";2024;2;"Eleição Ordinária";1;619;"Eleições Municipais 2024";"06/10/2024";"M";"ES";"56057";"ALFREDO CHAVES";56057;"ALFREDO CHAVES";12;38;13;"Vereador";45000;"WARLEI FERRARINI PESSALI";8;1244;80001982698;"CRECHE PEQUERRUCHOS";"RUA ANTÔNIO CLAUDIO GAIGHER, 19"
"28/10/2024";"11:46:22";2024;2;"Eleição Ordinária";1;619;"Eleições Municipais 2024";"06/10/2024";"M";"ES";"56057";"ALFREDO CHAVES";56057;"ALFREDO CHAVES";12;13;13;"Vereador";10789;"LUIS ALBERTO BIANCHI";4;1058;80001966357;"EMEF ENGANO";"R. PRINCIPAL, S/N"
"28/10/2024";"11:46:22";2024;2;"Eleição Ordinária";1;619;"Eleições Municipais 2024";"06/10/2024";"M";"ES";"56057";"ALFREDO CHAVES";56057;"ALFREDO CHAVES";12;37;13;"Vereador";55444;"ODAIR AUGUSTO BASSO";15;1228;80001947333;"CRECHE COMECINHO DE GENTE";"AV. DARCY DE PAULA GAIGHER, S/N"
"28/10/2024";"11:46:22";2024;2;"Eleição Ordinária";1;619;"Eleições Municipais 2024";"06/10/2024";"M";"ES";"56057";"ALFREDO CHAVES";56057;"ALFREDO CHAVES";12;85;13;"Vereador";40444;"ALAESSO LORENZON";1;1244;80001947150;"CRECHE PEQUERRUCHOS";"RUA ANTÔNIO CLAUDIO GAIGHER, 19"
"28/10/2024";"11:46:22";2024;2;"Eleição Ordinária";1;619;"Eleições Municipais 2024";"06/10/2024";"M";"ES";"56057";"ALFREDO CHAVES";56057;"ALFREDO CHAVES";12;11;13;"Vereador";11555;"HERMES LUIZ MARCHIORI ATHAIDES";20;1040;80001982779;"EEEF DE CRUBIXÁ";"R. PRINCIPAL, S/ Nº"
"28/10/2024";"11:46:22";2024;2;"Eleição Ordinária";1;619;"Eleições Municipais 2024";"06/10/2024";"M";"ES";"56057";"ALFREDO CHAVES";56057;"ALFREDO CHAVES";12;39;11;"Prefeito";40;"ROLMAR BOTECCHIA";69;1244;80001947211;"CRECHE PEQUERRUCHOS";"RUA ANTÔNIO CLAUDIO GAIGHER, 19"
"28/10/2024";"11:46:22";2024;2;"Eleição Ordinária";1;619;"Eleições Municipais 2024";"06/10/2024";"M";"ES";"56057";"ALFREDO CHAVES";56057;"ALFREDO CHAVES";12;22;11;"Prefeito";96;"VOTO NULO";3;1139;-1;"EMEF SAGRADA FAMÍLIA";"R. PRINCIPAL, S/ N"
"28/10/2024";"11:46:22";2024;2;"Eleição Ordinária";1;619;"Eleições Municipais 2024";"06/10/2024";"M";"ES";"56057";"ALFREDO CHAVES";56057;"ALFREDO CHAVES";12;16;13;"Vereador";11555;"HERMES LUIZ MARCHIORI ATHAIDES";11;1082;80001982779;"PRÉDIO DA ANTIGA ESCOLA ALMERINDA BRUNORO";"R. PRINCIPAL, S/ N"
"28/10/2024";"11:46:22";2024;2;"Eleição Ordinária";1;619;"Eleições Municipais 2024";"06/10/2024";"M";"ES";"56057";"ALFREDO CHAVES";56057;"ALFREDO CHAVES";12;20;13;"Vereador";20190;"MARCELO CRISTIANO CARDOSO FARIA";12;1112;80001947286;"SALÃO DA IGREJA CATÓLICA DE CACHOEIRA ALTA";"R. PRINCIPAL, S/ N"
"28/10/2024";"11:46:22";2024;2;"Eleição Ordinária";1;619;"Eleições Municipais 2024";"06/10/2024";"M";"ES";"56057";"ALFREDO CHAVES";56057;"ALFREDO CHAVES";12;38;13;"Vereador";95;"VOTO BRANCO";8;1244;-1;"CRECHE PEQUERRUCHOS";"RUA ANTÔNIO CLAUDIO GAIGHER, 19"
"28/10/2024";"11:46:22";2024;2;"Eleição Ordinária";1;619;"Eleições Municipais 2024";"06/10/2024";"M";"ES";"56057";"ALFREDO CHAVES";56057;"ALFREDO CHAVES";12;40;13;"Vereador";40555;"DANIEL ORLANDI";6;1236;80001947149;"SALÃO PAROQUIAL DA IGREJA DE NOSSA SENHORA DA CONCEIÇÃO";"AV. GETULIO VARGAS, 545"
"28/10/2024";"11:46:22";2024;2;"Eleição Ordinária";1;619;"Eleições Municipais 2024";"06/10/2024";"M";"ES";"56057";"ALFREDO CHAVES";56057;"ALFREDO CHAVES";12;15;13;"Vereador";40555;"DANIEL ORLANDI";3;1074;80001947149;"SALÃO DA IGREJA DE SÃO MARTINHO";"R. PRINCIPAL, S/ N"
"28/10/2024";"11:46:22";2024;2;"Eleição Ordinária";1;619;"Eleições Municipais 2024";"06/10/2024";"M";"ES";"56057";"ALFREDO CHAVES";56057;"ALFREDO CHAVES";12;30;13;"Vereador";45100;"WELLINGTON MORAES DE AGUIAR";4;1171;80001982697;"EEEFM CAMILA MOTA";"R. NELSON DA COSTA MELLO, S/ N"
"28/10/2024";"11:46:22";2024;2;"Eleição Ordinária";1;619;"Eleições Municipais 2024";"06/10/2024";"M";"ES";"56057";"ALFREDO CHAVES";56057;"ALFREDO CHAVES";12;1;13;"Vereador";11123;"RENAN DE JESUS BOLDRINI";2;1015;80001982781;"EMEF ANA ARAÚJO";"R. EXPEDICIONARIO OSVALDO SAUDINO"
"28/10/2024";"11:46:22";2024;2;"Eleição Ordinária";1;619;"Eleições Municipais 2024";"06/10/2024";"M";"ES";"56057";"ALFREDO CHAVES";56057;"ALFREDO CHAVES";12;12;13;"Vereador";11123;"RENAN DE JESUS BOLDRINI";4;1058;80001982781;"EMEF ENGANO";"R. PRINCIPAL, S/N"
"28/10/2024";"11:46:22";2024;2;"Eleição Ordinária";1;619;"Eleições Municipais 2024";"06/10/2024";"M";"ES";"56057";"ALFREDO CHAVES";56057;"ALFREDO CHAVES";12;31;13;"Vereador";22123;"CRISTIANO GRILLO";1;1171;80002230753;"EEEFM CAMILA MOTA";"R. NELSON DA COSTA MELLO, S/ N"
"28/10/2024";"11:46:22";2024;2;"Eleição Ordinária";1;619;"Eleições Municipais 2024";"06/10/2024";"M";"ES";"56057";"ALFREDO CHAVES";56057;"ALFREDO CHAVES";12;7;13;"Vereador";45123;"RAYANE TOMAZINI BRESSANELLI";6;1171;80001982695;"EEEFM CAMILA MOTA";"R. NELSON DA COSTA MELLO, S/ N"
"28/10/2024";"11:46:22";2024;2;"Eleição Ordinária";1;619;"Eleições Municipais 2024";"06/10/2024";"M";"ES";"56057";"ALFREDO CHAVES";56057;"ALFREDO CHAVES";12;5;13;"Vereador";20777;"RENAUT AMERICO PIO";4;1015;80001947280;"EMEF ANA ARAÚJO";"R. EXPEDICIONARIO OSVALDO SAUDINO"
"28/10/2024";"11:46:22";2024;2;"Eleição Ordinária";1;619;"Eleições Municipais 2024";"06/10/2024";"M";"ES";"56057";"ALFREDO CHAVES";56057;"ALFREDO CHAVES";12;2;11;"Prefeito";11;"HUGO LUIZ PICOLI MENEGHEL";126;1015;80002104371;"EMEF ANA ARAÚJO";"R. EXPEDICIONARIO OSVALDO SAUDINO"
"28/10/2024";"11:46:22";2024;2;"Eleição Ordinária";1;619;"Eleições Municipais 2024";"06/10/2024";"M";"ES";"56057";"ALFREDO CHAVES";56057;"ALFREDO CHAVES";12;31;11;"Prefeito";11;"HUGO LUIZ PICOLI MENEGHEL";154;1171;80002104371;"EEEFM CAMILA MOTA";"R. NELSON DA COSTA MELLO, S/ N"
"28/10/2024";"11:46:22";2024;2;"Eleição Ordinária";1;619;"Eleições Municipais 2024";"06/10/2024";"M";"ES";"56057";"ALFREDO CHAVES";56057;"ALFREDO CHAVES";12;5;13;"Vereador";10321;"DIVAL LUIZ PAGANINI";2;1015;80001966354;"EMEF ANA ARAÚJO";"R. EXPEDICIONARIO OSVALDO SAUDINO"
"28/10/2024";"11:46:22";2024;2;"Eleição Ordinária";1;619;"Eleições Municipais 2024";"06/10/2024";"M";"ES";"56057";"ALFREDO CHAVES";56057;"ALFREDO CHAVES";12;14;13;"Vereador";40000;"NILTON CESAR BELMOK";16;1066;80001947152;"SALÃO DA IGREJA CATÓLICA DE SÃO FRANCISCO DE BATATAL";"RUA PRINCIPAL, S/ N"
"28/10/2024";"11:46:22";2024;2;"Eleição Ordinária";1;619;"Eleições Municipais 2024";"06/10/2024";"M";"ES";"56057";"ALFREDO CHAVES";56057;"ALFREDO CHAVES";12;1;13;"Vereador";40000;"NILTON CESAR BELMOK";6;1015;80001947152;"EMEF ANA ARAÚJO";"R. EXPEDICIONARIO OSVALDO SAUDINO"
"28/10/2024";"11:46:22";2024;2;"Eleição Ordinária";1;619;"Eleições Municipais 2024";"06/10/2024";"M";"ES";"56057";"ALFREDO CHAVES";56057;"ALFREDO CHAVES";12;31;13;"Vereador";40123;"CELIA MARIA STEIN BUBACH";1;1171;80001947153;"EEEFM CAMILA MOTA";"R. NELSON DA COSTA MELLO, S/ N"
"28/10/2024";"11:46:22";2024;2;"Eleição Ordinária";1;619;"Eleições Municipais 2024";"06/10/2024";"M";"ES";"56057";"ALFREDO CHAVES";56057;"ALFREDO CHAVES";12;7;13;"Vereador";11123;"RENAN DE JESUS BOLDRINI";1;1171;80001982781;"EEEFM CAMILA MOTA";"R. NELSON DA COSTA MELLO, S/ N"
"28/10/2024";"11:46:22";2024;2;"Eleição Ordinária";1;619;"Eleições Municipais 2024";"06/10/2024";"M";"ES";"56057";"ALFREDO CHAVES";56057;"ALFREDO CHAVES";12;27;13;"Vereador";55444;"ODAIR AUGUSTO BASSO";10;1171;80001947333;"EEEFM CAMILA MOTA";"R. NELSON DA COSTA MELLO, S/ N"
"28/10/2024";"11:46:22";2024;2;"Eleição Ordinária";1;619;"Eleições Municipais 2024";"06/10/2024";"M";"ES";"56057";"ALFREDO CHAVES";56057;"ALFREDO CHAVES";12;38;13;"Vereador";20777;"RENAUT AMERICO PIO";4;1244;80001947280;"CRECHE PEQUERRUCHOS";"RUA ANTÔNIO CLAUDIO GAIGHER, 19"
"28/10/2024";"11:46:22";2024;2;"Eleição Ordinária";1;619;"Eleições Municipais 2024";"06/10/2024";"M";"ES";"56057";"ALFREDO CHAVES";56057;"ALFREDO CHAVES";12;13;13;"Vereador";22022;"SAMUEL ARDIZZON BELMOK";5;1058;80002230759;"EMEF ENGANO";"R. PRINCIPAL, S/N"
"28/10/2024";"11:46:22";2024;2;"Eleição Ordinária";1;619;"Eleições Municipais 2024";"06/10/2024";"M";"ES";"56057";"ALFREDO CHAVES";56057;"ALFREDO CHAVES";12;38;13;"Vereador";10111;"SILVANA RAMOS DA SILVA";3;1244;80001966353;"CRECHE PEQUERRUCHOS";"RUA ANTÔNIO CLAUDIO GAIGHER, 19"
"28/10/2024";"11:46:22";2024;2;"Eleição Ordinária";1;619;"Eleições Municipais 2024";"06/10/2024";"M";"ES";"56057";"ALFREDO CHAVES";56057;"ALFREDO CHAVES";12;39;13;"Vereador";45777;"GUILHERME CARLOS CETTO VITOR";1;1244;80001982699;"CRECHE PEQUERRUCHOS";"RUA ANTÔNIO CLAUDIO GAIGHER, 19"
"28/10/2024";"11:46:22";2024;2;"Eleição Ordinária";1;619;"Eleições Municipais 2024";"06/10/2024";"M";"ES";"56057";"ALFREDO CHAVES";56057;"ALFREDO CHAVES";12;1;13;"Vereador";10789;"LUIS ALBERTO BIANCHI";5;1015;80001966357;"EMEF ANA ARAÚJO";"R. EXPEDICIONARIO OSVALDO SAUDINO"
"28/10/2024";"11:46:22";2024;2;"Eleição Ordinária";1;619;"Eleições Municipais 2024";"06/10/2024";"M";"ES";"56057";"ALFREDO CHAVES";56057;"ALFREDO CHAVES";12;12;13;"Vereador";10789;"LUIS ALBERTO BIANCHI";2;1058;80001966357;"EMEF ENGANO";"R. PRINCIPAL, S/N"
"28/10/2024";"11:46:22";2024;2;"Eleição Ordinária";1;619;"Eleições Municipais 2024";"06/10/2024";"M";"ES";"56057";"ALFREDO CHAVES";56057;"ALFREDO CHAVES";12;3;13;"Vereador";20777;"RENAUT AMERICO PIO";8;1015;80001947280;"EMEF ANA ARAÚJO";"R. EXPEDICIONARIO OSVALDO SAUDINO"
"28/10/2024";"11:46:22";2024;2;"Eleição Ordinária";1;619;"Eleições Municipais 2024";"06/10/2024";"M";"ES";"56057";"ALFREDO CHAVES";56057;"ALFREDO CHAVES";12;7;13;"Vereador";20555;"VERA LUCIA BONA";8;1171;80001947283;"EEEFM CAMILA MOTA";"R. NELSON DA COSTA MELLO, S/ N"
"28/10/2024";"11:46:22";2024;2;"Eleição Ordinária";1;619;"Eleições Municipais 2024";"06/10/2024";"M";"ES";"56057";"ALFREDO CHAVES";56057;"ALFREDO CHAVES";12;85;13;"Vereador";11000;"FRANCISCO DE ASSIS JOSE DOS SANTOS";7;1244;80001982776;"CRECHE PEQUERRUCHOS";"RUA ANTÔNIO CLAUDIO GAIGHER, 19"
"28/10/2024";"11:46:22";2024;2;"Eleição Ordinária";1;619;"Eleições Municipais 2024";"06/10/2024";"M";"ES";"56057";"ALFREDO CHAVES";56057;"ALFREDO CHAVES";12;28;13;"Vereador";11789;"EDSON ANTONIO REGIANI";1;1074;80001982773;"SALÃO DA IGREJA DE SÃO MARTINHO";"R. PRINCIPAL, S/ N"
"28/10/2024";"11:46:22";2024;2;"Eleição Ordinária";1;619;"Eleições Municipais 2024";"06/10/2024";"M";"ES";"56057";"ALFREDO CHAVES";56057;"ALFREDO CHAVES";12;14;13;"Vereador";45666;"SERGIO BIANCHI";2;1066;80001982693;"SALÃO DA IGREJA CATÓLICA DE SÃO FRANCISCO DE BATATAL";"RUA PRINCIPAL, S/ N"
"28/10/2024";"11:46:22";2024;2;"Eleição Ordinária";1;619;"Eleições Municipais 2024";"06/10/2024";"M";"ES";"56057";"ALFREDO CHAVES";56057;"ALFREDO CHAVES";12;1;13;"Vereador";45666;"SERGIO BIANCHI";4;1015;80001982693;"EMEF ANA ARAÚJO";"R. EXPEDICIONARIO OSVALDO SAUDINO"
"28/10/2024";"11:46:22";2024;2;"Eleição Ordinária";1;619;"Eleições Municipais 2024";"06/10/2024";"M";"ES";"56057";"ALFREDO CHAVES";56057;"ALFREDO CHAVES";12;12;13;"Vereador";45666;"SERGIO BIANCHI";2;1058;80001982693;"EMEF ENGANO";"R. PRINCIPAL, S/N"
"28/10/2024";"11:46:22";2024;2;"Eleição Ordinária";1;619;"Eleições Municipais 2024";"06/10/2024";"M";"ES";"56057";"ALFREDO CHAVES";56057;"ALFREDO CHAVES";12;1;13;"Vereador";10101;"NAMARA NAZARIA DE PAULA PASSOS SILVA";4;1015;80001966359;"EMEF ANA ARAÚJO";"R. EXPEDICIONARIO OSVALDO SAUDINO"
"28/10/2024";"11:46:22";2024;2;"Eleição Ordinária";1;619;"Eleições Municipais 2024";"06/10/2024";"M";"ES";"56057";"ALFREDO CHAVES";56057;"ALFREDO CHAVES";12;2;13;"Vereador";10366;"SELMA CONSOLADORA CASALI PILON";2;1015;80001966358;"EMEF ANA ARAÚJO";"R. EXPEDICIONARIO OSVALDO SAUDINO"
"28/10/2024";"11:46:22";2024;2;"Eleição Ordinária";1;619;"Eleições Municipais 2024";"06/10/2024";"M";"ES";"56057";"ALFREDO CHAVES";56057;"ALFREDO CHAVES";12;39;13;"Vereador";40000;"NILTON CESAR BELMOK";9;1244;80001947152;"CRECHE PEQUERRUCHOS";"RUA ANTÔNIO CLAUDIO GAIGHER, 19"
"28/10/2024";"11:46:22";2024;2;"Eleição Ordinária";1;619;"Eleições Municipais 2024";"06/10/2024";"M";"ES";"56057";"ALFREDO CHAVES";56057;"ALFREDO CHAVES";12;33;13;"Vereador";20000;"IZABEL PARMAGNANI";17;1171;80001947279;"EEEFM CAMILA MOTA";"R. NELSON DA COSTA MELLO, S/ N"
"28/10/2024";"11:46:22";2024;2;"Eleição Ordinária";1;619;"Eleições Municipais 2024";"06/10/2024";"M";"ES";"56057";"ALFREDO CHAVES";56057;"ALFREDO CHAVES";12;25;13;"Vereador";40555;"DANIEL ORLANDI";6;1155;80001947149;"EMEF FELIPE MODOLO";"R. PRINCIPAL, S/ N"
"28/10/2024";"11:46:22";2024;2;"Eleição Ordinária";1;619;"Eleições Municipais 2024";"06/10/2024";"M";"ES";"56057";"ALFREDO CHAVES";56057;"ALFREDO CHAVES";12;24;11;"Prefeito";11;"HUGO LUIZ PICOLI MENEGHEL";176;1147;80002104371;"SALÃO COMUNITÁRIO DE SÃO BENTO DE URÂNIA";"R. PRINCIPAL, S/ N"
"28/10/2024";"11:46:22";2024;2;"Eleição Ordinária";1;619;"Eleições Municipais 2024";"06/10/2024";"M";"ES";"56057";"ALFREDO CHAVES";56057;"ALFREDO CHAVES";12;28;13;"Vereador";40444;"ALAESSO LORENZON";2;1074;80001947150;"SALÃO DA IGREJA DE SÃO MARTINHO";"R. PRINCIPAL, S/ N"
"28/10/2024";"11:46:22";2024;2;"Eleição Ordinária";1;619;"Eleições Municipais 2024";"06/10/2024";"M";"ES";"56057";"ALFREDO CHAVES";56057;"ALFREDO CHAVES";12;1;13;"Vereador";22222;"LUCIANO DE JESUS SILVA";3;1015;80002230760;"EMEF ANA ARAÚJO";"R. EXPEDICIONARIO OSVALDO SAUDINO"
"28/10/2024";"11:46:22";2024;2;"Eleição Ordinária";1;619;"Eleições Municipais 2024";"06/10/2024";"M";"ES";"56057";"ALFREDO CHAVES";56057;"ALFREDO CHAVES";12;24;13;"Vereador";96;"VOTO NULO";6;1147;-1;"SALÃO COMUNITÁRIO DE SÃO BENTO DE URÂNIA";"R. PRINCIPAL, S/ N"
"28/10/2024";"11:46:22";2024;2;"Eleição Ordinária";1;619;"Eleições Municipais 2024";"06/10/2024";"M";"ES";"56057";"ALFREDO CHAVES";56057;"ALFREDO CHAVES";12;40;13;"Vereador";40111;"CHARLES GAIGHER";7;1236;80001947148;"SALÃO PAROQUIAL DA IGREJA DE NOSSA SENHORA DA CONCEIÇÃO";"AV. GETULIO VARGAS, 545"
"28/10/2024";"11:46:22";2024;2;"Eleição Ordinária";1;619;"Eleições Municipais 2024";"06/10/2024";"M";"ES";"56057";"ALFREDO CHAVES";56057;"ALFREDO CHAVES";12;7;13;"Vereador";40999;"EMILIA DAS GRAÇAS ALVES PADILHA DOMINGUES";1;1171;80001947155;"EEEFM CAMILA MOTA";"R. NELSON DA COSTA MELLO, S/ N"
"28/10/2024";"11:46:22";2024;2;"Eleição Ordinária";1;619;"Eleições Municipais 2024";"06/10/2024";"M";"ES";"56057";"ALFREDO CHAVES";56057;"ALFREDO CHAVES";12;15;13;"Vereador";40111;"CHARLES GAIGHER";2;1074;80001947148;"SALÃO DA IGREJA DE SÃO MARTINHO";"R. PRINCIPAL, S/ N"
"28/10/2024";"11:46:22";2024;2;"Eleição Ordinária";1;619;"Eleições Municipais 2024";"06/10/2024";"M";"ES";"56057";"ALFREDO CHAVES";56057;"ALFREDO CHAVES";12;38;13;"Vereador";55456;"JOAO ENDRINGER JUNIOR";5;1244;80001947335;"CRECHE PEQUERRUCHOS";"RUA ANTÔNIO CLAUDIO GAIGHER, 19"
"28/10/2024";"11:46:22";2024;2;"Eleição Ordinária";1;619;"Eleições Municipais 2024";"06/10/2024";"M";"ES";"56057";"ALFREDO CHAVES";56057;"ALFREDO CHAVES";12;20;13;"Vereador";40456;"SERAFINO ANTONIO SIMONI";5;1112;80001947157;"SALÃO DA IGREJA CATÓLICA DE CACHOEIRA ALTA";"R. PRINCIPAL, S/ N"
"28/10/2024";"11:46:22";2024;2;"Eleição Ordinária";1;619;"Eleições Municipais 2024";"06/10/2024";"M";"ES";"56057";"ALFREDO CHAVES";56057;"ALFREDO CHAVES";12;13;13;"Vereador";40456;"SERAFINO ANTONIO SIMONI";1;1058;80001947157;"EMEF ENGANO";"R. PRINCIPAL, S/N"
"28/10/2024";"11:46:22";2024;2;"Eleição Ordinária";1;619;"Eleições Municipais 2024";"06/10/2024";"M";"ES";"56057";"ALFREDO CHAVES";56057;"ALFREDO CHAVES";12;7;13;"Vereador";45666;"SERGIO BIANCHI";4;1171;80001982693;"EEEFM CAMILA MOTA";"R. NELSON DA COSTA MELLO, S/ N"
"28/10/2024";"11:46:22";2024;2;"Eleição Ordinária";1;619;"Eleições Municipais 2024";"06/10/2024";"M";"ES";"56057";"ALFREDO CHAVES";56057;"ALFREDO CHAVES";12;35;13;"Vereador";10321;"DIVAL LUIZ PAGANINI";1;1171;80001966354;"EEEFM CAMILA MOTA";"R. NELSON DA COSTA MELLO, S/ N"
"28/10/2024";"11:46:22";2024;2;"Eleição Ordinária";1;619;"Eleições Municipais 2024";"06/10/2024";"M";"ES";"56057";"ALFREDO CHAVES";56057;"ALFREDO CHAVES";12;28;11;"Prefeito";96;"VOTO NULO";4;1074;-1;"SALÃO DA IGREJA DE SÃO MARTINHO";"R. PRINCIPAL, S/ N"
"28/10/2024";"11:46:22";2024;2;"Eleição Ordinária";1;619;"Eleições Municipais 2024";"06/10/2024";"M";"ES";"56057";"ALFREDO CHAVES";56057;"ALFREDO CHAVES";12;85;11;"Prefeito";96;"VOTO NULO";5;1244;-1;"CRECHE PEQUERRUCHOS";"RUA ANTÔNIO CLAUDIO GAIGHER, 19"
"28/10/2024";"11:46:22";2024;2;"Eleição Ordinária";1;619;"Eleições Municipais 2024";"06/10/2024";"M";"ES";"56057";"ALFREDO CHAVES";56057;"ALFREDO CHAVES";12;11;13;"Vereador";11122;"ALONCIO QUINTINO FRANCO";14;1040;80001982778;"EEEF DE CRUBIXÁ";"R. PRINCIPAL, S/ Nº"
"28/10/2024";"11:46:22";2024;2;"Eleição Ordinária";1;619;"Eleições Municipais 2024";"06/10/2024";"M";"ES";"56057";"ALFREDO CHAVES";56057;"ALFREDO CHAVES";12;18;13;"Vereador";11555;"HERMES LUIZ MARCHIORI ATHAIDES";2;1090;80001982779;"EMEF FELIPE MODOLO";"R. PRINCIPAL, S/ N"
"28/10/2024";"11:46:22";2024;2;"Eleição Ordinária";1;619;"Eleições Municipais 2024";"06/10/2024";"M";"ES";"56057";"ALFREDO CHAVES";56057;"ALFREDO CHAVES";12;4;13;"Vereador";45777;"GUILHERME CARLOS CETTO VITOR";4;1015;80001982699;"EMEF ANA ARAÚJO";"R. EXPEDICIONARIO OSVALDO SAUDINO"
"28/10/2024";"11:46:22";2024;2;"Eleição Ordinária";1;619;"Eleições Municipais 2024";"06/10/2024";"M";"ES";"56057";"ALFREDO CHAVES";56057;"ALFREDO CHAVES";12;20;13;"Vereador";40000;"NILTON CESAR BELMOK";11;1112;80001947152;"SALÃO DA IGREJA CATÓLICA DE CACHOEIRA ALTA";"R. PRINCIPAL, S/ N"
"28/10/2024";"11:46:22";2024;2;"Eleição Ordinária";1;619;"Eleições Municipais 2024";"06/10/2024";"M";"ES";"56057";"ALFREDO CHAVES";56057;"ALFREDO CHAVES";12;40;13;"Vereador";11234;"MIGUEL ANTONIO MARTINS CLEN";7;1236;80001982777;"SALÃO PAROQUIAL DA IGREJA DE NOSSA SENHORA DA CONCEIÇÃO";"AV. GETULIO VARGAS, 545"
"28/10/2024";"11:46:22";2024;2;"Eleição Ordinária";1;619;"Eleições Municipais 2024";"06/10/2024";"M";"ES";"56057";"ALFREDO CHAVES";56057;"ALFREDO CHAVES";12;18;13;"Vereador";20678;"ADIMAR DE SOUZA MEDINA";16;1090;80001947277;"EMEF FELIPE MODOLO";"R. PRINCIPAL, S/ N"
"28/10/2024";"11:46:22";2024;2;"Eleição Ordinária";1;619;"Eleições Municipais 2024";"06/10/2024";"M";"ES";"56057";"ALFREDO CHAVES";56057;"ALFREDO CHAVES";12;10;13;"Vereador";45666;"SERGIO BIANCHI";3;1040;80001982693;"EEEF DE CRUBIXÁ";"R. PRINCIPAL, S/ Nº"
"28/10/2024";"11:46:22";2024;2;"Eleição Ordinária";1;619;"Eleições Municipais 2024";"06/10/2024";"M";"ES";"56057";"ALFREDO CHAVES";56057;"ALFREDO CHAVES";12;14;11;"Prefeito";11;"HUGO LUIZ PICOLI MENEGHEL";99;1066;80002104371;"SALÃO DA IGREJA CATÓLICA DE SÃO FRANCISCO DE BATATAL";"RUA PRINCIPAL, S/ N"
"28/10/2024";"11:46:22";2024;2;"Eleição Ordinária";1;619;"Eleições Municipais 2024";"06/10/2024";"M";"ES";"56057";"ALFREDO CHAVES";56057;"ALFREDO CHAVES";12;1;11;"Prefeito";11;"HUGO LUIZ PICOLI MENEGHEL";111;1015;80002104371;"EMEF ANA ARAÚJO";"R. EXPEDICIONARIO OSVALDO SAUDINO"
"28/10/2024";"11:46:22";2024;2;"Eleição Ordinária";1;619;"Eleições Municipais 2024";"06/10/2024";"M";"ES";"56057";"ALFREDO CHAVES";56057;"ALFREDO CHAVES";12;12;11;"Prefeito";11;"HUGO LUIZ PICOLI MENEGHEL";177;1058;80002104371;"EMEF ENGANO";"R. PRINCIPAL, S/N"
"28/10/2024";"11:46:22";2024;2;"Eleição Ordinária";1;619;"Eleições Municipais 2024";"06/10/2024";"M";"ES";"56057";"ALFREDO CHAVES";56057;"ALFREDO CHAVES";12;27;13;"Vereador";10222;"JOSIMAR PIUMBINI";10;1171;80001966355;"EEEFM CAMILA MOTA";"R. NELSON DA COSTA MELLO, S/ N"
"28/10/2024";"11:46:22";2024;2;"Eleição Ordinária";1;619;"Eleições Municipais 2024";"06/10/2024";"M";"ES";"56057";"ALFREDO CHAVES";56057;"ALFREDO CHAVES";12;8;13;"Vereador";55152;"ARILDO ALVES";4;1023;80001947338;"EEEFM CAMILA MOTA";"R. NELSON DA COSTA MELLO, S/ N"
"28/10/2024";"11:46:22";2024;2;"Eleição Ordinária";1;619;"Eleições Municipais 2024";"06/10/2024";"M";"ES";"56057";"ALFREDO CHAVES";56057;"ALFREDO CHAVES";12;22;13;"Vereador";55555;"ADILSON JOSE ROVETA";23;1139;80001947332;"EMEF SAGRADA FAMÍLIA";"R. PRINCIPAL, S/ N"
"28/10/2024";"11:46:22";2024;2;"Eleição Ordinária";1;619;"Eleições Municipais 2024";"06/10/2024";"M";"ES";"56057";"ALFREDO CHAVES";56057;"ALFREDO CHAVES";12;41;13;"Vereador";10111;"SILVANA RAMOS DA SILVA";3;1236;80001966353;"SALÃO PAROQUIAL DA IGREJA DE NOSSA SENHORA DA CONCEIÇÃO";"AV. GETULIO VARGAS, 545"
"28/10/2024";"11:46:22";2024;2;"Eleição Ordinária";1;619;"Eleições Municipais 2024";"06/10/2024";"M";"ES";"56057";"ALFREDO CHAVES";56057;"ALFREDO CHAVES";12;40;13;"Vereador";11100;"TAIS LIMA TEIXEIRA ULIANA";7;1236;80001982780;"SALÃO PAROQUIAL DA IGREJA DE NOSSA SENHORA DA CONCEIÇÃO";"AV. GETULIO VARGAS, 545"
"28/10/2024";"11:46:22";2024;2;"Eleição Ordinária";1;619;"Eleições Municipais 2024";"06/10/2024";"M";"ES";"56057";"ALFREDO CHAVES";56057;"ALFREDO CHAVES";12;4;13;"Vereador";20190;"MARCELO CRISTIANO CARDOSO FARIA";8;1015;80001947286;"EMEF ANA ARAÚJO";"R. EXPEDICIONARIO OSVALDO SAUDINO"
"28/10/2024";"11:46:22";2024;2;"Eleição Ordinária";1;619;"Eleições Municipais 2024";"06/10/2024";"M";"ES";"56057";"ALFREDO CHAVES";56057;"ALFREDO CHAVES";12;27;13;"Vereador";45555;"MARCIA FRANCISCO";3;1171;80001982694;"EEEFM CAMILA MOTA";"R. NELSON DA COSTA MELLO, S/ N"
"28/10/2024";"11:46:22";2024;2;"Eleição Ordinária";1;619;"Eleições Municipais 2024";"06/10/2024";"M";"ES";"56057";"ALFREDO CHAVES";56057;"ALFREDO CHAVES";12;27;13;"Vereador";10123;"ALEFY JUNIOR CLAUDIO SIMOES";4;1171;80001966351;"EEEFM CAMILA MOTA";"R. NELSON DA COSTA MELLO, S/ N"
"28/10/2024";"11:46:22";2024;2;"Eleição Ordinária";1;619;"Eleições Municipais 2024";"06/10/2024";"M";"ES";"56057";"ALFREDO CHAVES";56057;"ALFREDO CHAVES";12;8;13;"Vereador";40369;"MARIA AUGUSTA BUFFOLO";3;1023;80001947154;"EEEFM CAMILA MOTA";"R. NELSON DA COSTA MELLO, S/ N"
"28/10/2024";"11:46:22";2024;2;"Eleição Ordinária";1;619;"Eleições Municipais 2024";"06/10/2024";"M";"ES";"56057";"ALFREDO CHAVES";56057;"ALFREDO CHAVES";12;22;13;"Vereador";11100;"TAIS LIMA TEIXEIRA ULIANA";2;1139;80001982780;"EMEF SAGRADA FAMÍLIA";"R. PRINCIPAL, S/ N"
"28/10/2024";"11:46:22";2024;2;"Eleição Ordinária";1;619;"Eleições Municipais 2024";"06/10/2024";"M";"ES";"56057";"ALFREDO CHAVES";56057;"ALFREDO CHAVES";12;9;13;"Vereador";45000;"WARLEI FERRARINI PESSALI";1;1031;80001982698;"EMEF FAZENDA APARECIDA";"R. PRINCIPAL, S/ Nº"
"28/10/2024";"11:46:22";2024;2;"Eleição Ordinária";1;619;"Eleições Municipais 2024";"06/10/2024";"M";"ES";"56057";"ALFREDO CHAVES";56057;"ALFREDO CHAVES";12;11;13;"Vereador";55152;"ARILDO ALVES";4;1040;80001947338;"EEEF DE CRUBIXÁ";"R. PRINCIPAL, S/ Nº"
"28/10/2024";"11:46:22";2024;2;"Eleição Ordinária";1;619;"Eleições Municipais 2024";"06/10/2024";"M";"ES";"56057";"ALFREDO CHAVES";56057;"ALFREDO CHAVES";12;33;13;"Vereador";40123;"CELIA MARIA STEIN BUBACH";1;1171;80001947153;"EEEFM CAMILA MOTA";"R. NELSON DA COSTA MELLO, S/ N"
"28/10/2024";"11:46:22";2024;2;"Eleição Ordinária";1;619;"Eleições Municipais 2024";"06/10/2024";"M";"ES";"56057";"ALFREDO CHAVES";56057;"ALFREDO CHAVES";12;6;13;"Vereador";10190;"ROMILDO DOMINGOS BORTOLUZZI";2;1023;80001966352;"EEEFM CAMILA MOTA";"R. NELSON DA COSTA MELLO, S/ N"
"28/10/2024";"11:46:22";2024;2;"Eleição Ordinária";1;619;"Eleições Municipais 2024";"06/10/2024";"M";"ES";"56057";"ALFREDO CHAVES";56057;"ALFREDO CHAVES";12;85;13;"Vereador";22222;"LUCIANO DE JESUS SILVA";2;1244;80002230760;"CRECHE PEQUERRUCHOS";"RUA ANTÔNIO CLAUDIO GAIGHER, 19"
"28/10/2024";"11:46:22";2024;2;"Eleição Ordinária";1;619;"Eleições Municipais 2024";"06/10/2024";"M";"ES";"56057";"ALFREDO CHAVES";56057;"ALFREDO CHAVES";12;23;13;"Vereador";11000;"FRANCISCO DE ASSIS JOSE DOS SANTOS";3;1139;80001982776;"EMEF SAGRADA FAMÍLIA";"R. PRINCIPAL, S/ N"
"28/10/2024";"11:46:22";2024;2;"Eleição Ordinária";1;619;"Eleições Municipais 2024";"06/10/2024";"M";"ES";"56057";"ALFREDO CHAVES";56057;"ALFREDO CHAVES";12;27;13;"Vereador";45777;"GUILHERME CARLOS CETTO VITOR";4;1171;80001982699;"EEEFM CAMILA MOTA";"R. NELSON DA COSTA MELLO, S/ N"
"28/10/2024";"11:46:22";2024;2;"Eleição Ordinária";1;619;"Eleições Municipais 2024";"06/10/2024";"M";"ES";"56057";"ALFREDO CHAVES";56057;"ALFREDO CHAVES";12;34;13;"Vereador";20000;"IZABEL PARMAGNANI";17;1171;80001947279;"EEEFM CAMILA MOTA";"R. NELSON DA COSTA MELLO, S/ N"
"28/10/2024";"11:46:22";2024;2;"Eleição Ordinária";1;619;"Eleições Municipais 2024";"06/10/2024";"M";"ES";"56057";"ALFREDO CHAVES";56057;"ALFREDO CHAVES";12;40;13;"Vereador";11000;"FRANCISCO DE ASSIS JOSE DOS SANTOS";12;1236;80001982776;"SALÃO PAROQUIAL DA IGREJA DE NOSSA SENHORA DA CONCEIÇÃO";"AV. GETULIO VARGAS, 545"
"28/10/2024";"11:46:22";2024;2;"Eleição Ordinária";1;619;"Eleições Municipais 2024";"06/10/2024";"M";"ES";"56057";"ALFREDO CHAVES";56057;"ALFREDO CHAVES";12;15;13;"Vereador";11000;"FRANCISCO DE ASSIS JOSE DOS SANTOS";2;1074;80001982776;"SALÃO DA IGREJA DE SÃO MARTINHO";"R. PRINCIPAL, S/ N"
"28/10/2024";"11:46:22";2024;2;"Eleição Ordinária";1;619;"Eleições Municipais 2024";"06/10/2024";"M";"ES";"56057";"ALFREDO CHAVES";56057;"ALFREDO CHAVES";12;3;13;"Vereador";20200;"REGINA PAULA RAUTA MARIANI";2;1015;80001947284;"EMEF ANA ARAÚJO";"R. EXPEDICIONARIO OSVALDO SAUDINO"
"28/10/2024";"11:46:22";2024;2;"Eleição Ordinária";1;619;"Eleições Municipais 2024";"06/10/2024";"M";"ES";"56057";"ALFREDO CHAVES";56057;"ALFREDO CHAVES";12;19;13;"Vereador";20000;"IZABEL PARMAGNANI";1;1104;80001947279;"SALÃO COMUNITÁRIO DE NOVA ESTRELA";"R. PRINCIPAL, S/ N"
"28/10/2024";"11:46:22";2024;2;"Eleição Ordinária";1;619;"Eleições Municipais 2024";"06/10/2024";"M";"ES";"56057";"ALFREDO CHAVES";56057;"ALFREDO CHAVES";12;23;13;"Vereador";22022;"SAMUEL ARDIZZON BELMOK";2;1139;80002230759;"EMEF SAGRADA FAMÍLIA";"R. PRINCIPAL, S/ N"
"28/10/2024";"11:46:22";2024;2;"Eleição Ordinária";1;619;"Eleições Municipais 2024";"06/10/2024";"M";"ES";"56057";"ALFREDO CHAVES";56057;"ALFREDO CHAVES";12;5;13;"Vereador";22122;"SILVIA FOLGER BERNABÉ";2;1015;80002230756;"EMEF ANA ARAÚJO";"R. EXPEDICIONARIO OSVALDO SAUDINO"
"28/10/2024";"11:46:22";2024;2;"Eleição Ordinária";1;619;"Eleições Municipais 2024";"06/10/2024";"M";"ES";"56057";"ALFREDO CHAVES";56057;"ALFREDO CHAVES";12;17;13;"Vereador";22040;"EDEVANILDE GORETI BREDA ALMEIDA";2;1090;80002230757;"EMEF FELIPE MODOLO";"R. PRINCIPAL, S/ N"
"28/10/2024";"11:46:22";2024;2;"Eleição Ordinária";1;619;"Eleições Municipais 2024";"06/10/2024";"M";"ES";"56057";"ALFREDO CHAVES";56057;"ALFREDO CHAVES";12;5;13;"Vereador";22040;"EDEVANILDE GORETI BREDA ALMEIDA";1;1015;80002230757;"EMEF ANA ARAÚJO";"R. EXPEDICIONARIO OSVALDO SAUDINO"
"28/10/2024";"11:46:22";2024;2;"Eleição Ordinária";1;619;"Eleições Municipais 2024";"06/10/2024";"M";"ES";"56057";"ALFREDO CHAVES";56057;"ALFREDO CHAVES";12;6;13;"Vereador";20555;"VERA LUCIA BONA";1;1023;80001947283;"EEEFM CAMILA MOTA";"R. NELSON DA COSTA MELLO, S/ N"
"28/10/2024";"11:46:22";2024;2;"Eleição Ordinária";1;619;"Eleições Municipais 2024";"06/10/2024";"M";"ES";"56057";"ALFREDO CHAVES";56057;"ALFREDO CHAVES";12;40;13;"Vereador";10321;"DIVAL LUIZ PAGANINI";1;1236;80001966354;"SALÃO PAROQUIAL DA IGREJA DE NOSSA SENHORA DA CONCEIÇÃO";"AV. GETULIO VARGAS, 545"
"28/10/2024";"11:46:22";2024;2;"Eleição Ordinária";1;619;"Eleições Municipais 2024";"06/10/2024";"M";"ES";"56057";"ALFREDO CHAVES";56057;"ALFREDO CHAVES";12;25;13;"Vereador";22122;"SILVIA FOLGER BERNABÉ";1;1155;80002230756;"EMEF FELIPE MODOLO";"R. PRINCIPAL, S/ N"
"28/10/2024";"11:46:22";2024;2;"Eleição Ordinária";1;619;"Eleições Municipais 2024";"06/10/2024";"M";"ES";"56057";"ALFREDO CHAVES";56057;"ALFREDO CHAVES";12;10;11;"Prefeito";11;"HUGO LUIZ PICOLI MENEGHEL";112;1040;80002104371;"EEEF DE CRUBIXÁ";"R. PRINCIPAL, S/ Nº"
"28/10/2024";"11:46:22";2024;2;"Eleição Ordinária";1;619;"Eleições Municipais 2024";"06/10/2024";"M";"ES";"56057";"ALFREDO CHAVES";56057;"ALFREDO CHAVES";12;8;11;"Prefeito";11;"HUGO LUIZ PICOLI MENEGHEL";111;1023;80002104371;"EEEFM CAMILA MOTA";"R. NELSON DA COSTA MELLO, S/ N"
"28/10/2024";"11:46:22";2024;2;"Eleição Ordinária";1;619;"Eleições Municipais 2024";"06/10/2024";"M";"ES";"56057";"ALFREDO CHAVES";56057;"ALFREDO CHAVES";12;35;13;"Vereador";11234;"MIGUEL ANTONIO MARTINS CLEN";6;1171;80001982777;"EEEFM CAMILA MOTA";"R. NELSON DA COSTA MELLO, S/ N"
"28/10/2024";"11:46:22";2024;2;"Eleição Ordinária";1;619;"Eleições Municipais 2024";"06/10/2024";"M";"ES";"56057";"ALFREDO CHAVES";56057;"ALFREDO CHAVES";12;22;11;"Prefeito";11;"HUGO LUIZ PICOLI MENEGHEL";182;1139;80002104371;"EMEF SAGRADA FAMÍLIA";"R. PRINCIPAL, S/ N"
"28/10/2024";"11:46:22";2024;2;"Eleição Ordinária";1;619;"Eleições Municipais 2024";"06/10/2024";"M";"ES";"56057";"ALFREDO CHAVES";56057;"ALFREDO CHAVES";12;38;13;"Vereador";22123;"CRISTIANO GRILLO";2;1244;80002230753;"CRECHE PEQUERRUCHOS";"RUA ANTÔNIO CLAUDIO GAIGHER, 19"
"28/10/2024";"11:46:22";2024;2;"Eleição Ordinária";1;619;"Eleições Municipais 2024";"06/10/2024";"M";"ES";"56057";"ALFREDO CHAVES";56057;"ALFREDO CHAVES";12;8;13;"Vereador";55456;"JOAO ENDRINGER JUNIOR";2;1023;80001947335;"EEEFM CAMILA MOTA";"R. NELSON DA COSTA MELLO, S/ N"
"28/10/2024";"11:46:22";2024;2;"Eleição Ordinária";1;619;"Eleições Municipais 2024";"06/10/2024";"M";"ES";"56057";"ALFREDO CHAVES";56057;"ALFREDO CHAVES";12;40;13;"Vereador";20123;"ARMANDO ZANATA INGLE RIBEIRO";18;1236;80001947278;"SALÃO PAROQUIAL DA IGREJA DE NOSSA SENHORA DA CONCEIÇÃO";"AV. GETULIO VARGAS, 545"
"28/10/2024";"11:46:22";2024;2;"Eleição Ordinária";1;619;"Eleições Municipais 2024";"06/10/2024";"M";"ES";"56057";"ALFREDO CHAVES";56057;"ALFREDO CHAVES";12;15;13;"Vereador";20123;"ARMANDO ZANATA INGLE RIBEIRO";7;1074;80001947278;"SALÃO DA IGREJA DE SÃO MARTINHO";"R. PRINCIPAL, S/ N"
"28/10/2024";"11:46:22";2024;2;"Eleição Ordinária";1;619;"Eleições Municipais 2024";"06/10/2024";"M";"ES";"56057";"ALFREDO CHAVES";56057;"ALFREDO CHAVES";12;26;13;"Vereador";40111;"CHARLES GAIGHER";17;1163;80001947148;"EEUEF VILA NOVA DE MARAVILHA";"R. PRINCIPAL, S/ Nº"
"28/10/2024";"11:46:22";2024;2;"Eleição Ordinária";1;619;"Eleições Municipais 2024";"06/10/2024";"M";"ES";"56057";"ALFREDO CHAVES";56057;"ALFREDO CHAVES";12;23;11;"Prefeito";11;"HUGO LUIZ PICOLI MENEGHEL";165;1139;80002104371;"EMEF SAGRADA FAMÍLIA";"R. PRINCIPAL, S/ N"
"28/10/2024";"11:46:22";2024;2;"Eleição Ordinária";1;619;"Eleições Municipais 2024";"06/10/2024";"M";"ES";"56057";"ALFREDO CHAVES";56057;"ALFREDO CHAVES";12;8;13;"Vereador";22122;"SILVIA FOLGER BERNABÉ";5;1023;80002230756;"EEEFM CAMILA MOTA";"R. NELSON DA COSTA MELLO, S/ N"
"28/10/2024";"11:46:22";2024;2;"Eleição Ordinária";1;619;"Eleições Municipais 2024";"06/10/2024";"M";"ES";"56057";"ALFREDO CHAVES";56057;"ALFREDO CHAVES";12;22;13;"Vereador";22500;"LAUDEMIR CARLOS PEREIRA";2;1139;80002230758;"EMEF SAGRADA FAMÍLIA";"R. PRINCIPAL, S/ N"
"28/10/2024";"11:46:22";2024;2;"Eleição Ordinária";1;619;"Eleições Municipais 2024";"06/10/2024";"M";"ES";"56057";"ALFREDO CHAVES";56057;"ALFREDO CHAVES";12;33;13;"Vereador";20123;"ARMANDO ZANATA INGLE RIBEIRO";9;1171;80001947278;"EEEFM CAMILA MOTA";"R. NELSON DA COSTA MELLO, S/ N"
"28/10/2024";"11:46:22";2024;2;"Eleição Ordinária";1;619;"Eleições Municipais 2024";"06/10/2024";"M";"ES";"56057";"ALFREDO CHAVES";56057;"ALFREDO CHAVES";12;21;13;"Vereador";40111;"CHARLES GAIGHER";3;1120;80001947148;"EMUEF QUARTO TERRITÓRIO";"RUA PRINCIPAL, S/N"
"28/10/2024";"11:46:22";2024;2;"Eleição Ordinária";1;619;"Eleições Municipais 2024";"06/10/2024";"M";"ES";"56057";"ALFREDO CHAVES";56057;"ALFREDO CHAVES";12;22;13;"Vereador";40369;"MARIA AUGUSTA BUFFOLO";3;1139;80001947154;"EMEF SAGRADA FAMÍLIA";"R. PRINCIPAL, S/ N"
"28/10/2024";"11:46:22";2024;2;"Eleição Ordinária";1;619;"Eleições Municipais 2024";"06/10/2024";"M";"ES";"56057";"ALFREDO CHAVES";56057;"ALFREDO CHAVES";12;40;13;"Vereador";10366;"SELMA CONSOLADORA CASALI PILON";1;1236;80001966358;"SALÃO PAROQUIAL DA IGREJA DE NOSSA SENHORA DA CONCEIÇÃO";"AV. GETULIO VARGAS, 545"
"28/10/2024";"11:46:22";2024;2;"Eleição Ordinária";1;619;"Eleições Municipais 2024";"06/10/2024";"M";"ES";"56057";"ALFREDO CHAVES";56057;"ALFREDO CHAVES";12;15;13;"Vereador";10366;"SELMA CONSOLADORA CASALI PILON";12;1074;80001966358;"SALÃO DA IGREJA DE SÃO MARTINHO";"R. PRINCIPAL, S/ N"
"28/10/2024";"11:46:22";2024;2;"Eleição Ordinária";1;619;"Eleições Municipais 2024";"06/10/2024";"M";"ES";"56057";"ALFREDO CHAVES";56057;"ALFREDO CHAVES";12;7;13;"Vereador";40456;"SERAFINO ANTONIO SIMONI";1;1171;80001947157;"EEEFM CAMILA MOTA";"R. NELSON DA COSTA MELLO, S/ N"
"28/10/2024";"11:46:22";2024;2;"Eleição Ordinária";1;619;"Eleições Municipais 2024";"06/10/2024";"M";"ES";"56057";"ALFREDO CHAVES";56057;"ALFREDO CHAVES";12;6;13;"Vereador";45000;"WARLEI FERRARINI PESSALI";5;1023;80001982698;"EEEFM CAMILA MOTA";"R. NELSON DA COSTA MELLO, S/ N"
"28/10/2024";"11:46:22";2024;2;"Eleição Ordinária";1;619;"Eleições Municipais 2024";"06/10/2024";"M";"ES";"56057";"ALFREDO CHAVES";56057;"ALFREDO CHAVES";12;5;11;"Prefeito";96;"VOTO NULO";2;1015;-1;"EMEF ANA ARAÚJO";"R. EXPEDICIONARIO OSVALDO SAUDINO"
"28/10/2024";"11:46:22";2024;2;"Eleição Ordinária";1;619;"Eleições Municipais 2024";"06/10/2024";"M";"ES";"56057";"ALFREDO CHAVES";56057;"ALFREDO CHAVES";12;23;13;"Vereador";22040;"EDEVANILDE GORETI BREDA ALMEIDA";2;1139;80002230757;"EMEF SAGRADA FAMÍLIA";"R. PRINCIPAL, S/ N"
"28/10/2024";"11:46:22";2024;2;"Eleição Ordinária";1;619;"Eleições Municipais 2024";"06/10/2024";"M";"ES";"56057";"ALFREDO CHAVES";56057;"ALFREDO CHAVES";12;41;13;"Vereador";45123;"RAYANE TOMAZINI BRESSANELLI";3;1236;80001982695;"SALÃO PAROQUIAL DA IGREJA DE NOSSA SENHORA DA CONCEIÇÃO";"AV. GETULIO VARGAS, 545"
"28/10/2024";"11:46:22";2024;2;"Eleição Ordinária";1;619;"Eleições Municipais 2024";"06/10/2024";"M";"ES";"56057";"ALFREDO CHAVES";56057;"ALFREDO CHAVES";12;34;13;"Vereador";22111;"FABIO DAMASCENO GALVAO";4;1171;80002230754;"EEEFM CAMILA MOTA";"R. NELSON DA COSTA MELLO, S/ N"
"28/10/2024";"11:46:22";2024;2;"Eleição Ordinária";1;619;"Eleições Municipais 2024";"06/10/2024";"M";"ES";"56057";"ALFREDO CHAVES";56057;"ALFREDO CHAVES";12;85;13;"Vereador";45100;"WELLINGTON MORAES DE AGUIAR";4;1244;80001982697;"CRECHE PEQUERRUCHOS";"RUA ANTÔNIO CLAUDIO GAIGHER, 19"
"28/10/2024";"11:46:22";2024;2;"Eleição Ordinária";1;619;"Eleições Municipais 2024";"06/10/2024";"M";"ES";"56057";"ALFREDO CHAVES";56057;"ALFREDO CHAVES";12;1;13;"Vereador";40999;"EMILIA DAS GRAÇAS ALVES PADILHA DOMINGUES";2;1015;80001947155;"EMEF ANA ARAÚJO";"R. EXPEDICIONARIO OSVALDO SAUDINO"
"28/10/2024";"11:46:22";2024;2;"Eleição Ordinária";1;619;"Eleições Municipais 2024";"06/10/2024";"M";"ES";"56057";"ALFREDO CHAVES";56057;"ALFREDO CHAVES";12;27;13;"Vereador";45123;"RAYANE TOMAZINI BRESSANELLI";1;1171;80001982695;"EEEFM CAMILA MOTA";"R. NELSON DA COSTA MELLO, S/ N"
"28/10/2024";"11:46:22";2024;2;"Eleição Ordinária";1;619;"Eleições Municipais 2024";"06/10/2024";"M";"ES";"56057";"ALFREDO CHAVES";56057;"ALFREDO CHAVES";12;4;13;"Vereador";95;"VOTO BRANCO";4;1015;-1;"EMEF ANA ARAÚJO";"R. EXPEDICIONARIO OSVALDO SAUDINO"
"28/10/2024";"11:46:22";2024;2;"Eleição Ordinária";1;619;"Eleições Municipais 2024";"06/10/2024";"M";"ES";"56057";"ALFREDO CHAVES";56057;"ALFREDO CHAVES";12;33;13;"Vereador";45555;"MARCIA FRANCISCO";3;1171;80001982694;"EEEFM CAMILA MOTA";"R. NELSON DA COSTA MELLO, S/ N"
"28/10/2024";"11:46:22";2024;2;"Eleição Ordinária";1;619;"Eleições Municipais 2024";"06/10/2024";"M";"ES";"56057";"ALFREDO CHAVES";56057;"ALFREDO CHAVES";12;29;13;"Vereador";10123;"ALEFY JUNIOR CLAUDIO SIMOES";15;1147;80001966351;"SALÃO COMUNITÁRIO DE SÃO BENTO DE URÂNIA";"R. PRINCIPAL, S/ N"
"28/10/2024";"11:46:22";2024;2;"Eleição Ordinária";1;619;"Eleições Municipais 2024";"06/10/2024";"M";"ES";"56057";"ALFREDO CHAVES";56057;"ALFREDO CHAVES";12;33;13;"Vereador";10123;"ALEFY JUNIOR CLAUDIO SIMOES";6;1171;80001966351;"EEEFM CAMILA MOTA";"R. NELSON DA COSTA MELLO, S/ N"
"28/10/2024";"11:46:22";2024;2;"Eleição Ordinária";1;619;"Eleições Municipais 2024";"06/10/2024";"M";"ES";"56057";"ALFREDO CHAVES";56057;"ALFREDO CHAVES";12;13;13;"Vereador";45555;"MARCIA FRANCISCO";1;1058;80001982694;"EMEF ENGANO";"R. PRINCIPAL, S/N"
"28/10/2024";"11:46:22";2024;2;"Eleição Ordinária";1;619;"Eleições Municipais 2024";"06/10/2024";"M";"ES";"56057";"ALFREDO CHAVES";56057;"ALFREDO CHAVES";12;26;13;"Vereador";10000;"JANDIR GRATIERI";1;1163;80001966356;"EEUEF VILA NOVA DE MARAVILHA";"R. PRINCIPAL, S/ Nº"
"28/10/2024";"11:46:22";2024;2;"Eleição Ordinária";1;619;"Eleições Municipais 2024";"06/10/2024";"M";"ES";"56057";"ALFREDO CHAVES";56057;"ALFREDO CHAVES";12;20;13;"Vereador";10190;"ROMILDO DOMINGOS BORTOLUZZI";1;1112;80001966352;"SALÃO DA IGREJA CATÓLICA DE CACHOEIRA ALTA";"R. PRINCIPAL, S/ N"
"28/10/2024";"11:46:22";2024;2;"Eleição Ordinária";1;619;"Eleições Municipais 2024";"06/10/2024";"M";"ES";"56057";"ALFREDO CHAVES";56057;"ALFREDO CHAVES";12;13;13;"Vereador";10123;"ALEFY JUNIOR CLAUDIO SIMOES";5;1058;80001966351;"EMEF ENGANO";"R. PRINCIPAL, S/N"
"28/10/2024";"11:46:22";2024;2;"Eleição Ordinária";1;619;"Eleições Municipais 2024";"06/10/2024";"M";"ES";"56057";"ALFREDO CHAVES";56057;"ALFREDO CHAVES";12;13;13;"Vereador";10222;"JOSIMAR PIUMBINI";9;1058;80001966355;"EMEF ENGANO";"R. PRINCIPAL, S/N"
"28/10/2024";"11:46:22";2024;2;"Eleição Ordinária";1;619;"Eleições Municipais 2024";"06/10/2024";"M";"ES";"56057";"ALFREDO CHAVES";56057;"ALFREDO CHAVES";12;10;13;"Vereador";22040;"EDEVANILDE GORETI BREDA ALMEIDA";4;1040;80002230757;"EEEF DE CRUBIXÁ";"R. PRINCIPAL, S/ Nº"
"28/10/2024";"11:46:22";2024;2;"Eleição Ordinária";1;619;"Eleições Municipais 2024";"06/10/2024";"M";"ES";"56057";"ALFREDO CHAVES";56057;"ALFREDO CHAVES";12;38;13;"Vereador";11123;"RENAN DE JESUS BOLDRINI";2;1244;80001982781;"CRECHE PEQUERRUCHOS";"RUA ANTÔNIO CLAUDIO GAIGHER, 19"
"28/10/2024";"11:46:22";2024;2;"Eleição Ordinária";1;619;"Eleições Municipais 2024";"06/10/2024";"M";"ES";"56057";"ALFREDO CHAVES";56057;"ALFREDO CHAVES";12;7;13;"Vereador";40111;"CHARLES GAIGHER";3;1171;80001947148;"EEEFM CAMILA MOTA";"R. NELSON DA COSTA MELLO, S/ N"
"28/10/2024";"11:46:22";2024;2;"Eleição Ordinária";1;619;"Eleições Municipais 2024";"06/10/2024";"M";"ES";"56057";"ALFREDO CHAVES";56057;"ALFREDO CHAVES";12;2;13;"Vereador";11555;"HERMES LUIZ MARCHIORI ATHAIDES";12;1015;80001982779;"EMEF ANA ARAÚJO";"R. EXPEDICIONARIO OSVALDO SAUDINO"
"28/10/2024";"11:46:22";2024;2;"Eleição Ordinária";1;619;"Eleições Municipais 2024";"06/10/2024";"M";"ES";"56057";"ALFREDO CHAVES";56057;"ALFREDO CHAVES";12;31;13;"Vereador";11555;"HERMES LUIZ MARCHIORI ATHAIDES";14;1171;80001982779;"EEEFM CAMILA MOTA";"R. NELSON DA COSTA MELLO, S/ N"
"28/10/2024";"11:46:22";2024;2;"Eleição Ordinária";1;619;"Eleições Municipais 2024";"06/10/2024";"M";"ES";"56057";"ALFREDO CHAVES";56057;"ALFREDO CHAVES";12;7;11;"Prefeito";11;"HUGO LUIZ PICOLI MENEGHEL";138;1171;80002104371;"EEEFM CAMILA MOTA";"R. NELSON DA COSTA MELLO, S/ N"
"28/10/2024";"11:46:22";2024;2;"Eleição Ordinária";1;619;"Eleições Municipais 2024";"06/10/2024";"M";"ES";"56057";"ALFREDO CHAVES";56057;"ALFREDO CHAVES";12;96;13;"Vereador";40444;"ALAESSO LORENZON";21;1147;80001947150;"SALÃO COMUNITÁRIO DE SÃO BENTO DE URÂNIA";"R. PRINCIPAL, S/ N"
"28/10/2024";"11:46:22";2024;2;"Eleição Ordinária";1;619;"Eleições Municipais 2024";"06/10/2024";"M";"ES";"56057";"ALFREDO CHAVES";56057;"ALFREDO CHAVES";12;35;11;"Prefeito";11;"HUGO LUIZ PICOLI MENEGHEL";131;1171;80002104371;"EEEFM CAMILA MOTA";"R. NELSON DA COSTA MELLO, S/ N"
"28/10/2024";"11:46:22";2024;2;"Eleição Ordinária";1;619;"Eleições Municipais 2024";"06/10/2024";"M";"ES";"56057";"ALFREDO CHAVES";56057;"ALFREDO CHAVES";12;96;11;"Prefeito";22;"LUIZ CLAUDIO BOLDRINI";4;1147;80002271252;"SALÃO COMUNITÁRIO DE SÃO BENTO DE URÂNIA";"R. PRINCIPAL, S/ N"
"28/10/2024";"11:46:22";2024;2;"Eleição Ordinária";1;619;"Eleições Municipais 2024";"06/10/2024";"M";"ES";"56057";"ALFREDO CHAVES";56057;"ALFREDO CHAVES";12;11;13;"Vereador";55333;"BERENICE DA PENHA GALVAO PEREIRA";5;1040;80001947339;"EEEF DE CRUBIXÁ";"R. PRINCIPAL, S/ Nº"
"28/10/2024";"11:46:22";2024;2;"Eleição Ordinária";1;619;"Eleições Municipais 2024";"06/10/2024";"M";"ES";"56057";"ALFREDO CHAVES";56057;"ALFREDO CHAVES";12;8;13;"Vereador";10111;"SILVANA RAMOS DA SILVA";4;1023;80001966353;"EEEFM CAMILA MOTA";"R. NELSON DA COSTA MELLO, S/ N"
"28/10/2024";"11:46:22";2024;2;"Eleição Ordinária";1;619;"Eleições Municipais 2024";"06/10/2024";"M";"ES";"56057";"ALFREDO CHAVES";56057;"ALFREDO CHAVES";12;4;13;"Vereador";22122;"SILVIA FOLGER BERNABÉ";1;1015;80002230756;"EMEF ANA ARAÚJO";"R. EXPEDICIONARIO OSVALDO SAUDINO"
"28/10/2024";"11:46:22";2024;2;"Eleição Ordinária";1;619;"Eleições Municipais 2024";"06/10/2024";"M";"ES";"56057";"ALFREDO CHAVES";56057;"ALFREDO CHAVES";12;8;13;"Vereador";20111;"RUBERCI FALCÃO";1;1023;80001947282;"EEEFM CAMILA MOTA";"R. NELSON DA COSTA MELLO, S/ N"
"28/10/2024";"11:46:22";2024;2;"Eleição Ordinária";1;619;"Eleições Municipais 2024";"06/10/2024";"M";"ES";"56057";"ALFREDO CHAVES";56057;"ALFREDO CHAVES";12;11;13;"Vereador";40444;"ALAESSO LORENZON";1;1040;80001947150;"EEEF DE CRUBIXÁ";"R. PRINCIPAL, S/ Nº"
"28/10/2024";"11:46:22";2024;2;"Eleição Ordinária";1;619;"Eleições Municipais 2024";"06/10/2024";"M";"ES";"56057";"ALFREDO CHAVES";56057;"ALFREDO CHAVES";12;14;13;"Vereador";55000;"JONAS NUNES SIMÕES";2;1066;80001947340;"SALÃO DA IGREJA CATÓLICA DE SÃO FRANCISCO DE BATATAL";"RUA PRINCIPAL, S/ N"
"28/10/2024";"11:46:22";2024;2;"Eleição Ordinária";1;619;"Eleições Municipais 2024";"06/10/2024";"M";"ES";"56057";"ALFREDO CHAVES";56057;"ALFREDO CHAVES";12;1;13;"Vereador";55000;"JONAS NUNES SIMÕES";6;1015;80001947340;"EMEF ANA ARAÚJO";"R. EXPEDICIONARIO OSVALDO SAUDINO"
"28/10/2024";"11:46:22";2024;2;"Eleição Ordinária";1;619;"Eleições Municipais 2024";"06/10/2024";"M";"ES";"56057";"ALFREDO CHAVES";56057;"ALFREDO CHAVES";12;12;13;"Vereador";55000;"JONAS NUNES SIMÕES";4;1058;80001947340;"EMEF ENGANO";"R. PRINCIPAL, S/N"
"28/10/2024";"11:46:22";2024;2;"Eleição Ordinária";1;619;"Eleições Municipais 2024";"06/10/2024";"M";"ES";"56057";"ALFREDO CHAVES";56057;"ALFREDO CHAVES";12;41;13;"Vereador";20678;"ADIMAR DE SOUZA MEDINA";1;1236;80001947277;"SALÃO PAROQUIAL DA IGREJA DE NOSSA SENHORA DA CONCEIÇÃO";"AV. GETULIO VARGAS, 545"
"28/10/2024";"11:46:22";2024;2;"Eleição Ordinária";1;619;"Eleições Municipais 2024";"06/10/2024";"M";"ES";"56057";"ALFREDO CHAVES";56057;"ALFREDO CHAVES";12;40;13;"Vereador";40444;"ALAESSO LORENZON";1;1236;80001947150;"SALÃO PAROQUIAL DA IGREJA DE NOSSA SENHORA DA CONCEIÇÃO";"AV. GETULIO VARGAS, 545"
"28/10/2024";"11:46:22";2024;2;"Eleição Ordinária";1;619;"Eleições Municipais 2024";"06/10/2024";"M";"ES";"56057";"ALFREDO CHAVES";56057;"ALFREDO CHAVES";12;37;13;"Vereador";95;"VOTO BRANCO";6;1228;-1;"CRECHE COMECINHO DE GENTE";"AV. DARCY DE PAULA GAIGHER, S/N"
"28/10/2024";"11:46:22";2024;2;"Eleição Ordinária";1;619;"Eleições Municipais 2024";"06/10/2024";"M";"ES";"56057";"ALFREDO CHAVES";56057;"ALFREDO CHAVES";12;2;13;"Vereador";40369;"MARIA AUGUSTA BUFFOLO";1;1015;80001947154;"EMEF ANA ARAÚJO";"R. EXPEDICIONARIO OSVALDO SAUDINO"
"28/10/2024";"11:46:22";2024;2;"Eleição Ordinária";1;619;"Eleições Municipais 2024";"06/10/2024";"M";"ES";"56057";"ALFREDO CHAVES";56057;"ALFREDO CHAVES";12;31;13;"Vereador";40369;"MARIA AUGUSTA BUFFOLO";2;1171;80001947154;"EEEFM CAMILA MOTA";"R. NELSON DA COSTA MELLO, S/ N"
"28/10/2024";"11:46:22";2024;2;"Eleição Ordinária";1;619;"Eleições Municipais 2024";"06/10/2024";"M";"ES";"56057";"ALFREDO CHAVES";56057;"ALFREDO CHAVES";12;18;13;"Vereador";11123;"RENAN DE JESUS BOLDRINI";94;1090;80001982781;"EMEF FELIPE MODOLO";"R. PRINCIPAL, S/ N"
"28/10/2024";"11:46:22";2024;2;"Eleição Ordinária";1;619;"Eleições Municipais 2024";"06/10/2024";"M";"ES";"56057";"ALFREDO CHAVES";56057;"ALFREDO CHAVES";12;6;13;"Vereador";45100;"WELLINGTON MORAES DE AGUIAR";1;1023;80001982697;"EEEFM CAMILA MOTA";"R. NELSON DA COSTA MELLO, S/ N"
"28/10/2024";"11:46:22";2024;2;"Eleição Ordinária";1;619;"Eleições Municipais 2024";"06/10/2024";"M";"ES";"56057";"ALFREDO CHAVES";56057;"ALFREDO CHAVES";12;6;13;"Vereador";45777;"GUILHERME CARLOS CETTO VITOR";3;1023;80001982699;"EEEFM CAMILA MOTA";"R. NELSON DA COSTA MELLO, S/ N"
"28/10/2024";"11:46:22";2024;2;"Eleição Ordinária";1;619;"Eleições Municipais 2024";"06/10/2024";"M";"ES";"56057";"ALFREDO CHAVES";56057;"ALFREDO CHAVES";12;41;13;"Vereador";22000;"ANDRÉ ALMONFREY ORLANDI";4;1236;80002230761;"SALÃO PAROQUIAL DA IGREJA DE NOSSA SENHORA DA CONCEIÇÃO";"AV. GETULIO VARGAS, 545"
"28/10/2024";"11:46:22";2024;2;"Eleição Ordinária";1;619;"Eleições Municipais 2024";"06/10/2024";"M";"ES";"56057";"ALFREDO CHAVES";56057;"ALFREDO CHAVES";12;22;13;"Vereador";40111;"CHARLES GAIGHER";8;1139;80001947148;"EMEF SAGRADA FAMÍLIA";"R. PRINCIPAL, S/ N"
"28/10/2024";"11:46:22";2024;2;"Eleição Ordinária";1;619;"Eleições Municipais 2024";"06/10/2024";"M";"ES";"56057";"ALFREDO CHAVES";56057;"ALFREDO CHAVES";12;6;13;"Vereador";22200;"LUCAS ANTÔNIO MARCHESI";3;1023;80002230762;"EEEFM CAMILA MOTA";"R. NELSON DA COSTA MELLO, S/ N"
"28/10/2024";"11:46:22";2024;2;"Eleição Ordinária";1;619;"Eleições Municipais 2024";"06/10/2024";"M";"ES";"56057";"ALFREDO CHAVES";56057;"ALFREDO CHAVES";12;22;13;"Vereador";20190;"MARCELO CRISTIANO CARDOSO FARIA";5;1139;80001947286;"EMEF SAGRADA FAMÍLIA";"R. PRINCIPAL, S/ N"
"28/10/2024";"11:46:22";2024;2;"Eleição Ordinária";1;619;"Eleições Municipais 2024";"06/10/2024";"M";"ES";"56057";"ALFREDO CHAVES";56057;"ALFREDO CHAVES";12;39;13;"Vereador";45123;"RAYANE TOMAZINI BRESSANELLI";5;1244;80001982695;"CRECHE PEQUERRUCHOS";"RUA ANTÔNIO CLAUDIO GAIGHER, 19"
"28/10/2024";"11:46:22";2024;2;"Eleição Ordinária";1;619;"Eleições Municipais 2024";"06/10/2024";"M";"ES";"56057";"ALFREDO CHAVES";56057;"ALFREDO CHAVES";12;5;13;"Vereador";10789;"LUIS ALBERTO BIANCHI";6;1015;80001966357;"EMEF ANA ARAÚJO";"R. EXPEDICIONARIO OSVALDO SAUDINO"
"28/10/2024";"11:46:22";2024;2;"Eleição Ordinária";1;619;"Eleições Municipais 2024";"06/10/2024";"M";"ES";"56057";"ALFREDO CHAVES";56057;"ALFREDO CHAVES";12;26;13;"Vereador";40321;"GILSON LUIZ BELLON";2;1163;80001947151;"EEUEF VILA NOVA DE MARAVILHA";"R. PRINCIPAL, S/ Nº"
"28/10/2024";"11:46:22";2024;2;"Eleição Ordinária";1;619;"Eleições Municipais 2024";"06/10/2024";"M";"ES";"56057";"ALFREDO CHAVES";56057;"ALFREDO CHAVES";12;1;13;"Vereador";45100;"WELLINGTON MORAES DE AGUIAR";1;1015;80001982697;"EMEF ANA ARAÚJO";"R. EXPEDICIONARIO OSVALDO SAUDINO"
"28/10/2024";"11:46:22";2024;2;"Eleição Ordinária";1;619;"Eleições Municipais 2024";"06/10/2024";"M";"ES";"56057";"ALFREDO CHAVES";56057;"ALFREDO CHAVES";12;33;13;"Vereador";45513;"DEVANITO GOMES TEIXEIRA";1;1171;80001982691;"EEEFM CAMILA MOTA";"R. NELSON DA COSTA MELLO, S/ N"
"28/10/2024";"11:46:22";2024;2;"Eleição Ordinária";1;619;"Eleições Municipais 2024";"06/10/2024";"M";"ES";"56057";"ALFREDO CHAVES";56057;"ALFREDO CHAVES";12;24;13;"Vereador";40123;"CELIA MARIA STEIN BUBACH";1;1147;80001947153;"SALÃO COMUNITÁRIO DE SÃO BENTO DE URÂNIA";"R. PRINCIPAL, S/ N"
"28/10/2024";"11:46:22";2024;2;"Eleição Ordinária";1;619;"Eleições Municipais 2024";"06/10/2024";"M";"ES";"56057";"ALFREDO CHAVES";56057;"ALFREDO CHAVES";12;34;13;"Vereador";11555;"HERMES LUIZ MARCHIORI ATHAIDES";11;1171;80001982779;"EEEFM CAMILA MOTA";"R. NELSON DA COSTA MELLO, S/ N"
"28/10/2024";"11:46:22";2024;2;"Eleição Ordinária";1;619;"Eleições Municipais 2024";"06/10/2024";"M";"ES";"56057";"ALFREDO CHAVES";56057;"ALFREDO CHAVES";12;37;13;"Vereador";10101;"NAMARA NAZARIA DE PAULA PASSOS SILVA";5;1228;80001966359;"CRECHE COMECINHO DE GENTE";"AV. DARCY DE PAULA GAIGHER, S/N"
"28/10/2024";"11:46:22";2024;2;"Eleição Ordinária";1;619;"Eleições Municipais 2024";"06/10/2024";"M";"ES";"56057";"ALFREDO CHAVES";56057;"ALFREDO CHAVES";12;9;13;"Vereador";20123;"ARMANDO ZANATA INGLE RIBEIRO";16;1031;80001947278;"EMEF FAZENDA APARECIDA";"R. PRINCIPAL, S/ Nº"
"28/10/2024";"11:46:22";2024;2;"Eleição Ordinária";1;619;"Eleições Municipais 2024";"06/10/2024";"M";"ES";"56057";"ALFREDO CHAVES";56057;"ALFREDO CHAVES";12;25;11;"Prefeito";96;"VOTO NULO";2;1155;-1;"EMEF FELIPE MODOLO";"R. PRINCIPAL, S/ N"
"28/10/2024";"11:46:22";2024;2;"Eleição Ordinária";1;619;"Eleições Municipais 2024";"06/10/2024";"M";"ES";"56057";"ALFREDO CHAVES";56057;"ALFREDO CHAVES";12;6;11;"Prefeito";22;"LUIZ CLAUDIO BOLDRINI";21;1023;80002271252;"EEEFM CAMILA MOTA";"R. NELSON DA COSTA MELLO, S/ N"
"28/10/2024";"11:46:22";2024;2;"Eleição Ordinária";1;619;"Eleições Municipais 2024";"06/10/2024";"M";"ES";"56057";"ALFREDO CHAVES";56057;"ALFREDO CHAVES";12;16;13;"Vereador";55555;"ADILSON JOSE ROVETA";1;1082;80001947332;"PRÉDIO DA ANTIGA ESCOLA ALMERINDA BRUNORO";"R. PRINCIPAL, S/ N"
"28/10/2024";"11:46:22";2024;2;"Eleição Ordinária";1;619;"Eleições Municipais 2024";"06/10/2024";"M";"ES";"56057";"ALFREDO CHAVES";56057;"ALFREDO CHAVES";12;41;13;"Vereador";11111;"JONACIR JOSE DENADAI";3;1236;80001982774;"SALÃO PAROQUIAL DA IGREJA DE NOSSA SENHORA DA CONCEIÇÃO";"AV. GETULIO VARGAS, 545"
"28/10/2024";"11:46:22";2024;2;"Eleição Ordinária";1;619;"Eleições Municipais 2024";"06/10/2024";"M";"ES";"56057";"ALFREDO CHAVES";56057;"ALFREDO CHAVES";12;41;13;"Vereador";45555;"MARCIA FRANCISCO";5;1236;80001982694;"SALÃO PAROQUIAL DA IGREJA DE NOSSA SENHORA DA CONCEIÇÃO";"AV. GETULIO VARGAS, 545"
"28/10/2024";"11:46:22";2024;2;"Eleição Ordinária";1;619;"Eleições Municipais 2024";"06/10/2024";"M";"ES";"56057";"ALFREDO CHAVES";56057;"ALFREDO CHAVES";12;41;13;"Vereador";10123;"ALEFY JUNIOR CLAUDIO SIMOES";9;1236;80001966351;"SALÃO PAROQUIAL DA IGREJA DE NOSSA SENHORA DA CONCEIÇÃO";"AV. GETULIO VARGAS, 545"
"28/10/2024";"11:46:22";2024;2;"Eleição Ordinária";1;619;"Eleições Municipais 2024";"06/10/2024";"M";"ES";"56057";"ALFREDO CHAVES";56057;"ALFREDO CHAVES";12;33;13;"Vereador";11100;"TAIS LIMA TEIXEIRA ULIANA";4;1171;80001982780;"EEEFM CAMILA MOTA";"R. NELSON DA COSTA MELLO, S/ N"
"28/10/2024";"11:46:22";2024;2;"Eleição Ordinária";1;619;"Eleições Municipais 2024";"06/10/2024";"M";"ES";"56057";"ALFREDO CHAVES";56057;"ALFREDO CHAVES";12;4;13;"Vereador";55444;"ODAIR AUGUSTO BASSO";6;1015;80001947333;"EMEF ANA ARAÚJO";"R. EXPEDICIONARIO OSVALDO SAUDINO"
"28/10/2024";"11:46:22";2024;2;"Eleição Ordinária";1;619;"Eleições Municipais 2024";"06/10/2024";"M";"ES";"56057";"ALFREDO CHAVES";56057;"ALFREDO CHAVES";12;27;13;"Vereador";20555;"VERA LUCIA BONA";5;1171;80001947283;"EEEFM CAMILA MOTA";"R. NELSON DA COSTA MELLO, S/ N"
"28/10/2024";"11:46:22";2024;2;"Eleição Ordinária";1;619;"Eleições Municipais 2024";"06/10/2024";"M";"ES";"56057";"ALFREDO CHAVES";56057;"ALFREDO CHAVES";12;5;13;"Vereador";45666;"SERGIO BIANCHI";2;1015;80001982693;"EMEF ANA ARAÚJO";"R. EXPEDICIONARIO OSVALDO SAUDINO"
"28/10/2024";"11:46:22";2024;2;"Eleição Ordinária";1;619;"Eleições Municipais 2024";"06/10/2024";"M";"ES";"56057";"ALFREDO CHAVES";56057;"ALFREDO CHAVES";12;5;13;"Vereador";55123;"WILIAN DE FREITAS DO ROSARIO";1;1015;80001947337;"EMEF ANA ARAÚJO";"R. EXPEDICIONARIO OSVALDO SAUDINO"
"28/10/2024";"11:46:22";2024;2;"Eleição Ordinária";1;619;"Eleições Municipais 2024";"06/10/2024";"M";"ES";"56057";"ALFREDO CHAVES";56057;"ALFREDO CHAVES";12;18;13;"Vereador";40444;"ALAESSO LORENZON";3;1090;80001947150;"EMEF FELIPE MODOLO";"R. PRINCIPAL, S/ N"
"28/10/2024";"11:46:22";2024;2;"Eleição Ordinária";1;619;"Eleições Municipais 2024";"06/10/2024";"M";"ES";"56057";"ALFREDO CHAVES";56057;"ALFREDO CHAVES";12;35;13;"Vereador";40444;"ALAESSO LORENZON";1;1171;80001947150;"EEEFM CAMILA MOTA";"R. NELSON DA COSTA MELLO, S/ N"
"28/10/2024";"11:46:22";2024;2;"Eleição Ordinária";1;619;"Eleições Municipais 2024";"06/10/2024";"M";"ES";"56057";"ALFREDO CHAVES";56057;"ALFREDO CHAVES";12;6;13;"Vereador";40369;"MARIA AUGUSTA BUFFOLO";5;1023;80001947154;"EEEFM CAMILA MOTA";"R. NELSON DA COSTA MELLO, S/ N"
"28/10/2024";"11:46:22";2024;2;"Eleição Ordinária";1;619;"Eleições Municipais 2024";"06/10/2024";"M";"ES";"56057";"ALFREDO CHAVES";56057;"ALFREDO CHAVES";12;28;13;"Vereador";22500;"LAUDEMIR CARLOS PEREIRA";1;1074;80002230758;"SALÃO DA IGREJA DE SÃO MARTINHO";"R. PRINCIPAL, S/ N"
"28/10/2024";"11:46:22";2024;2;"Eleição Ordinária";1;619;"Eleições Municipais 2024";"06/10/2024";"M";"ES";"56057";"ALFREDO CHAVES";56057;"ALFREDO CHAVES";12;23;13;"Vereador";20222;"IZABEL APARECIDA MORESCHI";6;1139;80001947281;"EMEF SAGRADA FAMÍLIA";"R. PRINCIPAL, S/ N"
"28/10/2024";"11:46:22";2024;2;"Eleição Ordinária";1;619;"Eleições Municipais 2024";"06/10/2024";"M";"ES";"56057";"ALFREDO CHAVES";56057;"ALFREDO CHAVES";12;10;13;"Vereador";11122;"ALONCIO QUINTINO FRANCO";16;1040;80001982778;"EEEF DE CRUBIXÁ";"R. PRINCIPAL, S/ Nº"
"28/10/2024";"11:46:22";2024;2;"Eleição Ordinária";1;619;"Eleições Municipais 2024";"06/10/2024";"M";"ES";"56057";"ALFREDO CHAVES";56057;"ALFREDO CHAVES";12;5;13;"Vereador";55152;"ARILDO ALVES";4;1015;80001947338;"EMEF ANA ARAÚJO";"R. EXPEDICIONARIO OSVALDO SAUDINO"
"28/10/2024";"11:46:22";2024;2;"Eleição Ordinária";1;619;"Eleições Municipais 2024";"06/10/2024";"M";"ES";"56057";"ALFREDO CHAVES";56057;"ALFREDO CHAVES";12;85;13;"Vereador";22500;"LAUDEMIR CARLOS PEREIRA";2;1244;80002230758;"CRECHE PEQUERRUCHOS";"RUA ANTÔNIO CLAUDIO GAIGHER, 19"
"28/10/2024";"11:46:22";2024;2;"Eleição Ordinária";1;619;"Eleições Municipais 2024";"06/10/2024";"M";"ES";"56057";"ALFREDO CHAVES";56057;"ALFREDO CHAVES";12;25;13;"Vereador";40456;"SERAFINO ANTONIO SIMONI";19;1155;80001947157;"EMEF FELIPE MODOLO";"R. PRINCIPAL, S/ N"
"28/10/2024";"11:46:22";2024;2;"Eleição Ordinária";1;619;"Eleições Municipais 2024";"06/10/2024";"M";"ES";"56057";"ALFREDO CHAVES";56057;"ALFREDO CHAVES";12;11;13;"Vereador";45789;"SOLANGE BRAGANCA TORRENTE";2;1040;80001982696;"EEEF DE CRUBIXÁ";"R. PRINCIPAL, S/ Nº"
"28/10/2024";"11:46:22";2024;2;"Eleição Ordinária";1;619;"Eleições Municipais 2024";"06/10/2024";"M";"ES";"56057";"ALFREDO CHAVES";56057;"ALFREDO CHAVES";12;13;13;"Vereador";22222;"LUCIANO DE JESUS SILVA";2;1058;80002230760;"EMEF ENGANO";"R. PRINCIPAL, S/N"
"28/10/2024";"11:46:22";2024;2;"Eleição Ordinária";1;619;"Eleições Municipais 2024";"06/10/2024";"M";"ES";"56057";"ALFREDO CHAVES";56057;"ALFREDO CHAVES";12;39;13;"Vereador";22111;"FABIO DAMASCENO GALVAO";8;1244;80002230754;"CRECHE PEQUERRUCHOS";"RUA ANTÔNIO CLAUDIO GAIGHER, 19"
"28/10/2024";"11:46:22";2024;2;"Eleição Ordinária";1;619;"Eleições Municipais 2024";"06/10/2024";"M";"ES";"56057";"ALFREDO CHAVES";56057;"ALFREDO CHAVES";12;40;13;"Vereador";45555;"MARCIA FRANCISCO";3;1236;80001982694;"SALÃO PAROQUIAL DA IGREJA DE NOSSA SENHORA DA CONCEIÇÃO";"AV. GETULIO VARGAS, 545"
"28/10/2024";"11:46:22";2024;2;"Eleição Ordinária";1;619;"Eleições Municipais 2024";"06/10/2024";"M";"ES";"56057";"ALFREDO CHAVES";56057;"ALFREDO CHAVES";12;15;13;"Vereador";45555;"MARCIA FRANCISCO";5;1074;80001982694;"SALÃO DA IGREJA DE SÃO MARTINHO";"R. PRINCIPAL, S/ N"
"28/10/2024";"11:46:22";2024;2;"Eleição Ordinária";1;619;"Eleições Municipais 2024";"06/10/2024";"M";"ES";"56057";"ALFREDO CHAVES";56057;"ALFREDO CHAVES";12;40;13;"Vereador";10123;"ALEFY JUNIOR CLAUDIO SIMOES";6;1236;80001966351;"SALÃO PAROQUIAL DA IGREJA DE NOSSA SENHORA DA CONCEIÇÃO";"AV. GETULIO VARGAS, 545"
"28/10/2024";"11:46:22";2024;2;"Eleição Ordinária";1;619;"Eleições Municipais 2024";"06/10/2024";"M";"ES";"56057";"ALFREDO CHAVES";56057;"ALFREDO CHAVES";12;15;13;"Vereador";10123;"ALEFY JUNIOR CLAUDIO SIMOES";4;1074;80001966351;"SALÃO DA IGREJA DE SÃO MARTINHO";"R. PRINCIPAL, S/ N"
"28/10/2024";"11:46:22";2024;2;"Eleição Ordinária";1;619;"Eleições Municipais 2024";"06/10/2024";"M";"ES";"56057";"ALFREDO CHAVES";56057;"ALFREDO CHAVES";12;40;13;"Vereador";10222;"JOSIMAR PIUMBINI";26;1236;80001966355;"SALÃO PAROQUIAL DA IGREJA DE NOSSA SENHORA DA CONCEIÇÃO";"AV. GETULIO VARGAS, 545"
"28/10/2024";"11:46:22";2024;2;"Eleição Ordinária";1;619;"Eleições Municipais 2024";"06/10/2024";"M";"ES";"56057";"ALFREDO CHAVES";56057;"ALFREDO CHAVES";12;15;13;"Vereador";10222;"JOSIMAR PIUMBINI";3;1074;80001966355;"SALÃO DA IGREJA DE SÃO MARTINHO";"R. PRINCIPAL, S/ N"
"28/10/2024";"11:46:22";2024;2;"Eleição Ordinária";1;619;"Eleições Municipais 2024";"06/10/2024";"M";"ES";"56057";"ALFREDO CHAVES";56057;"ALFREDO CHAVES";12;40;13;"Vereador";22111;"FABIO DAMASCENO GALVAO";2;1236;80002230754;"SALÃO PAROQUIAL DA IGREJA DE NOSSA SENHORA DA CONCEIÇÃO";"AV. GETULIO VARGAS, 545"
"28/10/2024";"11:46:22";2024;2;"Eleição Ordinária";1;619;"Eleições Municipais 2024";"06/10/2024";"M";"ES";"56057";"ALFREDO CHAVES";56057;"ALFREDO CHAVES";12;3;13;"Vereador";40444;"ALAESSO LORENZON";2;1015;80001947150;"EMEF ANA ARAÚJO";"R. EXPEDICIONARIO OSVALDO SAUDINO"
"28/10/2024";"11:46:22";2024;2;"Eleição Ordinária";1;619;"Eleições Municipais 2024";"06/10/2024";"M";"ES";"56057";"ALFREDO CHAVES";56057;"ALFREDO CHAVES";12;16;13;"Vereador";22122;"SILVIA FOLGER BERNABÉ";1;1082;80002230756;"PRÉDIO DA ANTIGA ESCOLA ALMERINDA BRUNORO";"R. PRINCIPAL, S/ N"
"28/10/2024";"11:46:22";2024;2;"Eleição Ordinária";1;619;"Eleições Municipais 2024";"06/10/2024";"M";"ES";"56057";"ALFREDO CHAVES";56057;"ALFREDO CHAVES";12;5;13;"Vereador";20111;"RUBERCI FALCÃO";2;1015;80001947282;"EMEF ANA ARAÚJO";"R. EXPEDICIONARIO OSVALDO SAUDINO"
"28/10/2024";"11:46:22";2024;2;"Eleição Ordinária";1;619;"Eleições Municipais 2024";"06/10/2024";"M";"ES";"56057";"ALFREDO CHAVES";56057;"ALFREDO CHAVES";12;4;13;"Vereador";40111;"CHARLES GAIGHER";7;1015;80001947148;"EMEF ANA ARAÚJO";"R. EXPEDICIONARIO OSVALDO SAUDINO"
"28/10/2024";"11:46:22";2024;2;"Eleição Ordinária";1;619;"Eleições Municipais 2024";"06/10/2024";"M";"ES";"56057";"ALFREDO CHAVES";56057;"ALFREDO CHAVES";12;26;13;"Vereador";55000;"JONAS NUNES SIMÕES";2;1163;80001947340;"EEUEF VILA NOVA DE MARAVILHA";"R. PRINCIPAL, S/ Nº"
"28/10/2024";"11:46:22";2024;2;"Eleição Ordinária";1;619;"Eleições Municipais 2024";"06/10/2024";"M";"ES";"56057";"ALFREDO CHAVES";56057;"ALFREDO CHAVES";12;18;13;"Vereador";40456;"SERAFINO ANTONIO SIMONI";1;1090;80001947157;"EMEF FELIPE MODOLO";"R. PRINCIPAL, S/ N"
"28/10/2024";"11:46:22";2024;2;"Eleição Ordinária";1;619;"Eleições Municipais 2024";"06/10/2024";"M";"ES";"56057";"ALFREDO CHAVES";56057;"ALFREDO CHAVES";12;24;13;"Vereador";22123;"CRISTIANO GRILLO";1;1147;80002230753;"SALÃO COMUNITÁRIO DE SÃO BENTO DE URÂNIA";"R. PRINCIPAL, S/ N"
"28/10/2024";"11:46:22";2024;2;"Eleição Ordinária";1;619;"Eleições Municipais 2024";"06/10/2024";"M";"ES";"56057";"ALFREDO CHAVES";56057;"ALFREDO CHAVES";12;4;13;"Vereador";40999;"EMILIA DAS GRAÇAS ALVES PADILHA DOMINGUES";1;1015;80001947155;"EMEF ANA ARAÚJO";"R. EXPEDICIONARIO OSVALDO SAUDINO"
"28/10/2024";"11:46:22";2024;2;"Eleição Ordinária";1;619;"Eleições Municipais 2024";"06/10/2024";"M";"ES";"56057";"ALFREDO CHAVES";56057;"ALFREDO CHAVES";12;10;13;"Vereador";20200;"REGINA PAULA RAUTA MARIANI";2;1040;80001947284;"EEEF DE CRUBIXÁ";"R. PRINCIPAL, S/ Nº"
"28/10/2024";"11:46:22";2024;2;"Eleição Ordinária";1;619;"Eleições Municipais 2024";"06/10/2024";"M";"ES";"56057";"ALFREDO CHAVES";56057;"ALFREDO CHAVES";12;40;13;"Vereador";45100;"WELLINGTON MORAES DE AGUIAR";1;1236;80001982697;"SALÃO PAROQUIAL DA IGREJA DE NOSSA SENHORA DA CONCEIÇÃO";"AV. GETULIO VARGAS, 545"
"28/10/2024";"11:46:22";2024;2;"Eleição Ordinária";1;619;"Eleições Municipais 2024";"06/10/2024";"M";"ES";"56057";"ALFREDO CHAVES";56057;"ALFREDO CHAVES";12;20;13;"Vereador";20777;"RENAUT AMERICO PIO";3;1112;80001947280;"SALÃO DA IGREJA CATÓLICA DE CACHOEIRA ALTA";"R. PRINCIPAL, S/ N"
"28/10/2024";"11:46:22";2024;2;"Eleição Ordinária";1;619;"Eleições Municipais 2024";"06/10/2024";"M";"ES";"56057";"ALFREDO CHAVES";56057;"ALFREDO CHAVES";12;13;13;"Vereador";40000;"NILTON CESAR BELMOK";13;1058;80001947152;"EMEF ENGANO";"R. PRINCIPAL, S/N"
"28/10/2024";"11:46:22";2024;2;"Eleição Ordinária";1;619;"Eleições Municipais 2024";"06/10/2024";"M";"ES";"56057";"ALFREDO CHAVES";56057;"ALFREDO CHAVES";12;7;13;"Vereador";22111;"FABIO DAMASCENO GALVAO";5;1171;80002230754;"EEEFM CAMILA MOTA";"R. NELSON DA COSTA MELLO, S/ N"
"28/10/2024";"11:46:22";2024;2;"Eleição Ordinária";1;619;"Eleições Municipais 2024";"06/10/2024";"M";"ES";"56057";"ALFREDO CHAVES";56057;"ALFREDO CHAVES";12;39;13;"Vereador";40369;"MARIA AUGUSTA BUFFOLO";5;1244;80001947154;"CRECHE PEQUERRUCHOS";"RUA ANTÔNIO CLAUDIO GAIGHER, 19"
"28/10/2024";"11:46:22";2024;2;"Eleição Ordinária";1;619;"Eleições Municipais 2024";"06/10/2024";"M";"ES";"56057";"ALFREDO CHAVES";56057;"ALFREDO CHAVES";12;13;13;"Vereador";40369;"MARIA AUGUSTA BUFFOLO";6;1058;80001947154;"EMEF ENGANO";"R. PRINCIPAL, S/N"
"28/10/2024";"11:46:22";2024;2;"Eleição Ordinária";1;619;"Eleições Municipais 2024";"06/10/2024";"M";"ES";"56057";"ALFREDO CHAVES";56057;"ALFREDO CHAVES";12;33;13;"Vereador";20111;"RUBERCI FALCÃO";5;1171;80001947282;"EEEFM CAMILA MOTA";"R. NELSON DA COSTA MELLO, S/ N"
"28/10/2024";"11:46:22";2024;2;"Eleição Ordinária";1;619;"Eleições Municipais 2024";"06/10/2024";"M";"ES";"56057";"ALFREDO CHAVES";56057;"ALFREDO CHAVES";12;20;13;"Vereador";11234;"MIGUEL ANTONIO MARTINS CLEN";3;1112;80001982777;"SALÃO DA IGREJA CATÓLICA DE CACHOEIRA ALTA";"R. PRINCIPAL, S/ N"
"28/10/2024";"11:46:22";2024;2;"Eleição Ordinária";1;619;"Eleições Municipais 2024";"06/10/2024";"M";"ES";"56057";"ALFREDO CHAVES";56057;"ALFREDO CHAVES";12;35;13;"Vereador";10222;"JOSIMAR PIUMBINI";14;1171;80001966355;"EEEFM CAMILA MOTA";"R. NELSON DA COSTA MELLO, S/ N"
"28/10/2024";"11:46:22";2024;2;"Eleição Ordinária";1;619;"Eleições Municipais 2024";"06/10/2024";"M";"ES";"56057";"ALFREDO CHAVES";56057;"ALFREDO CHAVES";12;41;13;"Vereador";11100;"TAIS LIMA TEIXEIRA ULIANA";6;1236;80001982780;"SALÃO PAROQUIAL DA IGREJA DE NOSSA SENHORA DA CONCEIÇÃO";"AV. GETULIO VARGAS, 545"
"28/10/2024";"11:46:22";2024;2;"Eleição Ordinária";1;619;"Eleições Municipais 2024";"06/10/2024";"M";"ES";"56057";"ALFREDO CHAVES";56057;"ALFREDO CHAVES";12;39;11;"Prefeito";95;"VOTO BRANCO";2;1244;-1;"CRECHE PEQUERRUCHOS";"RUA ANTÔNIO CLAUDIO GAIGHER, 19"
"28/10/2024";"11:46:22";2024;2;"Eleição Ordinária";1;619;"Eleições Municipais 2024";"06/10/2024";"M";"ES";"56057";"ALFREDO CHAVES";56057;"ALFREDO CHAVES";12;30;11;"Prefeito";96;"VOTO NULO";4;1171;-1;"EEEFM CAMILA MOTA";"R. NELSON DA COSTA MELLO, S/ N"
"28/10/2024";"11:46:22";2024;2;"Eleição Ordinária";1;619;"Eleições Municipais 2024";"06/10/2024";"M";"ES";"56057";"ALFREDO CHAVES";56057;"ALFREDO CHAVES";12;35;13;"Vereador";20777;"RENAUT AMERICO PIO";6;1171;80001947280;"EEEFM CAMILA MOTA";"R. NELSON DA COSTA MELLO, S/ N"
"28/10/2024";"11:46:22";2024;2;"Eleição Ordinária";1;619;"Eleições Municipais 2024";"06/10/2024";"M";"ES";"56057";"ALFREDO CHAVES";56057;"ALFREDO CHAVES";12;34;13;"Vereador";45123;"RAYANE TOMAZINI BRESSANELLI";1;1171;80001982695;"EEEFM CAMILA MOTA";"R. NELSON DA COSTA MELLO, S/ N"
"28/10/2024";"11:46:22";2024;2;"Eleição Ordinária";1;619;"Eleições Municipais 2024";"06/10/2024";"M";"ES";"56057";"ALFREDO CHAVES";56057;"ALFREDO CHAVES";12;19;13;"Vereador";45123;"RAYANE TOMAZINI BRESSANELLI";1;1104;80001982695;"SALÃO COMUNITÁRIO DE NOVA ESTRELA";"R. PRINCIPAL, S/ N"
"28/10/2024";"11:46:22";2024;2;"Eleição Ordinária";1;619;"Eleições Municipais 2024";"06/10/2024";"M";"ES";"56057";"ALFREDO CHAVES";56057;"ALFREDO CHAVES";12;11;13;"Vereador";45555;"MARCIA FRANCISCO";1;1040;80001982694;"EEEF DE CRUBIXÁ";"R. PRINCIPAL, S/ Nº"
"28/10/2024";"11:46:22";2024;2;"Eleição Ordinária";1;619;"Eleições Municipais 2024";"06/10/2024";"M";"ES";"56057";"ALFREDO CHAVES";56057;"ALFREDO CHAVES";12;11;13;"Vereador";10123;"ALEFY JUNIOR CLAUDIO SIMOES";7;1040;80001966351;"EEEF DE CRUBIXÁ";"R. PRINCIPAL, S/ Nº"
"28/10/2024";"11:46:22";2024;2;"Eleição Ordinária";1;619;"Eleições Municipais 2024";"06/10/2024";"M";"ES";"56057";"ALFREDO CHAVES";56057;"ALFREDO CHAVES";12;11;13;"Vereador";10222;"JOSIMAR PIUMBINI";19;1040;80001966355;"EEEF DE CRUBIXÁ";"R. PRINCIPAL, S/ Nº"
"28/10/2024";"11:46:22";2024;2;"Eleição Ordinária";1;619;"Eleições Municipais 2024";"06/10/2024";"M";"ES";"56057";"ALFREDO CHAVES";56057;"ALFREDO CHAVES";12;35;13;"Vereador";95;"VOTO BRANCO";6;1171;-1;"EEEFM CAMILA MOTA";"R. NELSON DA COSTA MELLO, S/ N"
"28/10/2024";"11:46:22";2024;2;"Eleição Ordinária";1;619;"Eleições Municipais 2024";"06/10/2024";"M";"ES";"56057";"ALFREDO CHAVES";56057;"ALFREDO CHAVES";12;34;13;"Vereador";20555;"VERA LUCIA BONA";2;1171;80001947283;"EEEFM CAMILA MOTA";"R. NELSON DA COSTA MELLO, S/ N"
"28/10/2024";"11:46:22";2024;2;"Eleição Ordinária";1;619;"Eleições Municipais 2024";"06/10/2024";"M";"ES";"56057";"ALFREDO CHAVES";56057;"ALFREDO CHAVES";12;30;13;"Vereador";55000;"JONAS NUNES SIMÕES";10;1171;80001947340;"EEEFM CAMILA MOTA";"R. NELSON DA COSTA MELLO, S/ N"
"28/10/2024";"11:46:22";2024;2;"Eleição Ordinária";1;619;"Eleições Municipais 2024";"06/10/2024";"M";"ES";"56057";"ALFREDO CHAVES";56057;"ALFREDO CHAVES";12;18;13;"Vereador";10222;"JOSIMAR PIUMBINI";5;1090;80001966355;"EMEF FELIPE MODOLO";"R. PRINCIPAL, S/ N"
"28/10/2024";"11:46:22";2024;2;"Eleição Ordinária";1;619;"Eleições Municipais 2024";"06/10/2024";"M";"ES";"56057";"ALFREDO CHAVES";56057;"ALFREDO CHAVES";12;4;13;"Vereador";22500;"LAUDEMIR CARLOS PEREIRA";4;1015;80002230758;"EMEF ANA ARAÚJO";"R. EXPEDICIONARIO OSVALDO SAUDINO"
"28/10/2024";"11:46:22";2024;2;"Eleição Ordinária";1;619;"Eleições Municipais 2024";"06/10/2024";"M";"ES";"56057";"ALFREDO CHAVES";56057;"ALFREDO CHAVES";12;12;13;"Vereador";40321;"GILSON LUIZ BELLON";1;1058;80001947151;"EMEF ENGANO";"R. PRINCIPAL, S/N"
"28/10/2024";"11:46:22";2024;2;"Eleição Ordinária";1;619;"Eleições Municipais 2024";"06/10/2024";"M";"ES";"56057";"ALFREDO CHAVES";56057;"ALFREDO CHAVES";12;22;11;"Prefeito";22;"LUIZ CLAUDIO BOLDRINI";21;1139;80002271252;"EMEF SAGRADA FAMÍLIA";"R. PRINCIPAL, S/ N"
"28/10/2024";"11:46:22";2024;2;"Eleição Ordinária";1;619;"Eleições Municipais 2024";"06/10/2024";"M";"ES";"56057";"ALFREDO CHAVES";56057;"ALFREDO CHAVES";12;35;13;"Vereador";22500;"LAUDEMIR CARLOS PEREIRA";2;1171;80002230758;"EEEFM CAMILA MOTA";"R. NELSON DA COSTA MELLO, S/ N"
"28/10/2024";"11:46:22";2024;2;"Eleição Ordinária";1;619;"Eleições Municipais 2024";"06/10/2024";"M";"ES";"56057";"ALFREDO CHAVES";56057;"ALFREDO CHAVES";12;25;13;"Vereador";11000;"FRANCISCO DE ASSIS JOSE DOS SANTOS";1;1155;80001982776;"EMEF FELIPE MODOLO";"R. PRINCIPAL, S/ N"
"28/10/2024";"11:46:22";2024;2;"Eleição Ordinária";1;619;"Eleições Municipais 2024";"06/10/2024";"M";"ES";"56057";"ALFREDO CHAVES";56057;"ALFREDO CHAVES";12;11;13;"Vereador";55555;"ADILSON JOSE ROVETA";3;1040;80001947332;"EEEF DE CRUBIXÁ";"R. PRINCIPAL, S/ Nº"
"28/10/2024";"11:46:22";2024;2;"Eleição Ordinária";1;619;"Eleições Municipais 2024";"06/10/2024";"M";"ES";"56057";"ALFREDO CHAVES";56057;"ALFREDO CHAVES";12;20;13;"Vereador";22222;"LUCIANO DE JESUS SILVA";1;1112;80002230760;"SALÃO DA IGREJA CATÓLICA DE CACHOEIRA ALTA";"R. PRINCIPAL, S/ N"
"28/10/2024";"11:46:22";2024;2;"Eleição Ordinária";1;619;"Eleições Municipais 2024";"06/10/2024";"M";"ES";"56057";"ALFREDO CHAVES";56057;"ALFREDO CHAVES";12;9;13;"Vereador";55123;"WILIAN DE FREITAS DO ROSARIO";1;1031;80001947337;"EMEF FAZENDA APARECIDA";"R. PRINCIPAL, S/ Nº"
"28/10/2024";"11:46:22";2024;2;"Eleição Ordinária";1;619;"Eleições Municipais 2024";"06/10/2024";"M";"ES";"56057";"ALFREDO CHAVES";56057;"ALFREDO CHAVES";12;4;13;"Vereador";55333;"BERENICE DA PENHA GALVAO PEREIRA";2;1015;80001947339;"EMEF ANA ARAÚJO";"R. EXPEDICIONARIO OSVALDO SAUDINO"
"28/10/2024";"11:46:22";2024;2;"Eleição Ordinária";1;619;"Eleições Municipais 2024";"06/10/2024";"M";"ES";"56057";"ALFREDO CHAVES";56057;"ALFREDO CHAVES";12;9;13;"Vereador";96;"VOTO NULO";4;1031;-1;"EMEF FAZENDA APARECIDA";"R. PRINCIPAL, S/ Nº"
"28/10/2024";"11:46:22";2024;2;"Eleição Ordinária";1;619;"Eleições Municipais 2024";"06/10/2024";"M";"ES";"56057";"ALFREDO CHAVES";56057;"ALFREDO CHAVES";12;39;13;"Vereador";22022;"SAMUEL ARDIZZON BELMOK";7;1244;80002230759;"CRECHE PEQUERRUCHOS";"RUA ANTÔNIO CLAUDIO GAIGHER, 19"
"28/10/2024";"11:46:22";2024;2;"Eleição Ordinária";1;619;"Eleições Municipais 2024";"06/10/2024";"M";"ES";"56057";"ALFREDO CHAVES";56057;"ALFREDO CHAVES";12;34;13;"Vereador";11444;"MARIA MADALENA PASSOS NUNES";2;1171;80001982775;"EEEFM CAMILA MOTA";"R. NELSON DA COSTA MELLO, S/ N"
"28/10/2024";"11:46:22";2024;2;"Eleição Ordinária";1;619;"Eleições Municipais 2024";"06/10/2024";"M";"ES";"56057";"ALFREDO CHAVES";56057;"ALFREDO CHAVES";12;29;13;"Vereador";55222;"VALENTIN LUIZ MOROZINI";2;1147;80001947336;"SALÃO COMUNITÁRIO DE SÃO BENTO DE URÂNIA";"R. PRINCIPAL, S/ N"
"28/10/2024";"11:46:22";2024;2;"Eleição Ordinária";1;619;"Eleições Municipais 2024";"06/10/2024";"M";"ES";"56057";"ALFREDO CHAVES";56057;"ALFREDO CHAVES";12;26;13;"Vereador";20190;"MARCELO CRISTIANO CARDOSO FARIA";3;1163;80001947286;"EEUEF VILA NOVA DE MARAVILHA";"R. PRINCIPAL, S/ Nº"
"28/10/2024";"11:46:22";2024;2;"Eleição Ordinária";1;619;"Eleições Municipais 2024";"06/10/2024";"M";"ES";"56057";"ALFREDO CHAVES";56057;"ALFREDO CHAVES";12;18;13;"Vereador";22000;"ANDRÉ ALMONFREY ORLANDI";2;1090;80002230761;"EMEF FELIPE MODOLO";"R. PRINCIPAL, S/ N"
"28/10/2024";"11:46:22";2024;2;"Eleição Ordinária";1;619;"Eleições Municipais 2024";"06/10/2024";"M";"ES";"56057";"ALFREDO CHAVES";56057;"ALFREDO CHAVES";12;16;13;"Vereador";11123;"RENAN DE JESUS BOLDRINI";5;1082;80001982781;"PRÉDIO DA ANTIGA ESCOLA ALMERINDA BRUNORO";"R. PRINCIPAL, S/ N"
"28/10/2024";"11:46:22";2024;2;"Eleição Ordinária";1;619;"Eleições Municipais 2024";"06/10/2024";"M";"ES";"56057";"ALFREDO CHAVES";56057;"ALFREDO CHAVES";12;3;13;"Vereador";11123;"RENAN DE JESUS BOLDRINI";2;1015;80001982781;"EMEF ANA ARAÚJO";"R. EXPEDICIONARIO OSVALDO SAUDINO"
"28/10/2024";"11:46:22";2024;2;"Eleição Ordinária";1;619;"Eleições Municipais 2024";"06/10/2024";"M";"ES";"56057";"ALFREDO CHAVES";56057;"ALFREDO CHAVES";12;20;13;"Vereador";11555;"HERMES LUIZ MARCHIORI ATHAIDES";8;1112;80001982779;"SALÃO DA IGREJA CATÓLICA DE CACHOEIRA ALTA";"R. PRINCIPAL, S/ N"
"28/10/2024";"11:46:22";2024;2;"Eleição Ordinária";1;619;"Eleições Municipais 2024";"06/10/2024";"M";"ES";"56057";"ALFREDO CHAVES";56057;"ALFREDO CHAVES";12;35;13;"Vereador";20222;"IZABEL APARECIDA MORESCHI";1;1171;80001947281;"EEEFM CAMILA MOTA";"R. NELSON DA COSTA MELLO, S/ N"
"28/10/2024";"11:46:22";2024;2;"Eleição Ordinária";1;619;"Eleições Municipais 2024";"06/10/2024";"M";"ES";"56057";"ALFREDO CHAVES";56057;"ALFREDO CHAVES";12;4;13;"Vereador";55123;"WILIAN DE FREITAS DO ROSARIO";2;1015;80001947337;"EMEF ANA ARAÚJO";"R. EXPEDICIONARIO OSVALDO SAUDINO"
"28/10/2024";"11:46:22";2024;2;"Eleição Ordinária";1;619;"Eleições Municipais 2024";"06/10/2024";"M";"ES";"56057";"ALFREDO CHAVES";56057;"ALFREDO CHAVES";12;4;13;"Vereador";45000;"WARLEI FERRARINI PESSALI";8;1015;80001982698;"EMEF ANA ARAÚJO";"R. EXPEDICIONARIO OSVALDO SAUDINO"
"28/10/2024";"11:46:22";2024;2;"Eleição Ordinária";1;619;"Eleições Municipais 2024";"06/10/2024";"M";"ES";"56057";"ALFREDO CHAVES";56057;"ALFREDO CHAVES";12;38;13;"Vereador";22222;"LUCIANO DE JESUS SILVA";7;1244;80002230760;"CRECHE PEQUERRUCHOS";"RUA ANTÔNIO CLAUDIO GAIGHER, 19"
"28/10/2024";"11:46:22";2024;2;"Eleição Ordinária";1;619;"Eleições Municipais 2024";"06/10/2024";"M";"ES";"56057";"ALFREDO CHAVES";56057;"ALFREDO CHAVES";12;40;11;"Prefeito";22;"LUIZ CLAUDIO BOLDRINI";22;1236;80002271252;"SALÃO PAROQUIAL DA IGREJA DE NOSSA SENHORA DA CONCEIÇÃO";"AV. GETULIO VARGAS, 545"
"28/10/2024";"11:46:22";2024;2;"Eleição Ordinária";1;619;"Eleições Municipais 2024";"06/10/2024";"M";"ES";"56057";"ALFREDO CHAVES";56057;"ALFREDO CHAVES";12;15;11;"Prefeito";22;"LUIZ CLAUDIO BOLDRINI";18;1074;80002271252;"SALÃO DA IGREJA DE SÃO MARTINHO";"R. PRINCIPAL, S/ N"
"28/10/2024";"11:46:22";2024;2;"Eleição Ordinária";1;619;"Eleições Municipais 2024";"06/10/2024";"M";"ES";"56057";"ALFREDO CHAVES";56057;"ALFREDO CHAVES";12;8;13;"Vereador";20555;"VERA LUCIA BONA";11;1023;80001947283;"EEEFM CAMILA MOTA";"R. NELSON DA COSTA MELLO, S/ N"
"28/10/2024";"11:46:22";2024;2;"Eleição Ordinária";1;619;"Eleições Municipais 2024";"06/10/2024";"M";"ES";"56057";"ALFREDO CHAVES";56057;"ALFREDO CHAVES";12;7;13;"Vereador";22222;"LUCIANO DE JESUS SILVA";8;1171;80002230760;"EEEFM CAMILA MOTA";"R. NELSON DA COSTA MELLO, S/ N"
"28/10/2024";"11:46:22";2024;2;"Eleição Ordinária";1;619;"Eleições Municipais 2024";"06/10/2024";"M";"ES";"56057";"ALFREDO CHAVES";56057;"ALFREDO CHAVES";12;39;13;"Vereador";20777;"RENAUT AMERICO PIO";4;1244;80001947280;"CRECHE PEQUERRUCHOS";"RUA ANTÔNIO CLAUDIO GAIGHER, 19"
"28/10/2024";"11:46:22";2024;2;"Eleição Ordinária";1;619;"Eleições Municipais 2024";"06/10/2024";"M";"ES";"56057";"ALFREDO CHAVES";56057;"ALFREDO CHAVES";12;41;13;"Vereador";55444;"ODAIR AUGUSTO BASSO";4;1236;80001947333;"SALÃO PAROQUIAL DA IGREJA DE NOSSA SENHORA DA CONCEIÇÃO";"AV. GETULIO VARGAS, 545"
"28/10/2024";"11:46:22";2024;2;"Eleição Ordinária";1;619;"Eleições Municipais 2024";"06/10/2024";"M";"ES";"56057";"ALFREDO CHAVES";56057;"ALFREDO CHAVES";12;20;13;"Vereador";22200;"LUCAS ANTÔNIO MARCHESI";2;1112;80002230762;"SALÃO DA IGREJA CATÓLICA DE CACHOEIRA ALTA";"R. PRINCIPAL, S/ N"
"28/10/2024";"11:46:22";2024;2;"Eleição Ordinária";1;619;"Eleições Municipais 2024";"06/10/2024";"M";"ES";"56057";"ALFREDO CHAVES";56057;"ALFREDO CHAVES";12;18;13;"Vereador";55444;"ODAIR AUGUSTO BASSO";1;1090;80001947333;"EMEF FELIPE MODOLO";"R. PRINCIPAL, S/ N"
"28/10/2024";"11:46:22";2024;2;"Eleição Ordinária";1;619;"Eleições Municipais 2024";"06/10/2024";"M";"ES";"56057";"ALFREDO CHAVES";56057;"ALFREDO CHAVES";12;37;13;"Vereador";20190;"MARCELO CRISTIANO CARDOSO FARIA";15;1228;80001947286;"CRECHE COMECINHO DE GENTE";"AV. DARCY DE PAULA GAIGHER, S/N"
"28/10/2024";"11:46:22";2024;2;"Eleição Ordinária";1;619;"Eleições Municipais 2024";"06/10/2024";"M";"ES";"56057";"ALFREDO CHAVES";56057;"ALFREDO CHAVES";12;30;13;"Vereador";10111;"SILVANA RAMOS DA SILVA";10;1171;80001966353;"EEEFM CAMILA MOTA";"R. NELSON DA COSTA MELLO, S/ N"
"28/10/2024";"11:46:22";2024;2;"Eleição Ordinária";1;619;"Eleições Municipais 2024";"06/10/2024";"M";"ES";"56057";"ALFREDO CHAVES";56057;"ALFREDO CHAVES";12;37;13;"Vereador";45000;"WARLEI FERRARINI PESSALI";5;1228;80001982698;"CRECHE COMECINHO DE GENTE";"AV. DARCY DE PAULA GAIGHER, S/N"
"28/10/2024";"11:46:22";2024;2;"Eleição Ordinária";1;619;"Eleições Municipais 2024";"06/10/2024";"M";"ES";"56057";"ALFREDO CHAVES";56057;"ALFREDO CHAVES";12;8;11;"Prefeito";40;"ROLMAR BOTECCHIA";70;1023;80001947211;"EEEFM CAMILA MOTA";"R. NELSON DA COSTA MELLO, S/ N"
"28/10/2024";"11:46:22";2024;2;"Eleição Ordinária";1;619;"Eleições Municipais 2024";"06/10/2024";"M";"ES";"56057";"ALFREDO CHAVES";56057;"ALFREDO CHAVES";12;7;13;"Vereador";11222;"KATIUSCIA SARTORI SILVA COMINOTTI";3;1171;80001982782;"EEEFM CAMILA MOTA";"R. NELSON DA COSTA MELLO, S/ N"
"28/10/2024";"11:46:22";2024;2;"Eleição Ordinária";1;619;"Eleições Municipais 2024";"06/10/2024";"M";"ES";"56057";"ALFREDO CHAVES";56057;"ALFREDO CHAVES";12;39;13;"Vereador";45666;"SERGIO BIANCHI";3;1244;80001982693;"CRECHE PEQUERRUCHOS";"RUA ANTÔNIO CLAUDIO GAIGHER, 19"
"28/10/2024";"11:46:22";2024;2;"Eleição Ordinária";1;619;"Eleições Municipais 2024";"06/10/2024";"M";"ES";"56057";"ALFREDO CHAVES";56057;"ALFREDO CHAVES";12;34;13;"Vereador";11100;"TAIS LIMA TEIXEIRA ULIANA";8;1171;80001982780;"EEEFM CAMILA MOTA";"R. NELSON DA COSTA MELLO, S/ N"
"28/10/2024";"11:46:22";2024;2;"Eleição Ordinária";1;619;"Eleições Municipais 2024";"06/10/2024";"M";"ES";"56057";"ALFREDO CHAVES";56057;"ALFREDO CHAVES";12;19;13;"Vereador";11100;"TAIS LIMA TEIXEIRA ULIANA";1;1104;80001982780;"SALÃO COMUNITÁRIO DE NOVA ESTRELA";"R. PRINCIPAL, S/ N"
"28/10/2024";"11:46:22";2024;2;"Eleição Ordinária";1;619;"Eleições Municipais 2024";"06/10/2024";"M";"ES";"56057";"ALFREDO CHAVES";56057;"ALFREDO CHAVES";12;28;13;"Vereador";11123;"RENAN DE JESUS BOLDRINI";9;1074;80001982781;"SALÃO DA IGREJA DE SÃO MARTINHO";"R. PRINCIPAL, S/ N"
"28/10/2024";"11:46:22";2024;2;"Eleição Ordinária";1;619;"Eleições Municipais 2024";"06/10/2024";"M";"ES";"56057";"ALFREDO CHAVES";56057;"ALFREDO CHAVES";12;85;13;"Vereador";11123;"RENAN DE JESUS BOLDRINI";4;1244;80001982781;"CRECHE PEQUERRUCHOS";"RUA ANTÔNIO CLAUDIO GAIGHER, 19"
"28/10/2024";"11:46:22";2024;2;"Eleição Ordinária";1;619;"Eleições Municipais 2024";"06/10/2024";"M";"ES";"56057";"ALFREDO CHAVES";56057;"ALFREDO CHAVES";12;16;13;"Vereador";11000;"FRANCISCO DE ASSIS JOSE DOS SANTOS";4;1082;80001982776;"PRÉDIO DA ANTIGA ESCOLA ALMERINDA BRUNORO";"R. PRINCIPAL, S/ N"
"28/10/2024";"11:46:22";2024;2;"Eleição Ordinária";1;619;"Eleições Municipais 2024";"06/10/2024";"M";"ES";"56057";"ALFREDO CHAVES";56057;"ALFREDO CHAVES";12;20;11;"Prefeito";95;"VOTO BRANCO";1;1112;-1;"SALÃO DA IGREJA CATÓLICA DE CACHOEIRA ALTA";"R. PRINCIPAL, S/ N"
"28/10/2024";"11:46:22";2024;2;"Eleição Ordinária";1;619;"Eleições Municipais 2024";"06/10/2024";"M";"ES";"56057";"ALFREDO CHAVES";56057;"ALFREDO CHAVES";12;2;13;"Vereador";11111;"JONACIR JOSE DENADAI";1;1015;80001982774;"EMEF ANA ARAÚJO";"R. EXPEDICIONARIO OSVALDO SAUDINO"
"28/10/2024";"11:46:22";2024;2;"Eleição Ordinária";1;619;"Eleições Municipais 2024";"06/10/2024";"M";"ES";"56057";"ALFREDO CHAVES";56057;"ALFREDO CHAVES";12;31;13;"Vereador";11111;"JONACIR JOSE DENADAI";1;1171;80001982774;"EEEFM CAMILA MOTA";"R. NELSON DA COSTA MELLO, S/ N"
"28/10/2024";"11:46:22";2024;2;"Eleição Ordinária";1;619;"Eleições Municipais 2024";"06/10/2024";"M";"ES";"56057";"ALFREDO CHAVES";56057;"ALFREDO CHAVES";12;16;13;"Vereador";10789;"LUIS ALBERTO BIANCHI";7;1082;80001966357;"PRÉDIO DA ANTIGA ESCOLA ALMERINDA BRUNORO";"R. PRINCIPAL, S/ N"
"28/10/2024";"11:46:22";2024;2;"Eleição Ordinária";1;619;"Eleições Municipais 2024";"06/10/2024";"M";"ES";"56057";"ALFREDO CHAVES";56057;"ALFREDO CHAVES";12;39;13;"Vereador";11111;"JONACIR JOSE DENADAI";1;1244;80001982774;"CRECHE PEQUERRUCHOS";"RUA ANTÔNIO CLAUDIO GAIGHER, 19"
"28/10/2024";"11:46:22";2024;2;"Eleição Ordinária";1;619;"Eleições Municipais 2024";"06/10/2024";"M";"ES";"56057";"ALFREDO CHAVES";56057;"ALFREDO CHAVES";12;25;13;"Vereador";22123;"CRISTIANO GRILLO";69;1155;80002230753;"EMEF FELIPE MODOLO";"R. PRINCIPAL, S/ N"
"28/10/2024";"11:46:22";2024;2;"Eleição Ordinária";1;619;"Eleições Municipais 2024";"06/10/2024";"M";"ES";"56057";"ALFREDO CHAVES";56057;"ALFREDO CHAVES";12;3;13;"Vereador";10789;"LUIS ALBERTO BIANCHI";6;1015;80001966357;"EMEF ANA ARAÚJO";"R. EXPEDICIONARIO OSVALDO SAUDINO"
"28/10/2024";"11:46:22";2024;2;"Eleição Ordinária";1;619;"Eleições Municipais 2024";"06/10/2024";"M";"ES";"56057";"ALFREDO CHAVES";56057;"ALFREDO CHAVES";12;28;13;"Vereador";40369;"MARIA AUGUSTA BUFFOLO";11;1074;80001947154;"SALÃO DA IGREJA DE SÃO MARTINHO";"R. PRINCIPAL, S/ N"
"28/10/2024";"11:46:22";2024;2;"Eleição Ordinária";1;619;"Eleições Municipais 2024";"06/10/2024";"M";"ES";"56057";"ALFREDO CHAVES";56057;"ALFREDO CHAVES";12;85;13;"Vereador";40369;"MARIA AUGUSTA BUFFOLO";4;1244;80001947154;"CRECHE PEQUERRUCHOS";"RUA ANTÔNIO CLAUDIO GAIGHER, 19"
"28/10/2024";"11:46:22";2024;2;"Eleição Ordinária";1;619;"Eleições Municipais 2024";"06/10/2024";"M";"ES";"56057";"ALFREDO CHAVES";56057;"ALFREDO CHAVES";12;6;13;"Vereador";22022;"SAMUEL ARDIZZON BELMOK";4;1023;80002230759;"EEEFM CAMILA MOTA";"R. NELSON DA COSTA MELLO, S/ N"
"28/10/2024";"11:46:22";2024;2;"Eleição Ordinária";1;619;"Eleições Municipais 2024";"06/10/2024";"M";"ES";"56057";"ALFREDO CHAVES";56057;"ALFREDO CHAVES";12;12;13;"Vereador";10190;"ROMILDO DOMINGOS BORTOLUZZI";33;1058;80001966352;"EMEF ENGANO";"R. PRINCIPAL, S/N"
"28/10/2024";"11:46:22";2024;2;"Eleição Ordinária";1;619;"Eleições Municipais 2024";"06/10/2024";"M";"ES";"56057";"ALFREDO CHAVES";56057;"ALFREDO CHAVES";12;30;13;"Vereador";95;"VOTO BRANCO";8;1171;-1;"EEEFM CAMILA MOTA";"R. NELSON DA COSTA MELLO, S/ N"
"28/10/2024";"11:46:22";2024;2;"Eleição Ordinária";1;619;"Eleições Municipais 2024";"06/10/2024";"M";"ES";"56057";"ALFREDO CHAVES";56057;"ALFREDO CHAVES";12;2;13;"Vereador";10111;"SILVANA RAMOS DA SILVA";5;1015;80001966353;"EMEF ANA ARAÚJO";"R. EXPEDICIONARIO OSVALDO SAUDINO"
"28/10/2024";"11:46:22";2024;2;"Eleição Ordinária";1;619;"Eleições Municipais 2024";"06/10/2024";"M";"ES";"56057";"ALFREDO CHAVES";56057;"ALFREDO CHAVES";12;31;13;"Vereador";10111;"SILVANA RAMOS DA SILVA";3;1171;80001966353;"EEEFM CAMILA MOTA";"R. NELSON DA COSTA MELLO, S/ N"
"28/10/2024";"11:46:22";2024;2;"Eleição Ordinária";1;619;"Eleições Municipais 2024";"06/10/2024";"M";"ES";"56057";"ALFREDO CHAVES";56057;"ALFREDO CHAVES";12;38;13;"Vereador";11000;"FRANCISCO DE ASSIS JOSE DOS SANTOS";7;1244;80001982776;"CRECHE PEQUERRUCHOS";"RUA ANTÔNIO CLAUDIO GAIGHER, 19"
"28/10/2024";"11:46:22";2024;2;"Eleição Ordinária";1;619;"Eleições Municipais 2024";"06/10/2024";"M";"ES";"56057";"ALFREDO CHAVES";56057;"ALFREDO CHAVES";12;6;13;"Vereador";22040;"EDEVANILDE GORETI BREDA ALMEIDA";3;1023;80002230757;"EEEFM CAMILA MOTA";"R. NELSON DA COSTA MELLO, S/ N"
"28/10/2024";"11:46:22";2024;2;"Eleição Ordinária";1;619;"Eleições Municipais 2024";"06/10/2024";"M";"ES";"56057";"ALFREDO CHAVES";56057;"ALFREDO CHAVES";12;96;13;"Vereador";40321;"GILSON LUIZ BELLON";1;1147;80001947151;"SALÃO COMUNITÁRIO DE SÃO BENTO DE URÂNIA";"R. PRINCIPAL, S/ N"
"28/10/2024";"11:46:22";2024;2;"Eleição Ordinária";1;619;"Eleições Municipais 2024";"06/10/2024";"M";"ES";"56057";"ALFREDO CHAVES";56057;"ALFREDO CHAVES";12;23;13;"Vereador";40000;"NILTON CESAR BELMOK";6;1139;80001947152;"EMEF SAGRADA FAMÍLIA";"R. PRINCIPAL, S/ N"
"28/10/2024";"11:46:22";2024;2;"Eleição Ordinária";1;619;"Eleições Municipais 2024";"06/10/2024";"M";"ES";"56057";"ALFREDO CHAVES";56057;"ALFREDO CHAVES";12;22;13;"Vereador";45666;"SERGIO BIANCHI";2;1139;80001982693;"EMEF SAGRADA FAMÍLIA";"R. PRINCIPAL, S/ N"
"28/10/2024";"11:46:22";2024;2;"Eleição Ordinária";1;619;"Eleições Municipais 2024";"06/10/2024";"M";"ES";"56057";"ALFREDO CHAVES";56057;"ALFREDO CHAVES";12;37;11;"Prefeito";96;"VOTO NULO";4;1228;-1;"CRECHE COMECINHO DE GENTE";"AV. DARCY DE PAULA GAIGHER, S/N"
"28/10/2024";"11:46:22";2024;2;"Eleição Ordinária";1;619;"Eleições Municipais 2024";"06/10/2024";"M";"ES";"56057";"ALFREDO CHAVES";56057;"ALFREDO CHAVES";12;14;13;"Vereador";22333;"MARIA DO CARMO LORENZINI DESTEFANI";2;1066;80002230755;"SALÃO DA IGREJA CATÓLICA DE SÃO FRANCISCO DE BATATAL";"RUA PRINCIPAL, S/ N"
"28/10/2024";"11:46:22";2024;2;"Eleição Ordinária";1;619;"Eleições Municipais 2024";"06/10/2024";"M";"ES";"56057";"ALFREDO CHAVES";56057;"ALFREDO CHAVES";12;38;13;"Vereador";10400;"GABRIEL NICHETI";3;1244;80001966350;"CRECHE PEQUERRUCHOS";"RUA ANTÔNIO CLAUDIO GAIGHER, 19"
"28/10/2024";"11:46:22";2024;2;"Eleição Ordinária";1;619;"Eleições Municipais 2024";"06/10/2024";"M";"ES";"56057";"ALFREDO CHAVES";56057;"ALFREDO CHAVES";12;8;13;"Vereador";20222;"IZABEL APARECIDA MORESCHI";3;1023;80001947281;"EEEFM CAMILA MOTA";"R. NELSON DA COSTA MELLO, S/ N"
"28/10/2024";"11:46:22";2024;2;"Eleição Ordinária";1;619;"Eleições Municipais 2024";"06/10/2024";"M";"ES";"56057";"ALFREDO CHAVES";56057;"ALFREDO CHAVES";12;34;13;"Vereador";40222;"LUCIANO BELLON";2;1171;80001947156;"EEEFM CAMILA MOTA";"R. NELSON DA COSTA MELLO, S/ N"
"28/10/2024";"11:46:22";2024;2;"Eleição Ordinária";1;619;"Eleições Municipais 2024";"06/10/2024";"M";"ES";"56057";"ALFREDO CHAVES";56057;"ALFREDO CHAVES";12;41;13;"Vereador";45777;"GUILHERME CARLOS CETTO VITOR";2;1236;80001982699;"SALÃO PAROQUIAL DA IGREJA DE NOSSA SENHORA DA CONCEIÇÃO";"AV. GETULIO VARGAS, 545"
"28/10/2024";"11:46:22";2024;2;"Eleição Ordinária";1;619;"Eleições Municipais 2024";"06/10/2024";"M";"ES";"56057";"ALFREDO CHAVES";56057;"ALFREDO CHAVES";12;96;11;"Prefeito";11;"HUGO LUIZ PICOLI MENEGHEL";56;1147;80002104371;"SALÃO COMUNITÁRIO DE SÃO BENTO DE URÂNIA";"R. PRINCIPAL, S/ N"
"28/10/2024";"11:46:22";2024;2;"Eleição Ordinária";1;619;"Eleições Municipais 2024";"06/10/2024";"M";"ES";"56057";"ALFREDO CHAVES";56057;"ALFREDO CHAVES";12;39;13;"Vereador";11555;"HERMES LUIZ MARCHIORI ATHAIDES";15;1244;80001982779;"CRECHE PEQUERRUCHOS";"RUA ANTÔNIO CLAUDIO GAIGHER, 19"
"28/10/2024";"11:46:22";2024;2;"Eleição Ordinária";1;619;"Eleições Municipais 2024";"06/10/2024";"M";"ES";"56057";"ALFREDO CHAVES";56057;"ALFREDO CHAVES";12;10;13;"Vereador";10123;"ALEFY JUNIOR CLAUDIO SIMOES";7;1040;80001966351;"EEEF DE CRUBIXÁ";"R. PRINCIPAL, S/ Nº"
"28/10/2024";"11:46:22";2024;2;"Eleição Ordinária";1;619;"Eleições Municipais 2024";"06/10/2024";"M";"ES";"56057";"ALFREDO CHAVES";56057;"ALFREDO CHAVES";12;10;13;"Vereador";10222;"JOSIMAR PIUMBINI";14;1040;80001966355;"EEEF DE CRUBIXÁ";"R. PRINCIPAL, S/ Nº"
"28/10/2024";"11:46:22";2024;2;"Eleição Ordinária";1;619;"Eleições Municipais 2024";"06/10/2024";"M";"ES";"56057";"ALFREDO CHAVES";56057;"ALFREDO CHAVES";12;27;13;"Vereador";10789;"LUIS ALBERTO BIANCHI";5;1171;80001966357;"EEEFM CAMILA MOTA";"R. NELSON DA COSTA MELLO, S/ N"
"28/10/2024";"11:46:22";2024;2;"Eleição Ordinária";1;619;"Eleições Municipais 2024";"06/10/2024";"M";"ES";"56057";"ALFREDO CHAVES";56057;"ALFREDO CHAVES";12;27;13;"Vereador";10190;"ROMILDO DOMINGOS BORTOLUZZI";2;1171;80001966352;"EEEFM CAMILA MOTA";"R. NELSON DA COSTA MELLO, S/ N"
"28/10/2024";"11:46:22";2024;2;"Eleição Ordinária";1;619;"Eleições Municipais 2024";"06/10/2024";"M";"ES";"56057";"ALFREDO CHAVES";56057;"ALFREDO CHAVES";12;16;11;"Prefeito";11;"HUGO LUIZ PICOLI MENEGHEL";90;1082;80002104371;"PRÉDIO DA ANTIGA ESCOLA ALMERINDA BRUNORO";"R. PRINCIPAL, S/ N"
"28/10/2024";"11:46:22";2024;2;"Eleição Ordinária";1;619;"Eleições Municipais 2024";"06/10/2024";"M";"ES";"56057";"ALFREDO CHAVES";56057;"ALFREDO CHAVES";12;9;11;"Prefeito";22;"LUIZ CLAUDIO BOLDRINI";12;1031;80002271252;"EMEF FAZENDA APARECIDA";"R. PRINCIPAL, S/ Nº"
"28/10/2024";"11:46:22";2024;2;"Eleição Ordinária";1;619;"Eleições Municipais 2024";"06/10/2024";"M";"ES";"56057";"ALFREDO CHAVES";56057;"ALFREDO CHAVES";12;13;13;"Vereador";22123;"CRISTIANO GRILLO";2;1058;80002230753;"EMEF ENGANO";"R. PRINCIPAL, S/N"
"28/10/2024";"11:46:22";2024;2;"Eleição Ordinária";1;619;"Eleições Municipais 2024";"06/10/2024";"M";"ES";"56057";"ALFREDO CHAVES";56057;"ALFREDO CHAVES";12;38;13;"Vereador";45888;"ANGELO GABRIEL FAVATO";2;1244;80001982690;"CRECHE PEQUERRUCHOS";"RUA ANTÔNIO CLAUDIO GAIGHER, 19"
"28/10/2024";"11:46:22";2024;2;"Eleição Ordinária";1;619;"Eleições Municipais 2024";"06/10/2024";"M";"ES";"56057";"ALFREDO CHAVES";56057;"ALFREDO CHAVES";12;38;13;"Vereador";20190;"MARCELO CRISTIANO CARDOSO FARIA";5;1244;80001947286;"CRECHE PEQUERRUCHOS";"RUA ANTÔNIO CLAUDIO GAIGHER, 19"
"28/10/2024";"11:46:22";2024;2;"Eleição Ordinária";1;619;"Eleições Municipais 2024";"06/10/2024";"M";"ES";"56057";"ALFREDO CHAVES";56057;"ALFREDO CHAVES";12;25;13;"Vereador";22040;"EDEVANILDE GORETI BREDA ALMEIDA";2;1155;80002230757;"EMEF FELIPE MODOLO";"R. PRINCIPAL, S/ N"
"28/10/2024";"11:46:22";2024;2;"Eleição Ordinária";1;619;"Eleições Municipais 2024";"06/10/2024";"M";"ES";"56057";"ALFREDO CHAVES";56057;"ALFREDO CHAVES";12;8;13;"Vereador";40111;"CHARLES GAIGHER";6;1023;80001947148;"EEEFM CAMILA MOTA";"R. NELSON DA COSTA MELLO, S/ N"
"28/10/2024";"11:46:22";2024;2;"Eleição Ordinária";1;619;"Eleições Municipais 2024";"06/10/2024";"M";"ES";"56057";"ALFREDO CHAVES";56057;"ALFREDO CHAVES";12;40;13;"Vereador";20190;"MARCELO CRISTIANO CARDOSO FARIA";4;1236;80001947286;"SALÃO PAROQUIAL DA IGREJA DE NOSSA SENHORA DA CONCEIÇÃO";"AV. GETULIO VARGAS, 545"
"28/10/2024";"11:46:22";2024;2;"Eleição Ordinária";1;619;"Eleições Municipais 2024";"06/10/2024";"M";"ES";"56057";"ALFREDO CHAVES";56057;"ALFREDO CHAVES";12;15;13;"Vereador";20190;"MARCELO CRISTIANO CARDOSO FARIA";16;1074;80001947286;"SALÃO DA IGREJA DE SÃO MARTINHO";"R. PRINCIPAL, S/ N"
"28/10/2024";"11:46:22";2024;2;"Eleição Ordinária";1;619;"Eleições Municipais 2024";"06/10/2024";"M";"ES";"56057";"ALFREDO CHAVES";56057;"ALFREDO CHAVES";12;41;13;"Vereador";40111;"CHARLES GAIGHER";8;1236;80001947148;"SALÃO PAROQUIAL DA IGREJA DE NOSSA SENHORA DA CONCEIÇÃO";"AV. GETULIO VARGAS, 545"
"28/10/2024";"11:46:22";2024;2;"Eleição Ordinária";1;619;"Eleições Municipais 2024";"06/10/2024";"M";"ES";"56057";"ALFREDO CHAVES";56057;"ALFREDO CHAVES";12;40;13;"Vereador";10111;"SILVANA RAMOS DA SILVA";2;1236;80001966353;"SALÃO PAROQUIAL DA IGREJA DE NOSSA SENHORA DA CONCEIÇÃO";"AV. GETULIO VARGAS, 545"
"28/10/2024";"11:46:22";2024;2;"Eleição Ordinária";1;619;"Eleições Municipais 2024";"06/10/2024";"M";"ES";"56057";"ALFREDO CHAVES";56057;"ALFREDO CHAVES";12;21;13;"Vereador";10789;"LUIS ALBERTO BIANCHI";5;1120;80001966357;"EMUEF QUARTO TERRITÓRIO";"RUA PRINCIPAL, S/N"
"28/10/2024";"11:46:22";2024;2;"Eleição Ordinária";1;619;"Eleições Municipais 2024";"06/10/2024";"M";"ES";"56057";"ALFREDO CHAVES";56057;"ALFREDO CHAVES";12;41;13;"Vereador";55152;"ARILDO ALVES";4;1236;80001947338;"SALÃO PAROQUIAL DA IGREJA DE NOSSA SENHORA DA CONCEIÇÃO";"AV. GETULIO VARGAS, 545"
"28/10/2024";"11:46:22";2024;2;"Eleição Ordinária";1;619;"Eleições Municipais 2024";"06/10/2024";"M";"ES";"56057";"ALFREDO CHAVES";56057;"ALFREDO CHAVES";12;16;13;"Vereador";55321;"VALDIRENE BRANDÃO ANDRADE SORIO";1;1082;80001947331;"PRÉDIO DA ANTIGA ESCOLA ALMERINDA BRUNORO";"R. PRINCIPAL, S/ N"
"28/10/2024";"11:46:22";2024;2;"Eleição Ordinária";1;619;"Eleições Municipais 2024";"06/10/2024";"M";"ES";"56057";"ALFREDO CHAVES";56057;"ALFREDO CHAVES";12;1;13;"Vereador";22122;"SILVIA FOLGER BERNABÉ";5;1015;80002230756;"EMEF ANA ARAÚJO";"R. EXPEDICIONARIO OSVALDO SAUDINO"
"28/10/2024";"11:46:22";2024;2;"Eleição Ordinária";1;619;"Eleições Municipais 2024";"06/10/2024";"M";"ES";"56057";"ALFREDO CHAVES";56057;"ALFREDO CHAVES";12;14;13;"Vereador";55555;"ADILSON JOSE ROVETA";1;1066;80001947332;"SALÃO DA IGREJA CATÓLICA DE SÃO FRANCISCO DE BATATAL";"RUA PRINCIPAL, S/ N"
"28/10/2024";"11:46:22";2024;2;"Eleição Ordinária";1;619;"Eleições Municipais 2024";"06/10/2024";"M";"ES";"56057";"ALFREDO CHAVES";56057;"ALFREDO CHAVES";12;1;13;"Vereador";55555;"ADILSON JOSE ROVETA";2;1015;80001947332;"EMEF ANA ARAÚJO";"R. EXPEDICIONARIO OSVALDO SAUDINO"
"28/10/2024";"11:46:22";2024;2;"Eleição Ordinária";1;619;"Eleições Municipais 2024";"06/10/2024";"M";"ES";"56057";"ALFREDO CHAVES";56057;"ALFREDO CHAVES";12;12;13;"Vereador";55555;"ADILSON JOSE ROVETA";4;1058;80001947332;"EMEF ENGANO";"R. PRINCIPAL, S/N"
"28/10/2024";"11:46:22";2024;2;"Eleição Ordinária";1;619;"Eleições Municipais 2024";"06/10/2024";"M";"ES";"56057";"ALFREDO CHAVES";56057;"ALFREDO CHAVES";12;7;13;"Vereador";55444;"ODAIR AUGUSTO BASSO";2;1171;80001947333;"EEEFM CAMILA MOTA";"R. NELSON DA COSTA MELLO, S/ N"
"28/10/2024";"11:46:22";2024;2;"Eleição Ordinária";1;619;"Eleições Municipais 2024";"06/10/2024";"M";"ES";"56057";"ALFREDO CHAVES";56057;"ALFREDO CHAVES";12;35;13;"Vereador";22022;"SAMUEL ARDIZZON BELMOK";3;1171;80002230759;"EEEFM CAMILA MOTA";"R. NELSON DA COSTA MELLO, S/ N"
"28/10/2024";"11:46:22";2024;2;"Eleição Ordinária";1;619;"Eleições Municipais 2024";"06/10/2024";"M";"ES";"56057";"ALFREDO CHAVES";56057;"ALFREDO CHAVES";12;3;13;"Vereador";22111;"FABIO DAMASCENO GALVAO";3;1015;80002230754;"EMEF ANA ARAÚJO";"R. EXPEDICIONARIO OSVALDO SAUDINO"
"28/10/2024";"11:46:22";2024;2;"Eleição Ordinária";1;619;"Eleições Municipais 2024";"06/10/2024";"M";"ES";"56057";"ALFREDO CHAVES";56057;"ALFREDO CHAVES";12;85;13;"Vereador";22122;"SILVIA FOLGER BERNABÉ";5;1244;80002230756;"CRECHE PEQUERRUCHOS";"RUA ANTÔNIO CLAUDIO GAIGHER, 19"
"28/10/2024";"11:46:22";2024;2;"Eleição Ordinária";1;619;"Eleições Municipais 2024";"06/10/2024";"M";"ES";"56057";"ALFREDO CHAVES";56057;"ALFREDO CHAVES";12;22;13;"Vereador";10400;"GABRIEL NICHETI";77;1139;80001966350;"EMEF SAGRADA FAMÍLIA";"R. PRINCIPAL, S/ N"
"28/10/2024";"11:46:22";2024;2;"Eleição Ordinária";1;619;"Eleições Municipais 2024";"06/10/2024";"M";"ES";"56057";"ALFREDO CHAVES";56057;"ALFREDO CHAVES";12;35;11;"Prefeito";22;"LUIZ CLAUDIO BOLDRINI";34;1171;80002271252;"EEEFM CAMILA MOTA";"R. NELSON DA COSTA MELLO, S/ N"
"28/10/2024";"11:46:22";2024;2;"Eleição Ordinária";1;619;"Eleições Municipais 2024";"06/10/2024";"M";"ES";"56057";"ALFREDO CHAVES";56057;"ALFREDO CHAVES";12;8;13;"Vereador";40999;"EMILIA DAS GRAÇAS ALVES PADILHA DOMINGUES";1;1023;80001947155;"EEEFM CAMILA MOTA";"R. NELSON DA COSTA MELLO, S/ N"
"28/10/2024";"11:46:22";2024;2;"Eleição Ordinária";1;619;"Eleições Municipais 2024";"06/10/2024";"M";"ES";"56057";"ALFREDO CHAVES";56057;"ALFREDO CHAVES";12;3;13;"Vereador";20000;"IZABEL PARMAGNANI";5;1015;80001947279;"EMEF ANA ARAÚJO";"R. EXPEDICIONARIO OSVALDO SAUDINO"
"28/10/2024";"11:46:22";2024;2;"Eleição Ordinária";1;619;"Eleições Municipais 2024";"06/10/2024";"M";"ES";"56057";"ALFREDO CHAVES";56057;"ALFREDO CHAVES";12;23;13;"Vereador";40111;"CHARLES GAIGHER";9;1139;80001947148;"EMEF SAGRADA FAMÍLIA";"R. PRINCIPAL, S/ N"
"28/10/2024";"11:46:22";2024;2;"Eleição Ordinária";1;619;"Eleições Municipais 2024";"06/10/2024";"M";"ES";"56057";"ALFREDO CHAVES";56057;"ALFREDO CHAVES";12;29;13;"Vereador";20555;"VERA LUCIA BONA";1;1147;80001947283;"SALÃO COMUNITÁRIO DE SÃO BENTO DE URÂNIA";"R. PRINCIPAL, S/ N"
"28/10/2024";"11:46:22";2024;2;"Eleição Ordinária";1;619;"Eleições Municipais 2024";"06/10/2024";"M";"ES";"56057";"ALFREDO CHAVES";56057;"ALFREDO CHAVES";12;33;13;"Vereador";20555;"VERA LUCIA BONA";5;1171;80001947283;"EEEFM CAMILA MOTA";"R. NELSON DA COSTA MELLO, S/ N"
"28/10/2024";"11:46:22";2024;2;"Eleição Ordinária";1;619;"Eleições Municipais 2024";"06/10/2024";"M";"ES";"56057";"ALFREDO CHAVES";56057;"ALFREDO CHAVES";12;3;13;"Vereador";55152;"ARILDO ALVES";4;1015;80001947338;"EMEF ANA ARAÚJO";"R. EXPEDICIONARIO OSVALDO SAUDINO"
"28/10/2024";"11:46:22";2024;2;"Eleição Ordinária";1;619;"Eleições Municipais 2024";"06/10/2024";"M";"ES";"56057";"ALFREDO CHAVES";56057;"ALFREDO CHAVES";12;12;13;"Vereador";45888;"ANGELO GABRIEL FAVATO";3;1058;80001982690;"EMEF ENGANO";"R. PRINCIPAL, S/N"
"28/10/2024";"11:46:22";2024;2;"Eleição Ordinária";1;619;"Eleições Municipais 2024";"06/10/2024";"M";"ES";"56057";"ALFREDO CHAVES";56057;"ALFREDO CHAVES";12;34;13;"Vereador";55456;"JOAO ENDRINGER JUNIOR";1;1171;80001947335;"EEEFM CAMILA MOTA";"R. NELSON DA COSTA MELLO, S/ N"
"28/10/2024";"11:46:22";2024;2;"Eleição Ordinária";1;619;"Eleições Municipais 2024";"06/10/2024";"M";"ES";"56057";"ALFREDO CHAVES";56057;"ALFREDO CHAVES";12;4;13;"Vereador";40369;"MARIA AUGUSTA BUFFOLO";4;1015;80001947154;"EMEF ANA ARAÚJO";"R. EXPEDICIONARIO OSVALDO SAUDINO"
"28/10/2024";"11:46:22";2024;2;"Eleição Ordinária";1;619;"Eleições Municipais 2024";"06/10/2024";"M";"ES";"56057";"ALFREDO CHAVES";56057;"ALFREDO CHAVES";12;10;13;"Vereador";11111;"JONACIR JOSE DENADAI";1;1040;80001982774;"EEEF DE CRUBIXÁ";"R. PRINCIPAL, S/ Nº"
"28/10/2024";"11:46:22";2024;2;"Eleição Ordinária";1;619;"Eleições Municipais 2024";"06/10/2024";"M";"ES";"56057";"ALFREDO CHAVES";56057;"ALFREDO CHAVES";12;2;13;"Vereador";22122;"SILVIA FOLGER BERNABÉ";3;1015;80002230756;"EMEF ANA ARAÚJO";"R. EXPEDICIONARIO OSVALDO SAUDINO"
"28/10/2024";"11:46:22";2024;2;"Eleição Ordinária";1;619;"Eleições Municipais 2024";"06/10/2024";"M";"ES";"56057";"ALFREDO CHAVES";56057;"ALFREDO CHAVES";12;31;13;"Vereador";22122;"SILVIA FOLGER BERNABÉ";5;1171;80002230756;"EEEFM CAMILA MOTA";"R. NELSON DA COSTA MELLO, S/ N"
"28/10/2024";"11:46:22";2024;2;"Eleição Ordinária";1;619;"Eleições Municipais 2024";"06/10/2024";"M";"ES";"56057";"ALFREDO CHAVES";56057;"ALFREDO CHAVES";12;13;13;"Vereador";45789;"SOLANGE BRAGANCA TORRENTE";3;1058;80001982696;"EMEF ENGANO";"R. PRINCIPAL, S/N"
"28/10/2024";"11:46:22";2024;2;"Eleição Ordinária";1;619;"Eleições Municipais 2024";"06/10/2024";"M";"ES";"56057";"ALFREDO CHAVES";56057;"ALFREDO CHAVES";12;37;13;"Vereador";22123;"CRISTIANO GRILLO";1;1228;80002230753;"CRECHE COMECINHO DE GENTE";"AV. DARCY DE PAULA GAIGHER, S/N"
"28/10/2024";"11:46:22";2024;2;"Eleição Ordinária";1;619;"Eleições Municipais 2024";"06/10/2024";"M";"ES";"56057";"ALFREDO CHAVES";56057;"ALFREDO CHAVES";12;41;13;"Vereador";40555;"DANIEL ORLANDI";3;1236;80001947149;"SALÃO PAROQUIAL DA IGREJA DE NOSSA SENHORA DA CONCEIÇÃO";"AV. GETULIO VARGAS, 545"
"28/10/2024";"11:46:22";2024;2;"Eleição Ordinária";1;619;"Eleições Municipais 2024";"06/10/2024";"M";"ES";"56057";"ALFREDO CHAVES";56057;"ALFREDO CHAVES";12;3;13;"Vereador";55321;"VALDIRENE BRANDÃO ANDRADE SORIO";2;1015;80001947331;"EMEF ANA ARAÚJO";"R. EXPEDICIONARIO OSVALDO SAUDINO"
"28/10/2024";"11:46:22";2024;2;"Eleição Ordinária";1;619;"Eleições Municipais 2024";"06/10/2024";"M";"ES";"56057";"ALFREDO CHAVES";56057;"ALFREDO CHAVES";12;13;13;"Vereador";95;"VOTO BRANCO";6;1058;-1;"EMEF ENGANO";"R. PRINCIPAL, S/N"
"28/10/2024";"11:46:22";2024;2;"Eleição Ordinária";1;619;"Eleições Municipais 2024";"06/10/2024";"M";"ES";"56057";"ALFREDO CHAVES";56057;"ALFREDO CHAVES";12;34;13;"Vereador";20777;"RENAUT AMERICO PIO";3;1171;80001947280;"EEEFM CAMILA MOTA";"R. NELSON DA COSTA MELLO, S/ N"
"28/10/2024";"11:46:22";2024;2;"Eleição Ordinária";1;619;"Eleições Municipais 2024";"06/10/2024";"M";"ES";"56057";"ALFREDO CHAVES";56057;"ALFREDO CHAVES";12;24;13;"Vereador";40456;"SERAFINO ANTONIO SIMONI";38;1147;80001947157;"SALÃO COMUNITÁRIO DE SÃO BENTO DE URÂNIA";"R. PRINCIPAL, S/ N"
"28/10/2024";"11:46:22";2024;2;"Eleição Ordinária";1;619;"Eleições Municipais 2024";"06/10/2024";"M";"ES";"56057";"ALFREDO CHAVES";56057;"ALFREDO CHAVES";12;33;13;"Vereador";55456;"JOAO ENDRINGER JUNIOR";5;1171;80001947335;"EEEFM CAMILA MOTA";"R. NELSON DA COSTA MELLO, S/ N"
"28/10/2024";"11:46:22";2024;2;"Eleição Ordinária";1;619;"Eleições Municipais 2024";"06/10/2024";"M";"ES";"56057";"ALFREDO CHAVES";56057;"ALFREDO CHAVES";12;33;13;"Vereador";10366;"SELMA CONSOLADORA CASALI PILON";1;1171;80001966358;"EEEFM CAMILA MOTA";"R. NELSON DA COSTA MELLO, S/ N"
"28/10/2024";"11:46:22";2024;2;"Eleição Ordinária";1;619;"Eleições Municipais 2024";"06/10/2024";"M";"ES";"56057";"ALFREDO CHAVES";56057;"ALFREDO CHAVES";12;7;13;"Vereador";22122;"SILVIA FOLGER BERNABÉ";2;1171;80002230756;"EEEFM CAMILA MOTA";"R. NELSON DA COSTA MELLO, S/ N"
"28/10/2024";"11:46:22";2024;2;"Eleição Ordinária";1;619;"Eleições Municipais 2024";"06/10/2024";"M";"ES";"56057";"ALFREDO CHAVES";56057;"ALFREDO CHAVES";12;4;13;"Vereador";55456;"JOAO ENDRINGER JUNIOR";4;1015;80001947335;"EMEF ANA ARAÚJO";"R. EXPEDICIONARIO OSVALDO SAUDINO"
"28/10/2024";"11:46:22";2024;2;"Eleição Ordinária";1;619;"Eleições Municipais 2024";"06/10/2024";"M";"ES";"56057";"ALFREDO CHAVES";56057;"ALFREDO CHAVES";12;5;13;"Vereador";20555;"VERA LUCIA BONA";5;1015;80001947283;"EMEF ANA ARAÚJO";"R. EXPEDICIONARIO OSVALDO SAUDINO"
"28/10/2024";"11:46:22";2024;2;"Eleição Ordinária";1;619;"Eleições Municipais 2024";"06/10/2024";"M";"ES";"56057";"ALFREDO CHAVES";56057;"ALFREDO CHAVES";12;3;13;"Vereador";10190;"ROMILDO DOMINGOS BORTOLUZZI";2;1015;80001966352;"EMEF ANA ARAÚJO";"R. EXPEDICIONARIO OSVALDO SAUDINO"
"28/10/2024";"11:46:22";2024;2;"Eleição Ordinária";1;619;"Eleições Municipais 2024";"06/10/2024";"M";"ES";"56057";"ALFREDO CHAVES";56057;"ALFREDO CHAVES";12;34;13;"Vereador";55444;"ODAIR AUGUSTO BASSO";4;1171;80001947333;"EEEFM CAMILA MOTA";"R. NELSON DA COSTA MELLO, S/ N"
"28/10/2024";"11:46:22";2024;2;"Eleição Ordinária";1;619;"Eleições Municipais 2024";"06/10/2024";"M";"ES";"56057";"ALFREDO CHAVES";56057;"ALFREDO CHAVES";12;19;13;"Vereador";55444;"ODAIR AUGUSTO BASSO";2;1104;80001947333;"SALÃO COMUNITÁRIO DE NOVA ESTRELA";"R. PRINCIPAL, S/ N"
"28/10/2024";"11:46:22";2024;2;"Eleição Ordinária";1;619;"Eleições Municipais 2024";"06/10/2024";"M";"ES";"56057";"ALFREDO CHAVES";56057;"ALFREDO CHAVES";12;96;13;"Vereador";10123;"ALEFY JUNIOR CLAUDIO SIMOES";7;1147;80001966351;"SALÃO COMUNITÁRIO DE SÃO BENTO DE URÂNIA";"R. PRINCIPAL, S/ N"
"28/10/2024";"11:46:22";2024;2;"Eleição Ordinária";1;619;"Eleições Municipais 2024";"06/10/2024";"M";"ES";"56057";"ALFREDO CHAVES";56057;"ALFREDO CHAVES";12;14;11;"Prefeito";96;"VOTO NULO";3;1066;-1;"SALÃO DA IGREJA CATÓLICA DE SÃO FRANCISCO DE BATATAL";"RUA PRINCIPAL, S/ N"
"28/10/2024";"11:46:22";2024;2;"Eleição Ordinária";1;619;"Eleições Municipais 2024";"06/10/2024";"M";"ES";"56057";"ALFREDO CHAVES";56057;"ALFREDO CHAVES";12;1;11;"Prefeito";96;"VOTO NULO";5;1015;-1;"EMEF ANA ARAÚJO";"R. EXPEDICIONARIO OSVALDO SAUDINO"
"28/10/2024";"11:46:22";2024;2;"Eleição Ordinária";1;619;"Eleições Municipais 2024";"06/10/2024";"M";"ES";"56057";"ALFREDO CHAVES";56057;"ALFREDO CHAVES";12;12;11;"Prefeito";96;"VOTO NULO";2;1058;-1;"EMEF ENGANO";"R. PRINCIPAL, S/N"
"28/10/2024";"11:46:22";2024;2;"Eleição Ordinária";1;619;"Eleições Municipais 2024";"06/10/2024";"M";"ES";"56057";"ALFREDO CHAVES";56057;"ALFREDO CHAVES";12;1;13;"Vereador";20555;"VERA LUCIA BONA";5;1015;80001947283;"EMEF ANA ARAÚJO";"R. EXPEDICIONARIO OSVALDO SAUDINO"
"28/10/2024";"11:46:22";2024;2;"Eleição Ordinária";1;619;"Eleições Municipais 2024";"06/10/2024";"M";"ES";"56057";"ALFREDO CHAVES";56057;"ALFREDO CHAVES";12;12;13;"Vereador";20555;"VERA LUCIA BONA";1;1058;80001947283;"EMEF ENGANO";"R. PRINCIPAL, S/N"
"28/10/2024";"11:46:22";2024;2;"Eleição Ordinária";1;619;"Eleições Municipais 2024";"06/10/2024";"M";"ES";"56057";"ALFREDO CHAVES";56057;"ALFREDO CHAVES";12;28;13;"Vereador";40456;"SERAFINO ANTONIO SIMONI";1;1074;80001947157;"SALÃO DA IGREJA DE SÃO MARTINHO";"R. PRINCIPAL, S/ N"
"28/10/2024";"11:46:22";2024;2;"Eleição Ordinária";1;619;"Eleições Municipais 2024";"06/10/2024";"M";"ES";"56057";"ALFREDO CHAVES";56057;"ALFREDO CHAVES";12;28;13;"Vereador";22123;"CRISTIANO GRILLO";2;1074;80002230753;"SALÃO DA IGREJA DE SÃO MARTINHO";"R. PRINCIPAL, S/ N"
"28/10/2024";"11:46:22";2024;2;"Eleição Ordinária";1;619;"Eleições Municipais 2024";"06/10/2024";"M";"ES";"56057";"ALFREDO CHAVES";56057;"ALFREDO CHAVES";12;85;13;"Vereador";22123;"CRISTIANO GRILLO";1;1244;80002230753;"CRECHE PEQUERRUCHOS";"RUA ANTÔNIO CLAUDIO GAIGHER, 19"
"28/10/2024";"11:46:22";2024;2;"Eleição Ordinária";1;619;"Eleições Municipais 2024";"06/10/2024";"M";"ES";"56057";"ALFREDO CHAVES";56057;"ALFREDO CHAVES";12;34;13;"Vereador";11000;"FRANCISCO DE ASSIS JOSE DOS SANTOS";19;1171;80001982776;"EEEFM CAMILA MOTA";"R. NELSON DA COSTA MELLO, S/ N"
"28/10/2024";"11:46:22";2024;2;"Eleição Ordinária";1;619;"Eleições Municipais 2024";"06/10/2024";"M";"ES";"56057";"ALFREDO CHAVES";56057;"ALFREDO CHAVES";12;19;13;"Vereador";11000;"FRANCISCO DE ASSIS JOSE DOS SANTOS";4;1104;80001982776;"SALÃO COMUNITÁRIO DE NOVA ESTRELA";"R. PRINCIPAL, S/ N"
"28/10/2024";"11:46:22";2024;2;"Eleição Ordinária";1;619;"Eleições Municipais 2024";"06/10/2024";"M";"ES";"56057";"ALFREDO CHAVES";56057;"ALFREDO CHAVES";12;13;13;"Vereador";45888;"ANGELO GABRIEL FAVATO";7;1058;80001982690;"EMEF ENGANO";"R. PRINCIPAL, S/N"
"28/10/2024";"11:46:22";2024;2;"Eleição Ordinária";1;619;"Eleições Municipais 2024";"06/10/2024";"M";"ES";"56057";"ALFREDO CHAVES";56057;"ALFREDO CHAVES";12;1;13;"Vereador";10111;"SILVANA RAMOS DA SILVA";4;1015;80001966353;"EMEF ANA ARAÚJO";"R. EXPEDICIONARIO OSVALDO SAUDINO"
"28/10/2024";"11:46:22";2024;2;"Eleição Ordinária";1;619;"Eleições Municipais 2024";"06/10/2024";"M";"ES";"56057";"ALFREDO CHAVES";56057;"ALFREDO CHAVES";12;41;13;"Vereador";22122;"SILVIA FOLGER BERNABÉ";4;1236;80002230756;"SALÃO PAROQUIAL DA IGREJA DE NOSSA SENHORA DA CONCEIÇÃO";"AV. GETULIO VARGAS, 545"
"28/10/2024";"11:46:22";2024;2;"Eleição Ordinária";1;619;"Eleições Municipais 2024";"06/10/2024";"M";"ES";"56057";"ALFREDO CHAVES";56057;"ALFREDO CHAVES";12;29;13;"Vereador";40456;"SERAFINO ANTONIO SIMONI";51;1147;80001947157;"SALÃO COMUNITÁRIO DE SÃO BENTO DE URÂNIA";"R. PRINCIPAL, S/ N"
"28/10/2024";"11:46:22";2024;2;"Eleição Ordinária";1;619;"Eleições Municipais 2024";"06/10/2024";"M";"ES";"56057";"ALFREDO CHAVES";56057;"ALFREDO CHAVES";12;33;13;"Vereador";40456;"SERAFINO ANTONIO SIMONI";1;1171;80001947157;"EEEFM CAMILA MOTA";"R. NELSON DA COSTA MELLO, S/ N"
"28/10/2024";"11:46:22";2024;2;"Eleição Ordinária";1;619;"Eleições Municipais 2024";"06/10/2024";"M";"ES";"56057";"ALFREDO CHAVES";56057;"ALFREDO CHAVES";12;13;13;"Vereador";55444;"ODAIR AUGUSTO BASSO";62;1058;80001947333;"EMEF ENGANO";"R. PRINCIPAL, S/N"
"28/10/2024";"11:46:22";2024;2;"Eleição Ordinária";1;619;"Eleições Municipais 2024";"06/10/2024";"M";"ES";"56057";"ALFREDO CHAVES";56057;"ALFREDO CHAVES";12;27;13;"Vereador";45513;"DEVANITO GOMES TEIXEIRA";2;1171;80001982691;"EEEFM CAMILA MOTA";"R. NELSON DA COSTA MELLO, S/ N"
"28/10/2024";"11:46:22";2024;2;"Eleição Ordinária";1;619;"Eleições Municipais 2024";"06/10/2024";"M";"ES";"56057";"ALFREDO CHAVES";56057;"ALFREDO CHAVES";12;20;13;"Vereador";55456;"JOAO ENDRINGER JUNIOR";2;1112;80001947335;"SALÃO DA IGREJA CATÓLICA DE CACHOEIRA ALTA";"R. PRINCIPAL, S/ N"
"28/10/2024";"11:46:22";2024;2;"Eleição Ordinária";1;619;"Eleições Municipais 2024";"06/10/2024";"M";"ES";"56057";"ALFREDO CHAVES";56057;"ALFREDO CHAVES";12;85;13;"Vereador";22022;"SAMUEL ARDIZZON BELMOK";2;1244;80002230759;"CRECHE PEQUERRUCHOS";"RUA ANTÔNIO CLAUDIO GAIGHER, 19"
"28/10/2024";"11:46:22";2024;2;"Eleição Ordinária";1;619;"Eleições Municipais 2024";"06/10/2024";"M";"ES";"56057";"ALFREDO CHAVES";56057;"ALFREDO CHAVES";12;41;11;"Prefeito";96;"VOTO NULO";3;1236;-1;"SALÃO PAROQUIAL DA IGREJA DE NOSSA SENHORA DA CONCEIÇÃO";"AV. GETULIO VARGAS, 545"
"28/10/2024";"11:46:22";2024;2;"Eleição Ordinária";1;619;"Eleições Municipais 2024";"06/10/2024";"M";"ES";"56057";"ALFREDO CHAVES";56057;"ALFREDO CHAVES";12;4;13;"Vereador";20111;"RUBERCI FALCÃO";6;1015;80001947282;"EMEF ANA ARAÚJO";"R. EXPEDICIONARIO OSVALDO SAUDINO"
"28/10/2024";"11:46:22";2024;2;"Eleição Ordinária";1;619;"Eleições Municipais 2024";"06/10/2024";"M";"ES";"56057";"ALFREDO CHAVES";56057;"ALFREDO CHAVES";12;34;13;"Vereador";45100;"WELLINGTON MORAES DE AGUIAR";3;1171;80001982697;"EEEFM CAMILA MOTA";"R. NELSON DA COSTA MELLO, S/ N"
"28/10/2024";"11:46:22";2024;2;"Eleição Ordinária";1;619;"Eleições Municipais 2024";"06/10/2024";"M";"ES";"56057";"ALFREDO CHAVES";56057;"ALFREDO CHAVES";12;30;13;"Vereador";40000;"NILTON CESAR BELMOK";13;1171;80001947152;"EEEFM CAMILA MOTA";"R. NELSON DA COSTA MELLO, S/ N"
"28/10/2024";"11:46:22";2024;2;"Eleição Ordinária";1;619;"Eleições Municipais 2024";"06/10/2024";"M";"ES";"56057";"ALFREDO CHAVES";56057;"ALFREDO CHAVES";12;4;13;"Vereador";45123;"RAYANE TOMAZINI BRESSANELLI";2;1015;80001982695;"EMEF ANA ARAÚJO";"R. EXPEDICIONARIO OSVALDO SAUDINO"
"28/10/2024";"11:46:22";2024;2;"Eleição Ordinária";1;619;"Eleições Municipais 2024";"06/10/2024";"M";"ES";"56057";"ALFREDO CHAVES";56057;"ALFREDO CHAVES";12;28;13;"Vereador";55555;"ADILSON JOSE ROVETA";3;1074;80001947332;"SALÃO DA IGREJA DE SÃO MARTINHO";"R. PRINCIPAL, S/ N"
"28/10/2024";"11:46:22";2024;2;"Eleição Ordinária";1;619;"Eleições Municipais 2024";"06/10/2024";"M";"ES";"56057";"ALFREDO CHAVES";56057;"ALFREDO CHAVES";12;85;13;"Vereador";55555;"ADILSON JOSE ROVETA";2;1244;80001947332;"CRECHE PEQUERRUCHOS";"RUA ANTÔNIO CLAUDIO GAIGHER, 19"
"28/10/2024";"11:46:22";2024;2;"Eleição Ordinária";1;619;"Eleições Municipais 2024";"06/10/2024";"M";"ES";"56057";"ALFREDO CHAVES";56057;"ALFREDO CHAVES";12;4;13;"Vereador";22000;"ANDRÉ ALMONFREY ORLANDI";2;1015;80002230761;"EMEF ANA ARAÚJO";"R. EXPEDICIONARIO OSVALDO SAUDINO"
"28/10/2024";"11:46:22";2024;2;"Eleição Ordinária";1;619;"Eleições Municipais 2024";"06/10/2024";"M";"ES";"56057";"ALFREDO CHAVES";56057;"ALFREDO CHAVES";12;85;13;"Vereador";40999;"EMILIA DAS GRAÇAS ALVES PADILHA DOMINGUES";1;1244;80001947155;"CRECHE PEQUERRUCHOS";"RUA ANTÔNIO CLAUDIO GAIGHER, 19"
"28/10/2024";"11:46:22";2024;2;"Eleição Ordinária";1;619;"Eleições Municipais 2024";"06/10/2024";"M";"ES";"56057";"ALFREDO CHAVES";56057;"ALFREDO CHAVES";12;30;13;"Vereador";55444;"ODAIR AUGUSTO BASSO";8;1171;80001947333;"EEEFM CAMILA MOTA";"R. NELSON DA COSTA MELLO, S/ N"
"28/10/2024";"11:46:22";2024;2;"Eleição Ordinária";1;619;"Eleições Municipais 2024";"06/10/2024";"M";"ES";"56057";"ALFREDO CHAVES";56057;"ALFREDO CHAVES";12;1;13;"Vereador";20200;"REGINA PAULA RAUTA MARIANI";1;1015;80001947284;"EMEF ANA ARAÚJO";"R. EXPEDICIONARIO OSVALDO SAUDINO"
"28/10/2024";"11:46:22";2024;2;"Eleição Ordinária";1;619;"Eleições Municipais 2024";"06/10/2024";"M";"ES";"56057";"ALFREDO CHAVES";56057;"ALFREDO CHAVES";12;30;13;"Vereador";40555;"DANIEL ORLANDI";7;1171;80001947149;"EEEFM CAMILA MOTA";"R. NELSON DA COSTA MELLO, S/ N"
"28/10/2024";"11:46:22";2024;2;"Eleição Ordinária";1;619;"Eleições Municipais 2024";"06/10/2024";"M";"ES";"56057";"ALFREDO CHAVES";56057;"ALFREDO CHAVES";12;20;13;"Vereador";55123;"WILIAN DE FREITAS DO ROSARIO";1;1112;80001947337;"SALÃO DA IGREJA CATÓLICA DE CACHOEIRA ALTA";"R. PRINCIPAL, S/ N"
"28/10/2024";"11:46:22";2024;2;"Eleição Ordinária";1;619;"Eleições Municipais 2024";"06/10/2024";"M";"ES";"56057";"ALFREDO CHAVES";56057;"ALFREDO CHAVES";12;39;13;"Vereador";55123;"WILIAN DE FREITAS DO ROSARIO";5;1244;80001947337;"CRECHE PEQUERRUCHOS";"RUA ANTÔNIO CLAUDIO GAIGHER, 19"
"28/10/2024";"11:46:22";2024;2;"Eleição Ordinária";1;619;"Eleições Municipais 2024";"06/10/2024";"M";"ES";"56057";"ALFREDO CHAVES";56057;"ALFREDO CHAVES";12;12;13;"Vereador";11111;"JONACIR JOSE DENADAI";4;1058;80001982774;"EMEF ENGANO";"R. PRINCIPAL, S/N"
"28/10/2024";"11:46:22";2024;2;"Eleição Ordinária";1;619;"Eleições Municipais 2024";"06/10/2024";"M";"ES";"56057";"ALFREDO CHAVES";56057;"ALFREDO CHAVES";12;33;13;"Vereador";22122;"SILVIA FOLGER BERNABÉ";4;1171;80002230756;"EEEFM CAMILA MOTA";"R. NELSON DA COSTA MELLO, S/ N"
"28/10/2024";"11:46:22";2024;2;"Eleição Ordinária";1;619;"Eleições Municipais 2024";"06/10/2024";"M";"ES";"56057";"ALFREDO CHAVES";56057;"ALFREDO CHAVES";12;16;13;"Vereador";40369;"MARIA AUGUSTA BUFFOLO";12;1082;80001947154;"PRÉDIO DA ANTIGA ESCOLA ALMERINDA BRUNORO";"R. PRINCIPAL, S/ N"
"28/10/2024";"11:46:22";2024;2;"Eleição Ordinária";1;619;"Eleições Municipais 2024";"06/10/2024";"M";"ES";"56057";"ALFREDO CHAVES";56057;"ALFREDO CHAVES";12;96;13;"Vereador";40456;"SERAFINO ANTONIO SIMONI";2;1147;80001947157;"SALÃO COMUNITÁRIO DE SÃO BENTO DE URÂNIA";"R. PRINCIPAL, S/ N"
"28/10/2024";"11:46:22";2024;2;"Eleição Ordinária";1;619;"Eleições Municipais 2024";"06/10/2024";"M";"ES";"56057";"ALFREDO CHAVES";56057;"ALFREDO CHAVES";12;96;13;"Vereador";22123;"CRISTIANO GRILLO";1;1147;80002230753;"SALÃO COMUNITÁRIO DE SÃO BENTO DE URÂNIA";"R. PRINCIPAL, S/ N"
"28/10/2024";"11:46:22";2024;2;"Eleição Ordinária";1;619;"Eleições Municipais 2024";"06/10/2024";"M";"ES";"56057";"ALFREDO CHAVES";56057;"ALFREDO CHAVES";12;21;13;"Vereador";22022;"SAMUEL ARDIZZON BELMOK";27;1120;80002230759;"EMUEF QUARTO TERRITÓRIO";"RUA PRINCIPAL, S/N"
"28/10/2024";"11:46:22";2024;2;"Eleição Ordinária";1;619;"Eleições Municipais 2024";"06/10/2024";"M";"ES";"56057";"ALFREDO CHAVES";56057;"ALFREDO CHAVES";12;34;13;"Vereador";45888;"ANGELO GABRIEL FAVATO";1;1171;80001982690;"EEEFM CAMILA MOTA";"R. NELSON DA COSTA MELLO, S/ N"
"28/10/2024";"11:46:22";2024;2;"Eleição Ordinária";1;619;"Eleições Municipais 2024";"06/10/2024";"M";"ES";"56057";"ALFREDO CHAVES";56057;"ALFREDO CHAVES";12;26;11;"Prefeito";95;"VOTO BRANCO";10;1163;-1;"EEUEF VILA NOVA DE MARAVILHA";"R. PRINCIPAL, S/ Nº"
"28/10/2024";"11:46:22";2024;2;"Eleição Ordinária";1;619;"Eleições Municipais 2024";"06/10/2024";"M";"ES";"56057";"ALFREDO CHAVES";56057;"ALFREDO CHAVES";12;5;13;"Vereador";20678;"ADIMAR DE SOUZA MEDINA";2;1015;80001947277;"EMEF ANA ARAÚJO";"R. EXPEDICIONARIO OSVALDO SAUDINO"
"28/10/2024";"11:46:22";2024;2;"Eleição Ordinária";1;619;"Eleições Municipais 2024";"06/10/2024";"M";"ES";"56057";"ALFREDO CHAVES";56057;"ALFREDO CHAVES";12;38;13;"Vereador";11234;"MIGUEL ANTONIO MARTINS CLEN";7;1244;80001982777;"CRECHE PEQUERRUCHOS";"RUA ANTÔNIO CLAUDIO GAIGHER, 19"
"28/10/2024";"11:46:22";2024;2;"Eleição Ordinária";1;619;"Eleições Municipais 2024";"06/10/2024";"M";"ES";"56057";"ALFREDO CHAVES";56057;"ALFREDO CHAVES";12;11;13;"Vereador";20000;"IZABEL PARMAGNANI";2;1040;80001947279;"EEEF DE CRUBIXÁ";"R. PRINCIPAL, S/ Nº"
"28/10/2024";"11:46:22";2024;2;"Eleição Ordinária";1;619;"Eleições Municipais 2024";"06/10/2024";"M";"ES";"56057";"ALFREDO CHAVES";56057;"ALFREDO CHAVES";12;22;13;"Vereador";20777;"RENAUT AMERICO PIO";2;1139;80001947280;"EMEF SAGRADA FAMÍLIA";"R. PRINCIPAL, S/ N"
"28/10/2024";"11:46:22";2024;2;"Eleição Ordinária";1;619;"Eleições Municipais 2024";"06/10/2024";"M";"ES";"56057";"ALFREDO CHAVES";56057;"ALFREDO CHAVES";12;40;13;"Vereador";20777;"RENAUT AMERICO PIO";3;1236;80001947280;"SALÃO PAROQUIAL DA IGREJA DE NOSSA SENHORA DA CONCEIÇÃO";"AV. GETULIO VARGAS, 545"
"28/10/2024";"11:46:22";2024;2;"Eleição Ordinária";1;619;"Eleições Municipais 2024";"06/10/2024";"M";"ES";"56057";"ALFREDO CHAVES";56057;"ALFREDO CHAVES";12;21;11;"Prefeito";95;"VOTO BRANCO";3;1120;-1;"EMUEF QUARTO TERRITÓRIO";"RUA PRINCIPAL, S/N"
"28/10/2024";"11:46:22";2024;2;"Eleição Ordinária";1;619;"Eleições Municipais 2024";"06/10/2024";"M";"ES";"56057";"ALFREDO CHAVES";56057;"ALFREDO CHAVES";12;7;13;"Vereador";20200;"REGINA PAULA RAUTA MARIANI";1;1171;80001947284;"EEEFM CAMILA MOTA";"R. NELSON DA COSTA MELLO, S/ N"
"28/10/2024";"11:46:22";2024;2;"Eleição Ordinária";1;619;"Eleições Municipais 2024";"06/10/2024";"M";"ES";"56057";"ALFREDO CHAVES";56057;"ALFREDO CHAVES";12;18;11;"Prefeito";40;"ROLMAR BOTECCHIA";72;1090;80001947211;"EMEF FELIPE MODOLO";"R. PRINCIPAL, S/ N"
"28/10/2024";"11:46:22";2024;2;"Eleição Ordinária";1;619;"Eleições Municipais 2024";"06/10/2024";"M";"ES";"56057";"ALFREDO CHAVES";56057;"ALFREDO CHAVES";12;3;11;"Prefeito";40;"ROLMAR BOTECCHIA";86;1015;80001947211;"EMEF ANA ARAÚJO";"R. EXPEDICIONARIO OSVALDO SAUDINO"
"28/10/2024";"11:46:22";2024;2;"Eleição Ordinária";1;619;"Eleições Municipais 2024";"06/10/2024";"M";"ES";"56057";"ALFREDO CHAVES";56057;"ALFREDO CHAVES";12;8;13;"Vereador";11555;"HERMES LUIZ MARCHIORI ATHAIDES";6;1023;80001982779;"EEEFM CAMILA MOTA";"R. NELSON DA COSTA MELLO, S/ N"
"28/10/2024";"11:46:22";2024;2;"Eleição Ordinária";1;619;"Eleições Municipais 2024";"06/10/2024";"M";"ES";"56057";"ALFREDO CHAVES";56057;"ALFREDO CHAVES";12;23;13;"Vereador";20777;"RENAUT AMERICO PIO";1;1139;80001947280;"EMEF SAGRADA FAMÍLIA";"R. PRINCIPAL, S/ N"
"28/10/2024";"11:46:22";2024;2;"Eleição Ordinária";1;619;"Eleições Municipais 2024";"06/10/2024";"M";"ES";"56057";"ALFREDO CHAVES";56057;"ALFREDO CHAVES";12;21;13;"Vereador";20111;"RUBERCI FALCÃO";4;1120;80001947282;"EMUEF QUARTO TERRITÓRIO";"RUA PRINCIPAL, S/N"
"28/10/2024";"11:46:22";2024;2;"Eleição Ordinária";1;619;"Eleições Municipais 2024";"06/10/2024";"M";"ES";"56057";"ALFREDO CHAVES";56057;"ALFREDO CHAVES";12;35;11;"Prefeito";95;"VOTO BRANCO";2;1171;-1;"EEEFM CAMILA MOTA";"R. NELSON DA COSTA MELLO, S/ N"
"28/10/2024";"11:46:22";2024;2;"Eleição Ordinária";1;619;"Eleições Municipais 2024";"06/10/2024";"M";"ES";"56057";"ALFREDO CHAVES";56057;"ALFREDO CHAVES";12;41;13;"Vereador";20555;"VERA LUCIA BONA";3;1236;80001947283;"SALÃO PAROQUIAL DA IGREJA DE NOSSA SENHORA DA CONCEIÇÃO";"AV. GETULIO VARGAS, 545"
"28/10/2024";"11:46:22";2024;2;"Eleição Ordinária";1;619;"Eleições Municipais 2024";"06/10/2024";"M";"ES";"56057";"ALFREDO CHAVES";56057;"ALFREDO CHAVES";12;10;13;"Vereador";55152;"ARILDO ALVES";4;1040;80001947338;"EEEF DE CRUBIXÁ";"R. PRINCIPAL, S/ Nº"
"28/10/2024";"11:46:22";2024;2;"Eleição Ordinária";1;619;"Eleições Municipais 2024";"06/10/2024";"M";"ES";"56057";"ALFREDO CHAVES";56057;"ALFREDO CHAVES";12;21;13;"Vereador";45888;"ANGELO GABRIEL FAVATO";1;1120;80001982690;"EMUEF QUARTO TERRITÓRIO";"RUA PRINCIPAL, S/N"
"28/10/2024";"11:46:22";2024;2;"Eleição Ordinária";1;619;"Eleições Municipais 2024";"06/10/2024";"M";"ES";"56057";"ALFREDO CHAVES";56057;"ALFREDO CHAVES";12;23;13;"Vereador";22122;"SILVIA FOLGER BERNABÉ";3;1139;80002230756;"EMEF SAGRADA FAMÍLIA";"R. PRINCIPAL, S/ N"
"28/10/2024";"11:46:22";2024;2;"Eleição Ordinária";1;619;"Eleições Municipais 2024";"06/10/2024";"M";"ES";"56057";"ALFREDO CHAVES";56057;"ALFREDO CHAVES";12;1;13;"Vereador";55152;"ARILDO ALVES";3;1015;80001947338;"EMEF ANA ARAÚJO";"R. EXPEDICIONARIO OSVALDO SAUDINO"
"28/10/2024";"11:46:22";2024;2;"Eleição Ordinária";1;619;"Eleições Municipais 2024";"06/10/2024";"M";"ES";"56057";"ALFREDO CHAVES";56057;"ALFREDO CHAVES";12;40;13;"Vereador";40456;"SERAFINO ANTONIO SIMONI";2;1236;80001947157;"SALÃO PAROQUIAL DA IGREJA DE NOSSA SENHORA DA CONCEIÇÃO";"AV. GETULIO VARGAS, 545"
"28/10/2024";"11:46:22";2024;2;"Eleição Ordinária";1;619;"Eleições Municipais 2024";"06/10/2024";"M";"ES";"56057";"ALFREDO CHAVES";56057;"ALFREDO CHAVES";12;15;13;"Vereador";40456;"SERAFINO ANTONIO SIMONI";6;1074;80001947157;"SALÃO DA IGREJA DE SÃO MARTINHO";"R. PRINCIPAL, S/ N"
"28/10/2024";"11:46:22";2024;2;"Eleição Ordinária";1;619;"Eleições Municipais 2024";"06/10/2024";"M";"ES";"56057";"ALFREDO CHAVES";56057;"ALFREDO CHAVES";12;23;13;"Vereador";96;"VOTO NULO";1;1139;-1;"EMEF SAGRADA FAMÍLIA";"R. PRINCIPAL, S/ N"
"28/10/2024";"11:46:22";2024;2;"Eleição Ordinária";1;619;"Eleições Municipais 2024";"06/10/2024";"M";"ES";"56057";"ALFREDO CHAVES";56057;"ALFREDO CHAVES";12;37;13;"Vereador";40456;"SERAFINO ANTONIO SIMONI";4;1228;80001947157;"CRECHE COMECINHO DE GENTE";"AV. DARCY DE PAULA GAIGHER, S/N"
"28/10/2024";"11:46:22";2024;2;"Eleição Ordinária";1;619;"Eleições Municipais 2024";"06/10/2024";"M";"ES";"56057";"ALFREDO CHAVES";56057;"ALFREDO CHAVES";12;22;13;"Vereador";40456;"SERAFINO ANTONIO SIMONI";7;1139;80001947157;"EMEF SAGRADA FAMÍLIA";"R. PRINCIPAL, S/ N"
"28/10/2024";"11:46:22";2024;2;"Eleição Ordinária";1;619;"Eleições Municipais 2024";"06/10/2024";"M";"ES";"56057";"ALFREDO CHAVES";56057;"ALFREDO CHAVES";12;22;13;"Vereador";22123;"CRISTIANO GRILLO";2;1139;80002230753;"EMEF SAGRADA FAMÍLIA";"R. PRINCIPAL, S/ N"
"28/10/2024";"11:46:22";2024;2;"Eleição Ordinária";1;619;"Eleições Municipais 2024";"06/10/2024";"M";"ES";"56057";"ALFREDO CHAVES";56057;"ALFREDO CHAVES";12;21;11;"Prefeito";22;"LUIZ CLAUDIO BOLDRINI";45;1120;80002271252;"EMUEF QUARTO TERRITÓRIO";"RUA PRINCIPAL, S/N"
"28/10/2024";"11:46:22";2024;2;"Eleição Ordinária";1;619;"Eleições Municipais 2024";"06/10/2024";"M";"ES";"56057";"ALFREDO CHAVES";56057;"ALFREDO CHAVES";12;9;11;"Prefeito";40;"ROLMAR BOTECCHIA";61;1031;80001947211;"EMEF FAZENDA APARECIDA";"R. PRINCIPAL, S/ Nº"
"28/10/2024";"11:46:22";2024;2;"Eleição Ordinária";1;619;"Eleições Municipais 2024";"06/10/2024";"M";"ES";"56057";"ALFREDO CHAVES";56057;"ALFREDO CHAVES";12;21;13;"Vereador";45666;"SERGIO BIANCHI";52;1120;80001982693;"EMUEF QUARTO TERRITÓRIO";"RUA PRINCIPAL, S/N"
"28/10/2024";"11:46:22";2024;2;"Eleição Ordinária";1;619;"Eleições Municipais 2024";"06/10/2024";"M";"ES";"56057";"ALFREDO CHAVES";56057;"ALFREDO CHAVES";12;40;13;"Vereador";55000;"JONAS NUNES SIMÕES";6;1236;80001947340;"SALÃO PAROQUIAL DA IGREJA DE NOSSA SENHORA DA CONCEIÇÃO";"AV. GETULIO VARGAS, 545"
"28/10/2024";"11:46:22";2024;2;"Eleição Ordinária";1;619;"Eleições Municipais 2024";"06/10/2024";"M";"ES";"56057";"ALFREDO CHAVES";56057;"ALFREDO CHAVES";12;15;13;"Vereador";55000;"JONAS NUNES SIMÕES";5;1074;80001947340;"SALÃO DA IGREJA DE SÃO MARTINHO";"R. PRINCIPAL, S/ N"
"28/10/2024";"11:46:22";2024;2;"Eleição Ordinária";1;619;"Eleições Municipais 2024";"06/10/2024";"M";"ES";"56057";"ALFREDO CHAVES";56057;"ALFREDO CHAVES";12;30;13;"Vereador";45666;"SERGIO BIANCHI";5;1171;80001982693;"EEEFM CAMILA MOTA";"R. NELSON DA COSTA MELLO, S/ N"
"28/10/2024";"11:46:22";2024;2;"Eleição Ordinária";1;619;"Eleições Municipais 2024";"06/10/2024";"M";"ES";"56057";"ALFREDO CHAVES";56057;"ALFREDO CHAVES";12;37;13;"Vereador";40444;"ALAESSO LORENZON";2;1228;80001947150;"CRECHE COMECINHO DE GENTE";"AV. DARCY DE PAULA GAIGHER, S/N"
"28/10/2024";"11:46:22";2024;2;"Eleição Ordinária";1;619;"Eleições Municipais 2024";"06/10/2024";"M";"ES";"56057";"ALFREDO CHAVES";56057;"ALFREDO CHAVES";12;17;13;"Vereador";11100;"TAIS LIMA TEIXEIRA ULIANA";2;1090;80001982780;"EMEF FELIPE MODOLO";"R. PRINCIPAL, S/ N"
"28/10/2024";"11:46:22";2024;2;"Eleição Ordinária";1;619;"Eleições Municipais 2024";"06/10/2024";"M";"ES";"56057";"ALFREDO CHAVES";56057;"ALFREDO CHAVES";12;8;13;"Vereador";22022;"SAMUEL ARDIZZON BELMOK";6;1023;80002230759;"EEEFM CAMILA MOTA";"R. NELSON DA COSTA MELLO, S/ N"
"28/10/2024";"11:46:22";2024;2;"Eleição Ordinária";1;619;"Eleições Municipais 2024";"06/10/2024";"M";"ES";"56057";"ALFREDO CHAVES";56057;"ALFREDO CHAVES";12;5;13;"Vereador";40321;"GILSON LUIZ BELLON";1;1015;80001947151;"EMEF ANA ARAÚJO";"R. EXPEDICIONARIO OSVALDO SAUDINO"
"28/10/2024";"11:46:22";2024;2;"Eleição Ordinária";1;619;"Eleições Municipais 2024";"06/10/2024";"M";"ES";"56057";"ALFREDO CHAVES";56057;"ALFREDO CHAVES";12;21;13;"Vereador";20123;"ARMANDO ZANATA INGLE RIBEIRO";2;1120;80001947278;"EMUEF QUARTO TERRITÓRIO";"RUA PRINCIPAL, S/N"
"28/10/2024";"11:46:22";2024;2;"Eleição Ordinária";1;619;"Eleições Municipais 2024";"06/10/2024";"M";"ES";"56057";"ALFREDO CHAVES";56057;"ALFREDO CHAVES";12;37;13;"Vereador";11555;"HERMES LUIZ MARCHIORI ATHAIDES";41;1228;80001982779;"CRECHE COMECINHO DE GENTE";"AV. DARCY DE PAULA GAIGHER, S/N"
"28/10/2024";"11:46:22";2024;2;"Eleição Ordinária";1;619;"Eleições Municipais 2024";"06/10/2024";"M";"ES";"56057";"ALFREDO CHAVES";56057;"ALFREDO CHAVES";12;16;13;"Vereador";20190;"MARCELO CRISTIANO CARDOSO FARIA";40;1082;80001947286;"PRÉDIO DA ANTIGA ESCOLA ALMERINDA BRUNORO";"R. PRINCIPAL, S/ N"
"28/10/2024";"11:46:22";2024;2;"Eleição Ordinária";1;619;"Eleições Municipais 2024";"06/10/2024";"M";"ES";"56057";"ALFREDO CHAVES";56057;"ALFREDO CHAVES";12;11;13;"Vereador";22040;"EDEVANILDE GORETI BREDA ALMEIDA";2;1040;80002230757;"EEEF DE CRUBIXÁ";"R. PRINCIPAL, S/ Nº"
"28/10/2024";"11:46:22";2024;2;"Eleição Ordinária";1;619;"Eleições Municipais 2024";"06/10/2024";"M";"ES";"56057";"ALFREDO CHAVES";56057;"ALFREDO CHAVES";12;9;11;"Prefeito";96;"VOTO NULO";13;1031;-1;"EMEF FAZENDA APARECIDA";"R. PRINCIPAL, S/ Nº"
"28/10/2024";"11:46:22";2024;2;"Eleição Ordinária";1;619;"Eleições Municipais 2024";"06/10/2024";"M";"ES";"56057";"ALFREDO CHAVES";56057;"ALFREDO CHAVES";12;34;13;"Vereador";10789;"LUIS ALBERTO BIANCHI";3;1171;80001966357;"EEEFM CAMILA MOTA";"R. NELSON DA COSTA MELLO, S/ N"
"28/10/2024";"11:46:22";2024;2;"Eleição Ordinária";1;619;"Eleições Municipais 2024";"06/10/2024";"M";"ES";"56057";"ALFREDO CHAVES";56057;"ALFREDO CHAVES";12;19;13;"Vereador";10789;"LUIS ALBERTO BIANCHI";1;1104;80001966357;"SALÃO COMUNITÁRIO DE NOVA ESTRELA";"R. PRINCIPAL, S/ N"
"28/10/2024";"11:46:22";2024;2;"Eleição Ordinária";1;619;"Eleições Municipais 2024";"06/10/2024";"M";"ES";"56057";"ALFREDO CHAVES";56057;"ALFREDO CHAVES";12;5;13;"Vereador";22111;"FABIO DAMASCENO GALVAO";3;1015;80002230754;"EMEF ANA ARAÚJO";"R. EXPEDICIONARIO OSVALDO SAUDINO"
"28/10/2024";"11:46:22";2024;2;"Eleição Ordinária";1;619;"Eleições Municipais 2024";"06/10/2024";"M";"ES";"56057";"ALFREDO CHAVES";56057;"ALFREDO CHAVES";12;23;13;"Vereador";10400;"GABRIEL NICHETI";48;1139;80001966350;"EMEF SAGRADA FAMÍLIA";"R. PRINCIPAL, S/ N"
"28/10/2024";"11:46:22";2024;2;"Eleição Ordinária";1;619;"Eleições Municipais 2024";"06/10/2024";"M";"ES";"56057";"ALFREDO CHAVES";56057;"ALFREDO CHAVES";12;41;13;"Vereador";55123;"WILIAN DE FREITAS DO ROSARIO";2;1236;80001947337;"SALÃO PAROQUIAL DA IGREJA DE NOSSA SENHORA DA CONCEIÇÃO";"AV. GETULIO VARGAS, 545"
"28/10/2024";"11:46:22";2024;2;"Eleição Ordinária";1;619;"Eleições Municipais 2024";"06/10/2024";"M";"ES";"56057";"ALFREDO CHAVES";56057;"ALFREDO CHAVES";12;30;13;"Vereador";11222;"KATIUSCIA SARTORI SILVA COMINOTTI";2;1171;80001982782;"EEEFM CAMILA MOTA";"R. NELSON DA COSTA MELLO, S/ N"
"28/10/2024";"11:46:22";2024;2;"Eleição Ordinária";1;619;"Eleições Municipais 2024";"06/10/2024";"M";"ES";"56057";"ALFREDO CHAVES";56057;"ALFREDO CHAVES";12;26;13;"Vereador";55222;"VALENTIN LUIZ MOROZINI";17;1163;80001947336;"EEUEF VILA NOVA DE MARAVILHA";"R. PRINCIPAL, S/ Nº"
"28/10/2024";"11:46:22";2024;2;"Eleição Ordinária";1;619;"Eleições Municipais 2024";"06/10/2024";"M";"ES";"56057";"ALFREDO CHAVES";56057;"ALFREDO CHAVES";12;38;13;"Vereador";45123;"RAYANE TOMAZINI BRESSANELLI";5;1244;80001982695;"CRECHE PEQUERRUCHOS";"RUA ANTÔNIO CLAUDIO GAIGHER, 19"
"28/10/2024";"11:46:22";2024;2;"Eleição Ordinária";1;619;"Eleições Municipais 2024";"06/10/2024";"M";"ES";"56057";"ALFREDO CHAVES";56057;"ALFREDO CHAVES";12;38;13;"Vereador";11555;"HERMES LUIZ MARCHIORI ATHAIDES";4;1244;80001982779;"CRECHE PEQUERRUCHOS";"RUA ANTÔNIO CLAUDIO GAIGHER, 19"
"28/10/2024";"11:46:22";2024;2;"Eleição Ordinária";1;619;"Eleições Municipais 2024";"06/10/2024";"M";"ES";"56057";"ALFREDO CHAVES";56057;"ALFREDO CHAVES";12;33;13;"Vereador";40555;"DANIEL ORLANDI";13;1171;80001947149;"EEEFM CAMILA MOTA";"R. NELSON DA COSTA MELLO, S/ N"
"28/10/2024";"11:46:22";2024;2;"Eleição Ordinária";1;619;"Eleições Municipais 2024";"06/10/2024";"M";"ES";"56057";"ALFREDO CHAVES";56057;"ALFREDO CHAVES";12;33;13;"Vereador";10111;"SILVANA RAMOS DA SILVA";3;1171;80001966353;"EEEFM CAMILA MOTA";"R. NELSON DA COSTA MELLO, S/ N"
"28/10/2024";"11:46:22";2024;2;"Eleição Ordinária";1;619;"Eleições Municipais 2024";"06/10/2024";"M";"ES";"56057";"ALFREDO CHAVES";56057;"ALFREDO CHAVES";12;34;13;"Vereador";55000;"JONAS NUNES SIMÕES";9;1171;80001947340;"EEEFM CAMILA MOTA";"R. NELSON DA COSTA MELLO, S/ N"
"28/10/2024";"11:46:22";2024;2;"Eleição Ordinária";1;619;"Eleições Municipais 2024";"06/10/2024";"M";"ES";"56057";"ALFREDO CHAVES";56057;"ALFREDO CHAVES";12;37;13;"Vereador";20123;"ARMANDO ZANATA INGLE RIBEIRO";21;1228;80001947278;"CRECHE COMECINHO DE GENTE";"AV. DARCY DE PAULA GAIGHER, S/N"
"28/10/2024";"11:46:22";2024;2;"Eleição Ordinária";1;619;"Eleições Municipais 2024";"06/10/2024";"M";"ES";"56057";"ALFREDO CHAVES";56057;"ALFREDO CHAVES";12;40;13;"Vereador";22123;"CRISTIANO GRILLO";4;1236;80002230753;"SALÃO PAROQUIAL DA IGREJA DE NOSSA SENHORA DA CONCEIÇÃO";"AV. GETULIO VARGAS, 545"
"28/10/2024";"11:46:22";2024;2;"Eleição Ordinária";1;619;"Eleições Municipais 2024";"06/10/2024";"M";"ES";"56057";"ALFREDO CHAVES";56057;"ALFREDO CHAVES";12;15;13;"Vereador";22123;"CRISTIANO GRILLO";1;1074;80002230753;"SALÃO DA IGREJA DE SÃO MARTINHO";"R. PRINCIPAL, S/ N"
"28/10/2024";"11:46:22";2024;2;"Eleição Ordinária";1;619;"Eleições Municipais 2024";"06/10/2024";"M";"ES";"56057";"ALFREDO CHAVES";56057;"ALFREDO CHAVES";12;35;13;"Vereador";45513;"DEVANITO GOMES TEIXEIRA";2;1171;80001982691;"EEEFM CAMILA MOTA";"R. NELSON DA COSTA MELLO, S/ N"
"28/10/2024";"11:46:22";2024;2;"Eleição Ordinária";1;619;"Eleições Municipais 2024";"06/10/2024";"M";"ES";"56057";"ALFREDO CHAVES";56057;"ALFREDO CHAVES";12;5;13;"Vereador";40369;"MARIA AUGUSTA BUFFOLO";2;1015;80001947154;"EMEF ANA ARAÚJO";"R. EXPEDICIONARIO OSVALDO SAUDINO"
"28/10/2024";"11:46:22";2024;2;"Eleição Ordinária";1;619;"Eleições Municipais 2024";"06/10/2024";"M";"ES";"56057";"ALFREDO CHAVES";56057;"ALFREDO CHAVES";12;37;13;"Vereador";45123;"RAYANE TOMAZINI BRESSANELLI";1;1228;80001982695;"CRECHE COMECINHO DE GENTE";"AV. DARCY DE PAULA GAIGHER, S/N"
"28/10/2024";"11:46:22";2024;2;"Eleição Ordinária";1;619;"Eleições Municipais 2024";"06/10/2024";"M";"ES";"56057";"ALFREDO CHAVES";56057;"ALFREDO CHAVES";12;8;13;"Vereador";45888;"ANGELO GABRIEL FAVATO";1;1023;80001982690;"EEEFM CAMILA MOTA";"R. NELSON DA COSTA MELLO, S/ N"
"28/10/2024";"11:46:22";2024;2;"Eleição Ordinária";1;619;"Eleições Municipais 2024";"06/10/2024";"M";"ES";"56057";"ALFREDO CHAVES";56057;"ALFREDO CHAVES";12;7;13;"Vereador";55333;"BERENICE DA PENHA GALVAO PEREIRA";3;1171;80001947339;"EEEFM CAMILA MOTA";"R. NELSON DA COSTA MELLO, S/ N"
"28/10/2024";"11:46:22";2024;2;"Eleição Ordinária";1;619;"Eleições Municipais 2024";"06/10/2024";"M";"ES";"56057";"ALFREDO CHAVES";56057;"ALFREDO CHAVES";12;10;13;"Vereador";40456;"SERAFINO ANTONIO SIMONI";2;1040;80001947157;"EEEF DE CRUBIXÁ";"R. PRINCIPAL, S/ Nº"
"28/10/2024";"11:46:22";2024;2;"Eleição Ordinária";1;619;"Eleições Municipais 2024";"06/10/2024";"M";"ES";"56057";"ALFREDO CHAVES";56057;"ALFREDO CHAVES";12;10;13;"Vereador";22123;"CRISTIANO GRILLO";4;1040;80002230753;"EEEF DE CRUBIXÁ";"R. PRINCIPAL, S/ Nº"
"28/10/2024";"11:46:22";2024;2;"Eleição Ordinária";1;619;"Eleições Municipais 2024";"06/10/2024";"M";"ES";"56057";"ALFREDO CHAVES";56057;"ALFREDO CHAVES";12;8;13;"Vereador";22000;"ANDRÉ ALMONFREY ORLANDI";2;1023;80002230761;"EEEFM CAMILA MOTA";"R. NELSON DA COSTA MELLO, S/ N"
"28/10/2024";"11:46:22";2024;2;"Eleição Ordinária";1;619;"Eleições Municipais 2024";"06/10/2024";"M";"ES";"56057";"ALFREDO CHAVES";56057;"ALFREDO CHAVES";12;7;13;"Vereador";40444;"ALAESSO LORENZON";1;1171;80001947150;"EEEFM CAMILA MOTA";"R. NELSON DA COSTA MELLO, S/ N"
"28/10/2024";"11:46:22";2024;2;"Eleição Ordinária";1;619;"Eleições Municipais 2024";"06/10/2024";"M";"ES";"56057";"ALFREDO CHAVES";56057;"ALFREDO CHAVES";12;2;13;"Vereador";96;"VOTO NULO";2;1015;-1;"EMEF ANA ARAÚJO";"R. EXPEDICIONARIO OSVALDO SAUDINO"
"28/10/2024";"11:46:22";2024;2;"Eleição Ordinária";1;619;"Eleições Municipais 2024";"06/10/2024";"M";"ES";"56057";"ALFREDO CHAVES";56057;"ALFREDO CHAVES";12;31;13;"Vereador";96;"VOTO NULO";3;1171;-1;"EEEFM CAMILA MOTA";"R. NELSON DA COSTA MELLO, S/ N"
"28/10/2024";"11:46:22";2024;2;"Eleição Ordinária";1;619;"Eleições Municipais 2024";"06/10/2024";"M";"ES";"56057";"ALFREDO CHAVES";56057;"ALFREDO CHAVES";12;19;13;"Vereador";11122;"ALONCIO QUINTINO FRANCO";2;1104;80001982778;"SALÃO COMUNITÁRIO DE NOVA ESTRELA";"R. PRINCIPAL, S/ N"
"28/10/2024";"11:46:22";2024;2;"Eleição Ordinária";1;619;"Eleições Municipais 2024";"06/10/2024";"M";"ES";"56057";"ALFREDO CHAVES";56057;"ALFREDO CHAVES";12;8;13;"Vereador";20190;"MARCELO CRISTIANO CARDOSO FARIA";6;1023;80001947286;"EEEFM CAMILA MOTA";"R. NELSON DA COSTA MELLO, S/ N"
"28/10/2024";"11:46:22";2024;2;"Eleição Ordinária";1;619;"Eleições Municipais 2024";"06/10/2024";"M";"ES";"56057";"ALFREDO CHAVES";56057;"ALFREDO CHAVES";12;5;13;"Vereador";10000;"JANDIR GRATIERI";1;1015;80001966356;"EMEF ANA ARAÚJO";"R. EXPEDICIONARIO OSVALDO SAUDINO"
"28/10/2024";"11:46:22";2024;2;"Eleição Ordinária";1;619;"Eleições Municipais 2024";"06/10/2024";"M";"ES";"56057";"ALFREDO CHAVES";56057;"ALFREDO CHAVES";12;41;13;"Vereador";22022;"SAMUEL ARDIZZON BELMOK";7;1236;80002230759;"SALÃO PAROQUIAL DA IGREJA DE NOSSA SENHORA DA CONCEIÇÃO";"AV. GETULIO VARGAS, 545"
"28/10/2024";"11:46:22";2024;2;"Eleição Ordinária";1;619;"Eleições Municipais 2024";"06/10/2024";"M";"ES";"56057";"ALFREDO CHAVES";56057;"ALFREDO CHAVES";12;34;11;"Prefeito";11;"HUGO LUIZ PICOLI MENEGHEL";153;1171;80002104371;"EEEFM CAMILA MOTA";"R. NELSON DA COSTA MELLO, S/ N"
"28/10/2024";"11:46:22";2024;2;"Eleição Ordinária";1;619;"Eleições Municipais 2024";"06/10/2024";"M";"ES";"56057";"ALFREDO CHAVES";56057;"ALFREDO CHAVES";12;19;11;"Prefeito";11;"HUGO LUIZ PICOLI MENEGHEL";99;1104;80002104371;"SALÃO COMUNITÁRIO DE NOVA ESTRELA";"R. PRINCIPAL, S/ N"
"28/10/2024";"11:46:22";2024;2;"Eleição Ordinária";1;619;"Eleições Municipais 2024";"06/10/2024";"M";"ES";"56057";"ALFREDO CHAVES";56057;"ALFREDO CHAVES";12;18;13;"Vereador";96;"VOTO NULO";2;1090;-1;"EMEF FELIPE MODOLO";"R. PRINCIPAL, S/ N"
"28/10/2024";"11:46:22";2024;2;"Eleição Ordinária";1;619;"Eleições Municipais 2024";"06/10/2024";"M";"ES";"56057";"ALFREDO CHAVES";56057;"ALFREDO CHAVES";12;34;11;"Prefeito";40;"ROLMAR BOTECCHIA";83;1171;80001947211;"EEEFM CAMILA MOTA";"R. NELSON DA COSTA MELLO, S/ N"
"28/10/2024";"11:46:22";2024;2;"Eleição Ordinária";1;619;"Eleições Municipais 2024";"06/10/2024";"M";"ES";"56057";"ALFREDO CHAVES";56057;"ALFREDO CHAVES";12;25;13;"Vereador";96;"VOTO NULO";4;1155;-1;"EMEF FELIPE MODOLO";"R. PRINCIPAL, S/ N"
"28/10/2024";"11:46:22";2024;2;"Eleição Ordinária";1;619;"Eleições Municipais 2024";"06/10/2024";"M";"ES";"56057";"ALFREDO CHAVES";56057;"ALFREDO CHAVES";12;19;11;"Prefeito";40;"ROLMAR BOTECCHIA";68;1104;80001947211;"SALÃO COMUNITÁRIO DE NOVA ESTRELA";"R. PRINCIPAL, S/ N"
"28/10/2024";"11:46:22";2024;2;"Eleição Ordinária";1;619;"Eleições Municipais 2024";"06/10/2024";"M";"ES";"56057";"ALFREDO CHAVES";56057;"ALFREDO CHAVES";12;25;13;"Vereador";20000;"IZABEL PARMAGNANI";2;1155;80001947279;"EMEF FELIPE MODOLO";"R. PRINCIPAL, S/ N"
"28/10/2024";"11:46:22";2024;2;"Eleição Ordinária";1;619;"Eleições Municipais 2024";"06/10/2024";"M";"ES";"56057";"ALFREDO CHAVES";56057;"ALFREDO CHAVES";12;28;13;"Vereador";96;"VOTO NULO";2;1074;-1;"SALÃO DA IGREJA DE SÃO MARTINHO";"R. PRINCIPAL, S/ N"
"28/10/2024";"11:46:22";2024;2;"Eleição Ordinária";1;619;"Eleições Municipais 2024";"06/10/2024";"M";"ES";"56057";"ALFREDO CHAVES";56057;"ALFREDO CHAVES";12;85;13;"Vereador";96;"VOTO NULO";5;1244;-1;"CRECHE PEQUERRUCHOS";"RUA ANTÔNIO CLAUDIO GAIGHER, 19"
"28/10/2024";"11:46:22";2024;2;"Eleição Ordinária";1;619;"Eleições Municipais 2024";"06/10/2024";"M";"ES";"56057";"ALFREDO CHAVES";56057;"ALFREDO CHAVES";12;85;13;"Vereador";20000;"IZABEL PARMAGNANI";13;1244;80001947279;"CRECHE PEQUERRUCHOS";"RUA ANTÔNIO CLAUDIO GAIGHER, 19"
"28/10/2024";"11:46:22";2024;2;"Eleição Ordinária";1;619;"Eleições Municipais 2024";"06/10/2024";"M";"ES";"56057";"ALFREDO CHAVES";56057;"ALFREDO CHAVES";12;35;13;"Vereador";11555;"HERMES LUIZ MARCHIORI ATHAIDES";13;1171;80001982779;"EEEFM CAMILA MOTA";"R. NELSON DA COSTA MELLO, S/ N"
"28/10/2024";"11:46:22";2024;2;"Eleição Ordinária";1;619;"Eleições Municipais 2024";"06/10/2024";"M";"ES";"56057";"ALFREDO CHAVES";56057;"ALFREDO CHAVES";12;4;13;"Vereador";22123;"CRISTIANO GRILLO";2;1015;80002230753;"EMEF ANA ARAÚJO";"R. EXPEDICIONARIO OSVALDO SAUDINO"
"28/10/2024";"11:46:22";2024;2;"Eleição Ordinária";1;619;"Eleições Municipais 2024";"06/10/2024";"M";"ES";"56057";"ALFREDO CHAVES";56057;"ALFREDO CHAVES";12;21;13;"Vereador";45555;"MARCIA FRANCISCO";2;1120;80001982694;"EMUEF QUARTO TERRITÓRIO";"RUA PRINCIPAL, S/N"
"28/10/2024";"11:46:22";2024;2;"Eleição Ordinária";1;619;"Eleições Municipais 2024";"06/10/2024";"M";"ES";"56057";"ALFREDO CHAVES";56057;"ALFREDO CHAVES";12;21;13;"Vereador";10123;"ALEFY JUNIOR CLAUDIO SIMOES";21;1120;80001966351;"EMUEF QUARTO TERRITÓRIO";"RUA PRINCIPAL, S/N"
"28/10/2024";"11:46:22";2024;2;"Eleição Ordinária";1;619;"Eleições Municipais 2024";"06/10/2024";"M";"ES";"56057";"ALFREDO CHAVES";56057;"ALFREDO CHAVES";12;21;13;"Vereador";10222;"JOSIMAR PIUMBINI";33;1120;80001966355;"EMUEF QUARTO TERRITÓRIO";"RUA PRINCIPAL, S/N"
"28/10/2024";"11:46:22";2024;2;"Eleição Ordinária";1;619;"Eleições Municipais 2024";"06/10/2024";"M";"ES";"56057";"ALFREDO CHAVES";56057;"ALFREDO CHAVES";12;6;13;"Vereador";22500;"LAUDEMIR CARLOS PEREIRA";1;1023;80002230758;"EEEFM CAMILA MOTA";"R. NELSON DA COSTA MELLO, S/ N"
"28/10/2024";"11:46:22";2024;2;"Eleição Ordinária";1;619;"Eleições Municipais 2024";"06/10/2024";"M";"ES";"56057";"ALFREDO CHAVES";56057;"ALFREDO CHAVES";12;14;13;"Vereador";11555;"HERMES LUIZ MARCHIORI ATHAIDES";4;1066;80001982779;"SALÃO DA IGREJA CATÓLICA DE SÃO FRANCISCO DE BATATAL";"RUA PRINCIPAL, S/ N"
"28/10/2024";"11:46:22";2024;2;"Eleição Ordinária";1;619;"Eleições Municipais 2024";"06/10/2024";"M";"ES";"56057";"ALFREDO CHAVES";56057;"ALFREDO CHAVES";12;1;13;"Vereador";11555;"HERMES LUIZ MARCHIORI ATHAIDES";10;1015;80001982779;"EMEF ANA ARAÚJO";"R. EXPEDICIONARIO OSVALDO SAUDINO"
"28/10/2024";"11:46:22";2024;2;"Eleição Ordinária";1;619;"Eleições Municipais 2024";"06/10/2024";"M";"ES";"56057";"ALFREDO CHAVES";56057;"ALFREDO CHAVES";12;12;13;"Vereador";11555;"HERMES LUIZ MARCHIORI ATHAIDES";5;1058;80001982779;"EMEF ENGANO";"R. PRINCIPAL, S/N"
"28/10/2024";"11:46:22";2024;2;"Eleição Ordinária";1;619;"Eleições Municipais 2024";"06/10/2024";"M";"ES";"56057";"ALFREDO CHAVES";56057;"ALFREDO CHAVES";12;16;13;"Vereador";45666;"SERGIO BIANCHI";1;1082;80001982693;"PRÉDIO DA ANTIGA ESCOLA ALMERINDA BRUNORO";"R. PRINCIPAL, S/ N"
"28/10/2024";"11:46:22";2024;2;"Eleição Ordinária";1;619;"Eleições Municipais 2024";"06/10/2024";"M";"ES";"56057";"ALFREDO CHAVES";56057;"ALFREDO CHAVES";12;13;13;"Vereador";10000;"JANDIR GRATIERI";1;1058;80001966356;"EMEF ENGANO";"R. PRINCIPAL, S/N"
"28/10/2024";"11:46:22";2024;2;"Eleição Ordinária";1;619;"Eleições Municipais 2024";"06/10/2024";"M";"ES";"56057";"ALFREDO CHAVES";56057;"ALFREDO CHAVES";12;20;13;"Vereador";10400;"GABRIEL NICHETI";2;1112;80001966350;"SALÃO DA IGREJA CATÓLICA DE CACHOEIRA ALTA";"R. PRINCIPAL, S/ N"
"28/10/2024";"11:46:22";2024;2;"Eleição Ordinária";1;619;"Eleições Municipais 2024";"06/10/2024";"M";"ES";"56057";"ALFREDO CHAVES";56057;"ALFREDO CHAVES";12;8;13;"Vereador";11444;"MARIA MADALENA PASSOS NUNES";1;1023;80001982775;"EEEFM CAMILA MOTA";"R. NELSON DA COSTA MELLO, S/ N"
"28/10/2024";"11:46:22";2024;2;"Eleição Ordinária";1;619;"Eleições Municipais 2024";"06/10/2024";"M";"ES";"56057";"ALFREDO CHAVES";56057;"ALFREDO CHAVES";12;1;13;"Vereador";22000;"ANDRÉ ALMONFREY ORLANDI";3;1015;80002230761;"EMEF ANA ARAÚJO";"R. EXPEDICIONARIO OSVALDO SAUDINO"
"28/10/2024";"11:46:22";2024;2;"Eleição Ordinária";1;619;"Eleições Municipais 2024";"06/10/2024";"M";"ES";"56057";"ALFREDO CHAVES";56057;"ALFREDO CHAVES";12;12;13;"Vereador";22000;"ANDRÉ ALMONFREY ORLANDI";10;1058;80002230761;"EMEF ENGANO";"R. PRINCIPAL, S/N"
"28/10/2024";"11:46:22";2024;2;"Eleição Ordinária";1;619;"Eleições Municipais 2024";"06/10/2024";"M";"ES";"56057";"ALFREDO CHAVES";56057;"ALFREDO CHAVES";12;25;13;"Vereador";20123;"ARMANDO ZANATA INGLE RIBEIRO";3;1155;80001947278;"EMEF FELIPE MODOLO";"R. PRINCIPAL, S/ N"
"28/10/2024";"11:46:22";2024;2;"Eleição Ordinária";1;619;"Eleições Municipais 2024";"06/10/2024";"M";"ES";"56057";"ALFREDO CHAVES";56057;"ALFREDO CHAVES";12;18;13;"Vereador";20123;"ARMANDO ZANATA INGLE RIBEIRO";11;1090;80001947278;"EMEF FELIPE MODOLO";"R. PRINCIPAL, S/ N"
"28/10/2024";"11:46:22";2024;2;"Eleição Ordinária";1;619;"Eleições Municipais 2024";"06/10/2024";"M";"ES";"56057";"ALFREDO CHAVES";56057;"ALFREDO CHAVES";12;5;13;"Vereador";40456;"SERAFINO ANTONIO SIMONI";2;1015;80001947157;"EMEF ANA ARAÚJO";"R. EXPEDICIONARIO OSVALDO SAUDINO"
"28/10/2024";"11:46:22";2024;2;"Eleição Ordinária";1;619;"Eleições Municipais 2024";"06/10/2024";"M";"ES";"56057";"ALFREDO CHAVES";56057;"ALFREDO CHAVES";12;39;13;"Vereador";22123;"CRISTIANO GRILLO";2;1244;80002230753;"CRECHE PEQUERRUCHOS";"RUA ANTÔNIO CLAUDIO GAIGHER, 19"
"28/10/2024";"11:46:22";2024;2;"Eleição Ordinária";1;619;"Eleições Municipais 2024";"06/10/2024";"M";"ES";"56057";"ALFREDO CHAVES";56057;"ALFREDO CHAVES";12;27;13;"Vereador";40369;"MARIA AUGUSTA BUFFOLO";3;1171;80001947154;"EEEFM CAMILA MOTA";"R. NELSON DA COSTA MELLO, S/ N"
"28/10/2024";"11:46:22";2024;2;"Eleição Ordinária";1;619;"Eleições Municipais 2024";"06/10/2024";"M";"ES";"56057";"ALFREDO CHAVES";56057;"ALFREDO CHAVES";12;7;13;"Vereador";45100;"WELLINGTON MORAES DE AGUIAR";3;1171;80001982697;"EEEFM CAMILA MOTA";"R. NELSON DA COSTA MELLO, S/ N"
"28/10/2024";"11:46:22";2024;2;"Eleição Ordinária";1;619;"Eleições Municipais 2024";"06/10/2024";"M";"ES";"56057";"ALFREDO CHAVES";56057;"ALFREDO CHAVES";12;34;13;"Vereador";40111;"CHARLES GAIGHER";5;1171;80001947148;"EEEFM CAMILA MOTA";"R. NELSON DA COSTA MELLO, S/ N"
"28/10/2024";"11:46:22";2024;2;"Eleição Ordinária";1;619;"Eleições Municipais 2024";"06/10/2024";"M";"ES";"56057";"ALFREDO CHAVES";56057;"ALFREDO CHAVES";12;19;13;"Vereador";40111;"CHARLES GAIGHER";4;1104;80001947148;"SALÃO COMUNITÁRIO DE NOVA ESTRELA";"R. PRINCIPAL, S/ N"
"28/10/2024";"11:46:22";2024;2;"Eleição Ordinária";1;619;"Eleições Municipais 2024";"06/10/2024";"M";"ES";"56057";"ALFREDO CHAVES";56057;"ALFREDO CHAVES";12;38;13;"Vereador";45777;"GUILHERME CARLOS CETTO VITOR";4;1244;80001982699;"CRECHE PEQUERRUCHOS";"RUA ANTÔNIO CLAUDIO GAIGHER, 19"
"28/10/2024";"11:46:22";2024;2;"Eleição Ordinária";1;619;"Eleições Municipais 2024";"06/10/2024";"M";"ES";"56057";"ALFREDO CHAVES";56057;"ALFREDO CHAVES";12;39;13;"Vereador";22122;"SILVIA FOLGER BERNABÉ";2;1244;80002230756;"CRECHE PEQUERRUCHOS";"RUA ANTÔNIO CLAUDIO GAIGHER, 19"
"28/10/2024";"11:46:22";2024;2;"Eleição Ordinária";1;619;"Eleições Municipais 2024";"06/10/2024";"M";"ES";"56057";"ALFREDO CHAVES";56057;"ALFREDO CHAVES";12;3;13;"Vereador";20678;"ADIMAR DE SOUZA MEDINA";2;1015;80001947277;"EMEF ANA ARAÚJO";"R. EXPEDICIONARIO OSVALDO SAUDINO"
"28/10/2024";"11:46:22";2024;2;"Eleição Ordinária";1;619;"Eleições Municipais 2024";"06/10/2024";"M";"ES";"56057";"ALFREDO CHAVES";56057;"ALFREDO CHAVES";12;37;13;"Vereador";40111;"CHARLES GAIGHER";7;1228;80001947148;"CRECHE COMECINHO DE GENTE";"AV. DARCY DE PAULA GAIGHER, S/N"
"28/10/2024";"11:46:22";2024;2;"Eleição Ordinária";1;619;"Eleições Municipais 2024";"06/10/2024";"M";"ES";"56057";"ALFREDO CHAVES";56057;"ALFREDO CHAVES";12;41;13;"Vereador";11123;"RENAN DE JESUS BOLDRINI";3;1236;80001982781;"SALÃO PAROQUIAL DA IGREJA DE NOSSA SENHORA DA CONCEIÇÃO";"AV. GETULIO VARGAS, 545"
"28/10/2024";"11:46:22";2024;2;"Eleição Ordinária";1;619;"Eleições Municipais 2024";"06/10/2024";"M";"ES";"56057";"ALFREDO CHAVES";56057;"ALFREDO CHAVES";12;31;13;"Vereador";22222;"LUCIANO DE JESUS SILVA";7;1171;80002230760;"EEEFM CAMILA MOTA";"R. NELSON DA COSTA MELLO, S/ N"
"28/10/2024";"11:46:22";2024;2;"Eleição Ordinária";1;619;"Eleições Municipais 2024";"06/10/2024";"M";"ES";"56057";"ALFREDO CHAVES";56057;"ALFREDO CHAVES";12;19;13;"Vereador";10321;"DIVAL LUIZ PAGANINI";12;1104;80001966354;"SALÃO COMUNITÁRIO DE NOVA ESTRELA";"R. PRINCIPAL, S/ N"
"28/10/2024";"11:46:22";2024;2;"Eleição Ordinária";1;619;"Eleições Municipais 2024";"06/10/2024";"M";"ES";"56057";"ALFREDO CHAVES";56057;"ALFREDO CHAVES";12;98;13;"Vereador";10222;"JOSIMAR PIUMBINI";2;1090;80001966355;"EMEF FELIPE MODOLO";"R. PRINCIPAL, S/ N"
"28/10/2024";"11:46:22";2024;2;"Eleição Ordinária";1;619;"Eleições Municipais 2024";"06/10/2024";"M";"ES";"56057";"ALFREDO CHAVES";56057;"ALFREDO CHAVES";12;20;13;"Vereador";55444;"ODAIR AUGUSTO BASSO";4;1112;80001947333;"SALÃO DA IGREJA CATÓLICA DE CACHOEIRA ALTA";"R. PRINCIPAL, S/ N"
"28/10/2024";"11:46:22";2024;2;"Eleição Ordinária";1;619;"Eleições Municipais 2024";"06/10/2024";"M";"ES";"56057";"ALFREDO CHAVES";56057;"ALFREDO CHAVES";12;17;13;"Vereador";10123;"ALEFY JUNIOR CLAUDIO SIMOES";11;1090;80001966351;"EMEF FELIPE MODOLO";"R. PRINCIPAL, S/ N"
"28/10/2024";"11:46:22";2024;2;"Eleição Ordinária";1;619;"Eleições Municipais 2024";"06/10/2024";"M";"ES";"56057";"ALFREDO CHAVES";56057;"ALFREDO CHAVES";12;40;13;"Vereador";45513;"DEVANITO GOMES TEIXEIRA";1;1236;80001982691;"SALÃO PAROQUIAL DA IGREJA DE NOSSA SENHORA DA CONCEIÇÃO";"AV. GETULIO VARGAS, 545"
"28/10/2024";"11:46:22";2024;2;"Eleição Ordinária";1;619;"Eleições Municipais 2024";"06/10/2024";"M";"ES";"56057";"ALFREDO CHAVES";56057;"ALFREDO CHAVES";12;5;13;"Vereador";40111;"CHARLES GAIGHER";9;1015;80001947148;"EMEF ANA ARAÚJO";"R. EXPEDICIONARIO OSVALDO SAUDINO"
"28/10/2024";"11:46:22";2024;2;"Eleição Ordinária";1;619;"Eleições Municipais 2024";"06/10/2024";"M";"ES";"56057";"ALFREDO CHAVES";56057;"ALFREDO CHAVES";12;17;13;"Vereador";10111;"SILVANA RAMOS DA SILVA";1;1090;80001966353;"EMEF FELIPE MODOLO";"R. PRINCIPAL, S/ N"
"28/10/2024";"11:46:22";2024;2;"Eleição Ordinária";1;619;"Eleições Municipais 2024";"06/10/2024";"M";"ES";"56057";"ALFREDO CHAVES";56057;"ALFREDO CHAVES";12;38;13;"Vereador";55444;"ODAIR AUGUSTO BASSO";5;1244;80001947333;"CRECHE PEQUERRUCHOS";"RUA ANTÔNIO CLAUDIO GAIGHER, 19"
"28/10/2024";"11:46:22";2024;2;"Eleição Ordinária";1;619;"Eleições Municipais 2024";"06/10/2024";"M";"ES";"56057";"ALFREDO CHAVES";56057;"ALFREDO CHAVES";12;1;11;"Prefeito";95;"VOTO BRANCO";7;1015;-1;"EMEF ANA ARAÚJO";"R. EXPEDICIONARIO OSVALDO SAUDINO"
"28/10/2024";"11:46:22";2024;2;"Eleição Ordinária";1;619;"Eleições Municipais 2024";"06/10/2024";"M";"ES";"56057";"ALFREDO CHAVES";56057;"ALFREDO CHAVES";12;27;13;"Vereador";40456;"SERAFINO ANTONIO SIMONI";1;1171;80001947157;"EEEFM CAMILA MOTA";"R. NELSON DA COSTA MELLO, S/ N"
"28/10/2024";"11:46:22";2024;2;"Eleição Ordinária";1;619;"Eleições Municipais 2024";"06/10/2024";"M";"ES";"56057";"ALFREDO CHAVES";56057;"ALFREDO CHAVES";12;27;13;"Vereador";22123;"CRISTIANO GRILLO";3;1171;80002230753;"EEEFM CAMILA MOTA";"R. NELSON DA COSTA MELLO, S/ N"
"28/10/2024";"11:46:22";2024;2;"Eleição Ordinária";1;619;"Eleições Municipais 2024";"06/10/2024";"M";"ES";"56057";"ALFREDO CHAVES";56057;"ALFREDO CHAVES";12;10;13;"Vereador";22022;"SAMUEL ARDIZZON BELMOK";11;1040;80002230759;"EEEF DE CRUBIXÁ";"R. PRINCIPAL, S/ Nº"
"28/10/2024";"11:46:22";2024;2;"Eleição Ordinária";1;619;"Eleições Municipais 2024";"06/10/2024";"M";"ES";"56057";"ALFREDO CHAVES";56057;"ALFREDO CHAVES";12;3;13;"Vereador";10400;"GABRIEL NICHETI";2;1015;80001966350;"EMEF ANA ARAÚJO";"R. EXPEDICIONARIO OSVALDO SAUDINO"
"28/10/2024";"11:46:22";2024;2;"Eleição Ordinária";1;619;"Eleições Municipais 2024";"06/10/2024";"M";"ES";"56057";"ALFREDO CHAVES";56057;"ALFREDO CHAVES";12;10;13;"Vereador";20123;"ARMANDO ZANATA INGLE RIBEIRO";7;1040;80001947278;"EEEF DE CRUBIXÁ";"R. PRINCIPAL, S/ Nº"
"28/10/2024";"11:46:22";2024;2;"Eleição Ordinária";1;619;"Eleições Municipais 2024";"06/10/2024";"M";"ES";"56057";"ALFREDO CHAVES";56057;"ALFREDO CHAVES";12;34;13;"Vereador";45777;"GUILHERME CARLOS CETTO VITOR";2;1171;80001982699;"EEEFM CAMILA MOTA";"R. NELSON DA COSTA MELLO, S/ N"
"28/10/2024";"11:46:22";2024;2;"Eleição Ordinária";1;619;"Eleições Municipais 2024";"06/10/2024";"M";"ES";"56057";"ALFREDO CHAVES";56057;"ALFREDO CHAVES";12;41;13;"Vereador";20000;"IZABEL PARMAGNANI";12;1236;80001947279;"SALÃO PAROQUIAL DA IGREJA DE NOSSA SENHORA DA CONCEIÇÃO";"AV. GETULIO VARGAS, 545"
"28/10/2024";"11:46:22";2024;2;"Eleição Ordinária";1;619;"Eleições Municipais 2024";"06/10/2024";"M";"ES";"56057";"ALFREDO CHAVES";56057;"ALFREDO CHAVES";12;16;13;"Vereador";96;"VOTO NULO";7;1082;-1;"PRÉDIO DA ANTIGA ESCOLA ALMERINDA BRUNORO";"R. PRINCIPAL, S/ N"
"28/10/2024";"11:46:22";2024;2;"Eleição Ordinária";1;619;"Eleições Municipais 2024";"06/10/2024";"M";"ES";"56057";"ALFREDO CHAVES";56057;"ALFREDO CHAVES";12;4;13;"Vereador";10111;"SILVANA RAMOS DA SILVA";7;1015;80001966353;"EMEF ANA ARAÚJO";"R. EXPEDICIONARIO OSVALDO SAUDINO"
"28/10/2024";"11:46:22";2024;2;"Eleição Ordinária";1;619;"Eleições Municipais 2024";"06/10/2024";"M";"ES";"56057";"ALFREDO CHAVES";56057;"ALFREDO CHAVES";12;98;13;"Vereador";11222;"KATIUSCIA SARTORI SILVA COMINOTTI";2;1090;80001982782;"EMEF FELIPE MODOLO";"R. PRINCIPAL, S/ N"
"28/10/2024";"11:46:22";2024;2;"Eleição Ordinária";1;619;"Eleições Municipais 2024";"06/10/2024";"M";"ES";"56057";"ALFREDO CHAVES";56057;"ALFREDO CHAVES";12;41;13;"Vereador";45000;"WARLEI FERRARINI PESSALI";4;1236;80001982698;"SALÃO PAROQUIAL DA IGREJA DE NOSSA SENHORA DA CONCEIÇÃO";"AV. GETULIO VARGAS, 545"
"28/10/2024";"11:46:22";2024;2;"Eleição Ordinária";1;619;"Eleições Municipais 2024";"06/10/2024";"M";"ES";"56057";"ALFREDO CHAVES";56057;"ALFREDO CHAVES";12;26;13;"Vereador";40369;"MARIA AUGUSTA BUFFOLO";9;1163;80001947154;"EEUEF VILA NOVA DE MARAVILHA";"R. PRINCIPAL, S/ Nº"
"28/10/2024";"11:46:22";2024;2;"Eleição Ordinária";1;619;"Eleições Municipais 2024";"06/10/2024";"M";"ES";"56057";"ALFREDO CHAVES";56057;"ALFREDO CHAVES";12;5;13;"Vereador";55555;"ADILSON JOSE ROVETA";1;1015;80001947332;"EMEF ANA ARAÚJO";"R. EXPEDICIONARIO OSVALDO SAUDINO"
"28/10/2024";"11:46:22";2024;2;"Eleição Ordinária";1;619;"Eleições Municipais 2024";"06/10/2024";"M";"ES";"56057";"ALFREDO CHAVES";56057;"ALFREDO CHAVES";12;38;13;"Vereador";20123;"ARMANDO ZANATA INGLE RIBEIRO";18;1244;80001947278;"CRECHE PEQUERRUCHOS";"RUA ANTÔNIO CLAUDIO GAIGHER, 19"
"28/10/2024";"11:46:22";2024;2;"Eleição Ordinária";1;619;"Eleições Municipais 2024";"06/10/2024";"M";"ES";"56057";"ALFREDO CHAVES";56057;"ALFREDO CHAVES";12;2;11;"Prefeito";95;"VOTO BRANCO";6;1015;-1;"EMEF ANA ARAÚJO";"R. EXPEDICIONARIO OSVALDO SAUDINO"
"28/10/2024";"11:46:22";2024;2;"Eleição Ordinária";1;619;"Eleições Municipais 2024";"06/10/2024";"M";"ES";"56057";"ALFREDO CHAVES";56057;"ALFREDO CHAVES";12;31;11;"Prefeito";95;"VOTO BRANCO";3;1171;-1;"EEEFM CAMILA MOTA";"R. NELSON DA COSTA MELLO, S/ N"
"28/10/2024";"11:46:22";2024;2;"Eleição Ordinária";1;619;"Eleições Municipais 2024";"06/10/2024";"M";"ES";"56057";"ALFREDO CHAVES";56057;"ALFREDO CHAVES";12;22;13;"Vereador";96;"VOTO NULO";3;1139;-1;"EMEF SAGRADA FAMÍLIA";"R. PRINCIPAL, S/ N"
"28/10/2024";"11:46:22";2024;2;"Eleição Ordinária";1;619;"Eleições Municipais 2024";"06/10/2024";"M";"ES";"56057";"ALFREDO CHAVES";56057;"ALFREDO CHAVES";12;40;13;"Vereador";96;"VOTO NULO";1;1236;-1;"SALÃO PAROQUIAL DA IGREJA DE NOSSA SENHORA DA CONCEIÇÃO";"AV. GETULIO VARGAS, 545"
"28/10/2024";"11:46:22";2024;2;"Eleição Ordinária";1;619;"Eleições Municipais 2024";"06/10/2024";"M";"ES";"56057";"ALFREDO CHAVES";56057;"ALFREDO CHAVES";12;27;13;"Vereador";10101;"NAMARA NAZARIA DE PAULA PASSOS SILVA";1;1171;80001966359;"EEEFM CAMILA MOTA";"R. NELSON DA COSTA MELLO, S/ N"
"28/10/2024";"11:46:22";2024;2;"Eleição Ordinária";1;619;"Eleições Municipais 2024";"06/10/2024";"M";"ES";"56057";"ALFREDO CHAVES";56057;"ALFREDO CHAVES";12;27;13;"Vereador";40321;"GILSON LUIZ BELLON";1;1171;80001947151;"EEEFM CAMILA MOTA";"R. NELSON DA COSTA MELLO, S/ N"
"28/10/2024";"11:46:22";2024;2;"Eleição Ordinária";1;619;"Eleições Municipais 2024";"06/10/2024";"M";"ES";"56057";"ALFREDO CHAVES";56057;"ALFREDO CHAVES";12;41;13;"Vereador";55000;"JONAS NUNES SIMÕES";5;1236;80001947340;"SALÃO PAROQUIAL DA IGREJA DE NOSSA SENHORA DA CONCEIÇÃO";"AV. GETULIO VARGAS, 545"
"28/10/2024";"11:46:22";2024;2;"Eleição Ordinária";1;619;"Eleições Municipais 2024";"06/10/2024";"M";"ES";"56057";"ALFREDO CHAVES";56057;"ALFREDO CHAVES";12;27;13;"Vereador";40555;"DANIEL ORLANDI";4;1171;80001947149;"EEEFM CAMILA MOTA";"R. NELSON DA COSTA MELLO, S/ N"
"28/10/2024";"11:46:22";2024;2;"Eleição Ordinária";1;619;"Eleições Municipais 2024";"06/10/2024";"M";"ES";"56057";"ALFREDO CHAVES";56057;"ALFREDO CHAVES";12;39;13;"Vereador";22000;"ANDRÉ ALMONFREY ORLANDI";1;1244;80002230761;"CRECHE PEQUERRUCHOS";"RUA ANTÔNIO CLAUDIO GAIGHER, 19"
"28/10/2024";"11:46:22";2024;2;"Eleição Ordinária";1;619;"Eleições Municipais 2024";"06/10/2024";"M";"ES";"56057";"ALFREDO CHAVES";56057;"ALFREDO CHAVES";12;33;13;"Vereador";10;"REPUBLICANOS";2;1171;-3;"EEEFM CAMILA MOTA";"R. NELSON DA COSTA MELLO, S/ N"
"28/10/2024";"11:46:22";2024;2;"Eleição Ordinária";1;619;"Eleições Municipais 2024";"06/10/2024";"M";"ES";"56057";"ALFREDO CHAVES";56057;"ALFREDO CHAVES";12;33;13;"Vereador";11;"PROGRESSISTAS";3;1171;-3;"EEEFM CAMILA MOTA";"R. NELSON DA COSTA MELLO, S/ N"
"28/10/2024";"11:46:22";2024;2;"Eleição Ordinária";1;619;"Eleições Municipais 2024";"06/10/2024";"M";"ES";"56057";"ALFREDO CHAVES";56057;"ALFREDO CHAVES";12;23;13;"Vereador";10;"REPUBLICANOS";1;1139;-3;"EMEF SAGRADA FAMÍLIA";"R. PRINCIPAL, S/ N"
"28/10/2024";"11:46:22";2024;2;"Eleição Ordinária";1;619;"Eleições Municipais 2024";"06/10/2024";"M";"ES";"56057";"ALFREDO CHAVES";56057;"ALFREDO CHAVES";12;23;13;"Vereador";11;"PROGRESSISTAS";1;1139;-3;"EMEF SAGRADA FAMÍLIA";"R. PRINCIPAL, S/ N"
"28/10/2024";"11:46:22";2024;2;"Eleição Ordinária";1;619;"Eleições Municipais 2024";"06/10/2024";"M";"ES";"56057";"ALFREDO CHAVES";56057;"ALFREDO CHAVES";12;23;13;"Vereador";40;"Partido Socialista Brasileiro";2;1139;-3;"EMEF SAGRADA FAMÍLIA";"R. PRINCIPAL, S/ N"
"28/10/2024";"11:46:22";2024;2;"Eleição Ordinária";1;619;"Eleições Municipais 2024";"06/10/2024";"M";"ES";"56057";"ALFREDO CHAVES";56057;"ALFREDO CHAVES";12;23;13;"Vereador";45;"Partido da Social Democracia Brasileira";1;1139;-3;"EMEF SAGRADA FAMÍLIA";"R. PRINCIPAL, S/ N"
"28/10/2024";"11:46:22";2024;2;"Eleição Ordinária";1;619;"Eleições Municipais 2024";"06/10/2024";"M";"ES";"56057";"ALFREDO CHAVES";56057;"ALFREDO CHAVES";12;29;13;"Vereador";11;"PROGRESSISTAS";2;1147;-3;"SALÃO COMUNITÁRIO DE SÃO BENTO DE URÂNIA";"R. PRINCIPAL, S/ N"
"28/10/2024";"11:46:22";2024;2;"Eleição Ordinária";1;619;"Eleições Municipais 2024";"06/10/2024";"M";"ES";"56057";"ALFREDO CHAVES";56057;"ALFREDO CHAVES";12;29;13;"Vereador";40;"Partido Socialista Brasileiro";1;1147;-3;"SALÃO COMUNITÁRIO DE SÃO BENTO DE URÂNIA";"R. PRINCIPAL, S/ N"
"28/10/2024";"11:46:22";2024;2;"Eleição Ordinária";1;619;"Eleições Municipais 2024";"06/10/2024";"M";"ES";"56057";"ALFREDO CHAVES";56057;"ALFREDO CHAVES";12;39;13;"Vereador";11;"PROGRESSISTAS";4;1244;-3;"CRECHE PEQUERRUCHOS";"RUA ANTÔNIO CLAUDIO GAIGHER, 19"
"28/10/2024";"11:46:22";2024;2;"Eleição Ordinária";1;619;"Eleições Municipais 2024";"06/10/2024";"M";"ES";"56057";"ALFREDO CHAVES";56057;"ALFREDO CHAVES";12;39;13;"Vereador";45;"Partido da Social Democracia Brasileira";1;1244;-3;"CRECHE PEQUERRUCHOS";"RUA ANTÔNIO CLAUDIO GAIGHER, 19"
"28/10/2024";"11:46:22";2024;2;"Eleição Ordinária";1;619;"Eleições Municipais 2024";"06/10/2024";"M";"ES";"56057";"ALFREDO CHAVES";56057;"ALFREDO CHAVES";12;85;13;"Vereador";45123;"RAYANE TOMAZINI BRESSANELLI";3;1244;80001982695;"CRECHE PEQUERRUCHOS";"RUA ANTÔNIO CLAUDIO GAIGHER, 19"
"28/10/2024";"11:46:22";2024;2;"Eleição Ordinária";1;619;"Eleições Municipais 2024";"06/10/2024";"M";"ES";"56057";"ALFREDO CHAVES";56057;"ALFREDO CHAVES";12;25;13;"Vereador";11123;"RENAN DE JESUS BOLDRINI";42;1155;80001982781;"EMEF FELIPE MODOLO";"R. PRINCIPAL, S/ N"
"28/10/2024";"11:46:22";2024;2;"Eleição Ordinária";1;619;"Eleições Municipais 2024";"06/10/2024";"M";"ES";"56057";"ALFREDO CHAVES";56057;"ALFREDO CHAVES";12;40;13;"Vereador";20000;"IZABEL PARMAGNANI";10;1236;80001947279;"SALÃO PAROQUIAL DA IGREJA DE NOSSA SENHORA DA CONCEIÇÃO";"AV. GETULIO VARGAS, 545"
"28/10/2024";"11:46:22";2024;2;"Eleição Ordinária";1;619;"Eleições Municipais 2024";"06/10/2024";"M";"ES";"56057";"ALFREDO CHAVES";56057;"ALFREDO CHAVES";12;41;11;"Prefeito";40;"ROLMAR BOTECCHIA";58;1236;80001947211;"SALÃO PAROQUIAL DA IGREJA DE NOSSA SENHORA DA CONCEIÇÃO";"AV. GETULIO VARGAS, 545"
"28/10/2024";"11:46:22";2024;2;"Eleição Ordinária";1;619;"Eleições Municipais 2024";"06/10/2024";"M";"ES";"56057";"ALFREDO CHAVES";56057;"ALFREDO CHAVES";12;6;13;"Vereador";10222;"JOSIMAR PIUMBINI";13;1023;80001966355;"EEEFM CAMILA MOTA";"R. NELSON DA COSTA MELLO, S/ N"
"28/10/2024";"11:46:22";2024;2;"Eleição Ordinária";1;619;"Eleições Municipais 2024";"06/10/2024";"M";"ES";"56057";"ALFREDO CHAVES";56057;"ALFREDO CHAVES";12;17;11;"Prefeito";40;"ROLMAR BOTECCHIA";57;1090;80001947211;"EMEF FELIPE MODOLO";"R. PRINCIPAL, S/ N"
"28/10/2024";"11:46:22";2024;2;"Eleição Ordinária";1;619;"Eleições Municipais 2024";"06/10/2024";"M";"ES";"56057";"ALFREDO CHAVES";56057;"ALFREDO CHAVES";12;21;13;"Vereador";20190;"MARCELO CRISTIANO CARDOSO FARIA";4;1120;80001947286;"EMUEF QUARTO TERRITÓRIO";"RUA PRINCIPAL, S/N"
"28/10/2024";"11:46:22";2024;2;"Eleição Ordinária";1;619;"Eleições Municipais 2024";"06/10/2024";"M";"ES";"56057";"ALFREDO CHAVES";56057;"ALFREDO CHAVES";12;13;13;"Vereador";40555;"DANIEL ORLANDI";14;1058;80001947149;"EMEF ENGANO";"R. PRINCIPAL, S/N"
"28/10/2024";"11:46:22";2024;2;"Eleição Ordinária";1;619;"Eleições Municipais 2024";"06/10/2024";"M";"ES";"56057";"ALFREDO CHAVES";56057;"ALFREDO CHAVES";12;1;13;"Vereador";11234;"MIGUEL ANTONIO MARTINS CLEN";5;1015;80001982777;"EMEF ANA ARAÚJO";"R. EXPEDICIONARIO OSVALDO SAUDINO"
"28/10/2024";"11:46:22";2024;2;"Eleição Ordinária";1;619;"Eleições Municipais 2024";"06/10/2024";"M";"ES";"56057";"ALFREDO CHAVES";56057;"ALFREDO CHAVES";12;35;13;"Vereador";22111;"FABIO DAMASCENO GALVAO";3;1171;80002230754;"EEEFM CAMILA MOTA";"R. NELSON DA COSTA MELLO, S/ N"
"28/10/2024";"11:46:22";2024;2;"Eleição Ordinária";1;619;"Eleições Municipais 2024";"06/10/2024";"M";"ES";"56057";"ALFREDO CHAVES";56057;"ALFREDO CHAVES";12;20;13;"Vereador";22022;"SAMUEL ARDIZZON BELMOK";2;1112;80002230759;"SALÃO DA IGREJA CATÓLICA DE CACHOEIRA ALTA";"R. PRINCIPAL, S/ N"
"28/10/2024";"11:46:22";2024;2;"Eleição Ordinária";1;619;"Eleições Municipais 2024";"06/10/2024";"M";"ES";"56057";"ALFREDO CHAVES";56057;"ALFREDO CHAVES";12;21;13;"Vereador";95;"VOTO BRANCO";2;1120;-1;"EMUEF QUARTO TERRITÓRIO";"RUA PRINCIPAL, S/N"
"28/10/2024";"11:46:22";2024;2;"Eleição Ordinária";1;619;"Eleições Municipais 2024";"06/10/2024";"M";"ES";"56057";"ALFREDO CHAVES";56057;"ALFREDO CHAVES";12;9;13;"Vereador";40456;"SERAFINO ANTONIO SIMONI";2;1031;80001947157;"EMEF FAZENDA APARECIDA";"R. PRINCIPAL, S/ Nº"
"28/10/2024";"11:46:22";2024;2;"Eleição Ordinária";1;619;"Eleições Municipais 2024";"06/10/2024";"M";"ES";"56057";"ALFREDO CHAVES";56057;"ALFREDO CHAVES";12;4;13;"Vereador";45888;"ANGELO GABRIEL FAVATO";1;1015;80001982690;"EMEF ANA ARAÚJO";"R. EXPEDICIONARIO OSVALDO SAUDINO"
"28/10/2024";"11:46:22";2024;2;"Eleição Ordinária";1;619;"Eleições Municipais 2024";"06/10/2024";"M";"ES";"56057";"ALFREDO CHAVES";56057;"ALFREDO CHAVES";12;35;13;"Vereador";45777;"GUILHERME CARLOS CETTO VITOR";3;1171;80001982699;"EEEFM CAMILA MOTA";"R. NELSON DA COSTA MELLO, S/ N"
"28/10/2024";"11:46:22";2024;2;"Eleição Ordinária";1;619;"Eleições Municipais 2024";"06/10/2024";"M";"ES";"56057";"ALFREDO CHAVES";56057;"ALFREDO CHAVES";12;13;11;"Prefeito";96;"VOTO NULO";4;1058;-1;"EMEF ENGANO";"R. PRINCIPAL, S/N"
"28/10/2024";"11:46:22";2024;2;"Eleição Ordinária";1;619;"Eleições Municipais 2024";"06/10/2024";"M";"ES";"56057";"ALFREDO CHAVES";56057;"ALFREDO CHAVES";12;4;13;"Vereador";20000;"IZABEL PARMAGNANI";6;1015;80001947279;"EMEF ANA ARAÚJO";"R. EXPEDICIONARIO OSVALDO SAUDINO"
"28/10/2024";"11:46:22";2024;2;"Eleição Ordinária";1;619;"Eleições Municipais 2024";"06/10/2024";"M";"ES";"56057";"ALFREDO CHAVES";56057;"ALFREDO CHAVES";12;21;13;"Vereador";11555;"HERMES LUIZ MARCHIORI ATHAIDES";6;1120;80001982779;"EMUEF QUARTO TERRITÓRIO";"RUA PRINCIPAL, S/N"
"28/10/2024";"11:46:22";2024;2;"Eleição Ordinária";1;619;"Eleições Municipais 2024";"06/10/2024";"M";"ES";"56057";"ALFREDO CHAVES";56057;"ALFREDO CHAVES";12;10;13;"Vereador";11123;"RENAN DE JESUS BOLDRINI";2;1040;80001982781;"EEEF DE CRUBIXÁ";"R. PRINCIPAL, S/ Nº"
"28/10/2024";"11:46:22";2024;2;"Eleição Ordinária";1;619;"Eleições Municipais 2024";"06/10/2024";"M";"ES";"56057";"ALFREDO CHAVES";56057;"ALFREDO CHAVES";12;39;13;"Vereador";22200;"LUCAS ANTÔNIO MARCHESI";2;1244;80002230762;"CRECHE PEQUERRUCHOS";"RUA ANTÔNIO CLAUDIO GAIGHER, 19"
"28/10/2024";"11:46:22";2024;2;"Eleição Ordinária";1;619;"Eleições Municipais 2024";"06/10/2024";"M";"ES";"56057";"ALFREDO CHAVES";56057;"ALFREDO CHAVES";12;30;13;"Vereador";45513;"DEVANITO GOMES TEIXEIRA";3;1171;80001982691;"EEEFM CAMILA MOTA";"R. NELSON DA COSTA MELLO, S/ N"
"28/10/2024";"11:46:22";2024;2;"Eleição Ordinária";1;619;"Eleições Municipais 2024";"06/10/2024";"M";"ES";"56057";"ALFREDO CHAVES";56057;"ALFREDO CHAVES";12;13;13;"Vereador";96;"VOTO NULO";4;1058;-1;"EMEF ENGANO";"R. PRINCIPAL, S/N"
"28/10/2024";"11:46:22";2024;2;"Eleição Ordinária";1;619;"Eleições Municipais 2024";"06/10/2024";"M";"ES";"56057";"ALFREDO CHAVES";56057;"ALFREDO CHAVES";12;11;13;"Vereador";45000;"WARLEI FERRARINI PESSALI";3;1040;80001982698;"EEEF DE CRUBIXÁ";"R. PRINCIPAL, S/ Nº"
"28/10/2024";"11:46:22";2024;2;"Eleição Ordinária";1;619;"Eleições Municipais 2024";"06/10/2024";"M";"ES";"56057";"ALFREDO CHAVES";56057;"ALFREDO CHAVES";12;8;13;"Vereador";40000;"NILTON CESAR BELMOK";12;1023;80001947152;"EEEFM CAMILA MOTA";"R. NELSON DA COSTA MELLO, S/ N"
"28/10/2024";"11:46:22";2024;2;"Eleição Ordinária";1;619;"Eleições Municipais 2024";"06/10/2024";"M";"ES";"56057";"ALFREDO CHAVES";56057;"ALFREDO CHAVES";12;17;13;"Vereador";55444;"ODAIR AUGUSTO BASSO";2;1090;80001947333;"EMEF FELIPE MODOLO";"R. PRINCIPAL, S/ N"
"28/10/2024";"11:46:22";2024;2;"Eleição Ordinária";1;619;"Eleições Municipais 2024";"06/10/2024";"M";"ES";"56057";"ALFREDO CHAVES";56057;"ALFREDO CHAVES";12;27;11;"Prefeito";22;"LUIZ CLAUDIO BOLDRINI";30;1171;80002271252;"EEEFM CAMILA MOTA";"R. NELSON DA COSTA MELLO, S/ N"
"28/10/2024";"11:46:22";2024;2;"Eleição Ordinária";1;619;"Eleições Municipais 2024";"06/10/2024";"M";"ES";"56057";"ALFREDO CHAVES";56057;"ALFREDO CHAVES";12;35;13;"Vereador";22222;"LUCIANO DE JESUS SILVA";3;1171;80002230760;"EEEFM CAMILA MOTA";"R. NELSON DA COSTA MELLO, S/ N"
"28/10/2024";"11:46:22";2024;2;"Eleição Ordinária";1;619;"Eleições Municipais 2024";"06/10/2024";"M";"ES";"56057";"ALFREDO CHAVES";56057;"ALFREDO CHAVES";12;2;13;"Vereador";55321;"VALDIRENE BRANDÃO ANDRADE SORIO";4;1015;80001947331;"EMEF ANA ARAÚJO";"R. EXPEDICIONARIO OSVALDO SAUDINO"
"28/10/2024";"11:46:22";2024;2;"Eleição Ordinária";1;619;"Eleições Municipais 2024";"06/10/2024";"M";"ES";"56057";"ALFREDO CHAVES";56057;"ALFREDO CHAVES";12;31;13;"Vereador";55321;"VALDIRENE BRANDÃO ANDRADE SORIO";5;1171;80001947331;"EEEFM CAMILA MOTA";"R. NELSON DA COSTA MELLO, S/ N"
"28/10/2024";"11:46:22";2024;2;"Eleição Ordinária";1;619;"Eleições Municipais 2024";"06/10/2024";"M";"ES";"56057";"ALFREDO CHAVES";56057;"ALFREDO CHAVES";12;24;13;"Vereador";10123;"ALEFY JUNIOR CLAUDIO SIMOES";13;1147;80001966351;"SALÃO COMUNITÁRIO DE SÃO BENTO DE URÂNIA";"R. PRINCIPAL, S/ N"
"28/10/2024";"11:46:22";2024;2;"Eleição Ordinária";1;619;"Eleições Municipais 2024";"06/10/2024";"M";"ES";"56057";"ALFREDO CHAVES";56057;"ALFREDO CHAVES";12;28;13;"Vereador";20123;"ARMANDO ZANATA INGLE RIBEIRO";7;1074;80001947278;"SALÃO DA IGREJA DE SÃO MARTINHO";"R. PRINCIPAL, S/ N"
"28/10/2024";"11:46:22";2024;2;"Eleição Ordinária";1;619;"Eleições Municipais 2024";"06/10/2024";"M";"ES";"56057";"ALFREDO CHAVES";56057;"ALFREDO CHAVES";12;85;13;"Vereador";20123;"ARMANDO ZANATA INGLE RIBEIRO";22;1244;80001947278;"CRECHE PEQUERRUCHOS";"RUA ANTÔNIO CLAUDIO GAIGHER, 19"
"28/10/2024";"11:46:22";2024;2;"Eleição Ordinária";1;619;"Eleições Municipais 2024";"06/10/2024";"M";"ES";"56057";"ALFREDO CHAVES";56057;"ALFREDO CHAVES";12;21;13;"Vereador";45123;"RAYANE TOMAZINI BRESSANELLI";2;1120;80001982695;"EMUEF QUARTO TERRITÓRIO";"RUA PRINCIPAL, S/N"
"28/10/2024";"11:46:22";2024;2;"Eleição Ordinária";1;619;"Eleições Municipais 2024";"06/10/2024";"M";"ES";"56057";"ALFREDO CHAVES";56057;"ALFREDO CHAVES";12;85;13;"Vereador";55123;"WILIAN DE FREITAS DO ROSARIO";1;1244;80001947337;"CRECHE PEQUERRUCHOS";"RUA ANTÔNIO CLAUDIO GAIGHER, 19"
"28/10/2024";"11:46:22";2024;2;"Eleição Ordinária";1;619;"Eleições Municipais 2024";"06/10/2024";"M";"ES";"56057";"ALFREDO CHAVES";56057;"ALFREDO CHAVES";12;27;13;"Vereador";10111;"SILVANA RAMOS DA SILVA";9;1171;80001966353;"EEEFM CAMILA MOTA";"R. NELSON DA COSTA MELLO, S/ N"
"28/10/2024";"11:46:22";2024;2;"Eleição Ordinária";1;619;"Eleições Municipais 2024";"06/10/2024";"M";"ES";"56057";"ALFREDO CHAVES";56057;"ALFREDO CHAVES";12;24;13;"Vereador";55000;"JONAS NUNES SIMÕES";1;1147;80001947340;"SALÃO COMUNITÁRIO DE SÃO BENTO DE URÂNIA";"R. PRINCIPAL, S/ N"
"28/10/2024";"11:46:22";2024;2;"Eleição Ordinária";1;619;"Eleições Municipais 2024";"06/10/2024";"M";"ES";"56057";"ALFREDO CHAVES";56057;"ALFREDO CHAVES";12;3;13;"Vereador";11100;"TAIS LIMA TEIXEIRA ULIANA";3;1015;80001982780;"EMEF ANA ARAÚJO";"R. EXPEDICIONARIO OSVALDO SAUDINO"
"28/10/2024";"11:46:22";2024;2;"Eleição Ordinária";1;619;"Eleições Municipais 2024";"06/10/2024";"M";"ES";"56057";"ALFREDO CHAVES";56057;"ALFREDO CHAVES";12;8;11;"Prefeito";22;"LUIZ CLAUDIO BOLDRINI";23;1023;80002271252;"EEEFM CAMILA MOTA";"R. NELSON DA COSTA MELLO, S/ N"
"28/10/2024";"11:46:22";2024;2;"Eleição Ordinária";1;619;"Eleições Municipais 2024";"06/10/2024";"M";"ES";"56057";"ALFREDO CHAVES";56057;"ALFREDO CHAVES";12;8;13;"Vereador";45666;"SERGIO BIANCHI";5;1023;80001982693;"EEEFM CAMILA MOTA";"R. NELSON DA COSTA MELLO, S/ N"
"28/10/2024";"11:46:22";2024;2;"Eleição Ordinária";1;619;"Eleições Municipais 2024";"06/10/2024";"M";"ES";"56057";"ALFREDO CHAVES";56057;"ALFREDO CHAVES";12;1;13;"Vereador";45513;"DEVANITO GOMES TEIXEIRA";1;1015;80001982691;"EMEF ANA ARAÚJO";"R. EXPEDICIONARIO OSVALDO SAUDINO"
"28/10/2024";"11:46:22";2024;2;"Eleição Ordinária";1;619;"Eleições Municipais 2024";"06/10/2024";"M";"ES";"56057";"ALFREDO CHAVES";56057;"ALFREDO CHAVES";12;37;13;"Vereador";10222;"JOSIMAR PIUMBINI";15;1228;80001966355;"CRECHE COMECINHO DE GENTE";"AV. DARCY DE PAULA GAIGHER, S/N"
"28/10/2024";"11:46:22";2024;2;"Eleição Ordinária";1;619;"Eleições Municipais 2024";"06/10/2024";"M";"ES";"56057";"ALFREDO CHAVES";56057;"ALFREDO CHAVES";12;40;13;"Vereador";10190;"ROMILDO DOMINGOS BORTOLUZZI";2;1236;80001966352;"SALÃO PAROQUIAL DA IGREJA DE NOSSA SENHORA DA CONCEIÇÃO";"AV. GETULIO VARGAS, 545"
"28/10/2024";"11:46:22";2024;2;"Eleição Ordinária";1;619;"Eleições Municipais 2024";"06/10/2024";"M";"ES";"56057";"ALFREDO CHAVES";56057;"ALFREDO CHAVES";12;15;13;"Vereador";10190;"ROMILDO DOMINGOS BORTOLUZZI";3;1074;80001966352;"SALÃO DA IGREJA DE SÃO MARTINHO";"R. PRINCIPAL, S/ N"
"28/10/2024";"11:46:22";2024;2;"Eleição Ordinária";1;619;"Eleições Municipais 2024";"06/10/2024";"M";"ES";"56057";"ALFREDO CHAVES";56057;"ALFREDO CHAVES";12;17;13;"Vereador";40321;"GILSON LUIZ BELLON";4;1090;80001947151;"EMEF FELIPE MODOLO";"R. PRINCIPAL, S/ N"
"28/10/2024";"11:46:22";2024;2;"Eleição Ordinária";1;619;"Eleições Municipais 2024";"06/10/2024";"M";"ES";"56057";"ALFREDO CHAVES";56057;"ALFREDO CHAVES";12;40;13;"Vereador";45000;"WARLEI FERRARINI PESSALI";6;1236;80001982698;"SALÃO PAROQUIAL DA IGREJA DE NOSSA SENHORA DA CONCEIÇÃO";"AV. GETULIO VARGAS, 545"
"28/10/2024";"11:46:22";2024;2;"Eleição Ordinária";1;619;"Eleições Municipais 2024";"06/10/2024";"M";"ES";"56057";"ALFREDO CHAVES";56057;"ALFREDO CHAVES";12;85;13;"Vereador";22200;"LUCAS ANTÔNIO MARCHESI";1;1244;80002230762;"CRECHE PEQUERRUCHOS";"RUA ANTÔNIO CLAUDIO GAIGHER, 19"
"28/10/2024";"11:46:22";2024;2;"Eleição Ordinária";1;619;"Eleições Municipais 2024";"06/10/2024";"M";"ES";"56057";"ALFREDO CHAVES";56057;"ALFREDO CHAVES";12;39;13;"Vereador";11222;"KATIUSCIA SARTORI SILVA COMINOTTI";3;1244;80001982782;"CRECHE PEQUERRUCHOS";"RUA ANTÔNIO CLAUDIO GAIGHER, 19"
"28/10/2024";"11:46:22";2024;2;"Eleição Ordinária";1;619;"Eleições Municipais 2024";"06/10/2024";"M";"ES";"56057";"ALFREDO CHAVES";56057;"ALFREDO CHAVES";12;6;13;"Vereador";22123;"CRISTIANO GRILLO";1;1023;80002230753;"EEEFM CAMILA MOTA";"R. NELSON DA COSTA MELLO, S/ N"
"28/10/2024";"11:46:22";2024;2;"Eleição Ordinária";1;619;"Eleições Municipais 2024";"06/10/2024";"M";"ES";"56057";"ALFREDO CHAVES";56057;"ALFREDO CHAVES";12;17;13;"Vereador";20190;"MARCELO CRISTIANO CARDOSO FARIA";4;1090;80001947286;"EMEF FELIPE MODOLO";"R. PRINCIPAL, S/ N"
"28/10/2024";"11:46:22";2024;2;"Eleição Ordinária";1;619;"Eleições Municipais 2024";"06/10/2024";"M";"ES";"56057";"ALFREDO CHAVES";56057;"ALFREDO CHAVES";12;5;13;"Vereador";20200;"REGINA PAULA RAUTA MARIANI";1;1015;80001947284;"EMEF ANA ARAÚJO";"R. EXPEDICIONARIO OSVALDO SAUDINO"
"28/10/2024";"11:46:22";2024;2;"Eleição Ordinária";1;619;"Eleições Municipais 2024";"06/10/2024";"M";"ES";"56057";"ALFREDO CHAVES";56057;"ALFREDO CHAVES";12;98;13;"Vereador";22123;"CRISTIANO GRILLO";10;1090;80002230753;"EMEF FELIPE MODOLO";"R. PRINCIPAL, S/ N"
"28/10/2024";"11:46:22";2024;2;"Eleição Ordinária";1;619;"Eleições Municipais 2024";"06/10/2024";"M";"ES";"56057";"ALFREDO CHAVES";56057;"ALFREDO CHAVES";12;13;13;"Vereador";11123;"RENAN DE JESUS BOLDRINI";5;1058;80001982781;"EMEF ENGANO";"R. PRINCIPAL, S/N"
"28/10/2024";"11:46:22";2024;2;"Eleição Ordinária";1;619;"Eleições Municipais 2024";"06/10/2024";"M";"ES";"56057";"ALFREDO CHAVES";56057;"ALFREDO CHAVES";12;11;11;"Prefeito";40;"ROLMAR BOTECCHIA";104;1040;80001947211;"EEEF DE CRUBIXÁ";"R. PRINCIPAL, S/ Nº"
"28/10/2024";"11:46:22";2024;2;"Eleição Ordinária";1;619;"Eleições Municipais 2024";"06/10/2024";"M";"ES";"56057";"ALFREDO CHAVES";56057;"ALFREDO CHAVES";12;98;13;"Vereador";11555;"HERMES LUIZ MARCHIORI ATHAIDES";1;1090;80001982779;"EMEF FELIPE MODOLO";"R. PRINCIPAL, S/ N"
"28/10/2024";"11:46:22";2024;2;"Eleição Ordinária";1;619;"Eleições Municipais 2024";"06/10/2024";"M";"ES";"56057";"ALFREDO CHAVES";56057;"ALFREDO CHAVES";12;35;13;"Vereador";40123;"CELIA MARIA STEIN BUBACH";1;1171;80001947153;"EEEFM CAMILA MOTA";"R. NELSON DA COSTA MELLO, S/ N"
"28/10/2024";"11:46:22";2024;2;"Eleição Ordinária";1;619;"Eleições Municipais 2024";"06/10/2024";"M";"ES";"56057";"ALFREDO CHAVES";56057;"ALFREDO CHAVES";12;34;13;"Vereador";20222;"IZABEL APARECIDA MORESCHI";3;1171;80001947281;"EEEFM CAMILA MOTA";"R. NELSON DA COSTA MELLO, S/ N"
"28/10/2024";"11:46:22";2024;2;"Eleição Ordinária";1;619;"Eleições Municipais 2024";"06/10/2024";"M";"ES";"56057";"ALFREDO CHAVES";56057;"ALFREDO CHAVES";12;29;11;"Prefeito";11;"HUGO LUIZ PICOLI MENEGHEL";179;1147;80002104371;"SALÃO COMUNITÁRIO DE SÃO BENTO DE URÂNIA";"R. PRINCIPAL, S/ N"
"28/10/2024";"11:46:22";2024;2;"Eleição Ordinária";1;619;"Eleições Municipais 2024";"06/10/2024";"M";"ES";"56057";"ALFREDO CHAVES";56057;"ALFREDO CHAVES";12;33;11;"Prefeito";11;"HUGO LUIZ PICOLI MENEGHEL";141;1171;80002104371;"EEEFM CAMILA MOTA";"R. NELSON DA COSTA MELLO, S/ N"
"28/10/2024";"11:46:22";2024;2;"Eleição Ordinária";1;619;"Eleições Municipais 2024";"06/10/2024";"M";"ES";"56057";"ALFREDO CHAVES";56057;"ALFREDO CHAVES";12;19;13;"Vereador";20190;"MARCELO CRISTIANO CARDOSO FARIA";3;1104;80001947286;"SALÃO COMUNITÁRIO DE NOVA ESTRELA";"R. PRINCIPAL, S/ N"
"28/10/2024";"11:46:22";2024;2;"Eleição Ordinária";1;619;"Eleições Municipais 2024";"06/10/2024";"M";"ES";"56057";"ALFREDO CHAVES";56057;"ALFREDO CHAVES";12;5;13;"Vereador";10111;"SILVANA RAMOS DA SILVA";3;1015;80001966353;"EMEF ANA ARAÚJO";"R. EXPEDICIONARIO OSVALDO SAUDINO"
"28/10/2024";"11:46:22";2024;2;"Eleição Ordinária";1;619;"Eleições Municipais 2024";"06/10/2024";"M";"ES";"56057";"ALFREDO CHAVES";56057;"ALFREDO CHAVES";12;3;13;"Vereador";20190;"MARCELO CRISTIANO CARDOSO FARIA";9;1015;80001947286;"EMEF ANA ARAÚJO";"R. EXPEDICIONARIO OSVALDO SAUDINO"
"28/10/2024";"11:46:22";2024;2;"Eleição Ordinária";1;619;"Eleições Municipais 2024";"06/10/2024";"M";"ES";"56057";"ALFREDO CHAVES";56057;"ALFREDO CHAVES";12;2;13;"Vereador";11444;"MARIA MADALENA PASSOS NUNES";1;1015;80001982775;"EMEF ANA ARAÚJO";"R. EXPEDICIONARIO OSVALDO SAUDINO"
"28/10/2024";"11:46:22";2024;2;"Eleição Ordinária";1;619;"Eleições Municipais 2024";"06/10/2024";"M";"ES";"56057";"ALFREDO CHAVES";56057;"ALFREDO CHAVES";12;14;11;"Prefeito";40;"ROLMAR BOTECCHIA";79;1066;80001947211;"SALÃO DA IGREJA CATÓLICA DE SÃO FRANCISCO DE BATATAL";"RUA PRINCIPAL, S/ N"
"28/10/2024";"11:46:22";2024;2;"Eleição Ordinária";1;619;"Eleições Municipais 2024";"06/10/2024";"M";"ES";"56057";"ALFREDO CHAVES";56057;"ALFREDO CHAVES";12;1;11;"Prefeito";40;"ROLMAR BOTECCHIA";74;1015;80001947211;"EMEF ANA ARAÚJO";"R. EXPEDICIONARIO OSVALDO SAUDINO"
"28/10/2024";"11:46:22";2024;2;"Eleição Ordinária";1;619;"Eleições Municipais 2024";"06/10/2024";"M";"ES";"56057";"ALFREDO CHAVES";56057;"ALFREDO CHAVES";12;12;11;"Prefeito";40;"ROLMAR BOTECCHIA";76;1058;80001947211;"EMEF ENGANO";"R. PRINCIPAL, S/N"
"28/10/2024";"11:46:22";2024;2;"Eleição Ordinária";1;619;"Eleições Municipais 2024";"06/10/2024";"M";"ES";"56057";"ALFREDO CHAVES";56057;"ALFREDO CHAVES";12;6;13;"Vereador";11222;"KATIUSCIA SARTORI SILVA COMINOTTI";2;1023;80001982782;"EEEFM CAMILA MOTA";"R. NELSON DA COSTA MELLO, S/ N"
"28/10/2024";"11:46:22";2024;2;"Eleição Ordinária";1;619;"Eleições Municipais 2024";"06/10/2024";"M";"ES";"56057";"ALFREDO CHAVES";56057;"ALFREDO CHAVES";12;9;13;"Vereador";45456;"MARCOS ANTONIO SOARES DOS SANTOS";154;1031;80001982692;"EMEF FAZENDA APARECIDA";"R. PRINCIPAL, S/ Nº"
"28/10/2024";"11:46:22";2024;2;"Eleição Ordinária";1;619;"Eleições Municipais 2024";"06/10/2024";"M";"ES";"56057";"ALFREDO CHAVES";56057;"ALFREDO CHAVES";12;37;13;"Vereador";55456;"JOAO ENDRINGER JUNIOR";1;1228;80001947335;"CRECHE COMECINHO DE GENTE";"AV. DARCY DE PAULA GAIGHER, S/N"
"28/10/2024";"11:46:22";2024;2;"Eleição Ordinária";1;619;"Eleições Municipais 2024";"06/10/2024";"M";"ES";"56057";"ALFREDO CHAVES";56057;"ALFREDO CHAVES";12;37;13;"Vereador";10366;"SELMA CONSOLADORA CASALI PILON";2;1228;80001966358;"CRECHE COMECINHO DE GENTE";"AV. DARCY DE PAULA GAIGHER, S/N"
"28/10/2024";"11:46:22";2024;2;"Eleição Ordinária";1;619;"Eleições Municipais 2024";"06/10/2024";"M";"ES";"56057";"ALFREDO CHAVES";56057;"ALFREDO CHAVES";12;20;13;"Vereador";55000;"JONAS NUNES SIMÕES";12;1112;80001947340;"SALÃO DA IGREJA CATÓLICA DE CACHOEIRA ALTA";"R. PRINCIPAL, S/ N"
"28/10/2024";"11:46:22";2024;2;"Eleição Ordinária";1;619;"Eleições Municipais 2024";"06/10/2024";"M";"ES";"56057";"ALFREDO CHAVES";56057;"ALFREDO CHAVES";12;26;11;"Prefeito";96;"VOTO NULO";4;1163;-1;"EEUEF VILA NOVA DE MARAVILHA";"R. PRINCIPAL, S/ Nº"
"28/10/2024";"11:46:22";2024;2;"Eleição Ordinária";1;619;"Eleições Municipais 2024";"06/10/2024";"M";"ES";"56057";"ALFREDO CHAVES";56057;"ALFREDO CHAVES";12;41;13;"Vereador";55333;"BERENICE DA PENHA GALVAO PEREIRA";5;1236;80001947339;"SALÃO PAROQUIAL DA IGREJA DE NOSSA SENHORA DA CONCEIÇÃO";"AV. GETULIO VARGAS, 545"
"28/10/2024";"11:46:22";2024;2;"Eleição Ordinária";1;619;"Eleições Municipais 2024";"06/10/2024";"M";"ES";"56057";"ALFREDO CHAVES";56057;"ALFREDO CHAVES";12;11;13;"Vereador";20678;"ADIMAR DE SOUZA MEDINA";3;1040;80001947277;"EEEF DE CRUBIXÁ";"R. PRINCIPAL, S/ Nº"
"28/10/2024";"11:46:22";2024;2;"Eleição Ordinária";1;619;"Eleições Municipais 2024";"06/10/2024";"M";"ES";"56057";"ALFREDO CHAVES";56057;"ALFREDO CHAVES";12;27;13;"Vereador";20123;"ARMANDO ZANATA INGLE RIBEIRO";6;1171;80001947278;"EEEFM CAMILA MOTA";"R. NELSON DA COSTA MELLO, S/ N"
"28/10/2024";"11:46:22";2024;2;"Eleição Ordinária";1;619;"Eleições Municipais 2024";"06/10/2024";"M";"ES";"56057";"ALFREDO CHAVES";56057;"ALFREDO CHAVES";12;4;13;"Vereador";11555;"HERMES LUIZ MARCHIORI ATHAIDES";10;1015;80001982779;"EMEF ANA ARAÚJO";"R. EXPEDICIONARIO OSVALDO SAUDINO"
"28/10/2024";"11:46:22";2024;2;"Eleição Ordinária";1;619;"Eleições Municipais 2024";"06/10/2024";"M";"ES";"56057";"ALFREDO CHAVES";56057;"ALFREDO CHAVES";12;16;13;"Vereador";20678;"ADIMAR DE SOUZA MEDINA";15;1082;80001947277;"PRÉDIO DA ANTIGA ESCOLA ALMERINDA BRUNORO";"R. PRINCIPAL, S/ N"
"28/10/2024";"11:46:22";2024;2;"Eleição Ordinária";1;619;"Eleições Municipais 2024";"06/10/2024";"M";"ES";"56057";"ALFREDO CHAVES";56057;"ALFREDO CHAVES";12;33;13;"Vereador";45666;"SERGIO BIANCHI";2;1171;80001982693;"EEEFM CAMILA MOTA";"R. NELSON DA COSTA MELLO, S/ N"
"28/10/2024";"11:46:22";2024;2;"Eleição Ordinária";1;619;"Eleições Municipais 2024";"06/10/2024";"M";"ES";"56057";"ALFREDO CHAVES";56057;"ALFREDO CHAVES";12;30;13;"Vereador";20777;"RENAUT AMERICO PIO";3;1171;80001947280;"EEEFM CAMILA MOTA";"R. NELSON DA COSTA MELLO, S/ N"
"28/10/2024";"11:46:22";2024;2;"Eleição Ordinária";1;619;"Eleições Municipais 2024";"06/10/2024";"M";"ES";"56057";"ALFREDO CHAVES";56057;"ALFREDO CHAVES";12;21;13;"Vereador";55321;"VALDIRENE BRANDÃO ANDRADE SORIO";1;1120;80001947331;"EMUEF QUARTO TERRITÓRIO";"RUA PRINCIPAL, S/N"
"28/10/2024";"11:46:22";2024;2;"Eleição Ordinária";1;619;"Eleições Municipais 2024";"06/10/2024";"M";"ES";"56057";"ALFREDO CHAVES";56057;"ALFREDO CHAVES";12;22;13;"Vereador";45000;"WARLEI FERRARINI PESSALI";57;1139;80001982698;"EMEF SAGRADA FAMÍLIA";"R. PRINCIPAL, S/ N"
"28/10/2024";"11:46:22";2024;2;"Eleição Ordinária";1;619;"Eleições Municipais 2024";"06/10/2024";"M";"ES";"56057";"ALFREDO CHAVES";56057;"ALFREDO CHAVES";12;16;13;"Vereador";55333;"BERENICE DA PENHA GALVAO PEREIRA";4;1082;80001947339;"PRÉDIO DA ANTIGA ESCOLA ALMERINDA BRUNORO";"R. PRINCIPAL, S/ N"
"28/10/2024";"11:46:22";2024;2;"Eleição Ordinária";1;619;"Eleições Municipais 2024";"06/10/2024";"M";"ES";"56057";"ALFREDO CHAVES";56057;"ALFREDO CHAVES";12;4;11;"Prefeito";11;"HUGO LUIZ PICOLI MENEGHEL";128;1015;80002104371;"EMEF ANA ARAÚJO";"R. EXPEDICIONARIO OSVALDO SAUDINO"
"28/10/2024";"11:46:22";2024;2;"Eleição Ordinária";1;619;"Eleições Municipais 2024";"06/10/2024";"M";"ES";"56057";"ALFREDO CHAVES";56057;"ALFREDO CHAVES";12;28;11;"Prefeito";95;"VOTO BRANCO";7;1074;-1;"SALÃO DA IGREJA DE SÃO MARTINHO";"R. PRINCIPAL, S/ N"
"28/10/2024";"11:46:22";2024;2;"Eleição Ordinária";1;619;"Eleições Municipais 2024";"06/10/2024";"M";"ES";"56057";"ALFREDO CHAVES";56057;"ALFREDO CHAVES";12;85;11;"Prefeito";95;"VOTO BRANCO";4;1244;-1;"CRECHE PEQUERRUCHOS";"RUA ANTÔNIO CLAUDIO GAIGHER, 19"
"28/10/2024";"11:46:22";2024;2;"Eleição Ordinária";1;619;"Eleições Municipais 2024";"06/10/2024";"M";"ES";"56057";"ALFREDO CHAVES";56057;"ALFREDO CHAVES";12;27;13;"Vereador";40111;"CHARLES GAIGHER";14;1171;80001947148;"EEEFM CAMILA MOTA";"R. NELSON DA COSTA MELLO, S/ N"
"28/10/2024";"11:46:22";2024;2;"Eleição Ordinária";1;619;"Eleições Municipais 2024";"06/10/2024";"M";"ES";"56057";"ALFREDO CHAVES";56057;"ALFREDO CHAVES";12;8;13;"Vereador";20123;"ARMANDO ZANATA INGLE RIBEIRO";8;1023;80001947278;"EEEFM CAMILA MOTA";"R. NELSON DA COSTA MELLO, S/ N"
"28/10/2024";"11:46:22";2024;2;"Eleição Ordinária";1;619;"Eleições Municipais 2024";"06/10/2024";"M";"ES";"56057";"ALFREDO CHAVES";56057;"ALFREDO CHAVES";12;22;11;"Prefeito";95;"VOTO BRANCO";6;1139;-1;"EMEF SAGRADA FAMÍLIA";"R. PRINCIPAL, S/ N"
"28/10/2024";"11:46:22";2024;2;"Eleição Ordinária";1;619;"Eleições Municipais 2024";"06/10/2024";"M";"ES";"56057";"ALFREDO CHAVES";56057;"ALFREDO CHAVES";12;23;13;"Vereador";55000;"JONAS NUNES SIMÕES";6;1139;80001947340;"EMEF SAGRADA FAMÍLIA";"R. PRINCIPAL, S/ N"
"28/10/2024";"11:46:22";2024;2;"Eleição Ordinária";1;619;"Eleições Municipais 2024";"06/10/2024";"M";"ES";"56057";"ALFREDO CHAVES";56057;"ALFREDO CHAVES";12;37;13;"Vereador";40369;"MARIA AUGUSTA BUFFOLO";5;1228;80001947154;"CRECHE COMECINHO DE GENTE";"AV. DARCY DE PAULA GAIGHER, S/N"
"28/10/2024";"11:46:22";2024;2;"Eleição Ordinária";1;619;"Eleições Municipais 2024";"06/10/2024";"M";"ES";"56057";"ALFREDO CHAVES";56057;"ALFREDO CHAVES";12;33;13;"Vereador";20190;"MARCELO CRISTIANO CARDOSO FARIA";9;1171;80001947286;"EEEFM CAMILA MOTA";"R. NELSON DA COSTA MELLO, S/ N"
"28/10/2024";"11:46:22";2024;2;"Eleição Ordinária";1;619;"Eleições Municipais 2024";"06/10/2024";"M";"ES";"56057";"ALFREDO CHAVES";56057;"ALFREDO CHAVES";12;8;13;"Vereador";40444;"ALAESSO LORENZON";1;1023;80001947150;"EEEFM CAMILA MOTA";"R. NELSON DA COSTA MELLO, S/ N"
"28/10/2024";"11:46:22";2024;2;"Eleição Ordinária";1;619;"Eleições Municipais 2024";"06/10/2024";"M";"ES";"56057";"ALFREDO CHAVES";56057;"ALFREDO CHAVES";12;37;13;"Vereador";45666;"SERGIO BIANCHI";4;1228;80001982693;"CRECHE COMECINHO DE GENTE";"AV. DARCY DE PAULA GAIGHER, S/N"
"28/10/2024";"11:46:22";2024;2;"Eleição Ordinária";1;619;"Eleições Municipais 2024";"06/10/2024";"M";"ES";"56057";"ALFREDO CHAVES";56057;"ALFREDO CHAVES";12;30;11;"Prefeito";11;"HUGO LUIZ PICOLI MENEGHEL";140;1171;80002104371;"EEEFM CAMILA MOTA";"R. NELSON DA COSTA MELLO, S/ N"
"28/10/2024";"11:46:22";2024;2;"Eleição Ordinária";1;619;"Eleições Municipais 2024";"06/10/2024";"M";"ES";"56057";"ALFREDO CHAVES";56057;"ALFREDO CHAVES";12;98;11;"Prefeito";11;"HUGO LUIZ PICOLI MENEGHEL";43;1090;80002104371;"EMEF FELIPE MODOLO";"R. PRINCIPAL, S/ N"
"28/10/2024";"11:46:22";2024;2;"Eleição Ordinária";1;619;"Eleições Municipais 2024";"06/10/2024";"M";"ES";"56057";"ALFREDO CHAVES";56057;"ALFREDO CHAVES";12;22;13;"Vereador";45123;"RAYANE TOMAZINI BRESSANELLI";3;1139;80001982695;"EMEF SAGRADA FAMÍLIA";"R. PRINCIPAL, S/ N"
"28/10/2024";"11:46:22";2024;2;"Eleição Ordinária";1;619;"Eleições Municipais 2024";"06/10/2024";"M";"ES";"56057";"ALFREDO CHAVES";56057;"ALFREDO CHAVES";12;31;13;"Vereador";55152;"ARILDO ALVES";1;1171;80001947338;"EEEFM CAMILA MOTA";"R. NELSON DA COSTA MELLO, S/ N"
"28/10/2024";"11:46:22";2024;2;"Eleição Ordinária";1;619;"Eleições Municipais 2024";"06/10/2024";"M";"ES";"56057";"ALFREDO CHAVES";56057;"ALFREDO CHAVES";12;25;13;"Vereador";40444;"ALAESSO LORENZON";1;1155;80001947150;"EMEF FELIPE MODOLO";"R. PRINCIPAL, S/ N"
"28/10/2024";"11:46:22";2024;2;"Eleição Ordinária";1;619;"Eleições Municipais 2024";"06/10/2024";"M";"ES";"56057";"ALFREDO CHAVES";56057;"ALFREDO CHAVES";12;5;13;"Vereador";20000;"IZABEL PARMAGNANI";6;1015;80001947279;"EMEF ANA ARAÚJO";"R. EXPEDICIONARIO OSVALDO SAUDINO"
"28/10/2024";"11:46:22";2024;2;"Eleição Ordinária";1;619;"Eleições Municipais 2024";"06/10/2024";"M";"ES";"56057";"ALFREDO CHAVES";56057;"ALFREDO CHAVES";12;8;13;"Vereador";45513;"DEVANITO GOMES TEIXEIRA";2;1023;80001982691;"EEEFM CAMILA MOTA";"R. NELSON DA COSTA MELLO, S/ N"
"28/10/2024";"11:46:22";2024;2;"Eleição Ordinária";1;619;"Eleições Municipais 2024";"06/10/2024";"M";"ES";"56057";"ALFREDO CHAVES";56057;"ALFREDO CHAVES";12;23;13;"Vereador";55152;"ARILDO ALVES";1;1139;80001947338;"EMEF SAGRADA FAMÍLIA";"R. PRINCIPAL, S/ N"
"28/10/2024";"11:46:22";2024;2;"Eleição Ordinária";1;619;"Eleições Municipais 2024";"06/10/2024";"M";"ES";"56057";"ALFREDO CHAVES";56057;"ALFREDO CHAVES";12;6;13;"Vereador";11555;"HERMES LUIZ MARCHIORI ATHAIDES";3;1023;80001982779;"EEEFM CAMILA MOTA";"R. NELSON DA COSTA MELLO, S/ N"
"28/10/2024";"11:46:22";2024;2;"Eleição Ordinária";1;619;"Eleições Municipais 2024";"06/10/2024";"M";"ES";"56057";"ALFREDO CHAVES";56057;"ALFREDO CHAVES";12;13;11;"Prefeito";40;"ROLMAR BOTECCHIA";103;1058;80001947211;"EMEF ENGANO";"R. PRINCIPAL, S/N"
"28/10/2024";"11:46:22";2024;2;"Eleição Ordinária";1;619;"Eleições Municipais 2024";"06/10/2024";"M";"ES";"56057";"ALFREDO CHAVES";56057;"ALFREDO CHAVES";12;27;13;"Vereador";22022;"SAMUEL ARDIZZON BELMOK";5;1171;80002230759;"EEEFM CAMILA MOTA";"R. NELSON DA COSTA MELLO, S/ N"
"28/10/2024";"11:46:22";2024;2;"Eleição Ordinária";1;619;"Eleições Municipais 2024";"06/10/2024";"M";"ES";"56057";"ALFREDO CHAVES";56057;"ALFREDO CHAVES";12;40;13;"Vereador";22000;"ANDRÉ ALMONFREY ORLANDI";2;1236;80002230761;"SALÃO PAROQUIAL DA IGREJA DE NOSSA SENHORA DA CONCEIÇÃO";"AV. GETULIO VARGAS, 545"
"28/10/2024";"11:46:22";2024;2;"Eleição Ordinária";1;619;"Eleições Municipais 2024";"06/10/2024";"M";"ES";"56057";"ALFREDO CHAVES";56057;"ALFREDO CHAVES";12;15;13;"Vereador";22000;"ANDRÉ ALMONFREY ORLANDI";2;1074;80002230761;"SALÃO DA IGREJA DE SÃO MARTINHO";"R. PRINCIPAL, S/ N"
"28/10/2024";"11:46:22";2024;2;"Eleição Ordinária";1;619;"Eleições Municipais 2024";"06/10/2024";"M";"ES";"56057";"ALFREDO CHAVES";56057;"ALFREDO CHAVES";12;8;13;"Vereador";20000;"IZABEL PARMAGNANI";12;1023;80001947279;"EEEFM CAMILA MOTA";"R. NELSON DA COSTA MELLO, S/ N"
"28/10/2024";"11:46:22";2024;2;"Eleição Ordinária";1;619;"Eleições Municipais 2024";"06/10/2024";"M";"ES";"56057";"ALFREDO CHAVES";56057;"ALFREDO CHAVES";12;17;11;"Prefeito";96;"VOTO NULO";5;1090;-1;"EMEF FELIPE MODOLO";"R. PRINCIPAL, S/ N"
"28/10/2024";"11:46:22";2024;2;"Eleição Ordinária";1;619;"Eleições Municipais 2024";"06/10/2024";"M";"ES";"56057";"ALFREDO CHAVES";56057;"ALFREDO CHAVES";12;41;13;"Vereador";95;"VOTO BRANCO";3;1236;-1;"SALÃO PAROQUIAL DA IGREJA DE NOSSA SENHORA DA CONCEIÇÃO";"AV. GETULIO VARGAS, 545"
"28/10/2024";"11:46:22";2024;2;"Eleição Ordinária";1;619;"Eleições Municipais 2024";"06/10/2024";"M";"ES";"56057";"ALFREDO CHAVES";56057;"ALFREDO CHAVES";12;28;11;"Prefeito";40;"ROLMAR BOTECCHIA";69;1074;80001947211;"SALÃO DA IGREJA DE SÃO MARTINHO";"R. PRINCIPAL, S/ N"
"28/10/2024";"11:46:22";2024;2;"Eleição Ordinária";1;619;"Eleições Municipais 2024";"06/10/2024";"M";"ES";"56057";"ALFREDO CHAVES";56057;"ALFREDO CHAVES";12;85;11;"Prefeito";40;"ROLMAR BOTECCHIA";67;1244;80001947211;"CRECHE PEQUERRUCHOS";"RUA ANTÔNIO CLAUDIO GAIGHER, 19"
"28/10/2024";"11:46:22";2024;2;"Eleição Ordinária";1;619;"Eleições Municipais 2024";"06/10/2024";"M";"ES";"56057";"ALFREDO CHAVES";56057;"ALFREDO CHAVES";12;98;11;"Prefeito";22;"LUIZ CLAUDIO BOLDRINI";8;1090;80002271252;"EMEF FELIPE MODOLO";"R. PRINCIPAL, S/ N"
"28/10/2024";"11:46:22";2024;2;"Eleição Ordinária";1;619;"Eleições Municipais 2024";"06/10/2024";"M";"ES";"56057";"ALFREDO CHAVES";56057;"ALFREDO CHAVES";12;10;13;"Vereador";10190;"ROMILDO DOMINGOS BORTOLUZZI";8;1040;80001966352;"EEEF DE CRUBIXÁ";"R. PRINCIPAL, S/ Nº"
"28/10/2024";"11:46:22";2024;2;"Eleição Ordinária";1;619;"Eleições Municipais 2024";"06/10/2024";"M";"ES";"56057";"ALFREDO CHAVES";56057;"ALFREDO CHAVES";12;16;13;"Vereador";20000;"IZABEL PARMAGNANI";9;1082;80001947279;"PRÉDIO DA ANTIGA ESCOLA ALMERINDA BRUNORO";"R. PRINCIPAL, S/ N"
"28/10/2024";"11:46:22";2024;2;"Eleição Ordinária";1;619;"Eleições Municipais 2024";"06/10/2024";"M";"ES";"56057";"ALFREDO CHAVES";56057;"ALFREDO CHAVES";12;27;13;"Vereador";45789;"SOLANGE BRAGANCA TORRENTE";1;1171;80001982696;"EEEFM CAMILA MOTA";"R. NELSON DA COSTA MELLO, S/ N"
"28/10/2024";"11:46:22";2024;2;"Eleição Ordinária";1;619;"Eleições Municipais 2024";"06/10/2024";"M";"ES";"56057";"ALFREDO CHAVES";56057;"ALFREDO CHAVES";12;27;13;"Vereador";20111;"RUBERCI FALCÃO";1;1171;80001947282;"EEEFM CAMILA MOTA";"R. NELSON DA COSTA MELLO, S/ N"
"28/10/2024";"11:46:22";2024;2;"Eleição Ordinária";1;619;"Eleições Municipais 2024";"06/10/2024";"M";"ES";"56057";"ALFREDO CHAVES";56057;"ALFREDO CHAVES";12;9;13;"Vereador";20190;"MARCELO CRISTIANO CARDOSO FARIA";4;1031;80001947286;"EMEF FAZENDA APARECIDA";"R. PRINCIPAL, S/ Nº"
"28/10/2024";"11:46:22";2024;2;"Eleição Ordinária";1;619;"Eleições Municipais 2024";"06/10/2024";"M";"ES";"56057";"ALFREDO CHAVES";56057;"ALFREDO CHAVES";12;2;13;"Vereador";22000;"ANDRÉ ALMONFREY ORLANDI";2;1015;80002230761;"EMEF ANA ARAÚJO";"R. EXPEDICIONARIO OSVALDO SAUDINO"
"28/10/2024";"11:46:22";2024;2;"Eleição Ordinária";1;619;"Eleições Municipais 2024";"06/10/2024";"M";"ES";"56057";"ALFREDO CHAVES";56057;"ALFREDO CHAVES";12;10;11;"Prefeito";96;"VOTO NULO";4;1040;-1;"EEEF DE CRUBIXÁ";"R. PRINCIPAL, S/ Nº"
"28/10/2024";"11:46:22";2024;2;"Eleição Ordinária";1;619;"Eleições Municipais 2024";"06/10/2024";"M";"ES";"56057";"ALFREDO CHAVES";56057;"ALFREDO CHAVES";12;41;13;"Vereador";11555;"HERMES LUIZ MARCHIORI ATHAIDES";10;1236;80001982779;"SALÃO PAROQUIAL DA IGREJA DE NOSSA SENHORA DA CONCEIÇÃO";"AV. GETULIO VARGAS, 545"
"28/10/2024";"11:46:22";2024;2;"Eleição Ordinária";1;619;"Eleições Municipais 2024";"06/10/2024";"M";"ES";"56057";"ALFREDO CHAVES";56057;"ALFREDO CHAVES";12;17;13;"Vereador";40369;"MARIA AUGUSTA BUFFOLO";28;1090;80001947154;"EMEF FELIPE MODOLO";"R. PRINCIPAL, S/ N"
"28/10/2024";"11:46:22";2024;2;"Eleição Ordinária";1;619;"Eleições Municipais 2024";"06/10/2024";"M";"ES";"56057";"ALFREDO CHAVES";56057;"ALFREDO CHAVES";12;27;13;"Vereador";22333;"MARIA DO CARMO LORENZINI DESTEFANI";1;1171;80002230755;"EEEFM CAMILA MOTA";"R. NELSON DA COSTA MELLO, S/ N"
"28/10/2024";"11:46:22";2024;2;"Eleição Ordinária";1;619;"Eleições Municipais 2024";"06/10/2024";"M";"ES";"56057";"ALFREDO CHAVES";56057;"ALFREDO CHAVES";12;28;13;"Vereador";22000;"ANDRÉ ALMONFREY ORLANDI";1;1074;80002230761;"SALÃO DA IGREJA DE SÃO MARTINHO";"R. PRINCIPAL, S/ N"
"28/10/2024";"11:46:22";2024;2;"Eleição Ordinária";1;619;"Eleições Municipais 2024";"06/10/2024";"M";"ES";"56057";"ALFREDO CHAVES";56057;"ALFREDO CHAVES";12;96;13;"Vereador";96;"VOTO NULO";1;1147;-1;"SALÃO COMUNITÁRIO DE SÃO BENTO DE URÂNIA";"R. PRINCIPAL, S/ N"
"28/10/2024";"11:46:22";2024;2;"Eleição Ordinária";1;619;"Eleições Municipais 2024";"06/10/2024";"M";"ES";"56057";"ALFREDO CHAVES";56057;"ALFREDO CHAVES";12;85;13;"Vereador";20777;"RENAUT AMERICO PIO";4;1244;80001947280;"CRECHE PEQUERRUCHOS";"RUA ANTÔNIO CLAUDIO GAIGHER, 19"
"28/10/2024";"11:46:22";2024;2;"Eleição Ordinária";1;619;"Eleições Municipais 2024";"06/10/2024";"M";"ES";"56057";"ALFREDO CHAVES";56057;"ALFREDO CHAVES";12;40;13;"Vereador";20678;"ADIMAR DE SOUZA MEDINA";1;1236;80001947277;"SALÃO PAROQUIAL DA IGREJA DE NOSSA SENHORA DA CONCEIÇÃO";"AV. GETULIO VARGAS, 545"
"28/10/2024";"11:46:22";2024;2;"Eleição Ordinária";1;619;"Eleições Municipais 2024";"06/10/2024";"M";"ES";"56057";"ALFREDO CHAVES";56057;"ALFREDO CHAVES";12;15;13;"Vereador";20678;"ADIMAR DE SOUZA MEDINA";38;1074;80001947277;"SALÃO DA IGREJA DE SÃO MARTINHO";"R. PRINCIPAL, S/ N"
"28/10/2024";"11:46:22";2024;2;"Eleição Ordinária";1;619;"Eleições Municipais 2024";"06/10/2024";"M";"ES";"56057";"ALFREDO CHAVES";56057;"ALFREDO CHAVES";12;4;13;"Vereador";10190;"ROMILDO DOMINGOS BORTOLUZZI";1;1015;80001966352;"EMEF ANA ARAÚJO";"R. EXPEDICIONARIO OSVALDO SAUDINO"
"28/10/2024";"11:46:22";2024;2;"Eleição Ordinária";1;619;"Eleições Municipais 2024";"06/10/2024";"M";"ES";"56057";"ALFREDO CHAVES";56057;"ALFREDO CHAVES";12;2;13;"Vereador";20190;"MARCELO CRISTIANO CARDOSO FARIA";5;1015;80001947286;"EMEF ANA ARAÚJO";"R. EXPEDICIONARIO OSVALDO SAUDINO"
"28/10/2024";"11:46:22";2024;2;"Eleição Ordinária";1;619;"Eleições Municipais 2024";"06/10/2024";"M";"ES";"56057";"ALFREDO CHAVES";56057;"ALFREDO CHAVES";12;31;13;"Vereador";20190;"MARCELO CRISTIANO CARDOSO FARIA";8;1171;80001947286;"EEEFM CAMILA MOTA";"R. NELSON DA COSTA MELLO, S/ N"
"28/10/2024";"11:46:22";2024;2;"Eleição Ordinária";1;619;"Eleições Municipais 2024";"06/10/2024";"M";"ES";"56057";"ALFREDO CHAVES";56057;"ALFREDO CHAVES";12;85;13;"Vereador";10321;"DIVAL LUIZ PAGANINI";1;1244;80001966354;"CRECHE PEQUERRUCHOS";"RUA ANTÔNIO CLAUDIO GAIGHER, 19"
"28/10/2024";"11:46:22";2024;2;"Eleição Ordinária";1;619;"Eleições Municipais 2024";"06/10/2024";"M";"ES";"56057";"ALFREDO CHAVES";56057;"ALFREDO CHAVES";12;22;13;"Vereador";40444;"ALAESSO LORENZON";1;1139;80001947150;"EMEF SAGRADA FAMÍLIA";"R. PRINCIPAL, S/ N"
"28/10/2024";"11:46:22";2024;2;"Eleição Ordinária";1;619;"Eleições Municipais 2024";"06/10/2024";"M";"ES";"56057";"ALFREDO CHAVES";56057;"ALFREDO CHAVES";12;1;13;"Vereador";22111;"FABIO DAMASCENO GALVAO";7;1015;80002230754;"EMEF ANA ARAÚJO";"R. EXPEDICIONARIO OSVALDO SAUDINO"
"28/10/2024";"11:46:22";2024;2;"Eleição Ordinária";1;619;"Eleições Municipais 2024";"06/10/2024";"M";"ES";"56057";"ALFREDO CHAVES";56057;"ALFREDO CHAVES";12;18;13;"Vereador";20000;"IZABEL PARMAGNANI";1;1090;80001947279;"EMEF FELIPE MODOLO";"R. PRINCIPAL, S/ N"
"28/10/2024";"11:46:22";2024;2;"Eleição Ordinária";1;619;"Eleições Municipais 2024";"06/10/2024";"M";"ES";"56057";"ALFREDO CHAVES";56057;"ALFREDO CHAVES";12;7;13;"Vereador";11555;"HERMES LUIZ MARCHIORI ATHAIDES";9;1171;80001982779;"EEEFM CAMILA MOTA";"R. NELSON DA COSTA MELLO, S/ N"
"28/10/2024";"11:46:22";2024;2;"Eleição Ordinária";1;619;"Eleições Municipais 2024";"06/10/2024";"M";"ES";"56057";"ALFREDO CHAVES";56057;"ALFREDO CHAVES";12;37;13;"Vereador";22111;"FABIO DAMASCENO GALVAO";8;1228;80002230754;"CRECHE COMECINHO DE GENTE";"AV. DARCY DE PAULA GAIGHER, S/N"
"28/10/2024";"11:46:22";2024;2;"Eleição Ordinária";1;619;"Eleições Municipais 2024";"06/10/2024";"M";"ES";"56057";"ALFREDO CHAVES";56057;"ALFREDO CHAVES";12;6;13;"Vereador";55444;"ODAIR AUGUSTO BASSO";4;1023;80001947333;"EEEFM CAMILA MOTA";"R. NELSON DA COSTA MELLO, S/ N"
"28/10/2024";"11:46:22";2024;2;"Eleição Ordinária";1;619;"Eleições Municipais 2024";"06/10/2024";"M";"ES";"56057";"ALFREDO CHAVES";56057;"ALFREDO CHAVES";12;41;13;"Vereador";10222;"JOSIMAR PIUMBINI";19;1236;80001966355;"SALÃO PAROQUIAL DA IGREJA DE NOSSA SENHORA DA CONCEIÇÃO";"AV. GETULIO VARGAS, 545"
"28/10/2024";"11:46:22";2024;2;"Eleição Ordinária";1;619;"Eleições Municipais 2024";"06/10/2024";"M";"ES";"56057";"ALFREDO CHAVES";56057;"ALFREDO CHAVES";12;27;13;"Vereador";40000;"NILTON CESAR BELMOK";17;1171;80001947152;"EEEFM CAMILA MOTA";"R. NELSON DA COSTA MELLO, S/ N"
"28/10/2024";"11:46:22";2024;2;"Eleição Ordinária";1;619;"Eleições Municipais 2024";"06/10/2024";"M";"ES";"56057";"ALFREDO CHAVES";56057;"ALFREDO CHAVES";12;26;13;"Vereador";55444;"ODAIR AUGUSTO BASSO";11;1163;80001947333;"EEUEF VILA NOVA DE MARAVILHA";"R. PRINCIPAL, S/ Nº"
"28/10/2024";"11:46:22";2024;2;"Eleição Ordinária";1;619;"Eleições Municipais 2024";"06/10/2024";"M";"ES";"56057";"ALFREDO CHAVES";56057;"ALFREDO CHAVES";12;3;13;"Vereador";40000;"NILTON CESAR BELMOK";14;1015;80001947152;"EMEF ANA ARAÚJO";"R. EXPEDICIONARIO OSVALDO SAUDINO"
"28/10/2024";"11:46:22";2024;2;"Eleição Ordinária";1;619;"Eleições Municipais 2024";"06/10/2024";"M";"ES";"56057";"ALFREDO CHAVES";56057;"ALFREDO CHAVES";12;4;13;"Vereador";22111;"FABIO DAMASCENO GALVAO";6;1015;80002230754;"EMEF ANA ARAÚJO";"R. EXPEDICIONARIO OSVALDO SAUDINO"
"28/10/2024";"11:46:22";2024;2;"Eleição Ordinária";1;619;"Eleições Municipais 2024";"06/10/2024";"M";"ES";"56057";"ALFREDO CHAVES";56057;"ALFREDO CHAVES";12;40;13;"Vereador";55333;"BERENICE DA PENHA GALVAO PEREIRA";2;1236;80001947339;"SALÃO PAROQUIAL DA IGREJA DE NOSSA SENHORA DA CONCEIÇÃO";"AV. GETULIO VARGAS, 545"
"28/10/2024";"11:46:22";2024;2;"Eleição Ordinária";1;619;"Eleições Municipais 2024";"06/10/2024";"M";"ES";"56057";"ALFREDO CHAVES";56057;"ALFREDO CHAVES";12;15;13;"Vereador";55333;"BERENICE DA PENHA GALVAO PEREIRA";2;1074;80001947339;"SALÃO DA IGREJA DE SÃO MARTINHO";"R. PRINCIPAL, S/ N"
"28/10/2024";"11:46:22";2024;2;"Eleição Ordinária";1;619;"Eleições Municipais 2024";"06/10/2024";"M";"ES";"56057";"ALFREDO CHAVES";56057;"ALFREDO CHAVES";12;10;13;"Vereador";55555;"ADILSON JOSE ROVETA";5;1040;80001947332;"EEEF DE CRUBIXÁ";"R. PRINCIPAL, S/ Nº"
"28/10/2024";"11:46:22";2024;2;"Eleição Ordinária";1;619;"Eleições Municipais 2024";"06/10/2024";"M";"ES";"56057";"ALFREDO CHAVES";56057;"ALFREDO CHAVES";12;22;13;"Vereador";40555;"DANIEL ORLANDI";8;1139;80001947149;"EMEF SAGRADA FAMÍLIA";"R. PRINCIPAL, S/ N"
"28/10/2024";"11:46:22";2024;2;"Eleição Ordinária";1;619;"Eleições Municipais 2024";"06/10/2024";"M";"ES";"56057";"ALFREDO CHAVES";56057;"ALFREDO CHAVES";12;14;13;"Vereador";22040;"EDEVANILDE GORETI BREDA ALMEIDA";2;1066;80002230757;"SALÃO DA IGREJA CATÓLICA DE SÃO FRANCISCO DE BATATAL";"RUA PRINCIPAL, S/ N"
"28/10/2024";"11:46:22";2024;2;"Eleição Ordinária";1;619;"Eleições Municipais 2024";"06/10/2024";"M";"ES";"56057";"ALFREDO CHAVES";56057;"ALFREDO CHAVES";12;1;13;"Vereador";22040;"EDEVANILDE GORETI BREDA ALMEIDA";3;1015;80002230757;"EMEF ANA ARAÚJO";"R. EXPEDICIONARIO OSVALDO SAUDINO"
"28/10/2024";"11:46:22";2024;2;"Eleição Ordinária";1;619;"Eleições Municipais 2024";"06/10/2024";"M";"ES";"56057";"ALFREDO CHAVES";56057;"ALFREDO CHAVES";12;98;13;"Vereador";40000;"NILTON CESAR BELMOK";3;1090;80001947152;"EMEF FELIPE MODOLO";"R. PRINCIPAL, S/ N"
"28/10/2024";"11:46:22";2024;2;"Eleição Ordinária";1;619;"Eleições Municipais 2024";"06/10/2024";"M";"ES";"56057";"ALFREDO CHAVES";56057;"ALFREDO CHAVES";12;6;13;"Vereador";40456;"SERAFINO ANTONIO SIMONI";2;1023;80001947157;"EEEFM CAMILA MOTA";"R. NELSON DA COSTA MELLO, S/ N"
"28/10/2024";"11:46:22";2024;2;"Eleição Ordinária";1;619;"Eleições Municipais 2024";"06/10/2024";"M";"ES";"56057";"ALFREDO CHAVES";56057;"ALFREDO CHAVES";12;17;13;"Vereador";10222;"JOSIMAR PIUMBINI";8;1090;80001966355;"EMEF FELIPE MODOLO";"R. PRINCIPAL, S/ N"
"28/10/2024";"11:46:22";2024;2;"Eleição Ordinária";1;619;"Eleições Municipais 2024";"06/10/2024";"M";"ES";"56057";"ALFREDO CHAVES";56057;"ALFREDO CHAVES";12;3;13;"Vereador";22000;"ANDRÉ ALMONFREY ORLANDI";2;1015;80002230761;"EMEF ANA ARAÚJO";"R. EXPEDICIONARIO OSVALDO SAUDINO"
"28/10/2024";"11:46:22";2024;2;"Eleição Ordinária";1;619;"Eleições Municipais 2024";"06/10/2024";"M";"ES";"56057";"ALFREDO CHAVES";56057;"ALFREDO CHAVES";12;16;13;"Vereador";40555;"DANIEL ORLANDI";9;1082;80001947149;"PRÉDIO DA ANTIGA ESCOLA ALMERINDA BRUNORO";"R. PRINCIPAL, S/ N"
"28/10/2024";"11:46:22";2024;2;"Eleição Ordinária";1;619;"Eleições Municipais 2024";"06/10/2024";"M";"ES";"56057";"ALFREDO CHAVES";56057;"ALFREDO CHAVES";12;22;13;"Vereador";20000;"IZABEL PARMAGNANI";4;1139;80001947279;"EMEF SAGRADA FAMÍLIA";"R. PRINCIPAL, S/ N"
"28/10/2024";"11:46:22";2024;2;"Eleição Ordinária";1;619;"Eleições Municipais 2024";"06/10/2024";"M";"ES";"56057";"ALFREDO CHAVES";56057;"ALFREDO CHAVES";12;9;13;"Vereador";40123;"CELIA MARIA STEIN BUBACH";21;1031;80001947153;"EMEF FAZENDA APARECIDA";"R. PRINCIPAL, S/ Nº"
"28/10/2024";"11:46:22";2024;2;"Eleição Ordinária";1;619;"Eleições Municipais 2024";"06/10/2024";"M";"ES";"56057";"ALFREDO CHAVES";56057;"ALFREDO CHAVES";12;6;13;"Vereador";40555;"DANIEL ORLANDI";10;1023;80001947149;"EEEFM CAMILA MOTA";"R. NELSON DA COSTA MELLO, S/ N"
"28/10/2024";"11:46:22";2024;2;"Eleição Ordinária";1;619;"Eleições Municipais 2024";"06/10/2024";"M";"ES";"56057";"ALFREDO CHAVES";56057;"ALFREDO CHAVES";12;38;13;"Vereador";55321;"VALDIRENE BRANDÃO ANDRADE SORIO";1;1244;80001947331;"CRECHE PEQUERRUCHOS";"RUA ANTÔNIO CLAUDIO GAIGHER, 19"
"28/10/2024";"11:46:22";2024;2;"Eleição Ordinária";1;619;"Eleições Municipais 2024";"06/10/2024";"M";"ES";"56057";"ALFREDO CHAVES";56057;"ALFREDO CHAVES";12;13;11;"Prefeito";11;"HUGO LUIZ PICOLI MENEGHEL";208;1058;80002104371;"EMEF ENGANO";"R. PRINCIPAL, S/N"
"28/10/2024";"11:46:22";2024;2;"Eleição Ordinária";1;619;"Eleições Municipais 2024";"06/10/2024";"M";"ES";"56057";"ALFREDO CHAVES";56057;"ALFREDO CHAVES";12;5;13;"Vereador";55333;"BERENICE DA PENHA GALVAO PEREIRA";3;1015;80001947339;"EMEF ANA ARAÚJO";"R. EXPEDICIONARIO OSVALDO SAUDINO"
"28/10/2024";"11:46:22";2024;2;"Eleição Ordinária";1;619;"Eleições Municipais 2024";"06/10/2024";"M";"ES";"56057";"ALFREDO CHAVES";56057;"ALFREDO CHAVES";12;5;13;"Vereador";40444;"ALAESSO LORENZON";1;1015;80001947150;"EMEF ANA ARAÚJO";"R. EXPEDICIONARIO OSVALDO SAUDINO"
"28/10/2024";"11:46:22";2024;2;"Eleição Ordinária";1;619;"Eleições Municipais 2024";"06/10/2024";"M";"ES";"56057";"ALFREDO CHAVES";56057;"ALFREDO CHAVES";12;6;13;"Vereador";20000;"IZABEL PARMAGNANI";8;1023;80001947279;"EEEFM CAMILA MOTA";"R. NELSON DA COSTA MELLO, S/ N"
"28/10/2024";"11:46:22";2024;2;"Eleição Ordinária";1;619;"Eleições Municipais 2024";"06/10/2024";"M";"ES";"56057";"ALFREDO CHAVES";56057;"ALFREDO CHAVES";12;41;13;"Vereador";22111;"FABIO DAMASCENO GALVAO";4;1236;80002230754;"SALÃO PAROQUIAL DA IGREJA DE NOSSA SENHORA DA CONCEIÇÃO";"AV. GETULIO VARGAS, 545"
"28/10/2024";"11:46:22";2024;2;"Eleição Ordinária";1;619;"Eleições Municipais 2024";"06/10/2024";"M";"ES";"56057";"ALFREDO CHAVES";56057;"ALFREDO CHAVES";12;7;13;"Vereador";22022;"SAMUEL ARDIZZON BELMOK";6;1171;80002230759;"EEEFM CAMILA MOTA";"R. NELSON DA COSTA MELLO, S/ N"
"28/10/2024";"11:46:22";2024;2;"Eleição Ordinária";1;619;"Eleições Municipais 2024";"06/10/2024";"M";"ES";"56057";"ALFREDO CHAVES";56057;"ALFREDO CHAVES";12;38;13;"Vereador";20222;"IZABEL APARECIDA MORESCHI";3;1244;80001947281;"CRECHE PEQUERRUCHOS";"RUA ANTÔNIO CLAUDIO GAIGHER, 19"
"28/10/2024";"11:46:22";2024;2;"Eleição Ordinária";1;619;"Eleições Municipais 2024";"06/10/2024";"M";"ES";"56057";"ALFREDO CHAVES";56057;"ALFREDO CHAVES";12;11;13;"Vereador";40456;"SERAFINO ANTONIO SIMONI";3;1040;80001947157;"EEEF DE CRUBIXÁ";"R. PRINCIPAL, S/ Nº"
"28/10/2024";"11:46:22";2024;2;"Eleição Ordinária";1;619;"Eleições Municipais 2024";"06/10/2024";"M";"ES";"56057";"ALFREDO CHAVES";56057;"ALFREDO CHAVES";12;11;13;"Vereador";22123;"CRISTIANO GRILLO";6;1040;80002230753;"EEEF DE CRUBIXÁ";"R. PRINCIPAL, S/ Nº"
"28/10/2024";"11:46:22";2024;2;"Eleição Ordinária";1;619;"Eleições Municipais 2024";"06/10/2024";"M";"ES";"56057";"ALFREDO CHAVES";56057;"ALFREDO CHAVES";12;26;13;"Vereador";40456;"SERAFINO ANTONIO SIMONI";13;1163;80001947157;"EEUEF VILA NOVA DE MARAVILHA";"R. PRINCIPAL, S/ Nº"
"28/10/2024";"11:46:22";2024;2;"Eleição Ordinária";1;619;"Eleições Municipais 2024";"06/10/2024";"M";"ES";"56057";"ALFREDO CHAVES";56057;"ALFREDO CHAVES";12;85;13;"Vereador";11222;"KATIUSCIA SARTORI SILVA COMINOTTI";1;1244;80001982782;"CRECHE PEQUERRUCHOS";"RUA ANTÔNIO CLAUDIO GAIGHER, 19"
"28/10/2024";"11:46:22";2024;2;"Eleição Ordinária";1;619;"Eleições Municipais 2024";"06/10/2024";"M";"ES";"56057";"ALFREDO CHAVES";56057;"ALFREDO CHAVES";12;11;13;"Vereador";45666;"SERGIO BIANCHI";3;1040;80001982693;"EEEF DE CRUBIXÁ";"R. PRINCIPAL, S/ Nº"
"28/10/2024";"11:46:22";2024;2;"Eleição Ordinária";1;619;"Eleições Municipais 2024";"06/10/2024";"M";"ES";"56057";"ALFREDO CHAVES";56057;"ALFREDO CHAVES";12;40;13;"Vereador";45123;"RAYANE TOMAZINI BRESSANELLI";2;1236;80001982695;"SALÃO PAROQUIAL DA IGREJA DE NOSSA SENHORA DA CONCEIÇÃO";"AV. GETULIO VARGAS, 545"
"28/10/2024";"11:46:22";2024;2;"Eleição Ordinária";1;619;"Eleições Municipais 2024";"06/10/2024";"M";"ES";"56057";"ALFREDO CHAVES";56057;"ALFREDO CHAVES";12;40;13;"Vereador";20222;"IZABEL APARECIDA MORESCHI";1;1236;80001947281;"SALÃO PAROQUIAL DA IGREJA DE NOSSA SENHORA DA CONCEIÇÃO";"AV. GETULIO VARGAS, 545"
"28/10/2024";"11:46:22";2024;2;"Eleição Ordinária";1;619;"Eleições Municipais 2024";"06/10/2024";"M";"ES";"56057";"ALFREDO CHAVES";56057;"ALFREDO CHAVES";12;15;13;"Vereador";20222;"IZABEL APARECIDA MORESCHI";1;1074;80001947281;"SALÃO DA IGREJA DE SÃO MARTINHO";"R. PRINCIPAL, S/ N"
"28/10/2024";"11:46:22";2024;2;"Eleição Ordinária";1;619;"Eleições Municipais 2024";"06/10/2024";"M";"ES";"56057";"ALFREDO CHAVES";56057;"ALFREDO CHAVES";12;4;13;"Vereador";10123;"ALEFY JUNIOR CLAUDIO SIMOES";3;1015;80001966351;"EMEF ANA ARAÚJO";"R. EXPEDICIONARIO OSVALDO SAUDINO"
"28/10/2024";"11:46:22";2024;2;"Eleição Ordinária";1;619;"Eleições Municipais 2024";"06/10/2024";"M";"ES";"56057";"ALFREDO CHAVES";56057;"ALFREDO CHAVES";12;39;13;"Vereador";55456;"JOAO ENDRINGER JUNIOR";2;1244;80001947335;"CRECHE PEQUERRUCHOS";"RUA ANTÔNIO CLAUDIO GAIGHER, 19"
"28/10/2024";"11:46:22";2024;2;"Eleição Ordinária";1;619;"Eleições Municipais 2024";"06/10/2024";"M";"ES";"56057";"ALFREDO CHAVES";56057;"ALFREDO CHAVES";12;9;13;"Vereador";95;"VOTO BRANCO";3;1031;-1;"EMEF FAZENDA APARECIDA";"R. PRINCIPAL, S/ Nº"
"28/10/2024";"11:46:22";2024;2;"Eleição Ordinária";1;619;"Eleições Municipais 2024";"06/10/2024";"M";"ES";"56057";"ALFREDO CHAVES";56057;"ALFREDO CHAVES";12;31;13;"Vereador";45456;"MARCOS ANTONIO SOARES DOS SANTOS";1;1171;80001982692;"EEEFM CAMILA MOTA";"R. NELSON DA COSTA MELLO, S/ N"
"28/10/2024";"11:46:22";2024;2;"Eleição Ordinária";1;619;"Eleições Municipais 2024";"06/10/2024";"M";"ES";"56057";"ALFREDO CHAVES";56057;"ALFREDO CHAVES";12;25;13;"Vereador";11222;"KATIUSCIA SARTORI SILVA COMINOTTI";1;1155;80001982782;"EMEF FELIPE MODOLO";"R. PRINCIPAL, S/ N"
"28/10/2024";"11:46:22";2024;2;"Eleição Ordinária";1;619;"Eleições Municipais 2024";"06/10/2024";"M";"ES";"56057";"ALFREDO CHAVES";56057;"ALFREDO CHAVES";12;4;13;"Vereador";96;"VOTO NULO";6;1015;-1;"EMEF ANA ARAÚJO";"R. EXPEDICIONARIO OSVALDO SAUDINO"
"28/10/2024";"11:46:22";2024;2;"Eleição Ordinária";1;619;"Eleições Municipais 2024";"06/10/2024";"M";"ES";"56057";"ALFREDO CHAVES";56057;"ALFREDO CHAVES";12;6;13;"Vereador";20111;"RUBERCI FALCÃO";2;1023;80001947282;"EEEFM CAMILA MOTA";"R. NELSON DA COSTA MELLO, S/ N"
"28/10/2024";"11:46:22";2024;2;"Eleição Ordinária";1;619;"Eleições Municipais 2024";"06/10/2024";"M";"ES";"56057";"ALFREDO CHAVES";56057;"ALFREDO CHAVES";12;18;13;"Vereador";11;"PROGRESSISTAS";4;1090;-3;"EMEF FELIPE MODOLO";"R. PRINCIPAL, S/ N"
"28/10/2024";"11:46:22";2024;2;"Eleição Ordinária";1;619;"Eleições Municipais 2024";"06/10/2024";"M";"ES";"56057";"ALFREDO CHAVES";56057;"ALFREDO CHAVES";12;18;13;"Vereador";20;"Podemos";1;1090;-3;"EMEF FELIPE MODOLO";"R. PRINCIPAL, S/ N"
"28/10/2024";"11:46:22";2024;2;"Eleição Ordinária";1;619;"Eleições Municipais 2024";"06/10/2024";"M";"ES";"56057";"ALFREDO CHAVES";56057;"ALFREDO CHAVES";12;18;13;"Vereador";40;"Partido Socialista Brasileiro";2;1090;-3;"EMEF FELIPE MODOLO";"R. PRINCIPAL, S/ N"
"28/10/2024";"11:46:22";2024;2;"Eleição Ordinária";1;619;"Eleições Municipais 2024";"06/10/2024";"M";"ES";"56057";"ALFREDO CHAVES";56057;"ALFREDO CHAVES";12;41;13;"Vereador";11;"PROGRESSISTAS";1;1236;-3;"SALÃO PAROQUIAL DA IGREJA DE NOSSA SENHORA DA CONCEIÇÃO";"AV. GETULIO VARGAS, 545"
"28/10/2024";"11:46:22";2024;2;"Eleição Ordinária";1;619;"Eleições Municipais 2024";"06/10/2024";"M";"ES";"56057";"ALFREDO CHAVES";56057;"ALFREDO CHAVES";12;41;13;"Vereador";22;"Partido Liberal";1;1236;-3;"SALÃO PAROQUIAL DA IGREJA DE NOSSA SENHORA DA CONCEIÇÃO";"AV. GETULIO VARGAS, 545"
"28/10/2024";"11:46:22";2024;2;"Eleição Ordinária";1;619;"Eleições Municipais 2024";"06/10/2024";"M";"ES";"56057";"ALFREDO CHAVES";56057;"ALFREDO CHAVES";12;23;13;"Vereador";55444;"ODAIR AUGUSTO BASSO";2;1139;80001947333;"EMEF SAGRADA FAMÍLIA";"R. PRINCIPAL, S/ N"
"28/10/2024";"11:46:22";2024;2;"Eleição Ordinária";1;619;"Eleições Municipais 2024";"06/10/2024";"M";"ES";"56057";"ALFREDO CHAVES";56057;"ALFREDO CHAVES";12;2;13;"Vereador";45000;"WARLEI FERRARINI PESSALI";4;1015;80001982698;"EMEF ANA ARAÚJO";"R. EXPEDICIONARIO OSVALDO SAUDINO"
"28/10/2024";"11:46:22";2024;2;"Eleição Ordinária";1;619;"Eleições Municipais 2024";"06/10/2024";"M";"ES";"56057";"ALFREDO CHAVES";56057;"ALFREDO CHAVES";12;31;13;"Vereador";45000;"WARLEI FERRARINI PESSALI";3;1171;80001982698;"EEEFM CAMILA MOTA";"R. NELSON DA COSTA MELLO, S/ N"
"28/10/2024";"11:46:22";2024;2;"Eleição Ordinária";1;619;"Eleições Municipais 2024";"06/10/2024";"M";"ES";"56057";"ALFREDO CHAVES";56057;"ALFREDO CHAVES";12;20;13;"Vereador";22000;"ANDRÉ ALMONFREY ORLANDI";1;1112;80002230761;"SALÃO DA IGREJA CATÓLICA DE CACHOEIRA ALTA";"R. PRINCIPAL, S/ N"
"28/10/2024";"11:46:22";2024;2;"Eleição Ordinária";1;619;"Eleições Municipais 2024";"06/10/2024";"M";"ES";"56057";"ALFREDO CHAVES";56057;"ALFREDO CHAVES";12;34;13;"Vereador";55369;"DORLEI BRANDY NASCIMENTO";1;1171;80001947334;"EEEFM CAMILA MOTA";"R. NELSON DA COSTA MELLO, S/ N"
"28/10/2024";"11:46:22";2024;2;"Eleição Ordinária";1;619;"Eleições Municipais 2024";"06/10/2024";"M";"ES";"56057";"ALFREDO CHAVES";56057;"ALFREDO CHAVES";12;16;13;"Vereador";22500;"LAUDEMIR CARLOS PEREIRA";4;1082;80002230758;"PRÉDIO DA ANTIGA ESCOLA ALMERINDA BRUNORO";"R. PRINCIPAL, S/ N"
"28/10/2024";"11:46:22";2024;2;"Eleição Ordinária";1;619;"Eleições Municipais 2024";"06/10/2024";"M";"ES";"56057";"ALFREDO CHAVES";56057;"ALFREDO CHAVES";12;2;11;"Prefeito";40;"ROLMAR BOTECCHIA";70;1015;80001947211;"EMEF ANA ARAÚJO";"R. EXPEDICIONARIO OSVALDO SAUDINO"
"28/10/2024";"11:46:22";2024;2;"Eleição Ordinária";1;619;"Eleições Municipais 2024";"06/10/2024";"M";"ES";"56057";"ALFREDO CHAVES";56057;"ALFREDO CHAVES";12;31;11;"Prefeito";40;"ROLMAR BOTECCHIA";80;1171;80001947211;"EEEFM CAMILA MOTA";"R. NELSON DA COSTA MELLO, S/ N"
"28/10/2024";"11:46:22";2024;2;"Eleição Ordinária";1;619;"Eleições Municipais 2024";"06/10/2024";"M";"ES";"56057";"ALFREDO CHAVES";56057;"ALFREDO CHAVES";12;9;13;"Vereador";20200;"REGINA PAULA RAUTA MARIANI";2;1031;80001947284;"EMEF FAZENDA APARECIDA";"R. PRINCIPAL, S/ Nº"
"28/10/2024";"11:46:22";2024;2;"Eleição Ordinária";1;619;"Eleições Municipais 2024";"06/10/2024";"M";"ES";"56057";"ALFREDO CHAVES";56057;"ALFREDO CHAVES";12;5;13;"Vereador";22000;"ANDRÉ ALMONFREY ORLANDI";2;1015;80002230761;"EMEF ANA ARAÚJO";"R. EXPEDICIONARIO OSVALDO SAUDINO"
"28/10/2024";"11:46:22";2024;2;"Eleição Ordinária";1;619;"Eleições Municipais 2024";"06/10/2024";"M";"ES";"56057";"ALFREDO CHAVES";56057;"ALFREDO CHAVES";12;3;13;"Vereador";40369;"MARIA AUGUSTA BUFFOLO";5;1015;80001947154;"EMEF ANA ARAÚJO";"R. EXPEDICIONARIO OSVALDO SAUDINO"
"28/10/2024";"11:46:22";2024;2;"Eleição Ordinária";1;619;"Eleições Municipais 2024";"06/10/2024";"M";"ES";"56057";"ALFREDO CHAVES";56057;"ALFREDO CHAVES";12;18;13;"Vereador";45555;"MARCIA FRANCISCO";5;1090;80001982694;"EMEF FELIPE MODOLO";"R. PRINCIPAL, S/ N"
"28/10/2024";"11:46:22";2024;2;"Eleição Ordinária";1;619;"Eleições Municipais 2024";"06/10/2024";"M";"ES";"56057";"ALFREDO CHAVES";56057;"ALFREDO CHAVES";12;18;13;"Vereador";10123;"ALEFY JUNIOR CLAUDIO SIMOES";16;1090;80001966351;"EMEF FELIPE MODOLO";"R. PRINCIPAL, S/ N"
"28/10/2024";"11:46:22";2024;2;"Eleição Ordinária";1;619;"Eleições Municipais 2024";"06/10/2024";"M";"ES";"56057";"ALFREDO CHAVES";56057;"ALFREDO CHAVES";12;3;11;"Prefeito";95;"VOTO BRANCO";2;1015;-1;"EMEF ANA ARAÚJO";"R. EXPEDICIONARIO OSVALDO SAUDINO"
"28/10/2024";"11:46:22";2024;2;"Eleição Ordinária";1;619;"Eleições Municipais 2024";"06/10/2024";"M";"ES";"56057";"ALFREDO CHAVES";56057;"ALFREDO CHAVES";12;34;13;"Vereador";40000;"NILTON CESAR BELMOK";16;1171;80001947152;"EEEFM CAMILA MOTA";"R. NELSON DA COSTA MELLO, S/ N"
"28/10/2024";"11:46:22";2024;2;"Eleição Ordinária";1;619;"Eleições Municipais 2024";"06/10/2024";"M";"ES";"56057";"ALFREDO CHAVES";56057;"ALFREDO CHAVES";12;19;13;"Vereador";40000;"NILTON CESAR BELMOK";36;1104;80001947152;"SALÃO COMUNITÁRIO DE NOVA ESTRELA";"R. PRINCIPAL, S/ N"
"28/10/2024";"11:46:22";2024;2;"Eleição Ordinária";1;619;"Eleições Municipais 2024";"06/10/2024";"M";"ES";"56057";"ALFREDO CHAVES";56057;"ALFREDO CHAVES";12;27;13;"Vereador";55555;"ADILSON JOSE ROVETA";6;1171;80001947332;"EEEFM CAMILA MOTA";"R. NELSON DA COSTA MELLO, S/ N"
"28/10/2024";"11:46:22";2024;2;"Eleição Ordinária";1;619;"Eleições Municipais 2024";"06/10/2024";"M";"ES";"56057";"ALFREDO CHAVES";56057;"ALFREDO CHAVES";12;27;13;"Vereador";40999;"EMILIA DAS GRAÇAS ALVES PADILHA DOMINGUES";2;1171;80001947155;"EEEFM CAMILA MOTA";"R. NELSON DA COSTA MELLO, S/ N"
"28/10/2024";"11:46:22";2024;2;"Eleição Ordinária";1;619;"Eleições Municipais 2024";"06/10/2024";"M";"ES";"56057";"ALFREDO CHAVES";56057;"ALFREDO CHAVES";12;37;13;"Vereador";55152;"ARILDO ALVES";4;1228;80001947338;"CRECHE COMECINHO DE GENTE";"AV. DARCY DE PAULA GAIGHER, S/N"
"28/10/2024";"11:46:22";2024;2;"Eleição Ordinária";1;619;"Eleições Municipais 2024";"06/10/2024";"M";"ES";"56057";"ALFREDO CHAVES";56057;"ALFREDO CHAVES";12;5;13;"Vereador";22200;"LUCAS ANTÔNIO MARCHESI";1;1015;80002230762;"EMEF ANA ARAÚJO";"R. EXPEDICIONARIO OSVALDO SAUDINO"
"28/10/2024";"11:46:22";2024;2;"Eleição Ordinária";1;619;"Eleições Municipais 2024";"06/10/2024";"M";"ES";"56057";"ALFREDO CHAVES";56057;"ALFREDO CHAVES";12;22;13;"Vereador";22000;"ANDRÉ ALMONFREY ORLANDI";2;1139;80002230761;"EMEF SAGRADA FAMÍLIA";"R. PRINCIPAL, S/ N"
"28/10/2024";"11:46:22";2024;2;"Eleição Ordinária";1;619;"Eleições Municipais 2024";"06/10/2024";"M";"ES";"56057";"ALFREDO CHAVES";56057;"ALFREDO CHAVES";12;5;13;"Vereador";96;"VOTO NULO";3;1015;-1;"EMEF ANA ARAÚJO";"R. EXPEDICIONARIO OSVALDO SAUDINO"
"28/10/2024";"11:46:22";2024;2;"Eleição Ordinária";1;619;"Eleições Municipais 2024";"06/10/2024";"M";"ES";"56057";"ALFREDO CHAVES";56057;"ALFREDO CHAVES";12;27;13;"Vereador";22122;"SILVIA FOLGER BERNABÉ";5;1171;80002230756;"EEEFM CAMILA MOTA";"R. NELSON DA COSTA MELLO, S/ N"
"28/10/2024";"11:46:22";2024;2;"Eleição Ordinária";1;619;"Eleições Municipais 2024";"06/10/2024";"M";"ES";"56057";"ALFREDO CHAVES";56057;"ALFREDO CHAVES";12;4;11;"Prefeito";40;"ROLMAR BOTECCHIA";65;1015;80001947211;"EMEF ANA ARAÚJO";"R. EXPEDICIONARIO OSVALDO SAUDINO"
"28/10/2024";"11:46:22";2024;2;"Eleição Ordinária";1;619;"Eleições Municipais 2024";"06/10/2024";"M";"ES";"56057";"ALFREDO CHAVES";56057;"ALFREDO CHAVES";12;34;13;"Vereador";55152;"ARILDO ALVES";4;1171;80001947338;"EEEFM CAMILA MOTA";"R. NELSON DA COSTA MELLO, S/ N"
"28/10/2024";"11:46:22";2024;2;"Eleição Ordinária";1;619;"Eleições Municipais 2024";"06/10/2024";"M";"ES";"56057";"ALFREDO CHAVES";56057;"ALFREDO CHAVES";12;5;13;"Vereador";11555;"HERMES LUIZ MARCHIORI ATHAIDES";10;1015;80001982779;"EMEF ANA ARAÚJO";"R. EXPEDICIONARIO OSVALDO SAUDINO"
"28/10/2024";"11:46:22";2024;2;"Eleição Ordinária";1;619;"Eleições Municipais 2024";"06/10/2024";"M";"ES";"56057";"ALFREDO CHAVES";56057;"ALFREDO CHAVES";12;27;13;"Vereador";55321;"VALDIRENE BRANDÃO ANDRADE SORIO";4;1171;80001947331;"EEEFM CAMILA MOTA";"R. NELSON DA COSTA MELLO, S/ N"
"28/10/2024";"11:46:22";2024;2;"Eleição Ordinária";1;619;"Eleições Municipais 2024";"06/10/2024";"M";"ES";"56057";"ALFREDO CHAVES";56057;"ALFREDO CHAVES";12;35;13;"Vereador";45000;"WARLEI FERRARINI PESSALI";9;1171;80001982698;"EEEFM CAMILA MOTA";"R. NELSON DA COSTA MELLO, S/ N"
"28/10/2024";"11:46:22";2024;2;"Eleição Ordinária";1;619;"Eleições Municipais 2024";"06/10/2024";"M";"ES";"56057";"ALFREDO CHAVES";56057;"ALFREDO CHAVES";12;41;13;"Vereador";40444;"ALAESSO LORENZON";2;1236;80001947150;"SALÃO PAROQUIAL DA IGREJA DE NOSSA SENHORA DA CONCEIÇÃO";"AV. GETULIO VARGAS, 545"
"28/10/2024";"11:46:22";2024;2;"Eleição Ordinária";1;619;"Eleições Municipais 2024";"06/10/2024";"M";"ES";"56057";"ALFREDO CHAVES";56057;"ALFREDO CHAVES";12;10;13;"Vereador";20000;"IZABEL PARMAGNANI";1;1040;80001947279;"EEEF DE CRUBIXÁ";"R. PRINCIPAL, S/ Nº"
"28/10/2024";"11:46:22";2024;2;"Eleição Ordinária";1;619;"Eleições Municipais 2024";"06/10/2024";"M";"ES";"56057";"ALFREDO CHAVES";56057;"ALFREDO CHAVES";12;4;13;"Vereador";11000;"FRANCISCO DE ASSIS JOSE DOS SANTOS";12;1015;80001982776;"EMEF ANA ARAÚJO";"R. EXPEDICIONARIO OSVALDO SAUDINO"
"28/10/2024";"11:46:22";2024;2;"Eleição Ordinária";1;619;"Eleições Municipais 2024";"06/10/2024";"M";"ES";"56057";"ALFREDO CHAVES";56057;"ALFREDO CHAVES";12;21;13;"Vereador";45000;"WARLEI FERRARINI PESSALI";7;1120;80001982698;"EMUEF QUARTO TERRITÓRIO";"RUA PRINCIPAL, S/N"
"28/10/2024";"11:46:22";2024;2;"Eleição Ordinária";1;619;"Eleições Municipais 2024";"06/10/2024";"M";"ES";"56057";"ALFREDO CHAVES";56057;"ALFREDO CHAVES";12;14;13;"Vereador";20678;"ADIMAR DE SOUZA MEDINA";1;1066;80001947277;"SALÃO DA IGREJA CATÓLICA DE SÃO FRANCISCO DE BATATAL";"RUA PRINCIPAL, S/ N"
"28/10/2024";"11:46:22";2024;2;"Eleição Ordinária";1;619;"Eleições Municipais 2024";"06/10/2024";"M";"ES";"56057";"ALFREDO CHAVES";56057;"ALFREDO CHAVES";12;33;13;"Vereador";10190;"ROMILDO DOMINGOS BORTOLUZZI";1;1171;80001966352;"EEEFM CAMILA MOTA";"R. NELSON DA COSTA MELLO, S/ N"
"28/10/2024";"11:46:22";2024;2;"Eleição Ordinária";1;619;"Eleições Municipais 2024";"06/10/2024";"M";"ES";"56057";"ALFREDO CHAVES";56057;"ALFREDO CHAVES";12;12;13;"Vereador";20678;"ADIMAR DE SOUZA MEDINA";3;1058;80001947277;"EMEF ENGANO";"R. PRINCIPAL, S/N"
"28/10/2024";"11:46:22";2024;2;"Eleição Ordinária";1;619;"Eleições Municipais 2024";"06/10/2024";"M";"ES";"56057";"ALFREDO CHAVES";56057;"ALFREDO CHAVES";12;7;13;"Vereador";10123;"ALEFY JUNIOR CLAUDIO SIMOES";11;1171;80001966351;"EEEFM CAMILA MOTA";"R. NELSON DA COSTA MELLO, S/ N"
"28/10/2024";"11:46:22";2024;2;"Eleição Ordinária";1;619;"Eleições Municipais 2024";"06/10/2024";"M";"ES";"56057";"ALFREDO CHAVES";56057;"ALFREDO CHAVES";12;7;13;"Vereador";10222;"JOSIMAR PIUMBINI";18;1171;80001966355;"EEEFM CAMILA MOTA";"R. NELSON DA COSTA MELLO, S/ N"
"28/10/2024";"11:46:22";2024;2;"Eleição Ordinária";1;619;"Eleições Municipais 2024";"06/10/2024";"M";"ES";"56057";"ALFREDO CHAVES";56057;"ALFREDO CHAVES";12;23;13;"Vereador";20123;"ARMANDO ZANATA INGLE RIBEIRO";8;1139;80001947278;"EMEF SAGRADA FAMÍLIA";"R. PRINCIPAL, S/ N"
"28/10/2024";"11:46:22";2024;2;"Eleição Ordinária";1;619;"Eleições Municipais 2024";"06/10/2024";"M";"ES";"56057";"ALFREDO CHAVES";56057;"ALFREDO CHAVES";12;3;13;"Vereador";22123;"CRISTIANO GRILLO";1;1015;80002230753;"EMEF ANA ARAÚJO";"R. EXPEDICIONARIO OSVALDO SAUDINO"
"28/10/2024";"11:46:22";2024;2;"Eleição Ordinária";1;619;"Eleições Municipais 2024";"06/10/2024";"M";"ES";"56057";"ALFREDO CHAVES";56057;"ALFREDO CHAVES";12;7;13;"Vereador";20190;"MARCELO CRISTIANO CARDOSO FARIA";10;1171;80001947286;"EEEFM CAMILA MOTA";"R. NELSON DA COSTA MELLO, S/ N"
"28/10/2024";"11:46:22";2024;2;"Eleição Ordinária";1;619;"Eleições Municipais 2024";"06/10/2024";"M";"ES";"56057";"ALFREDO CHAVES";56057;"ALFREDO CHAVES";12;38;13;"Vereador";96;"VOTO NULO";3;1244;-1;"CRECHE PEQUERRUCHOS";"RUA ANTÔNIO CLAUDIO GAIGHER, 19"
"28/10/2024";"11:46:22";2024;2;"Eleição Ordinária";1;619;"Eleições Municipais 2024";"06/10/2024";"M";"ES";"56057";"ALFREDO CHAVES";56057;"ALFREDO CHAVES";12;7;13;"Vereador";45555;"MARCIA FRANCISCO";6;1171;80001982694;"EEEFM CAMILA MOTA";"R. NELSON DA COSTA MELLO, S/ N"
"28/10/2024";"11:46:22";2024;2;"Eleição Ordinária";1;619;"Eleições Municipais 2024";"06/10/2024";"M";"ES";"56057";"ALFREDO CHAVES";56057;"ALFREDO CHAVES";12;6;13;"Vereador";45123;"RAYANE TOMAZINI BRESSANELLI";1;1023;80001982695;"EEEFM CAMILA MOTA";"R. NELSON DA COSTA MELLO, S/ N"
"28/10/2024";"11:46:22";2024;2;"Eleição Ordinária";1;619;"Eleições Municipais 2024";"06/10/2024";"M";"ES";"56057";"ALFREDO CHAVES";56057;"ALFREDO CHAVES";12;14;13;"Vereador";40555;"DANIEL ORLANDI";1;1066;80001947149;"SALÃO DA IGREJA CATÓLICA DE SÃO FRANCISCO DE BATATAL";"RUA PRINCIPAL, S/ N"
"28/10/2024";"11:46:22";2024;2;"Eleição Ordinária";1;619;"Eleições Municipais 2024";"06/10/2024";"M";"ES";"56057";"ALFREDO CHAVES";56057;"ALFREDO CHAVES";12;1;13;"Vereador";40555;"DANIEL ORLANDI";15;1015;80001947149;"EMEF ANA ARAÚJO";"R. EXPEDICIONARIO OSVALDO SAUDINO"
"28/10/2024";"11:46:22";2024;2;"Eleição Ordinária";1;619;"Eleições Municipais 2024";"06/10/2024";"M";"ES";"56057";"ALFREDO CHAVES";56057;"ALFREDO CHAVES";12;12;13;"Vereador";40555;"DANIEL ORLANDI";16;1058;80001947149;"EMEF ENGANO";"R. PRINCIPAL, S/N"
"28/10/2024";"11:46:22";2024;2;"Eleição Ordinária";1;619;"Eleições Municipais 2024";"06/10/2024";"M";"ES";"56057";"ALFREDO CHAVES";56057;"ALFREDO CHAVES";12;39;13;"Vereador";45000;"WARLEI FERRARINI PESSALI";6;1244;80001982698;"CRECHE PEQUERRUCHOS";"RUA ANTÔNIO CLAUDIO GAIGHER, 19"
"28/10/2024";"11:46:22";2024;2;"Eleição Ordinária";1;619;"Eleições Municipais 2024";"06/10/2024";"M";"ES";"56057";"ALFREDO CHAVES";56057;"ALFREDO CHAVES";12;40;13;"Vereador";11555;"HERMES LUIZ MARCHIORI ATHAIDES";9;1236;80001982779;"SALÃO PAROQUIAL DA IGREJA DE NOSSA SENHORA DA CONCEIÇÃO";"AV. GETULIO VARGAS, 545"
"28/10/2024";"11:46:22";2024;2;"Eleição Ordinária";1;619;"Eleições Municipais 2024";"06/10/2024";"M";"ES";"56057";"ALFREDO CHAVES";56057;"ALFREDO CHAVES";12;27;13;"Vereador";45000;"WARLEI FERRARINI PESSALI";10;1171;80001982698;"EEEFM CAMILA MOTA";"R. NELSON DA COSTA MELLO, S/ N"
"28/10/2024";"11:46:22";2024;2;"Eleição Ordinária";1;619;"Eleições Municipais 2024";"06/10/2024";"M";"ES";"56057";"ALFREDO CHAVES";56057;"ALFREDO CHAVES";12;15;13;"Vereador";11555;"HERMES LUIZ MARCHIORI ATHAIDES";6;1074;80001982779;"SALÃO DA IGREJA DE SÃO MARTINHO";"R. PRINCIPAL, S/ N"
"28/10/2024";"11:46:22";2024;2;"Eleição Ordinária";1;619;"Eleições Municipais 2024";"06/10/2024";"M";"ES";"56057";"ALFREDO CHAVES";56057;"ALFREDO CHAVES";12;23;13;"Vereador";11555;"HERMES LUIZ MARCHIORI ATHAIDES";12;1139;80001982779;"EMEF SAGRADA FAMÍLIA";"R. PRINCIPAL, S/ N"
"28/10/2024";"11:46:22";2024;2;"Eleição Ordinária";1;619;"Eleições Municipais 2024";"06/10/2024";"M";"ES";"56057";"ALFREDO CHAVES";56057;"ALFREDO CHAVES";12;18;13;"Vereador";45000;"WARLEI FERRARINI PESSALI";2;1090;80001982698;"EMEF FELIPE MODOLO";"R. PRINCIPAL, S/ N"
"28/10/2024";"11:46:22";2024;2;"Eleição Ordinária";1;619;"Eleições Municipais 2024";"06/10/2024";"M";"ES";"56057";"ALFREDO CHAVES";56057;"ALFREDO CHAVES";12;40;11;"Prefeito";95;"VOTO BRANCO";6;1236;-1;"SALÃO PAROQUIAL DA IGREJA DE NOSSA SENHORA DA CONCEIÇÃO";"AV. GETULIO VARGAS, 545"
"28/10/2024";"11:46:22";2024;2;"Eleição Ordinária";1;619;"Eleições Municipais 2024";"06/10/2024";"M";"ES";"56057";"ALFREDO CHAVES";56057;"ALFREDO CHAVES";12;15;11;"Prefeito";95;"VOTO BRANCO";7;1074;-1;"SALÃO DA IGREJA DE SÃO MARTINHO";"R. PRINCIPAL, S/ N"
"28/10/2024";"11:46:22";2024;2;"Eleição Ordinária";1;619;"Eleições Municipais 2024";"06/10/2024";"M";"ES";"56057";"ALFREDO CHAVES";56057;"ALFREDO CHAVES";12;11;13;"Vereador";40555;"DANIEL ORLANDI";20;1040;80001947149;"EEEF DE CRUBIXÁ";"R. PRINCIPAL, S/ Nº"
"28/10/2024";"11:46:22";2024;2;"Eleição Ordinária";1;619;"Eleições Municipais 2024";"06/10/2024";"M";"ES";"56057";"ALFREDO CHAVES";56057;"ALFREDO CHAVES";12;16;13;"Vereador";40444;"ALAESSO LORENZON";1;1082;80001947150;"PRÉDIO DA ANTIGA ESCOLA ALMERINDA BRUNORO";"R. PRINCIPAL, S/ N"
"28/10/2024";"11:46:22";2024;2;"Eleição Ordinária";1;619;"Eleições Municipais 2024";"06/10/2024";"M";"ES";"56057";"ALFREDO CHAVES";56057;"ALFREDO CHAVES";12;30;13;"Vereador";40456;"SERAFINO ANTONIO SIMONI";1;1171;80001947157;"EEEFM CAMILA MOTA";"R. NELSON DA COSTA MELLO, S/ N"
"28/10/2024";"11:46:22";2024;2;"Eleição Ordinária";1;619;"Eleições Municipais 2024";"06/10/2024";"M";"ES";"56057";"ALFREDO CHAVES";56057;"ALFREDO CHAVES";12;40;13;"Vereador";11123;"RENAN DE JESUS BOLDRINI";2;1236;80001982781;"SALÃO PAROQUIAL DA IGREJA DE NOSSA SENHORA DA CONCEIÇÃO";"AV. GETULIO VARGAS, 545"
"28/10/2024";"11:46:22";2024;2;"Eleição Ordinária";1;619;"Eleições Municipais 2024";"06/10/2024";"M";"ES";"56057";"ALFREDO CHAVES";56057;"ALFREDO CHAVES";12;15;13;"Vereador";11123;"RENAN DE JESUS BOLDRINI";10;1074;80001982781;"SALÃO DA IGREJA DE SÃO MARTINHO";"R. PRINCIPAL, S/ N"
"28/10/2024";"11:46:22";2024;2;"Eleição Ordinária";1;619;"Eleições Municipais 2024";"06/10/2024";"M";"ES";"56057";"ALFREDO CHAVES";56057;"ALFREDO CHAVES";12;17;13;"Vereador";40456;"SERAFINO ANTONIO SIMONI";3;1090;80001947157;"EMEF FELIPE MODOLO";"R. PRINCIPAL, S/ N"
"28/10/2024";"11:46:22";2024;2;"Eleição Ordinária";1;619;"Eleições Municipais 2024";"06/10/2024";"M";"ES";"56057";"ALFREDO CHAVES";56057;"ALFREDO CHAVES";12;20;13;"Vereador";45000;"WARLEI FERRARINI PESSALI";6;1112;80001982698;"SALÃO DA IGREJA CATÓLICA DE CACHOEIRA ALTA";"R. PRINCIPAL, S/ N"
"28/10/2024";"11:46:22";2024;2;"Eleição Ordinária";1;619;"Eleições Municipais 2024";"06/10/2024";"M";"ES";"56057";"ALFREDO CHAVES";56057;"ALFREDO CHAVES";12;28;13;"Vereador";55456;"JOAO ENDRINGER JUNIOR";1;1074;80001947335;"SALÃO DA IGREJA DE SÃO MARTINHO";"R. PRINCIPAL, S/ N"
"28/10/2024";"11:46:22";2024;2;"Eleição Ordinária";1;619;"Eleições Municipais 2024";"06/10/2024";"M";"ES";"56057";"ALFREDO CHAVES";56057;"ALFREDO CHAVES";12;25;13;"Vereador";40369;"MARIA AUGUSTA BUFFOLO";36;1155;80001947154;"EMEF FELIPE MODOLO";"R. PRINCIPAL, S/ N"
"28/10/2024";"11:46:22";2024;2;"Eleição Ordinária";1;619;"Eleições Municipais 2024";"06/10/2024";"M";"ES";"56057";"ALFREDO CHAVES";56057;"ALFREDO CHAVES";12;85;13;"Vereador";55456;"JOAO ENDRINGER JUNIOR";3;1244;80001947335;"CRECHE PEQUERRUCHOS";"RUA ANTÔNIO CLAUDIO GAIGHER, 19"
"28/10/2024";"11:46:22";2024;2;"Eleição Ordinária";1;619;"Eleições Municipais 2024";"06/10/2024";"M";"ES";"56057";"ALFREDO CHAVES";56057;"ALFREDO CHAVES";12;28;13;"Vereador";10366;"SELMA CONSOLADORA CASALI PILON";9;1074;80001966358;"SALÃO DA IGREJA DE SÃO MARTINHO";"R. PRINCIPAL, S/ N"
"28/10/2024";"11:46:22";2024;2;"Eleição Ordinária";1;619;"Eleições Municipais 2024";"06/10/2024";"M";"ES";"56057";"ALFREDO CHAVES";56057;"ALFREDO CHAVES";12;10;11;"Prefeito";40;"ROLMAR BOTECCHIA";97;1040;80001947211;"EEEF DE CRUBIXÁ";"R. PRINCIPAL, S/ Nº"
"28/10/2024";"11:46:22";2024;2;"Eleição Ordinária";1;619;"Eleições Municipais 2024";"06/10/2024";"M";"ES";"56057";"ALFREDO CHAVES";56057;"ALFREDO CHAVES";12;23;13;"Vereador";20190;"MARCELO CRISTIANO CARDOSO FARIA";4;1139;80001947286;"EMEF SAGRADA FAMÍLIA";"R. PRINCIPAL, S/ N"
"28/10/2024";"11:46:22";2024;2;"Eleição Ordinária";1;619;"Eleições Municipais 2024";"06/10/2024";"M";"ES";"56057";"ALFREDO CHAVES";56057;"ALFREDO CHAVES";12;34;13;"Vereador";22200;"LUCAS ANTÔNIO MARCHESI";1;1171;80002230762;"EEEFM CAMILA MOTA";"R. NELSON DA COSTA MELLO, S/ N"
"28/10/2024";"11:46:22";2024;2;"Eleição Ordinária";1;619;"Eleições Municipais 2024";"06/10/2024";"M";"ES";"56057";"ALFREDO CHAVES";56057;"ALFREDO CHAVES";12;12;13;"Vereador";22123;"CRISTIANO GRILLO";5;1058;80002230753;"EMEF ENGANO";"R. PRINCIPAL, S/N"
"28/10/2024";"11:46:22";2024;2;"Eleição Ordinária";1;619;"Eleições Municipais 2024";"06/10/2024";"M";"ES";"56057";"ALFREDO CHAVES";56057;"ALFREDO CHAVES";12;6;13;"Vereador";45888;"ANGELO GABRIEL FAVATO";1;1023;80001982690;"EEEFM CAMILA MOTA";"R. NELSON DA COSTA MELLO, S/ N"
"28/10/2024";"11:46:22";2024;2;"Eleição Ordinária";1;619;"Eleições Municipais 2024";"06/10/2024";"M";"ES";"56057";"ALFREDO CHAVES";56057;"ALFREDO CHAVES";12;30;13;"Vereador";22500;"LAUDEMIR CARLOS PEREIRA";1;1171;80002230758;"EEEFM CAMILA MOTA";"R. NELSON DA COSTA MELLO, S/ N"
"28/10/2024";"11:46:22";2024;2;"Eleição Ordinária";1;619;"Eleições Municipais 2024";"06/10/2024";"M";"ES";"56057";"ALFREDO CHAVES";56057;"ALFREDO CHAVES";12;14;13;"Vereador";22123;"CRISTIANO GRILLO";2;1066;80002230753;"SALÃO DA IGREJA CATÓLICA DE SÃO FRANCISCO DE BATATAL";"RUA PRINCIPAL, S/ N"
"28/10/2024";"11:46:22";2024;2;"Eleição Ordinária";1;619;"Eleições Municipais 2024";"06/10/2024";"M";"ES";"56057";"ALFREDO CHAVES";56057;"ALFREDO CHAVES";12;17;13;"Vereador";22123;"CRISTIANO GRILLO";16;1090;80002230753;"EMEF FELIPE MODOLO";"R. PRINCIPAL, S/ N"
"28/10/2024";"11:46:22";2024;2;"Eleição Ordinária";1;619;"Eleições Municipais 2024";"06/10/2024";"M";"ES";"56057";"ALFREDO CHAVES";56057;"ALFREDO CHAVES";12;23;13;"Vereador";45000;"WARLEI FERRARINI PESSALI";52;1139;80001982698;"EMEF SAGRADA FAMÍLIA";"R. PRINCIPAL, S/ N"
"28/10/2024";"11:46:22";2024;2;"Eleição Ordinária";1;619;"Eleições Municipais 2024";"06/10/2024";"M";"ES";"56057";"ALFREDO CHAVES";56057;"ALFREDO CHAVES";12;17;13;"Vereador";40000;"NILTON CESAR BELMOK";4;1090;80001947152;"EMEF FELIPE MODOLO";"R. PRINCIPAL, S/ N"
"28/10/2024";"11:46:22";2024;2;"Eleição Ordinária";1;619;"Eleições Municipais 2024";"06/10/2024";"M";"ES";"56057";"ALFREDO CHAVES";56057;"ALFREDO CHAVES";12;3;13;"Vereador";40456;"SERAFINO ANTONIO SIMONI";1;1015;80001947157;"EMEF ANA ARAÚJO";"R. EXPEDICIONARIO OSVALDO SAUDINO"
"28/10/2024";"11:46:22";2024;2;"Eleição Ordinária";1;619;"Eleições Municipais 2024";"06/10/2024";"M";"ES";"56057";"ALFREDO CHAVES";56057;"ALFREDO CHAVES";12;18;13;"Vereador";11100;"TAIS LIMA TEIXEIRA ULIANA";1;1090;80001982780;"EMEF FELIPE MODOLO";"R. PRINCIPAL, S/ N"
"28/10/2024";"11:46:22";2024;2;"Eleição Ordinária";1;619;"Eleições Municipais 2024";"06/10/2024";"M";"ES";"56057";"ALFREDO CHAVES";56057;"ALFREDO CHAVES";12;41;13;"Vereador";22333;"MARIA DO CARMO LORENZINI DESTEFANI";1;1236;80002230755;"SALÃO PAROQUIAL DA IGREJA DE NOSSA SENHORA DA CONCEIÇÃO";"AV. GETULIO VARGAS, 545"
"28/10/2024";"11:46:22";2024;2;"Eleição Ordinária";1;619;"Eleições Municipais 2024";"06/10/2024";"M";"ES";"56057";"ALFREDO CHAVES";56057;"ALFREDO CHAVES";12;21;13;"Vereador";40444;"ALAESSO LORENZON";2;1120;80001947150;"EMUEF QUARTO TERRITÓRIO";"RUA PRINCIPAL, S/N"
"28/10/2024";"11:46:22";2024;2;"Eleição Ordinária";1;619;"Eleições Municipais 2024";"06/10/2024";"M";"ES";"56057";"ALFREDO CHAVES";56057;"ALFREDO CHAVES";12;8;13;"Vereador";11000;"FRANCISCO DE ASSIS JOSE DOS SANTOS";14;1023;80001982776;"EEEFM CAMILA MOTA";"R. NELSON DA COSTA MELLO, S/ N"
"28/10/2024";"11:46:22";2024;2;"Eleição Ordinária";1;619;"Eleições Municipais 2024";"06/10/2024";"M";"ES";"56057";"ALFREDO CHAVES";56057;"ALFREDO CHAVES";12;27;13;"Vereador";11222;"KATIUSCIA SARTORI SILVA COMINOTTI";1;1171;80001982782;"EEEFM CAMILA MOTA";"R. NELSON DA COSTA MELLO, S/ N"
"28/10/2024";"11:46:22";2024;2;"Eleição Ordinária";1;619;"Eleições Municipais 2024";"06/10/2024";"M";"ES";"56057";"ALFREDO CHAVES";56057;"ALFREDO CHAVES";12;4;13;"Vereador";11111;"JONACIR JOSE DENADAI";2;1015;80001982774;"EMEF ANA ARAÚJO";"R. EXPEDICIONARIO OSVALDO SAUDINO"
"28/10/2024";"11:46:22";2024;2;"Eleição Ordinária";1;619;"Eleições Municipais 2024";"06/10/2024";"M";"ES";"56057";"ALFREDO CHAVES";56057;"ALFREDO CHAVES";12;17;13;"Vereador";10366;"SELMA CONSOLADORA CASALI PILON";2;1090;80001966358;"EMEF FELIPE MODOLO";"R. PRINCIPAL, S/ N"
"28/10/2024";"11:46:22";2024;2;"Eleição Ordinária";1;619;"Eleições Municipais 2024";"06/10/2024";"M";"ES";"56057";"ALFREDO CHAVES";56057;"ALFREDO CHAVES";12;39;13;"Vereador";55000;"JONAS NUNES SIMÕES";5;1244;80001947340;"CRECHE PEQUERRUCHOS";"RUA ANTÔNIO CLAUDIO GAIGHER, 19"
"28/10/2024";"11:46:22";2024;2;"Eleição Ordinária";1;619;"Eleições Municipais 2024";"06/10/2024";"M";"ES";"56057";"ALFREDO CHAVES";56057;"ALFREDO CHAVES";12;21;13;"Vereador";10111;"SILVANA RAMOS DA SILVA";2;1120;80001966353;"EMUEF QUARTO TERRITÓRIO";"RUA PRINCIPAL, S/N"
"28/10/2024";"11:46:22";2024;2;"Eleição Ordinária";1;619;"Eleições Municipais 2024";"06/10/2024";"M";"ES";"56057";"ALFREDO CHAVES";56057;"ALFREDO CHAVES";12;35;13;"Vereador";22040;"EDEVANILDE GORETI BREDA ALMEIDA";4;1171;80002230757;"EEEFM CAMILA MOTA";"R. NELSON DA COSTA MELLO, S/ N"
"28/10/2024";"11:46:22";2024;2;"Eleição Ordinária";1;619;"Eleições Municipais 2024";"06/10/2024";"M";"ES";"56057";"ALFREDO CHAVES";56057;"ALFREDO CHAVES";12;28;11;"Prefeito";11;"HUGO LUIZ PICOLI MENEGHEL";111;1074;80002104371;"SALÃO DA IGREJA DE SÃO MARTINHO";"R. PRINCIPAL, S/ N"
"28/10/2024";"11:46:22";2024;2;"Eleição Ordinária";1;619;"Eleições Municipais 2024";"06/10/2024";"M";"ES";"56057";"ALFREDO CHAVES";56057;"ALFREDO CHAVES";12;85;11;"Prefeito";11;"HUGO LUIZ PICOLI MENEGHEL";155;1244;80002104371;"CRECHE PEQUERRUCHOS";"RUA ANTÔNIO CLAUDIO GAIGHER, 19"
"28/10/2024";"11:46:22";2024;2;"Eleição Ordinária";1;619;"Eleições Municipais 2024";"06/10/2024";"M";"ES";"56057";"ALFREDO CHAVES";56057;"ALFREDO CHAVES";12;18;13;"Vereador";40555;"DANIEL ORLANDI";1;1090;80001947149;"EMEF FELIPE MODOLO";"R. PRINCIPAL, S/ N"
"28/10/2024";"11:46:22";2024;2;"Eleição Ordinária";1;619;"Eleições Municipais 2024";"06/10/2024";"M";"ES";"56057";"ALFREDO CHAVES";56057;"ALFREDO CHAVES";12;37;11;"Prefeito";11;"HUGO LUIZ PICOLI MENEGHEL";155;1228;80002104371;"CRECHE COMECINHO DE GENTE";"AV. DARCY DE PAULA GAIGHER, S/N"
"28/10/2024";"11:46:22";2024;2;"Eleição Ordinária";1;619;"Eleições Municipais 2024";"06/10/2024";"M";"ES";"56057";"ALFREDO CHAVES";56057;"ALFREDO CHAVES";12;5;13;"Vereador";45000;"WARLEI FERRARINI PESSALI";5;1015;80001982698;"EMEF ANA ARAÚJO";"R. EXPEDICIONARIO OSVALDO SAUDINO"
"28/10/2024";"11:46:22";2024;2;"Eleição Ordinária";1;619;"Eleições Municipais 2024";"06/10/2024";"M";"ES";"56057";"ALFREDO CHAVES";56057;"ALFREDO CHAVES";12;30;13;"Vereador";40111;"CHARLES GAIGHER";9;1171;80001947148;"EEEFM CAMILA MOTA";"R. NELSON DA COSTA MELLO, S/ N"
"28/10/2024";"11:46:22";2024;2;"Eleição Ordinária";1;619;"Eleições Municipais 2024";"06/10/2024";"M";"ES";"56057";"ALFREDO CHAVES";56057;"ALFREDO CHAVES";12;20;13;"Vereador";40111;"CHARLES GAIGHER";19;1112;80001947148;"SALÃO DA IGREJA CATÓLICA DE CACHOEIRA ALTA";"R. PRINCIPAL, S/ N"
"28/10/2024";"11:46:22";2024;2;"Eleição Ordinária";1;619;"Eleições Municipais 2024";"06/10/2024";"M";"ES";"56057";"ALFREDO CHAVES";56057;"ALFREDO CHAVES";12;37;13;"Vereador";10789;"LUIS ALBERTO BIANCHI";2;1228;80001966357;"CRECHE COMECINHO DE GENTE";"AV. DARCY DE PAULA GAIGHER, S/N"
"28/10/2024";"11:46:22";2024;2;"Eleição Ordinária";1;619;"Eleições Municipais 2024";"06/10/2024";"M";"ES";"56057";"ALFREDO CHAVES";56057;"ALFREDO CHAVES";12;21;13;"Vereador";11100;"TAIS LIMA TEIXEIRA ULIANA";3;1120;80001982780;"EMUEF QUARTO TERRITÓRIO";"RUA PRINCIPAL, S/N"
"28/10/2024";"11:46:22";2024;2;"Eleição Ordinária";1;619;"Eleições Municipais 2024";"06/10/2024";"M";"ES";"56057";"ALFREDO CHAVES";56057;"ALFREDO CHAVES";12;2;13;"Vereador";22111;"FABIO DAMASCENO GALVAO";8;1015;80002230754;"EMEF ANA ARAÚJO";"R. EXPEDICIONARIO OSVALDO SAUDINO"
"28/10/2024";"11:46:22";2024;2;"Eleição Ordinária";1;619;"Eleições Municipais 2024";"06/10/2024";"M";"ES";"56057";"ALFREDO CHAVES";56057;"ALFREDO CHAVES";12;31;13;"Vereador";22111;"FABIO DAMASCENO GALVAO";8;1171;80002230754;"EEEFM CAMILA MOTA";"R. NELSON DA COSTA MELLO, S/ N"
"28/10/2024";"11:46:22";2024;2;"Eleição Ordinária";1;619;"Eleições Municipais 2024";"06/10/2024";"M";"ES";"56057";"ALFREDO CHAVES";56057;"ALFREDO CHAVES";12;6;13;"Vereador";10101;"NAMARA NAZARIA DE PAULA PASSOS SILVA";5;1023;80001966359;"EEEFM CAMILA MOTA";"R. NELSON DA COSTA MELLO, S/ N"
"28/10/2024";"11:46:22";2024;2;"Eleição Ordinária";1;619;"Eleições Municipais 2024";"06/10/2024";"M";"ES";"56057";"ALFREDO CHAVES";56057;"ALFREDO CHAVES";12;24;13;"Vereador";55222;"VALENTIN LUIZ MOROZINI";1;1147;80001947336;"SALÃO COMUNITÁRIO DE SÃO BENTO DE URÂNIA";"R. PRINCIPAL, S/ N"
"28/10/2024";"11:46:22";2024;2;"Eleição Ordinária";1;619;"Eleições Municipais 2024";"06/10/2024";"M";"ES";"56057";"ALFREDO CHAVES";56057;"ALFREDO CHAVES";12;26;13;"Vereador";11222;"KATIUSCIA SARTORI SILVA COMINOTTI";44;1163;80001982782;"EEUEF VILA NOVA DE MARAVILHA";"R. PRINCIPAL, S/ Nº"
"28/10/2024";"11:46:22";2024;2;"Eleição Ordinária";1;619;"Eleições Municipais 2024";"06/10/2024";"M";"ES";"56057";"ALFREDO CHAVES";56057;"ALFREDO CHAVES";12;35;13;"Vereador";22122;"SILVIA FOLGER BERNABÉ";8;1171;80002230756;"EEEFM CAMILA MOTA";"R. NELSON DA COSTA MELLO, S/ N"
"28/10/2024";"11:46:22";2024;2;"Eleição Ordinária";1;619;"Eleições Municipais 2024";"06/10/2024";"M";"ES";"56057";"ALFREDO CHAVES";56057;"ALFREDO CHAVES";12;98;13;"Vereador";96;"VOTO NULO";2;1090;-1;"EMEF FELIPE MODOLO";"R. PRINCIPAL, S/ N"
"28/10/2024";"11:46:22";2024;2;"Eleição Ordinária";1;619;"Eleições Municipais 2024";"06/10/2024";"M";"ES";"56057";"ALFREDO CHAVES";56057;"ALFREDO CHAVES";12;10;13;"Vereador";22000;"ANDRÉ ALMONFREY ORLANDI";7;1040;80002230761;"EEEF DE CRUBIXÁ";"R. PRINCIPAL, S/ Nº"
"28/10/2024";"11:46:22";2024;2;"Eleição Ordinária";1;619;"Eleições Municipais 2024";"06/10/2024";"M";"ES";"56057";"ALFREDO CHAVES";56057;"ALFREDO CHAVES";12;18;11;"Prefeito";95;"VOTO BRANCO";3;1090;-1;"EMEF FELIPE MODOLO";"R. PRINCIPAL, S/ N"
"28/10/2024";"11:46:22";2024;2;"Eleição Ordinária";1;619;"Eleições Municipais 2024";"06/10/2024";"M";"ES";"56057";"ALFREDO CHAVES";56057;"ALFREDO CHAVES";12;33;13;"Vereador";11555;"HERMES LUIZ MARCHIORI ATHAIDES";5;1171;80001982779;"EEEFM CAMILA MOTA";"R. NELSON DA COSTA MELLO, S/ N"
"28/10/2024";"11:46:22";2024;2;"Eleição Ordinária";1;619;"Eleições Municipais 2024";"06/10/2024";"M";"ES";"56057";"ALFREDO CHAVES";56057;"ALFREDO CHAVES";12;33;13;"Vereador";22040;"EDEVANILDE GORETI BREDA ALMEIDA";5;1171;80002230757;"EEEFM CAMILA MOTA";"R. NELSON DA COSTA MELLO, S/ N"
"28/10/2024";"11:46:22";2024;2;"Eleição Ordinária";1;619;"Eleições Municipais 2024";"06/10/2024";"M";"ES";"56057";"ALFREDO CHAVES";56057;"ALFREDO CHAVES";12;34;13;"Vereador";11111;"JONACIR JOSE DENADAI";1;1171;80001982774;"EEEFM CAMILA MOTA";"R. NELSON DA COSTA MELLO, S/ N"
"28/10/2024";"11:46:22";2024;2;"Eleição Ordinária";1;619;"Eleições Municipais 2024";"06/10/2024";"M";"ES";"56057";"ALFREDO CHAVES";56057;"ALFREDO CHAVES";12;2;13;"Vereador";20200;"REGINA PAULA RAUTA MARIANI";2;1015;80001947284;"EMEF ANA ARAÚJO";"R. EXPEDICIONARIO OSVALDO SAUDINO"
"28/10/2024";"11:46:22";2024;2;"Eleição Ordinária";1;619;"Eleições Municipais 2024";"06/10/2024";"M";"ES";"56057";"ALFREDO CHAVES";56057;"ALFREDO CHAVES";12;31;13;"Vereador";20200;"REGINA PAULA RAUTA MARIANI";2;1171;80001947284;"EEEFM CAMILA MOTA";"R. NELSON DA COSTA MELLO, S/ N"
"28/10/2024";"11:46:22";2024;2;"Eleição Ordinária";1;619;"Eleições Municipais 2024";"06/10/2024";"M";"ES";"56057";"ALFREDO CHAVES";56057;"ALFREDO CHAVES";12;11;13;"Vereador";40000;"NILTON CESAR BELMOK";7;1040;80001947152;"EEEF DE CRUBIXÁ";"R. PRINCIPAL, S/ Nº"
"28/10/2024";"11:46:22";2024;2;"Eleição Ordinária";1;619;"Eleições Municipais 2024";"06/10/2024";"M";"ES";"56057";"ALFREDO CHAVES";56057;"ALFREDO CHAVES";12;28;13;"Vereador";45000;"WARLEI FERRARINI PESSALI";1;1074;80001982698;"SALÃO DA IGREJA DE SÃO MARTINHO";"R. PRINCIPAL, S/ N"
"28/10/2024";"11:46:22";2024;2;"Eleição Ordinária";1;619;"Eleições Municipais 2024";"06/10/2024";"M";"ES";"56057";"ALFREDO CHAVES";56057;"ALFREDO CHAVES";12;85;13;"Vereador";45000;"WARLEI FERRARINI PESSALI";5;1244;80001982698;"CRECHE PEQUERRUCHOS";"RUA ANTÔNIO CLAUDIO GAIGHER, 19"
"28/10/2024";"11:46:22";2024;2;"Eleição Ordinária";1;619;"Eleições Municipais 2024";"06/10/2024";"M";"ES";"56057";"ALFREDO CHAVES";56057;"ALFREDO CHAVES";12;9;13;"Vereador";11;"PROGRESSISTAS";3;1031;-3;"EMEF FAZENDA APARECIDA";"R. PRINCIPAL, S/ Nº"
"28/10/2024";"11:46:22";2024;2;"Eleição Ordinária";1;619;"Eleições Municipais 2024";"06/10/2024";"M";"ES";"56057";"ALFREDO CHAVES";56057;"ALFREDO CHAVES";12;9;13;"Vereador";20;"Podemos";4;1031;-3;"EMEF FAZENDA APARECIDA";"R. PRINCIPAL, S/ Nº"
"28/10/2024";"11:46:22";2024;2;"Eleição Ordinária";1;619;"Eleições Municipais 2024";"06/10/2024";"M";"ES";"56057";"ALFREDO CHAVES";56057;"ALFREDO CHAVES";12;9;13;"Vereador";40;"Partido Socialista Brasileiro";2;1031;-3;"EMEF FAZENDA APARECIDA";"R. PRINCIPAL, S/ Nº"
"28/10/2024";"11:46:22";2024;2;"Eleição Ordinária";1;619;"Eleições Municipais 2024";"06/10/2024";"M";"ES";"56057";"ALFREDO CHAVES";56057;"ALFREDO CHAVES";12;9;13;"Vereador";45;"Partido da Social Democracia Brasileira";4;1031;-3;"EMEF FAZENDA APARECIDA";"R. PRINCIPAL, S/ Nº"
"28/10/2024";"11:46:22";2024;2;"Eleição Ordinária";1;619;"Eleições Municipais 2024";"06/10/2024";"M";"ES";"56057";"ALFREDO CHAVES";56057;"ALFREDO CHAVES";12;35;13;"Vereador";20;"Podemos";2;1171;-3;"EEEFM CAMILA MOTA";"R. NELSON DA COSTA MELLO, S/ N"
"28/10/2024";"11:46:22";2024;2;"Eleição Ordinária";1;619;"Eleições Municipais 2024";"06/10/2024";"M";"ES";"56057";"ALFREDO CHAVES";56057;"ALFREDO CHAVES";12;35;13;"Vereador";22;"Partido Liberal";1;1171;-3;"EEEFM CAMILA MOTA";"R. NELSON DA COSTA MELLO, S/ N"
"28/10/2024";"11:46:22";2024;2;"Eleição Ordinária";1;619;"Eleições Municipais 2024";"06/10/2024";"M";"ES";"56057";"ALFREDO CHAVES";56057;"ALFREDO CHAVES";12;35;13;"Vereador";40;"Partido Socialista Brasileiro";2;1171;-3;"EEEFM CAMILA MOTA";"R. NELSON DA COSTA MELLO, S/ N"
"28/10/2024";"11:46:22";2024;2;"Eleição Ordinária";1;619;"Eleições Municipais 2024";"06/10/2024";"M";"ES";"56057";"ALFREDO CHAVES";56057;"ALFREDO CHAVES";12;24;13;"Vereador";10;"REPUBLICANOS";1;1147;-3;"SALÃO COMUNITÁRIO DE SÃO BENTO DE URÂNIA";"R. PRINCIPAL, S/ N"
"28/10/2024";"11:46:22";2024;2;"Eleição Ordinária";1;619;"Eleições Municipais 2024";"06/10/2024";"M";"ES";"56057";"ALFREDO CHAVES";56057;"ALFREDO CHAVES";12;24;13;"Vereador";11;"PROGRESSISTAS";4;1147;-3;"SALÃO COMUNITÁRIO DE SÃO BENTO DE URÂNIA";"R. PRINCIPAL, S/ N"
"28/10/2024";"11:46:22";2024;2;"Eleição Ordinária";1;619;"Eleições Municipais 2024";"06/10/2024";"M";"ES";"56057";"ALFREDO CHAVES";56057;"ALFREDO CHAVES";12;24;13;"Vereador";22;"Partido Liberal";1;1147;-3;"SALÃO COMUNITÁRIO DE SÃO BENTO DE URÂNIA";"R. PRINCIPAL, S/ N"
"28/10/2024";"11:46:22";2024;2;"Eleição Ordinária";1;619;"Eleições Municipais 2024";"06/10/2024";"M";"ES";"56057";"ALFREDO CHAVES";56057;"ALFREDO CHAVES";12;24;13;"Vereador";40;"Partido Socialista Brasileiro";2;1147;-3;"SALÃO COMUNITÁRIO DE SÃO BENTO DE URÂNIA";"R. PRINCIPAL, S/ N"
"28/10/2024";"11:46:22";2024;2;"Eleição Ordinária";1;619;"Eleições Municipais 2024";"06/10/2024";"M";"ES";"56057";"ALFREDO CHAVES";56057;"ALFREDO CHAVES";12;8;13;"Vereador";10101;"NAMARA NAZARIA DE PAULA PASSOS SILVA";4;1023;80001966359;"EEEFM CAMILA MOTA";"R. NELSON DA COSTA MELLO, S/ N"
"28/10/2024";"11:46:22";2024;2;"Eleição Ordinária";1;619;"Eleições Municipais 2024";"06/10/2024";"M";"ES";"56057";"ALFREDO CHAVES";56057;"ALFREDO CHAVES";12;30;13;"Vereador";55152;"ARILDO ALVES";3;1171;80001947338;"EEEFM CAMILA MOTA";"R. NELSON DA COSTA MELLO, S/ N"
"28/10/2024";"11:46:22";2024;2;"Eleição Ordinária";1;619;"Eleições Municipais 2024";"06/10/2024";"M";"ES";"56057";"ALFREDO CHAVES";56057;"ALFREDO CHAVES";12;26;13;"Vereador";95;"VOTO BRANCO";8;1163;-1;"EEUEF VILA NOVA DE MARAVILHA";"R. PRINCIPAL, S/ Nº"
"28/10/2024";"11:46:22";2024;2;"Eleição Ordinária";1;619;"Eleições Municipais 2024";"06/10/2024";"M";"ES";"56057";"ALFREDO CHAVES";56057;"ALFREDO CHAVES";12;30;13;"Vereador";55333;"BERENICE DA PENHA GALVAO PEREIRA";5;1171;80001947339;"EEEFM CAMILA MOTA";"R. NELSON DA COSTA MELLO, S/ N"
"28/10/2024";"11:46:22";2024;2;"Eleição Ordinária";1;619;"Eleições Municipais 2024";"06/10/2024";"M";"ES";"56057";"ALFREDO CHAVES";56057;"ALFREDO CHAVES";12;30;13;"Vereador";40444;"ALAESSO LORENZON";1;1171;80001947150;"EEEFM CAMILA MOTA";"R. NELSON DA COSTA MELLO, S/ N"
"28/10/2024";"11:46:22";2024;2;"Eleição Ordinária";1;619;"Eleições Municipais 2024";"06/10/2024";"M";"ES";"56057";"ALFREDO CHAVES";56057;"ALFREDO CHAVES";12;16;11;"Prefeito";95;"VOTO BRANCO";3;1082;-1;"PRÉDIO DA ANTIGA ESCOLA ALMERINDA BRUNORO";"R. PRINCIPAL, S/ N"
"28/10/2024";"11:46:22";2024;2;"Eleição Ordinária";1;619;"Eleições Municipais 2024";"06/10/2024";"M";"ES";"56057";"ALFREDO CHAVES";56057;"ALFREDO CHAVES";12;4;11;"Prefeito";95;"VOTO BRANCO";2;1015;-1;"EMEF ANA ARAÚJO";"R. EXPEDICIONARIO OSVALDO SAUDINO"
"28/10/2024";"11:46:22";2024;2;"Eleição Ordinária";1;619;"Eleições Municipais 2024";"06/10/2024";"M";"ES";"56057";"ALFREDO CHAVES";56057;"ALFREDO CHAVES";12;20;13;"Vereador";11444;"MARIA MADALENA PASSOS NUNES";1;1112;80001982775;"SALÃO DA IGREJA CATÓLICA DE CACHOEIRA ALTA";"R. PRINCIPAL, S/ N"
"28/10/2024";"11:46:22";2024;2;"Eleição Ordinária";1;619;"Eleições Municipais 2024";"06/10/2024";"M";"ES";"56057";"ALFREDO CHAVES";56057;"ALFREDO CHAVES";12;40;13;"Vereador";10789;"LUIS ALBERTO BIANCHI";1;1236;80001966357;"SALÃO PAROQUIAL DA IGREJA DE NOSSA SENHORA DA CONCEIÇÃO";"AV. GETULIO VARGAS, 545"
"28/10/2024";"11:46:22";2024;2;"Eleição Ordinária";1;619;"Eleições Municipais 2024";"06/10/2024";"M";"ES";"56057";"ALFREDO CHAVES";56057;"ALFREDO CHAVES";12;14;13;"Vereador";22111;"FABIO DAMASCENO GALVAO";2;1066;80002230754;"SALÃO DA IGREJA CATÓLICA DE SÃO FRANCISCO DE BATATAL";"RUA PRINCIPAL, S/ N"
"28/10/2024";"11:46:22";2024;2;"Eleição Ordinária";1;619;"Eleições Municipais 2024";"06/10/2024";"M";"ES";"56057";"ALFREDO CHAVES";56057;"ALFREDO CHAVES";12;37;13;"Vereador";10123;"ALEFY JUNIOR CLAUDIO SIMOES";4;1228;80001966351;"CRECHE COMECINHO DE GENTE";"AV. DARCY DE PAULA GAIGHER, S/N"
"28/10/2024";"11:46:22";2024;2;"Eleição Ordinária";1;619;"Eleições Municipais 2024";"06/10/2024";"M";"ES";"56057";"ALFREDO CHAVES";56057;"ALFREDO CHAVES";12;22;13;"Vereador";11000;"FRANCISCO DE ASSIS JOSE DOS SANTOS";5;1139;80001982776;"EMEF SAGRADA FAMÍLIA";"R. PRINCIPAL, S/ N"
"28/10/2024";"11:46:22";2024;2;"Eleição Ordinária";1;619;"Eleições Municipais 2024";"06/10/2024";"M";"ES";"56057";"ALFREDO CHAVES";56057;"ALFREDO CHAVES";12;41;13;"Vereador";20777;"RENAUT AMERICO PIO";2;1236;80001947280;"SALÃO PAROQUIAL DA IGREJA DE NOSSA SENHORA DA CONCEIÇÃO";"AV. GETULIO VARGAS, 545"
"28/10/2024";"11:46:22";2024;2;"Eleição Ordinária";1;619;"Eleições Municipais 2024";"06/10/2024";"M";"ES";"56057";"ALFREDO CHAVES";56057;"ALFREDO CHAVES";12;14;13;"Vereador";45555;"MARCIA FRANCISCO";10;1066;80001982694;"SALÃO DA IGREJA CATÓLICA DE SÃO FRANCISCO DE BATATAL";"RUA PRINCIPAL, S/ N"
"28/10/2024";"11:46:22";2024;2;"Eleição Ordinária";1;619;"Eleições Municipais 2024";"06/10/2024";"M";"ES";"56057";"ALFREDO CHAVES";56057;"ALFREDO CHAVES";12;1;13;"Vereador";45555;"MARCIA FRANCISCO";2;1015;80001982694;"EMEF ANA ARAÚJO";"R. EXPEDICIONARIO OSVALDO SAUDINO"
"28/10/2024";"11:46:22";2024;2;"Eleição Ordinária";1;619;"Eleições Municipais 2024";"06/10/2024";"M";"ES";"56057";"ALFREDO CHAVES";56057;"ALFREDO CHAVES";12;12;13;"Vereador";45555;"MARCIA FRANCISCO";1;1058;80001982694;"EMEF ENGANO";"R. PRINCIPAL, S/N"
"28/10/2024";"11:46:22";2024;2;"Eleição Ordinária";1;619;"Eleições Municipais 2024";"06/10/2024";"M";"ES";"56057";"ALFREDO CHAVES";56057;"ALFREDO CHAVES";12;14;13;"Vereador";10123;"ALEFY JUNIOR CLAUDIO SIMOES";3;1066;80001966351;"SALÃO DA IGREJA CATÓLICA DE SÃO FRANCISCO DE BATATAL";"RUA PRINCIPAL, S/ N"
"28/10/2024";"11:46:22";2024;2;"Eleição Ordinária";1;619;"Eleições Municipais 2024";"06/10/2024";"M";"ES";"56057";"ALFREDO CHAVES";56057;"ALFREDO CHAVES";12;1;13;"Vereador";10123;"ALEFY JUNIOR CLAUDIO SIMOES";6;1015;80001966351;"EMEF ANA ARAÚJO";"R. EXPEDICIONARIO OSVALDO SAUDINO"
"28/10/2024";"11:46:22";2024;2;"Eleição Ordinária";1;619;"Eleições Municipais 2024";"06/10/2024";"M";"ES";"56057";"ALFREDO CHAVES";56057;"ALFREDO CHAVES";12;12;13;"Vereador";10123;"ALEFY JUNIOR CLAUDIO SIMOES";8;1058;80001966351;"EMEF ENGANO";"R. PRINCIPAL, S/N"
"28/10/2024";"11:46:22";2024;2;"Eleição Ordinária";1;619;"Eleições Municipais 2024";"06/10/2024";"M";"ES";"56057";"ALFREDO CHAVES";56057;"ALFREDO CHAVES";12;14;13;"Vereador";10222;"JOSIMAR PIUMBINI";33;1066;80001966355;"SALÃO DA IGREJA CATÓLICA DE SÃO FRANCISCO DE BATATAL";"RUA PRINCIPAL, S/ N"
"28/10/2024";"11:46:22";2024;2;"Eleição Ordinária";1;619;"Eleições Municipais 2024";"06/10/2024";"M";"ES";"56057";"ALFREDO CHAVES";56057;"ALFREDO CHAVES";12;1;13;"Vereador";10222;"JOSIMAR PIUMBINI";13;1015;80001966355;"EMEF ANA ARAÚJO";"R. EXPEDICIONARIO OSVALDO SAUDINO"
"28/10/2024";"11:46:22";2024;2;"Eleição Ordinária";1;619;"Eleições Municipais 2024";"06/10/2024";"M";"ES";"56057";"ALFREDO CHAVES";56057;"ALFREDO CHAVES";12;12;13;"Vereador";10222;"JOSIMAR PIUMBINI";1;1058;80001966355;"EMEF ENGANO";"R. PRINCIPAL, S/N"
"28/10/2024";"11:46:22";2024;2;"Eleição Ordinária";1;619;"Eleições Municipais 2024";"06/10/2024";"M";"ES";"56057";"ALFREDO CHAVES";56057;"ALFREDO CHAVES";12;14;13;"Vereador";96;"VOTO NULO";2;1066;-1;"SALÃO DA IGREJA CATÓLICA DE SÃO FRANCISCO DE BATATAL";"RUA PRINCIPAL, S/ N"
"28/10/2024";"11:46:22";2024;2;"Eleição Ordinária";1;619;"Eleições Municipais 2024";"06/10/2024";"M";"ES";"56057";"ALFREDO CHAVES";56057;"ALFREDO CHAVES";12;1;13;"Vereador";96;"VOTO NULO";5;1015;-1;"EMEF ANA ARAÚJO";"R. EXPEDICIONARIO OSVALDO SAUDINO"
"28/10/2024";"11:46:22";2024;2;"Eleição Ordinária";1;619;"Eleições Municipais 2024";"06/10/2024";"M";"ES";"56057";"ALFREDO CHAVES";56057;"ALFREDO CHAVES";12;20;13;"Vereador";45555;"MARCIA FRANCISCO";1;1112;80001982694;"SALÃO DA IGREJA CATÓLICA DE CACHOEIRA ALTA";"R. PRINCIPAL, S/ N"
"28/10/2024";"11:46:22";2024;2;"Eleição Ordinária";1;619;"Eleições Municipais 2024";"06/10/2024";"M";"ES";"56057";"ALFREDO CHAVES";56057;"ALFREDO CHAVES";12;20;13;"Vereador";10123;"ALEFY JUNIOR CLAUDIO SIMOES";29;1112;80001966351;"SALÃO DA IGREJA CATÓLICA DE CACHOEIRA ALTA";"R. PRINCIPAL, S/ N"
"28/10/2024";"11:46:22";2024;2;"Eleição Ordinária";1;619;"Eleições Municipais 2024";"06/10/2024";"M";"ES";"56057";"ALFREDO CHAVES";56057;"ALFREDO CHAVES";12;20;13;"Vereador";10222;"JOSIMAR PIUMBINI";12;1112;80001966355;"SALÃO DA IGREJA CATÓLICA DE CACHOEIRA ALTA";"R. PRINCIPAL, S/ N"
"28/10/2024";"11:46:22";2024;2;"Eleição Ordinária";1;619;"Eleições Municipais 2024";"06/10/2024";"M";"ES";"56057";"ALFREDO CHAVES";56057;"ALFREDO CHAVES";12;10;13;"Vereador";10789;"LUIS ALBERTO BIANCHI";1;1040;80001966357;"EEEF DE CRUBIXÁ";"R. PRINCIPAL, S/ Nº"
"28/10/2024";"11:46:22";2024;2;"Eleição Ordinária";1;619;"Eleições Municipais 2024";"06/10/2024";"M";"ES";"56057";"ALFREDO CHAVES";56057;"ALFREDO CHAVES";12;40;13;"Vereador";95;"VOTO BRANCO";3;1236;-1;"SALÃO PAROQUIAL DA IGREJA DE NOSSA SENHORA DA CONCEIÇÃO";"AV. GETULIO VARGAS, 545"
"28/10/2024";"11:46:22";2024;2;"Eleição Ordinária";1;619;"Eleições Municipais 2024";"06/10/2024";"M";"ES";"56057";"ALFREDO CHAVES";56057;"ALFREDO CHAVES";12;12;13;"Vereador";96;"VOTO NULO";6;1058;-1;"EMEF ENGANO";"R. PRINCIPAL, S/N"
"28/10/2024";"11:46:22";2024;2;"Eleição Ordinária";1;619;"Eleições Municipais 2024";"06/10/2024";"M";"ES";"56057";"ALFREDO CHAVES";56057;"ALFREDO CHAVES";12;15;13;"Vereador";95;"VOTO BRANCO";11;1074;-1;"SALÃO DA IGREJA DE SÃO MARTINHO";"R. PRINCIPAL, S/ N"
"28/10/2024";"11:46:22";2024;2;"Eleição Ordinária";1;619;"Eleições Municipais 2024";"06/10/2024";"M";"ES";"56057";"ALFREDO CHAVES";56057;"ALFREDO CHAVES";12;21;13;"Vereador";40456;"SERAFINO ANTONIO SIMONI";4;1120;80001947157;"EMUEF QUARTO TERRITÓRIO";"RUA PRINCIPAL, S/N"
"28/10/2024";"11:46:22";2024;2;"Eleição Ordinária";1;619;"Eleições Municipais 2024";"06/10/2024";"M";"ES";"56057";"ALFREDO CHAVES";56057;"ALFREDO CHAVES";12;10;13;"Vereador";40111;"CHARLES GAIGHER";7;1040;80001947148;"EEEF DE CRUBIXÁ";"R. PRINCIPAL, S/ Nº"
"28/10/2024";"11:46:22";2024;2;"Eleição Ordinária";1;619;"Eleições Municipais 2024";"06/10/2024";"M";"ES";"56057";"ALFREDO CHAVES";56057;"ALFREDO CHAVES";12;98;13;"Vereador";10000;"JANDIR GRATIERI";1;1090;80001966356;"EMEF FELIPE MODOLO";"R. PRINCIPAL, S/ N"
"28/10/2024";"11:46:22";2024;2;"Eleição Ordinária";1;619;"Eleições Municipais 2024";"06/10/2024";"M";"ES";"56057";"ALFREDO CHAVES";56057;"ALFREDO CHAVES";12;18;13;"Vereador";95;"VOTO BRANCO";3;1090;-1;"EMEF FELIPE MODOLO";"R. PRINCIPAL, S/ N"
"28/10/2024";"11:46:22";2024;2;"Eleição Ordinária";1;619;"Eleições Municipais 2024";"06/10/2024";"M";"ES";"56057";"ALFREDO CHAVES";56057;"ALFREDO CHAVES";12;1;13;"Vereador";22022;"SAMUEL ARDIZZON BELMOK";2;1015;80002230759;"EMEF ANA ARAÚJO";"R. EXPEDICIONARIO OSVALDO SAUDINO"
"28/10/2024";"11:46:22";2024;2;"Eleição Ordinária";1;619;"Eleições Municipais 2024";"06/10/2024";"M";"ES";"56057";"ALFREDO CHAVES";56057;"ALFREDO CHAVES";12;12;13;"Vereador";22022;"SAMUEL ARDIZZON BELMOK";6;1058;80002230759;"EMEF ENGANO";"R. PRINCIPAL, S/N"
"28/10/2024";"11:46:22";2024;2;"Eleição Ordinária";1;619;"Eleições Municipais 2024";"06/10/2024";"M";"ES";"56057";"ALFREDO CHAVES";56057;"ALFREDO CHAVES";12;15;13;"Vereador";10400;"GABRIEL NICHETI";1;1074;80001966350;"SALÃO DA IGREJA DE SÃO MARTINHO";"R. PRINCIPAL, S/ N"
"28/10/2024";"11:46:22";2024;2;"Eleição Ordinária";1;619;"Eleições Municipais 2024";"06/10/2024";"M";"ES";"56057";"ALFREDO CHAVES";56057;"ALFREDO CHAVES";12;11;13;"Vereador";20190;"MARCELO CRISTIANO CARDOSO FARIA";5;1040;80001947286;"EEEF DE CRUBIXÁ";"R. PRINCIPAL, S/ Nº"
"28/10/2024";"11:46:22";2024;2;"Eleição Ordinária";1;619;"Eleições Municipais 2024";"06/10/2024";"M";"ES";"56057";"ALFREDO CHAVES";56057;"ALFREDO CHAVES";12;40;13;"Vereador";22333;"MARIA DO CARMO LORENZINI DESTEFANI";1;1236;80002230755;"SALÃO PAROQUIAL DA IGREJA DE NOSSA SENHORA DA CONCEIÇÃO";"AV. GETULIO VARGAS, 545"
"28/10/2024";"11:46:22";2024;2;"Eleição Ordinária";1;619;"Eleições Municipais 2024";"06/10/2024";"M";"ES";"56057";"ALFREDO CHAVES";56057;"ALFREDO CHAVES";12;37;13;"Vereador";22022;"SAMUEL ARDIZZON BELMOK";6;1228;80002230759;"CRECHE COMECINHO DE GENTE";"AV. DARCY DE PAULA GAIGHER, S/N"
"28/10/2024";"11:46:22";2024;2;"Eleição Ordinária";1;619;"Eleições Municipais 2024";"06/10/2024";"M";"ES";"56057";"ALFREDO CHAVES";56057;"ALFREDO CHAVES";12;37;13;"Vereador";11100;"TAIS LIMA TEIXEIRA ULIANA";3;1228;80001982780;"CRECHE COMECINHO DE GENTE";"AV. DARCY DE PAULA GAIGHER, S/N"
"28/10/2024";"11:46:22";2024;2;"Eleição Ordinária";1;619;"Eleições Municipais 2024";"06/10/2024";"M";"ES";"56057";"ALFREDO CHAVES";56057;"ALFREDO CHAVES";12;2;13;"Vereador";45555;"MARCIA FRANCISCO";4;1015;80001982694;"EMEF ANA ARAÚJO";"R. EXPEDICIONARIO OSVALDO SAUDINO"
"28/10/2024";"11:46:22";2024;2;"Eleição Ordinária";1;619;"Eleições Municipais 2024";"06/10/2024";"M";"ES";"56057";"ALFREDO CHAVES";56057;"ALFREDO CHAVES";12;31;13;"Vereador";45555;"MARCIA FRANCISCO";1;1171;80001982694;"EEEFM CAMILA MOTA";"R. NELSON DA COSTA MELLO, S/ N"
"28/10/2024";"11:46:22";2024;2;"Eleição Ordinária";1;619;"Eleições Municipais 2024";"06/10/2024";"M";"ES";"56057";"ALFREDO CHAVES";56057;"ALFREDO CHAVES";12;2;13;"Vereador";10123;"ALEFY JUNIOR CLAUDIO SIMOES";6;1015;80001966351;"EMEF ANA ARAÚJO";"R. EXPEDICIONARIO OSVALDO SAUDINO"
"28/10/2024";"11:46:22";2024;2;"Eleição Ordinária";1;619;"Eleições Municipais 2024";"06/10/2024";"M";"ES";"56057";"ALFREDO CHAVES";56057;"ALFREDO CHAVES";12;31;13;"Vereador";10123;"ALEFY JUNIOR CLAUDIO SIMOES";9;1171;80001966351;"EEEFM CAMILA MOTA";"R. NELSON DA COSTA MELLO, S/ N"
"28/10/2024";"11:46:22";2024;2;"Eleição Ordinária";1;619;"Eleições Municipais 2024";"06/10/2024";"M";"ES";"56057";"ALFREDO CHAVES";56057;"ALFREDO CHAVES";12;2;13;"Vereador";10222;"JOSIMAR PIUMBINI";14;1015;80001966355;"EMEF ANA ARAÚJO";"R. EXPEDICIONARIO OSVALDO SAUDINO"
"28/10/2024";"11:46:22";2024;2;"Eleição Ordinária";1;619;"Eleições Municipais 2024";"06/10/2024";"M";"ES";"56057";"ALFREDO CHAVES";56057;"ALFREDO CHAVES";12;31;13;"Vereador";10222;"JOSIMAR PIUMBINI";12;1171;80001966355;"EEEFM CAMILA MOTA";"R. NELSON DA COSTA MELLO, S/ N"
"28/10/2024";"11:46:22";2024;2;"Eleição Ordinária";1;619;"Eleições Municipais 2024";"06/10/2024";"M";"ES";"56057";"ALFREDO CHAVES";56057;"ALFREDO CHAVES";12;5;13;"Vereador";11000;"FRANCISCO DE ASSIS JOSE DOS SANTOS";9;1015;80001982776;"EMEF ANA ARAÚJO";"R. EXPEDICIONARIO OSVALDO SAUDINO"
"28/10/2024";"11:46:22";2024;2;"Eleição Ordinária";1;619;"Eleições Municipais 2024";"06/10/2024";"M";"ES";"56057";"ALFREDO CHAVES";56057;"ALFREDO CHAVES";12;25;13;"Vereador";40321;"GILSON LUIZ BELLON";5;1155;80001947151;"EMEF FELIPE MODOLO";"R. PRINCIPAL, S/ N"
"28/10/2024";"11:46:22";2024;2;"Eleição Ordinária";1;619;"Eleições Municipais 2024";"06/10/2024";"M";"ES";"56057";"ALFREDO CHAVES";56057;"ALFREDO CHAVES";12;2;13;"Vereador";11222;"KATIUSCIA SARTORI SILVA COMINOTTI";3;1015;80001982782;"EMEF ANA ARAÚJO";"R. EXPEDICIONARIO OSVALDO SAUDINO"
"28/10/2024";"11:46:22";2024;2;"Eleição Ordinária";1;619;"Eleições Municipais 2024";"06/10/2024";"M";"ES";"56057";"ALFREDO CHAVES";56057;"ALFREDO CHAVES";12;31;13;"Vereador";11222;"KATIUSCIA SARTORI SILVA COMINOTTI";1;1171;80001982782;"EEEFM CAMILA MOTA";"R. NELSON DA COSTA MELLO, S/ N"
"28/10/2024";"11:46:22";2024;2;"Eleição Ordinária";1;619;"Eleições Municipais 2024";"06/10/2024";"M";"ES";"56057";"ALFREDO CHAVES";56057;"ALFREDO CHAVES";12;6;13;"Vereador";40000;"NILTON CESAR BELMOK";12;1023;80001947152;"EEEFM CAMILA MOTA";"R. NELSON DA COSTA MELLO, S/ N"
"28/10/2024";"11:46:22";2024;2;"Eleição Ordinária";1;619;"Eleições Municipais 2024";"06/10/2024";"M";"ES";"56057";"ALFREDO CHAVES";56057;"ALFREDO CHAVES";12;37;13;"Vereador";22000;"ANDRÉ ALMONFREY ORLANDI";1;1228;80002230761;"CRECHE COMECINHO DE GENTE";"AV. DARCY DE PAULA GAIGHER, S/N"
"28/10/2024";"11:46:22";2024;2;"Eleição Ordinária";1;619;"Eleições Municipais 2024";"06/10/2024";"M";"ES";"56057";"ALFREDO CHAVES";56057;"ALFREDO CHAVES";12;10;13;"Vereador";45789;"SOLANGE BRAGANCA TORRENTE";2;1040;80001982696;"EEEF DE CRUBIXÁ";"R. PRINCIPAL, S/ Nº"
"28/10/2024";"11:46:22";2024;2;"Eleição Ordinária";1;619;"Eleições Municipais 2024";"06/10/2024";"M";"ES";"56057";"ALFREDO CHAVES";56057;"ALFREDO CHAVES";12;23;13;"Vereador";10222;"JOSIMAR PIUMBINI";16;1139;80001966355;"EMEF SAGRADA FAMÍLIA";"R. PRINCIPAL, S/ N"
"28/10/2024";"11:46:22";2024;2;"Eleição Ordinária";1;619;"Eleições Municipais 2024";"06/10/2024";"M";"ES";"56057";"ALFREDO CHAVES";56057;"ALFREDO CHAVES";12;21;13;"Vereador";40555;"DANIEL ORLANDI";3;1120;80001947149;"EMUEF QUARTO TERRITÓRIO";"RUA PRINCIPAL, S/N"
"28/10/2024";"11:46:22";2024;2;"Eleição Ordinária";1;619;"Eleições Municipais 2024";"06/10/2024";"M";"ES";"56057";"ALFREDO CHAVES";56057;"ALFREDO CHAVES";12;30;13;"Vereador";20123;"ARMANDO ZANATA INGLE RIBEIRO";15;1171;80001947278;"EEEFM CAMILA MOTA";"R. NELSON DA COSTA MELLO, S/ N"
"28/10/2024";"11:46:22";2024;2;"Eleição Ordinária";1;619;"Eleições Municipais 2024";"06/10/2024";"M";"ES";"56057";"ALFREDO CHAVES";56057;"ALFREDO CHAVES";12;30;13;"Vereador";45555;"MARCIA FRANCISCO";5;1171;80001982694;"EEEFM CAMILA MOTA";"R. NELSON DA COSTA MELLO, S/ N"
"28/10/2024";"11:46:22";2024;2;"Eleição Ordinária";1;619;"Eleições Municipais 2024";"06/10/2024";"M";"ES";"56057";"ALFREDO CHAVES";56057;"ALFREDO CHAVES";12;30;13;"Vereador";10123;"ALEFY JUNIOR CLAUDIO SIMOES";6;1171;80001966351;"EEEFM CAMILA MOTA";"R. NELSON DA COSTA MELLO, S/ N"
"28/10/2024";"11:46:22";2024;2;"Eleição Ordinária";1;619;"Eleições Municipais 2024";"06/10/2024";"M";"ES";"56057";"ALFREDO CHAVES";56057;"ALFREDO CHAVES";12;11;13;"Vereador";20111;"RUBERCI FALCÃO";1;1040;80001947282;"EEEF DE CRUBIXÁ";"R. PRINCIPAL, S/ Nº"
"28/10/2024";"11:46:22";2024;2;"Eleição Ordinária";1;619;"Eleições Municipais 2024";"06/10/2024";"M";"ES";"56057";"ALFREDO CHAVES";56057;"ALFREDO CHAVES";12;30;13;"Vereador";10222;"JOSIMAR PIUMBINI";19;1171;80001966355;"EEEFM CAMILA MOTA";"R. NELSON DA COSTA MELLO, S/ N"
"28/10/2024";"11:46:22";2024;2;"Eleição Ordinária";1;619;"Eleições Municipais 2024";"06/10/2024";"M";"ES";"56057";"ALFREDO CHAVES";56057;"ALFREDO CHAVES";12;34;13;"Vereador";20200;"REGINA PAULA RAUTA MARIANI";1;1171;80001947284;"EEEFM CAMILA MOTA";"R. NELSON DA COSTA MELLO, S/ N"
"28/10/2024";"11:46:22";2024;2;"Eleição Ordinária";1;619;"Eleições Municipais 2024";"06/10/2024";"M";"ES";"56057";"ALFREDO CHAVES";56057;"ALFREDO CHAVES";12;19;13;"Vereador";20200;"REGINA PAULA RAUTA MARIANI";1;1104;80001947284;"SALÃO COMUNITÁRIO DE NOVA ESTRELA";"R. PRINCIPAL, S/ N"
"28/10/2024";"11:46:22";2024;2;"Eleição Ordinária";1;619;"Eleições Municipais 2024";"06/10/2024";"M";"ES";"56057";"ALFREDO CHAVES";56057;"ALFREDO CHAVES";12;39;13;"Vereador";20190;"MARCELO CRISTIANO CARDOSO FARIA";6;1244;80001947286;"CRECHE PEQUERRUCHOS";"RUA ANTÔNIO CLAUDIO GAIGHER, 19"
"28/10/2024";"11:46:22";2024;2;"Eleição Ordinária";1;619;"Eleições Municipais 2024";"06/10/2024";"M";"ES";"56057";"ALFREDO CHAVES";56057;"ALFREDO CHAVES";12;14;13;"Vereador";20111;"RUBERCI FALCÃO";6;1066;80001947282;"SALÃO DA IGREJA CATÓLICA DE SÃO FRANCISCO DE BATATAL";"RUA PRINCIPAL, S/ N"
"28/10/2024";"11:46:22";2024;2;"Eleição Ordinária";1;619;"Eleições Municipais 2024";"06/10/2024";"M";"ES";"56057";"ALFREDO CHAVES";56057;"ALFREDO CHAVES";12;1;13;"Vereador";20111;"RUBERCI FALCÃO";2;1015;80001947282;"EMEF ANA ARAÚJO";"R. EXPEDICIONARIO OSVALDO SAUDINO"
"28/10/2024";"11:46:22";2024;2;"Eleição Ordinária";1;619;"Eleições Municipais 2024";"06/10/2024";"M";"ES";"56057";"ALFREDO CHAVES";56057;"ALFREDO CHAVES";12;12;13;"Vereador";20111;"RUBERCI FALCÃO";1;1058;80001947282;"EMEF ENGANO";"R. PRINCIPAL, S/N"
"28/10/2024";"11:46:22";2024;2;"Eleição Ordinária";1;619;"Eleições Municipais 2024";"06/10/2024";"M";"ES";"56057";"ALFREDO CHAVES";56057;"ALFREDO CHAVES";12;40;13;"Vereador";40000;"NILTON CESAR BELMOK";13;1236;80001947152;"SALÃO PAROQUIAL DA IGREJA DE NOSSA SENHORA DA CONCEIÇÃO";"AV. GETULIO VARGAS, 545"
"28/10/2024";"11:46:22";2024;2;"Eleição Ordinária";1;619;"Eleições Municipais 2024";"06/10/2024";"M";"ES";"56057";"ALFREDO CHAVES";56057;"ALFREDO CHAVES";12;15;13;"Vereador";40000;"NILTON CESAR BELMOK";2;1074;80001947152;"SALÃO DA IGREJA DE SÃO MARTINHO";"R. PRINCIPAL, S/ N"
"28/10/2024";"11:46:22";2024;2;"Eleição Ordinária";1;619;"Eleições Municipais 2024";"06/10/2024";"M";"ES";"56057";"ALFREDO CHAVES";56057;"ALFREDO CHAVES";12;21;13;"Vereador";10321;"DIVAL LUIZ PAGANINI";5;1120;80001966354;"EMUEF QUARTO TERRITÓRIO";"RUA PRINCIPAL, S/N"
"28/10/2024";"11:46:22";2024;2;"Eleição Ordinária";1;619;"Eleições Municipais 2024";"06/10/2024";"M";"ES";"56057";"ALFREDO CHAVES";56057;"ALFREDO CHAVES";12;33;13;"Vereador";10789;"LUIS ALBERTO BIANCHI";6;1171;80001966357;"EEEFM CAMILA MOTA";"R. NELSON DA COSTA MELLO, S/ N"
"28/10/2024";"11:46:22";2024;2;"Eleição Ordinária";1;619;"Eleições Municipais 2024";"06/10/2024";"M";"ES";"56057";"ALFREDO CHAVES";56057;"ALFREDO CHAVES";12;16;13;"Vereador";55456;"JOAO ENDRINGER JUNIOR";2;1082;80001947335;"PRÉDIO DA ANTIGA ESCOLA ALMERINDA BRUNORO";"R. PRINCIPAL, S/ N"
"28/10/2024";"11:46:22";2024;2;"Eleição Ordinária";1;619;"Eleições Municipais 2024";"06/10/2024";"M";"ES";"56057";"ALFREDO CHAVES";56057;"ALFREDO CHAVES";12;27;13;"Vereador";96;"VOTO NULO";2;1171;-1;"EEEFM CAMILA MOTA";"R. NELSON DA COSTA MELLO, S/ N"
"28/10/2024";"11:46:22";2024;2;"Eleição Ordinária";1;619;"Eleições Municipais 2024";"06/10/2024";"M";"ES";"56057";"ALFREDO CHAVES";56057;"ALFREDO CHAVES";12;37;13;"Vereador";20111;"RUBERCI FALCÃO";5;1228;80001947282;"CRECHE COMECINHO DE GENTE";"AV. DARCY DE PAULA GAIGHER, S/N"
"28/10/2024";"11:46:22";2024;2;"Eleição Ordinária";1;619;"Eleições Municipais 2024";"06/10/2024";"M";"ES";"56057";"ALFREDO CHAVES";56057;"ALFREDO CHAVES";12;14;13;"Vereador";20123;"ARMANDO ZANATA INGLE RIBEIRO";7;1066;80001947278;"SALÃO DA IGREJA CATÓLICA DE SÃO FRANCISCO DE BATATAL";"RUA PRINCIPAL, S/ N"
"28/10/2024";"11:46:22";2024;2;"Eleição Ordinária";1;619;"Eleições Municipais 2024";"06/10/2024";"M";"ES";"56057";"ALFREDO CHAVES";56057;"ALFREDO CHAVES";12;1;13;"Vereador";20123;"ARMANDO ZANATA INGLE RIBEIRO";13;1015;80001947278;"EMEF ANA ARAÚJO";"R. EXPEDICIONARIO OSVALDO SAUDINO"
"28/10/2024";"11:46:22";2024;2;"Eleição Ordinária";1;619;"Eleições Municipais 2024";"06/10/2024";"M";"ES";"56057";"ALFREDO CHAVES";56057;"ALFREDO CHAVES";12;12;13;"Vereador";20123;"ARMANDO ZANATA INGLE RIBEIRO";4;1058;80001947278;"EMEF ENGANO";"R. PRINCIPAL, S/N"
"28/10/2024";"11:46:22";2024;2;"Eleição Ordinária";1;619;"Eleições Municipais 2024";"06/10/2024";"M";"ES";"56057";"ALFREDO CHAVES";56057;"ALFREDO CHAVES";12;38;13;"Vereador";45456;"MARCOS ANTONIO SOARES DOS SANTOS";1;1244;80001982692;"CRECHE PEQUERRUCHOS";"RUA ANTÔNIO CLAUDIO GAIGHER, 19"
"28/10/2024";"11:46:22";2024;2;"Eleição Ordinária";1;619;"Eleições Municipais 2024";"06/10/2024";"M";"ES";"56057";"ALFREDO CHAVES";56057;"ALFREDO CHAVES";12;85;13;"Vereador";45513;"DEVANITO GOMES TEIXEIRA";2;1244;80001982691;"CRECHE PEQUERRUCHOS";"RUA ANTÔNIO CLAUDIO GAIGHER, 19"
"28/10/2024";"11:46:22";2024;2;"Eleição Ordinária";1;619;"Eleições Municipais 2024";"06/10/2024";"M";"ES";"56057";"ALFREDO CHAVES";56057;"ALFREDO CHAVES";12;17;13;"Vereador";10000;"JANDIR GRATIERI";2;1090;80001966356;"EMEF FELIPE MODOLO";"R. PRINCIPAL, S/ N"
"28/10/2024";"11:46:22";2024;2;"Eleição Ordinária";1;619;"Eleições Municipais 2024";"06/10/2024";"M";"ES";"56057";"ALFREDO CHAVES";56057;"ALFREDO CHAVES";12;16;13;"Vereador";95;"VOTO BRANCO";2;1082;-1;"PRÉDIO DA ANTIGA ESCOLA ALMERINDA BRUNORO";"R. PRINCIPAL, S/ N"
"28/10/2024";"11:46:22";2024;2;"Eleição Ordinária";1;619;"Eleições Municipais 2024";"06/10/2024";"M";"ES";"56057";"ALFREDO CHAVES";56057;"ALFREDO CHAVES";12;2;11;"Prefeito";22;"LUIZ CLAUDIO BOLDRINI";36;1015;80002271252;"EMEF ANA ARAÚJO";"R. EXPEDICIONARIO OSVALDO SAUDINO"
"28/10/2024";"11:46:22";2024;2;"Eleição Ordinária";1;619;"Eleições Municipais 2024";"06/10/2024";"M";"ES";"56057";"ALFREDO CHAVES";56057;"ALFREDO CHAVES";12;31;11;"Prefeito";22;"LUIZ CLAUDIO BOLDRINI";24;1171;80002271252;"EEEFM CAMILA MOTA";"R. NELSON DA COSTA MELLO, S/ N"
"28/10/2024";"11:46:22";2024;2;"Eleição Ordinária";1;619;"Eleições Municipais 2024";"06/10/2024";"M";"ES";"56057";"ALFREDO CHAVES";56057;"ALFREDO CHAVES";12;30;13;"Vereador";11000;"FRANCISCO DE ASSIS JOSE DOS SANTOS";17;1171;80001982776;"EEEFM CAMILA MOTA";"R. NELSON DA COSTA MELLO, S/ N"
"28/10/2024";"11:46:22";2024;2;"Eleição Ordinária";1;619;"Eleições Municipais 2024";"06/10/2024";"M";"ES";"56057";"ALFREDO CHAVES";56057;"ALFREDO CHAVES";12;38;13;"Vereador";22500;"LAUDEMIR CARLOS PEREIRA";2;1244;80002230758;"CRECHE PEQUERRUCHOS";"RUA ANTÔNIO CLAUDIO GAIGHER, 19"
"28/10/2024";"11:46:22";2024;2;"Eleição Ordinária";1;619;"Eleições Municipais 2024";"06/10/2024";"M";"ES";"56057";"ALFREDO CHAVES";56057;"ALFREDO CHAVES";12;41;13;"Vereador";22222;"LUCIANO DE JESUS SILVA";5;1236;80002230760;"SALÃO PAROQUIAL DA IGREJA DE NOSSA SENHORA DA CONCEIÇÃO";"AV. GETULIO VARGAS, 545"
"28/10/2024";"11:46:22";2024;2;"Eleição Ordinária";1;619;"Eleições Municipais 2024";"06/10/2024";"M";"ES";"56057";"ALFREDO CHAVES";56057;"ALFREDO CHAVES";12;3;13;"Vereador";10111;"SILVANA RAMOS DA SILVA";1;1015;80001966353;"EMEF ANA ARAÚJO";"R. EXPEDICIONARIO OSVALDO SAUDINO"
"28/10/2024";"11:46:22";2024;2;"Eleição Ordinária";1;619;"Eleições Municipais 2024";"06/10/2024";"M";"ES";"56057";"ALFREDO CHAVES";56057;"ALFREDO CHAVES";12;4;13;"Vereador";11100;"TAIS LIMA TEIXEIRA ULIANA";2;1015;80001982780;"EMEF ANA ARAÚJO";"R. EXPEDICIONARIO OSVALDO SAUDINO"
"28/10/2024";"11:46:22";2024;2;"Eleição Ordinária";1;619;"Eleições Municipais 2024";"06/10/2024";"M";"ES";"56057";"ALFREDO CHAVES";56057;"ALFREDO CHAVES";12;6;13;"Vereador";55555;"ADILSON JOSE ROVETA";5;1023;80001947332;"EEEFM CAMILA MOTA";"R. NELSON DA COSTA MELLO, S/ N"
"28/10/2024";"11:46:22";2024;2;"Eleição Ordinária";1;619;"Eleições Municipais 2024";"06/10/2024";"M";"ES";"56057";"ALFREDO CHAVES";56057;"ALFREDO CHAVES";12;6;13;"Vereador";40999;"EMILIA DAS GRAÇAS ALVES PADILHA DOMINGUES";1;1023;80001947155;"EEEFM CAMILA MOTA";"R. NELSON DA COSTA MELLO, S/ N"
"28/10/2024";"11:46:22";2024;2;"Eleição Ordinária";1;619;"Eleições Municipais 2024";"06/10/2024";"M";"ES";"56057";"ALFREDO CHAVES";56057;"ALFREDO CHAVES";12;11;13;"Vereador";11100;"TAIS LIMA TEIXEIRA ULIANA";1;1040;80001982780;"EEEF DE CRUBIXÁ";"R. PRINCIPAL, S/ Nº"
"28/10/2024";"11:46:22";2024;2;"Eleição Ordinária";1;619;"Eleições Municipais 2024";"06/10/2024";"M";"ES";"56057";"ALFREDO CHAVES";56057;"ALFREDO CHAVES";12;7;13;"Vereador";11000;"FRANCISCO DE ASSIS JOSE DOS SANTOS";17;1171;80001982776;"EEEFM CAMILA MOTA";"R. NELSON DA COSTA MELLO, S/ N"
"28/10/2024";"11:46:22";2024;2;"Eleição Ordinária";1;619;"Eleições Municipais 2024";"06/10/2024";"M";"ES";"56057";"ALFREDO CHAVES";56057;"ALFREDO CHAVES";12;3;13;"Vereador";20123;"ARMANDO ZANATA INGLE RIBEIRO";9;1015;80001947278;"EMEF ANA ARAÚJO";"R. EXPEDICIONARIO OSVALDO SAUDINO"
"28/10/2024";"11:46:22";2024;2;"Eleição Ordinária";1;619;"Eleições Municipais 2024";"06/10/2024";"M";"ES";"56057";"ALFREDO CHAVES";56057;"ALFREDO CHAVES";12;13;13;"Vereador";22111;"FABIO DAMASCENO GALVAO";1;1058;80002230754;"EMEF ENGANO";"R. PRINCIPAL, S/N"
"28/10/2024";"11:46:22";2024;2;"Eleição Ordinária";1;619;"Eleições Municipais 2024";"06/10/2024";"M";"ES";"56057";"ALFREDO CHAVES";56057;"ALFREDO CHAVES";12;3;13;"Vereador";55456;"JOAO ENDRINGER JUNIOR";2;1015;80001947335;"EMEF ANA ARAÚJO";"R. EXPEDICIONARIO OSVALDO SAUDINO"
"28/10/2024";"11:46:22";2024;2;"Eleição Ordinária";1;619;"Eleições Municipais 2024";"06/10/2024";"M";"ES";"56057";"ALFREDO CHAVES";56057;"ALFREDO CHAVES";12;29;13;"Vereador";95;"VOTO BRANCO";2;1147;-1;"SALÃO COMUNITÁRIO DE SÃO BENTO DE URÂNIA";"R. PRINCIPAL, S/ N"
"28/10/2024";"11:46:22";2024;2;"Eleição Ordinária";1;619;"Eleições Municipais 2024";"06/10/2024";"M";"ES";"56057";"ALFREDO CHAVES";56057;"ALFREDO CHAVES";12;16;13;"Vereador";10222;"JOSIMAR PIUMBINI";22;1082;80001966355;"PRÉDIO DA ANTIGA ESCOLA ALMERINDA BRUNORO";"R. PRINCIPAL, S/ N"
"28/10/2024";"11:46:22";2024;2;"Eleição Ordinária";1;619;"Eleições Municipais 2024";"06/10/2024";"M";"ES";"56057";"ALFREDO CHAVES";56057;"ALFREDO CHAVES";12;33;13;"Vereador";55444;"ODAIR AUGUSTO BASSO";3;1171;80001947333;"EEEFM CAMILA MOTA";"R. NELSON DA COSTA MELLO, S/ N"
"28/10/2024";"11:46:22";2024;2;"Eleição Ordinária";1;619;"Eleições Municipais 2024";"06/10/2024";"M";"ES";"56057";"ALFREDO CHAVES";56057;"ALFREDO CHAVES";12;29;13;"Vereador";55000;"JONAS NUNES SIMÕES";3;1147;80001947340;"SALÃO COMUNITÁRIO DE SÃO BENTO DE URÂNIA";"R. PRINCIPAL, S/ N"
"28/10/2024";"11:46:22";2024;2;"Eleição Ordinária";1;619;"Eleições Municipais 2024";"06/10/2024";"M";"ES";"56057";"ALFREDO CHAVES";56057;"ALFREDO CHAVES";12;33;13;"Vereador";55000;"JONAS NUNES SIMÕES";5;1171;80001947340;"EEEFM CAMILA MOTA";"R. NELSON DA COSTA MELLO, S/ N"
"28/10/2024";"11:46:22";2024;2;"Eleição Ordinária";1;619;"Eleições Municipais 2024";"06/10/2024";"M";"ES";"56057";"ALFREDO CHAVES";56057;"ALFREDO CHAVES";12;16;13;"Vereador";40000;"NILTON CESAR BELMOK";5;1082;80001947152;"PRÉDIO DA ANTIGA ESCOLA ALMERINDA BRUNORO";"R. PRINCIPAL, S/ N"
"28/10/2024";"11:46:22";2024;2;"Eleição Ordinária";1;619;"Eleições Municipais 2024";"06/10/2024";"M";"ES";"56057";"ALFREDO CHAVES";56057;"ALFREDO CHAVES";12;27;13;"Vereador";55456;"JOAO ENDRINGER JUNIOR";2;1171;80001947335;"EEEFM CAMILA MOTA";"R. NELSON DA COSTA MELLO, S/ N"
"28/10/2024";"11:46:22";2024;2;"Eleição Ordinária";1;619;"Eleições Municipais 2024";"06/10/2024";"M";"ES";"56057";"ALFREDO CHAVES";56057;"ALFREDO CHAVES";12;27;13;"Vereador";10366;"SELMA CONSOLADORA CASALI PILON";1;1171;80001966358;"EEEFM CAMILA MOTA";"R. NELSON DA COSTA MELLO, S/ N"
"28/10/2024";"11:46:22";2024;2;"Eleição Ordinária";1;619;"Eleições Municipais 2024";"06/10/2024";"M";"ES";"56057";"ALFREDO CHAVES";56057;"ALFREDO CHAVES";12;26;13;"Vereador";40000;"NILTON CESAR BELMOK";5;1163;80001947152;"EEUEF VILA NOVA DE MARAVILHA";"R. PRINCIPAL, S/ Nº"
"28/10/2024";"11:46:22";2024;2;"Eleição Ordinária";1;619;"Eleições Municipais 2024";"06/10/2024";"M";"ES";"56057";"ALFREDO CHAVES";56057;"ALFREDO CHAVES";12;29;13;"Vereador";40000;"NILTON CESAR BELMOK";5;1147;80001947152;"SALÃO COMUNITÁRIO DE SÃO BENTO DE URÂNIA";"R. PRINCIPAL, S/ N"
"28/10/2024";"11:46:22";2024;2;"Eleição Ordinária";1;619;"Eleições Municipais 2024";"06/10/2024";"M";"ES";"56057";"ALFREDO CHAVES";56057;"ALFREDO CHAVES";12;33;13;"Vereador";40000;"NILTON CESAR BELMOK";10;1171;80001947152;"EEEFM CAMILA MOTA";"R. NELSON DA COSTA MELLO, S/ N"
"28/10/2024";"11:46:22";2024;2;"Eleição Ordinária";1;619;"Eleições Municipais 2024";"06/10/2024";"M";"ES";"56057";"ALFREDO CHAVES";56057;"ALFREDO CHAVES";12;17;13;"Vereador";11555;"HERMES LUIZ MARCHIORI ATHAIDES";1;1090;80001982779;"EMEF FELIPE MODOLO";"R. PRINCIPAL, S/ N"
"28/10/2024";"11:46:22";2024;2;"Eleição Ordinária";1;619;"Eleições Municipais 2024";"06/10/2024";"M";"ES";"56057";"ALFREDO CHAVES";56057;"ALFREDO CHAVES";12;8;13;"Vereador";11123;"RENAN DE JESUS BOLDRINI";1;1023;80001982781;"EEEFM CAMILA MOTA";"R. NELSON DA COSTA MELLO, S/ N"
"28/10/2024";"11:46:22";2024;2;"Eleição Ordinária";1;619;"Eleições Municipais 2024";"06/10/2024";"M";"ES";"56057";"ALFREDO CHAVES";56057;"ALFREDO CHAVES";12;8;13;"Vereador";55444;"ODAIR AUGUSTO BASSO";1;1023;80001947333;"EEEFM CAMILA MOTA";"R. NELSON DA COSTA MELLO, S/ N"
"28/10/2024";"11:46:22";2024;2;"Eleição Ordinária";1;619;"Eleições Municipais 2024";"06/10/2024";"M";"ES";"56057";"ALFREDO CHAVES";56057;"ALFREDO CHAVES";12;38;13;"Vereador";22111;"FABIO DAMASCENO GALVAO";7;1244;80002230754;"CRECHE PEQUERRUCHOS";"RUA ANTÔNIO CLAUDIO GAIGHER, 19"
"28/10/2024";"11:46:22";2024;2;"Eleição Ordinária";1;619;"Eleições Municipais 2024";"06/10/2024";"M";"ES";"56057";"ALFREDO CHAVES";56057;"ALFREDO CHAVES";12;21;13;"Vereador";22111;"FABIO DAMASCENO GALVAO";1;1120;80002230754;"EMUEF QUARTO TERRITÓRIO";"RUA PRINCIPAL, S/N"
"28/10/2024";"11:46:22";2024;2;"Eleição Ordinária";1;619;"Eleições Municipais 2024";"06/10/2024";"M";"ES";"56057";"ALFREDO CHAVES";56057;"ALFREDO CHAVES";12;18;13;"Vereador";20190;"MARCELO CRISTIANO CARDOSO FARIA";4;1090;80001947286;"EMEF FELIPE MODOLO";"R. PRINCIPAL, S/ N"
"28/10/2024";"11:46:22";2024;2;"Eleição Ordinária";1;619;"Eleições Municipais 2024";"06/10/2024";"M";"ES";"56057";"ALFREDO CHAVES";56057;"ALFREDO CHAVES";12;98;13;"Vereador";10400;"GABRIEL NICHETI";1;1090;80001966350;"EMEF FELIPE MODOLO";"R. PRINCIPAL, S/ N"
"28/10/2024";"11:46:22";2024;2;"Eleição Ordinária";1;619;"Eleições Municipais 2024";"06/10/2024";"M";"ES";"56057";"ALFREDO CHAVES";56057;"ALFREDO CHAVES";12;41;13;"Vereador";20190;"MARCELO CRISTIANO CARDOSO FARIA";10;1236;80001947286;"SALÃO PAROQUIAL DA IGREJA DE NOSSA SENHORA DA CONCEIÇÃO";"AV. GETULIO VARGAS, 545"
"28/10/2024";"11:46:22";2024;2;"Eleição Ordinária";1;619;"Eleições Municipais 2024";"06/10/2024";"M";"ES";"56057";"ALFREDO CHAVES";56057;"ALFREDO CHAVES";12;16;13;"Vereador";22000;"ANDRÉ ALMONFREY ORLANDI";2;1082;80002230761;"PRÉDIO DA ANTIGA ESCOLA ALMERINDA BRUNORO";"R. PRINCIPAL, S/ N"
"28/10/2024";"11:46:22";2024;2;"Eleição Ordinária";1;619;"Eleições Municipais 2024";"06/10/2024";"M";"ES";"56057";"ALFREDO CHAVES";56057;"ALFREDO CHAVES";12;28;13;"Vereador";20190;"MARCELO CRISTIANO CARDOSO FARIA";19;1074;80001947286;"SALÃO DA IGREJA DE SÃO MARTINHO";"R. PRINCIPAL, S/ N"
"28/10/2024";"11:46:22";2024;2;"Eleição Ordinária";1;619;"Eleições Municipais 2024";"06/10/2024";"M";"ES";"56057";"ALFREDO CHAVES";56057;"ALFREDO CHAVES";12;85;13;"Vereador";20190;"MARCELO CRISTIANO CARDOSO FARIA";6;1244;80001947286;"CRECHE PEQUERRUCHOS";"RUA ANTÔNIO CLAUDIO GAIGHER, 19"
"28/10/2024";"11:46:22";2024;2;"Eleição Ordinária";1;619;"Eleições Municipais 2024";"06/10/2024";"M";"ES";"56057";"ALFREDO CHAVES";56057;"ALFREDO CHAVES";12;27;13;"Vereador";11234;"MIGUEL ANTONIO MARTINS CLEN";3;1171;80001982777;"EEEFM CAMILA MOTA";"R. NELSON DA COSTA MELLO, S/ N"
"28/10/2024";"11:46:22";2024;2;"Eleição Ordinária";1;619;"Eleições Municipais 2024";"06/10/2024";"M";"ES";"56057";"ALFREDO CHAVES";56057;"ALFREDO CHAVES";12;98;11;"Prefeito";40;"ROLMAR BOTECCHIA";24;1090;80001947211;"EMEF FELIPE MODOLO";"R. PRINCIPAL, S/ N"
"28/10/2024";"11:46:22";2024;2;"Eleição Ordinária";1;619;"Eleições Municipais 2024";"06/10/2024";"M";"ES";"56057";"ALFREDO CHAVES";56057;"ALFREDO CHAVES";12;23;13;"Vereador";10190;"ROMILDO DOMINGOS BORTOLUZZI";2;1139;80001966352;"EMEF SAGRADA FAMÍLIA";"R. PRINCIPAL, S/ N"
"28/10/2024";"11:46:22";2024;2;"Eleição Ordinária";1;619;"Eleições Municipais 2024";"06/10/2024";"M";"ES";"56057";"ALFREDO CHAVES";56057;"ALFREDO CHAVES";12;11;13;"Vereador";55444;"ODAIR AUGUSTO BASSO";43;1040;80001947333;"EEEF DE CRUBIXÁ";"R. PRINCIPAL, S/ Nº"
"28/10/2024";"11:46:22";2024;2;"Eleição Ordinária";1;619;"Eleições Municipais 2024";"06/10/2024";"M";"ES";"56057";"ALFREDO CHAVES";56057;"ALFREDO CHAVES";12;16;13;"Vereador";10190;"ROMILDO DOMINGOS BORTOLUZZI";5;1082;80001966352;"PRÉDIO DA ANTIGA ESCOLA ALMERINDA BRUNORO";"R. PRINCIPAL, S/ N"
"28/10/2024";"11:46:22";2024;2;"Eleição Ordinária";1;619;"Eleições Municipais 2024";"06/10/2024";"M";"ES";"56057";"ALFREDO CHAVES";56057;"ALFREDO CHAVES";12;8;13;"Vereador";40555;"DANIEL ORLANDI";4;1023;80001947149;"EEEFM CAMILA MOTA";"R. NELSON DA COSTA MELLO, S/ N"
"28/10/2024";"11:46:22";2024;2;"Eleição Ordinária";1;619;"Eleições Municipais 2024";"06/10/2024";"M";"ES";"56057";"ALFREDO CHAVES";56057;"ALFREDO CHAVES";12;2;13;"Vereador";11123;"RENAN DE JESUS BOLDRINI";2;1015;80001982781;"EMEF ANA ARAÚJO";"R. EXPEDICIONARIO OSVALDO SAUDINO"
"28/10/2024";"11:46:22";2024;2;"Eleição Ordinária";1;619;"Eleições Municipais 2024";"06/10/2024";"M";"ES";"56057";"ALFREDO CHAVES";56057;"ALFREDO CHAVES";12;31;13;"Vereador";11123;"RENAN DE JESUS BOLDRINI";4;1171;80001982781;"EEEFM CAMILA MOTA";"R. NELSON DA COSTA MELLO, S/ N"
"28/10/2024";"11:46:22";2024;2;"Eleição Ordinária";1;619;"Eleições Municipais 2024";"06/10/2024";"M";"ES";"56057";"ALFREDO CHAVES";56057;"ALFREDO CHAVES";12;23;13;"Vereador";95;"VOTO BRANCO";3;1139;-1;"EMEF SAGRADA FAMÍLIA";"R. PRINCIPAL, S/ N"
"28/10/2024";"11:46:22";2024;2;"Eleição Ordinária";1;619;"Eleições Municipais 2024";"06/10/2024";"M";"ES";"56057";"ALFREDO CHAVES";56057;"ALFREDO CHAVES";12;15;13;"Vereador";20111;"RUBERCI FALCÃO";4;1074;80001947282;"SALÃO DA IGREJA DE SÃO MARTINHO";"R. PRINCIPAL, S/ N"
"28/10/2024";"11:46:22";2024;2;"Eleição Ordinária";1;619;"Eleições Municipais 2024";"06/10/2024";"M";"ES";"56057";"ALFREDO CHAVES";56057;"ALFREDO CHAVES";12;17;11;"Prefeito";22;"LUIZ CLAUDIO BOLDRINI";24;1090;80002271252;"EMEF FELIPE MODOLO";"R. PRINCIPAL, S/ N"
"28/10/2024";"11:46:22";2024;2;"Eleição Ordinária";1;619;"Eleições Municipais 2024";"06/10/2024";"M";"ES";"56057";"ALFREDO CHAVES";56057;"ALFREDO CHAVES";12;6;11;"Prefeito";40;"ROLMAR BOTECCHIA";67;1023;80001947211;"EEEFM CAMILA MOTA";"R. NELSON DA COSTA MELLO, S/ N"
"28/10/2024";"11:46:22";2024;2;"Eleição Ordinária";1;619;"Eleições Municipais 2024";"06/10/2024";"M";"ES";"56057";"ALFREDO CHAVES";56057;"ALFREDO CHAVES";12;41;13;"Vereador";96;"VOTO NULO";1;1236;-1;"SALÃO PAROQUIAL DA IGREJA DE NOSSA SENHORA DA CONCEIÇÃO";"AV. GETULIO VARGAS, 545"
"28/10/2024";"11:46:22";2024;2;"Eleição Ordinária";1;619;"Eleições Municipais 2024";"06/10/2024";"M";"ES";"56057";"ALFREDO CHAVES";56057;"ALFREDO CHAVES";12;38;13;"Vereador";45100;"WELLINGTON MORAES DE AGUIAR";4;1244;80001982697;"CRECHE PEQUERRUCHOS";"RUA ANTÔNIO CLAUDIO GAIGHER, 19"
"28/10/2024";"11:46:22";2024;2;"Eleição Ordinária";1;619;"Eleições Municipais 2024";"06/10/2024";"M";"ES";"56057";"ALFREDO CHAVES";56057;"ALFREDO CHAVES";12;2;13;"Vereador";45666;"SERGIO BIANCHI";2;1015;80001982693;"EMEF ANA ARAÚJO";"R. EXPEDICIONARIO OSVALDO SAUDINO"
"28/10/2024";"11:46:22";2024;2;"Eleição Ordinária";1;619;"Eleições Municipais 2024";"06/10/2024";"M";"ES";"56057";"ALFREDO CHAVES";56057;"ALFREDO CHAVES";12;31;13;"Vereador";45666;"SERGIO BIANCHI";6;1171;80001982693;"EEEFM CAMILA MOTA";"R. NELSON DA COSTA MELLO, S/ N"
"28/10/2024";"11:46:22";2024;2;"Eleição Ordinária";1;619;"Eleições Municipais 2024";"06/10/2024";"M";"ES";"56057";"ALFREDO CHAVES";56057;"ALFREDO CHAVES";12;16;13;"Vereador";45000;"WARLEI FERRARINI PESSALI";2;1082;80001982698;"PRÉDIO DA ANTIGA ESCOLA ALMERINDA BRUNORO";"R. PRINCIPAL, S/ N"
"28/10/2024";"11:46:22";2024;2;"Eleição Ordinária";1;619;"Eleições Municipais 2024";"06/10/2024";"M";"ES";"56057";"ALFREDO CHAVES";56057;"ALFREDO CHAVES";12;38;13;"Vereador";20000;"IZABEL PARMAGNANI";16;1244;80001947279;"CRECHE PEQUERRUCHOS";"RUA ANTÔNIO CLAUDIO GAIGHER, 19"
"28/10/2024";"11:46:22";2024;2;"Eleição Ordinária";1;619;"Eleições Municipais 2024";"06/10/2024";"M";"ES";"56057";"ALFREDO CHAVES";56057;"ALFREDO CHAVES";12;4;13;"Vereador";40000;"NILTON CESAR BELMOK";6;1015;80001947152;"EMEF ANA ARAÚJO";"R. EXPEDICIONARIO OSVALDO SAUDINO"
"28/10/2024";"11:46:22";2024;2;"Eleição Ordinária";1;619;"Eleições Municipais 2024";"06/10/2024";"M";"ES";"56057";"ALFREDO CHAVES";56057;"ALFREDO CHAVES";12;37;13;"Vereador";20678;"ADIMAR DE SOUZA MEDINA";1;1228;80001947277;"CRECHE COMECINHO DE GENTE";"AV. DARCY DE PAULA GAIGHER, S/N"
"28/10/2024";"11:46:22";2024;2;"Eleição Ordinária";1;619;"Eleições Municipais 2024";"06/10/2024";"M";"ES";"56057";"ALFREDO CHAVES";56057;"ALFREDO CHAVES";12;2;11;"Prefeito";96;"VOTO NULO";1;1015;-1;"EMEF ANA ARAÚJO";"R. EXPEDICIONARIO OSVALDO SAUDINO"
"28/10/2024";"11:46:22";2024;2;"Eleição Ordinária";1;619;"Eleições Municipais 2024";"06/10/2024";"M";"ES";"56057";"ALFREDO CHAVES";56057;"ALFREDO CHAVES";12;31;11;"Prefeito";96;"VOTO NULO";7;1171;-1;"EEEFM CAMILA MOTA";"R. NELSON DA COSTA MELLO, S/ N"
"28/10/2024";"11:46:22";2024;2;"Eleição Ordinária";1;619;"Eleições Municipais 2024";"06/10/2024";"M";"ES";"56057";"ALFREDO CHAVES";56057;"ALFREDO CHAVES";12;2;13;"Vereador";20000;"IZABEL PARMAGNANI";12;1015;80001947279;"EMEF ANA ARAÚJO";"R. EXPEDICIONARIO OSVALDO SAUDINO"
"28/10/2024";"11:46:22";2024;2;"Eleição Ordinária";1;619;"Eleições Municipais 2024";"06/10/2024";"M";"ES";"56057";"ALFREDO CHAVES";56057;"ALFREDO CHAVES";12;31;13;"Vereador";20000;"IZABEL PARMAGNANI";15;1171;80001947279;"EEEFM CAMILA MOTA";"R. NELSON DA COSTA MELLO, S/ N"
"28/10/2024";"11:46:22";2024;2;"Eleição Ordinária";1;619;"Eleições Municipais 2024";"06/10/2024";"M";"ES";"56057";"ALFREDO CHAVES";56057;"ALFREDO CHAVES";12;2;13;"Vereador";10789;"LUIS ALBERTO BIANCHI";3;1015;80001966357;"EMEF ANA ARAÚJO";"R. EXPEDICIONARIO OSVALDO SAUDINO"
"28/10/2024";"11:46:22";2024;2;"Eleição Ordinária";1;619;"Eleições Municipais 2024";"06/10/2024";"M";"ES";"56057";"ALFREDO CHAVES";56057;"ALFREDO CHAVES";12;31;13;"Vereador";10789;"LUIS ALBERTO BIANCHI";5;1171;80001966357;"EEEFM CAMILA MOTA";"R. NELSON DA COSTA MELLO, S/ N"
"28/10/2024";"11:46:22";2024;2;"Eleição Ordinária";1;619;"Eleições Municipais 2024";"06/10/2024";"M";"ES";"56057";"ALFREDO CHAVES";56057;"ALFREDO CHAVES";12;1;13;"Vereador";45123;"RAYANE TOMAZINI BRESSANELLI";2;1015;80001982695;"EMEF ANA ARAÚJO";"R. EXPEDICIONARIO OSVALDO SAUDINO"
"28/10/2024";"11:46:22";2024;2;"Eleição Ordinária";1;619;"Eleições Municipais 2024";"06/10/2024";"M";"ES";"56057";"ALFREDO CHAVES";56057;"ALFREDO CHAVES";12;12;13;"Vereador";45123;"RAYANE TOMAZINI BRESSANELLI";1;1058;80001982695;"EMEF ENGANO";"R. PRINCIPAL, S/N"
"28/10/2024";"11:46:22";2024;2;"Eleição Ordinária";1;619;"Eleições Municipais 2024";"06/10/2024";"M";"ES";"56057";"ALFREDO CHAVES";56057;"ALFREDO CHAVES";12;26;13;"Vereador";22222;"LUCIANO DE JESUS SILVA";1;1163;80002230760;"EEUEF VILA NOVA DE MARAVILHA";"R. PRINCIPAL, S/ Nº"
"28/10/2024";"11:46:22";2024;2;"Eleição Ordinária";1;619;"Eleições Municipais 2024";"06/10/2024";"M";"ES";"56057";"ALFREDO CHAVES";56057;"ALFREDO CHAVES";12;41;13;"Vereador";55456;"JOAO ENDRINGER JUNIOR";5;1236;80001947335;"SALÃO PAROQUIAL DA IGREJA DE NOSSA SENHORA DA CONCEIÇÃO";"AV. GETULIO VARGAS, 545"
"28/10/2024";"11:46:22";2024;2;"Eleição Ordinária";1;619;"Eleições Municipais 2024";"06/10/2024";"M";"ES";"56057";"ALFREDO CHAVES";56057;"ALFREDO CHAVES";12;41;13;"Vereador";10366;"SELMA CONSOLADORA CASALI PILON";1;1236;80001966358;"SALÃO PAROQUIAL DA IGREJA DE NOSSA SENHORA DA CONCEIÇÃO";"AV. GETULIO VARGAS, 545"
"28/10/2024";"11:46:22";2024;2;"Eleição Ordinária";1;619;"Eleições Municipais 2024";"06/10/2024";"M";"ES";"56057";"ALFREDO CHAVES";56057;"ALFREDO CHAVES";12;34;13;"Vereador";22500;"LAUDEMIR CARLOS PEREIRA";3;1171;80002230758;"EEEFM CAMILA MOTA";"R. NELSON DA COSTA MELLO, S/ N"
"28/10/2024";"11:46:22";2024;2;"Eleição Ordinária";1;619;"Eleições Municipais 2024";"06/10/2024";"M";"ES";"56057";"ALFREDO CHAVES";56057;"ALFREDO CHAVES";12;8;13;"Vereador";45000;"WARLEI FERRARINI PESSALI";5;1023;80001982698;"EEEFM CAMILA MOTA";"R. NELSON DA COSTA MELLO, S/ N"
"28/10/2024";"11:46:22";2024;2;"Eleição Ordinária";1;619;"Eleições Municipais 2024";"06/10/2024";"M";"ES";"56057";"ALFREDO CHAVES";56057;"ALFREDO CHAVES";12;28;13;"Vereador";20678;"ADIMAR DE SOUZA MEDINA";60;1074;80001947277;"SALÃO DA IGREJA DE SÃO MARTINHO";"R. PRINCIPAL, S/ N"
"28/10/2024";"11:46:22";2024;2;"Eleição Ordinária";1;619;"Eleições Municipais 2024";"06/10/2024";"M";"ES";"56057";"ALFREDO CHAVES";56057;"ALFREDO CHAVES";12;19;13;"Vereador";45666;"SERGIO BIANCHI";3;1104;80001982693;"SALÃO COMUNITÁRIO DE NOVA ESTRELA";"R. PRINCIPAL, S/ N"
"28/10/2024";"11:46:22";2024;2;"Eleição Ordinária";1;619;"Eleições Municipais 2024";"06/10/2024";"M";"ES";"56057";"ALFREDO CHAVES";56057;"ALFREDO CHAVES";12;30;13;"Vereador";96;"VOTO NULO";5;1171;-1;"EEEFM CAMILA MOTA";"R. NELSON DA COSTA MELLO, S/ N"
"28/10/2024";"11:46:22";2024;2;"Eleição Ordinária";1;619;"Eleições Municipais 2024";"06/10/2024";"M";"ES";"56057";"ALFREDO CHAVES";56057;"ALFREDO CHAVES";12;98;13;"Vereador";11111;"JONACIR JOSE DENADAI";3;1090;80001982774;"EMEF FELIPE MODOLO";"R. PRINCIPAL, S/ N"
"28/10/2024";"11:46:22";2024;2;"Eleição Ordinária";1;619;"Eleições Municipais 2024";"06/10/2024";"M";"ES";"56057";"ALFREDO CHAVES";56057;"ALFREDO CHAVES";12;39;13;"Vereador";95;"VOTO BRANCO";4;1244;-1;"CRECHE PEQUERRUCHOS";"RUA ANTÔNIO CLAUDIO GAIGHER, 19"
"28/10/2024";"11:46:22";2024;2;"Eleição Ordinária";1;619;"Eleições Municipais 2024";"06/10/2024";"M";"ES";"56057";"ALFREDO CHAVES";56057;"ALFREDO CHAVES";12;34;13;"Vereador";40369;"MARIA AUGUSTA BUFFOLO";3;1171;80001947154;"EEEFM CAMILA MOTA";"R. NELSON DA COSTA MELLO, S/ N"
"28/10/2024";"11:46:22";2024;2;"Eleição Ordinária";1;619;"Eleições Municipais 2024";"06/10/2024";"M";"ES";"56057";"ALFREDO CHAVES";56057;"ALFREDO CHAVES";12;19;13;"Vereador";40369;"MARIA AUGUSTA BUFFOLO";6;1104;80001947154;"SALÃO COMUNITÁRIO DE NOVA ESTRELA";"R. PRINCIPAL, S/ N"
"28/10/2024";"11:46:22";2024;2;"Eleição Ordinária";1;619;"Eleições Municipais 2024";"06/10/2024";"M";"ES";"56057";"ALFREDO CHAVES";56057;"ALFREDO CHAVES";12;8;13;"Vereador";22500;"LAUDEMIR CARLOS PEREIRA";4;1023;80002230758;"EEEFM CAMILA MOTA";"R. NELSON DA COSTA MELLO, S/ N"
"28/10/2024";"11:46:22";2024;2;"Eleição Ordinária";1;619;"Eleições Municipais 2024";"06/10/2024";"M";"ES";"56057";"ALFREDO CHAVES";56057;"ALFREDO CHAVES";12;8;13;"Vereador";45777;"GUILHERME CARLOS CETTO VITOR";1;1023;80001982699;"EEEFM CAMILA MOTA";"R. NELSON DA COSTA MELLO, S/ N"
"28/10/2024";"11:46:22";2024;2;"Eleição Ordinária";1;619;"Eleições Municipais 2024";"06/10/2024";"M";"ES";"56057";"ALFREDO CHAVES";56057;"ALFREDO CHAVES";12;25;13;"Vereador";95;"VOTO BRANCO";3;1155;-1;"EMEF FELIPE MODOLO";"R. PRINCIPAL, S/ N"
"28/10/2024";"11:46:22";2024;2;"Eleição Ordinária";1;619;"Eleições Municipais 2024";"06/10/2024";"M";"ES";"56057";"ALFREDO CHAVES";56057;"ALFREDO CHAVES";12;21;11;"Prefeito";96;"VOTO NULO";2;1120;-1;"EMUEF QUARTO TERRITÓRIO";"RUA PRINCIPAL, S/N"
"28/10/2024";"11:46:22";2024;2;"Eleição Ordinária";1;619;"Eleições Municipais 2024";"06/10/2024";"M";"ES";"56057";"ALFREDO CHAVES";56057;"ALFREDO CHAVES";12;28;13;"Vereador";45666;"SERGIO BIANCHI";1;1074;80001982693;"SALÃO DA IGREJA DE SÃO MARTINHO";"R. PRINCIPAL, S/ N"
"28/10/2024";"11:46:22";2024;2;"Eleição Ordinária";1;619;"Eleições Municipais 2024";"06/10/2024";"M";"ES";"56057";"ALFREDO CHAVES";56057;"ALFREDO CHAVES";12;85;13;"Vereador";45666;"SERGIO BIANCHI";1;1244;80001982693;"CRECHE PEQUERRUCHOS";"RUA ANTÔNIO CLAUDIO GAIGHER, 19"
"28/10/2024";"11:46:22";2024;2;"Eleição Ordinária";1;619;"Eleições Municipais 2024";"06/10/2024";"M";"ES";"56057";"ALFREDO CHAVES";56057;"ALFREDO CHAVES";12;8;13;"Vereador";20678;"ADIMAR DE SOUZA MEDINA";1;1023;80001947277;"EEEFM CAMILA MOTA";"R. NELSON DA COSTA MELLO, S/ N"
"28/10/2024";"11:46:22";2024;2;"Eleição Ordinária";1;619;"Eleições Municipais 2024";"06/10/2024";"M";"ES";"56057";"ALFREDO CHAVES";56057;"ALFREDO CHAVES";12;24;13;"Vereador";11111;"JONACIR JOSE DENADAI";64;1147;80001982774;"SALÃO COMUNITÁRIO DE SÃO BENTO DE URÂNIA";"R. PRINCIPAL, S/ N"
"28/10/2024";"11:46:22";2024;2;"Eleição Ordinária";1;619;"Eleições Municipais 2024";"06/10/2024";"M";"ES";"56057";"ALFREDO CHAVES";56057;"ALFREDO CHAVES";12;34;13;"Vereador";45666;"SERGIO BIANCHI";5;1171;80001982693;"EEEFM CAMILA MOTA";"R. NELSON DA COSTA MELLO, S/ N"
"28/10/2024";"11:46:22";2024;2;"Eleição Ordinária";1;619;"Eleições Municipais 2024";"06/10/2024";"M";"ES";"56057";"ALFREDO CHAVES";56057;"ALFREDO CHAVES";12;38;13;"Vereador";45789;"SOLANGE BRAGANCA TORRENTE";3;1244;80001982696;"CRECHE PEQUERRUCHOS";"RUA ANTÔNIO CLAUDIO GAIGHER, 19"
"28/10/2024";"11:46:22";2024;2;"Eleição Ordinária";1;619;"Eleições Municipais 2024";"06/10/2024";"M";"ES";"56057";"ALFREDO CHAVES";56057;"ALFREDO CHAVES";12;22;13;"Vereador";22122;"SILVIA FOLGER BERNABÉ";1;1139;80002230756;"EMEF SAGRADA FAMÍLIA";"R. PRINCIPAL, S/ N"
"28/10/2024";"11:46:22";2024;2;"Eleição Ordinária";1;619;"Eleições Municipais 2024";"06/10/2024";"M";"ES";"56057";"ALFREDO CHAVES";56057;"ALFREDO CHAVES";12;24;13;"Vereador";40369;"MARIA AUGUSTA BUFFOLO";3;1147;80001947154;"SALÃO COMUNITÁRIO DE SÃO BENTO DE URÂNIA";"R. PRINCIPAL, S/ N"
"28/10/2024";"11:46:22";2024;2;"Eleição Ordinária";1;619;"Eleições Municipais 2024";"06/10/2024";"M";"ES";"56057";"ALFREDO CHAVES";56057;"ALFREDO CHAVES";12;7;13;"Vereador";45000;"WARLEI FERRARINI PESSALI";3;1171;80001982698;"EEEFM CAMILA MOTA";"R. NELSON DA COSTA MELLO, S/ N"
"28/10/2024";"11:46:22";2024;2;"Eleição Ordinária";1;619;"Eleições Municipais 2024";"06/10/2024";"M";"ES";"56057";"ALFREDO CHAVES";56057;"ALFREDO CHAVES";12;7;13;"Vereador";11122;"ALONCIO QUINTINO FRANCO";2;1171;80001982778;"EEEFM CAMILA MOTA";"R. NELSON DA COSTA MELLO, S/ N"
"28/10/2024";"11:46:22";2024;2;"Eleição Ordinária";1;619;"Eleições Municipais 2024";"06/10/2024";"M";"ES";"56057";"ALFREDO CHAVES";56057;"ALFREDO CHAVES";12;10;13;"Vereador";55444;"ODAIR AUGUSTO BASSO";48;1040;80001947333;"EEEF DE CRUBIXÁ";"R. PRINCIPAL, S/ Nº"
"28/10/2024";"11:46:22";2024;2;"Eleição Ordinária";1;619;"Eleições Municipais 2024";"06/10/2024";"M";"ES";"56057";"ALFREDO CHAVES";56057;"ALFREDO CHAVES";12;15;13;"Vereador";40123;"CELIA MARIA STEIN BUBACH";1;1074;80001947153;"SALÃO DA IGREJA DE SÃO MARTINHO";"R. PRINCIPAL, S/ N"
"28/10/2024";"11:46:22";2024;2;"Eleição Ordinária";1;619;"Eleições Municipais 2024";"06/10/2024";"M";"ES";"56057";"ALFREDO CHAVES";56057;"ALFREDO CHAVES";12;20;13;"Vereador";22111;"FABIO DAMASCENO GALVAO";6;1112;80002230754;"SALÃO DA IGREJA CATÓLICA DE CACHOEIRA ALTA";"R. PRINCIPAL, S/ N"
"28/10/2024";"11:46:22";2024;2;"Eleição Ordinária";1;619;"Eleições Municipais 2024";"06/10/2024";"M";"ES";"56057";"ALFREDO CHAVES";56057;"ALFREDO CHAVES";12;6;13;"Vereador";95;"VOTO BRANCO";3;1023;-1;"EEEFM CAMILA MOTA";"R. NELSON DA COSTA MELLO, S/ N"
"28/10/2024";"11:46:22";2024;2;"Eleição Ordinária";1;619;"Eleições Municipais 2024";"06/10/2024";"M";"ES";"56057";"ALFREDO CHAVES";56057;"ALFREDO CHAVES";12;29;11;"Prefeito";96;"VOTO NULO";10;1147;-1;"SALÃO COMUNITÁRIO DE SÃO BENTO DE URÂNIA";"R. PRINCIPAL, S/ N"
"28/10/2024";"11:46:22";2024;2;"Eleição Ordinária";1;619;"Eleições Municipais 2024";"06/10/2024";"M";"ES";"56057";"ALFREDO CHAVES";56057;"ALFREDO CHAVES";12;33;11;"Prefeito";96;"VOTO NULO";4;1171;-1;"EEEFM CAMILA MOTA";"R. NELSON DA COSTA MELLO, S/ N"
"28/10/2024";"11:46:22";2024;2;"Eleição Ordinária";1;619;"Eleições Municipais 2024";"06/10/2024";"M";"ES";"56057";"ALFREDO CHAVES";56057;"ALFREDO CHAVES";12;27;13;"Vereador";11000;"FRANCISCO DE ASSIS JOSE DOS SANTOS";20;1171;80001982776;"EEEFM CAMILA MOTA";"R. NELSON DA COSTA MELLO, S/ N"
"28/10/2024";"11:46:22";2024;2;"Eleição Ordinária";1;619;"Eleições Municipais 2024";"06/10/2024";"M";"ES";"56057";"ALFREDO CHAVES";56057;"ALFREDO CHAVES";12;22;13;"Vereador";22111;"FABIO DAMASCENO GALVAO";1;1139;80002230754;"EMEF SAGRADA FAMÍLIA";"R. PRINCIPAL, S/ N"
"28/10/2024";"11:46:22";2024;2;"Eleição Ordinária";1;619;"Eleições Municipais 2024";"06/10/2024";"M";"ES";"56057";"ALFREDO CHAVES";56057;"ALFREDO CHAVES";12;22;13;"Vereador";55000;"JONAS NUNES SIMÕES";2;1139;80001947340;"EMEF SAGRADA FAMÍLIA";"R. PRINCIPAL, S/ N"
"28/10/2024";"11:46:22";2024;2;"Eleição Ordinária";1;619;"Eleições Municipais 2024";"06/10/2024";"M";"ES";"56057";"ALFREDO CHAVES";56057;"ALFREDO CHAVES";12;16;13;"Vereador";10123;"ALEFY JUNIOR CLAUDIO SIMOES";2;1082;80001966351;"PRÉDIO DA ANTIGA ESCOLA ALMERINDA BRUNORO";"R. PRINCIPAL, S/ N"
"28/10/2024";"11:46:22";2024;2;"Eleição Ordinária";1;619;"Eleições Municipais 2024";"06/10/2024";"M";"ES";"56057";"ALFREDO CHAVES";56057;"ALFREDO CHAVES";12;21;13;"Vereador";40369;"MARIA AUGUSTA BUFFOLO";16;1120;80001947154;"EMUEF QUARTO TERRITÓRIO";"RUA PRINCIPAL, S/N"
"28/10/2024";"11:46:22";2024;2;"Eleição Ordinária";1;619;"Eleições Municipais 2024";"06/10/2024";"M";"ES";"56057";"ALFREDO CHAVES";56057;"ALFREDO CHAVES";12;6;13;"Vereador";45555;"MARCIA FRANCISCO";2;1023;80001982694;"EEEFM CAMILA MOTA";"R. NELSON DA COSTA MELLO, S/ N"
"28/10/2024";"11:46:22";2024;2;"Eleição Ordinária";1;619;"Eleições Municipais 2024";"06/10/2024";"M";"ES";"56057";"ALFREDO CHAVES";56057;"ALFREDO CHAVES";12;41;13;"Vereador";55321;"VALDIRENE BRANDÃO ANDRADE SORIO";2;1236;80001947331;"SALÃO PAROQUIAL DA IGREJA DE NOSSA SENHORA DA CONCEIÇÃO";"AV. GETULIO VARGAS, 545"
"28/10/2024";"11:46:22";2024;2;"Eleição Ordinária";1;619;"Eleições Municipais 2024";"06/10/2024";"M";"ES";"56057";"ALFREDO CHAVES";56057;"ALFREDO CHAVES";12;2;13;"Vereador";40111;"CHARLES GAIGHER";10;1015;80001947148;"EMEF ANA ARAÚJO";"R. EXPEDICIONARIO OSVALDO SAUDINO"
"28/10/2024";"11:46:22";2024;2;"Eleição Ordinária";1;619;"Eleições Municipais 2024";"06/10/2024";"M";"ES";"56057";"ALFREDO CHAVES";56057;"ALFREDO CHAVES";12;31;13;"Vereador";40111;"CHARLES GAIGHER";10;1171;80001947148;"EEEFM CAMILA MOTA";"R. NELSON DA COSTA MELLO, S/ N"
"28/10/2024";"11:46:22";2024;2;"Eleição Ordinária";1;619;"Eleições Municipais 2024";"06/10/2024";"M";"ES";"56057";"ALFREDO CHAVES";56057;"ALFREDO CHAVES";12;14;13;"Vereador";45456;"MARCOS ANTONIO SOARES DOS SANTOS";20;1066;80001982692;"SALÃO DA IGREJA CATÓLICA DE SÃO FRANCISCO DE BATATAL";"RUA PRINCIPAL, S/ N"
"28/10/2024";"11:46:22";2024;2;"Eleição Ordinária";1;619;"Eleições Municipais 2024";"06/10/2024";"M";"ES";"56057";"ALFREDO CHAVES";56057;"ALFREDO CHAVES";12;85;13;"Vereador";10789;"LUIS ALBERTO BIANCHI";1;1244;80001966357;"CRECHE PEQUERRUCHOS";"RUA ANTÔNIO CLAUDIO GAIGHER, 19"
"28/10/2024";"11:46:22";2024;2;"Eleição Ordinária";1;619;"Eleições Municipais 2024";"06/10/2024";"M";"ES";"56057";"ALFREDO CHAVES";56057;"ALFREDO CHAVES";12;18;13;"Vereador";11111;"JONACIR JOSE DENADAI";3;1090;80001982774;"EMEF FELIPE MODOLO";"R. PRINCIPAL, S/ N"
"28/10/2024";"11:46:22";2024;2;"Eleição Ordinária";1;619;"Eleições Municipais 2024";"06/10/2024";"M";"ES";"56057";"ALFREDO CHAVES";56057;"ALFREDO CHAVES";12;28;11;"Prefeito";22;"LUIZ CLAUDIO BOLDRINI";19;1074;80002271252;"SALÃO DA IGREJA DE SÃO MARTINHO";"R. PRINCIPAL, S/ N"
"28/10/2024";"11:46:22";2024;2;"Eleição Ordinária";1;619;"Eleições Municipais 2024";"06/10/2024";"M";"ES";"56057";"ALFREDO CHAVES";56057;"ALFREDO CHAVES";12;85;11;"Prefeito";22;"LUIZ CLAUDIO BOLDRINI";23;1244;80002271252;"CRECHE PEQUERRUCHOS";"RUA ANTÔNIO CLAUDIO GAIGHER, 19"
"28/10/2024";"11:46:22";2024;2;"Eleição Ordinária";1;619;"Eleições Municipais 2024";"06/10/2024";"M";"ES";"56057";"ALFREDO CHAVES";56057;"ALFREDO CHAVES";12;28;13;"Vereador";20555;"VERA LUCIA BONA";1;1074;80001947283;"SALÃO DA IGREJA DE SÃO MARTINHO";"R. PRINCIPAL, S/ N"
"28/10/2024";"11:46:22";2024;2;"Eleição Ordinária";1;619;"Eleições Municipais 2024";"06/10/2024";"M";"ES";"56057";"ALFREDO CHAVES";56057;"ALFREDO CHAVES";12;85;13;"Vereador";20555;"VERA LUCIA BONA";2;1244;80001947283;"CRECHE PEQUERRUCHOS";"RUA ANTÔNIO CLAUDIO GAIGHER, 19"
"28/10/2024";"11:46:22";2024;2;"Eleição Ordinária";1;619;"Eleições Municipais 2024";"06/10/2024";"M";"ES";"56057";"ALFREDO CHAVES";56057;"ALFREDO CHAVES";12;6;13;"Vereador";10123;"ALEFY JUNIOR CLAUDIO SIMOES";7;1023;80001966351;"EEEFM CAMILA MOTA";"R. NELSON DA COSTA MELLO, S/ N"
"28/10/2024";"11:46:22";2024;2;"Eleição Ordinária";1;619;"Eleições Municipais 2024";"06/10/2024";"M";"ES";"56057";"ALFREDO CHAVES";56057;"ALFREDO CHAVES";12;8;13;"Vereador";10789;"LUIS ALBERTO BIANCHI";2;1023;80001966357;"EEEFM CAMILA MOTA";"R. NELSON DA COSTA MELLO, S/ N"
"28/10/2024";"11:46:22";2024;2;"Eleição Ordinária";1;619;"Eleições Municipais 2024";"06/10/2024";"M";"ES";"56057";"ALFREDO CHAVES";56057;"ALFREDO CHAVES";12;24;13;"Vereador";40111;"CHARLES GAIGHER";4;1147;80001947148;"SALÃO COMUNITÁRIO DE SÃO BENTO DE URÂNIA";"R. PRINCIPAL, S/ N"
"28/10/2024";"11:46:22";2024;2;"Eleição Ordinária";1;619;"Eleições Municipais 2024";"06/10/2024";"M";"ES";"56057";"ALFREDO CHAVES";56057;"ALFREDO CHAVES";12;38;13;"Vereador";22022;"SAMUEL ARDIZZON BELMOK";7;1244;80002230759;"CRECHE PEQUERRUCHOS";"RUA ANTÔNIO CLAUDIO GAIGHER, 19"
"28/10/2024";"11:46:22";2024;2;"Eleição Ordinária";1;619;"Eleições Municipais 2024";"06/10/2024";"M";"ES";"56057";"ALFREDO CHAVES";56057;"ALFREDO CHAVES";12;5;13;"Vereador";45100;"WELLINGTON MORAES DE AGUIAR";4;1015;80001982697;"EMEF ANA ARAÚJO";"R. EXPEDICIONARIO OSVALDO SAUDINO"
"28/10/2024";"11:46:22";2024;2;"Eleição Ordinária";1;619;"Eleições Municipais 2024";"06/10/2024";"M";"ES";"56057";"ALFREDO CHAVES";56057;"ALFREDO CHAVES";12;30;13;"Vereador";55369;"DORLEI BRANDY NASCIMENTO";1;1171;80001947334;"EEEFM CAMILA MOTA";"R. NELSON DA COSTA MELLO, S/ N"
"28/10/2024";"11:46:22";2024;2;"Eleição Ordinária";1;619;"Eleições Municipais 2024";"06/10/2024";"M";"ES";"56057";"ALFREDO CHAVES";56057;"ALFREDO CHAVES";12;27;13;"Vereador";55152;"ARILDO ALVES";2;1171;80001947338;"EEEFM CAMILA MOTA";"R. NELSON DA COSTA MELLO, S/ N"
"28/10/2024";"11:46:22";2024;2;"Eleição Ordinária";1;619;"Eleições Municipais 2024";"06/10/2024";"M";"ES";"56057";"ALFREDO CHAVES";56057;"ALFREDO CHAVES";12;20;13;"Vereador";20555;"VERA LUCIA BONA";3;1112;80001947283;"SALÃO DA IGREJA CATÓLICA DE CACHOEIRA ALTA";"R. PRINCIPAL, S/ N"
"28/10/2024";"11:46:22";2024;2;"Eleição Ordinária";1;619;"Eleições Municipais 2024";"06/10/2024";"M";"ES";"56057";"ALFREDO CHAVES";56057;"ALFREDO CHAVES";12;29;13;"Vereador";40369;"MARIA AUGUSTA BUFFOLO";1;1147;80001947154;"SALÃO COMUNITÁRIO DE SÃO BENTO DE URÂNIA";"R. PRINCIPAL, S/ N"
"28/10/2024";"11:46:22";2024;2;"Eleição Ordinária";1;619;"Eleições Municipais 2024";"06/10/2024";"M";"ES";"56057";"ALFREDO CHAVES";56057;"ALFREDO CHAVES";12;33;13;"Vereador";40369;"MARIA AUGUSTA BUFFOLO";1;1171;80001947154;"EEEFM CAMILA MOTA";"R. NELSON DA COSTA MELLO, S/ N"
"28/10/2024";"11:46:22";2024;2;"Eleição Ordinária";1;619;"Eleições Municipais 2024";"06/10/2024";"M";"ES";"56057";"ALFREDO CHAVES";56057;"ALFREDO CHAVES";12;34;13;"Vereador";40123;"CELIA MARIA STEIN BUBACH";1;1171;80001947153;"EEEFM CAMILA MOTA";"R. NELSON DA COSTA MELLO, S/ N"
"28/10/2024";"11:46:22";2024;2;"Eleição Ordinária";1;619;"Eleições Municipais 2024";"06/10/2024";"M";"ES";"56057";"ALFREDO CHAVES";56057;"ALFREDO CHAVES";12;40;13;"Vereador";22222;"LUCIANO DE JESUS SILVA";5;1236;80002230760;"SALÃO PAROQUIAL DA IGREJA DE NOSSA SENHORA DA CONCEIÇÃO";"AV. GETULIO VARGAS, 545"
"28/10/2024";"11:46:22";2024;2;"Eleição Ordinária";1;619;"Eleições Municipais 2024";"06/10/2024";"M";"ES";"56057";"ALFREDO CHAVES";56057;"ALFREDO CHAVES";12;38;13;"Vereador";40999;"EMILIA DAS GRAÇAS ALVES PADILHA DOMINGUES";2;1244;80001947155;"CRECHE PEQUERRUCHOS";"RUA ANTÔNIO CLAUDIO GAIGHER, 19"
"28/10/2024";"11:46:22";2024;2;"Eleição Ordinária";1;619;"Eleições Municipais 2024";"06/10/2024";"M";"ES";"56057";"ALFREDO CHAVES";56057;"ALFREDO CHAVES";12;16;13;"Vereador";22333;"MARIA DO CARMO LORENZINI DESTEFANI";1;1082;80002230755;"PRÉDIO DA ANTIGA ESCOLA ALMERINDA BRUNORO";"R. PRINCIPAL, S/ N"
"28/10/2024";"11:46:22";2024;2;"Eleição Ordinária";1;619;"Eleições Municipais 2024";"06/10/2024";"M";"ES";"56057";"ALFREDO CHAVES";56057;"ALFREDO CHAVES";12;85;13;"Vereador";10400;"GABRIEL NICHETI";3;1244;80001966350;"CRECHE PEQUERRUCHOS";"RUA ANTÔNIO CLAUDIO GAIGHER, 19"
"28/10/2024";"11:46:22";2024;2;"Eleição Ordinária";1;619;"Eleições Municipais 2024";"06/10/2024";"M";"ES";"56057";"ALFREDO CHAVES";56057;"ALFREDO CHAVES";12;28;13;"Vereador";40321;"GILSON LUIZ BELLON";2;1074;80001947151;"SALÃO DA IGREJA DE SÃO MARTINHO";"R. PRINCIPAL, S/ N"
"28/10/2024";"11:46:22";2024;2;"Eleição Ordinária";1;619;"Eleições Municipais 2024";"06/10/2024";"M";"ES";"56057";"ALFREDO CHAVES";56057;"ALFREDO CHAVES";12;18;11;"Prefeito";96;"VOTO NULO";3;1090;-1;"EMEF FELIPE MODOLO";"R. PRINCIPAL, S/ N"
"28/10/2024";"11:46:22";2024;2;"Eleição Ordinária";1;619;"Eleições Municipais 2024";"06/10/2024";"M";"ES";"56057";"ALFREDO CHAVES";56057;"ALFREDO CHAVES";12;39;13;"Vereador";96;"VOTO NULO";7;1244;-1;"CRECHE PEQUERRUCHOS";"RUA ANTÔNIO CLAUDIO GAIGHER, 19"
"28/10/2024";"11:46:22";2024;2;"Eleição Ordinária";1;619;"Eleições Municipais 2024";"06/10/2024";"M";"ES";"56057";"ALFREDO CHAVES";56057;"ALFREDO CHAVES";12;40;13;"Vereador";55444;"ODAIR AUGUSTO BASSO";8;1236;80001947333;"SALÃO PAROQUIAL DA IGREJA DE NOSSA SENHORA DA CONCEIÇÃO";"AV. GETULIO VARGAS, 545"
"28/10/2024";"11:46:22";2024;2;"Eleição Ordinária";1;619;"Eleições Municipais 2024";"06/10/2024";"M";"ES";"56057";"ALFREDO CHAVES";56057;"ALFREDO CHAVES";12;15;13;"Vereador";55444;"ODAIR AUGUSTO BASSO";3;1074;80001947333;"SALÃO DA IGREJA DE SÃO MARTINHO";"R. PRINCIPAL, S/ N"
"28/10/2024";"11:46:22";2024;2;"Eleição Ordinária";1;619;"Eleições Municipais 2024";"06/10/2024";"M";"ES";"56057";"ALFREDO CHAVES";56057;"ALFREDO CHAVES";12;33;13;"Vereador";22022;"SAMUEL ARDIZZON BELMOK";6;1171;80002230759;"EEEFM CAMILA MOTA";"R. NELSON DA COSTA MELLO, S/ N"
"28/10/2024";"11:46:22";2024;2;"Eleição Ordinária";1;619;"Eleições Municipais 2024";"06/10/2024";"M";"ES";"56057";"ALFREDO CHAVES";56057;"ALFREDO CHAVES";12;41;13;"Vereador";22123;"CRISTIANO GRILLO";3;1236;80002230753;"SALÃO PAROQUIAL DA IGREJA DE NOSSA SENHORA DA CONCEIÇÃO";"AV. GETULIO VARGAS, 545"
"28/10/2024";"11:46:22";2024;2;"Eleição Ordinária";1;619;"Eleições Municipais 2024";"06/10/2024";"M";"ES";"56057";"ALFREDO CHAVES";56057;"ALFREDO CHAVES";12;10;13;"Vereador";55000;"JONAS NUNES SIMÕES";8;1040;80001947340;"EEEF DE CRUBIXÁ";"R. PRINCIPAL, S/ Nº"
"28/10/2024";"11:46:22";2024;2;"Eleição Ordinária";1;619;"Eleições Municipais 2024";"06/10/2024";"M";"ES";"56057";"ALFREDO CHAVES";56057;"ALFREDO CHAVES";12;22;13;"Vereador";22022;"SAMUEL ARDIZZON BELMOK";3;1139;80002230759;"EMEF SAGRADA FAMÍLIA";"R. PRINCIPAL, S/ N"
"28/10/2024";"11:46:22";2024;2;"Eleição Ordinária";1;619;"Eleições Municipais 2024";"06/10/2024";"M";"ES";"56057";"ALFREDO CHAVES";56057;"ALFREDO CHAVES";12;20;11;"Prefeito";96;"VOTO NULO";4;1112;-1;"SALÃO DA IGREJA CATÓLICA DE CACHOEIRA ALTA";"R. PRINCIPAL, S/ N"
"28/10/2024";"11:46:22";2024;2;"Eleição Ordinária";1;619;"Eleições Municipais 2024";"06/10/2024";"M";"ES";"56057";"ALFREDO CHAVES";56057;"ALFREDO CHAVES";12;98;13;"Vereador";40222;"LUCIANO BELLON";1;1090;80001947156;"EMEF FELIPE MODOLO";"R. PRINCIPAL, S/ N"
"28/10/2024";"11:46:22";2024;2;"Eleição Ordinária";1;619;"Eleições Municipais 2024";"06/10/2024";"M";"ES";"56057";"ALFREDO CHAVES";56057;"ALFREDO CHAVES";12;38;11;"Prefeito";96;"VOTO NULO";3;1244;-1;"CRECHE PEQUERRUCHOS";"RUA ANTÔNIO CLAUDIO GAIGHER, 19"
"28/10/2024";"11:46:22";2024;2;"Eleição Ordinária";1;619;"Eleições Municipais 2024";"06/10/2024";"M";"ES";"56057";"ALFREDO CHAVES";56057;"ALFREDO CHAVES";12;13;13;"Vereador";45000;"WARLEI FERRARINI PESSALI";4;1058;80001982698;"EMEF ENGANO";"R. PRINCIPAL, S/N"
"28/10/2024";"11:46:22";2024;2;"Eleição Ordinária";1;619;"Eleições Municipais 2024";"06/10/2024";"M";"ES";"56057";"ALFREDO CHAVES";56057;"ALFREDO CHAVES";12;20;13;"Vereador";45513;"DEVANITO GOMES TEIXEIRA";2;1112;80001982691;"SALÃO DA IGREJA CATÓLICA DE CACHOEIRA ALTA";"R. PRINCIPAL, S/ N"
"28/10/2024";"11:46:22";2024;2;"Eleição Ordinária";1;619;"Eleições Municipais 2024";"06/10/2024";"M";"ES";"56057";"ALFREDO CHAVES";56057;"ALFREDO CHAVES";12;8;13;"Vereador";40456;"SERAFINO ANTONIO SIMONI";1;1023;80001947157;"EEEFM CAMILA MOTA";"R. NELSON DA COSTA MELLO, S/ N"
"28/10/2024";"11:46:22";2024;2;"Eleição Ordinária";1;619;"Eleições Municipais 2024";"06/10/2024";"M";"ES";"56057";"ALFREDO CHAVES";56057;"ALFREDO CHAVES";12;33;13;"Vereador";20222;"IZABEL APARECIDA MORESCHI";1;1171;80001947281;"EEEFM CAMILA MOTA";"R. NELSON DA COSTA MELLO, S/ N"
"28/10/2024";"11:46:22";2024;2;"Eleição Ordinária";1;619;"Eleições Municipais 2024";"06/10/2024";"M";"ES";"56057";"ALFREDO CHAVES";56057;"ALFREDO CHAVES";12;4;13;"Vereador";55321;"VALDIRENE BRANDÃO ANDRADE SORIO";3;1015;80001947331;"EMEF ANA ARAÚJO";"R. EXPEDICIONARIO OSVALDO SAUDINO"
"28/10/2024";"11:46:22";2024;2;"Eleição Ordinária";1;619;"Eleições Municipais 2024";"06/10/2024";"M";"ES";"56057";"ALFREDO CHAVES";56057;"ALFREDO CHAVES";12;28;13;"Vereador";20222;"IZABEL APARECIDA MORESCHI";1;1074;80001947281;"SALÃO DA IGREJA DE SÃO MARTINHO";"R. PRINCIPAL, S/ N"
"28/10/2024";"11:46:22";2024;2;"Eleição Ordinária";1;619;"Eleições Municipais 2024";"06/10/2024";"M";"ES";"56057";"ALFREDO CHAVES";56057;"ALFREDO CHAVES";12;85;13;"Vereador";20222;"IZABEL APARECIDA MORESCHI";4;1244;80001947281;"CRECHE PEQUERRUCHOS";"RUA ANTÔNIO CLAUDIO GAIGHER, 19"
"28/10/2024";"11:46:22";2024;2;"Eleição Ordinária";1;619;"Eleições Municipais 2024";"06/10/2024";"M";"ES";"56057";"ALFREDO CHAVES";56057;"ALFREDO CHAVES";12;27;13;"Vereador";10400;"GABRIEL NICHETI";1;1171;80001966350;"EEEFM CAMILA MOTA";"R. NELSON DA COSTA MELLO, S/ N"
"28/10/2024";"11:46:22";2024;2;"Eleição Ordinária";1;619;"Eleições Municipais 2024";"06/10/2024";"M";"ES";"56057";"ALFREDO CHAVES";56057;"ALFREDO CHAVES";12;16;13;"Vereador";11111;"JONACIR JOSE DENADAI";1;1082;80001982774;"PRÉDIO DA ANTIGA ESCOLA ALMERINDA BRUNORO";"R. PRINCIPAL, S/ N"
"28/10/2024";"11:46:22";2024;2;"Eleição Ordinária";1;619;"Eleições Municipais 2024";"06/10/2024";"M";"ES";"56057";"ALFREDO CHAVES";56057;"ALFREDO CHAVES";12;12;13;"Vereador";45789;"SOLANGE BRAGANCA TORRENTE";3;1058;80001982696;"EMEF ENGANO";"R. PRINCIPAL, S/N"
"28/10/2024";"11:46:22";2024;2;"Eleição Ordinária";1;619;"Eleições Municipais 2024";"06/10/2024";"M";"ES";"56057";"ALFREDO CHAVES";56057;"ALFREDO CHAVES";12;2;13;"Vereador";20777;"RENAUT AMERICO PIO";5;1015;80001947280;"EMEF ANA ARAÚJO";"R. EXPEDICIONARIO OSVALDO SAUDINO"
"28/10/2024";"11:46:22";2024;2;"Eleição Ordinária";1;619;"Eleições Municipais 2024";"06/10/2024";"M";"ES";"56057";"ALFREDO CHAVES";56057;"ALFREDO CHAVES";12;31;13;"Vereador";20777;"RENAUT AMERICO PIO";4;1171;80001947280;"EEEFM CAMILA MOTA";"R. NELSON DA COSTA MELLO, S/ N"
"28/10/2024";"11:46:22";2024;2;"Eleição Ordinária";1;619;"Eleições Municipais 2024";"06/10/2024";"M";"ES";"56057";"ALFREDO CHAVES";56057;"ALFREDO CHAVES";12;8;13;"Vereador";45555;"MARCIA FRANCISCO";1;1023;80001982694;"EEEFM CAMILA MOTA";"R. NELSON DA COSTA MELLO, S/ N"
"28/10/2024";"11:46:22";2024;2;"Eleição Ordinária";1;619;"Eleições Municipais 2024";"06/10/2024";"M";"ES";"56057";"ALFREDO CHAVES";56057;"ALFREDO CHAVES";12;8;13;"Vereador";10123;"ALEFY JUNIOR CLAUDIO SIMOES";5;1023;80001966351;"EEEFM CAMILA MOTA";"R. NELSON DA COSTA MELLO, S/ N"
"28/10/2024";"11:46:22";2024;2;"Eleição Ordinária";1;619;"Eleições Municipais 2024";"06/10/2024";"M";"ES";"56057";"ALFREDO CHAVES";56057;"ALFREDO CHAVES";12;8;13;"Vereador";10222;"JOSIMAR PIUMBINI";13;1023;80001966355;"EEEFM CAMILA MOTA";"R. NELSON DA COSTA MELLO, S/ N"
"28/10/2024";"11:46:22";2024;2;"Eleição Ordinária";1;619;"Eleições Municipais 2024";"06/10/2024";"M";"ES";"56057";"ALFREDO CHAVES";56057;"ALFREDO CHAVES";12;11;13;"Vereador";20200;"REGINA PAULA RAUTA MARIANI";1;1040;80001947284;"EEEF DE CRUBIXÁ";"R. PRINCIPAL, S/ Nº"
"28/10/2024";"11:46:22";2024;2;"Eleição Ordinária";1;619;"Eleições Municipais 2024";"06/10/2024";"M";"ES";"56057";"ALFREDO CHAVES";56057;"ALFREDO CHAVES";12;39;13;"Vereador";11234;"MIGUEL ANTONIO MARTINS CLEN";4;1244;80001982777;"CRECHE PEQUERRUCHOS";"RUA ANTÔNIO CLAUDIO GAIGHER, 19"
"28/10/2024";"11:46:22";2024;2;"Eleição Ordinária";1;619;"Eleições Municipais 2024";"06/10/2024";"M";"ES";"56057";"ALFREDO CHAVES";56057;"ALFREDO CHAVES";12;40;13;"Vereador";45666;"SERGIO BIANCHI";4;1236;80001982693;"SALÃO PAROQUIAL DA IGREJA DE NOSSA SENHORA DA CONCEIÇÃO";"AV. GETULIO VARGAS, 545"
"28/10/2024";"11:46:22";2024;2;"Eleição Ordinária";1;619;"Eleições Municipais 2024";"06/10/2024";"M";"ES";"56057";"ALFREDO CHAVES";56057;"ALFREDO CHAVES";12;35;13;"Vereador";55444;"ODAIR AUGUSTO BASSO";6;1171;80001947333;"EEEFM CAMILA MOTA";"R. NELSON DA COSTA MELLO, S/ N"
"28/10/2024";"11:46:22";2024;2;"Eleição Ordinária";1;619;"Eleições Municipais 2024";"06/10/2024";"M";"ES";"56057";"ALFREDO CHAVES";56057;"ALFREDO CHAVES";12;8;13;"Vereador";22123;"CRISTIANO GRILLO";3;1023;80002230753;"EEEFM CAMILA MOTA";"R. NELSON DA COSTA MELLO, S/ N"
"28/10/2024";"11:46:22";2024;2;"Eleição Ordinária";1;619;"Eleições Municipais 2024";"06/10/2024";"M";"ES";"56057";"ALFREDO CHAVES";56057;"ALFREDO CHAVES";12;30;13;"Vereador";45000;"WARLEI FERRARINI PESSALI";5;1171;80001982698;"EEEFM CAMILA MOTA";"R. NELSON DA COSTA MELLO, S/ N"
"28/10/2024";"11:46:22";2024;2;"Eleição Ordinária";1;619;"Eleições Municipais 2024";"06/10/2024";"M";"ES";"56057";"ALFREDO CHAVES";56057;"ALFREDO CHAVES";12;23;13;"Vereador";40999;"EMILIA DAS GRAÇAS ALVES PADILHA DOMINGUES";1;1139;80001947155;"EMEF SAGRADA FAMÍLIA";"R. PRINCIPAL, S/ N"
"28/10/2024";"11:46:22";2024;2;"Eleição Ordinária";1;619;"Eleições Municipais 2024";"06/10/2024";"M";"ES";"56057";"ALFREDO CHAVES";56057;"ALFREDO CHAVES";12;7;13;"Vereador";20000;"IZABEL PARMAGNANI";10;1171;80001947279;"EEEFM CAMILA MOTA";"R. NELSON DA COSTA MELLO, S/ N"
"28/10/2024";"11:46:22";2024;2;"Eleição Ordinária";1;619;"Eleições Municipais 2024";"06/10/2024";"M";"ES";"56057";"ALFREDO CHAVES";56057;"ALFREDO CHAVES";12;33;13;"Vereador";55555;"ADILSON JOSE ROVETA";4;1171;80001947332;"EEEFM CAMILA MOTA";"R. NELSON DA COSTA MELLO, S/ N"
"28/10/2024";"11:46:22";2024;2;"Eleição Ordinária";1;619;"Eleições Municipais 2024";"06/10/2024";"M";"ES";"56057";"ALFREDO CHAVES";56057;"ALFREDO CHAVES";12;13;13;"Vereador";20678;"ADIMAR DE SOUZA MEDINA";2;1058;80001947277;"EMEF ENGANO";"R. PRINCIPAL, S/N"
"28/10/2024";"11:46:22";2024;2;"Eleição Ordinária";1;619;"Eleições Municipais 2024";"06/10/2024";"M";"ES";"56057";"ALFREDO CHAVES";56057;"ALFREDO CHAVES";12;37;13;"Vereador";40999;"EMILIA DAS GRAÇAS ALVES PADILHA DOMINGUES";1;1228;80001947155;"CRECHE COMECINHO DE GENTE";"AV. DARCY DE PAULA GAIGHER, S/N"
"28/10/2024";"11:46:22";2024;2;"Eleição Ordinária";1;619;"Eleições Municipais 2024";"06/10/2024";"M";"ES";"56057";"ALFREDO CHAVES";56057;"ALFREDO CHAVES";12;27;11;"Prefeito";11;"HUGO LUIZ PICOLI MENEGHEL";141;1171;80002104371;"EEEFM CAMILA MOTA";"R. NELSON DA COSTA MELLO, S/ N"
"28/10/2024";"11:46:22";2024;2;"Eleição Ordinária";1;619;"Eleições Municipais 2024";"06/10/2024";"M";"ES";"56057";"ALFREDO CHAVES";56057;"ALFREDO CHAVES";12;13;13;"Vereador";45100;"WELLINGTON MORAES DE AGUIAR";1;1058;80001982697;"EMEF ENGANO";"R. PRINCIPAL, S/N"
"28/10/2024";"11:46:22";2024;2;"Eleição Ordinária";1;619;"Eleições Municipais 2024";"06/10/2024";"M";"ES";"56057";"ALFREDO CHAVES";56057;"ALFREDO CHAVES";12;17;13;"Vereador";95;"VOTO BRANCO";6;1090;-1;"EMEF FELIPE MODOLO";"R. PRINCIPAL, S/ N"
"28/10/2024";"11:46:22";2024;2;"Eleição Ordinária";1;619;"Eleições Municipais 2024";"06/10/2024";"M";"ES";"56057";"ALFREDO CHAVES";56057;"ALFREDO CHAVES";12;21;11;"Prefeito";11;"HUGO LUIZ PICOLI MENEGHEL";184;1120;80002104371;"EMUEF QUARTO TERRITÓRIO";"RUA PRINCIPAL, S/N"
"28/10/2024";"11:46:22";2024;2;"Eleição Ordinária";1;619;"Eleições Municipais 2024";"06/10/2024";"M";"ES";"56057";"ALFREDO CHAVES";56057;"ALFREDO CHAVES";12;20;13;"Vereador";22122;"SILVIA FOLGER BERNABÉ";4;1112;80002230756;"SALÃO DA IGREJA CATÓLICA DE CACHOEIRA ALTA";"R. PRINCIPAL, S/ N"
"28/10/2024";"11:46:22";2024;2;"Eleição Ordinária";1;619;"Eleições Municipais 2024";"06/10/2024";"M";"ES";"56057";"ALFREDO CHAVES";56057;"ALFREDO CHAVES";12;20;13;"Vereador";55555;"ADILSON JOSE ROVETA";2;1112;80001947332;"SALÃO DA IGREJA CATÓLICA DE CACHOEIRA ALTA";"R. PRINCIPAL, S/ N"
"28/10/2024";"11:46:22";2024;2;"Eleição Ordinária";1;619;"Eleições Municipais 2024";"06/10/2024";"M";"ES";"56057";"ALFREDO CHAVES";56057;"ALFREDO CHAVES";12;96;13;"Vereador";11111;"JONACIR JOSE DENADAI";32;1147;80001982774;"SALÃO COMUNITÁRIO DE SÃO BENTO DE URÂNIA";"R. PRINCIPAL, S/ N"
"28/10/2024";"11:46:22";2024;2;"Eleição Ordinária";1;619;"Eleições Municipais 2024";"06/10/2024";"M";"ES";"56057";"ALFREDO CHAVES";56057;"ALFREDO CHAVES";12;2;13;"Vereador";11234;"MIGUEL ANTONIO MARTINS CLEN";6;1015;80001982777;"EMEF ANA ARAÚJO";"R. EXPEDICIONARIO OSVALDO SAUDINO"
"28/10/2024";"11:46:22";2024;2;"Eleição Ordinária";1;619;"Eleições Municipais 2024";"06/10/2024";"M";"ES";"56057";"ALFREDO CHAVES";56057;"ALFREDO CHAVES";12;31;13;"Vereador";11234;"MIGUEL ANTONIO MARTINS CLEN";6;1171;80001982777;"EEEFM CAMILA MOTA";"R. NELSON DA COSTA MELLO, S/ N"
"28/10/2024";"11:46:22";2024;2;"Eleição Ordinária";1;619;"Eleições Municipais 2024";"06/10/2024";"M";"ES";"56057";"ALFREDO CHAVES";56057;"ALFREDO CHAVES";12;40;13;"Vereador";22122;"SILVIA FOLGER BERNABÉ";4;1236;80002230756;"SALÃO PAROQUIAL DA IGREJA DE NOSSA SENHORA DA CONCEIÇÃO";"AV. GETULIO VARGAS, 545"
"28/10/2024";"11:46:22";2024;2;"Eleição Ordinária";1;619;"Eleições Municipais 2024";"06/10/2024";"M";"ES";"56057";"ALFREDO CHAVES";56057;"ALFREDO CHAVES";12;15;13;"Vereador";22122;"SILVIA FOLGER BERNABÉ";2;1074;80002230756;"SALÃO DA IGREJA DE SÃO MARTINHO";"R. PRINCIPAL, S/ N"
"28/10/2024";"11:46:22";2024;2;"Eleição Ordinária";1;619;"Eleições Municipais 2024";"06/10/2024";"M";"ES";"56057";"ALFREDO CHAVES";56057;"ALFREDO CHAVES";12;17;13;"Vereador";20678;"ADIMAR DE SOUZA MEDINA";14;1090;80001947277;"EMEF FELIPE MODOLO";"R. PRINCIPAL, S/ N"
"28/10/2024";"11:46:22";2024;2;"Eleição Ordinária";1;619;"Eleições Municipais 2024";"06/10/2024";"M";"ES";"56057";"ALFREDO CHAVES";56057;"ALFREDO CHAVES";12;4;13;"Vereador";55555;"ADILSON JOSE ROVETA";2;1015;80001947332;"EMEF ANA ARAÚJO";"R. EXPEDICIONARIO OSVALDO SAUDINO"
"28/10/2024";"11:46:22";2024;2;"Eleição Ordinária";1;619;"Eleições Municipais 2024";"06/10/2024";"M";"ES";"56057";"ALFREDO CHAVES";56057;"ALFREDO CHAVES";12;30;13;"Vereador";20555;"VERA LUCIA BONA";6;1171;80001947283;"EEEFM CAMILA MOTA";"R. NELSON DA COSTA MELLO, S/ N"
"28/10/2024";"11:46:22";2024;2;"Eleição Ordinária";1;619;"Eleições Municipais 2024";"06/10/2024";"M";"ES";"56057";"ALFREDO CHAVES";56057;"ALFREDO CHAVES";12;20;13;"Vereador";96;"VOTO NULO";4;1112;-1;"SALÃO DA IGREJA CATÓLICA DE CACHOEIRA ALTA";"R. PRINCIPAL, S/ N"
"28/10/2024";"11:46:22";2024;2;"Eleição Ordinária";1;619;"Eleições Municipais 2024";"06/10/2024";"M";"ES";"56057";"ALFREDO CHAVES";56057;"ALFREDO CHAVES";12;20;13;"Vereador";20000;"IZABEL PARMAGNANI";6;1112;80001947279;"SALÃO DA IGREJA CATÓLICA DE CACHOEIRA ALTA";"R. PRINCIPAL, S/ N"
"28/10/2024";"11:46:22";2024;2;"Eleição Ordinária";1;619;"Eleições Municipais 2024";"06/10/2024";"M";"ES";"56057";"ALFREDO CHAVES";56057;"ALFREDO CHAVES";12;38;13;"Vereador";20555;"VERA LUCIA BONA";2;1244;80001947283;"CRECHE PEQUERRUCHOS";"RUA ANTÔNIO CLAUDIO GAIGHER, 19"
"28/10/2024";"11:46:22";2024;2;"Eleição Ordinária";1;619;"Eleições Municipais 2024";"06/10/2024";"M";"ES";"56057";"ALFREDO CHAVES";56057;"ALFREDO CHAVES";12;22;13;"Vereador";45555;"MARCIA FRANCISCO";1;1139;80001982694;"EMEF SAGRADA FAMÍLIA";"R. PRINCIPAL, S/ N"
"28/10/2024";"11:46:22";2024;2;"Eleição Ordinária";1;619;"Eleições Municipais 2024";"06/10/2024";"M";"ES";"56057";"ALFREDO CHAVES";56057;"ALFREDO CHAVES";12;22;13;"Vereador";10123;"ALEFY JUNIOR CLAUDIO SIMOES";4;1139;80001966351;"EMEF SAGRADA FAMÍLIA";"R. PRINCIPAL, S/ N"
"28/10/2024";"11:46:22";2024;2;"Eleição Ordinária";1;619;"Eleições Municipais 2024";"06/10/2024";"M";"ES";"56057";"ALFREDO CHAVES";56057;"ALFREDO CHAVES";12;22;13;"Vereador";10222;"JOSIMAR PIUMBINI";17;1139;80001966355;"EMEF SAGRADA FAMÍLIA";"R. PRINCIPAL, S/ N"
"28/10/2024";"11:46:22";2024;2;"Eleição Ordinária";1;619;"Eleições Municipais 2024";"06/10/2024";"M";"ES";"56057";"ALFREDO CHAVES";56057;"ALFREDO CHAVES";12;16;13;"Vereador";55444;"ODAIR AUGUSTO BASSO";3;1082;80001947333;"PRÉDIO DA ANTIGA ESCOLA ALMERINDA BRUNORO";"R. PRINCIPAL, S/ N"
"28/10/2024";"11:46:22";2024;2;"Eleição Ordinária";1;619;"Eleições Municipais 2024";"06/10/2024";"M";"ES";"56057";"ALFREDO CHAVES";56057;"ALFREDO CHAVES";12;12;13;"Vereador";40000;"NILTON CESAR BELMOK";8;1058;80001947152;"EMEF ENGANO";"R. PRINCIPAL, S/N"
"28/10/2024";"11:46:22";2024;2;"Eleição Ordinária";1;619;"Eleições Municipais 2024";"06/10/2024";"M";"ES";"56057";"ALFREDO CHAVES";56057;"ALFREDO CHAVES";12;35;13;"Vereador";55321;"VALDIRENE BRANDÃO ANDRADE SORIO";2;1171;80001947331;"EEEFM CAMILA MOTA";"R. NELSON DA COSTA MELLO, S/ N"
"28/10/2024";"11:46:22";2024;2;"Eleição Ordinária";1;619;"Eleições Municipais 2024";"06/10/2024";"M";"ES";"56057";"ALFREDO CHAVES";56057;"ALFREDO CHAVES";12;40;13;"Vereador";11444;"MARIA MADALENA PASSOS NUNES";1;1236;80001982775;"SALÃO PAROQUIAL DA IGREJA DE NOSSA SENHORA DA CONCEIÇÃO";"AV. GETULIO VARGAS, 545"
"28/10/2024";"11:46:22";2024;2;"Eleição Ordinária";1;619;"Eleições Municipais 2024";"06/10/2024";"M";"ES";"56057";"ALFREDO CHAVES";56057;"ALFREDO CHAVES";12;23;11;"Prefeito";40;"ROLMAR BOTECCHIA";102;1139;80001947211;"EMEF SAGRADA FAMÍLIA";"R. PRINCIPAL, S/ N"
"28/10/2024";"11:46:22";2024;2;"Eleição Ordinária";1;619;"Eleições Municipais 2024";"06/10/2024";"M";"ES";"56057";"ALFREDO CHAVES";56057;"ALFREDO CHAVES";12;18;13;"Vereador";10190;"ROMILDO DOMINGOS BORTOLUZZI";1;1090;80001966352;"EMEF FELIPE MODOLO";"R. PRINCIPAL, S/ N"
"28/10/2024";"11:46:22";2024;2;"Eleição Ordinária";1;619;"Eleições Municipais 2024";"06/10/2024";"M";"ES";"56057";"ALFREDO CHAVES";56057;"ALFREDO CHAVES";12;28;13;"Vereador";45555;"MARCIA FRANCISCO";4;1074;80001982694;"SALÃO DA IGREJA DE SÃO MARTINHO";"R. PRINCIPAL, S/ N"
"28/10/2024";"11:46:22";2024;2;"Eleição Ordinária";1;619;"Eleições Municipais 2024";"06/10/2024";"M";"ES";"56057";"ALFREDO CHAVES";56057;"ALFREDO CHAVES";12;85;13;"Vereador";45555;"MARCIA FRANCISCO";4;1244;80001982694;"CRECHE PEQUERRUCHOS";"RUA ANTÔNIO CLAUDIO GAIGHER, 19"
"28/10/2024";"11:46:22";2024;2;"Eleição Ordinária";1;619;"Eleições Municipais 2024";"06/10/2024";"M";"ES";"56057";"ALFREDO CHAVES";56057;"ALFREDO CHAVES";12;35;13;"Vereador";55555;"ADILSON JOSE ROVETA";4;1171;80001947332;"EEEFM CAMILA MOTA";"R. NELSON DA COSTA MELLO, S/ N"
"28/10/2024";"11:46:22";2024;2;"Eleição Ordinária";1;619;"Eleições Municipais 2024";"06/10/2024";"M";"ES";"56057";"ALFREDO CHAVES";56057;"ALFREDO CHAVES";12;8;13;"Vereador";55333;"BERENICE DA PENHA GALVAO PEREIRA";3;1023;80001947339;"EEEFM CAMILA MOTA";"R. NELSON DA COSTA MELLO, S/ N"
"28/10/2024";"11:46:22";2024;2;"Eleição Ordinária";1;619;"Eleições Municipais 2024";"06/10/2024";"M";"ES";"56057";"ALFREDO CHAVES";56057;"ALFREDO CHAVES";12;4;11;"Prefeito";96;"VOTO NULO";4;1015;-1;"EMEF ANA ARAÚJO";"R. EXPEDICIONARIO OSVALDO SAUDINO"
"28/10/2024";"11:46:22";2024;2;"Eleição Ordinária";1;619;"Eleições Municipais 2024";"06/10/2024";"M";"ES";"56057";"ALFREDO CHAVES";56057;"ALFREDO CHAVES";12;26;13;"Vereador";10222;"JOSIMAR PIUMBINI";3;1163;80001966355;"EEUEF VILA NOVA DE MARAVILHA";"R. PRINCIPAL, S/ Nº"
"28/10/2024";"11:46:22";2024;2;"Eleição Ordinária";1;619;"Eleições Municipais 2024";"06/10/2024";"M";"ES";"56057";"ALFREDO CHAVES";56057;"ALFREDO CHAVES";12;35;13;"Vereador";40999;"EMILIA DAS GRAÇAS ALVES PADILHA DOMINGUES";4;1171;80001947155;"EEEFM CAMILA MOTA";"R. NELSON DA COSTA MELLO, S/ N"
"28/10/2024";"11:46:22";2024;2;"Eleição Ordinária";1;619;"Eleições Municipais 2024";"06/10/2024";"M";"ES";"56057";"ALFREDO CHAVES";56057;"ALFREDO CHAVES";12;25;13;"Vereador";40000;"NILTON CESAR BELMOK";8;1155;80001947152;"EMEF FELIPE MODOLO";"R. PRINCIPAL, S/ N"
"28/10/2024";"11:46:22";2024;2;"Eleição Ordinária";1;619;"Eleições Municipais 2024";"06/10/2024";"M";"ES";"56057";"ALFREDO CHAVES";56057;"ALFREDO CHAVES";12;38;13;"Vereador";40000;"NILTON CESAR BELMOK";15;1244;80001947152;"CRECHE PEQUERRUCHOS";"RUA ANTÔNIO CLAUDIO GAIGHER, 19"
"28/10/2024";"11:46:22";2024;2;"Eleição Ordinária";1;619;"Eleições Municipais 2024";"06/10/2024";"M";"ES";"56057";"ALFREDO CHAVES";56057;"ALFREDO CHAVES";12;4;13;"Vereador";10101;"NAMARA NAZARIA DE PAULA PASSOS SILVA";5;1015;80001966359;"EMEF ANA ARAÚJO";"R. EXPEDICIONARIO OSVALDO SAUDINO"
"28/10/2024";"11:46:22";2024;2;"Eleição Ordinária";1;619;"Eleições Municipais 2024";"06/10/2024";"M";"ES";"56057";"ALFREDO CHAVES";56057;"ALFREDO CHAVES";12;8;13;"Vereador";22111;"FABIO DAMASCENO GALVAO";6;1023;80002230754;"EEEFM CAMILA MOTA";"R. NELSON DA COSTA MELLO, S/ N"
"28/10/2024";"11:46:22";2024;2;"Eleição Ordinária";1;619;"Eleições Municipais 2024";"06/10/2024";"M";"ES";"56057";"ALFREDO CHAVES";56057;"ALFREDO CHAVES";12;41;13;"Vereador";11444;"MARIA MADALENA PASSOS NUNES";1;1236;80001982775;"SALÃO PAROQUIAL DA IGREJA DE NOSSA SENHORA DA CONCEIÇÃO";"AV. GETULIO VARGAS, 545"
"28/10/2024";"11:46:22";2024;2;"Eleição Ordinária";1;619;"Eleições Municipais 2024";"06/10/2024";"M";"ES";"56057";"ALFREDO CHAVES";56057;"ALFREDO CHAVES";12;5;13;"Vereador";11444;"MARIA MADALENA PASSOS NUNES";1;1015;80001982775;"EMEF ANA ARAÚJO";"R. EXPEDICIONARIO OSVALDO SAUDINO"
"28/10/2024";"11:46:22";2024;2;"Eleição Ordinária";1;619;"Eleições Municipais 2024";"06/10/2024";"M";"ES";"56057";"ALFREDO CHAVES";56057;"ALFREDO CHAVES";12;6;13;"Vereador";20200;"REGINA PAULA RAUTA MARIANI";2;1023;80001947284;"EEEFM CAMILA MOTA";"R. NELSON DA COSTA MELLO, S/ N"
"28/10/2024";"11:46:22";2024;2;"Eleição Ordinária";1;619;"Eleições Municipais 2024";"06/10/2024";"M";"ES";"56057";"ALFREDO CHAVES";56057;"ALFREDO CHAVES";12;35;13;"Vereador";45555;"MARCIA FRANCISCO";2;1171;80001982694;"EEEFM CAMILA MOTA";"R. NELSON DA COSTA MELLO, S/ N"
"28/10/2024";"11:46:22";2024;2;"Eleição Ordinária";1;619;"Eleições Municipais 2024";"06/10/2024";"M";"ES";"56057";"ALFREDO CHAVES";56057;"ALFREDO CHAVES";12;35;13;"Vereador";10123;"ALEFY JUNIOR CLAUDIO SIMOES";7;1171;80001966351;"EEEFM CAMILA MOTA";"R. NELSON DA COSTA MELLO, S/ N"
"28/10/2024";"11:46:22";2024;2;"Eleição Ordinária";1;619;"Eleições Municipais 2024";"06/10/2024";"M";"ES";"56057";"ALFREDO CHAVES";56057;"ALFREDO CHAVES";12;6;13;"Vereador";22222;"LUCIANO DE JESUS SILVA";3;1023;80002230760;"EEEFM CAMILA MOTA";"R. NELSON DA COSTA MELLO, S/ N"
"28/10/2024";"11:46:22";2024;2;"Eleição Ordinária";1;619;"Eleições Municipais 2024";"06/10/2024";"M";"ES";"56057";"ALFREDO CHAVES";56057;"ALFREDO CHAVES";12;16;13;"Vereador";40111;"CHARLES GAIGHER";4;1082;80001947148;"PRÉDIO DA ANTIGA ESCOLA ALMERINDA BRUNORO";"R. PRINCIPAL, S/ N"
"28/10/2024";"11:46:22";2024;2;"Eleição Ordinária";1;619;"Eleições Municipais 2024";"06/10/2024";"M";"ES";"56057";"ALFREDO CHAVES";56057;"ALFREDO CHAVES";12;30;13;"Vereador";45123;"RAYANE TOMAZINI BRESSANELLI";3;1171;80001982695;"EEEFM CAMILA MOTA";"R. NELSON DA COSTA MELLO, S/ N"
"28/10/2024";"11:46:22";2024;2;"Eleição Ordinária";1;619;"Eleições Municipais 2024";"06/10/2024";"M";"ES";"56057";"ALFREDO CHAVES";56057;"ALFREDO CHAVES";12;34;13;"Vereador";45000;"WARLEI FERRARINI PESSALI";5;1171;80001982698;"EEEFM CAMILA MOTA";"R. NELSON DA COSTA MELLO, S/ N"
"28/10/2024";"11:46:22";2024;2;"Eleição Ordinária";1;619;"Eleições Municipais 2024";"06/10/2024";"M";"ES";"56057";"ALFREDO CHAVES";56057;"ALFREDO CHAVES";12;19;13;"Vereador";45000;"WARLEI FERRARINI PESSALI";5;1104;80001982698;"SALÃO COMUNITÁRIO DE NOVA ESTRELA";"R. PRINCIPAL, S/ N"
"28/10/2024";"11:46:22";2024;2;"Eleição Ordinária";1;619;"Eleições Municipais 2024";"06/10/2024";"M";"ES";"56057";"ALFREDO CHAVES";56057;"ALFREDO CHAVES";12;30;13;"Vereador";11555;"HERMES LUIZ MARCHIORI ATHAIDES";15;1171;80001982779;"EEEFM CAMILA MOTA";"R. NELSON DA COSTA MELLO, S/ N"
"28/10/2024";"11:46:22";2024;2;"Eleição Ordinária";1;619;"Eleições Municipais 2024";"06/10/2024";"M";"ES";"56057";"ALFREDO CHAVES";56057;"ALFREDO CHAVES";12;35;13;"Vereador";20111;"RUBERCI FALCÃO";2;1171;80001947282;"EEEFM CAMILA MOTA";"R. NELSON DA COSTA MELLO, S/ N"
"28/10/2024";"11:46:22";2024;2;"Eleição Ordinária";1;619;"Eleições Municipais 2024";"06/10/2024";"M";"ES";"56057";"ALFREDO CHAVES";56057;"ALFREDO CHAVES";12;23;13;"Vereador";22222;"LUCIANO DE JESUS SILVA";7;1139;80002230760;"EMEF SAGRADA FAMÍLIA";"R. PRINCIPAL, S/ N"
"28/10/2024";"11:46:22";2024;2;"Eleição Ordinária";1;619;"Eleições Municipais 2024";"06/10/2024";"M";"ES";"56057";"ALFREDO CHAVES";56057;"ALFREDO CHAVES";12;28;13;"Vereador";55000;"JONAS NUNES SIMÕES";3;1074;80001947340;"SALÃO DA IGREJA DE SÃO MARTINHO";"R. PRINCIPAL, S/ N"
"28/10/2024";"11:46:22";2024;2;"Eleição Ordinária";1;619;"Eleições Municipais 2024";"06/10/2024";"M";"ES";"56057";"ALFREDO CHAVES";56057;"ALFREDO CHAVES";12;85;13;"Vereador";55000;"JONAS NUNES SIMÕES";1;1244;80001947340;"CRECHE PEQUERRUCHOS";"RUA ANTÔNIO CLAUDIO GAIGHER, 19"
"28/10/2024";"11:46:22";2024;2;"Eleição Ordinária";1;619;"Eleições Municipais 2024";"06/10/2024";"M";"ES";"56057";"ALFREDO CHAVES";56057;"ALFREDO CHAVES";12;28;13;"Vereador";10101;"NAMARA NAZARIA DE PAULA PASSOS SILVA";2;1074;80001966359;"SALÃO DA IGREJA DE SÃO MARTINHO";"R. PRINCIPAL, S/ N"
"28/10/2024";"11:46:22";2024;2;"Eleição Ordinária";1;619;"Eleições Municipais 2024";"06/10/2024";"M";"ES";"56057";"ALFREDO CHAVES";56057;"ALFREDO CHAVES";12;27;13;"Vereador";10000;"JANDIR GRATIERI";1;1171;80001966356;"EEEFM CAMILA MOTA";"R. NELSON DA COSTA MELLO, S/ N"
"28/10/2024";"11:46:22";2024;2;"Eleição Ordinária";1;619;"Eleições Municipais 2024";"06/10/2024";"M";"ES";"56057";"ALFREDO CHAVES";56057;"ALFREDO CHAVES";12;27;13;"Vereador";22111;"FABIO DAMASCENO GALVAO";5;1171;80002230754;"EEEFM CAMILA MOTA";"R. NELSON DA COSTA MELLO, S/ N"
"28/10/2024";"11:46:22";2024;2;"Eleição Ordinária";1;619;"Eleições Municipais 2024";"06/10/2024";"M";"ES";"56057";"ALFREDO CHAVES";56057;"ALFREDO CHAVES";12;27;13;"Vereador";11100;"TAIS LIMA TEIXEIRA ULIANA";7;1171;80001982780;"EEEFM CAMILA MOTA";"R. NELSON DA COSTA MELLO, S/ N"
"28/10/2024";"11:46:22";2024;2;"Eleição Ordinária";1;619;"Eleições Municipais 2024";"06/10/2024";"M";"ES";"56057";"ALFREDO CHAVES";56057;"ALFREDO CHAVES";12;16;13;"Vereador";11100;"TAIS LIMA TEIXEIRA ULIANA";2;1082;80001982780;"PRÉDIO DA ANTIGA ESCOLA ALMERINDA BRUNORO";"R. PRINCIPAL, S/ N"
"28/10/2024";"11:46:22";2024;2;"Eleição Ordinária";1;619;"Eleições Municipais 2024";"06/10/2024";"M";"ES";"56057";"ALFREDO CHAVES";56057;"ALFREDO CHAVES";12;23;13;"Vereador";45100;"WELLINGTON MORAES DE AGUIAR";1;1139;80001982697;"EMEF SAGRADA FAMÍLIA";"R. PRINCIPAL, S/ N"
"28/10/2024";"11:46:22";2024;2;"Eleição Ordinária";1;619;"Eleições Municipais 2024";"06/10/2024";"M";"ES";"56057";"ALFREDO CHAVES";56057;"ALFREDO CHAVES";12;13;13;"Vereador";55222;"VALENTIN LUIZ MOROZINI";1;1058;80001947336;"EMEF ENGANO";"R. PRINCIPAL, S/N"
"28/10/2024";"11:46:22";2024;2;"Eleição Ordinária";1;619;"Eleições Municipais 2024";"06/10/2024";"M";"ES";"56057";"ALFREDO CHAVES";56057;"ALFREDO CHAVES";12;14;13;"Vereador";11100;"TAIS LIMA TEIXEIRA ULIANA";7;1066;80001982780;"SALÃO DA IGREJA CATÓLICA DE SÃO FRANCISCO DE BATATAL";"RUA PRINCIPAL, S/ N"
"28/10/2024";"11:46:22";2024;2;"Eleição Ordinária";1;619;"Eleições Municipais 2024";"06/10/2024";"M";"ES";"56057";"ALFREDO CHAVES";56057;"ALFREDO CHAVES";12;1;13;"Vereador";11100;"TAIS LIMA TEIXEIRA ULIANA";6;1015;80001982780;"EMEF ANA ARAÚJO";"R. EXPEDICIONARIO OSVALDO SAUDINO"
"28/10/2024";"11:46:22";2024;2;"Eleição Ordinária";1;619;"Eleições Municipais 2024";"06/10/2024";"M";"ES";"56057";"ALFREDO CHAVES";56057;"ALFREDO CHAVES";12;12;13;"Vereador";11100;"TAIS LIMA TEIXEIRA ULIANA";2;1058;80001982780;"EMEF ENGANO";"R. PRINCIPAL, S/N"
"28/10/2024";"11:46:22";2024;2;"Eleição Ordinária";1;619;"Eleições Municipais 2024";"06/10/2024";"M";"ES";"56057";"ALFREDO CHAVES";56057;"ALFREDO CHAVES";12;33;13;"Vereador";55152;"ARILDO ALVES";6;1171;80001947338;"EEEFM CAMILA MOTA";"R. NELSON DA COSTA MELLO, S/ N"
"28/10/2024";"11:46:22";2024;2;"Eleição Ordinária";1;619;"Eleições Municipais 2024";"06/10/2024";"M";"ES";"56057";"ALFREDO CHAVES";56057;"ALFREDO CHAVES";12;30;13;"Vereador";22200;"LUCAS ANTÔNIO MARCHESI";1;1171;80002230762;"EEEFM CAMILA MOTA";"R. NELSON DA COSTA MELLO, S/ N"
"28/10/2024";"11:46:22";2024;2;"Eleição Ordinária";1;619;"Eleições Municipais 2024";"06/10/2024";"M";"ES";"56057";"ALFREDO CHAVES";56057;"ALFREDO CHAVES";12;2;13;"Vereador";11100;"TAIS LIMA TEIXEIRA ULIANA";4;1015;80001982780;"EMEF ANA ARAÚJO";"R. EXPEDICIONARIO OSVALDO SAUDINO"
"28/10/2024";"11:46:22";2024;2;"Eleição Ordinária";1;619;"Eleições Municipais 2024";"06/10/2024";"M";"ES";"56057";"ALFREDO CHAVES";56057;"ALFREDO CHAVES";12;31;13;"Vereador";11100;"TAIS LIMA TEIXEIRA ULIANA";6;1171;80001982780;"EEEFM CAMILA MOTA";"R. NELSON DA COSTA MELLO, S/ N"
"28/10/2024";"11:46:22";2024;2;"Eleição Ordinária";1;619;"Eleições Municipais 2024";"06/10/2024";"M";"ES";"56057";"ALFREDO CHAVES";56057;"ALFREDO CHAVES";12;41;13;"Vereador";10400;"GABRIEL NICHETI";1;1236;80001966350;"SALÃO PAROQUIAL DA IGREJA DE NOSSA SENHORA DA CONCEIÇÃO";"AV. GETULIO VARGAS, 545"
"28/10/2024";"11:46:22";2024;2;"Eleição Ordinária";1;619;"Eleições Municipais 2024";"06/10/2024";"M";"ES";"56057";"ALFREDO CHAVES";56057;"ALFREDO CHAVES";12;27;13;"Vereador";55123;"WILIAN DE FREITAS DO ROSARIO";1;1171;80001947337;"EEEFM CAMILA MOTA";"R. NELSON DA COSTA MELLO, S/ N"
"28/10/2024";"11:46:22";2024;2;"Eleição Ordinária";1;619;"Eleições Municipais 2024";"06/10/2024";"M";"ES";"56057";"ALFREDO CHAVES";56057;"ALFREDO CHAVES";12;5;13;"Vereador";20222;"IZABEL APARECIDA MORESCHI";1;1015;80001947281;"EMEF ANA ARAÚJO";"R. EXPEDICIONARIO OSVALDO SAUDINO"
"28/10/2024";"11:46:22";2024;2;"Eleição Ordinária";1;619;"Eleições Municipais 2024";"06/10/2024";"M";"ES";"56057";"ALFREDO CHAVES";56057;"ALFREDO CHAVES";12;85;13;"Vereador";40111;"CHARLES GAIGHER";7;1244;80001947148;"CRECHE PEQUERRUCHOS";"RUA ANTÔNIO CLAUDIO GAIGHER, 19"
"28/10/2024";"11:46:22";2024;2;"Eleição Ordinária";1;619;"Eleições Municipais 2024";"06/10/2024";"M";"ES";"56057";"ALFREDO CHAVES";56057;"ALFREDO CHAVES";12;13;13;"Vereador";11111;"JONACIR JOSE DENADAI";3;1058;80001982774;"EMEF ENGANO";"R. PRINCIPAL, S/N"
"28/10/2024";"11:46:22";2024;2;"Eleição Ordinária";1;619;"Eleições Municipais 2024";"06/10/2024";"M";"ES";"56057";"ALFREDO CHAVES";56057;"ALFREDO CHAVES";12;5;13;"Vereador";55321;"VALDIRENE BRANDÃO ANDRADE SORIO";2;1015;80001947331;"EMEF ANA ARAÚJO";"R. EXPEDICIONARIO OSVALDO SAUDINO"
"28/10/2024";"11:46:22";2024;2;"Eleição Ordinária";1;619;"Eleições Municipais 2024";"06/10/2024";"M";"ES";"56057";"ALFREDO CHAVES";56057;"ALFREDO CHAVES";12;98;13;"Vereador";40456;"SERAFINO ANTONIO SIMONI";1;1090;80001947157;"EMEF FELIPE MODOLO";"R. PRINCIPAL, S/ N"
"28/10/2024";"11:46:22";2024;2;"Eleição Ordinária";1;619;"Eleições Municipais 2024";"06/10/2024";"M";"ES";"56057";"ALFREDO CHAVES";56057;"ALFREDO CHAVES";12;20;13;"Vereador";11100;"TAIS LIMA TEIXEIRA ULIANA";1;1112;80001982780;"SALÃO DA IGREJA CATÓLICA DE CACHOEIRA ALTA";"R. PRINCIPAL, S/ N"
"28/10/2024";"11:46:22";2024;2;"Eleição Ordinária";1;619;"Eleições Municipais 2024";"06/10/2024";"M";"ES";"56057";"ALFREDO CHAVES";56057;"ALFREDO CHAVES";12;21;13;"Vereador";55555;"ADILSON JOSE ROVETA";16;1120;80001947332;"EMUEF QUARTO TERRITÓRIO";"RUA PRINCIPAL, S/N"
"28/10/2024";"11:46:22";2024;2;"Eleição Ordinária";1;619;"Eleições Municipais 2024";"06/10/2024";"M";"ES";"56057";"ALFREDO CHAVES";56057;"ALFREDO CHAVES";12;2;13;"Vereador";45777;"GUILHERME CARLOS CETTO VITOR";2;1015;80001982699;"EMEF ANA ARAÚJO";"R. EXPEDICIONARIO OSVALDO SAUDINO"
"28/10/2024";"11:46:22";2024;2;"Eleição Ordinária";1;619;"Eleições Municipais 2024";"06/10/2024";"M";"ES";"56057";"ALFREDO CHAVES";56057;"ALFREDO CHAVES";12;31;13;"Vereador";45777;"GUILHERME CARLOS CETTO VITOR";1;1171;80001982699;"EEEFM CAMILA MOTA";"R. NELSON DA COSTA MELLO, S/ N"
"28/10/2024";"11:46:22";2024;2;"Eleição Ordinária";1;619;"Eleições Municipais 2024";"06/10/2024";"M";"ES";"56057";"ALFREDO CHAVES";56057;"ALFREDO CHAVES";12;38;13;"Vereador";55123;"WILIAN DE FREITAS DO ROSARIO";4;1244;80001947337;"CRECHE PEQUERRUCHOS";"RUA ANTÔNIO CLAUDIO GAIGHER, 19"
"28/10/2024";"11:46:22";2024;2;"Eleição Ordinária";1;619;"Eleições Municipais 2024";"06/10/2024";"M";"ES";"56057";"ALFREDO CHAVES";56057;"ALFREDO CHAVES";12;4;11;"Prefeito";22;"LUIZ CLAUDIO BOLDRINI";29;1015;80002271252;"EMEF ANA ARAÚJO";"R. EXPEDICIONARIO OSVALDO SAUDINO"
"28/10/2024";"11:46:22";2024;2;"Eleição Ordinária";1;619;"Eleições Municipais 2024";"06/10/2024";"M";"ES";"56057";"ALFREDO CHAVES";56057;"ALFREDO CHAVES";12;8;13;"Vereador";20200;"REGINA PAULA RAUTA MARIANI";1;1023;80001947284;"EEEFM CAMILA MOTA";"R. NELSON DA COSTA MELLO, S/ N"
"28/10/2024";"11:46:22";2024;2;"Eleição Ordinária";1;619;"Eleições Municipais 2024";"06/10/2024";"M";"ES";"56057";"ALFREDO CHAVES";56057;"ALFREDO CHAVES";12;18;13;"Vereador";10400;"GABRIEL NICHETI";1;1090;80001966350;"EMEF FELIPE MODOLO";"R. PRINCIPAL, S/ N"
"28/10/2024";"11:46:22";2024;2;"Eleição Ordinária";1;619;"Eleições Municipais 2024";"06/10/2024";"M";"ES";"56057";"ALFREDO CHAVES";56057;"ALFREDO CHAVES";12;9;13;"Vereador";40000;"NILTON CESAR BELMOK";2;1031;80001947152;"EMEF FAZENDA APARECIDA";"R. PRINCIPAL, S/ Nº"
"28/10/2024";"11:46:22";2024;2;"Eleição Ordinária";1;619;"Eleições Municipais 2024";"06/10/2024";"M";"ES";"56057";"ALFREDO CHAVES";56057;"ALFREDO CHAVES";12;39;13;"Vereador";20000;"IZABEL PARMAGNANI";12;1244;80001947279;"CRECHE PEQUERRUCHOS";"RUA ANTÔNIO CLAUDIO GAIGHER, 19"
"28/10/2024";"11:46:22";2024;2;"Eleição Ordinária";1;619;"Eleições Municipais 2024";"06/10/2024";"M";"ES";"56057";"ALFREDO CHAVES";56057;"ALFREDO CHAVES";12;28;13;"Vereador";40000;"NILTON CESAR BELMOK";2;1074;80001947152;"SALÃO DA IGREJA DE SÃO MARTINHO";"R. PRINCIPAL, S/ N"
"28/10/2024";"11:46:22";2024;2;"Eleição Ordinária";1;619;"Eleições Municipais 2024";"06/10/2024";"M";"ES";"56057";"ALFREDO CHAVES";56057;"ALFREDO CHAVES";12;85;13;"Vereador";40000;"NILTON CESAR BELMOK";8;1244;80001947152;"CRECHE PEQUERRUCHOS";"RUA ANTÔNIO CLAUDIO GAIGHER, 19"
"28/10/2024";"11:46:22";2024;2;"Eleição Ordinária";1;619;"Eleições Municipais 2024";"06/10/2024";"M";"ES";"56057";"ALFREDO CHAVES";56057;"ALFREDO CHAVES";12;38;13;"Vereador";10789;"LUIS ALBERTO BIANCHI";1;1244;80001966357;"CRECHE PEQUERRUCHOS";"RUA ANTÔNIO CLAUDIO GAIGHER, 19"
"28/10/2024";"11:46:22";2024;2;"Eleição Ordinária";1;619;"Eleições Municipais 2024";"06/10/2024";"M";"ES";"56057";"ALFREDO CHAVES";56057;"ALFREDO CHAVES";12;34;13;"Vereador";22000;"ANDRÉ ALMONFREY ORLANDI";2;1171;80002230761;"EEEFM CAMILA MOTA";"R. NELSON DA COSTA MELLO, S/ N"
"28/10/2024";"11:46:22";2024;2;"Eleição Ordinária";1;619;"Eleições Municipais 2024";"06/10/2024";"M";"ES";"56057";"ALFREDO CHAVES";56057;"ALFREDO CHAVES";12;19;13;"Vereador";22000;"ANDRÉ ALMONFREY ORLANDI";1;1104;80002230761;"SALÃO COMUNITÁRIO DE NOVA ESTRELA";"R. PRINCIPAL, S/ N"
"28/10/2024";"11:46:22";2024;2;"Eleição Ordinária";1;619;"Eleições Municipais 2024";"06/10/2024";"M";"ES";"56057";"ALFREDO CHAVES";56057;"ALFREDO CHAVES";12;34;13;"Vereador";11234;"MIGUEL ANTONIO MARTINS CLEN";1;1171;80001982777;"EEEFM CAMILA MOTA";"R. NELSON DA COSTA MELLO, S/ N"
"28/10/2024";"11:46:22";2024;2;"Eleição Ordinária";1;619;"Eleições Municipais 2024";"06/10/2024";"M";"ES";"56057";"ALFREDO CHAVES";56057;"ALFREDO CHAVES";12;8;13;"Vereador";11100;"TAIS LIMA TEIXEIRA ULIANA";1;1023;80001982780;"EEEFM CAMILA MOTA";"R. NELSON DA COSTA MELLO, S/ N"
"28/10/2024";"11:46:22";2024;2;"Eleição Ordinária";1;619;"Eleições Municipais 2024";"06/10/2024";"M";"ES";"56057";"ALFREDO CHAVES";56057;"ALFREDO CHAVES";12;3;13;"Vereador";40111;"CHARLES GAIGHER";13;1015;80001947148;"EMEF ANA ARAÚJO";"R. EXPEDICIONARIO OSVALDO SAUDINO"
"28/10/2024";"11:46:22";2024;2;"Eleição Ordinária";1;619;"Eleições Municipais 2024";"06/10/2024";"M";"ES";"56057";"ALFREDO CHAVES";56057;"ALFREDO CHAVES";12;39;13;"Vereador";20111;"RUBERCI FALCÃO";3;1244;80001947282;"CRECHE PEQUERRUCHOS";"RUA ANTÔNIO CLAUDIO GAIGHER, 19"
"28/10/2024";"11:46:22";2024;2;"Eleição Ordinária";1;619;"Eleições Municipais 2024";"06/10/2024";"M";"ES";"56057";"ALFREDO CHAVES";56057;"ALFREDO CHAVES";12;11;13;"Vereador";40111;"CHARLES GAIGHER";8;1040;80001947148;"EEEF DE CRUBIXÁ";"R. PRINCIPAL, S/ Nº"
"28/10/2024";"11:46:22";2024;2;"Eleição Ordinária";1;619;"Eleições Municipais 2024";"06/10/2024";"M";"ES";"56057";"ALFREDO CHAVES";56057;"ALFREDO CHAVES";12;17;13;"Vereador";20111;"RUBERCI FALCÃO";2;1090;80001947282;"EMEF FELIPE MODOLO";"R. PRINCIPAL, S/ N"
"28/10/2024";"11:46:22";2024;2;"Eleição Ordinária";1;619;"Eleições Municipais 2024";"06/10/2024";"M";"ES";"56057";"ALFREDO CHAVES";56057;"ALFREDO CHAVES";12;41;13;"Vereador";20111;"RUBERCI FALCÃO";1;1236;80001947282;"SALÃO PAROQUIAL DA IGREJA DE NOSSA SENHORA DA CONCEIÇÃO";"AV. GETULIO VARGAS, 545"
"28/10/2024";"11:46:22";2024;2;"Eleição Ordinária";1;619;"Eleições Municipais 2024";"06/10/2024";"M";"ES";"56057";"ALFREDO CHAVES";56057;"ALFREDO CHAVES";12;34;13;"Vereador";10111;"SILVANA RAMOS DA SILVA";6;1171;80001966353;"EEEFM CAMILA MOTA";"R. NELSON DA COSTA MELLO, S/ N"
"28/10/2024";"11:46:22";2024;2;"Eleição Ordinária";1;619;"Eleições Municipais 2024";"06/10/2024";"M";"ES";"56057";"ALFREDO CHAVES";56057;"ALFREDO CHAVES";12;18;13;"Vereador";20111;"RUBERCI FALCÃO";1;1090;80001947282;"EMEF FELIPE MODOLO";"R. PRINCIPAL, S/ N"
"28/10/2024";"11:46:22";2024;2;"Eleição Ordinária";1;619;"Eleições Municipais 2024";"06/10/2024";"M";"ES";"56057";"ALFREDO CHAVES";56057;"ALFREDO CHAVES";12;10;13;"Vereador";11222;"KATIUSCIA SARTORI SILVA COMINOTTI";2;1040;80001982782;"EEEF DE CRUBIXÁ";"R. PRINCIPAL, S/ Nº"
"28/10/2024";"11:46:22";2024;2;"Eleição Ordinária";1;619;"Eleições Municipais 2024";"06/10/2024";"M";"ES";"56057";"ALFREDO CHAVES";56057;"ALFREDO CHAVES";12;5;11;"Prefeito";22;"LUIZ CLAUDIO BOLDRINI";25;1015;80002271252;"EMEF ANA ARAÚJO";"R. EXPEDICIONARIO OSVALDO SAUDINO"
"28/10/2024";"11:46:22";2024;2;"Eleição Ordinária";1;619;"Eleições Municipais 2024";"06/10/2024";"M";"ES";"56057";"ALFREDO CHAVES";56057;"ALFREDO CHAVES";12;3;11;"Prefeito";22;"LUIZ CLAUDIO BOLDRINI";25;1015;80002271252;"EMEF ANA ARAÚJO";"R. EXPEDICIONARIO OSVALDO SAUDINO"
"28/10/2024";"11:46:22";2024;2;"Eleição Ordinária";1;619;"Eleições Municipais 2024";"06/10/2024";"M";"ES";"56057";"ALFREDO CHAVES";56057;"ALFREDO CHAVES";12;34;13;"Vereador";22122;"SILVIA FOLGER BERNABÉ";4;1171;80002230756;"EEEFM CAMILA MOTA";"R. NELSON DA COSTA MELLO, S/ N"
"28/10/2024";"11:46:22";2024;2;"Eleição Ordinária";1;619;"Eleições Municipais 2024";"06/10/2024";"M";"ES";"56057";"ALFREDO CHAVES";56057;"ALFREDO CHAVES";12;34;13;"Vereador";10101;"NAMARA NAZARIA DE PAULA PASSOS SILVA";2;1171;80001966359;"EEEFM CAMILA MOTA";"R. NELSON DA COSTA MELLO, S/ N"
"28/10/2024";"11:46:22";2024;2;"Eleição Ordinária";1;619;"Eleições Municipais 2024";"06/10/2024";"M";"ES";"56057";"ALFREDO CHAVES";56057;"ALFREDO CHAVES";12;23;13;"Vereador";45513;"DEVANITO GOMES TEIXEIRA";4;1139;80001982691;"EMEF SAGRADA FAMÍLIA";"R. PRINCIPAL, S/ N"
"28/10/2024";"11:46:22";2024;2;"Eleição Ordinária";1;619;"Eleições Municipais 2024";"06/10/2024";"M";"ES";"56057";"ALFREDO CHAVES";56057;"ALFREDO CHAVES";12;22;13;"Vereador";20222;"IZABEL APARECIDA MORESCHI";5;1139;80001947281;"EMEF SAGRADA FAMÍLIA";"R. PRINCIPAL, S/ N"
"28/10/2024";"11:46:22";2024;2;"Eleição Ordinária";1;619;"Eleições Municipais 2024";"06/10/2024";"M";"ES";"56057";"ALFREDO CHAVES";56057;"ALFREDO CHAVES";12;35;13;"Vereador";20555;"VERA LUCIA BONA";3;1171;80001947283;"EEEFM CAMILA MOTA";"R. NELSON DA COSTA MELLO, S/ N"
"28/10/2024";"11:46:22";2024;2;"Eleição Ordinária";1;619;"Eleições Municipais 2024";"06/10/2024";"M";"ES";"56057";"ALFREDO CHAVES";56057;"ALFREDO CHAVES";12;3;13;"Vereador";22500;"LAUDEMIR CARLOS PEREIRA";2;1015;80002230758;"EMEF ANA ARAÚJO";"R. EXPEDICIONARIO OSVALDO SAUDINO"
"28/10/2024";"11:46:22";2024;2;"Eleição Ordinária";1;619;"Eleições Municipais 2024";"06/10/2024";"M";"ES";"56057";"ALFREDO CHAVES";56057;"ALFREDO CHAVES";12;23;13;"Vereador";40555;"DANIEL ORLANDI";7;1139;80001947149;"EMEF SAGRADA FAMÍLIA";"R. PRINCIPAL, S/ N"
"28/10/2024";"11:46:22";2024;2;"Eleição Ordinária";1;619;"Eleições Municipais 2024";"06/10/2024";"M";"ES";"56057";"ALFREDO CHAVES";56057;"ALFREDO CHAVES";12;39;13;"Vereador";10789;"LUIS ALBERTO BIANCHI";2;1244;80001966357;"CRECHE PEQUERRUCHOS";"RUA ANTÔNIO CLAUDIO GAIGHER, 19"
"28/10/2024";"11:46:22";2024;2;"Eleição Ordinária";1;619;"Eleições Municipais 2024";"06/10/2024";"M";"ES";"56057";"ALFREDO CHAVES";56057;"ALFREDO CHAVES";12;34;13;"Vereador";22022;"SAMUEL ARDIZZON BELMOK";7;1171;80002230759;"EEEFM CAMILA MOTA";"R. NELSON DA COSTA MELLO, S/ N"
"28/10/2024";"11:46:22";2024;2;"Eleição Ordinária";1;619;"Eleições Municipais 2024";"06/10/2024";"M";"ES";"56057";"ALFREDO CHAVES";56057;"ALFREDO CHAVES";12;19;13;"Vereador";22022;"SAMUEL ARDIZZON BELMOK";27;1104;80002230759;"SALÃO COMUNITÁRIO DE NOVA ESTRELA";"R. PRINCIPAL, S/ N"
"28/10/2024";"11:46:22";2024;2;"Eleição Ordinária";1;619;"Eleições Municipais 2024";"06/10/2024";"M";"ES";"56057";"ALFREDO CHAVES";56057;"ALFREDO CHAVES";12;2;13;"Vereador";22222;"LUCIANO DE JESUS SILVA";10;1015;80002230760;"EMEF ANA ARAÚJO";"R. EXPEDICIONARIO OSVALDO SAUDINO"
"28/10/2024";"11:46:22";2024;2;"Eleição Ordinária";1;619;"Eleições Municipais 2024";"06/10/2024";"M";"ES";"56057";"ALFREDO CHAVES";56057;"ALFREDO CHAVES";12;34;13;"Vereador";55333;"BERENICE DA PENHA GALVAO PEREIRA";2;1171;80001947339;"EEEFM CAMILA MOTA";"R. NELSON DA COSTA MELLO, S/ N"
"28/10/2024";"11:46:22";2024;2;"Eleição Ordinária";1;619;"Eleições Municipais 2024";"06/10/2024";"M";"ES";"56057";"ALFREDO CHAVES";56057;"ALFREDO CHAVES";12;19;13;"Vereador";55333;"BERENICE DA PENHA GALVAO PEREIRA";14;1104;80001947339;"SALÃO COMUNITÁRIO DE NOVA ESTRELA";"R. PRINCIPAL, S/ N"
"28/10/2024";"11:46:22";2024;2;"Eleição Ordinária";1;619;"Eleições Municipais 2024";"06/10/2024";"M";"ES";"56057";"ALFREDO CHAVES";56057;"ALFREDO CHAVES";12;9;13;"Vereador";20222;"IZABEL APARECIDA MORESCHI";1;1031;80001947281;"EMEF FAZENDA APARECIDA";"R. PRINCIPAL, S/ Nº"
"28/10/2024";"11:46:22";2024;2;"Eleição Ordinária";1;619;"Eleições Municipais 2024";"06/10/2024";"M";"ES";"56057";"ALFREDO CHAVES";56057;"ALFREDO CHAVES";12;25;13;"Vereador";20190;"MARCELO CRISTIANO CARDOSO FARIA";2;1155;80001947286;"EMEF FELIPE MODOLO";"R. PRINCIPAL, S/ N"
"28/10/2024";"11:46:22";2024;2;"Eleição Ordinária";1;619;"Eleições Municipais 2024";"06/10/2024";"M";"ES";"56057";"ALFREDO CHAVES";56057;"ALFREDO CHAVES";12;7;11;"Prefeito";96;"VOTO NULO";2;1171;-1;"EEEFM CAMILA MOTA";"R. NELSON DA COSTA MELLO, S/ N"
"28/10/2024";"11:46:22";2024;2;"Eleição Ordinária";1;619;"Eleições Municipais 2024";"06/10/2024";"M";"ES";"56057";"ALFREDO CHAVES";56057;"ALFREDO CHAVES";12;27;13;"Vereador";20777;"RENAUT AMERICO PIO";4;1171;80001947280;"EEEFM CAMILA MOTA";"R. NELSON DA COSTA MELLO, S/ N"
"28/10/2024";"11:46:22";2024;2;"Eleição Ordinária";1;619;"Eleições Municipais 2024";"06/10/2024";"M";"ES";"56057";"ALFREDO CHAVES";56057;"ALFREDO CHAVES";12;27;13;"Vereador";10321;"DIVAL LUIZ PAGANINI";2;1171;80001966354;"EEEFM CAMILA MOTA";"R. NELSON DA COSTA MELLO, S/ N"
"28/10/2024";"11:46:22";2024;2;"Eleição Ordinária";1;619;"Eleições Municipais 2024";"06/10/2024";"M";"ES";"56057";"ALFREDO CHAVES";56057;"ALFREDO CHAVES";12;23;13;"Vereador";20000;"IZABEL PARMAGNANI";6;1139;80001947279;"EMEF SAGRADA FAMÍLIA";"R. PRINCIPAL, S/ N"
"28/10/2024";"11:46:22";2024;2;"Eleição Ordinária";1;619;"Eleições Municipais 2024";"06/10/2024";"M";"ES";"56057";"ALFREDO CHAVES";56057;"ALFREDO CHAVES";12;35;13;"Vereador";96;"VOTO NULO";3;1171;-1;"EEEFM CAMILA MOTA";"R. NELSON DA COSTA MELLO, S/ N"
"28/10/2024";"11:46:22";2024;2;"Eleição Ordinária";1;619;"Eleições Municipais 2024";"06/10/2024";"M";"ES";"56057";"ALFREDO CHAVES";56057;"ALFREDO CHAVES";12;27;13;"Vereador";22222;"LUCIANO DE JESUS SILVA";7;1171;80002230760;"EEEFM CAMILA MOTA";"R. NELSON DA COSTA MELLO, S/ N"
"28/10/2024";"11:46:22";2024;2;"Eleição Ordinária";1;619;"Eleições Municipais 2024";"06/10/2024";"M";"ES";"56057";"ALFREDO CHAVES";56057;"ALFREDO CHAVES";12;3;13;"Vereador";55000;"JONAS NUNES SIMÕES";6;1015;80001947340;"EMEF ANA ARAÚJO";"R. EXPEDICIONARIO OSVALDO SAUDINO"
"28/10/2024";"11:46:22";2024;2;"Eleição Ordinária";1;619;"Eleições Municipais 2024";"06/10/2024";"M";"ES";"56057";"ALFREDO CHAVES";56057;"ALFREDO CHAVES";12;3;13;"Vereador";10101;"NAMARA NAZARIA DE PAULA PASSOS SILVA";2;1015;80001966359;"EMEF ANA ARAÚJO";"R. EXPEDICIONARIO OSVALDO SAUDINO"
"28/10/2024";"11:46:22";2024;2;"Eleição Ordinária";1;619;"Eleições Municipais 2024";"06/10/2024";"M";"ES";"56057";"ALFREDO CHAVES";56057;"ALFREDO CHAVES";12;39;13;"Vereador";11123;"RENAN DE JESUS BOLDRINI";4;1244;80001982781;"CRECHE PEQUERRUCHOS";"RUA ANTÔNIO CLAUDIO GAIGHER, 19"
"28/10/2024";"11:46:22";2024;2;"Eleição Ordinária";1;619;"Eleições Municipais 2024";"06/10/2024";"M";"ES";"56057";"ALFREDO CHAVES";56057;"ALFREDO CHAVES";12;38;13;"Vereador";22122;"SILVIA FOLGER BERNABÉ";3;1244;80002230756;"CRECHE PEQUERRUCHOS";"RUA ANTÔNIO CLAUDIO GAIGHER, 19"
"28/10/2024";"11:46:22";2024;2;"Eleição Ordinária";1;619;"Eleições Municipais 2024";"06/10/2024";"M";"ES";"56057";"ALFREDO CHAVES";56057;"ALFREDO CHAVES";12;9;13;"Vereador";11100;"TAIS LIMA TEIXEIRA ULIANA";1;1031;80001982780;"EMEF FAZENDA APARECIDA";"R. PRINCIPAL, S/ Nº"
"28/10/2024";"11:46:22";2024;2;"Eleição Ordinária";1;619;"Eleições Municipais 2024";"06/10/2024";"M";"ES";"56057";"ALFREDO CHAVES";56057;"ALFREDO CHAVES";12;25;13;"Vereador";55444;"ODAIR AUGUSTO BASSO";2;1155;80001947333;"EMEF FELIPE MODOLO";"R. PRINCIPAL, S/ N"
"28/10/2024";"11:46:22";2024;2;"Eleição Ordinária";1;619;"Eleições Municipais 2024";"06/10/2024";"M";"ES";"56057";"ALFREDO CHAVES";56057;"ALFREDO CHAVES";12;28;13;"Vereador";55444;"ODAIR AUGUSTO BASSO";1;1074;80001947333;"SALÃO DA IGREJA DE SÃO MARTINHO";"R. PRINCIPAL, S/ N"
"28/10/2024";"11:46:22";2024;2;"Eleição Ordinária";1;619;"Eleições Municipais 2024";"06/10/2024";"M";"ES";"56057";"ALFREDO CHAVES";56057;"ALFREDO CHAVES";12;85;13;"Vereador";55444;"ODAIR AUGUSTO BASSO";10;1244;80001947333;"CRECHE PEQUERRUCHOS";"RUA ANTÔNIO CLAUDIO GAIGHER, 19"
"28/10/2024";"11:46:22";2024;2;"Eleição Ordinária";1;619;"Eleições Municipais 2024";"06/10/2024";"M";"ES";"56057";"ALFREDO CHAVES";56057;"ALFREDO CHAVES";12;38;13;"Vereador";40444;"ALAESSO LORENZON";2;1244;80001947150;"CRECHE PEQUERRUCHOS";"RUA ANTÔNIO CLAUDIO GAIGHER, 19"
"28/10/2024";"11:46:22";2024;2;"Eleição Ordinária";1;619;"Eleições Municipais 2024";"06/10/2024";"M";"ES";"56057";"ALFREDO CHAVES";56057;"ALFREDO CHAVES";12;8;13;"Vereador";10321;"DIVAL LUIZ PAGANINI";2;1023;80001966354;"EEEFM CAMILA MOTA";"R. NELSON DA COSTA MELLO, S/ N"
"28/10/2024";"11:46:22";2024;2;"Eleição Ordinária";1;619;"Eleições Municipais 2024";"06/10/2024";"M";"ES";"56057";"ALFREDO CHAVES";56057;"ALFREDO CHAVES";12;6;13;"Vereador";45513;"DEVANITO GOMES TEIXEIRA";3;1023;80001982691;"EEEFM CAMILA MOTA";"R. NELSON DA COSTA MELLO, S/ N"
"28/10/2024";"11:46:22";2024;2;"Eleição Ordinária";1;619;"Eleições Municipais 2024";"06/10/2024";"M";"ES";"56057";"ALFREDO CHAVES";56057;"ALFREDO CHAVES";12;26;13;"Vereador";11123;"RENAN DE JESUS BOLDRINI";17;1163;80001982781;"EEUEF VILA NOVA DE MARAVILHA";"R. PRINCIPAL, S/ Nº"
"28/10/2024";"11:46:22";2024;2;"Eleição Ordinária";1;619;"Eleições Municipais 2024";"06/10/2024";"M";"ES";"56057";"ALFREDO CHAVES";56057;"ALFREDO CHAVES";12;28;13;"Vereador";55;"Partido Social Democrático";1;1074;-3;"SALÃO DA IGREJA DE SÃO MARTINHO";"R. PRINCIPAL, S/ N"
"28/10/2024";"11:46:22";2024;2;"Eleição Ordinária";1;619;"Eleições Municipais 2024";"06/10/2024";"M";"ES";"56057";"ALFREDO CHAVES";56057;"ALFREDO CHAVES";12;15;13;"Vereador";11;"PROGRESSISTAS";3;1074;-3;"SALÃO DA IGREJA DE SÃO MARTINHO";"R. PRINCIPAL, S/ N"
"28/10/2024";"11:46:22";2024;2;"Eleição Ordinária";1;619;"Eleições Municipais 2024";"06/10/2024";"M";"ES";"56057";"ALFREDO CHAVES";56057;"ALFREDO CHAVES";12;15;13;"Vereador";40;"Partido Socialista Brasileiro";1;1074;-3;"SALÃO DA IGREJA DE SÃO MARTINHO";"R. PRINCIPAL, S/ N"
"28/10/2024";"11:46:22";2024;2;"Eleição Ordinária";1;619;"Eleições Municipais 2024";"06/10/2024";"M";"ES";"56057";"ALFREDO CHAVES";56057;"ALFREDO CHAVES";12;15;13;"Vereador";45;"Partido da Social Democracia Brasileira";1;1074;-3;"SALÃO DA IGREJA DE SÃO MARTINHO";"R. PRINCIPAL, S/ N"
"28/10/2024";"11:46:22";2024;2;"Eleição Ordinária";1;619;"Eleições Municipais 2024";"06/10/2024";"M";"ES";"56057";"ALFREDO CHAVES";56057;"ALFREDO CHAVES";12;25;13;"Vereador";11;"PROGRESSISTAS";1;1155;-3;"EMEF FELIPE MODOLO";"R. PRINCIPAL, S/ N"
"28/10/2024";"11:46:22";2024;2;"Eleição Ordinária";1;619;"Eleições Municipais 2024";"06/10/2024";"M";"ES";"56057";"ALFREDO CHAVES";56057;"ALFREDO CHAVES";12;25;13;"Vereador";20;"Podemos";1;1155;-3;"EMEF FELIPE MODOLO";"R. PRINCIPAL, S/ N"
"28/10/2024";"11:46:22";2024;2;"Eleição Ordinária";1;619;"Eleições Municipais 2024";"06/10/2024";"M";"ES";"56057";"ALFREDO CHAVES";56057;"ALFREDO CHAVES";12;25;13;"Vereador";22;"Partido Liberal";2;1155;-3;"EMEF FELIPE MODOLO";"R. PRINCIPAL, S/ N"
"28/10/2024";"11:46:22";2024;2;"Eleição Ordinária";1;619;"Eleições Municipais 2024";"06/10/2024";"M";"ES";"56057";"ALFREDO CHAVES";56057;"ALFREDO CHAVES";12;25;13;"Vereador";40;"Partido Socialista Brasileiro";6;1155;-3;"EMEF FELIPE MODOLO";"R. PRINCIPAL, S/ N"
"28/10/2024";"11:46:22";2024;2;"Eleição Ordinária";1;619;"Eleições Municipais 2024";"06/10/2024";"M";"ES";"56057";"ALFREDO CHAVES";56057;"ALFREDO CHAVES";12;25;13;"Vereador";55;"Partido Social Democrático";1;1155;-3;"EMEF FELIPE MODOLO";"R. PRINCIPAL, S/ N"
"28/10/2024";"11:46:22";2024;2;"Eleição Ordinária";1;619;"Eleições Municipais 2024";"06/10/2024";"M";"ES";"56057";"ALFREDO CHAVES";56057;"ALFREDO CHAVES";12;40;13;"Vereador";11;"PROGRESSISTAS";3;1236;-3;"SALÃO PAROQUIAL DA IGREJA DE NOSSA SENHORA DA CONCEIÇÃO";"AV. GETULIO VARGAS, 545"
"28/10/2024";"11:46:22";2024;2;"Eleição Ordinária";1;619;"Eleições Municipais 2024";"06/10/2024";"M";"ES";"56057";"ALFREDO CHAVES";56057;"ALFREDO CHAVES";12;40;13;"Vereador";40;"Partido Socialista Brasileiro";1;1236;-3;"SALÃO PAROQUIAL DA IGREJA DE NOSSA SENHORA DA CONCEIÇÃO";"AV. GETULIO VARGAS, 545"
"28/10/2024";"11:46:22";2024;2;"Eleição Ordinária";1;619;"Eleições Municipais 2024";"06/10/2024";"M";"ES";"56057";"ALFREDO CHAVES";56057;"ALFREDO CHAVES";12;20;13;"Vereador";11;"PROGRESSISTAS";1;1112;-3;"SALÃO DA IGREJA CATÓLICA DE CACHOEIRA ALTA";"R. PRINCIPAL, S/ N"
"28/10/2024";"11:46:22";2024;2;"Eleição Ordinária";1;619;"Eleições Municipais 2024";"06/10/2024";"M";"ES";"56057";"ALFREDO CHAVES";56057;"ALFREDO CHAVES";12;20;13;"Vereador";40;"Partido Socialista Brasileiro";2;1112;-3;"SALÃO DA IGREJA CATÓLICA DE CACHOEIRA ALTA";"R. PRINCIPAL, S/ N"
"28/10/2024";"11:46:22";2024;2;"Eleição Ordinária";1;619;"Eleições Municipais 2024";"06/10/2024";"M";"ES";"56057";"ALFREDO CHAVES";56057;"ALFREDO CHAVES";12;20;13;"Vereador";55;"Partido Social Democrático";3;1112;-3;"SALÃO DA IGREJA CATÓLICA DE CACHOEIRA ALTA";"R. PRINCIPAL, S/ N"
"28/10/2024";"11:46:22";2024;2;"Eleição Ordinária";1;619;"Eleições Municipais 2024";"06/10/2024";"M";"ES";"56057";"ALFREDO CHAVES";56057;"ALFREDO CHAVES";12;22;13;"Vereador";11;"PROGRESSISTAS";2;1139;-3;"EMEF SAGRADA FAMÍLIA";"R. PRINCIPAL, S/ N"
"28/10/2024";"11:46:22";2024;2;"Eleição Ordinária";1;619;"Eleições Municipais 2024";"06/10/2024";"M";"ES";"56057";"ALFREDO CHAVES";56057;"ALFREDO CHAVES";12;22;13;"Vereador";20;"Podemos";1;1139;-3;"EMEF SAGRADA FAMÍLIA";"R. PRINCIPAL, S/ N"
"28/10/2024";"11:46:22";2024;2;"Eleição Ordinária";1;619;"Eleições Municipais 2024";"06/10/2024";"M";"ES";"56057";"ALFREDO CHAVES";56057;"ALFREDO CHAVES";12;22;13;"Vereador";40;"Partido Socialista Brasileiro";4;1139;-3;"EMEF SAGRADA FAMÍLIA";"R. PRINCIPAL, S/ N"
"28/10/2024";"11:46:22";2024;2;"Eleição Ordinária";1;619;"Eleições Municipais 2024";"06/10/2024";"M";"ES";"56057";"ALFREDO CHAVES";56057;"ALFREDO CHAVES";12;22;13;"Vereador";45;"Partido da Social Democracia Brasileira";1;1139;-3;"EMEF SAGRADA FAMÍLIA";"R. PRINCIPAL, S/ N"
"28/10/2024";"11:46:22";2024;2;"Eleição Ordinária";1;619;"Eleições Municipais 2024";"06/10/2024";"M";"ES";"56057";"ALFREDO CHAVES";56057;"ALFREDO CHAVES";12;22;13;"Vereador";55;"Partido Social Democrático";2;1139;-3;"EMEF SAGRADA FAMÍLIA";"R. PRINCIPAL, S/ N"
"28/10/2024";"11:46:22";2024;2;"Eleição Ordinária";1;619;"Eleições Municipais 2024";"06/10/2024";"M";"ES";"56057";"ALFREDO CHAVES";56057;"ALFREDO CHAVES";12;96;13;"Vereador";11;"PROGRESSISTAS";1;1147;-3;"SALÃO COMUNITÁRIO DE SÃO BENTO DE URÂNIA";"R. PRINCIPAL, S/ N"
"28/10/2024";"11:46:22";2024;2;"Eleição Ordinária";1;619;"Eleições Municipais 2024";"06/10/2024";"M";"ES";"56057";"ALFREDO CHAVES";56057;"ALFREDO CHAVES";12;38;13;"Vereador";11;"PROGRESSISTAS";1;1244;-3;"CRECHE PEQUERRUCHOS";"RUA ANTÔNIO CLAUDIO GAIGHER, 19"
"28/10/2024";"11:46:22";2024;2;"Eleição Ordinária";1;619;"Eleições Municipais 2024";"06/10/2024";"M";"ES";"56057";"ALFREDO CHAVES";56057;"ALFREDO CHAVES";12;38;13;"Vereador";40;"Partido Socialista Brasileiro";1;1244;-3;"CRECHE PEQUERRUCHOS";"RUA ANTÔNIO CLAUDIO GAIGHER, 19"
"28/10/2024";"11:46:22";2024;2;"Eleição Ordinária";1;619;"Eleições Municipais 2024";"06/10/2024";"M";"ES";"56057";"ALFREDO CHAVES";56057;"ALFREDO CHAVES";12;85;13;"Vereador";55;"Partido Social Democrático";1;1244;-3;"CRECHE PEQUERRUCHOS";"RUA ANTÔNIO CLAUDIO GAIGHER, 19"
"28/10/2024";"11:46:22";2024;2;"Eleição Ordinária";1;619;"Eleições Municipais 2024";"06/10/2024";"M";"ES";"56057";"ALFREDO CHAVES";56057;"ALFREDO CHAVES";12;6;13;"Vereador";11;"PROGRESSISTAS";1;1023;-3;"EEEFM CAMILA MOTA";"R. NELSON DA COSTA MELLO, S/ N"
"28/10/2024";"11:46:22";2024;2;"Eleição Ordinária";1;619;"Eleições Municipais 2024";"06/10/2024";"M";"ES";"56057";"ALFREDO CHAVES";56057;"ALFREDO CHAVES";12;6;13;"Vereador";40;"Partido Socialista Brasileiro";2;1023;-3;"EEEFM CAMILA MOTA";"R. NELSON DA COSTA MELLO, S/ N"
"28/10/2024";"11:46:22";2024;2;"Eleição Ordinária";1;619;"Eleições Municipais 2024";"06/10/2024";"M";"ES";"56057";"ALFREDO CHAVES";56057;"ALFREDO CHAVES";12;6;13;"Vereador";55;"Partido Social Democrático";2;1023;-3;"EEEFM CAMILA MOTA";"R. NELSON DA COSTA MELLO, S/ N"
"28/10/2024";"11:46:22";2024;2;"Eleição Ordinária";1;619;"Eleições Municipais 2024";"06/10/2024";"M";"ES";"56057";"ALFREDO CHAVES";56057;"ALFREDO CHAVES";12;8;13;"Vereador";10;"REPUBLICANOS";1;1023;-3;"EEEFM CAMILA MOTA";"R. NELSON DA COSTA MELLO, S/ N"
"28/10/2024";"11:46:22";2024;2;"Eleição Ordinária";1;619;"Eleições Municipais 2024";"06/10/2024";"M";"ES";"56057";"ALFREDO CHAVES";56057;"ALFREDO CHAVES";12;8;13;"Vereador";11;"PROGRESSISTAS";1;1023;-3;"EEEFM CAMILA MOTA";"R. NELSON DA COSTA MELLO, S/ N"
"28/10/2024";"11:46:22";2024;2;"Eleição Ordinária";1;619;"Eleições Municipais 2024";"06/10/2024";"M";"ES";"56057";"ALFREDO CHAVES";56057;"ALFREDO CHAVES";12;8;13;"Vereador";45;"Partido da Social Democracia Brasileira";1;1023;-3;"EEEFM CAMILA MOTA";"R. NELSON DA COSTA MELLO, S/ N"
"28/10/2024";"11:46:22";2024;2;"Eleição Ordinária";1;619;"Eleições Municipais 2024";"06/10/2024";"M";"ES";"56057";"ALFREDO CHAVES";56057;"ALFREDO CHAVES";12;10;13;"Vereador";10;"REPUBLICANOS";1;1040;-3;"EEEF DE CRUBIXÁ";"R. PRINCIPAL, S/ Nº"
"28/10/2024";"11:46:22";2024;2;"Eleição Ordinária";1;619;"Eleições Municipais 2024";"06/10/2024";"M";"ES";"56057";"ALFREDO CHAVES";56057;"ALFREDO CHAVES";12;10;13;"Vereador";11;"PROGRESSISTAS";1;1040;-3;"EEEF DE CRUBIXÁ";"R. PRINCIPAL, S/ Nº"
"28/10/2024";"11:46:22";2024;2;"Eleição Ordinária";1;619;"Eleições Municipais 2024";"06/10/2024";"M";"ES";"56057";"ALFREDO CHAVES";56057;"ALFREDO CHAVES";12;10;13;"Vereador";40;"Partido Socialista Brasileiro";1;1040;-3;"EEEF DE CRUBIXÁ";"R. PRINCIPAL, S/ Nº"
"28/10/2024";"11:46:22";2024;2;"Eleição Ordinária";1;619;"Eleições Municipais 2024";"06/10/2024";"M";"ES";"56057";"ALFREDO CHAVES";56057;"ALFREDO CHAVES";12;10;13;"Vereador";55;"Partido Social Democrático";3;1040;-3;"EEEF DE CRUBIXÁ";"R. PRINCIPAL, S/ Nº"
"28/10/2024";"11:46:22";2024;2;"Eleição Ordinária";1;619;"Eleições Municipais 2024";"06/10/2024";"M";"ES";"56057";"ALFREDO CHAVES";56057;"ALFREDO CHAVES";12;11;13;"Vereador";11;"PROGRESSISTAS";1;1040;-3;"EEEF DE CRUBIXÁ";"R. PRINCIPAL, S/ Nº"
"28/10/2024";"11:46:22";2024;2;"Eleição Ordinária";1;619;"Eleições Municipais 2024";"06/10/2024";"M";"ES";"56057";"ALFREDO CHAVES";56057;"ALFREDO CHAVES";12;11;13;"Vereador";22;"Partido Liberal";1;1040;-3;"EEEF DE CRUBIXÁ";"R. PRINCIPAL, S/ Nº"
"28/10/2024";"11:46:22";2024;2;"Eleição Ordinária";1;619;"Eleições Municipais 2024";"06/10/2024";"M";"ES";"56057";"ALFREDO CHAVES";56057;"ALFREDO CHAVES";12;11;13;"Vereador";40;"Partido Socialista Brasileiro";1;1040;-3;"EEEF DE CRUBIXÁ";"R. PRINCIPAL, S/ Nº"
"28/10/2024";"11:46:22";2024;2;"Eleição Ordinária";1;619;"Eleições Municipais 2024";"06/10/2024";"M";"ES";"56057";"ALFREDO CHAVES";56057;"ALFREDO CHAVES";12;11;13;"Vereador";55;"Partido Social Democrático";1;1040;-3;"EEEF DE CRUBIXÁ";"R. PRINCIPAL, S/ Nº"
"28/10/2024";"11:46:22";2024;2;"Eleição Ordinária";1;619;"Eleições Municipais 2024";"06/10/2024";"M";"ES";"56057";"ALFREDO CHAVES";56057;"ALFREDO CHAVES";12;37;13;"Vereador";40;"Partido Socialista Brasileiro";3;1228;-3;"CRECHE COMECINHO DE GENTE";"AV. DARCY DE PAULA GAIGHER, S/N"
"28/10/2024";"11:46:22";2024;2;"Eleição Ordinária";1;619;"Eleições Municipais 2024";"06/10/2024";"M";"ES";"56057";"ALFREDO CHAVES";56057;"ALFREDO CHAVES";12;2;13;"Vereador";55555;"ADILSON JOSE ROVETA";3;1015;80001947332;"EMEF ANA ARAÚJO";"R. EXPEDICIONARIO OSVALDO SAUDINO"
"28/10/2024";"11:46:22";2024;2;"Eleição Ordinária";1;619;"Eleições Municipais 2024";"06/10/2024";"M";"ES";"56057";"ALFREDO CHAVES";56057;"ALFREDO CHAVES";12;31;13;"Vereador";55555;"ADILSON JOSE ROVETA";2;1171;80001947332;"EEEFM CAMILA MOTA";"R. NELSON DA COSTA MELLO, S/ N"
"28/10/2024";"11:46:22";2024;2;"Eleição Ordinária";1;619;"Eleições Municipais 2024";"06/10/2024";"M";"ES";"56057";"ALFREDO CHAVES";56057;"ALFREDO CHAVES";12;26;13;"Vereador";11111;"JONACIR JOSE DENADAI";1;1163;80001982774;"EEUEF VILA NOVA DE MARAVILHA";"R. PRINCIPAL, S/ Nº"
"28/10/2024";"11:46:22";2024;2;"Eleição Ordinária";1;619;"Eleições Municipais 2024";"06/10/2024";"M";"ES";"56057";"ALFREDO CHAVES";56057;"ALFREDO CHAVES";12;2;13;"Vereador";45789;"SOLANGE BRAGANCA TORRENTE";1;1015;80001982696;"EMEF ANA ARAÚJO";"R. EXPEDICIONARIO OSVALDO SAUDINO"
"28/10/2024";"11:46:22";2024;2;"Eleição Ordinária";1;619;"Eleições Municipais 2024";"06/10/2024";"M";"ES";"56057";"ALFREDO CHAVES";56057;"ALFREDO CHAVES";12;13;13;"Vereador";20555;"VERA LUCIA BONA";1;1058;80001947283;"EMEF ENGANO";"R. PRINCIPAL, S/N"
"28/10/2024";"11:46:22";2024;2;"Eleição Ordinária";1;619;"Eleições Municipais 2024";"06/10/2024";"M";"ES";"56057";"ALFREDO CHAVES";56057;"ALFREDO CHAVES";12;16;13;"Vereador";20111;"RUBERCI FALCÃO";1;1082;80001947282;"PRÉDIO DA ANTIGA ESCOLA ALMERINDA BRUNORO";"R. PRINCIPAL, S/ N"
"28/10/2024";"11:46:22";2024;2;"Eleição Ordinária";1;619;"Eleições Municipais 2024";"06/10/2024";"M";"ES";"56057";"ALFREDO CHAVES";56057;"ALFREDO CHAVES";12;39;13;"Vereador";10000;"JANDIR GRATIERI";1;1244;80001966356;"CRECHE PEQUERRUCHOS";"RUA ANTÔNIO CLAUDIO GAIGHER, 19"
"28/10/2024";"11:46:22";2024;2;"Eleição Ordinária";1;619;"Eleições Municipais 2024";"06/10/2024";"M";"ES";"56057";"ALFREDO CHAVES";56057;"ALFREDO CHAVES";12;23;11;"Prefeito";96;"VOTO NULO";1;1139;-1;"EMEF SAGRADA FAMÍLIA";"R. PRINCIPAL, S/ N"
"28/10/2024";"11:46:22";2024;2;"Eleição Ordinária";1;619;"Eleições Municipais 2024";"06/10/2024";"M";"ES";"56057";"ALFREDO CHAVES";56057;"ALFREDO CHAVES";12;25;13;"Vereador";55000;"JONAS NUNES SIMÕES";1;1155;80001947340;"EMEF FELIPE MODOLO";"R. PRINCIPAL, S/ N"
"28/10/2024";"11:46:22";2024;2;"Eleição Ordinária";1;619;"Eleições Municipais 2024";"06/10/2024";"M";"ES";"56057";"ALFREDO CHAVES";56057;"ALFREDO CHAVES";12;5;13;"Vereador";11234;"MIGUEL ANTONIO MARTINS CLEN";2;1015;80001982777;"EMEF ANA ARAÚJO";"R. EXPEDICIONARIO OSVALDO SAUDINO"
"28/10/2024";"11:46:22";2024;2;"Eleição Ordinária";1;619;"Eleições Municipais 2024";"06/10/2024";"M";"ES";"56057";"ALFREDO CHAVES";56057;"ALFREDO CHAVES";12;21;13;"Vereador";10190;"ROMILDO DOMINGOS BORTOLUZZI";2;1120;80001966352;"EMUEF QUARTO TERRITÓRIO";"RUA PRINCIPAL, S/N"
"28/10/2024";"11:46:22";2024;2;"Eleição Ordinária";1;619;"Eleições Municipais 2024";"06/10/2024";"M";"ES";"56057";"ALFREDO CHAVES";56057;"ALFREDO CHAVES";12;16;13;"Vereador";45888;"ANGELO GABRIEL FAVATO";1;1082;80001982690;"PRÉDIO DA ANTIGA ESCOLA ALMERINDA BRUNORO";"R. PRINCIPAL, S/ N"
"28/10/2024";"11:46:22";2024;2;"Eleição Ordinária";1;619;"Eleições Municipais 2024";"06/10/2024";"M";"ES";"56057";"ALFREDO CHAVES";56057;"ALFREDO CHAVES";12;5;13;"Vereador";22333;"MARIA DO CARMO LORENZINI DESTEFANI";2;1015;80002230755;"EMEF ANA ARAÚJO";"R. EXPEDICIONARIO OSVALDO SAUDINO"
"28/10/2024";"11:46:22";2024;2;"Eleição Ordinária";1;619;"Eleições Municipais 2024";"06/10/2024";"M";"ES";"56057";"ALFREDO CHAVES";56057;"ALFREDO CHAVES";12;11;13;"Vereador";22000;"ANDRÉ ALMONFREY ORLANDI";6;1040;80002230761;"EEEF DE CRUBIXÁ";"R. PRINCIPAL, S/ Nº"
"28/10/2024";"11:46:22";2024;2;"Eleição Ordinária";1;619;"Eleições Municipais 2024";"06/10/2024";"M";"ES";"56057";"ALFREDO CHAVES";56057;"ALFREDO CHAVES";12;7;11;"Prefeito";40;"ROLMAR BOTECCHIA";81;1171;80001947211;"EEEFM CAMILA MOTA";"R. NELSON DA COSTA MELLO, S/ N"
"28/10/2024";"11:46:22";2024;2;"Eleição Ordinária";1;619;"Eleições Municipais 2024";"06/10/2024";"M";"ES";"56057";"ALFREDO CHAVES";56057;"ALFREDO CHAVES";12;39;13;"Vereador";55555;"ADILSON JOSE ROVETA";5;1244;80001947332;"CRECHE PEQUERRUCHOS";"RUA ANTÔNIO CLAUDIO GAIGHER, 19"
"28/10/2024";"11:46:22";2024;2;"Eleição Ordinária";1;619;"Eleições Municipais 2024";"06/10/2024";"M";"ES";"56057";"ALFREDO CHAVES";56057;"ALFREDO CHAVES";12;18;13;"Vereador";40369;"MARIA AUGUSTA BUFFOLO";30;1090;80001947154;"EMEF FELIPE MODOLO";"R. PRINCIPAL, S/ N"
"28/10/2024";"11:46:22";2024;2;"Eleição Ordinária";1;619;"Eleições Municipais 2024";"06/10/2024";"M";"ES";"56057";"ALFREDO CHAVES";56057;"ALFREDO CHAVES";12;18;11;"Prefeito";22;"LUIZ CLAUDIO BOLDRINI";26;1090;80002271252;"EMEF FELIPE MODOLO";"R. PRINCIPAL, S/ N"
"28/10/2024";"11:46:22";2024;2;"Eleição Ordinária";1;619;"Eleições Municipais 2024";"06/10/2024";"M";"ES";"56057";"ALFREDO CHAVES";56057;"ALFREDO CHAVES";12;7;13;"Vereador";20222;"IZABEL APARECIDA MORESCHI";2;1171;80001947281;"EEEFM CAMILA MOTA";"R. NELSON DA COSTA MELLO, S/ N"
"28/10/2024";"11:46:22";2024;2;"Eleição Ordinária";1;619;"Eleições Municipais 2024";"06/10/2024";"M";"ES";"56057";"ALFREDO CHAVES";56057;"ALFREDO CHAVES";12;33;13;"Vereador";11234;"MIGUEL ANTONIO MARTINS CLEN";5;1171;80001982777;"EEEFM CAMILA MOTA";"R. NELSON DA COSTA MELLO, S/ N"
"28/10/2024";"11:46:22";2024;2;"Eleição Ordinária";1;619;"Eleições Municipais 2024";"06/10/2024";"M";"ES";"56057";"ALFREDO CHAVES";56057;"ALFREDO CHAVES";12;17;13;"Vereador";55555;"ADILSON JOSE ROVETA";4;1090;80001947332;"EMEF FELIPE MODOLO";"R. PRINCIPAL, S/ N"
"28/10/2024";"11:46:22";2024;2;"Eleição Ordinária";1;619;"Eleições Municipais 2024";"06/10/2024";"M";"ES";"56057";"ALFREDO CHAVES";56057;"ALFREDO CHAVES";12;7;13;"Vereador";22040;"EDEVANILDE GORETI BREDA ALMEIDA";1;1171;80002230757;"EEEFM CAMILA MOTA";"R. NELSON DA COSTA MELLO, S/ N"
"28/10/2024";"11:46:22";2024;2;"Eleição Ordinária";1;619;"Eleições Municipais 2024";"06/10/2024";"M";"ES";"56057";"ALFREDO CHAVES";56057;"ALFREDO CHAVES";12;35;13;"Vereador";55152;"ARILDO ALVES";1;1171;80001947338;"EEEFM CAMILA MOTA";"R. NELSON DA COSTA MELLO, S/ N"
"28/10/2024";"11:46:22";2024;2;"Eleição Ordinária";1;619;"Eleições Municipais 2024";"06/10/2024";"M";"ES";"56057";"ALFREDO CHAVES";56057;"ALFREDO CHAVES";12;29;13;"Vereador";11111;"JONACIR JOSE DENADAI";70;1147;80001982774;"SALÃO COMUNITÁRIO DE SÃO BENTO DE URÂNIA";"R. PRINCIPAL, S/ N"
"28/10/2024";"11:46:22";2024;2;"Eleição Ordinária";1;619;"Eleições Municipais 2024";"06/10/2024";"M";"ES";"56057";"ALFREDO CHAVES";56057;"ALFREDO CHAVES";12;38;13;"Vereador";55333;"BERENICE DA PENHA GALVAO PEREIRA";6;1244;80001947339;"CRECHE PEQUERRUCHOS";"RUA ANTÔNIO CLAUDIO GAIGHER, 19"
"28/10/2024";"11:46:22";2024;2;"Eleição Ordinária";1;619;"Eleições Municipais 2024";"06/10/2024";"M";"ES";"56057";"ALFREDO CHAVES";56057;"ALFREDO CHAVES";12;35;13;"Vereador";55456;"JOAO ENDRINGER JUNIOR";3;1171;80001947335;"EEEFM CAMILA MOTA";"R. NELSON DA COSTA MELLO, S/ N"
"28/10/2024";"11:46:22";2024;2;"Eleição Ordinária";1;619;"Eleições Municipais 2024";"06/10/2024";"M";"ES";"56057";"ALFREDO CHAVES";56057;"ALFREDO CHAVES";12;33;13;"Vereador";55333;"BERENICE DA PENHA GALVAO PEREIRA";2;1171;80001947339;"EEEFM CAMILA MOTA";"R. NELSON DA COSTA MELLO, S/ N"
"28/10/2024";"11:46:22";2024;2;"Eleição Ordinária";1;619;"Eleições Municipais 2024";"06/10/2024";"M";"ES";"56057";"ALFREDO CHAVES";56057;"ALFREDO CHAVES";12;21;11;"Prefeito";40;"ROLMAR BOTECCHIA";100;1120;80001947211;"EMUEF QUARTO TERRITÓRIO";"RUA PRINCIPAL, S/N"
"28/10/2024";"11:46:22";2024;2;"Eleição Ordinária";1;619;"Eleições Municipais 2024";"06/10/2024";"M";"ES";"56057";"ALFREDO CHAVES";56057;"ALFREDO CHAVES";12;23;13;"Vereador";22123;"CRISTIANO GRILLO";1;1139;80002230753;"EMEF SAGRADA FAMÍLIA";"R. PRINCIPAL, S/ N"
"28/10/2024";"11:46:22";2024;2;"Eleição Ordinária";1;619;"Eleições Municipais 2024";"06/10/2024";"M";"ES";"56057";"ALFREDO CHAVES";56057;"ALFREDO CHAVES";12;96;13;"Vereador";10000;"JANDIR GRATIERI";5;1147;80001966356;"SALÃO COMUNITÁRIO DE SÃO BENTO DE URÂNIA";"R. PRINCIPAL, S/ N"
"28/10/2024";"11:46:22";2024;2;"Eleição Ordinária";1;619;"Eleições Municipais 2024";"06/10/2024";"M";"ES";"56057";"ALFREDO CHAVES";56057;"ALFREDO CHAVES";12;23;13;"Vereador";22000;"ANDRÉ ALMONFREY ORLANDI";3;1139;80002230761;"EMEF SAGRADA FAMÍLIA";"R. PRINCIPAL, S/ N"
"28/10/2024";"11:46:22";2024;2;"Eleição Ordinária";1;619;"Eleições Municipais 2024";"06/10/2024";"M";"ES";"56057";"ALFREDO CHAVES";56057;"ALFREDO CHAVES";12;28;13;"Vereador";45456;"MARCOS ANTONIO SOARES DOS SANTOS";2;1074;80001982692;"SALÃO DA IGREJA DE SÃO MARTINHO";"R. PRINCIPAL, S/ N"
"28/10/2024";"11:46:22";2024;2;"Eleição Ordinária";1;619;"Eleições Municipais 2024";"06/10/2024";"M";"ES";"56057";"ALFREDO CHAVES";56057;"ALFREDO CHAVES";12;85;13;"Vereador";45456;"MARCOS ANTONIO SOARES DOS SANTOS";1;1244;80001982692;"CRECHE PEQUERRUCHOS";"RUA ANTÔNIO CLAUDIO GAIGHER, 19"
"28/10/2024";"11:46:22";2024;2;"Eleição Ordinária";1;619;"Eleições Municipais 2024";"06/10/2024";"M";"ES";"56057";"ALFREDO CHAVES";56057;"ALFREDO CHAVES";12;1;13;"Vereador";55333;"BERENICE DA PENHA GALVAO PEREIRA";2;1015;80001947339;"EMEF ANA ARAÚJO";"R. EXPEDICIONARIO OSVALDO SAUDINO"
"28/10/2024";"11:46:22";2024;2;"Eleição Ordinária";1;619;"Eleições Municipais 2024";"06/10/2024";"M";"ES";"56057";"ALFREDO CHAVES";56057;"ALFREDO CHAVES";12;12;13;"Vereador";55333;"BERENICE DA PENHA GALVAO PEREIRA";2;1058;80001947339;"EMEF ENGANO";"R. PRINCIPAL, S/N"
"28/10/2024";"11:46:22";2024;2;"Eleição Ordinária";1;619;"Eleições Municipais 2024";"06/10/2024";"M";"ES";"56057";"ALFREDO CHAVES";56057;"ALFREDO CHAVES";12;1;13;"Vereador";40444;"ALAESSO LORENZON";1;1015;80001947150;"EMEF ANA ARAÚJO";"R. EXPEDICIONARIO OSVALDO SAUDINO"
"28/10/2024";"11:46:22";2024;2;"Eleição Ordinária";1;619;"Eleições Municipais 2024";"06/10/2024";"M";"ES";"56057";"ALFREDO CHAVES";56057;"ALFREDO CHAVES";12;26;11;"Prefeito";11;"HUGO LUIZ PICOLI MENEGHEL";110;1163;80002104371;"EEUEF VILA NOVA DE MARAVILHA";"R. PRINCIPAL, S/ Nº"
"28/10/2024";"11:46:22";2024;2;"Eleição Ordinária";1;619;"Eleições Municipais 2024";"06/10/2024";"M";"ES";"56057";"ALFREDO CHAVES";56057;"ALFREDO CHAVES";12;3;13;"Vereador";45513;"DEVANITO GOMES TEIXEIRA";2;1015;80001982691;"EMEF ANA ARAÚJO";"R. EXPEDICIONARIO OSVALDO SAUDINO"
"28/10/2024";"11:46:22";2024;2;"Eleição Ordinária";1;619;"Eleições Municipais 2024";"06/10/2024";"M";"ES";"56057";"ALFREDO CHAVES";56057;"ALFREDO CHAVES";12;20;11;"Prefeito";40;"ROLMAR BOTECCHIA";104;1112;80001947211;"SALÃO DA IGREJA CATÓLICA DE CACHOEIRA ALTA";"R. PRINCIPAL, S/ N"
"28/10/2024";"11:46:22";2024;2;"Eleição Ordinária";1;619;"Eleições Municipais 2024";"06/10/2024";"M";"ES";"56057";"ALFREDO CHAVES";56057;"ALFREDO CHAVES";12;28;13;"Vereador";40123;"CELIA MARIA STEIN BUBACH";3;1074;80001947153;"SALÃO DA IGREJA DE SÃO MARTINHO";"R. PRINCIPAL, S/ N"
"28/10/2024";"11:46:22";2024;2;"Eleição Ordinária";1;619;"Eleições Municipais 2024";"06/10/2024";"M";"ES";"56057";"ALFREDO CHAVES";56057;"ALFREDO CHAVES";12;8;13;"Vereador";10190;"ROMILDO DOMINGOS BORTOLUZZI";4;1023;80001966352;"EEEFM CAMILA MOTA";"R. NELSON DA COSTA MELLO, S/ N"
"28/10/2024";"11:46:22";2024;2;"Eleição Ordinária";1;619;"Eleições Municipais 2024";"06/10/2024";"M";"ES";"56057";"ALFREDO CHAVES";56057;"ALFREDO CHAVES";12;41;13;"Vereador";11234;"MIGUEL ANTONIO MARTINS CLEN";4;1236;80001982777;"SALÃO PAROQUIAL DA IGREJA DE NOSSA SENHORA DA CONCEIÇÃO";"AV. GETULIO VARGAS, 545"
"28/10/2024";"11:46:22";2024;2;"Eleição Ordinária";1;619;"Eleições Municipais 2024";"06/10/2024";"M";"ES";"56057";"ALFREDO CHAVES";56057;"ALFREDO CHAVES";12;16;13;"Vereador";40222;"LUCIANO BELLON";3;1082;80001947156;"PRÉDIO DA ANTIGA ESCOLA ALMERINDA BRUNORO";"R. PRINCIPAL, S/ N"
"28/10/2024";"11:46:22";2024;2;"Eleição Ordinária";1;619;"Eleições Municipais 2024";"06/10/2024";"M";"ES";"56057";"ALFREDO CHAVES";56057;"ALFREDO CHAVES";12;10;13;"Vereador";22122;"SILVIA FOLGER BERNABÉ";2;1040;80002230756;"EEEF DE CRUBIXÁ";"R. PRINCIPAL, S/ Nº"
"28/10/2024";"11:46:22";2024;2;"Eleição Ordinária";1;619;"Eleições Municipais 2024";"06/10/2024";"M";"ES";"56057";"ALFREDO CHAVES";56057;"ALFREDO CHAVES";12;14;13;"Vereador";40123;"CELIA MARIA STEIN BUBACH";4;1066;80001947153;"SALÃO DA IGREJA CATÓLICA DE SÃO FRANCISCO DE BATATAL";"RUA PRINCIPAL, S/ N"
"28/10/2024";"11:46:22";2024;2;"Eleição Ordinária";1;619;"Eleições Municipais 2024";"06/10/2024";"M";"ES";"56057";"ALFREDO CHAVES";56057;"ALFREDO CHAVES";12;35;13;"Vereador";40369;"MARIA AUGUSTA BUFFOLO";6;1171;80001947154;"EEEFM CAMILA MOTA";"R. NELSON DA COSTA MELLO, S/ N"
"28/10/2024";"11:46:22";2024;2;"Eleição Ordinária";1;619;"Eleições Municipais 2024";"06/10/2024";"M";"ES";"56057";"ALFREDO CHAVES";56057;"ALFREDO CHAVES";12;37;13;"Vereador";55123;"WILIAN DE FREITAS DO ROSARIO";1;1228;80001947337;"CRECHE COMECINHO DE GENTE";"AV. DARCY DE PAULA GAIGHER, S/N"
"28/10/2024";"11:46:22";2024;2;"Eleição Ordinária";1;619;"Eleições Municipais 2024";"06/10/2024";"M";"ES";"56057";"ALFREDO CHAVES";56057;"ALFREDO CHAVES";12;34;13;"Vereador";11222;"KATIUSCIA SARTORI SILVA COMINOTTI";3;1171;80001982782;"EEEFM CAMILA MOTA";"R. NELSON DA COSTA MELLO, S/ N"
"28/10/2024";"11:46:22";2024;2;"Eleição Ordinária";1;619;"Eleições Municipais 2024";"06/10/2024";"M";"ES";"56057";"ALFREDO CHAVES";56057;"ALFREDO CHAVES";12;5;13;"Vereador";45123;"RAYANE TOMAZINI BRESSANELLI";6;1015;80001982695;"EMEF ANA ARAÚJO";"R. EXPEDICIONARIO OSVALDO SAUDINO"
"28/10/2024";"11:46:22";2024;2;"Eleição Ordinária";1;619;"Eleições Municipais 2024";"06/10/2024";"M";"ES";"56057";"ALFREDO CHAVES";56057;"ALFREDO CHAVES";12;28;13;"Vereador";11000;"FRANCISCO DE ASSIS JOSE DOS SANTOS";5;1074;80001982776;"SALÃO DA IGREJA DE SÃO MARTINHO";"R. PRINCIPAL, S/ N"
"28/10/2024";"11:46:22";2024;2;"Eleição Ordinária";1;619;"Eleições Municipais 2024";"06/10/2024";"M";"ES";"56057";"ALFREDO CHAVES";56057;"ALFREDO CHAVES";12;27;13;"Vereador";20222;"IZABEL APARECIDA MORESCHI";4;1171;80001947281;"EEEFM CAMILA MOTA";"R. NELSON DA COSTA MELLO, S/ N"
"28/10/2024";"11:46:22";2024;2;"Eleição Ordinária";1;619;"Eleições Municipais 2024";"06/10/2024";"M";"ES";"56057";"ALFREDO CHAVES";56057;"ALFREDO CHAVES";12;18;13;"Vereador";40321;"GILSON LUIZ BELLON";13;1090;80001947151;"EMEF FELIPE MODOLO";"R. PRINCIPAL, S/ N"
"28/10/2024";"11:46:22";2024;2;"Eleição Ordinária";1;619;"Eleições Municipais 2024";"06/10/2024";"M";"ES";"56057";"ALFREDO CHAVES";56057;"ALFREDO CHAVES";12;14;13;"Vereador";55444;"ODAIR AUGUSTO BASSO";1;1066;80001947333;"SALÃO DA IGREJA CATÓLICA DE SÃO FRANCISCO DE BATATAL";"RUA PRINCIPAL, S/ N"
"28/10/2024";"11:46:22";2024;2;"Eleição Ordinária";1;619;"Eleições Municipais 2024";"06/10/2024";"M";"ES";"56057";"ALFREDO CHAVES";56057;"ALFREDO CHAVES";12;1;13;"Vereador";55444;"ODAIR AUGUSTO BASSO";6;1015;80001947333;"EMEF ANA ARAÚJO";"R. EXPEDICIONARIO OSVALDO SAUDINO"
"28/10/2024";"11:46:22";2024;2;"Eleição Ordinária";1;619;"Eleições Municipais 2024";"06/10/2024";"M";"ES";"56057";"ALFREDO CHAVES";56057;"ALFREDO CHAVES";12;12;13;"Vereador";55444;"ODAIR AUGUSTO BASSO";59;1058;80001947333;"EMEF ENGANO";"R. PRINCIPAL, S/N"
"28/10/2024";"11:46:22";2024;2;"Eleição Ordinária";1;619;"Eleições Municipais 2024";"06/10/2024";"M";"ES";"56057";"ALFREDO CHAVES";56057;"ALFREDO CHAVES";12;24;13;"Vereador";10000;"JANDIR GRATIERI";61;1147;80001966356;"SALÃO COMUNITÁRIO DE SÃO BENTO DE URÂNIA";"R. PRINCIPAL, S/ N"
"28/10/2024";"11:46:22";2024;2;"Eleição Ordinária";1;619;"Eleições Municipais 2024";"06/10/2024";"M";"ES";"56057";"ALFREDO CHAVES";56057;"ALFREDO CHAVES";12;23;13;"Vereador";20555;"VERA LUCIA BONA";1;1139;80001947283;"EMEF SAGRADA FAMÍLIA";"R. PRINCIPAL, S/ N"
"28/10/2024";"11:46:22";2024;2;"Eleição Ordinária";1;619;"Eleições Municipais 2024";"06/10/2024";"M";"ES";"56057";"ALFREDO CHAVES";56057;"ALFREDO CHAVES";12;3;13;"Vereador";11000;"FRANCISCO DE ASSIS JOSE DOS SANTOS";16;1015;80001982776;"EMEF ANA ARAÚJO";"R. EXPEDICIONARIO OSVALDO SAUDINO"
"28/10/2024";"11:46:22";2024;2;"Eleição Ordinária";1;619;"Eleições Municipais 2024";"06/10/2024";"M";"ES";"56057";"ALFREDO CHAVES";56057;"ALFREDO CHAVES";12;35;13;"Vereador";45123;"RAYANE TOMAZINI BRESSANELLI";3;1171;80001982695;"EEEFM CAMILA MOTA";"R. NELSON DA COSTA MELLO, S/ N"
"28/10/2024";"11:46:22";2024;2;"Eleição Ordinária";1;619;"Eleições Municipais 2024";"06/10/2024";"M";"ES";"56057";"ALFREDO CHAVES";56057;"ALFREDO CHAVES";12;7;13;"Vereador";11100;"TAIS LIMA TEIXEIRA ULIANA";6;1171;80001982780;"EEEFM CAMILA MOTA";"R. NELSON DA COSTA MELLO, S/ N"
"28/10/2024";"11:46:22";2024;2;"Eleição Ordinária";1;619;"Eleições Municipais 2024";"06/10/2024";"M";"ES";"56057";"ALFREDO CHAVES";56057;"ALFREDO CHAVES";12;10;13;"Vereador";11000;"FRANCISCO DE ASSIS JOSE DOS SANTOS";9;1040;80001982776;"EEEF DE CRUBIXÁ";"R. PRINCIPAL, S/ Nº"
"28/10/2024";"11:46:22";2024;2;"Eleição Ordinária";1;619;"Eleições Municipais 2024";"06/10/2024";"M";"ES";"56057";"ALFREDO CHAVES";56057;"ALFREDO CHAVES";12;3;13;"Vereador";45777;"GUILHERME CARLOS CETTO VITOR";2;1015;80001982699;"EMEF ANA ARAÚJO";"R. EXPEDICIONARIO OSVALDO SAUDINO"
"28/10/2024";"11:46:22";2024;2;"Eleição Ordinária";1;619;"Eleições Municipais 2024";"06/10/2024";"M";"ES";"56057";"ALFREDO CHAVES";56057;"ALFREDO CHAVES";12;1;13;"Vereador";45000;"WARLEI FERRARINI PESSALI";3;1015;80001982698;"EMEF ANA ARAÚJO";"R. EXPEDICIONARIO OSVALDO SAUDINO"
"28/10/2024";"11:46:22";2024;2;"Eleição Ordinária";1;619;"Eleições Municipais 2024";"06/10/2024";"M";"ES";"56057";"ALFREDO CHAVES";56057;"ALFREDO CHAVES";12;40;13;"Vereador";11222;"KATIUSCIA SARTORI SILVA COMINOTTI";2;1236;80001982782;"SALÃO PAROQUIAL DA IGREJA DE NOSSA SENHORA DA CONCEIÇÃO";"AV. GETULIO VARGAS, 545"
"28/10/2024";"11:46:22";2024;2;"Eleição Ordinária";1;619;"Eleições Municipais 2024";"06/10/2024";"M";"ES";"56057";"ALFREDO CHAVES";56057;"ALFREDO CHAVES";12;13;13;"Vereador";45666;"SERGIO BIANCHI";1;1058;80001982693;"EMEF ENGANO";"R. PRINCIPAL, S/N"
"28/10/2024";"11:46:22";2024;2;"Eleição Ordinária";1;619;"Eleições Municipais 2024";"06/10/2024";"M";"ES";"56057";"ALFREDO CHAVES";56057;"ALFREDO CHAVES";12;2;13;"Vereador";11000;"FRANCISCO DE ASSIS JOSE DOS SANTOS";15;1015;80001982776;"EMEF ANA ARAÚJO";"R. EXPEDICIONARIO OSVALDO SAUDINO"
"28/10/2024";"11:46:22";2024;2;"Eleição Ordinária";1;619;"Eleições Municipais 2024";"06/10/2024";"M";"ES";"56057";"ALFREDO CHAVES";56057;"ALFREDO CHAVES";12;31;13;"Vereador";11000;"FRANCISCO DE ASSIS JOSE DOS SANTOS";18;1171;80001982776;"EEEFM CAMILA MOTA";"R. NELSON DA COSTA MELLO, S/ N"
"28/10/2024";"11:46:22";2024;2;"Eleição Ordinária";1;619;"Eleições Municipais 2024";"06/10/2024";"M";"ES";"56057";"ALFREDO CHAVES";56057;"ALFREDO CHAVES";12;18;11;"Prefeito";11;"HUGO LUIZ PICOLI MENEGHEL";160;1090;80002104371;"EMEF FELIPE MODOLO";"R. PRINCIPAL, S/ N"
"28/10/2024";"11:46:22";2024;2;"Eleição Ordinária";1;619;"Eleições Municipais 2024";"06/10/2024";"M";"ES";"56057";"ALFREDO CHAVES";56057;"ALFREDO CHAVES";12;3;13;"Vereador";22040;"EDEVANILDE GORETI BREDA ALMEIDA";1;1015;80002230757;"EMEF ANA ARAÚJO";"R. EXPEDICIONARIO OSVALDO SAUDINO"
"28/10/2024";"11:46:22";2024;2;"Eleição Ordinária";1;619;"Eleições Municipais 2024";"06/10/2024";"M";"ES";"56057";"ALFREDO CHAVES";56057;"ALFREDO CHAVES";12;30;11;"Prefeito";40;"ROLMAR BOTECCHIA";93;1171;80001947211;"EEEFM CAMILA MOTA";"R. NELSON DA COSTA MELLO, S/ N"
"28/10/2024";"11:46:22";2024;2;"Eleição Ordinária";1;619;"Eleições Municipais 2024";"06/10/2024";"M";"ES";"56057";"ALFREDO CHAVES";56057;"ALFREDO CHAVES";12;24;13;"Vereador";40444;"ALAESSO LORENZON";71;1147;80001947150;"SALÃO COMUNITÁRIO DE SÃO BENTO DE URÂNIA";"R. PRINCIPAL, S/ N"
"28/10/2024";"11:46:22";2024;2;"Eleição Ordinária";1;619;"Eleições Municipais 2024";"06/10/2024";"M";"ES";"56057";"ALFREDO CHAVES";56057;"ALFREDO CHAVES";12;20;13;"Vereador";11222;"KATIUSCIA SARTORI SILVA COMINOTTI";1;1112;80001982782;"SALÃO DA IGREJA CATÓLICA DE CACHOEIRA ALTA";"R. PRINCIPAL, S/ N"
"28/10/2024";"11:46:22";2024;2;"Eleição Ordinária";1;619;"Eleições Municipais 2024";"06/10/2024";"M";"ES";"56057";"ALFREDO CHAVES";56057;"ALFREDO CHAVES";12;33;13;"Vereador";10222;"JOSIMAR PIUMBINI";14;1171;80001966355;"EEEFM CAMILA MOTA";"R. NELSON DA COSTA MELLO, S/ N"
"28/10/2024";"11:46:22";2024;2;"Eleição Ordinária";1;619;"Eleições Municipais 2024";"06/10/2024";"M";"ES";"56057";"ALFREDO CHAVES";56057;"ALFREDO CHAVES";12;3;13;"Vereador";20111;"RUBERCI FALCÃO";2;1015;80001947282;"EMEF ANA ARAÚJO";"R. EXPEDICIONARIO OSVALDO SAUDINO"
"28/10/2024";"11:46:22";2024;2;"Eleição Ordinária";1;619;"Eleições Municipais 2024";"06/10/2024";"M";"ES";"56057";"ALFREDO CHAVES";56057;"ALFREDO CHAVES";12;40;13;"Vereador";40369;"MARIA AUGUSTA BUFFOLO";1;1236;80001947154;"SALÃO PAROQUIAL DA IGREJA DE NOSSA SENHORA DA CONCEIÇÃO";"AV. GETULIO VARGAS, 545"
"28/10/2024";"11:46:22";2024;2;"Eleição Ordinária";1;619;"Eleições Municipais 2024";"06/10/2024";"M";"ES";"56057";"ALFREDO CHAVES";56057;"ALFREDO CHAVES";12;15;13;"Vereador";40369;"MARIA AUGUSTA BUFFOLO";13;1074;80001947154;"SALÃO DA IGREJA DE SÃO MARTINHO";"R. PRINCIPAL, S/ N"
"28/10/2024";"11:46:22";2024;2;"Eleição Ordinária";1;619;"Eleições Municipais 2024";"06/10/2024";"M";"ES";"56057";"ALFREDO CHAVES";56057;"ALFREDO CHAVES";12;4;13;"Vereador";22222;"LUCIANO DE JESUS SILVA";6;1015;80002230760;"EMEF ANA ARAÚJO";"R. EXPEDICIONARIO OSVALDO SAUDINO"
"28/10/2024";"11:46:22";2024;2;"Eleição Ordinária";1;619;"Eleições Municipais 2024";"06/10/2024";"M";"ES";"56057";"ALFREDO CHAVES";56057;"ALFREDO CHAVES";12;98;13;"Vereador";40369;"MARIA AUGUSTA BUFFOLO";11;1090;80001947154;"EMEF FELIPE MODOLO";"R. PRINCIPAL, S/ N"
"28/10/2024";"11:46:22";2024;2;"Eleição Ordinária";1;619;"Eleições Municipais 2024";"06/10/2024";"M";"ES";"56057";"ALFREDO CHAVES";56057;"ALFREDO CHAVES";12;23;13;"Vereador";40456;"SERAFINO ANTONIO SIMONI";4;1139;80001947157;"EMEF SAGRADA FAMÍLIA";"R. PRINCIPAL, S/ N"
"28/10/2024";"11:46:22";2024;2;"Eleição Ordinária";1;619;"Eleições Municipais 2024";"06/10/2024";"M";"ES";"56057";"ALFREDO CHAVES";56057;"ALFREDO CHAVES";12;98;13;"Vereador";55444;"ODAIR AUGUSTO BASSO";1;1090;80001947333;"EMEF FELIPE MODOLO";"R. PRINCIPAL, S/ N"
"28/10/2024";"11:46:22";2024;2;"Eleição Ordinária";1;619;"Eleições Municipais 2024";"06/10/2024";"M";"ES";"56057";"ALFREDO CHAVES";56057;"ALFREDO CHAVES";12;21;13;"Vereador";55456;"JOAO ENDRINGER JUNIOR";1;1120;80001947335;"EMUEF QUARTO TERRITÓRIO";"RUA PRINCIPAL, S/N"
"28/10/2024";"11:46:22";2024;2;"Eleição Ordinária";1;619;"Eleições Municipais 2024";"06/10/2024";"M";"ES";"56057";"ALFREDO CHAVES";56057;"ALFREDO CHAVES";12;33;13;"Vereador";10101;"NAMARA NAZARIA DE PAULA PASSOS SILVA";1;1171;80001966359;"EEEFM CAMILA MOTA";"R. NELSON DA COSTA MELLO, S/ N"
"28/10/2024";"11:46:22";2024;2;"Eleição Ordinária";1;619;"Eleições Municipais 2024";"06/10/2024";"M";"ES";"56057";"ALFREDO CHAVES";56057;"ALFREDO CHAVES";12;40;13;"Vereador";20200;"REGINA PAULA RAUTA MARIANI";2;1236;80001947284;"SALÃO PAROQUIAL DA IGREJA DE NOSSA SENHORA DA CONCEIÇÃO";"AV. GETULIO VARGAS, 545"
"28/10/2024";"11:46:22";2024;2;"Eleição Ordinária";1;619;"Eleições Municipais 2024";"06/10/2024";"M";"ES";"56057";"ALFREDO CHAVES";56057;"ALFREDO CHAVES";12;40;13;"Vereador";11111;"JONACIR JOSE DENADAI";2;1236;80001982774;"SALÃO PAROQUIAL DA IGREJA DE NOSSA SENHORA DA CONCEIÇÃO";"AV. GETULIO VARGAS, 545"
"28/10/2024";"11:46:22";2024;2;"Eleição Ordinária";1;619;"Eleições Municipais 2024";"06/10/2024";"M";"ES";"56057";"ALFREDO CHAVES";56057;"ALFREDO CHAVES";12;33;13;"Vereador";45777;"GUILHERME CARLOS CETTO VITOR";3;1171;80001982699;"EEEFM CAMILA MOTA";"R. NELSON DA COSTA MELLO, S/ N"
"28/10/2024";"11:46:22";2024;2;"Eleição Ordinária";1;619;"Eleições Municipais 2024";"06/10/2024";"M";"ES";"56057";"ALFREDO CHAVES";56057;"ALFREDO CHAVES";12;2;13;"Vereador";40999;"EMILIA DAS GRAÇAS ALVES PADILHA DOMINGUES";1;1015;80001947155;"EMEF ANA ARAÚJO";"R. EXPEDICIONARIO OSVALDO SAUDINO"
"28/10/2024";"11:46:22";2024;2;"Eleição Ordinária";1;619;"Eleições Municipais 2024";"06/10/2024";"M";"ES";"56057";"ALFREDO CHAVES";56057;"ALFREDO CHAVES";12;31;13;"Vereador";40999;"EMILIA DAS GRAÇAS ALVES PADILHA DOMINGUES";3;1171;80001947155;"EEEFM CAMILA MOTA";"R. NELSON DA COSTA MELLO, S/ N"
"28/10/2024";"11:46:22";2024;2;"Eleição Ordinária";1;619;"Eleições Municipais 2024";"06/10/2024";"M";"ES";"56057";"ALFREDO CHAVES";56057;"ALFREDO CHAVES";12;4;13;"Vereador";20555;"VERA LUCIA BONA";5;1015;80001947283;"EMEF ANA ARAÚJO";"R. EXPEDICIONARIO OSVALDO SAUDINO"
"28/10/2024";"11:46:22";2024;2;"Eleição Ordinária";1;619;"Eleições Municipais 2024";"06/10/2024";"M";"ES";"56057";"ALFREDO CHAVES";56057;"ALFREDO CHAVES";12;2;13;"Vereador";20555;"VERA LUCIA BONA";4;1015;80001947283;"EMEF ANA ARAÚJO";"R. EXPEDICIONARIO OSVALDO SAUDINO"
"28/10/2024";"11:46:22";2024;2;"Eleição Ordinária";1;619;"Eleições Municipais 2024";"06/10/2024";"M";"ES";"56057";"ALFREDO CHAVES";56057;"ALFREDO CHAVES";12;31;13;"Vereador";20555;"VERA LUCIA BONA";3;1171;80001947283;"EEEFM CAMILA MOTA";"R. NELSON DA COSTA MELLO, S/ N"
"28/10/2024";"11:46:22";2024;2;"Eleição Ordinária";1;619;"Eleições Municipais 2024";"06/10/2024";"M";"ES";"56057";"ALFREDO CHAVES";56057;"ALFREDO CHAVES";12;27;13;"Vereador";10;"REPUBLICANOS";2;1171;-3;"EEEFM CAMILA MOTA";"R. NELSON DA COSTA MELLO, S/ N"
"28/10/2024";"11:46:22";2024;2;"Eleição Ordinária";1;619;"Eleições Municipais 2024";"06/10/2024";"M";"ES";"56057";"ALFREDO CHAVES";56057;"ALFREDO CHAVES";12;27;13;"Vereador";11;"PROGRESSISTAS";2;1171;-3;"EEEFM CAMILA MOTA";"R. NELSON DA COSTA MELLO, S/ N"
"28/10/2024";"11:46:22";2024;2;"Eleição Ordinária";1;619;"Eleições Municipais 2024";"06/10/2024";"M";"ES";"56057";"ALFREDO CHAVES";56057;"ALFREDO CHAVES";12;27;13;"Vereador";22;"Partido Liberal";1;1171;-3;"EEEFM CAMILA MOTA";"R. NELSON DA COSTA MELLO, S/ N"
"28/10/2024";"11:46:22";2024;2;"Eleição Ordinária";1;619;"Eleições Municipais 2024";"06/10/2024";"M";"ES";"56057";"ALFREDO CHAVES";56057;"ALFREDO CHAVES";12;27;13;"Vereador";40;"Partido Socialista Brasileiro";2;1171;-3;"EEEFM CAMILA MOTA";"R. NELSON DA COSTA MELLO, S/ N"
"28/10/2024";"11:46:22";2024;2;"Eleição Ordinária";1;619;"Eleições Municipais 2024";"06/10/2024";"M";"ES";"56057";"ALFREDO CHAVES";56057;"ALFREDO CHAVES";12;7;13;"Vereador";10;"REPUBLICANOS";1;1171;-3;"EEEFM CAMILA MOTA";"R. NELSON DA COSTA MELLO, S/ N"
"28/10/2024";"11:46:22";2024;2;"Eleição Ordinária";1;619;"Eleições Municipais 2024";"06/10/2024";"M";"ES";"56057";"ALFREDO CHAVES";56057;"ALFREDO CHAVES";12;7;13;"Vereador";22;"Partido Liberal";2;1171;-3;"EEEFM CAMILA MOTA";"R. NELSON DA COSTA MELLO, S/ N"
"28/10/2024";"11:46:22";2024;2;"Eleição Ordinária";1;619;"Eleições Municipais 2024";"06/10/2024";"M";"ES";"56057";"ALFREDO CHAVES";56057;"ALFREDO CHAVES";12;7;13;"Vereador";40;"Partido Socialista Brasileiro";1;1171;-3;"EEEFM CAMILA MOTA";"R. NELSON DA COSTA MELLO, S/ N"
"28/10/2024";"11:46:22";2024;2;"Eleição Ordinária";1;619;"Eleições Municipais 2024";"06/10/2024";"M";"ES";"56057";"ALFREDO CHAVES";56057;"ALFREDO CHAVES";12;7;13;"Vereador";55;"Partido Social Democrático";1;1171;-3;"EEEFM CAMILA MOTA";"R. NELSON DA COSTA MELLO, S/ N"
"28/10/2024";"11:46:22";2024;2;"Eleição Ordinária";1;619;"Eleições Municipais 2024";"06/10/2024";"M";"ES";"56057";"ALFREDO CHAVES";56057;"ALFREDO CHAVES";12;21;13;"Vereador";11;"PROGRESSISTAS";1;1120;-3;"EMUEF QUARTO TERRITÓRIO";"RUA PRINCIPAL, S/N"
"28/10/2024";"11:46:22";2024;2;"Eleição Ordinária";1;619;"Eleições Municipais 2024";"06/10/2024";"M";"ES";"56057";"ALFREDO CHAVES";56057;"ALFREDO CHAVES";12;21;13;"Vereador";40;"Partido Socialista Brasileiro";4;1120;-3;"EMUEF QUARTO TERRITÓRIO";"RUA PRINCIPAL, S/N"
"28/10/2024";"11:46:22";2024;2;"Eleição Ordinária";1;619;"Eleições Municipais 2024";"06/10/2024";"M";"ES";"56057";"ALFREDO CHAVES";56057;"ALFREDO CHAVES";12;17;13;"Vereador";40444;"ALAESSO LORENZON";1;1090;80001947150;"EMEF FELIPE MODOLO";"R. PRINCIPAL, S/ N"
"28/10/2024";"11:46:22";2024;2;"Eleição Ordinária";1;619;"Eleições Municipais 2024";"06/10/2024";"M";"ES";"56057";"ALFREDO CHAVES";56057;"ALFREDO CHAVES";12;13;13;"Vereador";11000;"FRANCISCO DE ASSIS JOSE DOS SANTOS";3;1058;80001982776;"EMEF ENGANO";"R. PRINCIPAL, S/N"
"28/10/2024";"11:46:22";2024;2;"Eleição Ordinária";1;619;"Eleições Municipais 2024";"06/10/2024";"M";"ES";"56057";"ALFREDO CHAVES";56057;"ALFREDO CHAVES";12;39;13;"Vereador";45555;"MARCIA FRANCISCO";6;1244;80001982694;"CRECHE PEQUERRUCHOS";"RUA ANTÔNIO CLAUDIO GAIGHER, 19"
"28/10/2024";"11:46:22";2024;2;"Eleição Ordinária";1;619;"Eleições Municipais 2024";"06/10/2024";"M";"ES";"56057";"ALFREDO CHAVES";56057;"ALFREDO CHAVES";12;39;13;"Vereador";10123;"ALEFY JUNIOR CLAUDIO SIMOES";24;1244;80001966351;"CRECHE PEQUERRUCHOS";"RUA ANTÔNIO CLAUDIO GAIGHER, 19"
"28/10/2024";"11:46:22";2024;2;"Eleição Ordinária";1;619;"Eleições Municipais 2024";"06/10/2024";"M";"ES";"56057";"ALFREDO CHAVES";56057;"ALFREDO CHAVES";12;39;13;"Vereador";10222;"JOSIMAR PIUMBINI";12;1244;80001966355;"CRECHE PEQUERRUCHOS";"RUA ANTÔNIO CLAUDIO GAIGHER, 19"
"28/10/2024";"11:46:22";2024;2;"Eleição Ordinária";1;619;"Eleições Municipais 2024";"06/10/2024";"M";"ES";"56057";"ALFREDO CHAVES";56057;"ALFREDO CHAVES";12;5;13;"Vereador";22500;"LAUDEMIR CARLOS PEREIRA";1;1015;80002230758;"EMEF ANA ARAÚJO";"R. EXPEDICIONARIO OSVALDO SAUDINO"
"28/10/2024";"11:46:22";2024;2;"Eleição Ordinária";1;619;"Eleições Municipais 2024";"06/10/2024";"M";"ES";"56057";"ALFREDO CHAVES";56057;"ALFREDO CHAVES";12;96;13;"Vereador";55555;"ADILSON JOSE ROVETA";1;1147;80001947332;"SALÃO COMUNITÁRIO DE SÃO BENTO DE URÂNIA";"R. PRINCIPAL, S/ N"
"28/10/2024";"11:46:22";2024;2;"Eleição Ordinária";1;619;"Eleições Municipais 2024";"06/10/2024";"M";"ES";"56057";"ALFREDO CHAVES";56057;"ALFREDO CHAVES";12;14;11;"Prefeito";22;"LUIZ CLAUDIO BOLDRINI";10;1066;80002271252;"SALÃO DA IGREJA CATÓLICA DE SÃO FRANCISCO DE BATATAL";"RUA PRINCIPAL, S/ N"
"28/10/2024";"11:46:22";2024;2;"Eleição Ordinária";1;619;"Eleições Municipais 2024";"06/10/2024";"M";"ES";"56057";"ALFREDO CHAVES";56057;"ALFREDO CHAVES";12;1;11;"Prefeito";22;"LUIZ CLAUDIO BOLDRINI";28;1015;80002271252;"EMEF ANA ARAÚJO";"R. EXPEDICIONARIO OSVALDO SAUDINO"
"28/10/2024";"11:46:22";2024;2;"Eleição Ordinária";1;619;"Eleições Municipais 2024";"06/10/2024";"M";"ES";"56057";"ALFREDO CHAVES";56057;"ALFREDO CHAVES";12;12;11;"Prefeito";22;"LUIZ CLAUDIO BOLDRINI";27;1058;80002271252;"EMEF ENGANO";"R. PRINCIPAL, S/N"
"28/10/2024";"11:46:22";2024;2;"Eleição Ordinária";1;619;"Eleições Municipais 2024";"06/10/2024";"M";"ES";"56057";"ALFREDO CHAVES";56057;"ALFREDO CHAVES";12;38;13;"Vereador";40555;"DANIEL ORLANDI";6;1244;80001947149;"CRECHE PEQUERRUCHOS";"RUA ANTÔNIO CLAUDIO GAIGHER, 19"
"28/10/2024";"11:46:22";2024;2;"Eleição Ordinária";1;619;"Eleições Municipais 2024";"06/10/2024";"M";"ES";"56057";"ALFREDO CHAVES";56057;"ALFREDO CHAVES";12;10;13;"Vereador";22500;"LAUDEMIR CARLOS PEREIRA";1;1040;80002230758;"EEEF DE CRUBIXÁ";"R. PRINCIPAL, S/ Nº"
"28/10/2024";"11:46:22";2024;2;"Eleição Ordinária";1;619;"Eleições Municipais 2024";"06/10/2024";"M";"ES";"56057";"ALFREDO CHAVES";56057;"ALFREDO CHAVES";12;39;13;"Vereador";55444;"ODAIR AUGUSTO BASSO";5;1244;80001947333;"CRECHE PEQUERRUCHOS";"RUA ANTÔNIO CLAUDIO GAIGHER, 19"
"28/10/2024";"11:46:22";2024;2;"Eleição Ordinária";1;619;"Eleições Municipais 2024";"06/10/2024";"M";"ES";"56057";"ALFREDO CHAVES";56057;"ALFREDO CHAVES";12;9;13;"Vereador";55555;"ADILSON JOSE ROVETA";8;1031;80001947332;"EMEF FAZENDA APARECIDA";"R. PRINCIPAL, S/ Nº"
"28/10/2024";"11:46:22";2024;2;"Eleição Ordinária";1;619;"Eleições Municipais 2024";"06/10/2024";"M";"ES";"56057";"ALFREDO CHAVES";56057;"ALFREDO CHAVES";12;2;13;"Vereador";55123;"WILIAN DE FREITAS DO ROSARIO";2;1015;80001947337;"EMEF ANA ARAÚJO";"R. EXPEDICIONARIO OSVALDO SAUDINO"
"28/10/2024";"11:46:22";2024;2;"Eleição Ordinária";1;619;"Eleições Municipais 2024";"06/10/2024";"M";"ES";"56057";"ALFREDO CHAVES";56057;"ALFREDO CHAVES";12;31;13;"Vereador";55123;"WILIAN DE FREITAS DO ROSARIO";1;1171;80001947337;"EEEFM CAMILA MOTA";"R. NELSON DA COSTA MELLO, S/ N"
"28/10/2024";"11:46:22";2024;2;"Eleição Ordinária";1;619;"Eleições Municipais 2024";"06/10/2024";"M";"ES";"56057";"ALFREDO CHAVES";56057;"ALFREDO CHAVES";12;26;13;"Vereador";55555;"ADILSON JOSE ROVETA";6;1163;80001947332;"EEUEF VILA NOVA DE MARAVILHA";"R. PRINCIPAL, S/ Nº"
"28/10/2024";"11:46:22";2024;2;"Eleição Ordinária";1;619;"Eleições Municipais 2024";"06/10/2024";"M";"ES";"56057";"ALFREDO CHAVES";56057;"ALFREDO CHAVES";12;30;13;"Vereador";10000;"JANDIR GRATIERI";1;1171;80001966356;"EEEFM CAMILA MOTA";"R. NELSON DA COSTA MELLO, S/ N"
"28/10/2024";"11:46:22";2024;2;"Eleição Ordinária";1;619;"Eleições Municipais 2024";"06/10/2024";"M";"ES";"56057";"ALFREDO CHAVES";56057;"ALFREDO CHAVES";12;20;11;"Prefeito";22;"LUIZ CLAUDIO BOLDRINI";24;1112;80002271252;"SALÃO DA IGREJA CATÓLICA DE CACHOEIRA ALTA";"R. PRINCIPAL, S/ N"
"28/10/2024";"11:46:22";2024;2;"Eleição Ordinária";1;619;"Eleições Municipais 2024";"06/10/2024";"M";"ES";"56057";"ALFREDO CHAVES";56057;"ALFREDO CHAVES";12;33;13;"Vereador";22111;"FABIO DAMASCENO GALVAO";8;1171;80002230754;"EEEFM CAMILA MOTA";"R. NELSON DA COSTA MELLO, S/ N"
"28/10/2024";"11:46:22";2024;2;"Eleição Ordinária";1;619;"Eleições Municipais 2024";"06/10/2024";"M";"ES";"56057";"ALFREDO CHAVES";56057;"ALFREDO CHAVES";12;38;13;"Vereador";10190;"ROMILDO DOMINGOS BORTOLUZZI";2;1244;80001966352;"CRECHE PEQUERRUCHOS";"RUA ANTÔNIO CLAUDIO GAIGHER, 19"
"28/10/2024";"11:46:22";2024;2;"Eleição Ordinária";1;619;"Eleições Municipais 2024";"06/10/2024";"M";"ES";"56057";"ALFREDO CHAVES";56057;"ALFREDO CHAVES";12;19;13;"Vereador";11555;"HERMES LUIZ MARCHIORI ATHAIDES";5;1104;80001982779;"SALÃO COMUNITÁRIO DE NOVA ESTRELA";"R. PRINCIPAL, S/ N"
"28/10/2024";"11:46:22";2024;2;"Eleição Ordinária";1;619;"Eleições Municipais 2024";"06/10/2024";"M";"ES";"56057";"ALFREDO CHAVES";56057;"ALFREDO CHAVES";12;40;13;"Vereador";40321;"GILSON LUIZ BELLON";1;1236;80001947151;"SALÃO PAROQUIAL DA IGREJA DE NOSSA SENHORA DA CONCEIÇÃO";"AV. GETULIO VARGAS, 545"
"28/10/2024";"11:46:22";2024;2;"Eleição Ordinária";1;619;"Eleições Municipais 2024";"06/10/2024";"M";"ES";"56057";"ALFREDO CHAVES";56057;"ALFREDO CHAVES";12;15;13;"Vereador";40321;"GILSON LUIZ BELLON";1;1074;80001947151;"SALÃO DA IGREJA DE SÃO MARTINHO";"R. PRINCIPAL, S/ N"
"28/10/2024";"11:46:22";2024;2;"Eleição Ordinária";1;619;"Eleições Municipais 2024";"06/10/2024";"M";"ES";"56057";"ALFREDO CHAVES";56057;"ALFREDO CHAVES";12;38;13;"Vereador";55152;"ARILDO ALVES";1;1244;80001947338;"CRECHE PEQUERRUCHOS";"RUA ANTÔNIO CLAUDIO GAIGHER, 19"
"28/10/2024";"11:46:22";2024;2;"Eleição Ordinária";1;619;"Eleições Municipais 2024";"06/10/2024";"M";"ES";"56057";"ALFREDO CHAVES";56057;"ALFREDO CHAVES";12;38;13;"Vereador";40369;"MARIA AUGUSTA BUFFOLO";3;1244;80001947154;"CRECHE PEQUERRUCHOS";"RUA ANTÔNIO CLAUDIO GAIGHER, 19"
"28/10/2024";"11:46:22";2024;2;"Eleição Ordinária";1;619;"Eleições Municipais 2024";"06/10/2024";"M";"ES";"56057";"ALFREDO CHAVES";56057;"ALFREDO CHAVES";12;38;13;"Vereador";11222;"KATIUSCIA SARTORI SILVA COMINOTTI";2;1244;80001982782;"CRECHE PEQUERRUCHOS";"RUA ANTÔNIO CLAUDIO GAIGHER, 19"
"28/10/2024";"11:46:22";2024;2;"Eleição Ordinária";1;619;"Eleições Municipais 2024";"06/10/2024";"M";"ES";"56057";"ALFREDO CHAVES";56057;"ALFREDO CHAVES";12;38;13;"Vereador";55000;"JONAS NUNES SIMÕES";6;1244;80001947340;"CRECHE PEQUERRUCHOS";"RUA ANTÔNIO CLAUDIO GAIGHER, 19"
"28/10/2024";"11:46:22";2024;2;"Eleição Ordinária";1;619;"Eleições Municipais 2024";"06/10/2024";"M";"ES";"56057";"ALFREDO CHAVES";56057;"ALFREDO CHAVES";12;34;13;"Vereador";45555;"MARCIA FRANCISCO";1;1171;80001982694;"EEEFM CAMILA MOTA";"R. NELSON DA COSTA MELLO, S/ N"
"28/10/2024";"11:46:22";2024;2;"Eleição Ordinária";1;619;"Eleições Municipais 2024";"06/10/2024";"M";"ES";"56057";"ALFREDO CHAVES";56057;"ALFREDO CHAVES";12;34;13;"Vereador";10123;"ALEFY JUNIOR CLAUDIO SIMOES";2;1171;80001966351;"EEEFM CAMILA MOTA";"R. NELSON DA COSTA MELLO, S/ N"
"28/10/2024";"11:46:22";2024;2;"Eleição Ordinária";1;619;"Eleições Municipais 2024";"06/10/2024";"M";"ES";"56057";"ALFREDO CHAVES";56057;"ALFREDO CHAVES";12;19;13;"Vereador";10123;"ALEFY JUNIOR CLAUDIO SIMOES";4;1104;80001966351;"SALÃO COMUNITÁRIO DE NOVA ESTRELA";"R. PRINCIPAL, S/ N"
"28/10/2024";"11:46:22";2024;2;"Eleição Ordinária";1;619;"Eleições Municipais 2024";"06/10/2024";"M";"ES";"56057";"ALFREDO CHAVES";56057;"ALFREDO CHAVES";12;34;13;"Vereador";10222;"JOSIMAR PIUMBINI";11;1171;80001966355;"EEEFM CAMILA MOTA";"R. NELSON DA COSTA MELLO, S/ N"
"28/10/2024";"11:46:22";2024;2;"Eleição Ordinária";1;619;"Eleições Municipais 2024";"06/10/2024";"M";"ES";"56057";"ALFREDO CHAVES";56057;"ALFREDO CHAVES";12;7;13;"Vereador";55369;"DORLEI BRANDY NASCIMENTO";1;1171;80001947334;"EEEFM CAMILA MOTA";"R. NELSON DA COSTA MELLO, S/ N"
"28/10/2024";"11:46:22";2024;2;"Eleição Ordinária";1;619;"Eleições Municipais 2024";"06/10/2024";"M";"ES";"56057";"ALFREDO CHAVES";56057;"ALFREDO CHAVES";12;24;11;"Prefeito";22;"LUIZ CLAUDIO BOLDRINI";13;1147;80002271252;"SALÃO COMUNITÁRIO DE SÃO BENTO DE URÂNIA";"R. PRINCIPAL, S/ N"
"28/10/2024";"11:46:22";2024;2;"Eleição Ordinária";1;619;"Eleições Municipais 2024";"06/10/2024";"M";"ES";"56057";"ALFREDO CHAVES";56057;"ALFREDO CHAVES";12;34;13;"Vereador";11123;"RENAN DE JESUS BOLDRINI";2;1171;80001982781;"EEEFM CAMILA MOTA";"R. NELSON DA COSTA MELLO, S/ N"
"28/10/2024";"11:46:22";2024;2;"Eleição Ordinária";1;619;"Eleições Municipais 2024";"06/10/2024";"M";"ES";"56057";"ALFREDO CHAVES";56057;"ALFREDO CHAVES";12;16;13;"Vereador";22022;"SAMUEL ARDIZZON BELMOK";3;1082;80002230759;"PRÉDIO DA ANTIGA ESCOLA ALMERINDA BRUNORO";"R. PRINCIPAL, S/ N"
"28/10/2024";"11:46:22";2024;2;"Eleição Ordinária";1;619;"Eleições Municipais 2024";"06/10/2024";"M";"ES";"56057";"ALFREDO CHAVES";56057;"ALFREDO CHAVES";12;3;11;"Prefeito";11;"HUGO LUIZ PICOLI MENEGHEL";117;1015;80002104371;"EMEF ANA ARAÚJO";"R. EXPEDICIONARIO OSVALDO SAUDINO"
"28/10/2024";"11:46:22";2024;2;"Eleição Ordinária";1;619;"Eleições Municipais 2024";"06/10/2024";"M";"ES";"56057";"ALFREDO CHAVES";56057;"ALFREDO CHAVES";12;11;13;"Vereador";55000;"JONAS NUNES SIMÕES";5;1040;80001947340;"EEEF DE CRUBIXÁ";"R. PRINCIPAL, S/ Nº"
"28/10/2024";"11:46:22";2024;2;"Eleição Ordinária";1;619;"Eleições Municipais 2024";"06/10/2024";"M";"ES";"56057";"ALFREDO CHAVES";56057;"ALFREDO CHAVES";12;30;13;"Vereador";10789;"LUIS ALBERTO BIANCHI";6;1171;80001966357;"EEEFM CAMILA MOTA";"R. NELSON DA COSTA MELLO, S/ N"
"28/10/2024";"11:46:22";2024;2;"Eleição Ordinária";1;619;"Eleições Municipais 2024";"06/10/2024";"M";"ES";"56057";"ALFREDO CHAVES";56057;"ALFREDO CHAVES";12;4;13;"Vereador";20777;"RENAUT AMERICO PIO";3;1015;80001947280;"EMEF ANA ARAÚJO";"R. EXPEDICIONARIO OSVALDO SAUDINO"
"28/10/2024";"11:46:22";2024;2;"Eleição Ordinária";1;619;"Eleições Municipais 2024";"06/10/2024";"M";"ES";"56057";"ALFREDO CHAVES";56057;"ALFREDO CHAVES";12;6;13;"Vereador";55321;"VALDIRENE BRANDÃO ANDRADE SORIO";3;1023;80001947331;"EEEFM CAMILA MOTA";"R. NELSON DA COSTA MELLO, S/ N"
"28/10/2024";"11:46:22";2024;2;"Eleição Ordinária";1;619;"Eleições Municipais 2024";"06/10/2024";"M";"ES";"56057";"ALFREDO CHAVES";56057;"ALFREDO CHAVES";12;25;13;"Vereador";10111;"SILVANA RAMOS DA SILVA";2;1155;80001966353;"EMEF FELIPE MODOLO";"R. PRINCIPAL, S/ N"
"28/10/2024";"11:46:22";2024;2;"Eleição Ordinária";1;619;"Eleições Municipais 2024";"06/10/2024";"M";"ES";"56057";"ALFREDO CHAVES";56057;"ALFREDO CHAVES";12;39;13;"Vereador";11100;"TAIS LIMA TEIXEIRA ULIANA";6;1244;80001982780;"CRECHE PEQUERRUCHOS";"RUA ANTÔNIO CLAUDIO GAIGHER, 19"
"28/10/2024";"11:46:22";2024;2;"Eleição Ordinária";1;619;"Eleições Municipais 2024";"06/10/2024";"M";"ES";"56057";"ALFREDO CHAVES";56057;"ALFREDO CHAVES";12;7;13;"Vereador";20777;"RENAUT AMERICO PIO";6;1171;80001947280;"EEEFM CAMILA MOTA";"R. NELSON DA COSTA MELLO, S/ N"
"28/10/2024";"11:46:22";2024;2;"Eleição Ordinária";1;619;"Eleições Municipais 2024";"06/10/2024";"M";"ES";"56057";"ALFREDO CHAVES";56057;"ALFREDO CHAVES";12;30;13;"Vereador";10321;"DIVAL LUIZ PAGANINI";1;1171;80001966354;"EEEFM CAMILA MOTA";"R. NELSON DA COSTA MELLO, S/ N"
"28/10/2024";"11:46:22";2024;2;"Eleição Ordinária";1;619;"Eleições Municipais 2024";"06/10/2024";"M";"ES";"56057";"ALFREDO CHAVES";56057;"ALFREDO CHAVES";12;30;13;"Vereador";55321;"VALDIRENE BRANDÃO ANDRADE SORIO";1;1171;80001947331;"EEEFM CAMILA MOTA";"R. NELSON DA COSTA MELLO, S/ N"
"28/10/2024";"11:46:22";2024;2;"Eleição Ordinária";1;619;"Eleições Municipais 2024";"06/10/2024";"M";"ES";"56057";"ALFREDO CHAVES";56057;"ALFREDO CHAVES";12;85;13;"Vereador";22111;"FABIO DAMASCENO GALVAO";5;1244;80002230754;"CRECHE PEQUERRUCHOS";"RUA ANTÔNIO CLAUDIO GAIGHER, 19"
"28/10/2024";"11:46:22";2024;2;"Eleição Ordinária";1;619;"Eleições Municipais 2024";"06/10/2024";"M";"ES";"56057";"ALFREDO CHAVES";56057;"ALFREDO CHAVES";12;3;13;"Vereador";45100;"WELLINGTON MORAES DE AGUIAR";2;1015;80001982697;"EMEF ANA ARAÚJO";"R. EXPEDICIONARIO OSVALDO SAUDINO"
"28/10/2024";"11:46:22";2024;2;"Eleição Ordinária";1;619;"Eleições Municipais 2024";"06/10/2024";"M";"ES";"56057";"ALFREDO CHAVES";56057;"ALFREDO CHAVES";12;10;13;"Vereador";40555;"DANIEL ORLANDI";13;1040;80001947149;"EEEF DE CRUBIXÁ";"R. PRINCIPAL, S/ Nº"
"28/10/2024";"11:46:22";2024;2;"Eleição Ordinária";1;619;"Eleições Municipais 2024";"06/10/2024";"M";"ES";"56057";"ALFREDO CHAVES";56057;"ALFREDO CHAVES";12;38;13;"Vereador";20111;"RUBERCI FALCÃO";3;1244;80001947282;"CRECHE PEQUERRUCHOS";"RUA ANTÔNIO CLAUDIO GAIGHER, 19"
"28/10/2024";"11:46:22";2024;2;"Eleição Ordinária";1;619;"Eleições Municipais 2024";"06/10/2024";"M";"ES";"56057";"ALFREDO CHAVES";56057;"ALFREDO CHAVES";12;4;13;"Vereador";10222;"JOSIMAR PIUMBINI";11;1015;80001966355;"EMEF ANA ARAÚJO";"R. EXPEDICIONARIO OSVALDO SAUDINO"
"28/10/2024";"11:46:22";2024;2;"Eleição Ordinária";1;619;"Eleições Municipais 2024";"06/10/2024";"M";"ES";"56057";"ALFREDO CHAVES";56057;"ALFREDO CHAVES";12;40;13;"Vereador";22040;"EDEVANILDE GORETI BREDA ALMEIDA";1;1236;80002230757;"SALÃO PAROQUIAL DA IGREJA DE NOSSA SENHORA DA CONCEIÇÃO";"AV. GETULIO VARGAS, 545"
"28/10/2024";"11:46:22";2024;2;"Eleição Ordinária";1;619;"Eleições Municipais 2024";"06/10/2024";"M";"ES";"56057";"ALFREDO CHAVES";56057;"ALFREDO CHAVES";12;15;13;"Vereador";22040;"EDEVANILDE GORETI BREDA ALMEIDA";1;1074;80002230757;"SALÃO DA IGREJA DE SÃO MARTINHO";"R. PRINCIPAL, S/ N"
"28/10/2024";"11:46:22";2024;2;"Eleição Ordinária";1;619;"Eleições Municipais 2024";"06/10/2024";"M";"ES";"56057";"ALFREDO CHAVES";56057;"ALFREDO CHAVES";12;19;13;"Vereador";55321;"VALDIRENE BRANDÃO ANDRADE SORIO";1;1104;80001947331;"SALÃO COMUNITÁRIO DE NOVA ESTRELA";"R. PRINCIPAL, S/ N"
"28/10/2024";"11:46:22";2024;2;"Eleição Ordinária";1;619;"Eleições Municipais 2024";"06/10/2024";"M";"ES";"56057";"ALFREDO CHAVES";56057;"ALFREDO CHAVES";12;4;13;"Vereador";45666;"SERGIO BIANCHI";4;1015;80001982693;"EMEF ANA ARAÚJO";"R. EXPEDICIONARIO OSVALDO SAUDINO"
"28/10/2024";"11:46:22";2024;2;"Eleição Ordinária";1;619;"Eleições Municipais 2024";"06/10/2024";"M";"ES";"56057";"ALFREDO CHAVES";56057;"ALFREDO CHAVES";12;30;13;"Vereador";40999;"EMILIA DAS GRAÇAS ALVES PADILHA DOMINGUES";2;1171;80001947155;"EEEFM CAMILA MOTA";"R. NELSON DA COSTA MELLO, S/ N"
"28/10/2024";"11:46:22";2024;2;"Eleição Ordinária";1;619;"Eleições Municipais 2024";"06/10/2024";"M";"ES";"56057";"ALFREDO CHAVES";56057;"ALFREDO CHAVES";12;39;13;"Vereador";40456;"SERAFINO ANTONIO SIMONI";1;1244;80001947157;"CRECHE PEQUERRUCHOS";"RUA ANTÔNIO CLAUDIO GAIGHER, 19"
"28/10/2024";"11:46:22";2024;2;"Eleição Ordinária";1;619;"Eleições Municipais 2024";"06/10/2024";"M";"ES";"56057";"ALFREDO CHAVES";56057;"ALFREDO CHAVES";12;85;13;"Vereador";10111;"SILVANA RAMOS DA SILVA";3;1244;80001966353;"CRECHE PEQUERRUCHOS";"RUA ANTÔNIO CLAUDIO GAIGHER, 19"
"28/10/2024";"11:46:22";2024;2;"Eleição Ordinária";1;619;"Eleições Municipais 2024";"06/10/2024";"M";"ES";"56057";"ALFREDO CHAVES";56057;"ALFREDO CHAVES";12;14;13;"Vereador";40456;"SERAFINO ANTONIO SIMONI";2;1066;80001947157;"SALÃO DA IGREJA CATÓLICA DE SÃO FRANCISCO DE BATATAL";"RUA PRINCIPAL, S/ N"
"28/10/2024";"11:46:22";2024;2;"Eleição Ordinária";1;619;"Eleições Municipais 2024";"06/10/2024";"M";"ES";"56057";"ALFREDO CHAVES";56057;"ALFREDO CHAVES";12;1;13;"Vereador";40456;"SERAFINO ANTONIO SIMONI";3;1015;80001947157;"EMEF ANA ARAÚJO";"R. EXPEDICIONARIO OSVALDO SAUDINO"
"28/10/2024";"11:46:22";2024;2;"Eleição Ordinária";1;619;"Eleições Municipais 2024";"06/10/2024";"M";"ES";"56057";"ALFREDO CHAVES";56057;"ALFREDO CHAVES";12;12;13;"Vereador";40456;"SERAFINO ANTONIO SIMONI";2;1058;80001947157;"EMEF ENGANO";"R. PRINCIPAL, S/N"
"28/10/2024";"11:46:22";2024;2;"Eleição Ordinária";1;619;"Eleições Municipais 2024";"06/10/2024";"M";"ES";"56057";"ALFREDO CHAVES";56057;"ALFREDO CHAVES";12;7;13;"Vereador";10190;"ROMILDO DOMINGOS BORTOLUZZI";1;1171;80001966352;"EEEFM CAMILA MOTA";"R. NELSON DA COSTA MELLO, S/ N"
"28/10/2024";"11:46:22";2024;2;"Eleição Ordinária";1;619;"Eleições Municipais 2024";"06/10/2024";"M";"ES";"56057";"ALFREDO CHAVES";56057;"ALFREDO CHAVES";12;25;13;"Vereador";10400;"GABRIEL NICHETI";1;1155;80001966350;"EMEF FELIPE MODOLO";"R. PRINCIPAL, S/ N"
"28/10/2024";"11:46:22";2024;2;"Eleição Ordinária";1;619;"Eleições Municipais 2024";"06/10/2024";"M";"ES";"56057";"ALFREDO CHAVES";56057;"ALFREDO CHAVES";12;7;13;"Vereador";40000;"NILTON CESAR BELMOK";5;1171;80001947152;"EEEFM CAMILA MOTA";"R. NELSON DA COSTA MELLO, S/ N"
"28/10/2024";"11:46:22";2024;2;"Eleição Ordinária";1;619;"Eleições Municipais 2024";"06/10/2024";"M";"ES";"56057";"ALFREDO CHAVES";56057;"ALFREDO CHAVES";12;7;13;"Vereador";10789;"LUIS ALBERTO BIANCHI";3;1171;80001966357;"EEEFM CAMILA MOTA";"R. NELSON DA COSTA MELLO, S/ N"
"28/10/2024";"11:46:22";2024;2;"Eleição Ordinária";1;619;"Eleições Municipais 2024";"06/10/2024";"M";"ES";"56057";"ALFREDO CHAVES";56057;"ALFREDO CHAVES";12;14;13;"Vereador";11122;"ALONCIO QUINTINO FRANCO";2;1066;80001982778;"SALÃO DA IGREJA CATÓLICA DE SÃO FRANCISCO DE BATATAL";"RUA PRINCIPAL, S/ N"
"28/10/2024";"11:46:22";2024;2;"Eleição Ordinária";1;619;"Eleições Municipais 2024";"06/10/2024";"M";"ES";"56057";"ALFREDO CHAVES";56057;"ALFREDO CHAVES";12;12;13;"Vereador";11122;"ALONCIO QUINTINO FRANCO";7;1058;80001982778;"EMEF ENGANO";"R. PRINCIPAL, S/N"
"28/10/2024";"11:46:22";2024;2;"Eleição Ordinária";1;619;"Eleições Municipais 2024";"06/10/2024";"M";"ES";"56057";"ALFREDO CHAVES";56057;"ALFREDO CHAVES";12;17;11;"Prefeito";11;"HUGO LUIZ PICOLI MENEGHEL";155;1090;80002104371;"EMEF FELIPE MODOLO";"R. PRINCIPAL, S/ N"
"28/10/2024";"11:46:22";2024;2;"Eleição Ordinária";1;619;"Eleições Municipais 2024";"06/10/2024";"M";"ES";"56057";"ALFREDO CHAVES";56057;"ALFREDO CHAVES";12;7;13;"Vereador";55000;"JONAS NUNES SIMÕES";11;1171;80001947340;"EEEFM CAMILA MOTA";"R. NELSON DA COSTA MELLO, S/ N"
"28/10/2024";"11:46:22";2024;2;"Eleição Ordinária";1;619;"Eleições Municipais 2024";"06/10/2024";"M";"ES";"56057";"ALFREDO CHAVES";56057;"ALFREDO CHAVES";12;7;13;"Vereador";10101;"NAMARA NAZARIA DE PAULA PASSOS SILVA";4;1171;80001966359;"EEEFM CAMILA MOTA";"R. NELSON DA COSTA MELLO, S/ N"
"28/10/2024";"11:46:22";2024;2;"Eleição Ordinária";1;619;"Eleições Municipais 2024";"06/10/2024";"M";"ES";"56057";"ALFREDO CHAVES";56057;"ALFREDO CHAVES";12;3;13;"Vereador";96;"VOTO NULO";3;1015;-1;"EMEF ANA ARAÚJO";"R. EXPEDICIONARIO OSVALDO SAUDINO"
"28/10/2024";"11:46:22";2024;2;"Eleição Ordinária";1;619;"Eleições Municipais 2024";"06/10/2024";"M";"ES";"56057";"ALFREDO CHAVES";56057;"ALFREDO CHAVES";12;6;13;"Vereador";22333;"MARIA DO CARMO LORENZINI DESTEFANI";1;1023;80002230755;"EEEFM CAMILA MOTA";"R. NELSON DA COSTA MELLO, S/ N"
"28/10/2024";"11:46:22";2024;2;"Eleição Ordinária";1;619;"Eleições Municipais 2024";"06/10/2024";"M";"ES";"56057";"ALFREDO CHAVES";56057;"ALFREDO CHAVES";12;37;13;"Vereador";22222;"LUCIANO DE JESUS SILVA";3;1228;80002230760;"CRECHE COMECINHO DE GENTE";"AV. DARCY DE PAULA GAIGHER, S/N"
"28/10/2024";"11:46:22";2024;2;"Eleição Ordinária";1;619;"Eleições Municipais 2024";"06/10/2024";"M";"ES";"56057";"ALFREDO CHAVES";56057;"ALFREDO CHAVES";12;34;13;"Vereador";20190;"MARCELO CRISTIANO CARDOSO FARIA";11;1171;80001947286;"EEEFM CAMILA MOTA";"R. NELSON DA COSTA MELLO, S/ N"
"28/10/2024";"11:46:22";2024;2;"Eleição Ordinária";1;619;"Eleições Municipais 2024";"06/10/2024";"M";"ES";"56057";"ALFREDO CHAVES";56057;"ALFREDO CHAVES";12;33;13;"Vereador";20678;"ADIMAR DE SOUZA MEDINA";2;1171;80001947277;"EEEFM CAMILA MOTA";"R. NELSON DA COSTA MELLO, S/ N"
"28/10/2024";"11:46:22";2024;2;"Eleição Ordinária";1;619;"Eleições Municipais 2024";"06/10/2024";"M";"ES";"56057";"ALFREDO CHAVES";56057;"ALFREDO CHAVES";12;19;13;"Vereador";10222;"JOSIMAR PIUMBINI";7;1104;80001966355;"SALÃO COMUNITÁRIO DE NOVA ESTRELA";"R. PRINCIPAL, S/ N"
"28/10/2024";"11:46:22";2024;2;"Eleição Ordinária";1;619;"Eleições Municipais 2024";"06/10/2024";"M";"ES";"56057";"ALFREDO CHAVES";56057;"ALFREDO CHAVES";12;38;11;"Prefeito";22;"LUIZ CLAUDIO BOLDRINI";19;1244;80002271252;"CRECHE PEQUERRUCHOS";"RUA ANTÔNIO CLAUDIO GAIGHER, 19"
"28/10/2024";"11:46:22";2024;2;"Eleição Ordinária";1;619;"Eleições Municipais 2024";"06/10/2024";"M";"ES";"56057";"ALFREDO CHAVES";56057;"ALFREDO CHAVES";12;17;13;"Vereador";40555;"DANIEL ORLANDI";3;1090;80001947149;"EMEF FELIPE MODOLO";"R. PRINCIPAL, S/ N"
"28/10/2024";"11:46:22";2024;2;"Eleição Ordinária";1;619;"Eleições Municipais 2024";"06/10/2024";"M";"ES";"56057";"ALFREDO CHAVES";56057;"ALFREDO CHAVES";12;2;13;"Vereador";22040;"EDEVANILDE GORETI BREDA ALMEIDA";1;1015;80002230757;"EMEF ANA ARAÚJO";"R. EXPEDICIONARIO OSVALDO SAUDINO"
"28/10/2024";"11:46:22";2024;2;"Eleição Ordinária";1;619;"Eleições Municipais 2024";"06/10/2024";"M";"ES";"56057";"ALFREDO CHAVES";56057;"ALFREDO CHAVES";12;31;13;"Vereador";22040;"EDEVANILDE GORETI BREDA ALMEIDA";1;1171;80002230757;"EEEFM CAMILA MOTA";"R. NELSON DA COSTA MELLO, S/ N"
"28/10/2024";"11:46:22";2024;2;"Eleição Ordinária";1;619;"Eleições Municipais 2024";"06/10/2024";"M";"ES";"56057";"ALFREDO CHAVES";56057;"ALFREDO CHAVES";12;34;13;"Vereador";40444;"ALAESSO LORENZON";1;1171;80001947150;"EEEFM CAMILA MOTA";"R. NELSON DA COSTA MELLO, S/ N"
"28/10/2024";"11:46:22";2024;2;"Eleição Ordinária";1;619;"Eleições Municipais 2024";"06/10/2024";"M";"ES";"56057";"ALFREDO CHAVES";56057;"ALFREDO CHAVES";12;13;13;"Vereador";22040;"EDEVANILDE GORETI BREDA ALMEIDA";1;1058;80002230757;"EMEF ENGANO";"R. PRINCIPAL, S/N"
"28/10/2024";"11:46:22";2024;2;"Eleição Ordinária";1;619;"Eleições Municipais 2024";"06/10/2024";"M";"ES";"56057";"ALFREDO CHAVES";56057;"ALFREDO CHAVES";12;30;13;"Vereador";40369;"MARIA AUGUSTA BUFFOLO";5;1171;80001947154;"EEEFM CAMILA MOTA";"R. NELSON DA COSTA MELLO, S/ N"
"28/10/2024";"11:46:22";2024;2;"Eleição Ordinária";1;619;"Eleições Municipais 2024";"06/10/2024";"M";"ES";"56057";"ALFREDO CHAVES";56057;"ALFREDO CHAVES";12;7;13;"Vereador";40123;"CELIA MARIA STEIN BUBACH";1;1171;80001947153;"EEEFM CAMILA MOTA";"R. NELSON DA COSTA MELLO, S/ N"
"28/10/2024";"11:46:22";2024;2;"Eleição Ordinária";1;619;"Eleições Municipais 2024";"06/10/2024";"M";"ES";"56057";"ALFREDO CHAVES";56057;"ALFREDO CHAVES";12;28;13;"Vereador";40555;"DANIEL ORLANDI";1;1074;80001947149;"SALÃO DA IGREJA DE SÃO MARTINHO";"R. PRINCIPAL, S/ N"
"28/10/2024";"11:46:22";2024;2;"Eleição Ordinária";1;619;"Eleições Municipais 2024";"06/10/2024";"M";"ES";"56057";"ALFREDO CHAVES";56057;"ALFREDO CHAVES";12;85;13;"Vereador";40555;"DANIEL ORLANDI";11;1244;80001947149;"CRECHE PEQUERRUCHOS";"RUA ANTÔNIO CLAUDIO GAIGHER, 19"
"28/10/2024";"11:46:22";2024;2;"Eleição Ordinária";1;619;"Eleições Municipais 2024";"06/10/2024";"M";"ES";"56057";"ALFREDO CHAVES";56057;"ALFREDO CHAVES";12;22;13;"Vereador";11123;"RENAN DE JESUS BOLDRINI";2;1139;80001982781;"EMEF SAGRADA FAMÍLIA";"R. PRINCIPAL, S/ N"
"28/10/2024";"11:46:22";2024;2;"Eleição Ordinária";1;619;"Eleições Municipais 2024";"06/10/2024";"M";"ES";"56057";"ALFREDO CHAVES";56057;"ALFREDO CHAVES";12;7;13;"Vereador";55152;"ARILDO ALVES";3;1171;80001947338;"EEEFM CAMILA MOTA";"R. NELSON DA COSTA MELLO, S/ N"
"28/10/2024";"11:46:22";2024;2;"Eleição Ordinária";1;619;"Eleições Municipais 2024";"06/10/2024";"M";"ES";"56057";"ALFREDO CHAVES";56057;"ALFREDO CHAVES";12;39;13;"Vereador";20123;"ARMANDO ZANATA INGLE RIBEIRO";24;1244;80001947278;"CRECHE PEQUERRUCHOS";"RUA ANTÔNIO CLAUDIO GAIGHER, 19"
"28/10/2024";"11:46:22";2024;2;"Eleição Ordinária";1;619;"Eleições Municipais 2024";"06/10/2024";"M";"ES";"56057";"ALFREDO CHAVES";56057;"ALFREDO CHAVES";12;5;13;"Vereador";40000;"NILTON CESAR BELMOK";10;1015;80001947152;"EMEF ANA ARAÚJO";"R. EXPEDICIONARIO OSVALDO SAUDINO"
"28/10/2024";"11:46:22";2024;2;"Eleição Ordinária";1;619;"Eleições Municipais 2024";"06/10/2024";"M";"ES";"56057";"ALFREDO CHAVES";56057;"ALFREDO CHAVES";12;27;13;"Vereador";22200;"LUCAS ANTÔNIO MARCHESI";1;1171;80002230762;"EEEFM CAMILA MOTA";"R. NELSON DA COSTA MELLO, S/ N"
"28/10/2024";"11:46:22";2024;2;"Eleição Ordinária";1;619;"Eleições Municipais 2024";"06/10/2024";"M";"ES";"56057";"ALFREDO CHAVES";56057;"ALFREDO CHAVES";12;8;13;"Vereador";96;"VOTO NULO";4;1023;-1;"EEEFM CAMILA MOTA";"R. NELSON DA COSTA MELLO, S/ N"
"28/10/2024";"11:46:22";2024;2;"Eleição Ordinária";1;619;"Eleições Municipais 2024";"06/10/2024";"M";"ES";"56057";"ALFREDO CHAVES";56057;"ALFREDO CHAVES";12;24;11;"Prefeito";40;"ROLMAR BOTECCHIA";67;1147;80001947211;"SALÃO COMUNITÁRIO DE SÃO BENTO DE URÂNIA";"R. PRINCIPAL, S/ N"
"28/10/2024";"11:46:22";2024;2;"Eleição Ordinária";1;619;"Eleições Municipais 2024";"06/10/2024";"M";"ES";"56057";"ALFREDO CHAVES";56057;"ALFREDO CHAVES";12;27;13;"Vereador";20190;"MARCELO CRISTIANO CARDOSO FARIA";2;1171;80001947286;"EEEFM CAMILA MOTA";"R. NELSON DA COSTA MELLO, S/ N"
"28/10/2024";"11:46:22";2024;2;"Eleição Ordinária";1;619;"Eleições Municipais 2024";"06/10/2024";"M";"ES";"56057";"ALFREDO CHAVES";56057;"ALFREDO CHAVES";12;35;11;"Prefeito";40;"ROLMAR BOTECCHIA";87;1171;80001947211;"EEEFM CAMILA MOTA";"R. NELSON DA COSTA MELLO, S/ N"
"28/10/2024";"11:46:22";2024;2;"Eleição Ordinária";1;619;"Eleições Municipais 2024";"06/10/2024";"M";"ES";"56057";"ALFREDO CHAVES";56057;"ALFREDO CHAVES";12;30;11;"Prefeito";95;"VOTO BRANCO";3;1171;-1;"EEEFM CAMILA MOTA";"R. NELSON DA COSTA MELLO, S/ N"
"28/10/2024";"11:46:22";2024;2;"Eleição Ordinária";1;619;"Eleições Municipais 2024";"06/10/2024";"M";"ES";"56057";"ALFREDO CHAVES";56057;"ALFREDO CHAVES";12;9;13;"Vereador";11789;"EDSON ANTONIO REGIANI";17;1031;80001982773;"EMEF FAZENDA APARECIDA";"R. PRINCIPAL, S/ Nº"
"28/10/2024";"11:46:22";2024;2;"Eleição Ordinária";1;619;"Eleições Municipais 2024";"06/10/2024";"M";"ES";"56057";"ALFREDO CHAVES";56057;"ALFREDO CHAVES";12;10;13;"Vereador";22222;"LUCIANO DE JESUS SILVA";1;1040;80002230760;"EEEF DE CRUBIXÁ";"R. PRINCIPAL, S/ Nº"
"28/10/2024";"11:46:22";2024;2;"Eleição Ordinária";1;619;"Eleições Municipais 2024";"06/10/2024";"M";"ES";"56057";"ALFREDO CHAVES";56057;"ALFREDO CHAVES";12;3;13;"Vereador";55444;"ODAIR AUGUSTO BASSO";4;1015;80001947333;"EMEF ANA ARAÚJO";"R. EXPEDICIONARIO OSVALDO SAUDINO"
"28/10/2024";"11:46:22";2024;2;"Eleição Ordinária";1;619;"Eleições Municipais 2024";"06/10/2024";"M";"ES";"56057";"ALFREDO CHAVES";56057;"ALFREDO CHAVES";12;13;13;"Vereador";20190;"MARCELO CRISTIANO CARDOSO FARIA";2;1058;80001947286;"EMEF ENGANO";"R. PRINCIPAL, S/N"
"28/10/2024";"11:46:22";2024;2;"Eleição Ordinária";1;619;"Eleições Municipais 2024";"06/10/2024";"M";"ES";"56057";"ALFREDO CHAVES";56057;"ALFREDO CHAVES";12;7;13;"Vereador";22123;"CRISTIANO GRILLO";1;1171;80002230753;"EEEFM CAMILA MOTA";"R. NELSON DA COSTA MELLO, S/ N"
"28/10/2024";"11:46:22";2024;2;"Eleição Ordinária";1;619;"Eleições Municipais 2024";"06/10/2024";"M";"ES";"56057";"ALFREDO CHAVES";56057;"ALFREDO CHAVES";12;41;13;"Vereador";40000;"NILTON CESAR BELMOK";14;1236;80001947152;"SALÃO PAROQUIAL DA IGREJA DE NOSSA SENHORA DA CONCEIÇÃO";"AV. GETULIO VARGAS, 545"
"28/10/2024";"11:46:22";2024;2;"Eleição Ordinária";1;619;"Eleições Municipais 2024";"06/10/2024";"M";"ES";"56057";"ALFREDO CHAVES";56057;"ALFREDO CHAVES";12;20;13;"Vereador";20678;"ADIMAR DE SOUZA MEDINA";1;1112;80001947277;"SALÃO DA IGREJA CATÓLICA DE CACHOEIRA ALTA";"R. PRINCIPAL, S/ N"
"28/10/2024";"11:46:22";2024;2;"Eleição Ordinária";1;619;"Eleições Municipais 2024";"06/10/2024";"M";"ES";"56057";"ALFREDO CHAVES";56057;"ALFREDO CHAVES";12;7;13;"Vereador";95;"VOTO BRANCO";2;1171;-1;"EEEFM CAMILA MOTA";"R. NELSON DA COSTA MELLO, S/ N"
"28/10/2024";"11:46:22";2024;2;"Eleição Ordinária";1;619;"Eleições Municipais 2024";"06/10/2024";"M";"ES";"56057";"ALFREDO CHAVES";56057;"ALFREDO CHAVES";12;7;13;"Vereador";55555;"ADILSON JOSE ROVETA";4;1171;80001947332;"EEEFM CAMILA MOTA";"R. NELSON DA COSTA MELLO, S/ N"
"28/10/2024";"11:46:22";2024;2;"Eleição Ordinária";1;619;"Eleições Municipais 2024";"06/10/2024";"M";"ES";"56057";"ALFREDO CHAVES";56057;"ALFREDO CHAVES";12;5;11;"Prefeito";40;"ROLMAR BOTECCHIA";68;1015;80001947211;"EMEF ANA ARAÚJO";"R. EXPEDICIONARIO OSVALDO SAUDINO"
"28/10/2024";"11:46:22";2024;2;"Eleição Ordinária";1;619;"Eleições Municipais 2024";"06/10/2024";"M";"ES";"56057";"ALFREDO CHAVES";56057;"ALFREDO CHAVES";12;18;13;"Vereador";22123;"CRISTIANO GRILLO";11;1090;80002230753;"EMEF FELIPE MODOLO";"R. PRINCIPAL, S/ N"
"28/10/2024";"11:46:22";2024;2;"Eleição Ordinária";1;619;"Eleições Municipais 2024";"06/10/2024";"M";"ES";"56057";"ALFREDO CHAVES";56057;"ALFREDO CHAVES";12;30;13;"Vereador";22122;"SILVIA FOLGER BERNABÉ";4;1171;80002230756;"EEEFM CAMILA MOTA";"R. NELSON DA COSTA MELLO, S/ N"
"28/10/2024";"11:46:22";2024;2;"Eleição Ordinária";1;619;"Eleições Municipais 2024";"06/10/2024";"M";"ES";"56057";"ALFREDO CHAVES";56057;"ALFREDO CHAVES";12;28;13;"Vereador";10123;"ALEFY JUNIOR CLAUDIO SIMOES";10;1074;80001966351;"SALÃO DA IGREJA DE SÃO MARTINHO";"R. PRINCIPAL, S/ N"
"28/10/2024";"11:46:22";2024;2;"Eleição Ordinária";1;619;"Eleições Municipais 2024";"06/10/2024";"M";"ES";"56057";"ALFREDO CHAVES";56057;"ALFREDO CHAVES";12;85;13;"Vereador";10123;"ALEFY JUNIOR CLAUDIO SIMOES";19;1244;80001966351;"CRECHE PEQUERRUCHOS";"RUA ANTÔNIO CLAUDIO GAIGHER, 19"
"28/10/2024";"11:46:22";2024;2;"Eleição Ordinária";1;619;"Eleições Municipais 2024";"06/10/2024";"M";"ES";"56057";"ALFREDO CHAVES";56057;"ALFREDO CHAVES";12;28;13;"Vereador";10222;"JOSIMAR PIUMBINI";7;1074;80001966355;"SALÃO DA IGREJA DE SÃO MARTINHO";"R. PRINCIPAL, S/ N"
"28/10/2024";"11:46:22";2024;2;"Eleição Ordinária";1;619;"Eleições Municipais 2024";"06/10/2024";"M";"ES";"56057";"ALFREDO CHAVES";56057;"ALFREDO CHAVES";12;85;13;"Vereador";10222;"JOSIMAR PIUMBINI";19;1244;80001966355;"CRECHE PEQUERRUCHOS";"RUA ANTÔNIO CLAUDIO GAIGHER, 19"
"28/10/2024";"11:46:22";2024;2;"Eleição Ordinária";1;619;"Eleições Municipais 2024";"06/10/2024";"M";"ES";"56057";"ALFREDO CHAVES";56057;"ALFREDO CHAVES";12;25;11;"Prefeito";40;"ROLMAR BOTECCHIA";81;1155;80001947211;"EMEF FELIPE MODOLO";"R. PRINCIPAL, S/ N"
"28/10/2024";"11:46:22";2024;2;"Eleição Ordinária";1;619;"Eleições Municipais 2024";"06/10/2024";"M";"ES";"56057";"ALFREDO CHAVES";56057;"ALFREDO CHAVES";12;30;13;"Vereador";55555;"ADILSON JOSE ROVETA";3;1171;80001947332;"EEEFM CAMILA MOTA";"R. NELSON DA COSTA MELLO, S/ N"
"28/10/2024";"11:46:22";2024;2;"Eleição Ordinária";1;619;"Eleições Municipais 2024";"06/10/2024";"M";"ES";"56057";"ALFREDO CHAVES";56057;"ALFREDO CHAVES";12;7;13;"Vereador";55321;"VALDIRENE BRANDÃO ANDRADE SORIO";3;1171;80001947331;"EEEFM CAMILA MOTA";"R. NELSON DA COSTA MELLO, S/ N"
"28/10/2024";"11:46:22";2024;2;"Eleição Ordinária";1;619;"Eleições Municipais 2024";"06/10/2024";"M";"ES";"56057";"ALFREDO CHAVES";56057;"ALFREDO CHAVES";12;17;13;"Vereador";40123;"CELIA MARIA STEIN BUBACH";1;1090;80001947153;"EMEF FELIPE MODOLO";"R. PRINCIPAL, S/ N"
"28/10/2024";"11:46:22";2024;2;"Eleição Ordinária";1;619;"Eleições Municipais 2024";"06/10/2024";"M";"ES";"56057";"ALFREDO CHAVES";56057;"ALFREDO CHAVES";12;41;13;"Vereador";40456;"SERAFINO ANTONIO SIMONI";2;1236;80001947157;"SALÃO PAROQUIAL DA IGREJA DE NOSSA SENHORA DA CONCEIÇÃO";"AV. GETULIO VARGAS, 545"
"28/10/2024";"11:46:22";2024;2;"Eleição Ordinária";1;619;"Eleições Municipais 2024";"06/10/2024";"M";"ES";"56057";"ALFREDO CHAVES";56057;"ALFREDO CHAVES";12;37;13;"Vereador";11123;"RENAN DE JESUS BOLDRINI";1;1228;80001982781;"CRECHE COMECINHO DE GENTE";"AV. DARCY DE PAULA GAIGHER, S/N"
"28/10/2024";"11:46:22";2024;2;"Eleição Ordinária";1;619;"Eleições Municipais 2024";"06/10/2024";"M";"ES";"56057";"ALFREDO CHAVES";56057;"ALFREDO CHAVES";12;28;13;"Vereador";11555;"HERMES LUIZ MARCHIORI ATHAIDES";8;1074;80001982779;"SALÃO DA IGREJA DE SÃO MARTINHO";"R. PRINCIPAL, S/ N"
"28/10/2024";"11:46:22";2024;2;"Eleição Ordinária";1;619;"Eleições Municipais 2024";"06/10/2024";"M";"ES";"56057";"ALFREDO CHAVES";56057;"ALFREDO CHAVES";12;85;13;"Vereador";11555;"HERMES LUIZ MARCHIORI ATHAIDES";12;1244;80001982779;"CRECHE PEQUERRUCHOS";"RUA ANTÔNIO CLAUDIO GAIGHER, 19"
"28/10/2024";"11:46:22";2024;2;"Eleição Ordinária";1;619;"Eleições Municipais 2024";"06/10/2024";"M";"ES";"56057";"ALFREDO CHAVES";56057;"ALFREDO CHAVES";12;37;13;"Vereador";10111;"SILVANA RAMOS DA SILVA";1;1228;80001966353;"CRECHE COMECINHO DE GENTE";"AV. DARCY DE PAULA GAIGHER, S/N"
"28/10/2024";"11:46:22";2024;2;"Eleição Ordinária";1;619;"Eleições Municipais 2024";"06/10/2024";"M";"ES";"56057";"ALFREDO CHAVES";56057;"ALFREDO CHAVES";12;98;13;"Vereador";20123;"ARMANDO ZANATA INGLE RIBEIRO";4;1090;80001947278;"EMEF FELIPE MODOLO";"R. PRINCIPAL, S/ N"
"28/10/2024";"11:46:22";2024;2;"Eleição Ordinária";1;619;"Eleições Municipais 2024";"06/10/2024";"M";"ES";"56057";"ALFREDO CHAVES";56057;"ALFREDO CHAVES";12;9;13;"Vereador";20678;"ADIMAR DE SOUZA MEDINA";1;1031;80001947277;"EMEF FAZENDA APARECIDA";"R. PRINCIPAL, S/ Nº"
"28/10/2024";"11:46:22";2024;2;"Eleição Ordinária";1;619;"Eleições Municipais 2024";"06/10/2024";"M";"ES";"56057";"ALFREDO CHAVES";56057;"ALFREDO CHAVES";12;34;13;"Vereador";20123;"ARMANDO ZANATA INGLE RIBEIRO";7;1171;80001947278;"EEEFM CAMILA MOTA";"R. NELSON DA COSTA MELLO, S/ N"
"28/10/2024";"11:46:22";2024;2;"Eleição Ordinária";1;619;"Eleições Municipais 2024";"06/10/2024";"M";"ES";"56057";"ALFREDO CHAVES";56057;"ALFREDO CHAVES";12;19;13;"Vereador";20123;"ARMANDO ZANATA INGLE RIBEIRO";5;1104;80001947278;"SALÃO COMUNITÁRIO DE NOVA ESTRELA";"R. PRINCIPAL, S/ N"
"28/10/2024";"11:46:22";2024;2;"Eleição Ordinária";1;619;"Eleições Municipais 2024";"06/10/2024";"M";"ES";"56057";"ALFREDO CHAVES";56057;"ALFREDO CHAVES";12;35;13;"Vereador";55000;"JONAS NUNES SIMÕES";4;1171;80001947340;"EEEFM CAMILA MOTA";"R. NELSON DA COSTA MELLO, S/ N"
"28/10/2024";"11:46:22";2024;2;"Eleição Ordinária";1;619;"Eleições Municipais 2024";"06/10/2024";"M";"ES";"56057";"ALFREDO CHAVES";56057;"ALFREDO CHAVES";12;4;13;"Vereador";45513;"DEVANITO GOMES TEIXEIRA";2;1015;80001982691;"EMEF ANA ARAÚJO";"R. EXPEDICIONARIO OSVALDO SAUDINO"
"28/10/2024";"11:46:22";2024;2;"Eleição Ordinária";1;619;"Eleições Municipais 2024";"06/10/2024";"M";"ES";"56057";"ALFREDO CHAVES";56057;"ALFREDO CHAVES";12;35;13;"Vereador";20190;"MARCELO CRISTIANO CARDOSO FARIA";8;1171;80001947286;"EEEFM CAMILA MOTA";"R. NELSON DA COSTA MELLO, S/ N"
"28/10/2024";"11:46:22";2024;2;"Eleição Ordinária";1;619;"Eleições Municipais 2024";"06/10/2024";"M";"ES";"56057";"ALFREDO CHAVES";56057;"ALFREDO CHAVES";12;35;13;"Vereador";20678;"ADIMAR DE SOUZA MEDINA";3;1171;80001947277;"EEEFM CAMILA MOTA";"R. NELSON DA COSTA MELLO, S/ N"
"28/10/2024";"11:46:22";2024;2;"Eleição Ordinária";1;619;"Eleições Municipais 2024";"06/10/2024";"M";"ES";"56057";"ALFREDO CHAVES";56057;"ALFREDO CHAVES";12;8;13;"Vereador";45123;"RAYANE TOMAZINI BRESSANELLI";5;1023;80001982695;"EEEFM CAMILA MOTA";"R. NELSON DA COSTA MELLO, S/ N"
"28/10/2024";"11:46:22";2024;2;"Eleição Ordinária";1;619;"Eleições Municipais 2024";"06/10/2024";"M";"ES";"56057";"ALFREDO CHAVES";56057;"ALFREDO CHAVES";12;3;13;"Vereador";45666;"SERGIO BIANCHI";2;1015;80001982693;"EMEF ANA ARAÚJO";"R. EXPEDICIONARIO OSVALDO SAUDINO"
"28/10/2024";"11:46:22";2024;2;"Eleição Ordinária";1;619;"Eleições Municipais 2024";"06/10/2024";"M";"ES";"56057";"ALFREDO CHAVES";56057;"ALFREDO CHAVES";12;13;13;"Vereador";22000;"ANDRÉ ALMONFREY ORLANDI";9;1058;80002230761;"EMEF ENGANO";"R. PRINCIPAL, S/N"
"28/10/2024";"11:46:22";2024;2;"Eleição Ordinária";1;619;"Eleições Municipais 2024";"06/10/2024";"M";"ES";"56057";"ALFREDO CHAVES";56057;"ALFREDO CHAVES";12;29;13;"Vereador";96;"VOTO NULO";8;1147;-1;"SALÃO COMUNITÁRIO DE SÃO BENTO DE URÂNIA";"R. PRINCIPAL, S/ N"
"28/10/2024";"11:46:22";2024;2;"Eleição Ordinária";1;619;"Eleições Municipais 2024";"06/10/2024";"M";"ES";"56057";"ALFREDO CHAVES";56057;"ALFREDO CHAVES";12;33;13;"Vereador";96;"VOTO NULO";4;1171;-1;"EEEFM CAMILA MOTA";"R. NELSON DA COSTA MELLO, S/ N"
"28/10/2024";"11:46:22";2024;2;"Eleição Ordinária";1;619;"Eleições Municipais 2024";"06/10/2024";"M";"ES";"56057";"ALFREDO CHAVES";56057;"ALFREDO CHAVES";12;37;13;"Vereador";55000;"JONAS NUNES SIMÕES";18;1228;80001947340;"CRECHE COMECINHO DE GENTE";"AV. DARCY DE PAULA GAIGHER, S/N"
"28/10/2024";"11:46:22";2024;2;"Eleição Ordinária";1;619;"Eleições Municipais 2024";"06/10/2024";"M";"ES";"56057";"ALFREDO CHAVES";56057;"ALFREDO CHAVES";12;23;13;"Vereador";40369;"MARIA AUGUSTA BUFFOLO";3;1139;80001947154;"EMEF SAGRADA FAMÍLIA";"R. PRINCIPAL, S/ N"
"28/10/2024";"11:46:22";2024;2;"Eleição Ordinária";1;619;"Eleições Municipais 2024";"06/10/2024";"M";"ES";"56057";"ALFREDO CHAVES";56057;"ALFREDO CHAVES";12;4;13;"Vereador";20123;"ARMANDO ZANATA INGLE RIBEIRO";15;1015;80001947278;"EMEF ANA ARAÚJO";"R. EXPEDICIONARIO OSVALDO SAUDINO"
"28/10/2024";"11:46:22";2024;2;"Eleição Ordinária";1;619;"Eleições Municipais 2024";"06/10/2024";"M";"ES";"56057";"ALFREDO CHAVES";56057;"ALFREDO CHAVES";12;27;13;"Vereador";95;"VOTO BRANCO";6;1171;-1;"EEEFM CAMILA MOTA";"R. NELSON DA COSTA MELLO, S/ N"
"28/10/2024";"11:46:22";2024;2;"Eleição Ordinária";1;619;"Eleições Municipais 2024";"06/10/2024";"M";"ES";"56057";"ALFREDO CHAVES";56057;"ALFREDO CHAVES";12;26;11;"Prefeito";40;"ROLMAR BOTECCHIA";54;1163;80001947211;"EEUEF VILA NOVA DE MARAVILHA";"R. PRINCIPAL, S/ Nº"
"28/10/2024";"11:46:22";2024;2;"Eleição Ordinária";1;619;"Eleições Municipais 2024";"06/10/2024";"M";"ES";"56057";"ALFREDO CHAVES";56057;"ALFREDO CHAVES";12;38;11;"Prefeito";40;"ROLMAR BOTECCHIA";77;1244;80001947211;"CRECHE PEQUERRUCHOS";"RUA ANTÔNIO CLAUDIO GAIGHER, 19"
"28/10/2024";"11:46:22";2024;2;"Eleição Ordinária";1;619;"Eleições Municipais 2024";"06/10/2024";"M";"ES";"56057";"ALFREDO CHAVES";56057;"ALFREDO CHAVES";12;40;11;"Prefeito";40;"ROLMAR BOTECCHIA";54;1236;80001947211;"SALÃO PAROQUIAL DA IGREJA DE NOSSA SENHORA DA CONCEIÇÃO";"AV. GETULIO VARGAS, 545"
"28/10/2024";"11:46:22";2024;2;"Eleição Ordinária";1;619;"Eleições Municipais 2024";"06/10/2024";"M";"ES";"56057";"ALFREDO CHAVES";56057;"ALFREDO CHAVES";12;15;11;"Prefeito";40;"ROLMAR BOTECCHIA";58;1074;80001947211;"SALÃO DA IGREJA DE SÃO MARTINHO";"R. PRINCIPAL, S/ N"
"28/10/2024";"11:46:22";2024;2;"Eleição Ordinária";1;619;"Eleições Municipais 2024";"06/10/2024";"M";"ES";"56057";"ALFREDO CHAVES";56057;"ALFREDO CHAVES";12;33;13;"Vereador";22123;"CRISTIANO GRILLO";2;1171;80002230753;"EEEFM CAMILA MOTA";"R. NELSON DA COSTA MELLO, S/ N"
"28/10/2024";"11:46:22";2024;2;"Eleição Ordinária";1;619;"Eleições Municipais 2024";"06/10/2024";"M";"ES";"56057";"ALFREDO CHAVES";56057;"ALFREDO CHAVES";12;7;13;"Vereador";55456;"JOAO ENDRINGER JUNIOR";1;1171;80001947335;"EEEFM CAMILA MOTA";"R. NELSON DA COSTA MELLO, S/ N"
"28/10/2024";"11:46:22";2024;2;"Eleição Ordinária";1;619;"Eleições Municipais 2024";"06/10/2024";"M";"ES";"56057";"ALFREDO CHAVES";56057;"ALFREDO CHAVES";12;7;13;"Vereador";10366;"SELMA CONSOLADORA CASALI PILON";1;1171;80001966358;"EEEFM CAMILA MOTA";"R. NELSON DA COSTA MELLO, S/ N"
"28/10/2024";"11:46:22";2024;2;"Eleição Ordinária";1;619;"Eleições Municipais 2024";"06/10/2024";"M";"ES";"56057";"ALFREDO CHAVES";56057;"ALFREDO CHAVES";12;39;13;"Vereador";55321;"VALDIRENE BRANDÃO ANDRADE SORIO";1;1244;80001947331;"CRECHE PEQUERRUCHOS";"RUA ANTÔNIO CLAUDIO GAIGHER, 19"
"28/10/2024";"11:46:22";2024;2;"Eleição Ordinária";1;619;"Eleições Municipais 2024";"06/10/2024";"M";"ES";"56057";"ALFREDO CHAVES";56057;"ALFREDO CHAVES";12;34;13;"Vereador";96;"VOTO NULO";3;1171;-1;"EEEFM CAMILA MOTA";"R. NELSON DA COSTA MELLO, S/ N"
"28/10/2024";"11:46:22";2024;2;"Eleição Ordinária";1;619;"Eleições Municipais 2024";"06/10/2024";"M";"ES";"56057";"ALFREDO CHAVES";56057;"ALFREDO CHAVES";12;19;13;"Vereador";96;"VOTO NULO";1;1104;-1;"SALÃO COMUNITÁRIO DE NOVA ESTRELA";"R. PRINCIPAL, S/ N"
"28/10/2024";"11:46:22";2024;2;"Eleição Ordinária";1;619;"Eleições Municipais 2024";"06/10/2024";"M";"ES";"56057";"ALFREDO CHAVES";56057;"ALFREDO CHAVES";12;18;13;"Vereador";40000;"NILTON CESAR BELMOK";6;1090;80001947152;"EMEF FELIPE MODOLO";"R. PRINCIPAL, S/ N"
"28/10/2024";"11:46:22";2024;2;"Eleição Ordinária";1;619;"Eleições Municipais 2024";"06/10/2024";"M";"ES";"56057";"ALFREDO CHAVES";56057;"ALFREDO CHAVES";12;41;13;"Vereador";10190;"ROMILDO DOMINGOS BORTOLUZZI";2;1236;80001966352;"SALÃO PAROQUIAL DA IGREJA DE NOSSA SENHORA DA CONCEIÇÃO";"AV. GETULIO VARGAS, 545"
"28/10/2024";"11:46:22";2024;2;"Eleição Ordinária";1;619;"Eleições Municipais 2024";"06/10/2024";"M";"ES";"56057";"ALFREDO CHAVES";56057;"ALFREDO CHAVES";12;21;13;"Vereador";55152;"ARILDO ALVES";3;1120;80001947338;"EMUEF QUARTO TERRITÓRIO";"RUA PRINCIPAL, S/N"
"28/10/2024";"11:46:22";2024;2;"Eleição Ordinária";1;619;"Eleições Municipais 2024";"06/10/2024";"M";"ES";"56057";"ALFREDO CHAVES";56057;"ALFREDO CHAVES";12;25;13;"Vereador";45555;"MARCIA FRANCISCO";1;1155;80001982694;"EMEF FELIPE MODOLO";"R. PRINCIPAL, S/ N"
"28/10/2024";"11:46:22";2024;2;"Eleição Ordinária";1;619;"Eleições Municipais 2024";"06/10/2024";"M";"ES";"56057";"ALFREDO CHAVES";56057;"ALFREDO CHAVES";12;14;13;"Vereador";22;"Partido Liberal";2;1066;-3;"SALÃO DA IGREJA CATÓLICA DE SÃO FRANCISCO DE BATATAL";"RUA PRINCIPAL, S/ N"
"28/10/2024";"11:46:22";2024;2;"Eleição Ordinária";1;619;"Eleições Municipais 2024";"06/10/2024";"M";"ES";"56057";"ALFREDO CHAVES";56057;"ALFREDO CHAVES";12;14;13;"Vereador";40;"Partido Socialista Brasileiro";2;1066;-3;"SALÃO DA IGREJA CATÓLICA DE SÃO FRANCISCO DE BATATAL";"RUA PRINCIPAL, S/ N"
"28/10/2024";"11:46:22";2024;2;"Eleição Ordinária";1;619;"Eleições Municipais 2024";"06/10/2024";"M";"ES";"56057";"ALFREDO CHAVES";56057;"ALFREDO CHAVES";12;26;13;"Vereador";11;"PROGRESSISTAS";2;1163;-3;"EEUEF VILA NOVA DE MARAVILHA";"R. PRINCIPAL, S/ Nº"
"28/10/2024";"11:46:22";2024;2;"Eleição Ordinária";1;619;"Eleições Municipais 2024";"06/10/2024";"M";"ES";"56057";"ALFREDO CHAVES";56057;"ALFREDO CHAVES";12;26;13;"Vereador";40;"Partido Socialista Brasileiro";7;1163;-3;"EEUEF VILA NOVA DE MARAVILHA";"R. PRINCIPAL, S/ Nº"
"28/10/2024";"11:46:22";2024;2;"Eleição Ordinária";1;619;"Eleições Municipais 2024";"06/10/2024";"M";"ES";"56057";"ALFREDO CHAVES";56057;"ALFREDO CHAVES";12;1;13;"Vereador";11;"PROGRESSISTAS";1;1015;-3;"EMEF ANA ARAÚJO";"R. EXPEDICIONARIO OSVALDO SAUDINO"
"28/10/2024";"11:46:22";2024;2;"Eleição Ordinária";1;619;"Eleições Municipais 2024";"06/10/2024";"M";"ES";"56057";"ALFREDO CHAVES";56057;"ALFREDO CHAVES";12;2;13;"Vereador";10;"REPUBLICANOS";1;1015;-3;"EMEF ANA ARAÚJO";"R. EXPEDICIONARIO OSVALDO SAUDINO"
"28/10/2024";"11:46:22";2024;2;"Eleição Ordinária";1;619;"Eleições Municipais 2024";"06/10/2024";"M";"ES";"56057";"ALFREDO CHAVES";56057;"ALFREDO CHAVES";12;2;13;"Vereador";11;"PROGRESSISTAS";2;1015;-3;"EMEF ANA ARAÚJO";"R. EXPEDICIONARIO OSVALDO SAUDINO"
"28/10/2024";"11:46:22";2024;2;"Eleição Ordinária";1;619;"Eleições Municipais 2024";"06/10/2024";"M";"ES";"56057";"ALFREDO CHAVES";56057;"ALFREDO CHAVES";12;2;13;"Vereador";20;"Podemos";1;1015;-3;"EMEF ANA ARAÚJO";"R. EXPEDICIONARIO OSVALDO SAUDINO"
"28/10/2024";"11:46:22";2024;2;"Eleição Ordinária";1;619;"Eleições Municipais 2024";"06/10/2024";"M";"ES";"56057";"ALFREDO CHAVES";56057;"ALFREDO CHAVES";12;2;13;"Vereador";40;"Partido Socialista Brasileiro";1;1015;-3;"EMEF ANA ARAÚJO";"R. EXPEDICIONARIO OSVALDO SAUDINO"
"28/10/2024";"11:46:22";2024;2;"Eleição Ordinária";1;619;"Eleições Municipais 2024";"06/10/2024";"M";"ES";"56057";"ALFREDO CHAVES";56057;"ALFREDO CHAVES";12;5;13;"Vereador";10;"REPUBLICANOS";1;1015;-3;"EMEF ANA ARAÚJO";"R. EXPEDICIONARIO OSVALDO SAUDINO"
"28/10/2024";"11:46:22";2024;2;"Eleição Ordinária";1;619;"Eleições Municipais 2024";"06/10/2024";"M";"ES";"56057";"ALFREDO CHAVES";56057;"ALFREDO CHAVES";12;5;13;"Vereador";20;"Podemos";2;1015;-3;"EMEF ANA ARAÚJO";"R. EXPEDICIONARIO OSVALDO SAUDINO"
"28/10/2024";"11:46:22";2024;2;"Eleição Ordinária";1;619;"Eleições Municipais 2024";"06/10/2024";"M";"ES";"56057";"ALFREDO CHAVES";56057;"ALFREDO CHAVES";12;3;13;"Vereador";10;"REPUBLICANOS";1;1015;-3;"EMEF ANA ARAÚJO";"R. EXPEDICIONARIO OSVALDO SAUDINO"
"28/10/2024";"11:46:22";2024;2;"Eleição Ordinária";1;619;"Eleições Municipais 2024";"06/10/2024";"M";"ES";"56057";"ALFREDO CHAVES";56057;"ALFREDO CHAVES";12;3;13;"Vereador";11;"PROGRESSISTAS";2;1015;-3;"EMEF ANA ARAÚJO";"R. EXPEDICIONARIO OSVALDO SAUDINO"
"28/10/2024";"11:46:22";2024;2;"Eleição Ordinária";1;619;"Eleições Municipais 2024";"06/10/2024";"M";"ES";"56057";"ALFREDO CHAVES";56057;"ALFREDO CHAVES";12;3;13;"Vereador";20;"Podemos";1;1015;-3;"EMEF ANA ARAÚJO";"R. EXPEDICIONARIO OSVALDO SAUDINO"
"28/10/2024";"11:46:22";2024;2;"Eleição Ordinária";1;619;"Eleições Municipais 2024";"06/10/2024";"M";"ES";"56057";"ALFREDO CHAVES";56057;"ALFREDO CHAVES";12;3;13;"Vereador";40;"Partido Socialista Brasileiro";2;1015;-3;"EMEF ANA ARAÚJO";"R. EXPEDICIONARIO OSVALDO SAUDINO"
"28/10/2024";"11:46:22";2024;2;"Eleição Ordinária";1;619;"Eleições Municipais 2024";"06/10/2024";"M";"ES";"56057";"ALFREDO CHAVES";56057;"ALFREDO CHAVES";12;4;13;"Vereador";10;"REPUBLICANOS";1;1015;-3;"EMEF ANA ARAÚJO";"R. EXPEDICIONARIO OSVALDO SAUDINO"
"28/10/2024";"11:46:22";2024;2;"Eleição Ordinária";1;619;"Eleições Municipais 2024";"06/10/2024";"M";"ES";"56057";"ALFREDO CHAVES";56057;"ALFREDO CHAVES";12;4;13;"Vereador";20;"Podemos";1;1015;-3;"EMEF ANA ARAÚJO";"R. EXPEDICIONARIO OSVALDO SAUDINO"
"28/10/2024";"11:46:22";2024;2;"Eleição Ordinária";1;619;"Eleições Municipais 2024";"06/10/2024";"M";"ES";"56057";"ALFREDO CHAVES";56057;"ALFREDO CHAVES";12;4;13;"Vereador";40;"Partido Socialista Brasileiro";2;1015;-3;"EMEF ANA ARAÚJO";"R. EXPEDICIONARIO OSVALDO SAUDINO"
"28/10/2024";"11:46:22";2024;2;"Eleição Ordinária";1;619;"Eleições Municipais 2024";"06/10/2024";"M";"ES";"56057";"ALFREDO CHAVES";56057;"ALFREDO CHAVES";12;13;13;"Vereador";10;"REPUBLICANOS";3;1058;-3;"EMEF ENGANO";"R. PRINCIPAL, S/N"
"28/10/2024";"11:46:22";2024;2;"Eleição Ordinária";1;619;"Eleições Municipais 2024";"06/10/2024";"M";"ES";"56057";"ALFREDO CHAVES";56057;"ALFREDO CHAVES";12;13;13;"Vereador";11;"PROGRESSISTAS";2;1058;-3;"EMEF ENGANO";"R. PRINCIPAL, S/N"
"28/10/2024";"11:46:22";2024;2;"Eleição Ordinária";1;619;"Eleições Municipais 2024";"06/10/2024";"M";"ES";"56057";"ALFREDO CHAVES";56057;"ALFREDO CHAVES";12;13;13;"Vereador";20;"Podemos";1;1058;-3;"EMEF ENGANO";"R. PRINCIPAL, S/N"
"28/10/2024";"11:46:22";2024;2;"Eleição Ordinária";1;619;"Eleições Municipais 2024";"06/10/2024";"M";"ES";"56057";"ALFREDO CHAVES";56057;"ALFREDO CHAVES";12;13;13;"Vereador";40;"Partido Socialista Brasileiro";1;1058;-3;"EMEF ENGANO";"R. PRINCIPAL, S/N"
"28/10/2024";"11:46:22";2024;2;"Eleição Ordinária";1;619;"Eleições Municipais 2024";"06/10/2024";"M";"ES";"56057";"ALFREDO CHAVES";56057;"ALFREDO CHAVES";12;13;13;"Vereador";45;"Partido da Social Democracia Brasileira";1;1058;-3;"EMEF ENGANO";"R. PRINCIPAL, S/N"
"28/10/2024";"11:46:22";2024;2;"Eleição Ordinária";1;619;"Eleições Municipais 2024";"06/10/2024";"M";"ES";"56057";"ALFREDO CHAVES";56057;"ALFREDO CHAVES";12;12;13;"Vereador";10;"REPUBLICANOS";1;1058;-3;"EMEF ENGANO";"R. PRINCIPAL, S/N"
"28/10/2024";"11:46:22";2024;2;"Eleição Ordinária";1;619;"Eleições Municipais 2024";"06/10/2024";"M";"ES";"56057";"ALFREDO CHAVES";56057;"ALFREDO CHAVES";12;12;13;"Vereador";11;"PROGRESSISTAS";1;1058;-3;"EMEF ENGANO";"R. PRINCIPAL, S/N"
"28/10/2024";"11:46:22";2024;2;"Eleição Ordinária";1;619;"Eleições Municipais 2024";"06/10/2024";"M";"ES";"56057";"ALFREDO CHAVES";56057;"ALFREDO CHAVES";12;12;13;"Vereador";22;"Partido Liberal";1;1058;-3;"EMEF ENGANO";"R. PRINCIPAL, S/N"
"28/10/2024";"11:46:22";2024;2;"Eleição Ordinária";1;619;"Eleições Municipais 2024";"06/10/2024";"M";"ES";"56057";"ALFREDO CHAVES";56057;"ALFREDO CHAVES";12;12;13;"Vereador";40;"Partido Socialista Brasileiro";2;1058;-3;"EMEF ENGANO";"R. PRINCIPAL, S/N"
"28/10/2024";"11:46:22";2024;2;"Eleição Ordinária";1;619;"Eleições Municipais 2024";"06/10/2024";"M";"ES";"56057";"ALFREDO CHAVES";56057;"ALFREDO CHAVES";12;19;13;"Vereador";11;"PROGRESSISTAS";2;1104;-3;"SALÃO COMUNITÁRIO DE NOVA ESTRELA";"R. PRINCIPAL, S/ N"
"28/10/2024";"11:46:22";2024;2;"Eleição Ordinária";1;619;"Eleições Municipais 2024";"06/10/2024";"M";"ES";"56057";"ALFREDO CHAVES";56057;"ALFREDO CHAVES";12;19;13;"Vereador";40;"Partido Socialista Brasileiro";3;1104;-3;"SALÃO COMUNITÁRIO DE NOVA ESTRELA";"R. PRINCIPAL, S/ N"
"28/10/2024";"11:46:22";2024;2;"Eleição Ordinária";1;619;"Eleições Municipais 2024";"06/10/2024";"M";"ES";"56057";"ALFREDO CHAVES";56057;"ALFREDO CHAVES";12;19;13;"Vereador";55;"Partido Social Democrático";1;1104;-3;"SALÃO COMUNITÁRIO DE NOVA ESTRELA";"R. PRINCIPAL, S/ N"
"28/10/2024";"11:46:22";2024;2;"Eleição Ordinária";1;619;"Eleições Municipais 2024";"06/10/2024";"M";"ES";"56057";"ALFREDO CHAVES";56057;"ALFREDO CHAVES";12;16;13;"Vereador";22;"Partido Liberal";2;1082;-3;"PRÉDIO DA ANTIGA ESCOLA ALMERINDA BRUNORO";"R. PRINCIPAL, S/ N"
"28/10/2024";"11:46:22";2024;2;"Eleição Ordinária";1;619;"Eleições Municipais 2024";"06/10/2024";"M";"ES";"56057";"ALFREDO CHAVES";56057;"ALFREDO CHAVES";12;16;13;"Vereador";40;"Partido Socialista Brasileiro";1;1082;-3;"PRÉDIO DA ANTIGA ESCOLA ALMERINDA BRUNORO";"R. PRINCIPAL, S/ N"
"28/10/2024";"11:46:22";2024;2;"Eleição Ordinária";1;619;"Eleições Municipais 2024";"06/10/2024";"M";"ES";"56057";"ALFREDO CHAVES";56057;"ALFREDO CHAVES";12;16;13;"Vereador";55;"Partido Social Democrático";1;1082;-3;"PRÉDIO DA ANTIGA ESCOLA ALMERINDA BRUNORO";"R. PRINCIPAL, S/ N"
"28/10/2024";"11:46:22";2024;2;"Eleição Ordinária";1;619;"Eleições Municipais 2024";"06/10/2024";"M";"ES";"56057";"ALFREDO CHAVES";56057;"ALFREDO CHAVES";12;16;13;"Vereador";11;"PROGRESSISTAS";3;1082;-3;"PRÉDIO DA ANTIGA ESCOLA ALMERINDA BRUNORO";"R. PRINCIPAL, S/ N"
"28/10/2024";"11:46:22";2024;2;"Eleição Ordinária";1;619;"Eleições Municipais 2024";"06/10/2024";"M";"ES";"56057";"ALFREDO CHAVES";56057;"ALFREDO CHAVES";12;16;13;"Vereador";20;"Podemos";2;1082;-3;"PRÉDIO DA ANTIGA ESCOLA ALMERINDA BRUNORO";"R. PRINCIPAL, S/ N"
"28/10/2024";"11:46:22";2024;2;"Eleição Ordinária";1;619;"Eleições Municipais 2024";"06/10/2024";"M";"ES";"56057";"ALFREDO CHAVES";56057;"ALFREDO CHAVES";12;17;13;"Vereador";11;"PROGRESSISTAS";5;1090;-3;"EMEF FELIPE MODOLO";"R. PRINCIPAL, S/ N"
"28/10/2024";"11:46:22";2024;2;"Eleição Ordinária";1;619;"Eleições Municipais 2024";"06/10/2024";"M";"ES";"56057";"ALFREDO CHAVES";56057;"ALFREDO CHAVES";12;17;13;"Vereador";20;"Podemos";1;1090;-3;"EMEF FELIPE MODOLO";"R. PRINCIPAL, S/ N"
"28/10/2024";"11:46:22";2024;2;"Eleição Ordinária";1;619;"Eleições Municipais 2024";"06/10/2024";"M";"ES";"56057";"ALFREDO CHAVES";56057;"ALFREDO CHAVES";12;17;13;"Vereador";22;"Partido Liberal";1;1090;-3;"EMEF FELIPE MODOLO";"R. PRINCIPAL, S/ N"
"28/10/2024";"11:46:22";2024;2;"Eleição Ordinária";1;619;"Eleições Municipais 2024";"06/10/2024";"M";"ES";"56057";"ALFREDO CHAVES";56057;"ALFREDO CHAVES";12;17;13;"Vereador";40;"Partido Socialista Brasileiro";1;1090;-3;"EMEF FELIPE MODOLO";"R. PRINCIPAL, S/ N"
"28/10/2024";"11:46:22";2024;2;"Eleição Ordinária";1;619;"Eleições Municipais 2024";"06/10/2024";"M";"ES";"56057";"ALFREDO CHAVES";56057;"ALFREDO CHAVES";12;17;13;"Vereador";45;"Partido da Social Democracia Brasileira";1;1090;-3;"EMEF FELIPE MODOLO";"R. PRINCIPAL, S/ N"
"28/10/2024";"11:46:22";2024;2;"Eleição Ordinária";1;619;"Eleições Municipais 2024";"06/10/2024";"M";"ES";"56057";"ALFREDO CHAVES";56057;"ALFREDO CHAVES";12;34;13;"Vereador";11;"PROGRESSISTAS";2;1171;-3;"EEEFM CAMILA MOTA";"R. NELSON DA COSTA MELLO, S/ N"
"28/10/2024";"11:46:22";2024;2;"Eleição Ordinária";1;619;"Eleições Municipais 2024";"06/10/2024";"M";"ES";"56057";"ALFREDO CHAVES";56057;"ALFREDO CHAVES";12;34;13;"Vereador";22;"Partido Liberal";1;1171;-3;"EEEFM CAMILA MOTA";"R. NELSON DA COSTA MELLO, S/ N"
"28/10/2024";"11:46:22";2024;2;"Eleição Ordinária";1;619;"Eleições Municipais 2024";"06/10/2024";"M";"ES";"56057";"ALFREDO CHAVES";56057;"ALFREDO CHAVES";12;34;13;"Vereador";40;"Partido Socialista Brasileiro";3;1171;-3;"EEEFM CAMILA MOTA";"R. NELSON DA COSTA MELLO, S/ N"
"28/10/2024";"11:46:22";2024;2;"Eleição Ordinária";1;619;"Eleições Municipais 2024";"06/10/2024";"M";"ES";"56057";"ALFREDO CHAVES";56057;"ALFREDO CHAVES";12;31;13;"Vereador";11;"PROGRESSISTAS";5;1171;-3;"EEEFM CAMILA MOTA";"R. NELSON DA COSTA MELLO, S/ N"
"28/10/2024";"11:46:22";2024;2;"Eleição Ordinária";1;619;"Eleições Municipais 2024";"06/10/2024";"M";"ES";"56057";"ALFREDO CHAVES";56057;"ALFREDO CHAVES";12;31;13;"Vereador";20;"Podemos";1;1171;-3;"EEEFM CAMILA MOTA";"R. NELSON DA COSTA MELLO, S/ N"
"28/10/2024";"11:46:22";2024;2;"Eleição Ordinária";1;619;"Eleições Municipais 2024";"06/10/2024";"M";"ES";"56057";"ALFREDO CHAVES";56057;"ALFREDO CHAVES";12;31;13;"Vereador";22;"Partido Liberal";1;1171;-3;"EEEFM CAMILA MOTA";"R. NELSON DA COSTA MELLO, S/ N"
"28/10/2024";"11:46:22";2024;2;"Eleição Ordinária";1;619;"Eleições Municipais 2024";"06/10/2024";"M";"ES";"56057";"ALFREDO CHAVES";56057;"ALFREDO CHAVES";12;31;13;"Vereador";40;"Partido Socialista Brasileiro";2;1171;-3;"EEEFM CAMILA MOTA";"R. NELSON DA COSTA MELLO, S/ N"
"28/10/2024";"11:46:22";2024;2;"Eleição Ordinária";1;619;"Eleições Municipais 2024";"06/10/2024";"M";"ES";"56057";"ALFREDO CHAVES";56057;"ALFREDO CHAVES";12;31;13;"Vereador";45;"Partido da Social Democracia Brasileira";2;1171;-3;"EEEFM CAMILA MOTA";"R. NELSON DA COSTA MELLO, S/ N"
"28/10/2024";"11:46:22";2024;2;"Eleição Ordinária";1;619;"Eleições Municipais 2024";"06/10/2024";"M";"ES";"56057";"ALFREDO CHAVES";56057;"ALFREDO CHAVES";12;28;13;"Vereador";40;"Partido Socialista Brasileiro";3;1074;-3;"SALÃO DA IGREJA DE SÃO MARTINHO";"R. PRINCIPAL, S/ N"
"28/10/2024";"11:46:22";2024;2;"Eleição Ordinária";1;619;"Eleições Municipais 2024";"06/10/2024";"M";"ES";"56057";"ALFREDO CHAVES";56057;"ALFREDO CHAVES";12;37;13;"Vereador";96;"VOTO NULO";2;1228;-1;"CRECHE COMECINHO DE GENTE";"AV. DARCY DE PAULA GAIGHER, S/N"
"28/10/2024";"11:46:22";2024;2;"Eleição Ordinária";1;619;"Eleições Municipais 2024";"06/10/2024";"M";"ES";"56057";"ALFREDO CHAVES";56057;"ALFREDO CHAVES";12;25;13;"Vereador";11555;"HERMES LUIZ MARCHIORI ATHAIDES";1;1155;80001982779;"EMEF FELIPE MODOLO";"R. PRINCIPAL, S/ N"
"28/10/2024";"11:46:22";2024;2;"Eleição Ordinária";1;619;"Eleições Municipais 2024";"06/10/2024";"M";"ES";"56057";"ALFREDO CHAVES";56057;"ALFREDO CHAVES";12;37;13;"Vereador";11444;"MARIA MADALENA PASSOS NUNES";1;1228;80001982775;"CRECHE COMECINHO DE GENTE";"AV. DARCY DE PAULA GAIGHER, S/N"
"28/10/2024";"11:46:22";2024;2;"Eleição Ordinária";1;619;"Eleições Municipais 2024";"06/10/2024";"M";"ES";"56057";"ALFREDO CHAVES";56057;"ALFREDO CHAVES";12;26;13;"Vereador";96;"VOTO NULO";2;1163;-1;"EEUEF VILA NOVA DE MARAVILHA";"R. PRINCIPAL, S/ Nº"
"28/10/2024";"11:46:22";2024;2;"Eleição Ordinária";1;619;"Eleições Municipais 2024";"06/10/2024";"M";"ES";"56057";"ALFREDO CHAVES";56057;"ALFREDO CHAVES";12;3;13;"Vereador";11222;"KATIUSCIA SARTORI SILVA COMINOTTI";1;1015;80001982782;"EMEF ANA ARAÚJO";"R. EXPEDICIONARIO OSVALDO SAUDINO"
"28/10/2024";"11:46:22";2024;2;"Eleição Ordinária";1;619;"Eleições Municipais 2024";"06/10/2024";"M";"ES";"56057";"ALFREDO CHAVES";56057;"ALFREDO CHAVES";12;6;13;"Vereador";20123;"ARMANDO ZANATA INGLE RIBEIRO";11;1023;80001947278;"EEEFM CAMILA MOTA";"R. NELSON DA COSTA MELLO, S/ N"
"28/10/2024";"11:46:22";2024;2;"Eleição Ordinária";1;619;"Eleições Municipais 2024";"06/10/2024";"M";"ES";"56057";"ALFREDO CHAVES";56057;"ALFREDO CHAVES";12;37;13;"Vereador";11122;"ALONCIO QUINTINO FRANCO";2;1228;80001982778;"CRECHE COMECINHO DE GENTE";"AV. DARCY DE PAULA GAIGHER, S/N"
"28/10/2024";"11:46:22";2024;2;"Eleição Ordinária";1;619;"Eleições Municipais 2024";"06/10/2024";"M";"ES";"56057";"ALFREDO CHAVES";56057;"ALFREDO CHAVES";12;5;11;"Prefeito";95;"VOTO BRANCO";1;1015;-1;"EMEF ANA ARAÚJO";"R. EXPEDICIONARIO OSVALDO SAUDINO"
"28/10/2024";"11:46:22";2024;2;"Eleição Ordinária";1;619;"Eleições Municipais 2024";"06/10/2024";"M";"ES";"56057";"ALFREDO CHAVES";56057;"ALFREDO CHAVES";12;6;11;"Prefeito";95;"VOTO BRANCO";6;1023;-1;"EEEFM CAMILA MOTA";"R. NELSON DA COSTA MELLO, S/ N"
"28/10/2024";"11:46:22";2024;2;"Eleição Ordinária";1;619;"Eleições Municipais 2024";"06/10/2024";"M";"ES";"56057";"ALFREDO CHAVES";56057;"ALFREDO CHAVES";12;5;13;"Vereador";11100;"TAIS LIMA TEIXEIRA ULIANA";3;1015;80001982780;"EMEF ANA ARAÚJO";"R. EXPEDICIONARIO OSVALDO SAUDINO"
"28/10/2024";"11:46:22";2024;2;"Eleição Ordinária";1;619;"Eleições Municipais 2024";"06/10/2024";"M";"ES";"56057";"ALFREDO CHAVES";56057;"ALFREDO CHAVES";12;30;11;"Prefeito";22;"LUIZ CLAUDIO BOLDRINI";22;1171;80002271252;"EEEFM CAMILA MOTA";"R. NELSON DA COSTA MELLO, S/ N"
"28/10/2024";"11:46:22";2024;2;"Eleição Ordinária";1;619;"Eleições Municipais 2024";"06/10/2024";"M";"ES";"56057";"ALFREDO CHAVES";56057;"ALFREDO CHAVES";12;22;13;"Vereador";11555;"HERMES LUIZ MARCHIORI ATHAIDES";14;1139;80001982779;"EMEF SAGRADA FAMÍLIA";"R. PRINCIPAL, S/ N"
"28/10/2024";"11:46:22";2024;2;"Eleição Ordinária";1;619;"Eleições Municipais 2024";"06/10/2024";"M";"ES";"56057";"ALFREDO CHAVES";56057;"ALFREDO CHAVES";12;24;13;"Vereador";95;"VOTO BRANCO";4;1147;-1;"SALÃO COMUNITÁRIO DE SÃO BENTO DE URÂNIA";"R. PRINCIPAL, S/ N"
"28/10/2024";"11:46:22";2024;2;"Eleição Ordinária";1;619;"Eleições Municipais 2024";"06/10/2024";"M";"ES";"56057";"ALFREDO CHAVES";56057;"ALFREDO CHAVES";12;34;13;"Vereador";10400;"GABRIEL NICHETI";2;1171;80001966350;"EEEFM CAMILA MOTA";"R. NELSON DA COSTA MELLO, S/ N"
"28/10/2024";"11:46:22";2024;2;"Eleição Ordinária";1;619;"Eleições Municipais 2024";"06/10/2024";"M";"ES";"56057";"ALFREDO CHAVES";56057;"ALFREDO CHAVES";12;4;13;"Vereador";22333;"MARIA DO CARMO LORENZINI DESTEFANI";1;1015;80002230755;"EMEF ANA ARAÚJO";"R. EXPEDICIONARIO OSVALDO SAUDINO"
"28/10/2024";"11:46:22";2024;2;"Eleição Ordinária";1;619;"Eleições Municipais 2024";"06/10/2024";"M";"ES";"56057";"ALFREDO CHAVES";56057;"ALFREDO CHAVES";12;19;13;"Vereador";11222;"KATIUSCIA SARTORI SILVA COMINOTTI";2;1104;80001982782;"SALÃO COMUNITÁRIO DE NOVA ESTRELA";"R. PRINCIPAL, S/ N"
"28/10/2024";"11:46:22";2024;2;"Eleição Ordinária";1;619;"Eleições Municipais 2024";"06/10/2024";"M";"ES";"56057";"ALFREDO CHAVES";56057;"ALFREDO CHAVES";12;10;13;"Vereador";96;"VOTO NULO";1;1040;-1;"EEEF DE CRUBIXÁ";"R. PRINCIPAL, S/ Nº"
"28/10/2024";"11:46:22";2024;2;"Eleição Ordinária";1;619;"Eleições Municipais 2024";"06/10/2024";"M";"ES";"56057";"ALFREDO CHAVES";56057;"ALFREDO CHAVES";12;2;13;"Vereador";22333;"MARIA DO CARMO LORENZINI DESTEFANI";3;1015;80002230755;"EMEF ANA ARAÚJO";"R. EXPEDICIONARIO OSVALDO SAUDINO"
"28/10/2024";"11:46:22";2024;2;"Eleição Ordinária";1;619;"Eleições Municipais 2024";"06/10/2024";"M";"ES";"56057";"ALFREDO CHAVES";56057;"ALFREDO CHAVES";12;31;13;"Vereador";22333;"MARIA DO CARMO LORENZINI DESTEFANI";1;1171;80002230755;"EEEFM CAMILA MOTA";"R. NELSON DA COSTA MELLO, S/ N"
"28/10/2024";"11:46:22";2024;2;"Eleição Ordinária";1;619;"Eleições Municipais 2024";"06/10/2024";"M";"ES";"56057";"ALFREDO CHAVES";56057;"ALFREDO CHAVES";12;22;11;"Prefeito";40;"ROLMAR BOTECCHIA";111;1139;80001947211;"EMEF SAGRADA FAMÍLIA";"R. PRINCIPAL, S/ N"
"28/10/2024";"11:46:22";2024;2;"Eleição Ordinária";1;619;"Eleições Municipais 2024";"06/10/2024";"M";"ES";"56057";"ALFREDO CHAVES";56057;"ALFREDO CHAVES";12;4;13;"Vereador";11444;"MARIA MADALENA PASSOS NUNES";1;1015;80001982775;"EMEF ANA ARAÚJO";"R. EXPEDICIONARIO OSVALDO SAUDINO"
"28/10/2024";"11:46:22";2024;2;"Eleição Ordinária";1;619;"Eleições Municipais 2024";"06/10/2024";"M";"ES";"56057";"ALFREDO CHAVES";56057;"ALFREDO CHAVES";12;10;13;"Vereador";11555;"HERMES LUIZ MARCHIORI ATHAIDES";21;1040;80001982779;"EEEF DE CRUBIXÁ";"R. PRINCIPAL, S/ Nº"
"28/10/2024";"11:46:22";2024;2;"Eleição Ordinária";1;619;"Eleições Municipais 2024";"06/10/2024";"M";"ES";"56057";"ALFREDO CHAVES";56057;"ALFREDO CHAVES";12;5;13;"Vereador";40555;"DANIEL ORLANDI";8;1015;80001947149;"EMEF ANA ARAÚJO";"R. EXPEDICIONARIO OSVALDO SAUDINO"
"28/10/2024";"11:46:22";2024;2;"Eleição Ordinária";1;619;"Eleições Municipais 2024";"06/10/2024";"M";"ES";"56057";"ALFREDO CHAVES";56057;"ALFREDO CHAVES";12;26;13;"Vereador";20123;"ARMANDO ZANATA INGLE RIBEIRO";2;1163;80001947278;"EEUEF VILA NOVA DE MARAVILHA";"R. PRINCIPAL, S/ Nº"
"28/10/2024";"11:46:22";2024;2;"Eleição Ordinária";1;619;"Eleições Municipais 2024";"06/10/2024";"M";"ES";"56057";"ALFREDO CHAVES";56057;"ALFREDO CHAVES";12;3;13;"Vereador";22022;"SAMUEL ARDIZZON BELMOK";3;1015;80002230759;"EMEF ANA ARAÚJO";"R. EXPEDICIONARIO OSVALDO SAUDINO"
"28/10/2024";"11:46:22";2024;2;"Eleição Ordinária";1;619;"Eleições Municipais 2024";"06/10/2024";"M";"ES";"56057";"ALFREDO CHAVES";56057;"ALFREDO CHAVES";12;7;13;"Vereador";20123;"ARMANDO ZANATA INGLE RIBEIRO";4;1171;80001947278;"EEEFM CAMILA MOTA";"R. NELSON DA COSTA MELLO, S/ N"
"28/10/2024";"11:46:22";2024;2;"Eleição Ordinária";1;619;"Eleições Municipais 2024";"06/10/2024";"M";"ES";"56057";"ALFREDO CHAVES";56057;"ALFREDO CHAVES";12;13;13;"Vereador";11122;"ALONCIO QUINTINO FRANCO";10;1058;80001982778;"EMEF ENGANO";"R. PRINCIPAL, S/N"
"28/10/2024";"11:46:22";2024;2;"Eleição Ordinária";1;619;"Eleições Municipais 2024";"06/10/2024";"M";"ES";"56057";"ALFREDO CHAVES";56057;"ALFREDO CHAVES";12;16;11;"Prefeito";40;"ROLMAR BOTECCHIA";88;1082;80001947211;"PRÉDIO DA ANTIGA ESCOLA ALMERINDA BRUNORO";"R. PRINCIPAL, S/ N"
"28/10/2024";"11:46:22";2024;2;"Eleição Ordinária";1;619;"Eleições Municipais 2024";"06/10/2024";"M";"ES";"56057";"ALFREDO CHAVES";56057;"ALFREDO CHAVES";12;37;13;"Vereador";20000;"IZABEL PARMAGNANI";2;1228;80001947279;"CRECHE COMECINHO DE GENTE";"AV. DARCY DE PAULA GAIGHER, S/N"
"28/10/2024";"11:46:22";2024;2;"Eleição Ordinária";1;619;"Eleições Municipais 2024";"06/10/2024";"M";"ES";"56057";"ALFREDO CHAVES";56057;"ALFREDO CHAVES";12;3;13;"Vereador";45000;"WARLEI FERRARINI PESSALI";9;1015;80001982698;"EMEF ANA ARAÚJO";"R. EXPEDICIONARIO OSVALDO SAUDINO"
"28/10/2024";"11:46:22";2024;2;"Eleição Ordinária";1;619;"Eleições Municipais 2024";"06/10/2024";"M";"ES";"56057";"ALFREDO CHAVES";56057;"ALFREDO CHAVES";12;5;13;"Vereador";10400;"GABRIEL NICHETI";2;1015;80001966350;"EMEF ANA ARAÚJO";"R. EXPEDICIONARIO OSVALDO SAUDINO"
"28/10/2024";"11:46:22";2024;2;"Eleição Ordinária";1;619;"Eleições Municipais 2024";"06/10/2024";"M";"ES";"56057";"ALFREDO CHAVES";56057;"ALFREDO CHAVES";12;35;13;"Vereador";10789;"LUIS ALBERTO BIANCHI";2;1171;80001966357;"EEEFM CAMILA MOTA";"R. NELSON DA COSTA MELLO, S/ N"
"28/10/2024";"11:46:22";2024;2;"Eleição Ordinária";1;619;"Eleições Municipais 2024";"06/10/2024";"M";"ES";"56057";"ALFREDO CHAVES";56057;"ALFREDO CHAVES";12;39;13;"Vereador";55152;"ARILDO ALVES";6;1244;80001947338;"CRECHE PEQUERRUCHOS";"RUA ANTÔNIO CLAUDIO GAIGHER, 19"
"28/10/2024";"11:46:22";2024;2;"Eleição Ordinária";1;619;"Eleições Municipais 2024";"06/10/2024";"M";"ES";"56057";"ALFREDO CHAVES";56057;"ALFREDO CHAVES";12;25;11;"Prefeito";22;"LUIZ CLAUDIO BOLDRINI";65;1155;80002271252;"EMEF FELIPE MODOLO";"R. PRINCIPAL, S/ N"
"28/10/2024";"11:46:22";2024;2;"Eleição Ordinária";1;619;"Eleições Municipais 2024";"06/10/2024";"M";"ES";"56057";"ALFREDO CHAVES";56057;"ALFREDO CHAVES";12;1;13;"Vereador";11222;"KATIUSCIA SARTORI SILVA COMINOTTI";1;1015;80001982782;"EMEF ANA ARAÚJO";"R. EXPEDICIONARIO OSVALDO SAUDINO"
"28/10/2024";"11:46:22";2024;2;"Eleição Ordinária";1;619;"Eleições Municipais 2024";"06/10/2024";"M";"ES";"56057";"ALFREDO CHAVES";56057;"ALFREDO CHAVES";12;12;13;"Vereador";11222;"KATIUSCIA SARTORI SILVA COMINOTTI";5;1058;80001982782;"EMEF ENGANO";"R. PRINCIPAL, S/N"
"28/10/2024";"11:46:22";2024;2;"Eleição Ordinária";1;619;"Eleições Municipais 2024";"06/10/2024";"M";"ES";"56057";"ALFREDO CHAVES";56057;"ALFREDO CHAVES";12;96;11;"Prefeito";40;"ROLMAR BOTECCHIA";11;1147;80001947211;"SALÃO COMUNITÁRIO DE SÃO BENTO DE URÂNIA";"R. PRINCIPAL, S/ N"
"28/10/2024";"11:46:22";2024;2;"Eleição Ordinária";1;619;"Eleições Municipais 2024";"06/10/2024";"M";"ES";"56057";"ALFREDO CHAVES";56057;"ALFREDO CHAVES";12;8;13;"Vereador";55000;"JONAS NUNES SIMÕES";4;1023;80001947340;"EEEFM CAMILA MOTA";"R. NELSON DA COSTA MELLO, S/ N"
"28/10/2024";"11:46:22";2024;2;"Eleição Ordinária";1;619;"Eleições Municipais 2024";"06/10/2024";"M";"ES";"56057";"ALFREDO CHAVES";56057;"ALFREDO CHAVES";12;33;13;"Vereador";45000;"WARLEI FERRARINI PESSALI";4;1171;80001982698;"EEEFM CAMILA MOTA";"R. NELSON DA COSTA MELLO, S/ N"
"28/10/2024";"11:46:22";2024;2;"Eleição Ordinária";1;619;"Eleições Municipais 2024";"06/10/2024";"M";"ES";"56057";"ALFREDO CHAVES";56057;"ALFREDO CHAVES";12;29;13;"Vereador";40444;"ALAESSO LORENZON";91;1147;80001947150;"SALÃO COMUNITÁRIO DE SÃO BENTO DE URÂNIA";"R. PRINCIPAL, S/ N"
"28/10/2024";"11:46:22";2024;2;"Eleição Ordinária";1;619;"Eleições Municipais 2024";"06/10/2024";"M";"ES";"56057";"ALFREDO CHAVES";56057;"ALFREDO CHAVES";12;38;11;"Prefeito";95;"VOTO BRANCO";2;1244;-1;"CRECHE PEQUERRUCHOS";"RUA ANTÔNIO CLAUDIO GAIGHER, 19"
"28/10/2024";"11:46:22";2024;2;"Eleição Ordinária";1;619;"Eleições Municipais 2024";"06/10/2024";"M";"ES";"56057";"ALFREDO CHAVES";56057;"ALFREDO CHAVES";12;39;13;"Vereador";40222;"LUCIANO BELLON";1;1244;80001947156;"CRECHE PEQUERRUCHOS";"RUA ANTÔNIO CLAUDIO GAIGHER, 19"
"28/10/2024";"11:46:22";2024;2;"Eleição Ordinária";1;619;"Eleições Municipais 2024";"06/10/2024";"M";"ES";"56057";"ALFREDO CHAVES";56057;"ALFREDO CHAVES";12;16;13;"Vereador";20123;"ARMANDO ZANATA INGLE RIBEIRO";7;1082;80001947278;"PRÉDIO DA ANTIGA ESCOLA ALMERINDA BRUNORO";"R. PRINCIPAL, S/ N"
"28/10/2024";"11:46:22";2024;2;"Eleição Ordinária";1;619;"Eleições Municipais 2024";"06/10/2024";"M";"ES";"56057";"ALFREDO CHAVES";56057;"ALFREDO CHAVES";12;17;13;"Vereador";45666;"SERGIO BIANCHI";3;1090;80001982693;"EMEF FELIPE MODOLO";"R. PRINCIPAL, S/ N"
"28/10/2024";"11:46:22";2024;2;"Eleição Ordinária";1;619;"Eleições Municipais 2024";"06/10/2024";"M";"ES";"56057";"ALFREDO CHAVES";56057;"ALFREDO CHAVES";12;5;13;"Vereador";20123;"ARMANDO ZANATA INGLE RIBEIRO";12;1015;80001947278;"EMEF ANA ARAÚJO";"R. EXPEDICIONARIO OSVALDO SAUDINO"
"28/10/2024";"11:46:22";2024;2;"Eleição Ordinária";1;619;"Eleições Municipais 2024";"06/10/2024";"M";"ES";"56057";"ALFREDO CHAVES";56057;"ALFREDO CHAVES";12;11;13;"Vereador";40369;"MARIA AUGUSTA BUFFOLO";8;1040;80001947154;"EEEF DE CRUBIXÁ";"R. PRINCIPAL, S/ Nº"
"28/10/2024";"11:46:22";2024;2;"Eleição Ordinária";1;619;"Eleições Municipais 2024";"06/10/2024";"M";"ES";"56057";"ALFREDO CHAVES";56057;"ALFREDO CHAVES";12;27;11;"Prefeito";95;"VOTO BRANCO";1;1171;-1;"EEEFM CAMILA MOTA";"R. NELSON DA COSTA MELLO, S/ N"
"28/10/2024";"11:46:22";2024;2;"Eleição Ordinária";1;619;"Eleições Municipais 2024";"06/10/2024";"M";"ES";"56057";"ALFREDO CHAVES";56057;"ALFREDO CHAVES";12;17;13;"Vereador";20000;"IZABEL PARMAGNANI";1;1090;80001947279;"EMEF FELIPE MODOLO";"R. PRINCIPAL, S/ N"
"28/10/2024";"11:46:22";2024;2;"Eleição Ordinária";1;619;"Eleições Municipais 2024";"06/10/2024";"M";"ES";"56057";"ALFREDO CHAVES";56057;"ALFREDO CHAVES";12;37;11;"Prefeito";40;"ROLMAR BOTECCHIA";91;1228;80001947211;"CRECHE COMECINHO DE GENTE";"AV. DARCY DE PAULA GAIGHER, S/N"
"28/10/2024";"11:46:22";2024;2;"Eleição Ordinária";1;619;"Eleições Municipais 2024";"06/10/2024";"M";"ES";"56057";"ALFREDO CHAVES";56057;"ALFREDO CHAVES";12;13;13;"Vereador";55000;"JONAS NUNES SIMÕES";14;1058;80001947340;"EMEF ENGANO";"R. PRINCIPAL, S/N"
"28/10/2024";"11:46:22";2024;2;"Eleição Ordinária";1;619;"Eleições Municipais 2024";"06/10/2024";"M";"ES";"56057";"ALFREDO CHAVES";56057;"ALFREDO CHAVES";12;10;13;"Vereador";20678;"ADIMAR DE SOUZA MEDINA";2;1040;80001947277;"EEEF DE CRUBIXÁ";"R. PRINCIPAL, S/ Nº"
"28/10/2024";"11:46:22";2024;2;"Eleição Ordinária";1;619;"Eleições Municipais 2024";"06/10/2024";"M";"ES";"56057";"ALFREDO CHAVES";56057;"ALFREDO CHAVES";12;98;13;"Vereador";11;"PROGRESSISTAS";1;1090;-3;"EMEF FELIPE MODOLO";"R. PRINCIPAL, S/ N"
"28/10/2024";"11:46:22";2024;2;"Eleição Ordinária";1;619;"Eleições Municipais 2024";"06/10/2024";"M";"ES";"56057";"ALFREDO CHAVES";56057;"ALFREDO CHAVES";12;30;13;"Vereador";11;"PROGRESSISTAS";2;1171;-3;"EEEFM CAMILA MOTA";"R. NELSON DA COSTA MELLO, S/ N"
"28/10/2024";"11:46:22";2024;2;"Eleição Ordinária";1;619;"Eleições Municipais 2024";"06/10/2024";"M";"ES";"56057";"ALFREDO CHAVES";56057;"ALFREDO CHAVES";12;30;13;"Vereador";55;"Partido Social Democrático";1;1171;-3;"EEEFM CAMILA MOTA";"R. NELSON DA COSTA MELLO, S/ N"