"DT_GERACAO";"HH_GERACAO";"ANO_ELEICAO";"CD_TIPO_ELEICAO";"NM_TIPO_ELEICAO";"NR_TURNO";"CD_ELEICAO";"DS_ELEICAO";"DT_ELEICAO";"TP_ABRANGENCIA";"SG_UF";"SG_UE";"NM_UE";"CD_MUNICIPIO";"NM_MUNICIPIO";"NR_ZONA";"NR_SECAO";"CD_CARGO";"DS_CARGO";"NR_VOTAVEL";"NM_VOTAVEL";"QT_VOTOS";"NR_LOCAL_VOTACAO";"SQ_CANDIDATO";"NM_LOCAL_VOTACAO";"DS_LOCAL_VOTACAO_ENDERECO"
"16/09/2024";"17:49:23";2020;2;"Eleição Ordinária";1;426;"Eleições Municipais 2020";"15/11/2020";"M";"ES";"56057";"ALFREDO CHAVES";56057;"ALFREDO CHAVES";12;23;11;"Prefeito";40;"FERNANDO VIDEIRA LAFAYETTE";192;1139;80000680338;"EMEF SAGRADA FAMÍLIA";"R. PRINCIPAL, S/ N"
"16/09/2024";"17:49:23";2020;2;"Eleição Ordinária";1;426;"Eleições Municipais 2020";"15/11/2020";"M";"ES";"56057";"ALFREDO CHAVES";56057;"ALFREDO CHAVES";12;85;11;"Prefeito";40;"FERNANDO VIDEIRA LAFAYETTE";166;1244;80000680338;"CRECHE PEQUERRUCHOS";"RUA ANTÔNIO CLAUDIO GAIGHER, 19"
"16/09/2024";"17:49:23";2020;2;"Eleição Ordinária";1;426;"Eleições Municipais 2020";"15/11/2020";"M";"ES";"56057";"ALFREDO CHAVES";56057;"ALFREDO CHAVES";12;9;11;"Prefeito";40;"FERNANDO VIDEIRA LAFAYETTE";96;1031;80000680338;"EMEF FAZENDA APARECIDA";"R. PRINCIPAL, S/ Nº"
"16/09/2024";"17:49:23";2020;2;"Eleição Ordinária";1;426;"Eleições Municipais 2020";"15/11/2020";"M";"ES";"56057";"ALFREDO CHAVES";56057;"ALFREDO CHAVES";12;21;11;"Prefeito";96;"VOTO NULO";17;1120;-1;"EMUEF QUARTO TERRITÓRIO";"R. PRINCIPAL , S/ N"
"16/09/2024";"17:49:23";2020;2;"Eleição Ordinária";1;426;"Eleições Municipais 2020";"15/11/2020";"M";"ES";"56057";"ALFREDO CHAVES";56057;"ALFREDO CHAVES";12;19;11;"Prefeito";96;"VOTO NULO";4;1104;-1;"SALÃO COMUNITÁRIO DE NOVA ESTRELA";"R. PRINCIPAL, S/ Nº"
"16/09/2024";"17:49:23";2020;2;"Eleição Ordinária";1;426;"Eleições Municipais 2020";"15/11/2020";"M";"ES";"56057";"ALFREDO CHAVES";56057;"ALFREDO CHAVES";12;17;11;"Prefeito";96;"VOTO NULO";12;1090;-1;"EMEF FELIPE MODOLO";"R. PRINCIPAL, S/ N"
"16/09/2024";"17:49:23";2020;2;"Eleição Ordinária";1;426;"Eleições Municipais 2020";"15/11/2020";"M";"ES";"56057";"ALFREDO CHAVES";56057;"ALFREDO CHAVES";12;29;11;"Prefeito";96;"VOTO NULO";22;1147;-1;"EMEF SÃO BENTO DE URÂNIA";"R. PRINCIPAL, S/ Nº"
"16/09/2024";"17:49:23";2020;2;"Eleição Ordinária";1;426;"Eleições Municipais 2020";"15/11/2020";"M";"ES";"56057";"ALFREDO CHAVES";56057;"ALFREDO CHAVES";12;28;11;"Prefeito";96;"VOTO NULO";7;1074;-1;"SALÃO DA IGREJA CATÓLICA DE IRIRITIMIRIM";"R. PRINCIPAL, S/ N"
"16/09/2024";"17:49:23";2020;2;"Eleição Ordinária";1;426;"Eleições Municipais 2020";"15/11/2020";"M";"ES";"56057";"ALFREDO CHAVES";56057;"ALFREDO CHAVES";12;41;11;"Prefeito";12;"ARMANDO NOLASCO RIBEIRO";16;1236;80001042824;"NACCA-ANTIGO PETI";"RUA THOMAZ COELHO, S/N AO LADO DA BIBLIOTECA MUNICIPAL"
"16/09/2024";"17:49:23";2020;2;"Eleição Ordinária";1;426;"Eleições Municipais 2020";"15/11/2020";"M";"ES";"56057";"ALFREDO CHAVES";56057;"ALFREDO CHAVES";12;26;11;"Prefeito";12;"ARMANDO NOLASCO RIBEIRO";4;1163;80001042824;"EEUEF VILA NOVA DE MARAVILHA";"R. PRINCIPAL, S/ Nº"
"16/09/2024";"17:49:23";2020;2;"Eleição Ordinária";1;426;"Eleições Municipais 2020";"15/11/2020";"M";"ES";"56057";"ALFREDO CHAVES";56057;"ALFREDO CHAVES";12;13;13;"Vereador";40400;"MARCELO CRISTIANO CARDOSO FARIA";2;1058;80000666563;"EEEF ENGANO";"R. PRINCIPAL, S/ Nº"
"16/09/2024";"17:49:23";2020;2;"Eleição Ordinária";1;426;"Eleições Municipais 2020";"15/11/2020";"M";"ES";"56057";"ALFREDO CHAVES";56057;"ALFREDO CHAVES";12;19;13;"Vereador";40400;"MARCELO CRISTIANO CARDOSO FARIA";5;1104;80000666563;"SALÃO COMUNITÁRIO DE NOVA ESTRELA";"R. PRINCIPAL, S/ Nº"
"16/09/2024";"17:49:23";2020;2;"Eleição Ordinária";1;426;"Eleições Municipais 2020";"15/11/2020";"M";"ES";"56057";"ALFREDO CHAVES";56057;"ALFREDO CHAVES";12;12;13;"Vereador";14777;"MARIA LUCIA GOMES TEIXEIRA";1;1058;80000683173;"EEEF ENGANO";"R. PRINCIPAL, S/ Nº"
"16/09/2024";"17:49:23";2020;2;"Eleição Ordinária";1;426;"Eleições Municipais 2020";"15/11/2020";"M";"ES";"56057";"ALFREDO CHAVES";56057;"ALFREDO CHAVES";12;4;13;"Vereador";40400;"MARCELO CRISTIANO CARDOSO FARIA";14;1015;80000666563;"EMEF ANA ARAÚJO";"R. EXPEDICIONARIO OSVALDO SAUDINO"
"16/09/2024";"17:49:23";2020;2;"Eleição Ordinária";1;426;"Eleições Municipais 2020";"15/11/2020";"M";"ES";"56057";"ALFREDO CHAVES";56057;"ALFREDO CHAVES";12;1;13;"Vereador";45333;"DIEYSON GONÇALVES DA ROSA";2;1015;80000666652;"EMEF ANA ARAÚJO";"R. EXPEDICIONARIO OSVALDO SAUDINO"
"16/09/2024";"17:49:23";2020;2;"Eleição Ordinária";1;426;"Eleições Municipais 2020";"15/11/2020";"M";"ES";"56057";"ALFREDO CHAVES";56057;"ALFREDO CHAVES";12;8;11;"Prefeito";96;"VOTO NULO";11;1023;-1;"GINÁSIO DE ESPORTES DE ALFREDO CHAVES";"RUA NELSON JOSÉ DA COSTA MELO, S/N"
"16/09/2024";"17:49:23";2020;2;"Eleição Ordinária";1;426;"Eleições Municipais 2020";"15/11/2020";"M";"ES";"56057";"ALFREDO CHAVES";56057;"ALFREDO CHAVES";12;18;11;"Prefeito";96;"VOTO NULO";4;1090;-1;"EMEF FELIPE MODOLO";"R. PRINCIPAL, S/ N"
"16/09/2024";"17:49:23";2020;2;"Eleição Ordinária";1;426;"Eleições Municipais 2020";"15/11/2020";"M";"ES";"56057";"ALFREDO CHAVES";56057;"ALFREDO CHAVES";12;3;11;"Prefeito";96;"VOTO NULO";15;1015;-1;"EMEF ANA ARAÚJO";"R. EXPEDICIONARIO OSVALDO SAUDINO"
"16/09/2024";"17:49:23";2020;2;"Eleição Ordinária";1;426;"Eleições Municipais 2020";"15/11/2020";"M";"ES";"56057";"ALFREDO CHAVES";56057;"ALFREDO CHAVES";12;11;13;"Vereador";11111;"AMÉLIA DUARTE BEZERRA";3;1040;80000848886;"EEEF DE CRUBIXÁ";"R. PRINCIPAL, S/ Nº"
"16/09/2024";"17:49:23";2020;2;"Eleição Ordinária";1;426;"Eleições Municipais 2020";"15/11/2020";"M";"ES";"56057";"ALFREDO CHAVES";56057;"ALFREDO CHAVES";12;1;13;"Vereador";14777;"MARIA LUCIA GOMES TEIXEIRA";2;1015;80000683173;"EMEF ANA ARAÚJO";"R. EXPEDICIONARIO OSVALDO SAUDINO"
"16/09/2024";"17:49:23";2020;2;"Eleição Ordinária";1;426;"Eleições Municipais 2020";"15/11/2020";"M";"ES";"56057";"ALFREDO CHAVES";56057;"ALFREDO CHAVES";12;35;13;"Vereador";45666;"PETRONIO LOUSADA";1;1171;80000666643;"EEEFM CAMILA MOTA";"R. NELSON DA COSTA MELLO, S/ N"
"16/09/2024";"17:49:23";2020;2;"Eleição Ordinária";1;426;"Eleições Municipais 2020";"15/11/2020";"M";"ES";"56057";"ALFREDO CHAVES";56057;"ALFREDO CHAVES";12;30;13;"Vereador";45666;"PETRONIO LOUSADA";2;1171;80000666643;"EEEFM CAMILA MOTA";"R. NELSON DA COSTA MELLO, S/ N"
"16/09/2024";"17:49:23";2020;2;"Eleição Ordinária";1;426;"Eleições Municipais 2020";"15/11/2020";"M";"ES";"56057";"ALFREDO CHAVES";56057;"ALFREDO CHAVES";12;34;13;"Vereador";45666;"PETRONIO LOUSADA";2;1171;80000666643;"EEEFM CAMILA MOTA";"R. NELSON DA COSTA MELLO, S/ N"
"16/09/2024";"17:49:23";2020;2;"Eleição Ordinária";1;426;"Eleições Municipais 2020";"15/11/2020";"M";"ES";"56057";"ALFREDO CHAVES";56057;"ALFREDO CHAVES";12;85;13;"Vereador";40999;"EMILIA DAS GRAÇAS ALVES PADILHA DOMINGUES";2;1244;80000666562;"CRECHE PEQUERRUCHOS";"RUA ANTÔNIO CLAUDIO GAIGHER, 19"
"16/09/2024";"17:49:23";2020;2;"Eleição Ordinária";1;426;"Eleições Municipais 2020";"15/11/2020";"M";"ES";"56057";"ALFREDO CHAVES";56057;"ALFREDO CHAVES";12;23;13;"Vereador";40999;"EMILIA DAS GRAÇAS ALVES PADILHA DOMINGUES";3;1139;80000666562;"EMEF SAGRADA FAMÍLIA";"R. PRINCIPAL, S/ N"
"16/09/2024";"17:49:23";2020;2;"Eleição Ordinária";1;426;"Eleições Municipais 2020";"15/11/2020";"M";"ES";"56057";"ALFREDO CHAVES";56057;"ALFREDO CHAVES";12;14;11;"Prefeito";10;"RONALDO BIANCHI";91;1066;80000682642;"SALÃO DA IGREJA CATÓLICA DE SÃO BENTO DE BATATAL";"RUA PRINCIPAL, S/ N"
"16/09/2024";"17:49:23";2020;2;"Eleição Ordinária";1;426;"Eleições Municipais 2020";"15/11/2020";"M";"ES";"56057";"ALFREDO CHAVES";56057;"ALFREDO CHAVES";12;8;13;"Vereador";45321;"VALDIRENE BRANDÃO ANDRADE SÓRIO";5;1023;80000666654;"GINÁSIO DE ESPORTES DE ALFREDO CHAVES";"RUA NELSON JOSÉ DA COSTA MELO, S/N"
"16/09/2024";"17:49:23";2020;2;"Eleição Ordinária";1;426;"Eleições Municipais 2020";"15/11/2020";"M";"ES";"56057";"ALFREDO CHAVES";56057;"ALFREDO CHAVES";12;21;13;"Vereador";40400;"MARCELO CRISTIANO CARDOSO FARIA";5;1120;80000666563;"EMUEF QUARTO TERRITÓRIO";"R. PRINCIPAL , S/ N"
"16/09/2024";"17:49:23";2020;2;"Eleição Ordinária";1;426;"Eleições Municipais 2020";"15/11/2020";"M";"ES";"56057";"ALFREDO CHAVES";56057;"ALFREDO CHAVES";12;22;11;"Prefeito";95;"VOTO BRANCO";6;1139;-1;"EMEF SAGRADA FAMÍLIA";"R. PRINCIPAL, S/ N"
"16/09/2024";"17:49:23";2020;2;"Eleição Ordinária";1;426;"Eleições Municipais 2020";"15/11/2020";"M";"ES";"56057";"ALFREDO CHAVES";56057;"ALFREDO CHAVES";12;35;13;"Vereador";14777;"MARIA LUCIA GOMES TEIXEIRA";1;1171;80000683173;"EEEFM CAMILA MOTA";"R. NELSON DA COSTA MELLO, S/ N"
"16/09/2024";"17:49:23";2020;2;"Eleição Ordinária";1;426;"Eleições Municipais 2020";"15/11/2020";"M";"ES";"56057";"ALFREDO CHAVES";56057;"ALFREDO CHAVES";12;30;13;"Vereador";14777;"MARIA LUCIA GOMES TEIXEIRA";2;1171;80000683173;"EEEFM CAMILA MOTA";"R. NELSON DA COSTA MELLO, S/ N"
"16/09/2024";"17:49:23";2020;2;"Eleição Ordinária";1;426;"Eleições Municipais 2020";"15/11/2020";"M";"ES";"56057";"ALFREDO CHAVES";56057;"ALFREDO CHAVES";12;34;13;"Vereador";14777;"MARIA LUCIA GOMES TEIXEIRA";1;1171;80000683173;"EEEFM CAMILA MOTA";"R. NELSON DA COSTA MELLO, S/ N"
"16/09/2024";"17:49:23";2020;2;"Eleição Ordinária";1;426;"Eleições Municipais 2020";"15/11/2020";"M";"ES";"56057";"ALFREDO CHAVES";56057;"ALFREDO CHAVES";12;17;13;"Vereador";40400;"MARCELO CRISTIANO CARDOSO FARIA";9;1090;80000666563;"EMEF FELIPE MODOLO";"R. PRINCIPAL, S/ N"
"16/09/2024";"17:49:23";2020;2;"Eleição Ordinária";1;426;"Eleições Municipais 2020";"15/11/2020";"M";"ES";"56057";"ALFREDO CHAVES";56057;"ALFREDO CHAVES";12;9;13;"Vereador";95;"VOTO BRANCO";11;1031;-1;"EMEF FAZENDA APARECIDA";"R. PRINCIPAL, S/ Nº"
"16/09/2024";"17:49:23";2020;2;"Eleição Ordinária";1;426;"Eleições Municipais 2020";"15/11/2020";"M";"ES";"56057";"ALFREDO CHAVES";56057;"ALFREDO CHAVES";12;22;11;"Prefeito";12;"ARMANDO NOLASCO RIBEIRO";12;1139;80001042824;"EMEF SAGRADA FAMÍLIA";"R. PRINCIPAL, S/ N"
"16/09/2024";"17:49:23";2020;2;"Eleição Ordinária";1;426;"Eleições Municipais 2020";"15/11/2020";"M";"ES";"56057";"ALFREDO CHAVES";56057;"ALFREDO CHAVES";12;18;13;"Vereador";51222;"GIANNE SMARSARO";1;1090;80000683716;"EMEF FELIPE MODOLO";"R. PRINCIPAL, S/ N"
"16/09/2024";"17:49:23";2020;2;"Eleição Ordinária";1;426;"Eleições Municipais 2020";"15/11/2020";"M";"ES";"56057";"ALFREDO CHAVES";56057;"ALFREDO CHAVES";12;37;11;"Prefeito";12;"ARMANDO NOLASCO RIBEIRO";7;1228;80001042824;"CRECHE COMECINHO DE GENTE";"AV. DARCY DE PAULA GAIGHER, S/N"
"16/09/2024";"17:49:23";2020;2;"Eleição Ordinária";1;426;"Eleições Municipais 2020";"15/11/2020";"M";"ES";"56057";"ALFREDO CHAVES";56057;"ALFREDO CHAVES";12;37;13;"Vereador";11000;"FRANCISCO DE ASSIS JOSÉ DOS SANTOS";18;1228;80000848890;"CRECHE COMECINHO DE GENTE";"AV. DARCY DE PAULA GAIGHER, S/N"
"16/09/2024";"17:49:23";2020;2;"Eleição Ordinária";1;426;"Eleições Municipais 2020";"15/11/2020";"M";"ES";"56057";"ALFREDO CHAVES";56057;"ALFREDO CHAVES";12;13;11;"Prefeito";96;"VOTO NULO";5;1058;-1;"EEEF ENGANO";"R. PRINCIPAL, S/ Nº"
"16/09/2024";"17:49:23";2020;2;"Eleição Ordinária";1;426;"Eleições Municipais 2020";"15/11/2020";"M";"ES";"56057";"ALFREDO CHAVES";56057;"ALFREDO CHAVES";12;4;11;"Prefeito";96;"VOTO NULO";9;1015;-1;"EMEF ANA ARAÚJO";"R. EXPEDICIONARIO OSVALDO SAUDINO"
"16/09/2024";"17:49:23";2020;2;"Eleição Ordinária";1;426;"Eleições Municipais 2020";"15/11/2020";"M";"ES";"56057";"ALFREDO CHAVES";56057;"ALFREDO CHAVES";12;31;13;"Vereador";45666;"PETRONIO LOUSADA";1;1171;80000666643;"EEEFM CAMILA MOTA";"R. NELSON DA COSTA MELLO, S/ N"
"16/09/2024";"17:49:23";2020;2;"Eleição Ordinária";1;426;"Eleições Municipais 2020";"15/11/2020";"M";"ES";"56057";"ALFREDO CHAVES";56057;"ALFREDO CHAVES";12;12;13;"Vereador";40400;"MARCELO CRISTIANO CARDOSO FARIA";1;1058;80000666563;"EEEF ENGANO";"R. PRINCIPAL, S/ Nº"
"16/09/2024";"17:49:23";2020;2;"Eleição Ordinária";1;426;"Eleições Municipais 2020";"15/11/2020";"M";"ES";"56057";"ALFREDO CHAVES";56057;"ALFREDO CHAVES";12;9;13;"Vereador";40400;"MARCELO CRISTIANO CARDOSO FARIA";3;1031;80000666563;"EMEF FAZENDA APARECIDA";"R. PRINCIPAL, S/ Nº"
"16/09/2024";"17:49:23";2020;2;"Eleição Ordinária";1;426;"Eleições Municipais 2020";"15/11/2020";"M";"ES";"56057";"ALFREDO CHAVES";56057;"ALFREDO CHAVES";12;37;11;"Prefeito";95;"VOTO BRANCO";7;1228;-1;"CRECHE COMECINHO DE GENTE";"AV. DARCY DE PAULA GAIGHER, S/N"
"16/09/2024";"17:49:23";2020;2;"Eleição Ordinária";1;426;"Eleições Municipais 2020";"15/11/2020";"M";"ES";"56057";"ALFREDO CHAVES";56057;"ALFREDO CHAVES";12;35;13;"Vereador";40400;"MARCELO CRISTIANO CARDOSO FARIA";14;1171;80000666563;"EEEFM CAMILA MOTA";"R. NELSON DA COSTA MELLO, S/ N"
"16/09/2024";"17:49:23";2020;2;"Eleição Ordinária";1;426;"Eleições Municipais 2020";"15/11/2020";"M";"ES";"56057";"ALFREDO CHAVES";56057;"ALFREDO CHAVES";12;12;13;"Vereador";45666;"PETRONIO LOUSADA";1;1058;80000666643;"EEEF ENGANO";"R. PRINCIPAL, S/ Nº"
"16/09/2024";"17:49:23";2020;2;"Eleição Ordinária";1;426;"Eleições Municipais 2020";"15/11/2020";"M";"ES";"56057";"ALFREDO CHAVES";56057;"ALFREDO CHAVES";12;30;13;"Vereador";40400;"MARCELO CRISTIANO CARDOSO FARIA";4;1171;80000666563;"EEEFM CAMILA MOTA";"R. NELSON DA COSTA MELLO, S/ N"
"16/09/2024";"17:49:23";2020;2;"Eleição Ordinária";1;426;"Eleições Municipais 2020";"15/11/2020";"M";"ES";"56057";"ALFREDO CHAVES";56057;"ALFREDO CHAVES";12;34;13;"Vereador";40400;"MARCELO CRISTIANO CARDOSO FARIA";8;1171;80000666563;"EEEFM CAMILA MOTA";"R. NELSON DA COSTA MELLO, S/ N"
"16/09/2024";"17:49:23";2020;2;"Eleição Ordinária";1;426;"Eleições Municipais 2020";"15/11/2020";"M";"ES";"56057";"ALFREDO CHAVES";56057;"ALFREDO CHAVES";12;6;13;"Vereador";40400;"MARCELO CRISTIANO CARDOSO FARIA";5;1023;80000666563;"GINÁSIO DE ESPORTES DE ALFREDO CHAVES";"RUA NELSON JOSÉ DA COSTA MELO, S/N"
"16/09/2024";"17:49:23";2020;2;"Eleição Ordinária";1;426;"Eleições Municipais 2020";"15/11/2020";"M";"ES";"56057";"ALFREDO CHAVES";56057;"ALFREDO CHAVES";12;20;13;"Vereador";10456;"ADHEMAR CESAR BISSOLI";3;1112;80000682922;"SALÃO DA IGREJA CATÓLICA DE CACHOEIRA ALTA";"R. PRINCIPAL, S/ N"
"16/09/2024";"17:49:23";2020;2;"Eleição Ordinária";1;426;"Eleições Municipais 2020";"15/11/2020";"M";"ES";"56057";"ALFREDO CHAVES";56057;"ALFREDO CHAVES";12;24;13;"Vereador";10345;"ARMANDO ZANATA INGLE RIBEIRO";4;1147;80000682931;"EMEF SÃO BENTO DE URÂNIA";"R. PRINCIPAL, S/ Nº"
"16/09/2024";"17:49:23";2020;2;"Eleição Ordinária";1;426;"Eleições Municipais 2020";"15/11/2020";"M";"ES";"56057";"ALFREDO CHAVES";56057;"ALFREDO CHAVES";12;1;13;"Vereador";10345;"ARMANDO ZANATA INGLE RIBEIRO";10;1015;80000682931;"EMEF ANA ARAÚJO";"R. EXPEDICIONARIO OSVALDO SAUDINO"
"16/09/2024";"17:49:23";2020;2;"Eleição Ordinária";1;426;"Eleições Municipais 2020";"15/11/2020";"M";"ES";"56057";"ALFREDO CHAVES";56057;"ALFREDO CHAVES";12;22;11;"Prefeito";10;"RONALDO BIANCHI";87;1139;80000682642;"EMEF SAGRADA FAMÍLIA";"R. PRINCIPAL, S/ N"
"16/09/2024";"17:49:23";2020;2;"Eleição Ordinária";1;426;"Eleições Municipais 2020";"15/11/2020";"M";"ES";"56057";"ALFREDO CHAVES";56057;"ALFREDO CHAVES";12;41;11;"Prefeito";10;"RONALDO BIANCHI";96;1236;80000682642;"NACCA-ANTIGO PETI";"RUA THOMAZ COELHO, S/N AO LADO DA BIBLIOTECA MUNICIPAL"
"16/09/2024";"17:49:23";2020;2;"Eleição Ordinária";1;426;"Eleições Municipais 2020";"15/11/2020";"M";"ES";"56057";"ALFREDO CHAVES";56057;"ALFREDO CHAVES";12;85;13;"Vereador";40400;"MARCELO CRISTIANO CARDOSO FARIA";5;1244;80000666563;"CRECHE PEQUERRUCHOS";"RUA ANTÔNIO CLAUDIO GAIGHER, 19"
"16/09/2024";"17:49:23";2020;2;"Eleição Ordinária";1;426;"Eleições Municipais 2020";"15/11/2020";"M";"ES";"56057";"ALFREDO CHAVES";56057;"ALFREDO CHAVES";12;23;13;"Vereador";40400;"MARCELO CRISTIANO CARDOSO FARIA";2;1139;80000666563;"EMEF SAGRADA FAMÍLIA";"R. PRINCIPAL, S/ N"
"16/09/2024";"17:49:23";2020;2;"Eleição Ordinária";1;426;"Eleições Municipais 2020";"15/11/2020";"M";"ES";"56057";"ALFREDO CHAVES";56057;"ALFREDO CHAVES";12;26;11;"Prefeito";10;"RONALDO BIANCHI";67;1163;80000682642;"EEUEF VILA NOVA DE MARAVILHA";"R. PRINCIPAL, S/ Nº"
"16/09/2024";"17:49:23";2020;2;"Eleição Ordinária";1;426;"Eleições Municipais 2020";"15/11/2020";"M";"ES";"56057";"ALFREDO CHAVES";56057;"ALFREDO CHAVES";12;2;13;"Vereador";14777;"MARIA LUCIA GOMES TEIXEIRA";2;1015;80000683173;"EMEF ANA ARAÚJO";"R. EXPEDICIONARIO OSVALDO SAUDINO"
"16/09/2024";"17:49:23";2020;2;"Eleição Ordinária";1;426;"Eleições Municipais 2020";"15/11/2020";"M";"ES";"56057";"ALFREDO CHAVES";56057;"ALFREDO CHAVES";12;40;13;"Vereador";14777;"MARIA LUCIA GOMES TEIXEIRA";2;1236;80000683173;"NACCA-ANTIGO PETI";"RUA THOMAZ COELHO, S/N AO LADO DA BIBLIOTECA MUNICIPAL"
"16/09/2024";"17:49:23";2020;2;"Eleição Ordinária";1;426;"Eleições Municipais 2020";"15/11/2020";"M";"ES";"56057";"ALFREDO CHAVES";56057;"ALFREDO CHAVES";12;23;11;"Prefeito";10;"RONALDO BIANCHI";99;1139;80000682642;"EMEF SAGRADA FAMÍLIA";"R. PRINCIPAL, S/ N"
"16/09/2024";"17:49:23";2020;2;"Eleição Ordinária";1;426;"Eleições Municipais 2020";"15/11/2020";"M";"ES";"56057";"ALFREDO CHAVES";56057;"ALFREDO CHAVES";12;85;11;"Prefeito";10;"RONALDO BIANCHI";76;1244;80000682642;"CRECHE PEQUERRUCHOS";"RUA ANTÔNIO CLAUDIO GAIGHER, 19"
"16/09/2024";"17:49:23";2020;2;"Eleição Ordinária";1;426;"Eleições Municipais 2020";"15/11/2020";"M";"ES";"56057";"ALFREDO CHAVES";56057;"ALFREDO CHAVES";12;9;11;"Prefeito";10;"RONALDO BIANCHI";142;1031;80000682642;"EMEF FAZENDA APARECIDA";"R. PRINCIPAL, S/ Nº"
"16/09/2024";"17:49:23";2020;2;"Eleição Ordinária";1;426;"Eleições Municipais 2020";"15/11/2020";"M";"ES";"56057";"ALFREDO CHAVES";56057;"ALFREDO CHAVES";12;11;13;"Vereador";10345;"ARMANDO ZANATA INGLE RIBEIRO";1;1040;80000682931;"EEEF DE CRUBIXÁ";"R. PRINCIPAL, S/ Nº"
"16/09/2024";"17:49:23";2020;2;"Eleição Ordinária";1;426;"Eleições Municipais 2020";"15/11/2020";"M";"ES";"56057";"ALFREDO CHAVES";56057;"ALFREDO CHAVES";12;31;13;"Vereador";10345;"ARMANDO ZANATA INGLE RIBEIRO";5;1171;80000682931;"EEEFM CAMILA MOTA";"R. NELSON DA COSTA MELLO, S/ N"
"16/09/2024";"17:49:23";2020;2;"Eleição Ordinária";1;426;"Eleições Municipais 2020";"15/11/2020";"M";"ES";"56057";"ALFREDO CHAVES";56057;"ALFREDO CHAVES";12;31;13;"Vereador";11000;"FRANCISCO DE ASSIS JOSÉ DOS SANTOS";20;1171;80000848890;"EEEFM CAMILA MOTA";"R. NELSON DA COSTA MELLO, S/ N"
"16/09/2024";"17:49:23";2020;2;"Eleição Ordinária";1;426;"Eleições Municipais 2020";"15/11/2020";"M";"ES";"56057";"ALFREDO CHAVES";56057;"ALFREDO CHAVES";12;12;13;"Vereador";10345;"ARMANDO ZANATA INGLE RIBEIRO";17;1058;80000682931;"EEEF ENGANO";"R. PRINCIPAL, S/ Nº"
"16/09/2024";"17:49:23";2020;2;"Eleição Ordinária";1;426;"Eleições Municipais 2020";"15/11/2020";"M";"ES";"56057";"ALFREDO CHAVES";56057;"ALFREDO CHAVES";12;85;13;"Vereador";95;"VOTO BRANCO";8;1244;-1;"CRECHE PEQUERRUCHOS";"RUA ANTÔNIO CLAUDIO GAIGHER, 19"
"16/09/2024";"17:49:23";2020;2;"Eleição Ordinária";1;426;"Eleições Municipais 2020";"15/11/2020";"M";"ES";"56057";"ALFREDO CHAVES";56057;"ALFREDO CHAVES";12;23;13;"Vereador";95;"VOTO BRANCO";4;1139;-1;"EMEF SAGRADA FAMÍLIA";"R. PRINCIPAL, S/ N"
"16/09/2024";"17:49:23";2020;2;"Eleição Ordinária";1;426;"Eleições Municipais 2020";"15/11/2020";"M";"ES";"56057";"ALFREDO CHAVES";56057;"ALFREDO CHAVES";12;22;13;"Vereador";10018;"CAMILA BRUSCHI TONON";1;1139;80000682932;"EMEF SAGRADA FAMÍLIA";"R. PRINCIPAL, S/ N"
"16/09/2024";"17:49:23";2020;2;"Eleição Ordinária";1;426;"Eleições Municipais 2020";"15/11/2020";"M";"ES";"56057";"ALFREDO CHAVES";56057;"ALFREDO CHAVES";12;15;11;"Prefeito";10;"RONALDO BIANCHI";60;1074;80000682642;"SALÃO DA IGREJA CATÓLICA DE IRIRITIMIRIM";"R. PRINCIPAL, S/ N"
"16/09/2024";"17:49:23";2020;2;"Eleição Ordinária";1;426;"Eleições Municipais 2020";"15/11/2020";"M";"ES";"56057";"ALFREDO CHAVES";56057;"ALFREDO CHAVES";12;7;13;"Vereador";10345;"ARMANDO ZANATA INGLE RIBEIRO";4;1171;80000682931;"EEEFM CAMILA MOTA";"R. NELSON DA COSTA MELLO, S/ N"
"16/09/2024";"17:49:23";2020;2;"Eleição Ordinária";1;426;"Eleições Municipais 2020";"15/11/2020";"M";"ES";"56057";"ALFREDO CHAVES";56057;"ALFREDO CHAVES";12;11;13;"Vereador";40147;"ARLETE MARIA MOCELIM NATAL";10;1040;80000666557;"EEEF DE CRUBIXÁ";"R. PRINCIPAL, S/ Nº"
"16/09/2024";"17:49:23";2020;2;"Eleição Ordinária";1;426;"Eleições Municipais 2020";"15/11/2020";"M";"ES";"56057";"ALFREDO CHAVES";56057;"ALFREDO CHAVES";12;25;13;"Vereador";10345;"ARMANDO ZANATA INGLE RIBEIRO";7;1155;80000682931;"EEUEF CAROLINA";"R. PRINCIPAL, S/ Nº"
"16/09/2024";"17:49:23";2020;2;"Eleição Ordinária";1;426;"Eleições Municipais 2020";"15/11/2020";"M";"ES";"56057";"ALFREDO CHAVES";56057;"ALFREDO CHAVES";12;85;13;"Vereador";10333;"CLOVIS D ALMEIDA FILHO";1;1244;80000682924;"CRECHE PEQUERRUCHOS";"RUA ANTÔNIO CLAUDIO GAIGHER, 19"
"16/09/2024";"17:49:23";2020;2;"Eleição Ordinária";1;426;"Eleições Municipais 2020";"15/11/2020";"M";"ES";"56057";"ALFREDO CHAVES";56057;"ALFREDO CHAVES";12;23;13;"Vereador";10333;"CLOVIS D ALMEIDA FILHO";1;1139;80000682924;"EMEF SAGRADA FAMÍLIA";"R. PRINCIPAL, S/ N"
"16/09/2024";"17:49:23";2020;2;"Eleição Ordinária";1;426;"Eleições Municipais 2020";"15/11/2020";"M";"ES";"56057";"ALFREDO CHAVES";56057;"ALFREDO CHAVES";12;24;11;"Prefeito";10;"RONALDO BIANCHI";101;1147;80000682642;"EMEF SÃO BENTO DE URÂNIA";"R. PRINCIPAL, S/ Nº"
"16/09/2024";"17:49:23";2020;2;"Eleição Ordinária";1;426;"Eleições Municipais 2020";"15/11/2020";"M";"ES";"56057";"ALFREDO CHAVES";56057;"ALFREDO CHAVES";12;1;11;"Prefeito";10;"RONALDO BIANCHI";110;1015;80000682642;"EMEF ANA ARAÚJO";"R. EXPEDICIONARIO OSVALDO SAUDINO"
"16/09/2024";"17:49:23";2020;2;"Eleição Ordinária";1;426;"Eleições Municipais 2020";"15/11/2020";"M";"ES";"56057";"ALFREDO CHAVES";56057;"ALFREDO CHAVES";12;11;11;"Prefeito";10;"RONALDO BIANCHI";79;1040;80000682642;"EEEF DE CRUBIXÁ";"R. PRINCIPAL, S/ Nº"
"16/09/2024";"17:49:23";2020;2;"Eleição Ordinária";1;426;"Eleições Municipais 2020";"15/11/2020";"M";"ES";"56057";"ALFREDO CHAVES";56057;"ALFREDO CHAVES";12;14;13;"Vereador";14456;"MARCOS ANTONIO SOARES DOS SANTOS";14;1066;80000683172;"SALÃO DA IGREJA CATÓLICA DE SÃO BENTO DE BATATAL";"RUA PRINCIPAL, S/ N"
"16/09/2024";"17:49:23";2020;2;"Eleição Ordinária";1;426;"Eleições Municipais 2020";"15/11/2020";"M";"ES";"56057";"ALFREDO CHAVES";56057;"ALFREDO CHAVES";12;25;11;"Prefeito";10;"RONALDO BIANCHI";83;1155;80000682642;"EEUEF CAROLINA";"R. PRINCIPAL, S/ Nº"
"16/09/2024";"17:49:23";2020;2;"Eleição Ordinária";1;426;"Eleições Municipais 2020";"15/11/2020";"M";"ES";"56057";"ALFREDO CHAVES";56057;"ALFREDO CHAVES";12;7;11;"Prefeito";10;"RONALDO BIANCHI";127;1171;80000682642;"EEEFM CAMILA MOTA";"R. NELSON DA COSTA MELLO, S/ N"
"16/09/2024";"17:49:23";2020;2;"Eleição Ordinária";1;426;"Eleições Municipais 2020";"15/11/2020";"M";"ES";"56057";"ALFREDO CHAVES";56057;"ALFREDO CHAVES";12;40;11;"Prefeito";10;"RONALDO BIANCHI";115;1236;80000682642;"NACCA-ANTIGO PETI";"RUA THOMAZ COELHO, S/N AO LADO DA BIBLIOTECA MUNICIPAL"
"16/09/2024";"17:49:23";2020;2;"Eleição Ordinária";1;426;"Eleições Municipais 2020";"15/11/2020";"M";"ES";"56057";"ALFREDO CHAVES";56057;"ALFREDO CHAVES";12;16;11;"Prefeito";10;"RONALDO BIANCHI";77;1082;80000682642;"EMUEF ALMERINDA BRUNORO";"R. PRINCIPAL, S/ N"
"16/09/2024";"17:49:23";2020;2;"Eleição Ordinária";1;426;"Eleições Municipais 2020";"15/11/2020";"M";"ES";"56057";"ALFREDO CHAVES";56057;"ALFREDO CHAVES";12;2;11;"Prefeito";10;"RONALDO BIANCHI";131;1015;80000682642;"EMEF ANA ARAÚJO";"R. EXPEDICIONARIO OSVALDO SAUDINO"
"16/09/2024";"17:49:23";2020;2;"Eleição Ordinária";1;426;"Eleições Municipais 2020";"15/11/2020";"M";"ES";"56057";"ALFREDO CHAVES";56057;"ALFREDO CHAVES";12;7;13;"Vereador";45333;"DIEYSON GONÇALVES DA ROSA";4;1171;80000666652;"EEEFM CAMILA MOTA";"R. NELSON DA COSTA MELLO, S/ N"
"16/09/2024";"17:49:23";2020;2;"Eleição Ordinária";1;426;"Eleições Municipais 2020";"15/11/2020";"M";"ES";"56057";"ALFREDO CHAVES";56057;"ALFREDO CHAVES";12;25;13;"Vereador";45333;"DIEYSON GONÇALVES DA ROSA";1;1155;80000666652;"EEUEF CAROLINA";"R. PRINCIPAL, S/ Nº"
"16/09/2024";"17:49:23";2020;2;"Eleição Ordinária";1;426;"Eleições Municipais 2020";"15/11/2020";"M";"ES";"56057";"ALFREDO CHAVES";56057;"ALFREDO CHAVES";12;2;13;"Vereador";45333;"DIEYSON GONÇALVES DA ROSA";6;1015;80000666652;"EMEF ANA ARAÚJO";"R. EXPEDICIONARIO OSVALDO SAUDINO"
"16/09/2024";"17:49:23";2020;2;"Eleição Ordinária";1;426;"Eleições Municipais 2020";"15/11/2020";"M";"ES";"56057";"ALFREDO CHAVES";56057;"ALFREDO CHAVES";12;40;13;"Vereador";45333;"DIEYSON GONÇALVES DA ROSA";3;1236;80000666652;"NACCA-ANTIGO PETI";"RUA THOMAZ COELHO, S/N AO LADO DA BIBLIOTECA MUNICIPAL"
"16/09/2024";"17:49:23";2020;2;"Eleição Ordinária";1;426;"Eleições Municipais 2020";"15/11/2020";"M";"ES";"56057";"ALFREDO CHAVES";56057;"ALFREDO CHAVES";12;8;13;"Vereador";10018;"CAMILA BRUSCHI TONON";2;1023;80000682932;"GINÁSIO DE ESPORTES DE ALFREDO CHAVES";"RUA NELSON JOSÉ DA COSTA MELO, S/N"
"16/09/2024";"17:49:23";2020;2;"Eleição Ordinária";1;426;"Eleições Municipais 2020";"15/11/2020";"M";"ES";"56057";"ALFREDO CHAVES";56057;"ALFREDO CHAVES";12;15;13;"Vereador";10345;"ARMANDO ZANATA INGLE RIBEIRO";2;1074;80000682931;"SALÃO DA IGREJA CATÓLICA DE IRIRITIMIRIM";"R. PRINCIPAL, S/ N"
"16/09/2024";"17:49:23";2020;2;"Eleição Ordinária";1;426;"Eleições Municipais 2020";"15/11/2020";"M";"ES";"56057";"ALFREDO CHAVES";56057;"ALFREDO CHAVES";12;27;13;"Vereador";40400;"MARCELO CRISTIANO CARDOSO FARIA";6;1171;80000666563;"EEEFM CAMILA MOTA";"R. NELSON DA COSTA MELLO, S/ N"
"16/09/2024";"17:49:23";2020;2;"Eleição Ordinária";1;426;"Eleições Municipais 2020";"15/11/2020";"M";"ES";"56057";"ALFREDO CHAVES";56057;"ALFREDO CHAVES";12;31;11;"Prefeito";96;"VOTO NULO";9;1171;-1;"EEEFM CAMILA MOTA";"R. NELSON DA COSTA MELLO, S/ N"
"16/09/2024";"17:49:23";2020;2;"Eleição Ordinária";1;426;"Eleições Municipais 2020";"15/11/2020";"M";"ES";"56057";"ALFREDO CHAVES";56057;"ALFREDO CHAVES";12;12;11;"Prefeito";96;"VOTO NULO";5;1058;-1;"EEEF ENGANO";"R. PRINCIPAL, S/ Nº"
"16/09/2024";"17:49:23";2020;2;"Eleição Ordinária";1;426;"Eleições Municipais 2020";"15/11/2020";"M";"ES";"56057";"ALFREDO CHAVES";56057;"ALFREDO CHAVES";12;6;11;"Prefeito";96;"VOTO NULO";9;1023;-1;"GINÁSIO DE ESPORTES DE ALFREDO CHAVES";"RUA NELSON JOSÉ DA COSTA MELO, S/N"
"16/09/2024";"17:49:23";2020;2;"Eleição Ordinária";1;426;"Eleições Municipais 2020";"15/11/2020";"M";"ES";"56057";"ALFREDO CHAVES";56057;"ALFREDO CHAVES";12;34;11;"Prefeito";96;"VOTO NULO";8;1171;-1;"EEEFM CAMILA MOTA";"R. NELSON DA COSTA MELLO, S/ N"
"16/09/2024";"17:49:23";2020;2;"Eleição Ordinária";1;426;"Eleições Municipais 2020";"15/11/2020";"M";"ES";"56057";"ALFREDO CHAVES";56057;"ALFREDO CHAVES";12;35;11;"Prefeito";96;"VOTO NULO";10;1171;-1;"EEEFM CAMILA MOTA";"R. NELSON DA COSTA MELLO, S/ N"
"16/09/2024";"17:49:23";2020;2;"Eleição Ordinária";1;426;"Eleições Municipais 2020";"15/11/2020";"M";"ES";"56057";"ALFREDO CHAVES";56057;"ALFREDO CHAVES";12;30;11;"Prefeito";96;"VOTO NULO";14;1171;-1;"EEEFM CAMILA MOTA";"R. NELSON DA COSTA MELLO, S/ N"
"16/09/2024";"17:49:23";2020;2;"Eleição Ordinária";1;426;"Eleições Municipais 2020";"15/11/2020";"M";"ES";"56057";"ALFREDO CHAVES";56057;"ALFREDO CHAVES";12;18;13;"Vereador";45321;"VALDIRENE BRANDÃO ANDRADE SÓRIO";2;1090;80000666654;"EMEF FELIPE MODOLO";"R. PRINCIPAL, S/ N"
"16/09/2024";"17:49:23";2020;2;"Eleição Ordinária";1;426;"Eleições Municipais 2020";"15/11/2020";"M";"ES";"56057";"ALFREDO CHAVES";56057;"ALFREDO CHAVES";12;3;13;"Vereador";45321;"VALDIRENE BRANDÃO ANDRADE SÓRIO";1;1015;80000666654;"EMEF ANA ARAÚJO";"R. EXPEDICIONARIO OSVALDO SAUDINO"
"16/09/2024";"17:49:23";2020;2;"Eleição Ordinária";1;426;"Eleições Municipais 2020";"15/11/2020";"M";"ES";"56057";"ALFREDO CHAVES";56057;"ALFREDO CHAVES";12;21;13;"Vereador";10456;"ADHEMAR CESAR BISSOLI";2;1120;80000682922;"EMUEF QUARTO TERRITÓRIO";"R. PRINCIPAL , S/ N"
"16/09/2024";"17:49:23";2020;2;"Eleição Ordinária";1;426;"Eleições Municipais 2020";"15/11/2020";"M";"ES";"56057";"ALFREDO CHAVES";56057;"ALFREDO CHAVES";12;15;11;"Prefeito";40;"FERNANDO VIDEIRA LAFAYETTE";103;1074;80000680338;"SALÃO DA IGREJA CATÓLICA DE IRIRITIMIRIM";"R. PRINCIPAL, S/ N"
"16/09/2024";"17:49:23";2020;2;"Eleição Ordinária";1;426;"Eleições Municipais 2020";"15/11/2020";"M";"ES";"56057";"ALFREDO CHAVES";56057;"ALFREDO CHAVES";12;24;11;"Prefeito";40;"FERNANDO VIDEIRA LAFAYETTE";120;1147;80000680338;"EMEF SÃO BENTO DE URÂNIA";"R. PRINCIPAL, S/ Nº"
"16/09/2024";"17:49:23";2020;2;"Eleição Ordinária";1;426;"Eleições Municipais 2020";"15/11/2020";"M";"ES";"56057";"ALFREDO CHAVES";56057;"ALFREDO CHAVES";12;1;11;"Prefeito";40;"FERNANDO VIDEIRA LAFAYETTE";171;1015;80000680338;"EMEF ANA ARAÚJO";"R. EXPEDICIONARIO OSVALDO SAUDINO"
"16/09/2024";"17:49:23";2020;2;"Eleição Ordinária";1;426;"Eleições Municipais 2020";"15/11/2020";"M";"ES";"56057";"ALFREDO CHAVES";56057;"ALFREDO CHAVES";12;11;11;"Prefeito";40;"FERNANDO VIDEIRA LAFAYETTE";144;1040;80000680338;"EEEF DE CRUBIXÁ";"R. PRINCIPAL, S/ Nº"
"16/09/2024";"17:49:23";2020;2;"Eleição Ordinária";1;426;"Eleições Municipais 2020";"15/11/2020";"M";"ES";"56057";"ALFREDO CHAVES";56057;"ALFREDO CHAVES";12;25;11;"Prefeito";40;"FERNANDO VIDEIRA LAFAYETTE";202;1155;80000680338;"EEUEF CAROLINA";"R. PRINCIPAL, S/ Nº"
"16/09/2024";"17:49:23";2020;2;"Eleição Ordinária";1;426;"Eleições Municipais 2020";"15/11/2020";"M";"ES";"56057";"ALFREDO CHAVES";56057;"ALFREDO CHAVES";12;7;11;"Prefeito";40;"FERNANDO VIDEIRA LAFAYETTE";170;1171;80000680338;"EEEFM CAMILA MOTA";"R. NELSON DA COSTA MELLO, S/ N"
"16/09/2024";"17:49:23";2020;2;"Eleição Ordinária";1;426;"Eleições Municipais 2020";"15/11/2020";"M";"ES";"56057";"ALFREDO CHAVES";56057;"ALFREDO CHAVES";12;16;11;"Prefeito";40;"FERNANDO VIDEIRA LAFAYETTE";127;1082;80000680338;"EMUEF ALMERINDA BRUNORO";"R. PRINCIPAL, S/ N"
"16/09/2024";"17:49:23";2020;2;"Eleição Ordinária";1;426;"Eleições Municipais 2020";"15/11/2020";"M";"ES";"56057";"ALFREDO CHAVES";56057;"ALFREDO CHAVES";12;40;11;"Prefeito";40;"FERNANDO VIDEIRA LAFAYETTE";138;1236;80000680338;"NACCA-ANTIGO PETI";"RUA THOMAZ COELHO, S/N AO LADO DA BIBLIOTECA MUNICIPAL"
"16/09/2024";"17:49:23";2020;2;"Eleição Ordinária";1;426;"Eleições Municipais 2020";"15/11/2020";"M";"ES";"56057";"ALFREDO CHAVES";56057;"ALFREDO CHAVES";12;2;11;"Prefeito";40;"FERNANDO VIDEIRA LAFAYETTE";166;1015;80000680338;"EMEF ANA ARAÚJO";"R. EXPEDICIONARIO OSVALDO SAUDINO"
"16/09/2024";"17:49:23";2020;2;"Eleição Ordinária";1;426;"Eleições Municipais 2020";"15/11/2020";"M";"ES";"56057";"ALFREDO CHAVES";56057;"ALFREDO CHAVES";12;19;13;"Vereador";10456;"ADHEMAR CESAR BISSOLI";1;1104;80000682922;"SALÃO COMUNITÁRIO DE NOVA ESTRELA";"R. PRINCIPAL, S/ Nº"
"16/09/2024";"17:49:23";2020;2;"Eleição Ordinária";1;426;"Eleições Municipais 2020";"15/11/2020";"M";"ES";"56057";"ALFREDO CHAVES";56057;"ALFREDO CHAVES";12;3;13;"Vereador";10018;"CAMILA BRUSCHI TONON";3;1015;80000682932;"EMEF ANA ARAÚJO";"R. EXPEDICIONARIO OSVALDO SAUDINO"
"16/09/2024";"17:49:23";2020;2;"Eleição Ordinária";1;426;"Eleições Municipais 2020";"15/11/2020";"M";"ES";"56057";"ALFREDO CHAVES";56057;"ALFREDO CHAVES";12;41;11;"Prefeito";95;"VOTO BRANCO";8;1236;-1;"NACCA-ANTIGO PETI";"RUA THOMAZ COELHO, S/N AO LADO DA BIBLIOTECA MUNICIPAL"
"16/09/2024";"17:49:23";2020;2;"Eleição Ordinária";1;426;"Eleições Municipais 2020";"15/11/2020";"M";"ES";"56057";"ALFREDO CHAVES";56057;"ALFREDO CHAVES";12;26;11;"Prefeito";95;"VOTO BRANCO";3;1163;-1;"EEUEF VILA NOVA DE MARAVILHA";"R. PRINCIPAL, S/ Nº"
"16/09/2024";"17:49:23";2020;2;"Eleição Ordinária";1;426;"Eleições Municipais 2020";"15/11/2020";"M";"ES";"56057";"ALFREDO CHAVES";56057;"ALFREDO CHAVES";12;85;13;"Vereador";11000;"FRANCISCO DE ASSIS JOSÉ DOS SANTOS";19;1244;80000848890;"CRECHE PEQUERRUCHOS";"RUA ANTÔNIO CLAUDIO GAIGHER, 19"
"16/09/2024";"17:49:23";2020;2;"Eleição Ordinária";1;426;"Eleições Municipais 2020";"15/11/2020";"M";"ES";"56057";"ALFREDO CHAVES";56057;"ALFREDO CHAVES";12;23;13;"Vereador";11000;"FRANCISCO DE ASSIS JOSÉ DOS SANTOS";4;1139;80000848890;"EMEF SAGRADA FAMÍLIA";"R. PRINCIPAL, S/ N"
"16/09/2024";"17:49:23";2020;2;"Eleição Ordinária";1;426;"Eleições Municipais 2020";"15/11/2020";"M";"ES";"56057";"ALFREDO CHAVES";56057;"ALFREDO CHAVES";12;9;13;"Vereador";11000;"FRANCISCO DE ASSIS JOSÉ DOS SANTOS";2;1031;80000848890;"EMEF FAZENDA APARECIDA";"R. PRINCIPAL, S/ Nº"
"16/09/2024";"17:49:23";2020;2;"Eleição Ordinária";1;426;"Eleições Municipais 2020";"15/11/2020";"M";"ES";"56057";"ALFREDO CHAVES";56057;"ALFREDO CHAVES";12;19;13;"Vereador";11000;"FRANCISCO DE ASSIS JOSÉ DOS SANTOS";1;1104;80000848890;"SALÃO COMUNITÁRIO DE NOVA ESTRELA";"R. PRINCIPAL, S/ Nº"
"16/09/2024";"17:49:23";2020;2;"Eleição Ordinária";1;426;"Eleições Municipais 2020";"15/11/2020";"M";"ES";"56057";"ALFREDO CHAVES";56057;"ALFREDO CHAVES";12;21;13;"Vereador";11000;"FRANCISCO DE ASSIS JOSÉ DOS SANTOS";2;1120;80000848890;"EMUEF QUARTO TERRITÓRIO";"R. PRINCIPAL , S/ N"
"16/09/2024";"17:49:23";2020;2;"Eleição Ordinária";1;426;"Eleições Municipais 2020";"15/11/2020";"M";"ES";"56057";"ALFREDO CHAVES";56057;"ALFREDO CHAVES";12;35;13;"Vereador";51333;"RENATO CARDOSO";4;1171;80000683717;"EEEFM CAMILA MOTA";"R. NELSON DA COSTA MELLO, S/ N"
"16/09/2024";"17:49:23";2020;2;"Eleição Ordinária";1;426;"Eleições Municipais 2020";"15/11/2020";"M";"ES";"56057";"ALFREDO CHAVES";56057;"ALFREDO CHAVES";12;30;13;"Vereador";51333;"RENATO CARDOSO";3;1171;80000683717;"EEEFM CAMILA MOTA";"R. NELSON DA COSTA MELLO, S/ N"
"16/09/2024";"17:49:23";2020;2;"Eleição Ordinária";1;426;"Eleições Municipais 2020";"15/11/2020";"M";"ES";"56057";"ALFREDO CHAVES";56057;"ALFREDO CHAVES";12;34;13;"Vereador";51333;"RENATO CARDOSO";3;1171;80000683717;"EEEFM CAMILA MOTA";"R. NELSON DA COSTA MELLO, S/ N"
"16/09/2024";"17:49:23";2020;2;"Eleição Ordinária";1;426;"Eleições Municipais 2020";"15/11/2020";"M";"ES";"56057";"ALFREDO CHAVES";56057;"ALFREDO CHAVES";12;30;13;"Vereador";96;"VOTO NULO";5;1171;-1;"EEEFM CAMILA MOTA";"R. NELSON DA COSTA MELLO, S/ N"
"16/09/2024";"17:49:23";2020;2;"Eleição Ordinária";1;426;"Eleições Municipais 2020";"15/11/2020";"M";"ES";"56057";"ALFREDO CHAVES";56057;"ALFREDO CHAVES";12;34;13;"Vereador";96;"VOTO NULO";6;1171;-1;"EEEFM CAMILA MOTA";"R. NELSON DA COSTA MELLO, S/ N"
"16/09/2024";"17:49:23";2020;2;"Eleição Ordinária";1;426;"Eleições Municipais 2020";"15/11/2020";"M";"ES";"56057";"ALFREDO CHAVES";56057;"ALFREDO CHAVES";12;6;13;"Vereador";96;"VOTO NULO";8;1023;-1;"GINÁSIO DE ESPORTES DE ALFREDO CHAVES";"RUA NELSON JOSÉ DA COSTA MELO, S/N"
"16/09/2024";"17:49:23";2020;2;"Eleição Ordinária";1;426;"Eleições Municipais 2020";"15/11/2020";"M";"ES";"56057";"ALFREDO CHAVES";56057;"ALFREDO CHAVES";12;19;13;"Vereador";11999;"OSVALDO SGULMARO";1;1104;80000848888;"SALÃO COMUNITÁRIO DE NOVA ESTRELA";"R. PRINCIPAL, S/ Nº"
"16/09/2024";"17:49:23";2020;2;"Eleição Ordinária";1;426;"Eleições Municipais 2020";"15/11/2020";"M";"ES";"56057";"ALFREDO CHAVES";56057;"ALFREDO CHAVES";12;8;13;"Vereador";51333;"RENATO CARDOSO";1;1023;80000683717;"GINÁSIO DE ESPORTES DE ALFREDO CHAVES";"RUA NELSON JOSÉ DA COSTA MELO, S/N"
"16/09/2024";"17:49:23";2020;2;"Eleição Ordinária";1;426;"Eleições Municipais 2020";"15/11/2020";"M";"ES";"56057";"ALFREDO CHAVES";56057;"ALFREDO CHAVES";12;3;13;"Vereador";51333;"RENATO CARDOSO";2;1015;80000683717;"EMEF ANA ARAÚJO";"R. EXPEDICIONARIO OSVALDO SAUDINO"
"16/09/2024";"17:49:23";2020;2;"Eleição Ordinária";1;426;"Eleições Municipais 2020";"15/11/2020";"M";"ES";"56057";"ALFREDO CHAVES";56057;"ALFREDO CHAVES";12;13;13;"Vereador";10333;"CLOVIS D ALMEIDA FILHO";2;1058;80000682924;"EEEF ENGANO";"R. PRINCIPAL, S/ Nº"
"16/09/2024";"17:49:23";2020;2;"Eleição Ordinária";1;426;"Eleições Municipais 2020";"15/11/2020";"M";"ES";"56057";"ALFREDO CHAVES";56057;"ALFREDO CHAVES";12;30;13;"Vereador";40222;"ROSANA MARIA CARDOSO TAVARES";1;1171;80000666566;"EEEFM CAMILA MOTA";"R. NELSON DA COSTA MELLO, S/ N"
"16/09/2024";"17:49:23";2020;2;"Eleição Ordinária";1;426;"Eleições Municipais 2020";"15/11/2020";"M";"ES";"56057";"ALFREDO CHAVES";56057;"ALFREDO CHAVES";12;34;13;"Vereador";40222;"ROSANA MARIA CARDOSO TAVARES";3;1171;80000666566;"EEEFM CAMILA MOTA";"R. NELSON DA COSTA MELLO, S/ N"
"16/09/2024";"17:49:23";2020;2;"Eleição Ordinária";1;426;"Eleições Municipais 2020";"15/11/2020";"M";"ES";"56057";"ALFREDO CHAVES";56057;"ALFREDO CHAVES";12;4;13;"Vereador";10333;"CLOVIS D ALMEIDA FILHO";4;1015;80000682924;"EMEF ANA ARAÚJO";"R. EXPEDICIONARIO OSVALDO SAUDINO"
"16/09/2024";"17:49:23";2020;2;"Eleição Ordinária";1;426;"Eleições Municipais 2020";"15/11/2020";"M";"ES";"56057";"ALFREDO CHAVES";56057;"ALFREDO CHAVES";12;6;13;"Vereador";40222;"ROSANA MARIA CARDOSO TAVARES";2;1023;80000666566;"GINÁSIO DE ESPORTES DE ALFREDO CHAVES";"RUA NELSON JOSÉ DA COSTA MELO, S/N"
"16/09/2024";"17:49:23";2020;2;"Eleição Ordinária";1;426;"Eleições Municipais 2020";"15/11/2020";"M";"ES";"56057";"ALFREDO CHAVES";56057;"ALFREDO CHAVES";12;27;13;"Vereador";40333;"JAQUELINE FRANZOTTI DA SILVA";7;1171;80000666559;"EEEFM CAMILA MOTA";"R. NELSON DA COSTA MELLO, S/ N"
"16/09/2024";"17:49:23";2020;2;"Eleição Ordinária";1;426;"Eleições Municipais 2020";"15/11/2020";"M";"ES";"56057";"ALFREDO CHAVES";56057;"ALFREDO CHAVES";12;30;13;"Vereador";51234;"LUCIANO PINON";1;1171;80000683718;"EEEFM CAMILA MOTA";"R. NELSON DA COSTA MELLO, S/ N"
"16/09/2024";"17:49:23";2020;2;"Eleição Ordinária";1;426;"Eleições Municipais 2020";"15/11/2020";"M";"ES";"56057";"ALFREDO CHAVES";56057;"ALFREDO CHAVES";12;34;13;"Vereador";51234;"LUCIANO PINON";1;1171;80000683718;"EEEFM CAMILA MOTA";"R. NELSON DA COSTA MELLO, S/ N"
"16/09/2024";"17:49:23";2020;2;"Eleição Ordinária";1;426;"Eleições Municipais 2020";"15/11/2020";"M";"ES";"56057";"ALFREDO CHAVES";56057;"ALFREDO CHAVES";12;10;13;"Vereador";40333;"JAQUELINE FRANZOTTI DA SILVA";1;1040;80000666559;"EEEF DE CRUBIXÁ";"R. PRINCIPAL, S/ Nº"
"16/09/2024";"17:49:23";2020;2;"Eleição Ordinária";1;426;"Eleições Municipais 2020";"15/11/2020";"M";"ES";"56057";"ALFREDO CHAVES";56057;"ALFREDO CHAVES";12;6;13;"Vereador";51234;"LUCIANO PINON";2;1023;80000683718;"GINÁSIO DE ESPORTES DE ALFREDO CHAVES";"RUA NELSON JOSÉ DA COSTA MELO, S/N"
"16/09/2024";"17:49:23";2020;2;"Eleição Ordinária";1;426;"Eleições Municipais 2020";"15/11/2020";"M";"ES";"56057";"ALFREDO CHAVES";56057;"ALFREDO CHAVES";12;13;13;"Vereador";40321;"GILSON LUIZ BELLON";1;1058;80000666558;"EEEF ENGANO";"R. PRINCIPAL, S/ Nº"
"16/09/2024";"17:49:23";2020;2;"Eleição Ordinária";1;426;"Eleições Municipais 2020";"15/11/2020";"M";"ES";"56057";"ALFREDO CHAVES";56057;"ALFREDO CHAVES";12;4;13;"Vereador";40321;"GILSON LUIZ BELLON";3;1015;80000666558;"EMEF ANA ARAÚJO";"R. EXPEDICIONARIO OSVALDO SAUDINO"
"16/09/2024";"17:49:23";2020;2;"Eleição Ordinária";1;426;"Eleições Municipais 2020";"15/11/2020";"M";"ES";"56057";"ALFREDO CHAVES";56057;"ALFREDO CHAVES";12;35;13;"Vereador";45369;"DORLEI BRANDY NASCIMENTO";2;1171;80000666646;"EEEFM CAMILA MOTA";"R. NELSON DA COSTA MELLO, S/ N"
"16/09/2024";"17:49:23";2020;2;"Eleição Ordinária";1;426;"Eleições Municipais 2020";"15/11/2020";"M";"ES";"56057";"ALFREDO CHAVES";56057;"ALFREDO CHAVES";12;28;13;"Vereador";40400;"MARCELO CRISTIANO CARDOSO FARIA";16;1074;80000666563;"SALÃO DA IGREJA CATÓLICA DE IRIRITIMIRIM";"R. PRINCIPAL, S/ N"
"16/09/2024";"17:49:23";2020;2;"Eleição Ordinária";1;426;"Eleições Municipais 2020";"15/11/2020";"M";"ES";"56057";"ALFREDO CHAVES";56057;"ALFREDO CHAVES";12;31;13;"Vereador";10333;"CLOVIS D ALMEIDA FILHO";7;1171;80000682924;"EEEFM CAMILA MOTA";"R. NELSON DA COSTA MELLO, S/ N"
"16/09/2024";"17:49:23";2020;2;"Eleição Ordinária";1;426;"Eleições Municipais 2020";"15/11/2020";"M";"ES";"56057";"ALFREDO CHAVES";56057;"ALFREDO CHAVES";12;8;13;"Vereador";96;"VOTO NULO";8;1023;-1;"GINÁSIO DE ESPORTES DE ALFREDO CHAVES";"RUA NELSON JOSÉ DA COSTA MELO, S/N"
"16/09/2024";"17:49:23";2020;2;"Eleição Ordinária";1;426;"Eleições Municipais 2020";"15/11/2020";"M";"ES";"56057";"ALFREDO CHAVES";56057;"ALFREDO CHAVES";12;35;13;"Vereador";40999;"EMILIA DAS GRAÇAS ALVES PADILHA DOMINGUES";6;1171;80000666562;"EEEFM CAMILA MOTA";"R. NELSON DA COSTA MELLO, S/ N"
"16/09/2024";"17:49:23";2020;2;"Eleição Ordinária";1;426;"Eleições Municipais 2020";"15/11/2020";"M";"ES";"56057";"ALFREDO CHAVES";56057;"ALFREDO CHAVES";12;31;13;"Vereador";10555;"OTTAVIO EVANGELISTA GOMES";11;1171;80000682929;"EEEFM CAMILA MOTA";"R. NELSON DA COSTA MELLO, S/ N"
"16/09/2024";"17:49:23";2020;2;"Eleição Ordinária";1;426;"Eleições Municipais 2020";"15/11/2020";"M";"ES";"56057";"ALFREDO CHAVES";56057;"ALFREDO CHAVES";12;30;13;"Vereador";45369;"DORLEI BRANDY NASCIMENTO";2;1171;80000666646;"EEEFM CAMILA MOTA";"R. NELSON DA COSTA MELLO, S/ N"
"16/09/2024";"17:49:23";2020;2;"Eleição Ordinária";1;426;"Eleições Municipais 2020";"15/11/2020";"M";"ES";"56057";"ALFREDO CHAVES";56057;"ALFREDO CHAVES";12;34;13;"Vereador";45369;"DORLEI BRANDY NASCIMENTO";1;1171;80000666646;"EEEFM CAMILA MOTA";"R. NELSON DA COSTA MELLO, S/ N"
"16/09/2024";"17:49:23";2020;2;"Eleição Ordinária";1;426;"Eleições Municipais 2020";"15/11/2020";"M";"ES";"56057";"ALFREDO CHAVES";56057;"ALFREDO CHAVES";12;18;13;"Vereador";96;"VOTO NULO";9;1090;-1;"EMEF FELIPE MODOLO";"R. PRINCIPAL, S/ N"
"16/09/2024";"17:49:23";2020;2;"Eleição Ordinária";1;426;"Eleições Municipais 2020";"15/11/2020";"M";"ES";"56057";"ALFREDO CHAVES";56057;"ALFREDO CHAVES";12;30;13;"Vereador";40999;"EMILIA DAS GRAÇAS ALVES PADILHA DOMINGUES";3;1171;80000666562;"EEEFM CAMILA MOTA";"R. NELSON DA COSTA MELLO, S/ N"
"16/09/2024";"17:49:23";2020;2;"Eleição Ordinária";1;426;"Eleições Municipais 2020";"15/11/2020";"M";"ES";"56057";"ALFREDO CHAVES";56057;"ALFREDO CHAVES";12;34;13;"Vereador";40999;"EMILIA DAS GRAÇAS ALVES PADILHA DOMINGUES";4;1171;80000666562;"EEEFM CAMILA MOTA";"R. NELSON DA COSTA MELLO, S/ N"
"16/09/2024";"17:49:23";2020;2;"Eleição Ordinária";1;426;"Eleições Municipais 2020";"15/11/2020";"M";"ES";"56057";"ALFREDO CHAVES";56057;"ALFREDO CHAVES";12;31;13;"Vereador";40222;"ROSANA MARIA CARDOSO TAVARES";2;1171;80000666566;"EEEFM CAMILA MOTA";"R. NELSON DA COSTA MELLO, S/ N"
"16/09/2024";"17:49:23";2020;2;"Eleição Ordinária";1;426;"Eleições Municipais 2020";"15/11/2020";"M";"ES";"56057";"ALFREDO CHAVES";56057;"ALFREDO CHAVES";12;6;13;"Vereador";40999;"EMILIA DAS GRAÇAS ALVES PADILHA DOMINGUES";1;1023;80000666562;"GINÁSIO DE ESPORTES DE ALFREDO CHAVES";"RUA NELSON JOSÉ DA COSTA MELO, S/N"
"16/09/2024";"17:49:23";2020;2;"Eleição Ordinária";1;426;"Eleições Municipais 2020";"15/11/2020";"M";"ES";"56057";"ALFREDO CHAVES";56057;"ALFREDO CHAVES";12;31;13;"Vereador";40999;"EMILIA DAS GRAÇAS ALVES PADILHA DOMINGUES";6;1171;80000666562;"EEEFM CAMILA MOTA";"R. NELSON DA COSTA MELLO, S/ N"
"16/09/2024";"17:49:23";2020;2;"Eleição Ordinária";1;426;"Eleições Municipais 2020";"15/11/2020";"M";"ES";"56057";"ALFREDO CHAVES";56057;"ALFREDO CHAVES";12;13;13;"Vereador";95;"VOTO BRANCO";1;1058;-1;"EEEF ENGANO";"R. PRINCIPAL, S/ Nº"
"16/09/2024";"17:49:23";2020;2;"Eleição Ordinária";1;426;"Eleições Municipais 2020";"15/11/2020";"M";"ES";"56057";"ALFREDO CHAVES";56057;"ALFREDO CHAVES";12;4;13;"Vereador";95;"VOTO BRANCO";6;1015;-1;"EMEF ANA ARAÚJO";"R. EXPEDICIONARIO OSVALDO SAUDINO"
"16/09/2024";"17:49:23";2020;2;"Eleição Ordinária";1;426;"Eleições Municipais 2020";"15/11/2020";"M";"ES";"56057";"ALFREDO CHAVES";56057;"ALFREDO CHAVES";12;12;13;"Vereador";11999;"OSVALDO SGULMARO";6;1058;80000848888;"EEEF ENGANO";"R. PRINCIPAL, S/ Nº"
"16/09/2024";"17:49:23";2020;2;"Eleição Ordinária";1;426;"Eleições Municipais 2020";"15/11/2020";"M";"ES";"56057";"ALFREDO CHAVES";56057;"ALFREDO CHAVES";12;3;13;"Vereador";96;"VOTO NULO";12;1015;-1;"EMEF ANA ARAÚJO";"R. EXPEDICIONARIO OSVALDO SAUDINO"
"16/09/2024";"17:49:23";2020;2;"Eleição Ordinária";1;426;"Eleições Municipais 2020";"15/11/2020";"M";"ES";"56057";"ALFREDO CHAVES";56057;"ALFREDO CHAVES";12;12;13;"Vereador";10555;"OTTAVIO EVANGELISTA GOMES";1;1058;80000682929;"EEEF ENGANO";"R. PRINCIPAL, S/ Nº"
"16/09/2024";"17:49:23";2020;2;"Eleição Ordinária";1;426;"Eleições Municipais 2020";"15/11/2020";"M";"ES";"56057";"ALFREDO CHAVES";56057;"ALFREDO CHAVES";12;31;13;"Vereador";40333;"JAQUELINE FRANZOTTI DA SILVA";6;1171;80000666559;"EEEFM CAMILA MOTA";"R. NELSON DA COSTA MELLO, S/ N"
"16/09/2024";"17:49:23";2020;2;"Eleição Ordinária";1;426;"Eleições Municipais 2020";"15/11/2020";"M";"ES";"56057";"ALFREDO CHAVES";56057;"ALFREDO CHAVES";12;35;13;"Vereador";10555;"OTTAVIO EVANGELISTA GOMES";13;1171;80000682929;"EEEFM CAMILA MOTA";"R. NELSON DA COSTA MELLO, S/ N"
"16/09/2024";"17:49:23";2020;2;"Eleição Ordinária";1;426;"Eleições Municipais 2020";"15/11/2020";"M";"ES";"56057";"ALFREDO CHAVES";56057;"ALFREDO CHAVES";12;35;13;"Vereador";10333;"CLOVIS D ALMEIDA FILHO";5;1171;80000682924;"EEEFM CAMILA MOTA";"R. NELSON DA COSTA MELLO, S/ N"
"16/09/2024";"17:49:23";2020;2;"Eleição Ordinária";1;426;"Eleições Municipais 2020";"15/11/2020";"M";"ES";"56057";"ALFREDO CHAVES";56057;"ALFREDO CHAVES";12;30;13;"Vereador";10555;"OTTAVIO EVANGELISTA GOMES";4;1171;80000682929;"EEEFM CAMILA MOTA";"R. NELSON DA COSTA MELLO, S/ N"
"16/09/2024";"17:49:23";2020;2;"Eleição Ordinária";1;426;"Eleições Municipais 2020";"15/11/2020";"M";"ES";"56057";"ALFREDO CHAVES";56057;"ALFREDO CHAVES";12;34;13;"Vereador";10555;"OTTAVIO EVANGELISTA GOMES";8;1171;80000682929;"EEEFM CAMILA MOTA";"R. NELSON DA COSTA MELLO, S/ N"
"16/09/2024";"17:49:23";2020;2;"Eleição Ordinária";1;426;"Eleições Municipais 2020";"15/11/2020";"M";"ES";"56057";"ALFREDO CHAVES";56057;"ALFREDO CHAVES";12;6;13;"Vereador";10555;"OTTAVIO EVANGELISTA GOMES";5;1023;80000682929;"GINÁSIO DE ESPORTES DE ALFREDO CHAVES";"RUA NELSON JOSÉ DA COSTA MELO, S/N"
"16/09/2024";"17:49:23";2020;2;"Eleição Ordinária";1;426;"Eleições Municipais 2020";"15/11/2020";"M";"ES";"56057";"ALFREDO CHAVES";56057;"ALFREDO CHAVES";12;4;13;"Vereador";51333;"RENATO CARDOSO";3;1015;80000683717;"EMEF ANA ARAÚJO";"R. EXPEDICIONARIO OSVALDO SAUDINO"
"16/09/2024";"17:49:23";2020;2;"Eleição Ordinária";1;426;"Eleições Municipais 2020";"15/11/2020";"M";"ES";"56057";"ALFREDO CHAVES";56057;"ALFREDO CHAVES";12;30;13;"Vereador";10333;"CLOVIS D ALMEIDA FILHO";5;1171;80000682924;"EEEFM CAMILA MOTA";"R. NELSON DA COSTA MELLO, S/ N"
"16/09/2024";"17:49:23";2020;2;"Eleição Ordinária";1;426;"Eleições Municipais 2020";"15/11/2020";"M";"ES";"56057";"ALFREDO CHAVES";56057;"ALFREDO CHAVES";12;34;13;"Vereador";10333;"CLOVIS D ALMEIDA FILHO";5;1171;80000682924;"EEEFM CAMILA MOTA";"R. NELSON DA COSTA MELLO, S/ N"
"16/09/2024";"17:49:23";2020;2;"Eleição Ordinária";1;426;"Eleições Municipais 2020";"15/11/2020";"M";"ES";"56057";"ALFREDO CHAVES";56057;"ALFREDO CHAVES";12;6;13;"Vereador";10333;"CLOVIS D ALMEIDA FILHO";2;1023;80000682924;"GINÁSIO DE ESPORTES DE ALFREDO CHAVES";"RUA NELSON JOSÉ DA COSTA MELO, S/N"
"16/09/2024";"17:49:23";2020;2;"Eleição Ordinária";1;426;"Eleições Municipais 2020";"15/11/2020";"M";"ES";"56057";"ALFREDO CHAVES";56057;"ALFREDO CHAVES";12;13;13;"Vereador";40999;"EMILIA DAS GRAÇAS ALVES PADILHA DOMINGUES";1;1058;80000666562;"EEEF ENGANO";"R. PRINCIPAL, S/ Nº"
"16/09/2024";"17:49:23";2020;2;"Eleição Ordinária";1;426;"Eleições Municipais 2020";"15/11/2020";"M";"ES";"56057";"ALFREDO CHAVES";56057;"ALFREDO CHAVES";12;4;13;"Vereador";40999;"EMILIA DAS GRAÇAS ALVES PADILHA DOMINGUES";5;1015;80000666562;"EMEF ANA ARAÚJO";"R. EXPEDICIONARIO OSVALDO SAUDINO"
"16/09/2024";"17:49:23";2020;2;"Eleição Ordinária";1;426;"Eleições Municipais 2020";"15/11/2020";"M";"ES";"56057";"ALFREDO CHAVES";56057;"ALFREDO CHAVES";12;35;13;"Vereador";40222;"ROSANA MARIA CARDOSO TAVARES";1;1171;80000666566;"EEEFM CAMILA MOTA";"R. NELSON DA COSTA MELLO, S/ N"
"16/09/2024";"17:49:23";2020;2;"Eleição Ordinária";1;426;"Eleições Municipais 2020";"15/11/2020";"M";"ES";"56057";"ALFREDO CHAVES";56057;"ALFREDO CHAVES";12;12;13;"Vereador";40666;"DANIEL ORLANDI";29;1058;80000666556;"EEEF ENGANO";"R. PRINCIPAL, S/ Nº"
"16/09/2024";"17:49:23";2020;2;"Eleição Ordinária";1;426;"Eleições Municipais 2020";"15/11/2020";"M";"ES";"56057";"ALFREDO CHAVES";56057;"ALFREDO CHAVES";12;13;13;"Vereador";10555;"OTTAVIO EVANGELISTA GOMES";1;1058;80000682929;"EEEF ENGANO";"R. PRINCIPAL, S/ Nº"
"16/09/2024";"17:49:23";2020;2;"Eleição Ordinária";1;426;"Eleições Municipais 2020";"15/11/2020";"M";"ES";"56057";"ALFREDO CHAVES";56057;"ALFREDO CHAVES";12;35;13;"Vereador";40666;"DANIEL ORLANDI";6;1171;80000666556;"EEEFM CAMILA MOTA";"R. NELSON DA COSTA MELLO, S/ N"
"16/09/2024";"17:49:23";2020;2;"Eleição Ordinária";1;426;"Eleições Municipais 2020";"15/11/2020";"M";"ES";"56057";"ALFREDO CHAVES";56057;"ALFREDO CHAVES";12;4;13;"Vereador";10555;"OTTAVIO EVANGELISTA GOMES";10;1015;80000682929;"EMEF ANA ARAÚJO";"R. EXPEDICIONARIO OSVALDO SAUDINO"
"16/09/2024";"17:49:23";2020;2;"Eleição Ordinária";1;426;"Eleições Municipais 2020";"15/11/2020";"M";"ES";"56057";"ALFREDO CHAVES";56057;"ALFREDO CHAVES";12;30;13;"Vereador";40666;"DANIEL ORLANDI";7;1171;80000666556;"EEEFM CAMILA MOTA";"R. NELSON DA COSTA MELLO, S/ N"
"16/09/2024";"17:49:23";2020;2;"Eleição Ordinária";1;426;"Eleições Municipais 2020";"15/11/2020";"M";"ES";"56057";"ALFREDO CHAVES";56057;"ALFREDO CHAVES";12;34;13;"Vereador";40666;"DANIEL ORLANDI";4;1171;80000666556;"EEEFM CAMILA MOTA";"R. NELSON DA COSTA MELLO, S/ N"
"16/09/2024";"17:49:23";2020;2;"Eleição Ordinária";1;426;"Eleições Municipais 2020";"15/11/2020";"M";"ES";"56057";"ALFREDO CHAVES";56057;"ALFREDO CHAVES";12;6;13;"Vereador";40666;"DANIEL ORLANDI";9;1023;80000666556;"GINÁSIO DE ESPORTES DE ALFREDO CHAVES";"RUA NELSON JOSÉ DA COSTA MELO, S/N"
"16/09/2024";"17:49:23";2020;2;"Eleição Ordinária";1;426;"Eleições Municipais 2020";"15/11/2020";"M";"ES";"56057";"ALFREDO CHAVES";56057;"ALFREDO CHAVES";12;8;13;"Vereador";45789;"JUSCELINO SERAFIN";1;1023;80000666647;"GINÁSIO DE ESPORTES DE ALFREDO CHAVES";"RUA NELSON JOSÉ DA COSTA MELO, S/N"
"16/09/2024";"17:49:23";2020;2;"Eleição Ordinária";1;426;"Eleições Municipais 2020";"15/11/2020";"M";"ES";"56057";"ALFREDO CHAVES";56057;"ALFREDO CHAVES";12;18;13;"Vereador";45789;"JUSCELINO SERAFIN";6;1090;80000666647;"EMEF FELIPE MODOLO";"R. PRINCIPAL, S/ N"
"16/09/2024";"17:49:23";2020;2;"Eleição Ordinária";1;426;"Eleições Municipais 2020";"15/11/2020";"M";"ES";"56057";"ALFREDO CHAVES";56057;"ALFREDO CHAVES";12;3;13;"Vereador";45789;"JUSCELINO SERAFIN";1;1015;80000666647;"EMEF ANA ARAÚJO";"R. EXPEDICIONARIO OSVALDO SAUDINO"
"16/09/2024";"17:49:23";2020;2;"Eleição Ordinária";1;426;"Eleições Municipais 2020";"15/11/2020";"M";"ES";"56057";"ALFREDO CHAVES";56057;"ALFREDO CHAVES";12;4;13;"Vereador";51234;"LUCIANO PINON";1;1015;80000683718;"EMEF ANA ARAÚJO";"R. EXPEDICIONARIO OSVALDO SAUDINO"
"16/09/2024";"17:49:23";2020;2;"Eleição Ordinária";1;426;"Eleições Municipais 2020";"15/11/2020";"M";"ES";"56057";"ALFREDO CHAVES";56057;"ALFREDO CHAVES";12;18;13;"Vereador";51111;"JAQUELINE GOMES DE ARAUJO";5;1090;80000683715;"EMEF FELIPE MODOLO";"R. PRINCIPAL, S/ N"
"16/09/2024";"17:49:23";2020;2;"Eleição Ordinária";1;426;"Eleições Municipais 2020";"15/11/2020";"M";"ES";"56057";"ALFREDO CHAVES";56057;"ALFREDO CHAVES";12;27;13;"Vereador";14300;"ANDRE ALMONFREY ORLANDI";1;1171;80000683168;"EEEFM CAMILA MOTA";"R. NELSON DA COSTA MELLO, S/ N"
"16/09/2024";"17:49:23";2020;2;"Eleição Ordinária";1;426;"Eleições Municipais 2020";"15/11/2020";"M";"ES";"56057";"ALFREDO CHAVES";56057;"ALFREDO CHAVES";12;31;13;"Vereador";40666;"DANIEL ORLANDI";12;1171;80000666556;"EEEFM CAMILA MOTA";"R. NELSON DA COSTA MELLO, S/ N"
"16/09/2024";"17:49:23";2020;2;"Eleição Ordinária";1;426;"Eleições Municipais 2020";"15/11/2020";"M";"ES";"56057";"ALFREDO CHAVES";56057;"ALFREDO CHAVES";12;10;13;"Vereador";14300;"ANDRE ALMONFREY ORLANDI";6;1040;80000683168;"EEEF DE CRUBIXÁ";"R. PRINCIPAL, S/ Nº"
"16/09/2024";"17:49:23";2020;2;"Eleição Ordinária";1;426;"Eleições Municipais 2020";"15/11/2020";"M";"ES";"56057";"ALFREDO CHAVES";56057;"ALFREDO CHAVES";12;34;13;"Vereador";45678;"ADIMAR DE SOUZA MEDINA";1;1171;80000666651;"EEEFM CAMILA MOTA";"R. NELSON DA COSTA MELLO, S/ N"
"16/09/2024";"17:49:23";2020;2;"Eleição Ordinária";1;426;"Eleições Municipais 2020";"15/11/2020";"M";"ES";"56057";"ALFREDO CHAVES";56057;"ALFREDO CHAVES";12;13;13;"Vereador";51234;"LUCIANO PINON";5;1058;80000683718;"EEEF ENGANO";"R. PRINCIPAL, S/ Nº"
"16/09/2024";"17:49:23";2020;2;"Eleição Ordinária";1;426;"Eleições Municipais 2020";"15/11/2020";"M";"ES";"56057";"ALFREDO CHAVES";56057;"ALFREDO CHAVES";12;28;13;"Vereador";51234;"LUCIANO PINON";31;1074;80000683718;"SALÃO DA IGREJA CATÓLICA DE IRIRITIMIRIM";"R. PRINCIPAL, S/ N"
"16/09/2024";"17:49:23";2020;2;"Eleição Ordinária";1;426;"Eleições Municipais 2020";"15/11/2020";"M";"ES";"56057";"ALFREDO CHAVES";56057;"ALFREDO CHAVES";12;29;13;"Vereador";51234;"LUCIANO PINON";1;1147;80000683718;"EMEF SÃO BENTO DE URÂNIA";"R. PRINCIPAL, S/ Nº"
"16/09/2024";"17:49:23";2020;2;"Eleição Ordinária";1;426;"Eleições Municipais 2020";"15/11/2020";"M";"ES";"56057";"ALFREDO CHAVES";56057;"ALFREDO CHAVES";12;31;13;"Vereador";40321;"GILSON LUIZ BELLON";1;1171;80000666558;"EEEFM CAMILA MOTA";"R. NELSON DA COSTA MELLO, S/ N"
"16/09/2024";"17:49:23";2020;2;"Eleição Ordinária";1;426;"Eleições Municipais 2020";"15/11/2020";"M";"ES";"56057";"ALFREDO CHAVES";56057;"ALFREDO CHAVES";12;12;13;"Vereador";96;"VOTO NULO";8;1058;-1;"EEEF ENGANO";"R. PRINCIPAL, S/ Nº"
"16/09/2024";"17:49:23";2020;2;"Eleição Ordinária";1;426;"Eleições Municipais 2020";"15/11/2020";"M";"ES";"56057";"ALFREDO CHAVES";56057;"ALFREDO CHAVES";12;4;13;"Vereador";40333;"JAQUELINE FRANZOTTI DA SILVA";8;1015;80000666559;"EMEF ANA ARAÚJO";"R. EXPEDICIONARIO OSVALDO SAUDINO"
"16/09/2024";"17:49:23";2020;2;"Eleição Ordinária";1;426;"Eleições Municipais 2020";"15/11/2020";"M";"ES";"56057";"ALFREDO CHAVES";56057;"ALFREDO CHAVES";12;31;13;"Vereador";51234;"LUCIANO PINON";2;1171;80000683718;"EEEFM CAMILA MOTA";"R. NELSON DA COSTA MELLO, S/ N"
"16/09/2024";"17:49:23";2020;2;"Eleição Ordinária";1;426;"Eleições Municipais 2020";"15/11/2020";"M";"ES";"56057";"ALFREDO CHAVES";56057;"ALFREDO CHAVES";12;12;13;"Vereador";40321;"GILSON LUIZ BELLON";2;1058;80000666558;"EEEF ENGANO";"R. PRINCIPAL, S/ Nº"
"16/09/2024";"17:49:23";2020;2;"Eleição Ordinária";1;426;"Eleições Municipais 2020";"15/11/2020";"M";"ES";"56057";"ALFREDO CHAVES";56057;"ALFREDO CHAVES";12;35;13;"Vereador";40321;"GILSON LUIZ BELLON";2;1171;80000666558;"EEEFM CAMILA MOTA";"R. NELSON DA COSTA MELLO, S/ N"
"16/09/2024";"17:49:23";2020;2;"Eleição Ordinária";1;426;"Eleições Municipais 2020";"15/11/2020";"M";"ES";"56057";"ALFREDO CHAVES";56057;"ALFREDO CHAVES";12;35;13;"Vereador";96;"VOTO NULO";9;1171;-1;"EEEFM CAMILA MOTA";"R. NELSON DA COSTA MELLO, S/ N"
"16/09/2024";"17:49:23";2020;2;"Eleição Ordinária";1;426;"Eleições Municipais 2020";"15/11/2020";"M";"ES";"56057";"ALFREDO CHAVES";56057;"ALFREDO CHAVES";12;21;13;"Vereador";11999;"OSVALDO SGULMARO";7;1120;80000848888;"EMUEF QUARTO TERRITÓRIO";"R. PRINCIPAL , S/ N"
"16/09/2024";"17:49:23";2020;2;"Eleição Ordinária";1;426;"Eleições Municipais 2020";"15/11/2020";"M";"ES";"56057";"ALFREDO CHAVES";56057;"ALFREDO CHAVES";12;30;13;"Vereador";40321;"GILSON LUIZ BELLON";5;1171;80000666558;"EEEFM CAMILA MOTA";"R. NELSON DA COSTA MELLO, S/ N"
"16/09/2024";"17:49:23";2020;2;"Eleição Ordinária";1;426;"Eleições Municipais 2020";"15/11/2020";"M";"ES";"56057";"ALFREDO CHAVES";56057;"ALFREDO CHAVES";12;34;13;"Vereador";40321;"GILSON LUIZ BELLON";3;1171;80000666558;"EEEFM CAMILA MOTA";"R. NELSON DA COSTA MELLO, S/ N"
"16/09/2024";"17:49:23";2020;2;"Eleição Ordinária";1;426;"Eleições Municipais 2020";"15/11/2020";"M";"ES";"56057";"ALFREDO CHAVES";56057;"ALFREDO CHAVES";12;12;13;"Vereador";51234;"LUCIANO PINON";5;1058;80000683718;"EEEF ENGANO";"R. PRINCIPAL, S/ Nº"
"16/09/2024";"17:49:23";2020;2;"Eleição Ordinária";1;426;"Eleições Municipais 2020";"15/11/2020";"M";"ES";"56057";"ALFREDO CHAVES";56057;"ALFREDO CHAVES";12;35;13;"Vereador";51234;"LUCIANO PINON";3;1171;80000683718;"EEEFM CAMILA MOTA";"R. NELSON DA COSTA MELLO, S/ N"
"16/09/2024";"17:49:23";2020;2;"Eleição Ordinária";1;426;"Eleições Municipais 2020";"15/11/2020";"M";"ES";"56057";"ALFREDO CHAVES";56057;"ALFREDO CHAVES";12;27;13;"Vereador";51333;"RENATO CARDOSO";6;1171;80000683717;"EEEFM CAMILA MOTA";"R. NELSON DA COSTA MELLO, S/ N"
"16/09/2024";"17:49:23";2020;2;"Eleição Ordinária";1;426;"Eleições Municipais 2020";"15/11/2020";"M";"ES";"56057";"ALFREDO CHAVES";56057;"ALFREDO CHAVES";12;4;13;"Vereador";45369;"DORLEI BRANDY NASCIMENTO";2;1015;80000666646;"EMEF ANA ARAÚJO";"R. EXPEDICIONARIO OSVALDO SAUDINO"
"16/09/2024";"17:49:23";2020;2;"Eleição Ordinária";1;426;"Eleições Municipais 2020";"15/11/2020";"M";"ES";"56057";"ALFREDO CHAVES";56057;"ALFREDO CHAVES";12;35;13;"Vereador";11999;"OSVALDO SGULMARO";18;1171;80000848888;"EEEFM CAMILA MOTA";"R. NELSON DA COSTA MELLO, S/ N"
"16/09/2024";"17:49:23";2020;2;"Eleição Ordinária";1;426;"Eleições Municipais 2020";"15/11/2020";"M";"ES";"56057";"ALFREDO CHAVES";56057;"ALFREDO CHAVES";12;31;13;"Vereador";11999;"OSVALDO SGULMARO";19;1171;80000848888;"EEEFM CAMILA MOTA";"R. NELSON DA COSTA MELLO, S/ N"
"16/09/2024";"17:49:23";2020;2;"Eleição Ordinária";1;426;"Eleições Municipais 2020";"15/11/2020";"M";"ES";"56057";"ALFREDO CHAVES";56057;"ALFREDO CHAVES";12;27;13;"Vereador";96;"VOTO NULO";12;1171;-1;"EEEFM CAMILA MOTA";"R. NELSON DA COSTA MELLO, S/ N"
"16/09/2024";"17:49:23";2020;2;"Eleição Ordinária";1;426;"Eleições Municipais 2020";"15/11/2020";"M";"ES";"56057";"ALFREDO CHAVES";56057;"ALFREDO CHAVES";12;21;13;"Vereador";51234;"LUCIANO PINON";2;1120;80000683718;"EMUEF QUARTO TERRITÓRIO";"R. PRINCIPAL , S/ N"
"16/09/2024";"17:49:23";2020;2;"Eleição Ordinária";1;426;"Eleições Municipais 2020";"15/11/2020";"M";"ES";"56057";"ALFREDO CHAVES";56057;"ALFREDO CHAVES";12;13;13;"Vereador";40666;"DANIEL ORLANDI";27;1058;80000666556;"EEEF ENGANO";"R. PRINCIPAL, S/ Nº"
"16/09/2024";"17:49:23";2020;2;"Eleição Ordinária";1;426;"Eleições Municipais 2020";"15/11/2020";"M";"ES";"56057";"ALFREDO CHAVES";56057;"ALFREDO CHAVES";12;4;13;"Vereador";40666;"DANIEL ORLANDI";4;1015;80000666556;"EMEF ANA ARAÚJO";"R. EXPEDICIONARIO OSVALDO SAUDINO"
"16/09/2024";"17:49:23";2020;2;"Eleição Ordinária";1;426;"Eleições Municipais 2020";"15/11/2020";"M";"ES";"56057";"ALFREDO CHAVES";56057;"ALFREDO CHAVES";12;15;11;"Prefeito";96;"VOTO NULO";4;1074;-1;"SALÃO DA IGREJA CATÓLICA DE IRIRITIMIRIM";"R. PRINCIPAL, S/ N"
"16/09/2024";"17:49:23";2020;2;"Eleição Ordinária";1;426;"Eleições Municipais 2020";"15/11/2020";"M";"ES";"56057";"ALFREDO CHAVES";56057;"ALFREDO CHAVES";12;12;13;"Vereador";45678;"ADIMAR DE SOUZA MEDINA";1;1058;80000666651;"EEEF ENGANO";"R. PRINCIPAL, S/ Nº"
"16/09/2024";"17:49:23";2020;2;"Eleição Ordinária";1;426;"Eleições Municipais 2020";"15/11/2020";"M";"ES";"56057";"ALFREDO CHAVES";56057;"ALFREDO CHAVES";12;21;13;"Vereador";40321;"GILSON LUIZ BELLON";2;1120;80000666558;"EMUEF QUARTO TERRITÓRIO";"R. PRINCIPAL , S/ N"
"16/09/2024";"17:49:23";2020;2;"Eleição Ordinária";1;426;"Eleições Municipais 2020";"15/11/2020";"M";"ES";"56057";"ALFREDO CHAVES";56057;"ALFREDO CHAVES";12;27;13;"Vereador";45321;"VALDIRENE BRANDÃO ANDRADE SÓRIO";4;1171;80000666654;"EEEFM CAMILA MOTA";"R. NELSON DA COSTA MELLO, S/ N"
"16/09/2024";"17:49:23";2020;2;"Eleição Ordinária";1;426;"Eleições Municipais 2020";"15/11/2020";"M";"ES";"56057";"ALFREDO CHAVES";56057;"ALFREDO CHAVES";12;35;13;"Vereador";45678;"ADIMAR DE SOUZA MEDINA";1;1171;80000666651;"EEEFM CAMILA MOTA";"R. NELSON DA COSTA MELLO, S/ N"
"16/09/2024";"17:49:23";2020;2;"Eleição Ordinária";1;426;"Eleições Municipais 2020";"15/11/2020";"M";"ES";"56057";"ALFREDO CHAVES";56057;"ALFREDO CHAVES";12;10;13;"Vereador";51456;"JACINTA LUCIA SCARPARO";4;1040;80000683719;"EEEF DE CRUBIXÁ";"R. PRINCIPAL, S/ Nº"
"16/09/2024";"17:49:23";2020;2;"Eleição Ordinária";1;426;"Eleições Municipais 2020";"15/11/2020";"M";"ES";"56057";"ALFREDO CHAVES";56057;"ALFREDO CHAVES";12;13;13;"Vereador";45678;"ADIMAR DE SOUZA MEDINA";4;1058;80000666651;"EEEF ENGANO";"R. PRINCIPAL, S/ Nº"
"16/09/2024";"17:49:23";2020;2;"Eleição Ordinária";1;426;"Eleições Municipais 2020";"15/11/2020";"M";"ES";"56057";"ALFREDO CHAVES";56057;"ALFREDO CHAVES";12;85;13;"Vereador";10456;"ADHEMAR CESAR BISSOLI";4;1244;80000682922;"CRECHE PEQUERRUCHOS";"RUA ANTÔNIO CLAUDIO GAIGHER, 19"
"16/09/2024";"17:49:23";2020;2;"Eleição Ordinária";1;426;"Eleições Municipais 2020";"15/11/2020";"M";"ES";"56057";"ALFREDO CHAVES";56057;"ALFREDO CHAVES";12;23;13;"Vereador";10456;"ADHEMAR CESAR BISSOLI";37;1139;80000682922;"EMEF SAGRADA FAMÍLIA";"R. PRINCIPAL, S/ N"
"16/09/2024";"17:49:23";2020;2;"Eleição Ordinária";1;426;"Eleições Municipais 2020";"15/11/2020";"M";"ES";"56057";"ALFREDO CHAVES";56057;"ALFREDO CHAVES";12;13;13;"Vereador";40333;"JAQUELINE FRANZOTTI DA SILVA";1;1058;80000666559;"EEEF ENGANO";"R. PRINCIPAL, S/ Nº"
"16/09/2024";"17:49:23";2020;2;"Eleição Ordinária";1;426;"Eleições Municipais 2020";"15/11/2020";"M";"ES";"56057";"ALFREDO CHAVES";56057;"ALFREDO CHAVES";12;28;13;"Vereador";40321;"GILSON LUIZ BELLON";12;1074;80000666558;"SALÃO DA IGREJA CATÓLICA DE IRIRITIMIRIM";"R. PRINCIPAL, S/ N"
"16/09/2024";"17:49:23";2020;2;"Eleição Ordinária";1;426;"Eleições Municipais 2020";"15/11/2020";"M";"ES";"56057";"ALFREDO CHAVES";56057;"ALFREDO CHAVES";12;29;13;"Vereador";40321;"GILSON LUIZ BELLON";3;1147;80000666558;"EMEF SÃO BENTO DE URÂNIA";"R. PRINCIPAL, S/ Nº"
"16/09/2024";"17:49:23";2020;2;"Eleição Ordinária";1;426;"Eleições Municipais 2020";"15/11/2020";"M";"ES";"56057";"ALFREDO CHAVES";56057;"ALFREDO CHAVES";12;37;13;"Vereador";51234;"LUCIANO PINON";2;1228;80000683718;"CRECHE COMECINHO DE GENTE";"AV. DARCY DE PAULA GAIGHER, S/N"
"16/09/2024";"17:49:23";2020;2;"Eleição Ordinária";1;426;"Eleições Municipais 2020";"15/11/2020";"M";"ES";"56057";"ALFREDO CHAVES";56057;"ALFREDO CHAVES";12;12;13;"Vereador";40333;"JAQUELINE FRANZOTTI DA SILVA";1;1058;80000666559;"EEEF ENGANO";"R. PRINCIPAL, S/ Nº"
"16/09/2024";"17:49:23";2020;2;"Eleição Ordinária";1;426;"Eleições Municipais 2020";"15/11/2020";"M";"ES";"56057";"ALFREDO CHAVES";56057;"ALFREDO CHAVES";12;17;13;"Vereador";51234;"LUCIANO PINON";38;1090;80000683718;"EMEF FELIPE MODOLO";"R. PRINCIPAL, S/ N"
"16/09/2024";"17:49:23";2020;2;"Eleição Ordinária";1;426;"Eleições Municipais 2020";"15/11/2020";"M";"ES";"56057";"ALFREDO CHAVES";56057;"ALFREDO CHAVES";12;35;13;"Vereador";40333;"JAQUELINE FRANZOTTI DA SILVA";6;1171;80000666559;"EEEFM CAMILA MOTA";"R. NELSON DA COSTA MELLO, S/ N"
"16/09/2024";"17:49:23";2020;2;"Eleição Ordinária";1;426;"Eleições Municipais 2020";"15/11/2020";"M";"ES";"56057";"ALFREDO CHAVES";56057;"ALFREDO CHAVES";12;30;13;"Vereador";40333;"JAQUELINE FRANZOTTI DA SILVA";13;1171;80000666559;"EEEFM CAMILA MOTA";"R. NELSON DA COSTA MELLO, S/ N"
"16/09/2024";"17:49:23";2020;2;"Eleição Ordinária";1;426;"Eleições Municipais 2020";"15/11/2020";"M";"ES";"56057";"ALFREDO CHAVES";56057;"ALFREDO CHAVES";12;34;13;"Vereador";40333;"JAQUELINE FRANZOTTI DA SILVA";7;1171;80000666559;"EEEFM CAMILA MOTA";"R. NELSON DA COSTA MELLO, S/ N"
"16/09/2024";"17:49:23";2020;2;"Eleição Ordinária";1;426;"Eleições Municipais 2020";"15/11/2020";"M";"ES";"56057";"ALFREDO CHAVES";56057;"ALFREDO CHAVES";12;6;13;"Vereador";40333;"JAQUELINE FRANZOTTI DA SILVA";7;1023;80000666559;"GINÁSIO DE ESPORTES DE ALFREDO CHAVES";"RUA NELSON JOSÉ DA COSTA MELO, S/N"
"16/09/2024";"17:49:23";2020;2;"Eleição Ordinária";1;426;"Eleições Municipais 2020";"15/11/2020";"M";"ES";"56057";"ALFREDO CHAVES";56057;"ALFREDO CHAVES";12;31;13;"Vereador";96;"VOTO NULO";13;1171;-1;"EEEFM CAMILA MOTA";"R. NELSON DA COSTA MELLO, S/ N"
"16/09/2024";"17:49:23";2020;2;"Eleição Ordinária";1;426;"Eleições Municipais 2020";"15/11/2020";"M";"ES";"56057";"ALFREDO CHAVES";56057;"ALFREDO CHAVES";12;17;13;"Vereador";40321;"GILSON LUIZ BELLON";45;1090;80000666558;"EMEF FELIPE MODOLO";"R. PRINCIPAL, S/ N"
"16/09/2024";"17:49:23";2020;2;"Eleição Ordinária";1;426;"Eleições Municipais 2020";"15/11/2020";"M";"ES";"56057";"ALFREDO CHAVES";56057;"ALFREDO CHAVES";12;19;13;"Vereador";51234;"LUCIANO PINON";1;1104;80000683718;"SALÃO COMUNITÁRIO DE NOVA ESTRELA";"R. PRINCIPAL, S/ Nº"
"16/09/2024";"17:49:23";2020;2;"Eleição Ordinária";1;426;"Eleições Municipais 2020";"15/11/2020";"M";"ES";"56057";"ALFREDO CHAVES";56057;"ALFREDO CHAVES";12;8;13;"Vereador";14300;"ANDRE ALMONFREY ORLANDI";1;1023;80000683168;"GINÁSIO DE ESPORTES DE ALFREDO CHAVES";"RUA NELSON JOSÉ DA COSTA MELO, S/N"
"16/09/2024";"17:49:23";2020;2;"Eleição Ordinária";1;426;"Eleições Municipais 2020";"15/11/2020";"M";"ES";"56057";"ALFREDO CHAVES";56057;"ALFREDO CHAVES";12;4;13;"Vereador";40222;"ROSANA MARIA CARDOSO TAVARES";5;1015;80000666566;"EMEF ANA ARAÚJO";"R. EXPEDICIONARIO OSVALDO SAUDINO"
"16/09/2024";"17:49:23";2020;2;"Eleição Ordinária";1;426;"Eleições Municipais 2020";"15/11/2020";"M";"ES";"56057";"ALFREDO CHAVES";56057;"ALFREDO CHAVES";12;18;13;"Vereador";14300;"ANDRE ALMONFREY ORLANDI";2;1090;80000683168;"EMEF FELIPE MODOLO";"R. PRINCIPAL, S/ N"
"16/09/2024";"17:49:23";2020;2;"Eleição Ordinária";1;426;"Eleições Municipais 2020";"15/11/2020";"M";"ES";"56057";"ALFREDO CHAVES";56057;"ALFREDO CHAVES";12;37;11;"Prefeito";96;"VOTO NULO";6;1228;-1;"CRECHE COMECINHO DE GENTE";"AV. DARCY DE PAULA GAIGHER, S/N"
"16/09/2024";"17:49:23";2020;2;"Eleição Ordinária";1;426;"Eleições Municipais 2020";"15/11/2020";"M";"ES";"56057";"ALFREDO CHAVES";56057;"ALFREDO CHAVES";12;31;13;"Vereador";51333;"RENATO CARDOSO";4;1171;80000683717;"EEEFM CAMILA MOTA";"R. NELSON DA COSTA MELLO, S/ N"
"16/09/2024";"17:49:23";2020;2;"Eleição Ordinária";1;426;"Eleições Municipais 2020";"15/11/2020";"M";"ES";"56057";"ALFREDO CHAVES";56057;"ALFREDO CHAVES";12;3;13;"Vereador";14300;"ANDRE ALMONFREY ORLANDI";1;1015;80000683168;"EMEF ANA ARAÚJO";"R. EXPEDICIONARIO OSVALDO SAUDINO"
"16/09/2024";"17:49:23";2020;2;"Eleição Ordinária";1;426;"Eleições Municipais 2020";"15/11/2020";"M";"ES";"56057";"ALFREDO CHAVES";56057;"ALFREDO CHAVES";12;85;13;"Vereador";45666;"PETRONIO LOUSADA";1;1244;80000666643;"CRECHE PEQUERRUCHOS";"RUA ANTÔNIO CLAUDIO GAIGHER, 19"
"16/09/2024";"17:49:23";2020;2;"Eleição Ordinária";1;426;"Eleições Municipais 2020";"15/11/2020";"M";"ES";"56057";"ALFREDO CHAVES";56057;"ALFREDO CHAVES";12;37;13;"Vereador";40321;"GILSON LUIZ BELLON";1;1228;80000666558;"CRECHE COMECINHO DE GENTE";"AV. DARCY DE PAULA GAIGHER, S/N"
"16/09/2024";"17:49:23";2020;2;"Eleição Ordinária";1;426;"Eleições Municipais 2020";"15/11/2020";"M";"ES";"56057";"ALFREDO CHAVES";56057;"ALFREDO CHAVES";12;10;13;"Vereador";96;"VOTO NULO";11;1040;-1;"EEEF DE CRUBIXÁ";"R. PRINCIPAL, S/ Nº"
"16/09/2024";"17:49:23";2020;2;"Eleição Ordinária";1;426;"Eleições Municipais 2020";"15/11/2020";"M";"ES";"56057";"ALFREDO CHAVES";56057;"ALFREDO CHAVES";12;27;13;"Vereador";45777;"GUILHERME CARLOS CETTO VITOR";1;1171;80000666649;"EEEFM CAMILA MOTA";"R. NELSON DA COSTA MELLO, S/ N"
"16/09/2024";"17:49:23";2020;2;"Eleição Ordinária";1;426;"Eleições Municipais 2020";"15/11/2020";"M";"ES";"56057";"ALFREDO CHAVES";56057;"ALFREDO CHAVES";12;8;13;"Vereador";40333;"JAQUELINE FRANZOTTI DA SILVA";5;1023;80000666559;"GINÁSIO DE ESPORTES DE ALFREDO CHAVES";"RUA NELSON JOSÉ DA COSTA MELO, S/N"
"16/09/2024";"17:49:23";2020;2;"Eleição Ordinária";1;426;"Eleições Municipais 2020";"15/11/2020";"M";"ES";"56057";"ALFREDO CHAVES";56057;"ALFREDO CHAVES";12;27;13;"Vereador";45333;"DIEYSON GONÇALVES DA ROSA";2;1171;80000666652;"EEEFM CAMILA MOTA";"R. NELSON DA COSTA MELLO, S/ N"
"16/09/2024";"17:49:23";2020;2;"Eleição Ordinária";1;426;"Eleições Municipais 2020";"15/11/2020";"M";"ES";"56057";"ALFREDO CHAVES";56057;"ALFREDO CHAVES";12;3;13;"Vereador";40333;"JAQUELINE FRANZOTTI DA SILVA";7;1015;80000666559;"EMEF ANA ARAÚJO";"R. EXPEDICIONARIO OSVALDO SAUDINO"
"16/09/2024";"17:49:23";2020;2;"Eleição Ordinária";1;426;"Eleições Municipais 2020";"15/11/2020";"M";"ES";"56057";"ALFREDO CHAVES";56057;"ALFREDO CHAVES";12;85;13;"Vereador";45321;"VALDIRENE BRANDÃO ANDRADE SÓRIO";5;1244;80000666654;"CRECHE PEQUERRUCHOS";"RUA ANTÔNIO CLAUDIO GAIGHER, 19"
"16/09/2024";"17:49:23";2020;2;"Eleição Ordinária";1;426;"Eleições Municipais 2020";"15/11/2020";"M";"ES";"56057";"ALFREDO CHAVES";56057;"ALFREDO CHAVES";12;30;13;"Vereador";11999;"OSVALDO SGULMARO";16;1171;80000848888;"EEEFM CAMILA MOTA";"R. NELSON DA COSTA MELLO, S/ N"
"16/09/2024";"17:49:23";2020;2;"Eleição Ordinária";1;426;"Eleições Municipais 2020";"15/11/2020";"M";"ES";"56057";"ALFREDO CHAVES";56057;"ALFREDO CHAVES";12;34;13;"Vereador";11999;"OSVALDO SGULMARO";18;1171;80000848888;"EEEFM CAMILA MOTA";"R. NELSON DA COSTA MELLO, S/ N"
"16/09/2024";"17:49:23";2020;2;"Eleição Ordinária";1;426;"Eleições Municipais 2020";"15/11/2020";"M";"ES";"56057";"ALFREDO CHAVES";56057;"ALFREDO CHAVES";12;6;13;"Vereador";11999;"OSVALDO SGULMARO";16;1023;80000848888;"GINÁSIO DE ESPORTES DE ALFREDO CHAVES";"RUA NELSON JOSÉ DA COSTA MELO, S/N"
"16/09/2024";"17:49:23";2020;2;"Eleição Ordinária";1;426;"Eleições Municipais 2020";"15/11/2020";"M";"ES";"56057";"ALFREDO CHAVES";56057;"ALFREDO CHAVES";12;10;13;"Vereador";45789;"JUSCELINO SERAFIN";1;1040;80000666647;"EEEF DE CRUBIXÁ";"R. PRINCIPAL, S/ Nº"
"16/09/2024";"17:49:23";2020;2;"Eleição Ordinária";1;426;"Eleições Municipais 2020";"15/11/2020";"M";"ES";"56057";"ALFREDO CHAVES";56057;"ALFREDO CHAVES";12;13;13;"Vereador";11999;"OSVALDO SGULMARO";2;1058;80000848888;"EEEF ENGANO";"R. PRINCIPAL, S/ Nº"
"16/09/2024";"17:49:23";2020;2;"Eleição Ordinária";1;426;"Eleições Municipais 2020";"15/11/2020";"M";"ES";"56057";"ALFREDO CHAVES";56057;"ALFREDO CHAVES";12;4;13;"Vereador";11999;"OSVALDO SGULMARO";16;1015;80000848888;"EMEF ANA ARAÚJO";"R. EXPEDICIONARIO OSVALDO SAUDINO"
"16/09/2024";"17:49:23";2020;2;"Eleição Ordinária";1;426;"Eleições Municipais 2020";"15/11/2020";"M";"ES";"56057";"ALFREDO CHAVES";56057;"ALFREDO CHAVES";12;27;11;"Prefeito";96;"VOTO NULO";17;1171;-1;"EEEFM CAMILA MOTA";"R. NELSON DA COSTA MELLO, S/ N"
"16/09/2024";"17:49:23";2020;2;"Eleição Ordinária";1;426;"Eleições Municipais 2020";"15/11/2020";"M";"ES";"56057";"ALFREDO CHAVES";56057;"ALFREDO CHAVES";12;10;11;"Prefeito";96;"VOTO NULO";8;1040;-1;"EEEF DE CRUBIXÁ";"R. PRINCIPAL, S/ Nº"
"16/09/2024";"17:49:23";2020;2;"Eleição Ordinária";1;426;"Eleições Municipais 2020";"15/11/2020";"M";"ES";"56057";"ALFREDO CHAVES";56057;"ALFREDO CHAVES";12;20;13;"Vereador";51222;"GIANNE SMARSARO";1;1112;80000683716;"SALÃO DA IGREJA CATÓLICA DE CACHOEIRA ALTA";"R. PRINCIPAL, S/ N"
"16/09/2024";"17:49:23";2020;2;"Eleição Ordinária";1;426;"Eleições Municipais 2020";"15/11/2020";"M";"ES";"56057";"ALFREDO CHAVES";56057;"ALFREDO CHAVES";12;13;13;"Vereador";14400;"JORGE PEDRO FIORIN";2;1058;80000683178;"EEEF ENGANO";"R. PRINCIPAL, S/ Nº"
"16/09/2024";"17:49:23";2020;2;"Eleição Ordinária";1;426;"Eleições Municipais 2020";"15/11/2020";"M";"ES";"56057";"ALFREDO CHAVES";56057;"ALFREDO CHAVES";12;22;13;"Vereador";95;"VOTO BRANCO";5;1139;-1;"EMEF SAGRADA FAMÍLIA";"R. PRINCIPAL, S/ N"
"16/09/2024";"17:49:23";2020;2;"Eleição Ordinária";1;426;"Eleições Municipais 2020";"15/11/2020";"M";"ES";"56057";"ALFREDO CHAVES";56057;"ALFREDO CHAVES";12;8;13;"Vereador";11000;"FRANCISCO DE ASSIS JOSÉ DOS SANTOS";5;1023;80000848890;"GINÁSIO DE ESPORTES DE ALFREDO CHAVES";"RUA NELSON JOSÉ DA COSTA MELO, S/N"
"16/09/2024";"17:49:23";2020;2;"Eleição Ordinária";1;426;"Eleições Municipais 2020";"15/11/2020";"M";"ES";"56057";"ALFREDO CHAVES";56057;"ALFREDO CHAVES";12;11;13;"Vereador";14000;"VALENTIM CARDOSO";1;1040;80000683180;"EEEF DE CRUBIXÁ";"R. PRINCIPAL, S/ Nº"
"16/09/2024";"17:49:23";2020;2;"Eleição Ordinária";1;426;"Eleições Municipais 2020";"15/11/2020";"M";"ES";"56057";"ALFREDO CHAVES";56057;"ALFREDO CHAVES";12;18;13;"Vereador";11000;"FRANCISCO DE ASSIS JOSÉ DOS SANTOS";1;1090;80000848890;"EMEF FELIPE MODOLO";"R. PRINCIPAL, S/ N"
"16/09/2024";"17:49:23";2020;2;"Eleição Ordinária";1;426;"Eleições Municipais 2020";"15/11/2020";"M";"ES";"56057";"ALFREDO CHAVES";56057;"ALFREDO CHAVES";12;7;13;"Vereador";14000;"VALENTIM CARDOSO";14;1171;80000683180;"EEEFM CAMILA MOTA";"R. NELSON DA COSTA MELLO, S/ N"
"16/09/2024";"17:49:23";2020;2;"Eleição Ordinária";1;426;"Eleições Municipais 2020";"15/11/2020";"M";"ES";"56057";"ALFREDO CHAVES";56057;"ALFREDO CHAVES";12;2;13;"Vereador";45777;"GUILHERME CARLOS CETTO VITOR";3;1015;80000666649;"EMEF ANA ARAÚJO";"R. EXPEDICIONARIO OSVALDO SAUDINO"
"16/09/2024";"17:49:23";2020;2;"Eleição Ordinária";1;426;"Eleições Municipais 2020";"15/11/2020";"M";"ES";"56057";"ALFREDO CHAVES";56057;"ALFREDO CHAVES";12;16;13;"Vereador";45777;"GUILHERME CARLOS CETTO VITOR";1;1082;80000666649;"EMUEF ALMERINDA BRUNORO";"R. PRINCIPAL, S/ N"
"16/09/2024";"17:49:23";2020;2;"Eleição Ordinária";1;426;"Eleições Municipais 2020";"15/11/2020";"M";"ES";"56057";"ALFREDO CHAVES";56057;"ALFREDO CHAVES";12;3;13;"Vereador";11000;"FRANCISCO DE ASSIS JOSÉ DOS SANTOS";20;1015;80000848890;"EMEF ANA ARAÚJO";"R. EXPEDICIONARIO OSVALDO SAUDINO"
"16/09/2024";"17:49:23";2020;2;"Eleição Ordinária";1;426;"Eleições Municipais 2020";"15/11/2020";"M";"ES";"56057";"ALFREDO CHAVES";56057;"ALFREDO CHAVES";12;2;13;"Vereador";14000;"VALENTIM CARDOSO";13;1015;80000683180;"EMEF ANA ARAÚJO";"R. EXPEDICIONARIO OSVALDO SAUDINO"
"16/09/2024";"17:49:23";2020;2;"Eleição Ordinária";1;426;"Eleições Municipais 2020";"15/11/2020";"M";"ES";"56057";"ALFREDO CHAVES";56057;"ALFREDO CHAVES";12;16;13;"Vereador";14000;"VALENTIM CARDOSO";1;1082;80000683180;"EMUEF ALMERINDA BRUNORO";"R. PRINCIPAL, S/ N"
"16/09/2024";"17:49:23";2020;2;"Eleição Ordinária";1;426;"Eleições Municipais 2020";"15/11/2020";"M";"ES";"56057";"ALFREDO CHAVES";56057;"ALFREDO CHAVES";12;40;13;"Vereador";14000;"VALENTIM CARDOSO";2;1236;80000683180;"NACCA-ANTIGO PETI";"RUA THOMAZ COELHO, S/N AO LADO DA BIBLIOTECA MUNICIPAL"
"16/09/2024";"17:49:23";2020;2;"Eleição Ordinária";1;426;"Eleições Municipais 2020";"15/11/2020";"M";"ES";"56057";"ALFREDO CHAVES";56057;"ALFREDO CHAVES";12;13;13;"Vereador";11000;"FRANCISCO DE ASSIS JOSÉ DOS SANTOS";6;1058;80000848890;"EEEF ENGANO";"R. PRINCIPAL, S/ Nº"
"16/09/2024";"17:49:23";2020;2;"Eleição Ordinária";1;426;"Eleições Municipais 2020";"15/11/2020";"M";"ES";"56057";"ALFREDO CHAVES";56057;"ALFREDO CHAVES";12;4;13;"Vereador";11000;"FRANCISCO DE ASSIS JOSÉ DOS SANTOS";13;1015;80000848890;"EMEF ANA ARAÚJO";"R. EXPEDICIONARIO OSVALDO SAUDINO"
"16/09/2024";"17:49:23";2020;2;"Eleição Ordinária";1;426;"Eleições Municipais 2020";"15/11/2020";"M";"ES";"56057";"ALFREDO CHAVES";56057;"ALFREDO CHAVES";12;7;13;"Vereador";10456;"ADHEMAR CESAR BISSOLI";5;1171;80000682922;"EEEFM CAMILA MOTA";"R. NELSON DA COSTA MELLO, S/ N"
"16/09/2024";"17:49:23";2020;2;"Eleição Ordinária";1;426;"Eleições Municipais 2020";"15/11/2020";"M";"ES";"56057";"ALFREDO CHAVES";56057;"ALFREDO CHAVES";12;2;13;"Vereador";10456;"ADHEMAR CESAR BISSOLI";6;1015;80000682922;"EMEF ANA ARAÚJO";"R. EXPEDICIONARIO OSVALDO SAUDINO"
"16/09/2024";"17:49:23";2020;2;"Eleição Ordinária";1;426;"Eleições Municipais 2020";"15/11/2020";"M";"ES";"56057";"ALFREDO CHAVES";56057;"ALFREDO CHAVES";12;40;13;"Vereador";10456;"ADHEMAR CESAR BISSOLI";7;1236;80000682922;"NACCA-ANTIGO PETI";"RUA THOMAZ COELHO, S/N AO LADO DA BIBLIOTECA MUNICIPAL"
"16/09/2024";"17:49:23";2020;2;"Eleição Ordinária";1;426;"Eleições Municipais 2020";"15/11/2020";"M";"ES";"56057";"ALFREDO CHAVES";56057;"ALFREDO CHAVES";12;31;13;"Vereador";45333;"DIEYSON GONÇALVES DA ROSA";1;1171;80000666652;"EEEFM CAMILA MOTA";"R. NELSON DA COSTA MELLO, S/ N"
"16/09/2024";"17:49:23";2020;2;"Eleição Ordinária";1;426;"Eleições Municipais 2020";"15/11/2020";"M";"ES";"56057";"ALFREDO CHAVES";56057;"ALFREDO CHAVES";12;35;13;"Vereador";10345;"ARMANDO ZANATA INGLE RIBEIRO";4;1171;80000682931;"EEEFM CAMILA MOTA";"R. NELSON DA COSTA MELLO, S/ N"
"16/09/2024";"17:49:23";2020;2;"Eleição Ordinária";1;426;"Eleições Municipais 2020";"15/11/2020";"M";"ES";"56057";"ALFREDO CHAVES";56057;"ALFREDO CHAVES";12;30;13;"Vereador";10345;"ARMANDO ZANATA INGLE RIBEIRO";8;1171;80000682931;"EEEFM CAMILA MOTA";"R. NELSON DA COSTA MELLO, S/ N"
"16/09/2024";"17:49:23";2020;2;"Eleição Ordinária";1;426;"Eleições Municipais 2020";"15/11/2020";"M";"ES";"56057";"ALFREDO CHAVES";56057;"ALFREDO CHAVES";12;34;13;"Vereador";10345;"ARMANDO ZANATA INGLE RIBEIRO";7;1171;80000682931;"EEEFM CAMILA MOTA";"R. NELSON DA COSTA MELLO, S/ N"
"16/09/2024";"17:49:23";2020;2;"Eleição Ordinária";1;426;"Eleições Municipais 2020";"15/11/2020";"M";"ES";"56057";"ALFREDO CHAVES";56057;"ALFREDO CHAVES";12;6;13;"Vereador";10345;"ARMANDO ZANATA INGLE RIBEIRO";5;1023;80000682931;"GINÁSIO DE ESPORTES DE ALFREDO CHAVES";"RUA NELSON JOSÉ DA COSTA MELO, S/N"
"16/09/2024";"17:49:23";2020;2;"Eleição Ordinária";1;426;"Eleições Municipais 2020";"15/11/2020";"M";"ES";"56057";"ALFREDO CHAVES";56057;"ALFREDO CHAVES";12;12;13;"Vereador";11000;"FRANCISCO DE ASSIS JOSÉ DOS SANTOS";4;1058;80000848890;"EEEF ENGANO";"R. PRINCIPAL, S/ Nº"
"16/09/2024";"17:49:23";2020;2;"Eleição Ordinária";1;426;"Eleições Municipais 2020";"15/11/2020";"M";"ES";"56057";"ALFREDO CHAVES";56057;"ALFREDO CHAVES";12;4;13;"Vereador";10345;"ARMANDO ZANATA INGLE RIBEIRO";4;1015;80000682931;"EMEF ANA ARAÚJO";"R. EXPEDICIONARIO OSVALDO SAUDINO"
"16/09/2024";"17:49:23";2020;2;"Eleição Ordinária";1;426;"Eleições Municipais 2020";"15/11/2020";"M";"ES";"56057";"ALFREDO CHAVES";56057;"ALFREDO CHAVES";12;6;13;"Vereador";11000;"FRANCISCO DE ASSIS JOSÉ DOS SANTOS";5;1023;80000848890;"GINÁSIO DE ESPORTES DE ALFREDO CHAVES";"RUA NELSON JOSÉ DA COSTA MELO, S/N"
"16/09/2024";"17:49:23";2020;2;"Eleição Ordinária";1;426;"Eleições Municipais 2020";"15/11/2020";"M";"ES";"56057";"ALFREDO CHAVES";56057;"ALFREDO CHAVES";12;3;13;"Vereador";10345;"ARMANDO ZANATA INGLE RIBEIRO";6;1015;80000682931;"EMEF ANA ARAÚJO";"R. EXPEDICIONARIO OSVALDO SAUDINO"
"16/09/2024";"17:49:23";2020;2;"Eleição Ordinária";1;426;"Eleições Municipais 2020";"15/11/2020";"M";"ES";"56057";"ALFREDO CHAVES";56057;"ALFREDO CHAVES";12;22;11;"Prefeito";40;"FERNANDO VIDEIRA LAFAYETTE";176;1139;80000680338;"EMEF SAGRADA FAMÍLIA";"R. PRINCIPAL, S/ N"
"16/09/2024";"17:49:23";2020;2;"Eleição Ordinária";1;426;"Eleições Municipais 2020";"15/11/2020";"M";"ES";"56057";"ALFREDO CHAVES";56057;"ALFREDO CHAVES";12;10;13;"Vereador";11000;"FRANCISCO DE ASSIS JOSÉ DOS SANTOS";8;1040;80000848890;"EEEF DE CRUBIXÁ";"R. PRINCIPAL, S/ Nº"
"16/09/2024";"17:49:23";2020;2;"Eleição Ordinária";1;426;"Eleições Municipais 2020";"15/11/2020";"M";"ES";"56057";"ALFREDO CHAVES";56057;"ALFREDO CHAVES";12;41;11;"Prefeito";40;"FERNANDO VIDEIRA LAFAYETTE";125;1236;80000680338;"NACCA-ANTIGO PETI";"RUA THOMAZ COELHO, S/N AO LADO DA BIBLIOTECA MUNICIPAL"
"16/09/2024";"17:49:23";2020;2;"Eleição Ordinária";1;426;"Eleições Municipais 2020";"15/11/2020";"M";"ES";"56057";"ALFREDO CHAVES";56057;"ALFREDO CHAVES";12;26;11;"Prefeito";40;"FERNANDO VIDEIRA LAFAYETTE";82;1163;80000680338;"EEUEF VILA NOVA DE MARAVILHA";"R. PRINCIPAL, S/ Nº"
"16/09/2024";"17:49:23";2020;2;"Eleição Ordinária";1;426;"Eleições Municipais 2020";"15/11/2020";"M";"ES";"56057";"ALFREDO CHAVES";56057;"ALFREDO CHAVES";12;85;13;"Vereador";14000;"VALENTIM CARDOSO";5;1244;80000683180;"CRECHE PEQUERRUCHOS";"RUA ANTÔNIO CLAUDIO GAIGHER, 19"
"16/09/2024";"17:49:23";2020;2;"Eleição Ordinária";1;426;"Eleições Municipais 2020";"15/11/2020";"M";"ES";"56057";"ALFREDO CHAVES";56057;"ALFREDO CHAVES";12;23;13;"Vereador";14000;"VALENTIM CARDOSO";2;1139;80000683180;"EMEF SAGRADA FAMÍLIA";"R. PRINCIPAL, S/ N"
"16/09/2024";"17:49:23";2020;2;"Eleição Ordinária";1;426;"Eleições Municipais 2020";"15/11/2020";"M";"ES";"56057";"ALFREDO CHAVES";56057;"ALFREDO CHAVES";12;85;13;"Vereador";45777;"GUILHERME CARLOS CETTO VITOR";3;1244;80000666649;"CRECHE PEQUERRUCHOS";"RUA ANTÔNIO CLAUDIO GAIGHER, 19"
"16/09/2024";"17:49:23";2020;2;"Eleição Ordinária";1;426;"Eleições Municipais 2020";"15/11/2020";"M";"ES";"56057";"ALFREDO CHAVES";56057;"ALFREDO CHAVES";12;9;13;"Vereador";40111;"CHARLES GAIGHER";1;1031;80000666561;"EMEF FAZENDA APARECIDA";"R. PRINCIPAL, S/ Nº"
"16/09/2024";"17:49:23";2020;2;"Eleição Ordinária";1;426;"Eleições Municipais 2020";"15/11/2020";"M";"ES";"56057";"ALFREDO CHAVES";56057;"ALFREDO CHAVES";12;24;11;"Prefeito";96;"VOTO NULO";17;1147;-1;"EMEF SÃO BENTO DE URÂNIA";"R. PRINCIPAL, S/ Nº"
"16/09/2024";"17:49:23";2020;2;"Eleição Ordinária";1;426;"Eleições Municipais 2020";"15/11/2020";"M";"ES";"56057";"ALFREDO CHAVES";56057;"ALFREDO CHAVES";12;1;11;"Prefeito";96;"VOTO NULO";8;1015;-1;"EMEF ANA ARAÚJO";"R. EXPEDICIONARIO OSVALDO SAUDINO"
"16/09/2024";"17:49:23";2020;2;"Eleição Ordinária";1;426;"Eleições Municipais 2020";"15/11/2020";"M";"ES";"56057";"ALFREDO CHAVES";56057;"ALFREDO CHAVES";12;11;11;"Prefeito";96;"VOTO NULO";10;1040;-1;"EEEF DE CRUBIXÁ";"R. PRINCIPAL, S/ Nº"
"16/09/2024";"17:49:23";2020;2;"Eleição Ordinária";1;426;"Eleições Municipais 2020";"15/11/2020";"M";"ES";"56057";"ALFREDO CHAVES";56057;"ALFREDO CHAVES";12;25;11;"Prefeito";96;"VOTO NULO";5;1155;-1;"EEUEF CAROLINA";"R. PRINCIPAL, S/ Nº"
"16/09/2024";"17:49:23";2020;2;"Eleição Ordinária";1;426;"Eleições Municipais 2020";"15/11/2020";"M";"ES";"56057";"ALFREDO CHAVES";56057;"ALFREDO CHAVES";12;85;13;"Vereador";40111;"CHARLES GAIGHER";11;1244;80000666561;"CRECHE PEQUERRUCHOS";"RUA ANTÔNIO CLAUDIO GAIGHER, 19"
"16/09/2024";"17:49:23";2020;2;"Eleição Ordinária";1;426;"Eleições Municipais 2020";"15/11/2020";"M";"ES";"56057";"ALFREDO CHAVES";56057;"ALFREDO CHAVES";12;23;13;"Vereador";40111;"CHARLES GAIGHER";9;1139;80000666561;"EMEF SAGRADA FAMÍLIA";"R. PRINCIPAL, S/ N"
"16/09/2024";"17:49:23";2020;2;"Eleição Ordinária";1;426;"Eleições Municipais 2020";"15/11/2020";"M";"ES";"56057";"ALFREDO CHAVES";56057;"ALFREDO CHAVES";12;7;11;"Prefeito";96;"VOTO NULO";10;1171;-1;"EEEFM CAMILA MOTA";"R. NELSON DA COSTA MELLO, S/ N"
"16/09/2024";"17:49:23";2020;2;"Eleição Ordinária";1;426;"Eleições Municipais 2020";"15/11/2020";"M";"ES";"56057";"ALFREDO CHAVES";56057;"ALFREDO CHAVES";12;40;11;"Prefeito";96;"VOTO NULO";5;1236;-1;"NACCA-ANTIGO PETI";"RUA THOMAZ COELHO, S/N AO LADO DA BIBLIOTECA MUNICIPAL"
"16/09/2024";"17:49:23";2020;2;"Eleição Ordinária";1;426;"Eleições Municipais 2020";"15/11/2020";"M";"ES";"56057";"ALFREDO CHAVES";56057;"ALFREDO CHAVES";12;16;11;"Prefeito";96;"VOTO NULO";6;1082;-1;"EMUEF ALMERINDA BRUNORO";"R. PRINCIPAL, S/ N"
"16/09/2024";"17:49:23";2020;2;"Eleição Ordinária";1;426;"Eleições Municipais 2020";"15/11/2020";"M";"ES";"56057";"ALFREDO CHAVES";56057;"ALFREDO CHAVES";12;2;11;"Prefeito";96;"VOTO NULO";5;1015;-1;"EMEF ANA ARAÚJO";"R. EXPEDICIONARIO OSVALDO SAUDINO"
"16/09/2024";"17:49:23";2020;2;"Eleição Ordinária";1;426;"Eleições Municipais 2020";"15/11/2020";"M";"ES";"56057";"ALFREDO CHAVES";56057;"ALFREDO CHAVES";12;24;13;"Vereador";10100;"MATHIAS FERREIRA JUNIOR";1;1147;80000682928;"EMEF SÃO BENTO DE URÂNIA";"R. PRINCIPAL, S/ Nº"
"16/09/2024";"17:49:23";2020;2;"Eleição Ordinária";1;426;"Eleições Municipais 2020";"15/11/2020";"M";"ES";"56057";"ALFREDO CHAVES";56057;"ALFREDO CHAVES";12;85;13;"Vereador";51311;"NARCISO DE ABREU GRASSI";7;1244;80000683714;"CRECHE PEQUERRUCHOS";"RUA ANTÔNIO CLAUDIO GAIGHER, 19"
"16/09/2024";"17:49:23";2020;2;"Eleição Ordinária";1;426;"Eleições Municipais 2020";"15/11/2020";"M";"ES";"56057";"ALFREDO CHAVES";56057;"ALFREDO CHAVES";12;23;13;"Vereador";51311;"NARCISO DE ABREU GRASSI";16;1139;80000683714;"EMEF SAGRADA FAMÍLIA";"R. PRINCIPAL, S/ N"
"16/09/2024";"17:49:23";2020;2;"Eleição Ordinária";1;426;"Eleições Municipais 2020";"15/11/2020";"M";"ES";"56057";"ALFREDO CHAVES";56057;"ALFREDO CHAVES";12;85;13;"Vereador";14444;"ZALUAR IGREJA ROSA DA SILVA";1;1244;80000683177;"CRECHE PEQUERRUCHOS";"RUA ANTÔNIO CLAUDIO GAIGHER, 19"
"16/09/2024";"17:49:23";2020;2;"Eleição Ordinária";1;426;"Eleições Municipais 2020";"15/11/2020";"M";"ES";"56057";"ALFREDO CHAVES";56057;"ALFREDO CHAVES";12;9;13;"Vereador";51311;"NARCISO DE ABREU GRASSI";5;1031;80000683714;"EMEF FAZENDA APARECIDA";"R. PRINCIPAL, S/ Nº"
"16/09/2024";"17:49:23";2020;2;"Eleição Ordinária";1;426;"Eleições Municipais 2020";"15/11/2020";"M";"ES";"56057";"ALFREDO CHAVES";56057;"ALFREDO CHAVES";12;13;13;"Vereador";51111;"JAQUELINE GOMES DE ARAUJO";1;1058;80000683715;"EEEF ENGANO";"R. PRINCIPAL, S/ Nº"
"16/09/2024";"17:49:23";2020;2;"Eleição Ordinária";1;426;"Eleições Municipais 2020";"15/11/2020";"M";"ES";"56057";"ALFREDO CHAVES";56057;"ALFREDO CHAVES";12;4;13;"Vereador";51111;"JAQUELINE GOMES DE ARAUJO";1;1015;80000683715;"EMEF ANA ARAÚJO";"R. EXPEDICIONARIO OSVALDO SAUDINO"
"16/09/2024";"17:49:23";2020;2;"Eleição Ordinária";1;426;"Eleições Municipais 2020";"15/11/2020";"M";"ES";"56057";"ALFREDO CHAVES";56057;"ALFREDO CHAVES";12;30;13;"Vereador";10018;"CAMILA BRUSCHI TONON";1;1171;80000682932;"EEEFM CAMILA MOTA";"R. NELSON DA COSTA MELLO, S/ N"
"16/09/2024";"17:49:23";2020;2;"Eleição Ordinária";1;426;"Eleições Municipais 2020";"15/11/2020";"M";"ES";"56057";"ALFREDO CHAVES";56057;"ALFREDO CHAVES";12;34;13;"Vereador";10018;"CAMILA BRUSCHI TONON";1;1171;80000682932;"EEEFM CAMILA MOTA";"R. NELSON DA COSTA MELLO, S/ N"
"16/09/2024";"17:49:23";2020;2;"Eleição Ordinária";1;426;"Eleições Municipais 2020";"15/11/2020";"M";"ES";"56057";"ALFREDO CHAVES";56057;"ALFREDO CHAVES";12;6;13;"Vereador";10018;"CAMILA BRUSCHI TONON";1;1023;80000682932;"GINÁSIO DE ESPORTES DE ALFREDO CHAVES";"RUA NELSON JOSÉ DA COSTA MELO, S/N"
"16/09/2024";"17:49:23";2020;2;"Eleição Ordinária";1;426;"Eleições Municipais 2020";"15/11/2020";"M";"ES";"56057";"ALFREDO CHAVES";56057;"ALFREDO CHAVES";12;20;11;"Prefeito";40;"FERNANDO VIDEIRA LAFAYETTE";159;1112;80000680338;"SALÃO DA IGREJA CATÓLICA DE CACHOEIRA ALTA";"R. PRINCIPAL, S/ N"
"16/09/2024";"17:49:23";2020;2;"Eleição Ordinária";1;426;"Eleições Municipais 2020";"15/11/2020";"M";"ES";"56057";"ALFREDO CHAVES";56057;"ALFREDO CHAVES";12;14;11;"Prefeito";40;"FERNANDO VIDEIRA LAFAYETTE";96;1066;80000680338;"SALÃO DA IGREJA CATÓLICA DE SÃO BENTO DE BATATAL";"RUA PRINCIPAL, S/ N"
"16/09/2024";"17:49:23";2020;2;"Eleição Ordinária";1;426;"Eleições Municipais 2020";"15/11/2020";"M";"ES";"56057";"ALFREDO CHAVES";56057;"ALFREDO CHAVES";12;7;13;"Vereador";11123;"CRISTIANO GRILLO";3;1171;80000848889;"EEEFM CAMILA MOTA";"R. NELSON DA COSTA MELLO, S/ N"
"16/09/2024";"17:49:23";2020;2;"Eleição Ordinária";1;426;"Eleições Municipais 2020";"15/11/2020";"M";"ES";"56057";"ALFREDO CHAVES";56057;"ALFREDO CHAVES";12;1;13;"Vereador";14000;"VALENTIM CARDOSO";8;1015;80000683180;"EMEF ANA ARAÚJO";"R. EXPEDICIONARIO OSVALDO SAUDINO"
"16/09/2024";"17:49:23";2020;2;"Eleição Ordinária";1;426;"Eleições Municipais 2020";"15/11/2020";"M";"ES";"56057";"ALFREDO CHAVES";56057;"ALFREDO CHAVES";12;25;13;"Vereador";11123;"CRISTIANO GRILLO";90;1155;80000848889;"EEUEF CAROLINA";"R. PRINCIPAL, S/ Nº"
"16/09/2024";"17:49:23";2020;2;"Eleição Ordinária";1;426;"Eleições Municipais 2020";"15/11/2020";"M";"ES";"56057";"ALFREDO CHAVES";56057;"ALFREDO CHAVES";12;24;13;"Vereador";40456;"SERAFINO ANTONIO SIMONI";148;1147;80000666564;"EMEF SÃO BENTO DE URÂNIA";"R. PRINCIPAL, S/ Nº"
"16/09/2024";"17:49:23";2020;2;"Eleição Ordinária";1;426;"Eleições Municipais 2020";"15/11/2020";"M";"ES";"56057";"ALFREDO CHAVES";56057;"ALFREDO CHAVES";12;2;13;"Vereador";11123;"CRISTIANO GRILLO";2;1015;80000848889;"EMEF ANA ARAÚJO";"R. EXPEDICIONARIO OSVALDO SAUDINO"
"16/09/2024";"17:49:23";2020;2;"Eleição Ordinária";1;426;"Eleições Municipais 2020";"15/11/2020";"M";"ES";"56057";"ALFREDO CHAVES";56057;"ALFREDO CHAVES";12;85;13;"Vereador";45100;"SERGIO BIANCHI";5;1244;80000666641;"CRECHE PEQUERRUCHOS";"RUA ANTÔNIO CLAUDIO GAIGHER, 19"
"16/09/2024";"17:49:23";2020;2;"Eleição Ordinária";1;426;"Eleições Municipais 2020";"15/11/2020";"M";"ES";"56057";"ALFREDO CHAVES";56057;"ALFREDO CHAVES";12;23;13;"Vereador";45100;"SERGIO BIANCHI";12;1139;80000666641;"EMEF SAGRADA FAMÍLIA";"R. PRINCIPAL, S/ N"
"16/09/2024";"17:49:23";2020;2;"Eleição Ordinária";1;426;"Eleições Municipais 2020";"15/11/2020";"M";"ES";"56057";"ALFREDO CHAVES";56057;"ALFREDO CHAVES";12;16;13;"Vereador";11123;"CRISTIANO GRILLO";3;1082;80000848889;"EMUEF ALMERINDA BRUNORO";"R. PRINCIPAL, S/ N"
"16/09/2024";"17:49:23";2020;2;"Eleição Ordinária";1;426;"Eleições Municipais 2020";"15/11/2020";"M";"ES";"56057";"ALFREDO CHAVES";56057;"ALFREDO CHAVES";12;1;13;"Vereador";40456;"SERAFINO ANTONIO SIMONI";6;1015;80000666564;"EMEF ANA ARAÚJO";"R. EXPEDICIONARIO OSVALDO SAUDINO"
"16/09/2024";"17:49:23";2020;2;"Eleição Ordinária";1;426;"Eleições Municipais 2020";"15/11/2020";"M";"ES";"56057";"ALFREDO CHAVES";56057;"ALFREDO CHAVES";12;40;13;"Vereador";11123;"CRISTIANO GRILLO";5;1236;80000848889;"NACCA-ANTIGO PETI";"RUA THOMAZ COELHO, S/N AO LADO DA BIBLIOTECA MUNICIPAL"
"16/09/2024";"17:49:23";2020;2;"Eleição Ordinária";1;426;"Eleições Municipais 2020";"15/11/2020";"M";"ES";"56057";"ALFREDO CHAVES";56057;"ALFREDO CHAVES";12;11;13;"Vereador";40456;"SERAFINO ANTONIO SIMONI";4;1040;80000666564;"EEEF DE CRUBIXÁ";"R. PRINCIPAL, S/ Nº"
"16/09/2024";"17:49:23";2020;2;"Eleição Ordinária";1;426;"Eleições Municipais 2020";"15/11/2020";"M";"ES";"56057";"ALFREDO CHAVES";56057;"ALFREDO CHAVES";12;15;11;"Prefeito";95;"VOTO BRANCO";8;1074;-1;"SALÃO DA IGREJA CATÓLICA DE IRIRITIMIRIM";"R. PRINCIPAL, S/ N"
"16/09/2024";"17:49:23";2020;2;"Eleição Ordinária";1;426;"Eleições Municipais 2020";"15/11/2020";"M";"ES";"56057";"ALFREDO CHAVES";56057;"ALFREDO CHAVES";12;24;11;"Prefeito";95;"VOTO BRANCO";34;1147;-1;"EMEF SÃO BENTO DE URÂNIA";"R. PRINCIPAL, S/ Nº"
"16/09/2024";"17:49:23";2020;2;"Eleição Ordinária";1;426;"Eleições Municipais 2020";"15/11/2020";"M";"ES";"56057";"ALFREDO CHAVES";56057;"ALFREDO CHAVES";12;1;11;"Prefeito";95;"VOTO BRANCO";7;1015;-1;"EMEF ANA ARAÚJO";"R. EXPEDICIONARIO OSVALDO SAUDINO"
"16/09/2024";"17:49:23";2020;2;"Eleição Ordinária";1;426;"Eleições Municipais 2020";"15/11/2020";"M";"ES";"56057";"ALFREDO CHAVES";56057;"ALFREDO CHAVES";12;11;11;"Prefeito";95;"VOTO BRANCO";3;1040;-1;"EEEF DE CRUBIXÁ";"R. PRINCIPAL, S/ Nº"
"16/09/2024";"17:49:23";2020;2;"Eleição Ordinária";1;426;"Eleições Municipais 2020";"15/11/2020";"M";"ES";"56057";"ALFREDO CHAVES";56057;"ALFREDO CHAVES";12;7;13;"Vereador";11555;"LUIZA APARECIDA BONIFACIO";1;1171;80000848891;"EEEFM CAMILA MOTA";"R. NELSON DA COSTA MELLO, S/ N"
"16/09/2024";"17:49:23";2020;2;"Eleição Ordinária";1;426;"Eleições Municipais 2020";"15/11/2020";"M";"ES";"56057";"ALFREDO CHAVES";56057;"ALFREDO CHAVES";12;25;11;"Prefeito";95;"VOTO BRANCO";4;1155;-1;"EEUEF CAROLINA";"R. PRINCIPAL, S/ Nº"
"16/09/2024";"17:49:23";2020;2;"Eleição Ordinária";1;426;"Eleições Municipais 2020";"15/11/2020";"M";"ES";"56057";"ALFREDO CHAVES";56057;"ALFREDO CHAVES";12;7;11;"Prefeito";95;"VOTO BRANCO";3;1171;-1;"EEEFM CAMILA MOTA";"R. NELSON DA COSTA MELLO, S/ N"
"16/09/2024";"17:49:23";2020;2;"Eleição Ordinária";1;426;"Eleições Municipais 2020";"15/11/2020";"M";"ES";"56057";"ALFREDO CHAVES";56057;"ALFREDO CHAVES";12;16;11;"Prefeito";95;"VOTO BRANCO";1;1082;-1;"EMUEF ALMERINDA BRUNORO";"R. PRINCIPAL, S/ N"
"16/09/2024";"17:49:23";2020;2;"Eleição Ordinária";1;426;"Eleições Municipais 2020";"15/11/2020";"M";"ES";"56057";"ALFREDO CHAVES";56057;"ALFREDO CHAVES";12;40;11;"Prefeito";95;"VOTO BRANCO";4;1236;-1;"NACCA-ANTIGO PETI";"RUA THOMAZ COELHO, S/N AO LADO DA BIBLIOTECA MUNICIPAL"
"16/09/2024";"17:49:23";2020;2;"Eleição Ordinária";1;426;"Eleições Municipais 2020";"15/11/2020";"M";"ES";"56057";"ALFREDO CHAVES";56057;"ALFREDO CHAVES";12;2;11;"Prefeito";95;"VOTO BRANCO";3;1015;-1;"EMEF ANA ARAÚJO";"R. EXPEDICIONARIO OSVALDO SAUDINO"
"16/09/2024";"17:49:23";2020;2;"Eleição Ordinária";1;426;"Eleições Municipais 2020";"15/11/2020";"M";"ES";"56057";"ALFREDO CHAVES";56057;"ALFREDO CHAVES";12;4;13;"Vereador";45321;"VALDIRENE BRANDÃO ANDRADE SÓRIO";2;1015;80000666654;"EMEF ANA ARAÚJO";"R. EXPEDICIONARIO OSVALDO SAUDINO"
"16/09/2024";"17:49:23";2020;2;"Eleição Ordinária";1;426;"Eleições Municipais 2020";"15/11/2020";"M";"ES";"56057";"ALFREDO CHAVES";56057;"ALFREDO CHAVES";12;1;13;"Vereador";11555;"LUIZA APARECIDA BONIFACIO";1;1015;80000848891;"EMEF ANA ARAÚJO";"R. EXPEDICIONARIO OSVALDO SAUDINO"
"16/09/2024";"17:49:23";2020;2;"Eleição Ordinária";1;426;"Eleições Municipais 2020";"15/11/2020";"M";"ES";"56057";"ALFREDO CHAVES";56057;"ALFREDO CHAVES";12;35;13;"Vereador";11000;"FRANCISCO DE ASSIS JOSÉ DOS SANTOS";14;1171;80000848890;"EEEFM CAMILA MOTA";"R. NELSON DA COSTA MELLO, S/ N"
"16/09/2024";"17:49:23";2020;2;"Eleição Ordinária";1;426;"Eleições Municipais 2020";"15/11/2020";"M";"ES";"56057";"ALFREDO CHAVES";56057;"ALFREDO CHAVES";12;13;13;"Vereador";10345;"ARMANDO ZANATA INGLE RIBEIRO";7;1058;80000682931;"EEEF ENGANO";"R. PRINCIPAL, S/ Nº"
"16/09/2024";"17:49:23";2020;2;"Eleição Ordinária";1;426;"Eleições Municipais 2020";"15/11/2020";"M";"ES";"56057";"ALFREDO CHAVES";56057;"ALFREDO CHAVES";12;30;13;"Vereador";11000;"FRANCISCO DE ASSIS JOSÉ DOS SANTOS";12;1171;80000848890;"EEEFM CAMILA MOTA";"R. NELSON DA COSTA MELLO, S/ N"
"16/09/2024";"17:49:23";2020;2;"Eleição Ordinária";1;426;"Eleições Municipais 2020";"15/11/2020";"M";"ES";"56057";"ALFREDO CHAVES";56057;"ALFREDO CHAVES";12;34;13;"Vereador";11000;"FRANCISCO DE ASSIS JOSÉ DOS SANTOS";16;1171;80000848890;"EEEFM CAMILA MOTA";"R. NELSON DA COSTA MELLO, S/ N"
"16/09/2024";"17:49:23";2020;2;"Eleição Ordinária";1;426;"Eleições Municipais 2020";"15/11/2020";"M";"ES";"56057";"ALFREDO CHAVES";56057;"ALFREDO CHAVES";12;7;13;"Vereador";40456;"SERAFINO ANTONIO SIMONI";2;1171;80000666564;"EEEFM CAMILA MOTA";"R. NELSON DA COSTA MELLO, S/ N"
"16/09/2024";"17:49:23";2020;2;"Eleição Ordinária";1;426;"Eleições Municipais 2020";"15/11/2020";"M";"ES";"56057";"ALFREDO CHAVES";56057;"ALFREDO CHAVES";12;85;13;"Vereador";10100;"MATHIAS FERREIRA JUNIOR";1;1244;80000682928;"CRECHE PEQUERRUCHOS";"RUA ANTÔNIO CLAUDIO GAIGHER, 19"
"16/09/2024";"17:49:23";2020;2;"Eleição Ordinária";1;426;"Eleições Municipais 2020";"15/11/2020";"M";"ES";"56057";"ALFREDO CHAVES";56057;"ALFREDO CHAVES";12;25;13;"Vereador";40456;"SERAFINO ANTONIO SIMONI";23;1155;80000666564;"EEUEF CAROLINA";"R. PRINCIPAL, S/ Nº"
"16/09/2024";"17:49:23";2020;2;"Eleição Ordinária";1;426;"Eleições Municipais 2020";"15/11/2020";"M";"ES";"56057";"ALFREDO CHAVES";56057;"ALFREDO CHAVES";12;2;13;"Vereador";40456;"SERAFINO ANTONIO SIMONI";3;1015;80000666564;"EMEF ANA ARAÚJO";"R. EXPEDICIONARIO OSVALDO SAUDINO"
"16/09/2024";"17:49:23";2020;2;"Eleição Ordinária";1;426;"Eleições Municipais 2020";"15/11/2020";"M";"ES";"56057";"ALFREDO CHAVES";56057;"ALFREDO CHAVES";12;40;13;"Vereador";40456;"SERAFINO ANTONIO SIMONI";3;1236;80000666564;"NACCA-ANTIGO PETI";"RUA THOMAZ COELHO, S/N AO LADO DA BIBLIOTECA MUNICIPAL"
"16/09/2024";"17:49:23";2020;2;"Eleição Ordinária";1;426;"Eleições Municipais 2020";"15/11/2020";"M";"ES";"56057";"ALFREDO CHAVES";56057;"ALFREDO CHAVES";12;31;13;"Vereador";14456;"MARCOS ANTONIO SOARES DOS SANTOS";1;1171;80000683172;"EEEFM CAMILA MOTA";"R. NELSON DA COSTA MELLO, S/ N"
"16/09/2024";"17:49:23";2020;2;"Eleição Ordinária";1;426;"Eleições Municipais 2020";"15/11/2020";"M";"ES";"56057";"ALFREDO CHAVES";56057;"ALFREDO CHAVES";12;21;13;"Vereador";95;"VOTO BRANCO";6;1120;-1;"EMUEF QUARTO TERRITÓRIO";"R. PRINCIPAL , S/ N"
"16/09/2024";"17:49:23";2020;2;"Eleição Ordinária";1;426;"Eleições Municipais 2020";"15/11/2020";"M";"ES";"56057";"ALFREDO CHAVES";56057;"ALFREDO CHAVES";12;15;13;"Vereador";11000;"FRANCISCO DE ASSIS JOSÉ DOS SANTOS";1;1074;80000848890;"SALÃO DA IGREJA CATÓLICA DE IRIRITIMIRIM";"R. PRINCIPAL, S/ N"
"16/09/2024";"17:49:23";2020;2;"Eleição Ordinária";1;426;"Eleições Municipais 2020";"15/11/2020";"M";"ES";"56057";"ALFREDO CHAVES";56057;"ALFREDO CHAVES";12;19;11;"Prefeito";40;"FERNANDO VIDEIRA LAFAYETTE";111;1104;80000680338;"SALÃO COMUNITÁRIO DE NOVA ESTRELA";"R. PRINCIPAL, S/ Nº"
"16/09/2024";"17:49:23";2020;2;"Eleição Ordinária";1;426;"Eleições Municipais 2020";"15/11/2020";"M";"ES";"56057";"ALFREDO CHAVES";56057;"ALFREDO CHAVES";12;17;11;"Prefeito";40;"FERNANDO VIDEIRA LAFAYETTE";111;1090;80000680338;"EMEF FELIPE MODOLO";"R. PRINCIPAL, S/ N"
"16/09/2024";"17:49:23";2020;2;"Eleição Ordinária";1;426;"Eleições Municipais 2020";"15/11/2020";"M";"ES";"56057";"ALFREDO CHAVES";56057;"ALFREDO CHAVES";12;29;11;"Prefeito";40;"FERNANDO VIDEIRA LAFAYETTE";144;1147;80000680338;"EMEF SÃO BENTO DE URÂNIA";"R. PRINCIPAL, S/ Nº"
"16/09/2024";"17:49:23";2020;2;"Eleição Ordinária";1;426;"Eleições Municipais 2020";"15/11/2020";"M";"ES";"56057";"ALFREDO CHAVES";56057;"ALFREDO CHAVES";12;28;11;"Prefeito";40;"FERNANDO VIDEIRA LAFAYETTE";112;1074;80000680338;"SALÃO DA IGREJA CATÓLICA DE IRIRITIMIRIM";"R. PRINCIPAL, S/ N"
"16/09/2024";"17:49:23";2020;2;"Eleição Ordinária";1;426;"Eleições Municipais 2020";"15/11/2020";"M";"ES";"56057";"ALFREDO CHAVES";56057;"ALFREDO CHAVES";12;2;13;"Vereador";10345;"ARMANDO ZANATA INGLE RIBEIRO";10;1015;80000682931;"EMEF ANA ARAÚJO";"R. EXPEDICIONARIO OSVALDO SAUDINO"
"16/09/2024";"17:49:23";2020;2;"Eleição Ordinária";1;426;"Eleições Municipais 2020";"15/11/2020";"M";"ES";"56057";"ALFREDO CHAVES";56057;"ALFREDO CHAVES";12;16;13;"Vereador";10345;"ARMANDO ZANATA INGLE RIBEIRO";5;1082;80000682931;"EMUEF ALMERINDA BRUNORO";"R. PRINCIPAL, S/ N"
"16/09/2024";"17:49:23";2020;2;"Eleição Ordinária";1;426;"Eleições Municipais 2020";"15/11/2020";"M";"ES";"56057";"ALFREDO CHAVES";56057;"ALFREDO CHAVES";12;40;13;"Vereador";10345;"ARMANDO ZANATA INGLE RIBEIRO";10;1236;80000682931;"NACCA-ANTIGO PETI";"RUA THOMAZ COELHO, S/N AO LADO DA BIBLIOTECA MUNICIPAL"
"16/09/2024";"17:49:23";2020;2;"Eleição Ordinária";1;426;"Eleições Municipais 2020";"15/11/2020";"M";"ES";"56057";"ALFREDO CHAVES";56057;"ALFREDO CHAVES";12;7;13;"Vereador";40147;"ARLETE MARIA MOCELIM NATAL";1;1171;80000666557;"EEEFM CAMILA MOTA";"R. NELSON DA COSTA MELLO, S/ N"
"16/09/2024";"17:49:23";2020;2;"Eleição Ordinária";1;426;"Eleições Municipais 2020";"15/11/2020";"M";"ES";"56057";"ALFREDO CHAVES";56057;"ALFREDO CHAVES";12;2;13;"Vereador";40147;"ARLETE MARIA MOCELIM NATAL";2;1015;80000666557;"EMEF ANA ARAÚJO";"R. EXPEDICIONARIO OSVALDO SAUDINO"
"16/09/2024";"17:49:23";2020;2;"Eleição Ordinária";1;426;"Eleições Municipais 2020";"15/11/2020";"M";"ES";"56057";"ALFREDO CHAVES";56057;"ALFREDO CHAVES";12;1;13;"Vereador";10456;"ADHEMAR CESAR BISSOLI";3;1015;80000682922;"EMEF ANA ARAÚJO";"R. EXPEDICIONARIO OSVALDO SAUDINO"
"16/09/2024";"17:49:23";2020;2;"Eleição Ordinária";1;426;"Eleições Municipais 2020";"15/11/2020";"M";"ES";"56057";"ALFREDO CHAVES";56057;"ALFREDO CHAVES";12;16;13;"Vereador";40147;"ARLETE MARIA MOCELIM NATAL";1;1082;80000666557;"EMUEF ALMERINDA BRUNORO";"R. PRINCIPAL, S/ N"
"16/09/2024";"17:49:23";2020;2;"Eleição Ordinária";1;426;"Eleições Municipais 2020";"15/11/2020";"M";"ES";"56057";"ALFREDO CHAVES";56057;"ALFREDO CHAVES";12;40;13;"Vereador";40147;"ARLETE MARIA MOCELIM NATAL";1;1236;80000666557;"NACCA-ANTIGO PETI";"RUA THOMAZ COELHO, S/N AO LADO DA BIBLIOTECA MUNICIPAL"
"16/09/2024";"17:49:23";2020;2;"Eleição Ordinária";1;426;"Eleições Municipais 2020";"15/11/2020";"M";"ES";"56057";"ALFREDO CHAVES";56057;"ALFREDO CHAVES";12;19;13;"Vereador";95;"VOTO BRANCO";4;1104;-1;"SALÃO COMUNITÁRIO DE NOVA ESTRELA";"R. PRINCIPAL, S/ Nº"
"16/09/2024";"17:49:23";2020;2;"Eleição Ordinária";1;426;"Eleições Municipais 2020";"15/11/2020";"M";"ES";"56057";"ALFREDO CHAVES";56057;"ALFREDO CHAVES";12;23;11;"Prefeito";95;"VOTO BRANCO";10;1139;-1;"EMEF SAGRADA FAMÍLIA";"R. PRINCIPAL, S/ N"
"16/09/2024";"17:49:23";2020;2;"Eleição Ordinária";1;426;"Eleições Municipais 2020";"15/11/2020";"M";"ES";"56057";"ALFREDO CHAVES";56057;"ALFREDO CHAVES";12;85;11;"Prefeito";95;"VOTO BRANCO";4;1244;-1;"CRECHE PEQUERRUCHOS";"RUA ANTÔNIO CLAUDIO GAIGHER, 19"
"16/09/2024";"17:49:23";2020;2;"Eleição Ordinária";1;426;"Eleições Municipais 2020";"15/11/2020";"M";"ES";"56057";"ALFREDO CHAVES";56057;"ALFREDO CHAVES";12;9;11;"Prefeito";95;"VOTO BRANCO";9;1031;-1;"EMEF FAZENDA APARECIDA";"R. PRINCIPAL, S/ Nº"
"16/09/2024";"17:49:23";2020;2;"Eleição Ordinária";1;426;"Eleições Municipais 2020";"15/11/2020";"M";"ES";"56057";"ALFREDO CHAVES";56057;"ALFREDO CHAVES";12;12;13;"Vereador";45333;"DIEYSON GONÇALVES DA ROSA";1;1058;80000666652;"EEEF ENGANO";"R. PRINCIPAL, S/ Nº"
"16/09/2024";"17:49:23";2020;2;"Eleição Ordinária";1;426;"Eleições Municipais 2020";"15/11/2020";"M";"ES";"56057";"ALFREDO CHAVES";56057;"ALFREDO CHAVES";12;12;13;"Vereador";14400;"JORGE PEDRO FIORIN";1;1058;80000683178;"EEEF ENGANO";"R. PRINCIPAL, S/ Nº"
"16/09/2024";"17:49:23";2020;2;"Eleição Ordinária";1;426;"Eleições Municipais 2020";"15/11/2020";"M";"ES";"56057";"ALFREDO CHAVES";56057;"ALFREDO CHAVES";12;3;13;"Vereador";14777;"MARIA LUCIA GOMES TEIXEIRA";3;1015;80000683173;"EMEF ANA ARAÚJO";"R. EXPEDICIONARIO OSVALDO SAUDINO"
"16/09/2024";"17:49:23";2020;2;"Eleição Ordinária";1;426;"Eleições Municipais 2020";"15/11/2020";"M";"ES";"56057";"ALFREDO CHAVES";56057;"ALFREDO CHAVES";12;37;11;"Prefeito";40;"FERNANDO VIDEIRA LAFAYETTE";109;1228;80000680338;"CRECHE COMECINHO DE GENTE";"AV. DARCY DE PAULA GAIGHER, S/N"
"16/09/2024";"17:49:23";2020;2;"Eleição Ordinária";1;426;"Eleições Municipais 2020";"15/11/2020";"M";"ES";"56057";"ALFREDO CHAVES";56057;"ALFREDO CHAVES";12;7;13;"Vereador";10010;"DAYARA MARCARINI BIANCHI";1;1171;80000682925;"EEEFM CAMILA MOTA";"R. NELSON DA COSTA MELLO, S/ N"
"16/09/2024";"17:49:23";2020;2;"Eleição Ordinária";1;426;"Eleições Municipais 2020";"15/11/2020";"M";"ES";"56057";"ALFREDO CHAVES";56057;"ALFREDO CHAVES";12;40;13;"Vereador";10010;"DAYARA MARCARINI BIANCHI";1;1236;80000682925;"NACCA-ANTIGO PETI";"RUA THOMAZ COELHO, S/N AO LADO DA BIBLIOTECA MUNICIPAL"
"16/09/2024";"17:49:23";2020;2;"Eleição Ordinária";1;426;"Eleições Municipais 2020";"15/11/2020";"M";"ES";"56057";"ALFREDO CHAVES";56057;"ALFREDO CHAVES";12;31;13;"Vereador";40400;"MARCELO CRISTIANO CARDOSO FARIA";12;1171;80000666563;"EEEFM CAMILA MOTA";"R. NELSON DA COSTA MELLO, S/ N"
"16/09/2024";"17:49:23";2020;2;"Eleição Ordinária";1;426;"Eleições Municipais 2020";"15/11/2020";"M";"ES";"56057";"ALFREDO CHAVES";56057;"ALFREDO CHAVES";12;85;13;"Vereador";14455;"MIGUEL ANTONIO MARTINS CLEN";6;1244;80000683176;"CRECHE PEQUERRUCHOS";"RUA ANTÔNIO CLAUDIO GAIGHER, 19"
"16/09/2024";"17:49:23";2020;2;"Eleição Ordinária";1;426;"Eleições Municipais 2020";"15/11/2020";"M";"ES";"56057";"ALFREDO CHAVES";56057;"ALFREDO CHAVES";12;9;13;"Vereador";14455;"MIGUEL ANTONIO MARTINS CLEN";1;1031;80000683176;"EMEF FAZENDA APARECIDA";"R. PRINCIPAL, S/ Nº"
"16/09/2024";"17:49:23";2020;2;"Eleição Ordinária";1;426;"Eleições Municipais 2020";"15/11/2020";"M";"ES";"56057";"ALFREDO CHAVES";56057;"ALFREDO CHAVES";12;35;13;"Vereador";45333;"DIEYSON GONÇALVES DA ROSA";2;1171;80000666652;"EEEFM CAMILA MOTA";"R. NELSON DA COSTA MELLO, S/ N"
"16/09/2024";"17:49:23";2020;2;"Eleição Ordinária";1;426;"Eleições Municipais 2020";"15/11/2020";"M";"ES";"56057";"ALFREDO CHAVES";56057;"ALFREDO CHAVES";12;31;13;"Vereador";45777;"GUILHERME CARLOS CETTO VITOR";2;1171;80000666649;"EEEFM CAMILA MOTA";"R. NELSON DA COSTA MELLO, S/ N"
"16/09/2024";"17:49:23";2020;2;"Eleição Ordinária";1;426;"Eleições Municipais 2020";"15/11/2020";"M";"ES";"56057";"ALFREDO CHAVES";56057;"ALFREDO CHAVES";12;28;13;"Vereador";51222;"GIANNE SMARSARO";2;1074;80000683716;"SALÃO DA IGREJA CATÓLICA DE IRIRITIMIRIM";"R. PRINCIPAL, S/ N"
"16/09/2024";"17:49:23";2020;2;"Eleição Ordinária";1;426;"Eleições Municipais 2020";"15/11/2020";"M";"ES";"56057";"ALFREDO CHAVES";56057;"ALFREDO CHAVES";12;14;13;"Vereador";10018;"CAMILA BRUSCHI TONON";1;1066;80000682932;"SALÃO DA IGREJA CATÓLICA DE SÃO BENTO DE BATATAL";"RUA PRINCIPAL, S/ N"
"16/09/2024";"17:49:23";2020;2;"Eleição Ordinária";1;426;"Eleições Municipais 2020";"15/11/2020";"M";"ES";"56057";"ALFREDO CHAVES";56057;"ALFREDO CHAVES";12;7;13;"Vereador";11000;"FRANCISCO DE ASSIS JOSÉ DOS SANTOS";14;1171;80000848890;"EEEFM CAMILA MOTA";"R. NELSON DA COSTA MELLO, S/ N"
"16/09/2024";"17:49:23";2020;2;"Eleição Ordinária";1;426;"Eleições Municipais 2020";"15/11/2020";"M";"ES";"56057";"ALFREDO CHAVES";56057;"ALFREDO CHAVES";12;2;13;"Vereador";11000;"FRANCISCO DE ASSIS JOSÉ DOS SANTOS";12;1015;80000848890;"EMEF ANA ARAÚJO";"R. EXPEDICIONARIO OSVALDO SAUDINO"
"16/09/2024";"17:49:23";2020;2;"Eleição Ordinária";1;426;"Eleições Municipais 2020";"15/11/2020";"M";"ES";"56057";"ALFREDO CHAVES";56057;"ALFREDO CHAVES";12;16;13;"Vereador";11000;"FRANCISCO DE ASSIS JOSÉ DOS SANTOS";8;1082;80000848890;"EMUEF ALMERINDA BRUNORO";"R. PRINCIPAL, S/ N"
"16/09/2024";"17:49:23";2020;2;"Eleição Ordinária";1;426;"Eleições Municipais 2020";"15/11/2020";"M";"ES";"56057";"ALFREDO CHAVES";56057;"ALFREDO CHAVES";12;40;13;"Vereador";11000;"FRANCISCO DE ASSIS JOSÉ DOS SANTOS";10;1236;80000848890;"NACCA-ANTIGO PETI";"RUA THOMAZ COELHO, S/N AO LADO DA BIBLIOTECA MUNICIPAL"
"16/09/2024";"17:49:23";2020;2;"Eleição Ordinária";1;426;"Eleições Municipais 2020";"15/11/2020";"M";"ES";"56057";"ALFREDO CHAVES";56057;"ALFREDO CHAVES";12;1;13;"Vereador";11000;"FRANCISCO DE ASSIS JOSÉ DOS SANTOS";8;1015;80000848890;"EMEF ANA ARAÚJO";"R. EXPEDICIONARIO OSVALDO SAUDINO"
"16/09/2024";"17:49:23";2020;2;"Eleição Ordinária";1;426;"Eleições Municipais 2020";"15/11/2020";"M";"ES";"56057";"ALFREDO CHAVES";56057;"ALFREDO CHAVES";12;11;13;"Vereador";11000;"FRANCISCO DE ASSIS JOSÉ DOS SANTOS";4;1040;80000848890;"EEEF DE CRUBIXÁ";"R. PRINCIPAL, S/ Nº"
"16/09/2024";"17:49:23";2020;2;"Eleição Ordinária";1;426;"Eleições Municipais 2020";"15/11/2020";"M";"ES";"56057";"ALFREDO CHAVES";56057;"ALFREDO CHAVES";12;20;13;"Vereador";45777;"GUILHERME CARLOS CETTO VITOR";10;1112;80000666649;"SALÃO DA IGREJA CATÓLICA DE CACHOEIRA ALTA";"R. PRINCIPAL, S/ N"
"16/09/2024";"17:49:23";2020;2;"Eleição Ordinária";1;426;"Eleições Municipais 2020";"15/11/2020";"M";"ES";"56057";"ALFREDO CHAVES";56057;"ALFREDO CHAVES";12;37;13;"Vereador";14123;"HUGO LUIZ PICOLI MENEGHEL";9;1228;80000683174;"CRECHE COMECINHO DE GENTE";"AV. DARCY DE PAULA GAIGHER, S/N"
"16/09/2024";"17:49:23";2020;2;"Eleição Ordinária";1;426;"Eleições Municipais 2020";"15/11/2020";"M";"ES";"56057";"ALFREDO CHAVES";56057;"ALFREDO CHAVES";12;41;13;"Vereador";10222;"FERNANDO ALVES";2;1236;80000682926;"NACCA-ANTIGO PETI";"RUA THOMAZ COELHO, S/N AO LADO DA BIBLIOTECA MUNICIPAL"
"16/09/2024";"17:49:23";2020;2;"Eleição Ordinária";1;426;"Eleições Municipais 2020";"15/11/2020";"M";"ES";"56057";"ALFREDO CHAVES";56057;"ALFREDO CHAVES";12;41;13;"Vereador";45777;"GUILHERME CARLOS CETTO VITOR";6;1236;80000666649;"NACCA-ANTIGO PETI";"RUA THOMAZ COELHO, S/N AO LADO DA BIBLIOTECA MUNICIPAL"
"16/09/2024";"17:49:23";2020;2;"Eleição Ordinária";1;426;"Eleições Municipais 2020";"15/11/2020";"M";"ES";"56057";"ALFREDO CHAVES";56057;"ALFREDO CHAVES";12;85;13;"Vereador";45255;"RAYANE TOMAZINI BRESSANELLI";4;1244;80000666644;"CRECHE PEQUERRUCHOS";"RUA ANTÔNIO CLAUDIO GAIGHER, 19"
"16/09/2024";"17:49:23";2020;2;"Eleição Ordinária";1;426;"Eleições Municipais 2020";"15/11/2020";"M";"ES";"56057";"ALFREDO CHAVES";56057;"ALFREDO CHAVES";12;23;13;"Vereador";45255;"RAYANE TOMAZINI BRESSANELLI";3;1139;80000666644;"EMEF SAGRADA FAMÍLIA";"R. PRINCIPAL, S/ N"
"16/09/2024";"17:49:23";2020;2;"Eleição Ordinária";1;426;"Eleições Municipais 2020";"15/11/2020";"M";"ES";"56057";"ALFREDO CHAVES";56057;"ALFREDO CHAVES";12;41;13;"Vereador";40789;"ADILSON JOSE ROVETA";5;1236;80000666567;"NACCA-ANTIGO PETI";"RUA THOMAZ COELHO, S/N AO LADO DA BIBLIOTECA MUNICIPAL"
"16/09/2024";"17:49:23";2020;2;"Eleição Ordinária";1;426;"Eleições Municipais 2020";"15/11/2020";"M";"ES";"56057";"ALFREDO CHAVES";56057;"ALFREDO CHAVES";12;14;13;"Vereador";45321;"VALDIRENE BRANDÃO ANDRADE SÓRIO";1;1066;80000666654;"SALÃO DA IGREJA CATÓLICA DE SÃO BENTO DE BATATAL";"RUA PRINCIPAL, S/ N"
"16/09/2024";"17:49:23";2020;2;"Eleição Ordinária";1;426;"Eleições Municipais 2020";"15/11/2020";"M";"ES";"56057";"ALFREDO CHAVES";56057;"ALFREDO CHAVES";12;21;13;"Vereador";10555;"OTTAVIO EVANGELISTA GOMES";3;1120;80000682929;"EMUEF QUARTO TERRITÓRIO";"R. PRINCIPAL , S/ N"
"16/09/2024";"17:49:23";2020;2;"Eleição Ordinária";1;426;"Eleições Municipais 2020";"15/11/2020";"M";"ES";"56057";"ALFREDO CHAVES";56057;"ALFREDO CHAVES";12;21;13;"Vereador";40999;"EMILIA DAS GRAÇAS ALVES PADILHA DOMINGUES";1;1120;80000666562;"EMUEF QUARTO TERRITÓRIO";"R. PRINCIPAL , S/ N"
"16/09/2024";"17:49:23";2020;2;"Eleição Ordinária";1;426;"Eleições Municipais 2020";"15/11/2020";"M";"ES";"56057";"ALFREDO CHAVES";56057;"ALFREDO CHAVES";12;35;13;"Vereador";51111;"JAQUELINE GOMES DE ARAUJO";1;1171;80000683715;"EEEFM CAMILA MOTA";"R. NELSON DA COSTA MELLO, S/ N"
"16/09/2024";"17:49:23";2020;2;"Eleição Ordinária";1;426;"Eleições Municipais 2020";"15/11/2020";"M";"ES";"56057";"ALFREDO CHAVES";56057;"ALFREDO CHAVES";12;17;13;"Vereador";95;"VOTO BRANCO";7;1090;-1;"EMEF FELIPE MODOLO";"R. PRINCIPAL, S/ N"
"16/09/2024";"17:49:23";2020;2;"Eleição Ordinária";1;426;"Eleições Municipais 2020";"15/11/2020";"M";"ES";"56057";"ALFREDO CHAVES";56057;"ALFREDO CHAVES";12;26;13;"Vereador";14222;"JOSIMAR PIUMBINI";3;1163;80000683175;"EEUEF VILA NOVA DE MARAVILHA";"R. PRINCIPAL, S/ Nº"
"16/09/2024";"17:49:23";2020;2;"Eleição Ordinária";1;426;"Eleições Municipais 2020";"15/11/2020";"M";"ES";"56057";"ALFREDO CHAVES";56057;"ALFREDO CHAVES";12;28;13;"Vereador";95;"VOTO BRANCO";13;1074;-1;"SALÃO DA IGREJA CATÓLICA DE IRIRITIMIRIM";"R. PRINCIPAL, S/ N"
"16/09/2024";"17:49:23";2020;2;"Eleição Ordinária";1;426;"Eleições Municipais 2020";"15/11/2020";"M";"ES";"56057";"ALFREDO CHAVES";56057;"ALFREDO CHAVES";12;29;13;"Vereador";95;"VOTO BRANCO";9;1147;-1;"EMEF SÃO BENTO DE URÂNIA";"R. PRINCIPAL, S/ Nº"
"16/09/2024";"17:49:23";2020;2;"Eleição Ordinária";1;426;"Eleições Municipais 2020";"15/11/2020";"M";"ES";"56057";"ALFREDO CHAVES";56057;"ALFREDO CHAVES";12;20;13;"Vereador";10345;"ARMANDO ZANATA INGLE RIBEIRO";9;1112;80000682931;"SALÃO DA IGREJA CATÓLICA DE CACHOEIRA ALTA";"R. PRINCIPAL, S/ N"
"16/09/2024";"17:49:23";2020;2;"Eleição Ordinária";1;426;"Eleições Municipais 2020";"15/11/2020";"M";"ES";"56057";"ALFREDO CHAVES";56057;"ALFREDO CHAVES";12;14;13;"Vereador";10345;"ARMANDO ZANATA INGLE RIBEIRO";5;1066;80000682931;"SALÃO DA IGREJA CATÓLICA DE SÃO BENTO DE BATATAL";"RUA PRINCIPAL, S/ N"
"16/09/2024";"17:49:23";2020;2;"Eleição Ordinária";1;426;"Eleições Municipais 2020";"15/11/2020";"M";"ES";"56057";"ALFREDO CHAVES";56057;"ALFREDO CHAVES";12;22;13;"Vereador";45000;"JONAS NUNES SIMÕES";5;1139;80000666645;"EMEF SAGRADA FAMÍLIA";"R. PRINCIPAL, S/ N"
"16/09/2024";"17:49:23";2020;2;"Eleição Ordinária";1;426;"Eleições Municipais 2020";"15/11/2020";"M";"ES";"56057";"ALFREDO CHAVES";56057;"ALFREDO CHAVES";12;20;13;"Vereador";45333;"DIEYSON GONÇALVES DA ROSA";1;1112;80000666652;"SALÃO DA IGREJA CATÓLICA DE CACHOEIRA ALTA";"R. PRINCIPAL, S/ N"
"16/09/2024";"17:49:23";2020;2;"Eleição Ordinária";1;426;"Eleições Municipais 2020";"15/11/2020";"M";"ES";"56057";"ALFREDO CHAVES";56057;"ALFREDO CHAVES";12;41;13;"Vereador";45000;"JONAS NUNES SIMÕES";10;1236;80000666645;"NACCA-ANTIGO PETI";"RUA THOMAZ COELHO, S/N AO LADO DA BIBLIOTECA MUNICIPAL"
"16/09/2024";"17:49:23";2020;2;"Eleição Ordinária";1;426;"Eleições Municipais 2020";"15/11/2020";"M";"ES";"56057";"ALFREDO CHAVES";56057;"ALFREDO CHAVES";12;28;13;"Vereador";51311;"NARCISO DE ABREU GRASSI";4;1074;80000683714;"SALÃO DA IGREJA CATÓLICA DE IRIRITIMIRIM";"R. PRINCIPAL, S/ N"
"16/09/2024";"17:49:23";2020;2;"Eleição Ordinária";1;426;"Eleições Municipais 2020";"15/11/2020";"M";"ES";"56057";"ALFREDO CHAVES";56057;"ALFREDO CHAVES";12;29;13;"Vereador";51311;"NARCISO DE ABREU GRASSI";12;1147;80000683714;"EMEF SÃO BENTO DE URÂNIA";"R. PRINCIPAL, S/ Nº"
"16/09/2024";"17:49:23";2020;2;"Eleição Ordinária";1;426;"Eleições Municipais 2020";"15/11/2020";"M";"ES";"56057";"ALFREDO CHAVES";56057;"ALFREDO CHAVES";12;30;13;"Vereador";45777;"GUILHERME CARLOS CETTO VITOR";2;1171;80000666649;"EEEFM CAMILA MOTA";"R. NELSON DA COSTA MELLO, S/ N"
"16/09/2024";"17:49:23";2020;2;"Eleição Ordinária";1;426;"Eleições Municipais 2020";"15/11/2020";"M";"ES";"56057";"ALFREDO CHAVES";56057;"ALFREDO CHAVES";12;34;13;"Vereador";45777;"GUILHERME CARLOS CETTO VITOR";1;1171;80000666649;"EEEFM CAMILA MOTA";"R. NELSON DA COSTA MELLO, S/ N"
"16/09/2024";"17:49:23";2020;2;"Eleição Ordinária";1;426;"Eleições Municipais 2020";"15/11/2020";"M";"ES";"56057";"ALFREDO CHAVES";56057;"ALFREDO CHAVES";12;22;13;"Vereador";51789;"ANTÔNIO VALDIR GOBBI BUBACK";1;1139;80000683712;"EMEF SAGRADA FAMÍLIA";"R. PRINCIPAL, S/ N"
"16/09/2024";"17:49:23";2020;2;"Eleição Ordinária";1;426;"Eleições Municipais 2020";"15/11/2020";"M";"ES";"56057";"ALFREDO CHAVES";56057;"ALFREDO CHAVES";12;4;13;"Vereador";45777;"GUILHERME CARLOS CETTO VITOR";2;1015;80000666649;"EMEF ANA ARAÚJO";"R. EXPEDICIONARIO OSVALDO SAUDINO"
"16/09/2024";"17:49:23";2020;2;"Eleição Ordinária";1;426;"Eleições Municipais 2020";"15/11/2020";"M";"ES";"56057";"ALFREDO CHAVES";56057;"ALFREDO CHAVES";12;30;13;"Vereador";45333;"DIEYSON GONÇALVES DA ROSA";2;1171;80000666652;"EEEFM CAMILA MOTA";"R. NELSON DA COSTA MELLO, S/ N"
"16/09/2024";"17:49:23";2020;2;"Eleição Ordinária";1;426;"Eleições Municipais 2020";"15/11/2020";"M";"ES";"56057";"ALFREDO CHAVES";56057;"ALFREDO CHAVES";12;34;13;"Vereador";45333;"DIEYSON GONÇALVES DA ROSA";4;1171;80000666652;"EEEFM CAMILA MOTA";"R. NELSON DA COSTA MELLO, S/ N"
"16/09/2024";"17:49:23";2020;2;"Eleição Ordinária";1;426;"Eleições Municipais 2020";"15/11/2020";"M";"ES";"56057";"ALFREDO CHAVES";56057;"ALFREDO CHAVES";12;6;13;"Vereador";45333;"DIEYSON GONÇALVES DA ROSA";1;1023;80000666652;"GINÁSIO DE ESPORTES DE ALFREDO CHAVES";"RUA NELSON JOSÉ DA COSTA MELO, S/N"
"16/09/2024";"17:49:23";2020;2;"Eleição Ordinária";1;426;"Eleições Municipais 2020";"15/11/2020";"M";"ES";"56057";"ALFREDO CHAVES";56057;"ALFREDO CHAVES";12;4;13;"Vereador";45333;"DIEYSON GONÇALVES DA ROSA";1;1015;80000666652;"EMEF ANA ARAÚJO";"R. EXPEDICIONARIO OSVALDO SAUDINO"
"16/09/2024";"17:49:23";2020;2;"Eleição Ordinária";1;426;"Eleições Municipais 2020";"15/11/2020";"M";"ES";"56057";"ALFREDO CHAVES";56057;"ALFREDO CHAVES";12;41;13;"Vereador";14222;"JOSIMAR PIUMBINI";12;1236;80000683175;"NACCA-ANTIGO PETI";"RUA THOMAZ COELHO, S/N AO LADO DA BIBLIOTECA MUNICIPAL"
"16/09/2024";"17:49:23";2020;2;"Eleição Ordinária";1;426;"Eleições Municipais 2020";"15/11/2020";"M";"ES";"56057";"ALFREDO CHAVES";56057;"ALFREDO CHAVES";12;19;13;"Vereador";51311;"NARCISO DE ABREU GRASSI";22;1104;80000683714;"SALÃO COMUNITÁRIO DE NOVA ESTRELA";"R. PRINCIPAL, S/ Nº"
"16/09/2024";"17:49:23";2020;2;"Eleição Ordinária";1;426;"Eleições Municipais 2020";"15/11/2020";"M";"ES";"56057";"ALFREDO CHAVES";56057;"ALFREDO CHAVES";12;17;13;"Vereador";51311;"NARCISO DE ABREU GRASSI";16;1090;80000683714;"EMEF FELIPE MODOLO";"R. PRINCIPAL, S/ N"
"16/09/2024";"17:49:23";2020;2;"Eleição Ordinária";1;426;"Eleições Municipais 2020";"15/11/2020";"M";"ES";"56057";"ALFREDO CHAVES";56057;"ALFREDO CHAVES";12;17;13;"Vereador";14444;"ZALUAR IGREJA ROSA DA SILVA";2;1090;80000683177;"EMEF FELIPE MODOLO";"R. PRINCIPAL, S/ N"
"16/09/2024";"17:49:23";2020;2;"Eleição Ordinária";1;426;"Eleições Municipais 2020";"15/11/2020";"M";"ES";"56057";"ALFREDO CHAVES";56057;"ALFREDO CHAVES";12;13;13;"Vereador";40147;"ARLETE MARIA MOCELIM NATAL";2;1058;80000666557;"EEEF ENGANO";"R. PRINCIPAL, S/ Nº"
"16/09/2024";"17:49:23";2020;2;"Eleição Ordinária";1;426;"Eleições Municipais 2020";"15/11/2020";"M";"ES";"56057";"ALFREDO CHAVES";56057;"ALFREDO CHAVES";12;4;13;"Vereador";40147;"ARLETE MARIA MOCELIM NATAL";1;1015;80000666557;"EMEF ANA ARAÚJO";"R. EXPEDICIONARIO OSVALDO SAUDINO"
"16/09/2024";"17:49:23";2020;2;"Eleição Ordinária";1;426;"Eleições Municipais 2020";"15/11/2020";"M";"ES";"56057";"ALFREDO CHAVES";56057;"ALFREDO CHAVES";12;13;13;"Vereador";11111;"AMÉLIA DUARTE BEZERRA";4;1058;80000848886;"EEEF ENGANO";"R. PRINCIPAL, S/ Nº"
"16/09/2024";"17:49:23";2020;2;"Eleição Ordinária";1;426;"Eleições Municipais 2020";"15/11/2020";"M";"ES";"56057";"ALFREDO CHAVES";56057;"ALFREDO CHAVES";12;14;13;"Vereador";51311;"NARCISO DE ABREU GRASSI";17;1066;80000683714;"SALÃO DA IGREJA CATÓLICA DE SÃO BENTO DE BATATAL";"RUA PRINCIPAL, S/ N"
"16/09/2024";"17:49:23";2020;2;"Eleição Ordinária";1;426;"Eleições Municipais 2020";"15/11/2020";"M";"ES";"56057";"ALFREDO CHAVES";56057;"ALFREDO CHAVES";12;31;13;"Vereador";10456;"ADHEMAR CESAR BISSOLI";5;1171;80000682922;"EEEFM CAMILA MOTA";"R. NELSON DA COSTA MELLO, S/ N"
"16/09/2024";"17:49:23";2020;2;"Eleição Ordinária";1;426;"Eleições Municipais 2020";"15/11/2020";"M";"ES";"56057";"ALFREDO CHAVES";56057;"ALFREDO CHAVES";12;21;13;"Vereador";51311;"NARCISO DE ABREU GRASSI";14;1120;80000683714;"EMUEF QUARTO TERRITÓRIO";"R. PRINCIPAL , S/ N"
"16/09/2024";"17:49:23";2020;2;"Eleição Ordinária";1;426;"Eleições Municipais 2020";"15/11/2020";"M";"ES";"56057";"ALFREDO CHAVES";56057;"ALFREDO CHAVES";12;21;13;"Vereador";14444;"ZALUAR IGREJA ROSA DA SILVA";2;1120;80000683177;"EMUEF QUARTO TERRITÓRIO";"R. PRINCIPAL , S/ N"
"16/09/2024";"17:49:23";2020;2;"Eleição Ordinária";1;426;"Eleições Municipais 2020";"15/11/2020";"M";"ES";"56057";"ALFREDO CHAVES";56057;"ALFREDO CHAVES";12;8;11;"Prefeito";12;"ARMANDO NOLASCO RIBEIRO";2;1023;80001042824;"GINÁSIO DE ESPORTES DE ALFREDO CHAVES";"RUA NELSON JOSÉ DA COSTA MELO, S/N"
"16/09/2024";"17:49:23";2020;2;"Eleição Ordinária";1;426;"Eleições Municipais 2020";"15/11/2020";"M";"ES";"56057";"ALFREDO CHAVES";56057;"ALFREDO CHAVES";12;18;11;"Prefeito";12;"ARMANDO NOLASCO RIBEIRO";12;1090;80001042824;"EMEF FELIPE MODOLO";"R. PRINCIPAL, S/ N"
"16/09/2024";"17:49:23";2020;2;"Eleição Ordinária";1;426;"Eleições Municipais 2020";"15/11/2020";"M";"ES";"56057";"ALFREDO CHAVES";56057;"ALFREDO CHAVES";12;3;11;"Prefeito";12;"ARMANDO NOLASCO RIBEIRO";8;1015;80001042824;"EMEF ANA ARAÚJO";"R. EXPEDICIONARIO OSVALDO SAUDINO"
"16/09/2024";"17:49:23";2020;2;"Eleição Ordinária";1;426;"Eleições Municipais 2020";"15/11/2020";"M";"ES";"56057";"ALFREDO CHAVES";56057;"ALFREDO CHAVES";12;27;11;"Prefeito";12;"ARMANDO NOLASCO RIBEIRO";5;1171;80001042824;"EEEFM CAMILA MOTA";"R. NELSON DA COSTA MELLO, S/ N"
"16/09/2024";"17:49:23";2020;2;"Eleição Ordinária";1;426;"Eleições Municipais 2020";"15/11/2020";"M";"ES";"56057";"ALFREDO CHAVES";56057;"ALFREDO CHAVES";12;10;11;"Prefeito";12;"ARMANDO NOLASCO RIBEIRO";9;1040;80001042824;"EEEF DE CRUBIXÁ";"R. PRINCIPAL, S/ Nº"
"16/09/2024";"17:49:23";2020;2;"Eleição Ordinária";1;426;"Eleições Municipais 2020";"15/11/2020";"M";"ES";"56057";"ALFREDO CHAVES";56057;"ALFREDO CHAVES";12;20;13;"Vereador";40111;"CHARLES GAIGHER";17;1112;80000666561;"SALÃO DA IGREJA CATÓLICA DE CACHOEIRA ALTA";"R. PRINCIPAL, S/ N"
"16/09/2024";"17:49:23";2020;2;"Eleição Ordinária";1;426;"Eleições Municipais 2020";"15/11/2020";"M";"ES";"56057";"ALFREDO CHAVES";56057;"ALFREDO CHAVES";12;22;13;"Vereador";40789;"ADILSON JOSE ROVETA";98;1139;80000666567;"EMEF SAGRADA FAMÍLIA";"R. PRINCIPAL, S/ N"
"16/09/2024";"17:49:23";2020;2;"Eleição Ordinária";1;426;"Eleições Municipais 2020";"15/11/2020";"M";"ES";"56057";"ALFREDO CHAVES";56057;"ALFREDO CHAVES";12;14;13;"Vereador";40111;"CHARLES GAIGHER";2;1066;80000666561;"SALÃO DA IGREJA CATÓLICA DE SÃO BENTO DE BATATAL";"RUA PRINCIPAL, S/ N"
"16/09/2024";"17:49:23";2020;2;"Eleição Ordinária";1;426;"Eleições Municipais 2020";"15/11/2020";"M";"ES";"56057";"ALFREDO CHAVES";56057;"ALFREDO CHAVES";12;31;11;"Prefeito";12;"ARMANDO NOLASCO RIBEIRO";9;1171;80001042824;"EEEFM CAMILA MOTA";"R. NELSON DA COSTA MELLO, S/ N"
"16/09/2024";"17:49:23";2020;2;"Eleição Ordinária";1;426;"Eleições Municipais 2020";"15/11/2020";"M";"ES";"56057";"ALFREDO CHAVES";56057;"ALFREDO CHAVES";12;12;11;"Prefeito";12;"ARMANDO NOLASCO RIBEIRO";27;1058;80001042824;"EEEF ENGANO";"R. PRINCIPAL, S/ Nº"
"16/09/2024";"17:49:23";2020;2;"Eleição Ordinária";1;426;"Eleições Municipais 2020";"15/11/2020";"M";"ES";"56057";"ALFREDO CHAVES";56057;"ALFREDO CHAVES";12;6;11;"Prefeito";12;"ARMANDO NOLASCO RIBEIRO";11;1023;80001042824;"GINÁSIO DE ESPORTES DE ALFREDO CHAVES";"RUA NELSON JOSÉ DA COSTA MELO, S/N"
"16/09/2024";"17:49:23";2020;2;"Eleição Ordinária";1;426;"Eleições Municipais 2020";"15/11/2020";"M";"ES";"56057";"ALFREDO CHAVES";56057;"ALFREDO CHAVES";12;34;11;"Prefeito";12;"ARMANDO NOLASCO RIBEIRO";14;1171;80001042824;"EEEFM CAMILA MOTA";"R. NELSON DA COSTA MELLO, S/ N"
"16/09/2024";"17:49:23";2020;2;"Eleição Ordinária";1;426;"Eleições Municipais 2020";"15/11/2020";"M";"ES";"56057";"ALFREDO CHAVES";56057;"ALFREDO CHAVES";12;35;11;"Prefeito";12;"ARMANDO NOLASCO RIBEIRO";13;1171;80001042824;"EEEFM CAMILA MOTA";"R. NELSON DA COSTA MELLO, S/ N"
"16/09/2024";"17:49:23";2020;2;"Eleição Ordinária";1;426;"Eleições Municipais 2020";"15/11/2020";"M";"ES";"56057";"ALFREDO CHAVES";56057;"ALFREDO CHAVES";12;30;11;"Prefeito";12;"ARMANDO NOLASCO RIBEIRO";7;1171;80001042824;"EEEFM CAMILA MOTA";"R. NELSON DA COSTA MELLO, S/ N"
"16/09/2024";"17:49:23";2020;2;"Eleição Ordinária";1;426;"Eleições Municipais 2020";"15/11/2020";"M";"ES";"56057";"ALFREDO CHAVES";56057;"ALFREDO CHAVES";12;20;13;"Vereador";51311;"NARCISO DE ABREU GRASSI";11;1112;80000683714;"SALÃO DA IGREJA CATÓLICA DE CACHOEIRA ALTA";"R. PRINCIPAL, S/ N"
"16/09/2024";"17:49:23";2020;2;"Eleição Ordinária";1;426;"Eleições Municipais 2020";"15/11/2020";"M";"ES";"56057";"ALFREDO CHAVES";56057;"ALFREDO CHAVES";12;20;13;"Vereador";14444;"ZALUAR IGREJA ROSA DA SILVA";1;1112;80000683177;"SALÃO DA IGREJA CATÓLICA DE CACHOEIRA ALTA";"R. PRINCIPAL, S/ N"
"16/09/2024";"17:49:23";2020;2;"Eleição Ordinária";1;426;"Eleições Municipais 2020";"15/11/2020";"M";"ES";"56057";"ALFREDO CHAVES";56057;"ALFREDO CHAVES";12;13;11;"Prefeito";12;"ARMANDO NOLASCO RIBEIRO";17;1058;80001042824;"EEEF ENGANO";"R. PRINCIPAL, S/ Nº"
"16/09/2024";"17:49:23";2020;2;"Eleição Ordinária";1;426;"Eleições Municipais 2020";"15/11/2020";"M";"ES";"56057";"ALFREDO CHAVES";56057;"ALFREDO CHAVES";12;4;11;"Prefeito";12;"ARMANDO NOLASCO RIBEIRO";6;1015;80001042824;"EMEF ANA ARAÚJO";"R. EXPEDICIONARIO OSVALDO SAUDINO"
"16/09/2024";"17:49:23";2020;2;"Eleição Ordinária";1;426;"Eleições Municipais 2020";"15/11/2020";"M";"ES";"56057";"ALFREDO CHAVES";56057;"ALFREDO CHAVES";12;22;13;"Vereador";40321;"GILSON LUIZ BELLON";1;1139;80000666558;"EMEF SAGRADA FAMÍLIA";"R. PRINCIPAL, S/ N"
"16/09/2024";"17:49:23";2020;2;"Eleição Ordinária";1;426;"Eleições Municipais 2020";"15/11/2020";"M";"ES";"56057";"ALFREDO CHAVES";56057;"ALFREDO CHAVES";12;20;13;"Vereador";14455;"MIGUEL ANTONIO MARTINS CLEN";1;1112;80000683176;"SALÃO DA IGREJA CATÓLICA DE CACHOEIRA ALTA";"R. PRINCIPAL, S/ N"
"16/09/2024";"17:49:23";2020;2;"Eleição Ordinária";1;426;"Eleições Municipais 2020";"15/11/2020";"M";"ES";"56057";"ALFREDO CHAVES";56057;"ALFREDO CHAVES";12;41;13;"Vereador";40999;"EMILIA DAS GRAÇAS ALVES PADILHA DOMINGUES";5;1236;80000666562;"NACCA-ANTIGO PETI";"RUA THOMAZ COELHO, S/N AO LADO DA BIBLIOTECA MUNICIPAL"
"16/09/2024";"17:49:23";2020;2;"Eleição Ordinária";1;426;"Eleições Municipais 2020";"15/11/2020";"M";"ES";"56057";"ALFREDO CHAVES";56057;"ALFREDO CHAVES";12;19;13;"Vereador";45100;"SERGIO BIANCHI";5;1104;80000666641;"SALÃO COMUNITÁRIO DE NOVA ESTRELA";"R. PRINCIPAL, S/ Nº"
"16/09/2024";"17:49:23";2020;2;"Eleição Ordinária";1;426;"Eleições Municipais 2020";"15/11/2020";"M";"ES";"56057";"ALFREDO CHAVES";56057;"ALFREDO CHAVES";12;17;13;"Vereador";45100;"SERGIO BIANCHI";2;1090;80000666641;"EMEF FELIPE MODOLO";"R. PRINCIPAL, S/ N"
"16/09/2024";"17:49:23";2020;2;"Eleição Ordinária";1;426;"Eleições Municipais 2020";"15/11/2020";"M";"ES";"56057";"ALFREDO CHAVES";56057;"ALFREDO CHAVES";12;28;13;"Vereador";45100;"SERGIO BIANCHI";4;1074;80000666641;"SALÃO DA IGREJA CATÓLICA DE IRIRITIMIRIM";"R. PRINCIPAL, S/ N"
"16/09/2024";"17:49:23";2020;2;"Eleição Ordinária";1;426;"Eleições Municipais 2020";"15/11/2020";"M";"ES";"56057";"ALFREDO CHAVES";56057;"ALFREDO CHAVES";12;20;13;"Vereador";14000;"VALENTIM CARDOSO";4;1112;80000683180;"SALÃO DA IGREJA CATÓLICA DE CACHOEIRA ALTA";"R. PRINCIPAL, S/ N"
"16/09/2024";"17:49:23";2020;2;"Eleição Ordinária";1;426;"Eleições Municipais 2020";"15/11/2020";"M";"ES";"56057";"ALFREDO CHAVES";56057;"ALFREDO CHAVES";12;37;13;"Vereador";45321;"VALDIRENE BRANDÃO ANDRADE SÓRIO";2;1228;80000666654;"CRECHE COMECINHO DE GENTE";"AV. DARCY DE PAULA GAIGHER, S/N"
"16/09/2024";"17:49:23";2020;2;"Eleição Ordinária";1;426;"Eleições Municipais 2020";"15/11/2020";"M";"ES";"56057";"ALFREDO CHAVES";56057;"ALFREDO CHAVES";12;22;13;"Vereador";10333;"CLOVIS D ALMEIDA FILHO";3;1139;80000682924;"EMEF SAGRADA FAMÍLIA";"R. PRINCIPAL, S/ N"
"16/09/2024";"17:49:23";2020;2;"Eleição Ordinária";1;426;"Eleições Municipais 2020";"15/11/2020";"M";"ES";"56057";"ALFREDO CHAVES";56057;"ALFREDO CHAVES";12;41;13;"Vereador";95;"VOTO BRANCO";7;1236;-1;"NACCA-ANTIGO PETI";"RUA THOMAZ COELHO, S/N AO LADO DA BIBLIOTECA MUNICIPAL"
"16/09/2024";"17:49:23";2020;2;"Eleição Ordinária";1;426;"Eleições Municipais 2020";"15/11/2020";"M";"ES";"56057";"ALFREDO CHAVES";56057;"ALFREDO CHAVES";12;41;13;"Vereador";10333;"CLOVIS D ALMEIDA FILHO";2;1236;80000682924;"NACCA-ANTIGO PETI";"RUA THOMAZ COELHO, S/N AO LADO DA BIBLIOTECA MUNICIPAL"
"16/09/2024";"17:49:23";2020;2;"Eleição Ordinária";1;426;"Eleições Municipais 2020";"15/11/2020";"M";"ES";"56057";"ALFREDO CHAVES";56057;"ALFREDO CHAVES";12;41;13;"Vereador";10018;"CAMILA BRUSCHI TONON";1;1236;80000682932;"NACCA-ANTIGO PETI";"RUA THOMAZ COELHO, S/N AO LADO DA BIBLIOTECA MUNICIPAL"
"16/09/2024";"17:49:23";2020;2;"Eleição Ordinária";1;426;"Eleições Municipais 2020";"15/11/2020";"M";"ES";"56057";"ALFREDO CHAVES";56057;"ALFREDO CHAVES";12;26;13;"Vereador";95;"VOTO BRANCO";2;1163;-1;"EEUEF VILA NOVA DE MARAVILHA";"R. PRINCIPAL, S/ Nº"
"16/09/2024";"17:49:23";2020;2;"Eleição Ordinária";1;426;"Eleições Municipais 2020";"15/11/2020";"M";"ES";"56057";"ALFREDO CHAVES";56057;"ALFREDO CHAVES";12;31;13;"Vereador";40147;"ARLETE MARIA MOCELIM NATAL";1;1171;80000666557;"EEEFM CAMILA MOTA";"R. NELSON DA COSTA MELLO, S/ N"
"16/09/2024";"17:49:23";2020;2;"Eleição Ordinária";1;426;"Eleições Municipais 2020";"15/11/2020";"M";"ES";"56057";"ALFREDO CHAVES";56057;"ALFREDO CHAVES";12;20;13;"Vereador";45100;"SERGIO BIANCHI";14;1112;80000666641;"SALÃO DA IGREJA CATÓLICA DE CACHOEIRA ALTA";"R. PRINCIPAL, S/ N"
"16/09/2024";"17:49:23";2020;2;"Eleição Ordinária";1;426;"Eleições Municipais 2020";"15/11/2020";"M";"ES";"56057";"ALFREDO CHAVES";56057;"ALFREDO CHAVES";12;85;13;"Vereador";14789;"SARAH ALVES DE OLIVEIRA";2;1244;80000683179;"CRECHE PEQUERRUCHOS";"RUA ANTÔNIO CLAUDIO GAIGHER, 19"
"16/09/2024";"17:49:23";2020;2;"Eleição Ordinária";1;426;"Eleições Municipais 2020";"15/11/2020";"M";"ES";"56057";"ALFREDO CHAVES";56057;"ALFREDO CHAVES";12;22;13;"Vereador";10555;"OTTAVIO EVANGELISTA GOMES";3;1139;80000682929;"EMEF SAGRADA FAMÍLIA";"R. PRINCIPAL, S/ N"
"16/09/2024";"17:49:23";2020;2;"Eleição Ordinária";1;426;"Eleições Municipais 2020";"15/11/2020";"M";"ES";"56057";"ALFREDO CHAVES";56057;"ALFREDO CHAVES";12;22;13;"Vereador";40222;"ROSANA MARIA CARDOSO TAVARES";1;1139;80000666566;"EMEF SAGRADA FAMÍLIA";"R. PRINCIPAL, S/ N"
"16/09/2024";"17:49:23";2020;2;"Eleição Ordinária";1;426;"Eleições Municipais 2020";"15/11/2020";"M";"ES";"56057";"ALFREDO CHAVES";56057;"ALFREDO CHAVES";12;35;13;"Vereador";40147;"ARLETE MARIA MOCELIM NATAL";1;1171;80000666557;"EEEFM CAMILA MOTA";"R. NELSON DA COSTA MELLO, S/ N"
"16/09/2024";"17:49:23";2020;2;"Eleição Ordinária";1;426;"Eleições Municipais 2020";"15/11/2020";"M";"ES";"56057";"ALFREDO CHAVES";56057;"ALFREDO CHAVES";12;12;13;"Vereador";11111;"AMÉLIA DUARTE BEZERRA";1;1058;80000848886;"EEEF ENGANO";"R. PRINCIPAL, S/ Nº"
"16/09/2024";"17:49:23";2020;2;"Eleição Ordinária";1;426;"Eleições Municipais 2020";"15/11/2020";"M";"ES";"56057";"ALFREDO CHAVES";56057;"ALFREDO CHAVES";12;41;13;"Vereador";10555;"OTTAVIO EVANGELISTA GOMES";4;1236;80000682929;"NACCA-ANTIGO PETI";"RUA THOMAZ COELHO, S/N AO LADO DA BIBLIOTECA MUNICIPAL"
"16/09/2024";"17:49:23";2020;2;"Eleição Ordinária";1;426;"Eleições Municipais 2020";"15/11/2020";"M";"ES";"56057";"ALFREDO CHAVES";56057;"ALFREDO CHAVES";12;22;13;"Vereador";40999;"EMILIA DAS GRAÇAS ALVES PADILHA DOMINGUES";1;1139;80000666562;"EMEF SAGRADA FAMÍLIA";"R. PRINCIPAL, S/ N"
"16/09/2024";"17:49:23";2020;2;"Eleição Ordinária";1;426;"Eleições Municipais 2020";"15/11/2020";"M";"ES";"56057";"ALFREDO CHAVES";56057;"ALFREDO CHAVES";12;20;13;"Vereador";45321;"VALDIRENE BRANDÃO ANDRADE SÓRIO";1;1112;80000666654;"SALÃO DA IGREJA CATÓLICA DE CACHOEIRA ALTA";"R. PRINCIPAL, S/ N"
"16/09/2024";"17:49:23";2020;2;"Eleição Ordinária";1;426;"Eleições Municipais 2020";"15/11/2020";"M";"ES";"56057";"ALFREDO CHAVES";56057;"ALFREDO CHAVES";12;17;13;"Vereador";14455;"MIGUEL ANTONIO MARTINS CLEN";1;1090;80000683176;"EMEF FELIPE MODOLO";"R. PRINCIPAL, S/ N"
"16/09/2024";"17:49:23";2020;2;"Eleição Ordinária";1;426;"Eleições Municipais 2020";"15/11/2020";"M";"ES";"56057";"ALFREDO CHAVES";56057;"ALFREDO CHAVES";12;30;13;"Vereador";40147;"ARLETE MARIA MOCELIM NATAL";3;1171;80000666557;"EEEFM CAMILA MOTA";"R. NELSON DA COSTA MELLO, S/ N"
"16/09/2024";"17:49:23";2020;2;"Eleição Ordinária";1;426;"Eleições Municipais 2020";"15/11/2020";"M";"ES";"56057";"ALFREDO CHAVES";56057;"ALFREDO CHAVES";12;34;13;"Vereador";40147;"ARLETE MARIA MOCELIM NATAL";1;1171;80000666557;"EEEFM CAMILA MOTA";"R. NELSON DA COSTA MELLO, S/ N"
"16/09/2024";"17:49:23";2020;2;"Eleição Ordinária";1;426;"Eleições Municipais 2020";"15/11/2020";"M";"ES";"56057";"ALFREDO CHAVES";56057;"ALFREDO CHAVES";12;6;13;"Vereador";40147;"ARLETE MARIA MOCELIM NATAL";1;1023;80000666557;"GINÁSIO DE ESPORTES DE ALFREDO CHAVES";"RUA NELSON JOSÉ DA COSTA MELO, S/N"
"16/09/2024";"17:49:23";2020;2;"Eleição Ordinária";1;426;"Eleições Municipais 2020";"15/11/2020";"M";"ES";"56057";"ALFREDO CHAVES";56057;"ALFREDO CHAVES";12;11;13;"Vereador";51456;"JACINTA LUCIA SCARPARO";3;1040;80000683719;"EEEF DE CRUBIXÁ";"R. PRINCIPAL, S/ Nº"
"16/09/2024";"17:49:23";2020;2;"Eleição Ordinária";1;426;"Eleições Municipais 2020";"15/11/2020";"M";"ES";"56057";"ALFREDO CHAVES";56057;"ALFREDO CHAVES";12;21;13;"Vereador";45100;"SERGIO BIANCHI";89;1120;80000666641;"EMUEF QUARTO TERRITÓRIO";"R. PRINCIPAL , S/ N"
"16/09/2024";"17:49:23";2020;2;"Eleição Ordinária";1;426;"Eleições Municipais 2020";"15/11/2020";"M";"ES";"56057";"ALFREDO CHAVES";56057;"ALFREDO CHAVES";12;41;13;"Vereador";40222;"ROSANA MARIA CARDOSO TAVARES";1;1236;80000666566;"NACCA-ANTIGO PETI";"RUA THOMAZ COELHO, S/N AO LADO DA BIBLIOTECA MUNICIPAL"
"16/09/2024";"17:49:23";2020;2;"Eleição Ordinária";1;426;"Eleições Municipais 2020";"15/11/2020";"M";"ES";"56057";"ALFREDO CHAVES";56057;"ALFREDO CHAVES";12;1;13;"Vereador";45321;"VALDIRENE BRANDÃO ANDRADE SÓRIO";3;1015;80000666654;"EMEF ANA ARAÚJO";"R. EXPEDICIONARIO OSVALDO SAUDINO"
"16/09/2024";"17:49:23";2020;2;"Eleição Ordinária";1;426;"Eleições Municipais 2020";"15/11/2020";"M";"ES";"56057";"ALFREDO CHAVES";56057;"ALFREDO CHAVES";12;31;11;"Prefeito";95;"VOTO BRANCO";9;1171;-1;"EEEFM CAMILA MOTA";"R. NELSON DA COSTA MELLO, S/ N"
"16/09/2024";"17:49:23";2020;2;"Eleição Ordinária";1;426;"Eleições Municipais 2020";"15/11/2020";"M";"ES";"56057";"ALFREDO CHAVES";56057;"ALFREDO CHAVES";12;12;11;"Prefeito";95;"VOTO BRANCO";5;1058;-1;"EEEF ENGANO";"R. PRINCIPAL, S/ Nº"
"16/09/2024";"17:49:23";2020;2;"Eleição Ordinária";1;426;"Eleições Municipais 2020";"15/11/2020";"M";"ES";"56057";"ALFREDO CHAVES";56057;"ALFREDO CHAVES";12;6;11;"Prefeito";95;"VOTO BRANCO";5;1023;-1;"GINÁSIO DE ESPORTES DE ALFREDO CHAVES";"RUA NELSON JOSÉ DA COSTA MELO, S/N"
"16/09/2024";"17:49:23";2020;2;"Eleição Ordinária";1;426;"Eleições Municipais 2020";"15/11/2020";"M";"ES";"56057";"ALFREDO CHAVES";56057;"ALFREDO CHAVES";12;34;11;"Prefeito";95;"VOTO BRANCO";8;1171;-1;"EEEFM CAMILA MOTA";"R. NELSON DA COSTA MELLO, S/ N"
"16/09/2024";"17:49:23";2020;2;"Eleição Ordinária";1;426;"Eleições Municipais 2020";"15/11/2020";"M";"ES";"56057";"ALFREDO CHAVES";56057;"ALFREDO CHAVES";12;35;11;"Prefeito";95;"VOTO BRANCO";4;1171;-1;"EEEFM CAMILA MOTA";"R. NELSON DA COSTA MELLO, S/ N"
"16/09/2024";"17:49:23";2020;2;"Eleição Ordinária";1;426;"Eleições Municipais 2020";"15/11/2020";"M";"ES";"56057";"ALFREDO CHAVES";56057;"ALFREDO CHAVES";12;30;11;"Prefeito";95;"VOTO BRANCO";4;1171;-1;"EEEFM CAMILA MOTA";"R. NELSON DA COSTA MELLO, S/ N"
"16/09/2024";"17:49:23";2020;2;"Eleição Ordinária";1;426;"Eleições Municipais 2020";"15/11/2020";"M";"ES";"56057";"ALFREDO CHAVES";56057;"ALFREDO CHAVES";12;26;13;"Vereador";10123;"MARIA DE LURDES BENINCA MACHADO";25;1163;80000682927;"EEUEF VILA NOVA DE MARAVILHA";"R. PRINCIPAL, S/ Nº"
"16/09/2024";"17:49:23";2020;2;"Eleição Ordinária";1;426;"Eleições Municipais 2020";"15/11/2020";"M";"ES";"56057";"ALFREDO CHAVES";56057;"ALFREDO CHAVES";12;13;11;"Prefeito";95;"VOTO BRANCO";2;1058;-1;"EEEF ENGANO";"R. PRINCIPAL, S/ Nº"
"16/09/2024";"17:49:23";2020;2;"Eleição Ordinária";1;426;"Eleições Municipais 2020";"15/11/2020";"M";"ES";"56057";"ALFREDO CHAVES";56057;"ALFREDO CHAVES";12;4;11;"Prefeito";95;"VOTO BRANCO";3;1015;-1;"EMEF ANA ARAÚJO";"R. EXPEDICIONARIO OSVALDO SAUDINO"
"16/09/2024";"17:49:23";2020;2;"Eleição Ordinária";1;426;"Eleições Municipais 2020";"15/11/2020";"M";"ES";"56057";"ALFREDO CHAVES";56057;"ALFREDO CHAVES";12;27;11;"Prefeito";40;"FERNANDO VIDEIRA LAFAYETTE";164;1171;80000680338;"EEEFM CAMILA MOTA";"R. NELSON DA COSTA MELLO, S/ N"
"16/09/2024";"17:49:23";2020;2;"Eleição Ordinária";1;426;"Eleições Municipais 2020";"15/11/2020";"M";"ES";"56057";"ALFREDO CHAVES";56057;"ALFREDO CHAVES";12;10;11;"Prefeito";40;"FERNANDO VIDEIRA LAFAYETTE";151;1040;80000680338;"EEEF DE CRUBIXÁ";"R. PRINCIPAL, S/ Nº"
"16/09/2024";"17:49:23";2020;2;"Eleição Ordinária";1;426;"Eleições Municipais 2020";"15/11/2020";"M";"ES";"56057";"ALFREDO CHAVES";56057;"ALFREDO CHAVES";12;41;13;"Vereador";40321;"GILSON LUIZ BELLON";1;1236;80000666558;"NACCA-ANTIGO PETI";"RUA THOMAZ COELHO, S/N AO LADO DA BIBLIOTECA MUNICIPAL"
"16/09/2024";"17:49:23";2020;2;"Eleição Ordinária";1;426;"Eleições Municipais 2020";"15/11/2020";"M";"ES";"56057";"ALFREDO CHAVES";56057;"ALFREDO CHAVES";12;26;13;"Vereador";40321;"GILSON LUIZ BELLON";8;1163;80000666558;"EEUEF VILA NOVA DE MARAVILHA";"R. PRINCIPAL, S/ Nº"
"16/09/2024";"17:49:23";2020;2;"Eleição Ordinária";1;426;"Eleições Municipais 2020";"15/11/2020";"M";"ES";"56057";"ALFREDO CHAVES";56057;"ALFREDO CHAVES";12;7;13;"Vereador";45321;"VALDIRENE BRANDÃO ANDRADE SÓRIO";10;1171;80000666654;"EEEFM CAMILA MOTA";"R. NELSON DA COSTA MELLO, S/ N"
"16/09/2024";"17:49:23";2020;2;"Eleição Ordinária";1;426;"Eleições Municipais 2020";"15/11/2020";"M";"ES";"56057";"ALFREDO CHAVES";56057;"ALFREDO CHAVES";12;20;13;"Vereador";11000;"FRANCISCO DE ASSIS JOSÉ DOS SANTOS";11;1112;80000848890;"SALÃO DA IGREJA CATÓLICA DE CACHOEIRA ALTA";"R. PRINCIPAL, S/ N"
"16/09/2024";"17:49:23";2020;2;"Eleição Ordinária";1;426;"Eleições Municipais 2020";"15/11/2020";"M";"ES";"56057";"ALFREDO CHAVES";56057;"ALFREDO CHAVES";12;2;13;"Vereador";45321;"VALDIRENE BRANDÃO ANDRADE SÓRIO";2;1015;80000666654;"EMEF ANA ARAÚJO";"R. EXPEDICIONARIO OSVALDO SAUDINO"
"16/09/2024";"17:49:23";2020;2;"Eleição Ordinária";1;426;"Eleições Municipais 2020";"15/11/2020";"M";"ES";"56057";"ALFREDO CHAVES";56057;"ALFREDO CHAVES";12;40;13;"Vereador";45321;"VALDIRENE BRANDÃO ANDRADE SÓRIO";3;1236;80000666654;"NACCA-ANTIGO PETI";"RUA THOMAZ COELHO, S/N AO LADO DA BIBLIOTECA MUNICIPAL"
"16/09/2024";"17:49:23";2020;2;"Eleição Ordinária";1;426;"Eleições Municipais 2020";"15/11/2020";"M";"ES";"56057";"ALFREDO CHAVES";56057;"ALFREDO CHAVES";12;41;13;"Vereador";45222;"OSNEIA JOSE ALVES CARDOSO";1;1236;80000666650;"NACCA-ANTIGO PETI";"RUA THOMAZ COELHO, S/N AO LADO DA BIBLIOTECA MUNICIPAL"
"16/09/2024";"17:49:23";2020;2;"Eleição Ordinária";1;426;"Eleições Municipais 2020";"15/11/2020";"M";"ES";"56057";"ALFREDO CHAVES";56057;"ALFREDO CHAVES";12;3;13;"Vereador";11111;"AMÉLIA DUARTE BEZERRA";1;1015;80000848886;"EMEF ANA ARAÚJO";"R. EXPEDICIONARIO OSVALDO SAUDINO"
"16/09/2024";"17:49:23";2020;2;"Eleição Ordinária";1;426;"Eleições Municipais 2020";"15/11/2020";"M";"ES";"56057";"ALFREDO CHAVES";56057;"ALFREDO CHAVES";12;27;13;"Vereador";10010;"DAYARA MARCARINI BIANCHI";1;1171;80000682925;"EEEFM CAMILA MOTA";"R. NELSON DA COSTA MELLO, S/ N"
"16/09/2024";"17:49:23";2020;2;"Eleição Ordinária";1;426;"Eleições Municipais 2020";"15/11/2020";"M";"ES";"56057";"ALFREDO CHAVES";56057;"ALFREDO CHAVES";12;27;13;"Vereador";10456;"ADHEMAR CESAR BISSOLI";9;1171;80000682922;"EEEFM CAMILA MOTA";"R. NELSON DA COSTA MELLO, S/ N"
"16/09/2024";"17:49:23";2020;2;"Eleição Ordinária";1;426;"Eleições Municipais 2020";"15/11/2020";"M";"ES";"56057";"ALFREDO CHAVES";56057;"ALFREDO CHAVES";12;26;13;"Vereador";14555;"LUIZ GONZAGA CIBIN";9;1163;80000683169;"EEUEF VILA NOVA DE MARAVILHA";"R. PRINCIPAL, S/ Nº"
"16/09/2024";"17:49:23";2020;2;"Eleição Ordinária";1;426;"Eleições Municipais 2020";"15/11/2020";"M";"ES";"56057";"ALFREDO CHAVES";56057;"ALFREDO CHAVES";12;8;13;"Vereador";10456;"ADHEMAR CESAR BISSOLI";8;1023;80000682922;"GINÁSIO DE ESPORTES DE ALFREDO CHAVES";"RUA NELSON JOSÉ DA COSTA MELO, S/N"
"16/09/2024";"17:49:23";2020;2;"Eleição Ordinária";1;426;"Eleições Municipais 2020";"15/11/2020";"M";"ES";"56057";"ALFREDO CHAVES";56057;"ALFREDO CHAVES";12;30;13;"Vereador";51000;"SILVANA RAMOS DA SILVA";4;1171;80000683713;"EEEFM CAMILA MOTA";"R. NELSON DA COSTA MELLO, S/ N"
"16/09/2024";"17:49:23";2020;2;"Eleição Ordinária";1;426;"Eleições Municipais 2020";"15/11/2020";"M";"ES";"56057";"ALFREDO CHAVES";56057;"ALFREDO CHAVES";12;34;13;"Vereador";51000;"SILVANA RAMOS DA SILVA";5;1171;80000683713;"EEEFM CAMILA MOTA";"R. NELSON DA COSTA MELLO, S/ N"
"16/09/2024";"17:49:23";2020;2;"Eleição Ordinária";1;426;"Eleições Municipais 2020";"15/11/2020";"M";"ES";"56057";"ALFREDO CHAVES";56057;"ALFREDO CHAVES";12;6;13;"Vereador";51000;"SILVANA RAMOS DA SILVA";1;1023;80000683713;"GINÁSIO DE ESPORTES DE ALFREDO CHAVES";"RUA NELSON JOSÉ DA COSTA MELO, S/N"
"16/09/2024";"17:49:23";2020;2;"Eleição Ordinária";1;426;"Eleições Municipais 2020";"15/11/2020";"M";"ES";"56057";"ALFREDO CHAVES";56057;"ALFREDO CHAVES";12;31;13;"Vereador";51000;"SILVANA RAMOS DA SILVA";2;1171;80000683713;"EEEFM CAMILA MOTA";"R. NELSON DA COSTA MELLO, S/ N"
"16/09/2024";"17:49:23";2020;2;"Eleição Ordinária";1;426;"Eleições Municipais 2020";"15/11/2020";"M";"ES";"56057";"ALFREDO CHAVES";56057;"ALFREDO CHAVES";12;35;13;"Vereador";51000;"SILVANA RAMOS DA SILVA";4;1171;80000683713;"EEEFM CAMILA MOTA";"R. NELSON DA COSTA MELLO, S/ N"
"16/09/2024";"17:49:23";2020;2;"Eleição Ordinária";1;426;"Eleições Municipais 2020";"15/11/2020";"M";"ES";"56057";"ALFREDO CHAVES";56057;"ALFREDO CHAVES";12;25;13;"Vereador";10018;"CAMILA BRUSCHI TONON";1;1155;80000682932;"EEUEF CAROLINA";"R. PRINCIPAL, S/ Nº"
"16/09/2024";"17:49:23";2020;2;"Eleição Ordinária";1;426;"Eleições Municipais 2020";"15/11/2020";"M";"ES";"56057";"ALFREDO CHAVES";56057;"ALFREDO CHAVES";12;2;13;"Vereador";10018;"CAMILA BRUSCHI TONON";3;1015;80000682932;"EMEF ANA ARAÚJO";"R. EXPEDICIONARIO OSVALDO SAUDINO"
"16/09/2024";"17:49:23";2020;2;"Eleição Ordinária";1;426;"Eleições Municipais 2020";"15/11/2020";"M";"ES";"56057";"ALFREDO CHAVES";56057;"ALFREDO CHAVES";12;40;13;"Vereador";10018;"CAMILA BRUSCHI TONON";3;1236;80000682932;"NACCA-ANTIGO PETI";"RUA THOMAZ COELHO, S/N AO LADO DA BIBLIOTECA MUNICIPAL"
"16/09/2024";"17:49:23";2020;2;"Eleição Ordinária";1;426;"Eleições Municipais 2020";"15/11/2020";"M";"ES";"56057";"ALFREDO CHAVES";56057;"ALFREDO CHAVES";12;26;13;"Vereador";10190;"ROMILDO DOMINGOS BORTOLUZZI";2;1163;80000682930;"EEUEF VILA NOVA DE MARAVILHA";"R. PRINCIPAL, S/ Nº"
"16/09/2024";"17:49:23";2020;2;"Eleição Ordinária";1;426;"Eleições Municipais 2020";"15/11/2020";"M";"ES";"56057";"ALFREDO CHAVES";56057;"ALFREDO CHAVES";12;19;13;"Vereador";45123;"ORLY PEREIRA";1;1104;80000666648;"SALÃO COMUNITÁRIO DE NOVA ESTRELA";"R. PRINCIPAL, S/ Nº"
"16/09/2024";"17:49:23";2020;2;"Eleição Ordinária";1;426;"Eleições Municipais 2020";"15/11/2020";"M";"ES";"56057";"ALFREDO CHAVES";56057;"ALFREDO CHAVES";12;3;13;"Vereador";10456;"ADHEMAR CESAR BISSOLI";5;1015;80000682922;"EMEF ANA ARAÚJO";"R. EXPEDICIONARIO OSVALDO SAUDINO"
"16/09/2024";"17:49:23";2020;2;"Eleição Ordinária";1;426;"Eleições Municipais 2020";"15/11/2020";"M";"ES";"56057";"ALFREDO CHAVES";56057;"ALFREDO CHAVES";12;8;13;"Vereador";10010;"DAYARA MARCARINI BIANCHI";3;1023;80000682925;"GINÁSIO DE ESPORTES DE ALFREDO CHAVES";"RUA NELSON JOSÉ DA COSTA MELO, S/N"
"16/09/2024";"17:49:23";2020;2;"Eleição Ordinária";1;426;"Eleições Municipais 2020";"15/11/2020";"M";"ES";"56057";"ALFREDO CHAVES";56057;"ALFREDO CHAVES";12;3;13;"Vereador";10010;"DAYARA MARCARINI BIANCHI";1;1015;80000682925;"EMEF ANA ARAÚJO";"R. EXPEDICIONARIO OSVALDO SAUDINO"
"16/09/2024";"17:49:23";2020;2;"Eleição Ordinária";1;426;"Eleições Municipais 2020";"15/11/2020";"M";"ES";"56057";"ALFREDO CHAVES";56057;"ALFREDO CHAVES";12;27;11;"Prefeito";95;"VOTO BRANCO";1;1171;-1;"EEEFM CAMILA MOTA";"R. NELSON DA COSTA MELLO, S/ N"
"16/09/2024";"17:49:23";2020;2;"Eleição Ordinária";1;426;"Eleições Municipais 2020";"15/11/2020";"M";"ES";"56057";"ALFREDO CHAVES";56057;"ALFREDO CHAVES";12;10;11;"Prefeito";95;"VOTO BRANCO";2;1040;-1;"EEEF DE CRUBIXÁ";"R. PRINCIPAL, S/ Nº"
"16/09/2024";"17:49:23";2020;2;"Eleição Ordinária";1;426;"Eleições Municipais 2020";"15/11/2020";"M";"ES";"56057";"ALFREDO CHAVES";56057;"ALFREDO CHAVES";12;29;13;"Vereador";14555;"LUIZ GONZAGA CIBIN";54;1147;80000683169;"EMEF SÃO BENTO DE URÂNIA";"R. PRINCIPAL, S/ Nº"
"16/09/2024";"17:49:23";2020;2;"Eleição Ordinária";1;426;"Eleições Municipais 2020";"15/11/2020";"M";"ES";"56057";"ALFREDO CHAVES";56057;"ALFREDO CHAVES";12;8;11;"Prefeito";95;"VOTO BRANCO";3;1023;-1;"GINÁSIO DE ESPORTES DE ALFREDO CHAVES";"RUA NELSON JOSÉ DA COSTA MELO, S/N"
"16/09/2024";"17:49:23";2020;2;"Eleição Ordinária";1;426;"Eleições Municipais 2020";"15/11/2020";"M";"ES";"56057";"ALFREDO CHAVES";56057;"ALFREDO CHAVES";12;18;11;"Prefeito";95;"VOTO BRANCO";4;1090;-1;"EMEF FELIPE MODOLO";"R. PRINCIPAL, S/ N"
"16/09/2024";"17:49:23";2020;2;"Eleição Ordinária";1;426;"Eleições Municipais 2020";"15/11/2020";"M";"ES";"56057";"ALFREDO CHAVES";56057;"ALFREDO CHAVES";12;3;11;"Prefeito";95;"VOTO BRANCO";4;1015;-1;"EMEF ANA ARAÚJO";"R. EXPEDICIONARIO OSVALDO SAUDINO"
"16/09/2024";"17:49:23";2020;2;"Eleição Ordinária";1;426;"Eleições Municipais 2020";"15/11/2020";"M";"ES";"56057";"ALFREDO CHAVES";56057;"ALFREDO CHAVES";12;4;13;"Vereador";51000;"SILVANA RAMOS DA SILVA";4;1015;80000683713;"EMEF ANA ARAÚJO";"R. EXPEDICIONARIO OSVALDO SAUDINO"
"16/09/2024";"17:49:23";2020;2;"Eleição Ordinária";1;426;"Eleições Municipais 2020";"15/11/2020";"M";"ES";"56057";"ALFREDO CHAVES";56057;"ALFREDO CHAVES";12;20;13;"Vereador";40321;"GILSON LUIZ BELLON";4;1112;80000666558;"SALÃO DA IGREJA CATÓLICA DE CACHOEIRA ALTA";"R. PRINCIPAL, S/ N"
"16/09/2024";"17:49:23";2020;2;"Eleição Ordinária";1;426;"Eleições Municipais 2020";"15/11/2020";"M";"ES";"56057";"ALFREDO CHAVES";56057;"ALFREDO CHAVES";12;20;13;"Vereador";51234;"LUCIANO PINON";1;1112;80000683718;"SALÃO DA IGREJA CATÓLICA DE CACHOEIRA ALTA";"R. PRINCIPAL, S/ N"
"16/09/2024";"17:49:23";2020;2;"Eleição Ordinária";1;426;"Eleições Municipais 2020";"15/11/2020";"M";"ES";"56057";"ALFREDO CHAVES";56057;"ALFREDO CHAVES";12;21;13;"Vereador";10190;"ROMILDO DOMINGOS BORTOLUZZI";3;1120;80000682930;"EMUEF QUARTO TERRITÓRIO";"R. PRINCIPAL , S/ N"
"16/09/2024";"17:49:23";2020;2;"Eleição Ordinária";1;426;"Eleições Municipais 2020";"15/11/2020";"M";"ES";"56057";"ALFREDO CHAVES";56057;"ALFREDO CHAVES";12;26;13;"Vereador";45436;"PAULO RITA DE SOUZA";3;1163;80000666653;"EEUEF VILA NOVA DE MARAVILHA";"R. PRINCIPAL, S/ Nº"
"16/09/2024";"17:49:23";2020;2;"Eleição Ordinária";1;426;"Eleições Municipais 2020";"15/11/2020";"M";"ES";"56057";"ALFREDO CHAVES";56057;"ALFREDO CHAVES";12;19;13;"Vereador";10190;"ROMILDO DOMINGOS BORTOLUZZI";2;1104;80000682930;"SALÃO COMUNITÁRIO DE NOVA ESTRELA";"R. PRINCIPAL, S/ Nº"
"16/09/2024";"17:49:23";2020;2;"Eleição Ordinária";1;426;"Eleições Municipais 2020";"15/11/2020";"M";"ES";"56057";"ALFREDO CHAVES";56057;"ALFREDO CHAVES";12;41;13;"Vereador";45436;"PAULO RITA DE SOUZA";2;1236;80000666653;"NACCA-ANTIGO PETI";"RUA THOMAZ COELHO, S/N AO LADO DA BIBLIOTECA MUNICIPAL"
"16/09/2024";"17:49:23";2020;2;"Eleição Ordinária";1;426;"Eleições Municipais 2020";"15/11/2020";"M";"ES";"56057";"ALFREDO CHAVES";56057;"ALFREDO CHAVES";12;41;13;"Vereador";45333;"DIEYSON GONÇALVES DA ROSA";2;1236;80000666652;"NACCA-ANTIGO PETI";"RUA THOMAZ COELHO, S/N AO LADO DA BIBLIOTECA MUNICIPAL"
"16/09/2024";"17:49:23";2020;2;"Eleição Ordinária";1;426;"Eleições Municipais 2020";"15/11/2020";"M";"ES";"56057";"ALFREDO CHAVES";56057;"ALFREDO CHAVES";12;20;13;"Vereador";40999;"EMILIA DAS GRAÇAS ALVES PADILHA DOMINGUES";6;1112;80000666562;"SALÃO DA IGREJA CATÓLICA DE CACHOEIRA ALTA";"R. PRINCIPAL, S/ N"
"16/09/2024";"17:49:23";2020;2;"Eleição Ordinária";1;426;"Eleições Municipais 2020";"15/11/2020";"M";"ES";"56057";"ALFREDO CHAVES";56057;"ALFREDO CHAVES";12;17;13;"Vereador";51111;"JAQUELINE GOMES DE ARAUJO";1;1090;80000683715;"EMEF FELIPE MODOLO";"R. PRINCIPAL, S/ N"
"16/09/2024";"17:49:23";2020;2;"Eleição Ordinária";1;426;"Eleições Municipais 2020";"15/11/2020";"M";"ES";"56057";"ALFREDO CHAVES";56057;"ALFREDO CHAVES";12;17;13;"Vereador";10190;"ROMILDO DOMINGOS BORTOLUZZI";2;1090;80000682930;"EMEF FELIPE MODOLO";"R. PRINCIPAL, S/ N"
"16/09/2024";"17:49:23";2020;2;"Eleição Ordinária";1;426;"Eleições Municipais 2020";"15/11/2020";"M";"ES";"56057";"ALFREDO CHAVES";56057;"ALFREDO CHAVES";12;26;13;"Vereador";14123;"HUGO LUIZ PICOLI MENEGHEL";5;1163;80000683174;"EEUEF VILA NOVA DE MARAVILHA";"R. PRINCIPAL, S/ Nº"
"16/09/2024";"17:49:23";2020;2;"Eleição Ordinária";1;426;"Eleições Municipais 2020";"15/11/2020";"M";"ES";"56057";"ALFREDO CHAVES";56057;"ALFREDO CHAVES";12;31;13;"Vereador";10123;"MARIA DE LURDES BENINCA MACHADO";1;1171;80000682927;"EEEFM CAMILA MOTA";"R. NELSON DA COSTA MELLO, S/ N"
"16/09/2024";"17:49:23";2020;2;"Eleição Ordinária";1;426;"Eleições Municipais 2020";"15/11/2020";"M";"ES";"56057";"ALFREDO CHAVES";56057;"ALFREDO CHAVES";12;14;13;"Vereador";11000;"FRANCISCO DE ASSIS JOSÉ DOS SANTOS";9;1066;80000848890;"SALÃO DA IGREJA CATÓLICA DE SÃO BENTO DE BATATAL";"RUA PRINCIPAL, S/ N"
"16/09/2024";"17:49:23";2020;2;"Eleição Ordinária";1;426;"Eleições Municipais 2020";"15/11/2020";"M";"ES";"56057";"ALFREDO CHAVES";56057;"ALFREDO CHAVES";12;35;13;"Vereador";45123;"ORLY PEREIRA";2;1171;80000666648;"EEEFM CAMILA MOTA";"R. NELSON DA COSTA MELLO, S/ N"
"16/09/2024";"17:49:23";2020;2;"Eleição Ordinária";1;426;"Eleições Municipais 2020";"15/11/2020";"M";"ES";"56057";"ALFREDO CHAVES";56057;"ALFREDO CHAVES";12;30;13;"Vereador";45123;"ORLY PEREIRA";2;1171;80000666648;"EEEFM CAMILA MOTA";"R. NELSON DA COSTA MELLO, S/ N"
"16/09/2024";"17:49:23";2020;2;"Eleição Ordinária";1;426;"Eleições Municipais 2020";"15/11/2020";"M";"ES";"56057";"ALFREDO CHAVES";56057;"ALFREDO CHAVES";12;34;13;"Vereador";45123;"ORLY PEREIRA";3;1171;80000666648;"EEEFM CAMILA MOTA";"R. NELSON DA COSTA MELLO, S/ N"
"16/09/2024";"17:49:23";2020;2;"Eleição Ordinária";1;426;"Eleições Municipais 2020";"15/11/2020";"M";"ES";"56057";"ALFREDO CHAVES";56057;"ALFREDO CHAVES";12;6;13;"Vereador";45123;"ORLY PEREIRA";4;1023;80000666648;"GINÁSIO DE ESPORTES DE ALFREDO CHAVES";"RUA NELSON JOSÉ DA COSTA MELO, S/N"
"16/09/2024";"17:49:23";2020;2;"Eleição Ordinária";1;426;"Eleições Municipais 2020";"15/11/2020";"M";"ES";"56057";"ALFREDO CHAVES";56057;"ALFREDO CHAVES";12;12;13;"Vereador";10123;"MARIA DE LURDES BENINCA MACHADO";2;1058;80000682927;"EEEF ENGANO";"R. PRINCIPAL, S/ Nº"
"16/09/2024";"17:49:23";2020;2;"Eleição Ordinária";1;426;"Eleições Municipais 2020";"15/11/2020";"M";"ES";"56057";"ALFREDO CHAVES";56057;"ALFREDO CHAVES";12;13;13;"Vereador";45123;"ORLY PEREIRA";1;1058;80000666648;"EEEF ENGANO";"R. PRINCIPAL, S/ Nº"
"16/09/2024";"17:49:23";2020;2;"Eleição Ordinária";1;426;"Eleições Municipais 2020";"15/11/2020";"M";"ES";"56057";"ALFREDO CHAVES";56057;"ALFREDO CHAVES";12;4;13;"Vereador";45123;"ORLY PEREIRA";6;1015;80000666648;"EMEF ANA ARAÚJO";"R. EXPEDICIONARIO OSVALDO SAUDINO"
"16/09/2024";"17:49:23";2020;2;"Eleição Ordinária";1;426;"Eleições Municipais 2020";"15/11/2020";"M";"ES";"56057";"ALFREDO CHAVES";56057;"ALFREDO CHAVES";12;35;13;"Vereador";10123;"MARIA DE LURDES BENINCA MACHADO";1;1171;80000682927;"EEEFM CAMILA MOTA";"R. NELSON DA COSTA MELLO, S/ N"
"16/09/2024";"17:49:23";2020;2;"Eleição Ordinária";1;426;"Eleições Municipais 2020";"15/11/2020";"M";"ES";"56057";"ALFREDO CHAVES";56057;"ALFREDO CHAVES";12;22;13;"Vereador";51000;"SILVANA RAMOS DA SILVA";2;1139;80000683713;"EMEF SAGRADA FAMÍLIA";"R. PRINCIPAL, S/ N"
"16/09/2024";"17:49:23";2020;2;"Eleição Ordinária";1;426;"Eleições Municipais 2020";"15/11/2020";"M";"ES";"56057";"ALFREDO CHAVES";56057;"ALFREDO CHAVES";12;41;13;"Vereador";14123;"HUGO LUIZ PICOLI MENEGHEL";11;1236;80000683174;"NACCA-ANTIGO PETI";"RUA THOMAZ COELHO, S/N AO LADO DA BIBLIOTECA MUNICIPAL"
"16/09/2024";"17:49:23";2020;2;"Eleição Ordinária";1;426;"Eleições Municipais 2020";"15/11/2020";"M";"ES";"56057";"ALFREDO CHAVES";56057;"ALFREDO CHAVES";12;31;13;"Vereador";45222;"OSNEIA JOSE ALVES CARDOSO";3;1171;80000666650;"EEEFM CAMILA MOTA";"R. NELSON DA COSTA MELLO, S/ N"
"16/09/2024";"17:49:23";2020;2;"Eleição Ordinária";1;426;"Eleições Municipais 2020";"15/11/2020";"M";"ES";"56057";"ALFREDO CHAVES";56057;"ALFREDO CHAVES";12;41;13;"Vereador";51000;"SILVANA RAMOS DA SILVA";3;1236;80000683713;"NACCA-ANTIGO PETI";"RUA THOMAZ COELHO, S/N AO LADO DA BIBLIOTECA MUNICIPAL"
"16/09/2024";"17:49:23";2020;2;"Eleição Ordinária";1;426;"Eleições Municipais 2020";"15/11/2020";"M";"ES";"56057";"ALFREDO CHAVES";56057;"ALFREDO CHAVES";12;31;13;"Vereador";45123;"ORLY PEREIRA";3;1171;80000666648;"EEEFM CAMILA MOTA";"R. NELSON DA COSTA MELLO, S/ N"
"16/09/2024";"17:49:23";2020;2;"Eleição Ordinária";1;426;"Eleições Municipais 2020";"15/11/2020";"M";"ES";"56057";"ALFREDO CHAVES";56057;"ALFREDO CHAVES";12;41;13;"Vereador";45123;"ORLY PEREIRA";1;1236;80000666648;"NACCA-ANTIGO PETI";"RUA THOMAZ COELHO, S/N AO LADO DA BIBLIOTECA MUNICIPAL"
"16/09/2024";"17:49:23";2020;2;"Eleição Ordinária";1;426;"Eleições Municipais 2020";"15/11/2020";"M";"ES";"56057";"ALFREDO CHAVES";56057;"ALFREDO CHAVES";12;17;13;"Vereador";45123;"ORLY PEREIRA";3;1090;80000666648;"EMEF FELIPE MODOLO";"R. PRINCIPAL, S/ N"
"16/09/2024";"17:49:23";2020;2;"Eleição Ordinária";1;426;"Eleições Municipais 2020";"15/11/2020";"M";"ES";"56057";"ALFREDO CHAVES";56057;"ALFREDO CHAVES";12;20;13;"Vereador";10555;"OTTAVIO EVANGELISTA GOMES";3;1112;80000682929;"SALÃO DA IGREJA CATÓLICA DE CACHOEIRA ALTA";"R. PRINCIPAL, S/ N"
"16/09/2024";"17:49:23";2020;2;"Eleição Ordinária";1;426;"Eleições Municipais 2020";"15/11/2020";"M";"ES";"56057";"ALFREDO CHAVES";56057;"ALFREDO CHAVES";12;14;13;"Vereador";14999;"HELENA MARIA FIORIN FAVERO";1;1066;80000683171;"SALÃO DA IGREJA CATÓLICA DE SÃO BENTO DE BATATAL";"RUA PRINCIPAL, S/ N"
"16/09/2024";"17:49:23";2020;2;"Eleição Ordinária";1;426;"Eleições Municipais 2020";"15/11/2020";"M";"ES";"56057";"ALFREDO CHAVES";56057;"ALFREDO CHAVES";12;20;13;"Vereador";40400;"MARCELO CRISTIANO CARDOSO FARIA";10;1112;80000666563;"SALÃO DA IGREJA CATÓLICA DE CACHOEIRA ALTA";"R. PRINCIPAL, S/ N"
"16/09/2024";"17:49:23";2020;2;"Eleição Ordinária";1;426;"Eleições Municipais 2020";"15/11/2020";"M";"ES";"56057";"ALFREDO CHAVES";56057;"ALFREDO CHAVES";12;29;13;"Vereador";10190;"ROMILDO DOMINGOS BORTOLUZZI";1;1147;80000682930;"EMEF SÃO BENTO DE URÂNIA";"R. PRINCIPAL, S/ Nº"
"16/09/2024";"17:49:23";2020;2;"Eleição Ordinária";1;426;"Eleições Municipais 2020";"15/11/2020";"M";"ES";"56057";"ALFREDO CHAVES";56057;"ALFREDO CHAVES";12;22;13;"Vereador";14123;"HUGO LUIZ PICOLI MENEGHEL";5;1139;80000683174;"EMEF SAGRADA FAMÍLIA";"R. PRINCIPAL, S/ N"
"16/09/2024";"17:49:23";2020;2;"Eleição Ordinária";1;426;"Eleições Municipais 2020";"15/11/2020";"M";"ES";"56057";"ALFREDO CHAVES";56057;"ALFREDO CHAVES";12;35;13;"Vereador";45222;"OSNEIA JOSE ALVES CARDOSO";7;1171;80000666650;"EEEFM CAMILA MOTA";"R. NELSON DA COSTA MELLO, S/ N"
"16/09/2024";"17:49:23";2020;2;"Eleição Ordinária";1;426;"Eleições Municipais 2020";"15/11/2020";"M";"ES";"56057";"ALFREDO CHAVES";56057;"ALFREDO CHAVES";12;30;13;"Vereador";45222;"OSNEIA JOSE ALVES CARDOSO";2;1171;80000666650;"EEEFM CAMILA MOTA";"R. NELSON DA COSTA MELLO, S/ N"
"16/09/2024";"17:49:23";2020;2;"Eleição Ordinária";1;426;"Eleições Municipais 2020";"15/11/2020";"M";"ES";"56057";"ALFREDO CHAVES";56057;"ALFREDO CHAVES";12;34;13;"Vereador";45222;"OSNEIA JOSE ALVES CARDOSO";2;1171;80000666650;"EEEFM CAMILA MOTA";"R. NELSON DA COSTA MELLO, S/ N"
"16/09/2024";"17:49:23";2020;2;"Eleição Ordinária";1;426;"Eleições Municipais 2020";"15/11/2020";"M";"ES";"56057";"ALFREDO CHAVES";56057;"ALFREDO CHAVES";12;4;13;"Vereador";45222;"OSNEIA JOSE ALVES CARDOSO";4;1015;80000666650;"EMEF ANA ARAÚJO";"R. EXPEDICIONARIO OSVALDO SAUDINO"
"16/09/2024";"17:49:23";2020;2;"Eleição Ordinária";1;426;"Eleições Municipais 2020";"15/11/2020";"M";"ES";"56057";"ALFREDO CHAVES";56057;"ALFREDO CHAVES";12;30;13;"Vereador";14555;"LUIZ GONZAGA CIBIN";1;1171;80000683169;"EEEFM CAMILA MOTA";"R. NELSON DA COSTA MELLO, S/ N"
"16/09/2024";"17:49:23";2020;2;"Eleição Ordinária";1;426;"Eleições Municipais 2020";"15/11/2020";"M";"ES";"56057";"ALFREDO CHAVES";56057;"ALFREDO CHAVES";12;14;13;"Vereador";40999;"EMILIA DAS GRAÇAS ALVES PADILHA DOMINGUES";3;1066;80000666562;"SALÃO DA IGREJA CATÓLICA DE SÃO BENTO DE BATATAL";"RUA PRINCIPAL, S/ N"
"16/09/2024";"17:49:23";2020;2;"Eleição Ordinária";1;426;"Eleições Municipais 2020";"15/11/2020";"M";"ES";"56057";"ALFREDO CHAVES";56057;"ALFREDO CHAVES";12;20;13;"Vereador";40222;"ROSANA MARIA CARDOSO TAVARES";6;1112;80000666566;"SALÃO DA IGREJA CATÓLICA DE CACHOEIRA ALTA";"R. PRINCIPAL, S/ N"
"16/09/2024";"17:49:23";2020;2;"Eleição Ordinária";1;426;"Eleições Municipais 2020";"15/11/2020";"M";"ES";"56057";"ALFREDO CHAVES";56057;"ALFREDO CHAVES";12;14;13;"Vereador";10555;"OTTAVIO EVANGELISTA GOMES";1;1066;80000682929;"SALÃO DA IGREJA CATÓLICA DE SÃO BENTO DE BATATAL";"RUA PRINCIPAL, S/ N"
"16/09/2024";"17:49:23";2020;2;"Eleição Ordinária";1;426;"Eleições Municipais 2020";"15/11/2020";"M";"ES";"56057";"ALFREDO CHAVES";56057;"ALFREDO CHAVES";12;14;13;"Vereador";40400;"MARCELO CRISTIANO CARDOSO FARIA";5;1066;80000666563;"SALÃO DA IGREJA CATÓLICA DE SÃO BENTO DE BATATAL";"RUA PRINCIPAL, S/ N"
"16/09/2024";"17:49:23";2020;2;"Eleição Ordinária";1;426;"Eleições Municipais 2020";"15/11/2020";"M";"ES";"56057";"ALFREDO CHAVES";56057;"ALFREDO CHAVES";12;17;13;"Vereador";14555;"LUIZ GONZAGA CIBIN";1;1090;80000683169;"EMEF FELIPE MODOLO";"R. PRINCIPAL, S/ N"
"16/09/2024";"17:49:23";2020;2;"Eleição Ordinária";1;426;"Eleições Municipais 2020";"15/11/2020";"M";"ES";"56057";"ALFREDO CHAVES";56057;"ALFREDO CHAVES";12;37;13;"Vereador";10111;"RENATO VETTORACI";3;1228;80000682934;"CRECHE COMECINHO DE GENTE";"AV. DARCY DE PAULA GAIGHER, S/N"
"16/09/2024";"17:49:23";2020;2;"Eleição Ordinária";1;426;"Eleições Municipais 2020";"15/11/2020";"M";"ES";"56057";"ALFREDO CHAVES";56057;"ALFREDO CHAVES";12;20;13;"Vereador";95;"VOTO BRANCO";5;1112;-1;"SALÃO DA IGREJA CATÓLICA DE CACHOEIRA ALTA";"R. PRINCIPAL, S/ N"
"16/09/2024";"17:49:23";2020;2;"Eleição Ordinária";1;426;"Eleições Municipais 2020";"15/11/2020";"M";"ES";"56057";"ALFREDO CHAVES";56057;"ALFREDO CHAVES";12;1;13;"Vereador";10000;"CAMILA CETTO GIORI";3;1015;80000682935;"EMEF ANA ARAÚJO";"R. EXPEDICIONARIO OSVALDO SAUDINO"
"16/09/2024";"17:49:23";2020;2;"Eleição Ordinária";1;426;"Eleições Municipais 2020";"15/11/2020";"M";"ES";"56057";"ALFREDO CHAVES";56057;"ALFREDO CHAVES";12;11;13;"Vereador";10000;"CAMILA CETTO GIORI";2;1040;80000682935;"EEEF DE CRUBIXÁ";"R. PRINCIPAL, S/ Nº"
"16/09/2024";"17:49:23";2020;2;"Eleição Ordinária";1;426;"Eleições Municipais 2020";"15/11/2020";"M";"ES";"56057";"ALFREDO CHAVES";56057;"ALFREDO CHAVES";12;8;13;"Vereador";40111;"CHARLES GAIGHER";17;1023;80000666561;"GINÁSIO DE ESPORTES DE ALFREDO CHAVES";"RUA NELSON JOSÉ DA COSTA MELO, S/N"
"16/09/2024";"17:49:23";2020;2;"Eleição Ordinária";1;426;"Eleições Municipais 2020";"15/11/2020";"M";"ES";"56057";"ALFREDO CHAVES";56057;"ALFREDO CHAVES";12;7;13;"Vereador";10000;"CAMILA CETTO GIORI";4;1171;80000682935;"EEEFM CAMILA MOTA";"R. NELSON DA COSTA MELLO, S/ N"
"16/09/2024";"17:49:23";2020;2;"Eleição Ordinária";1;426;"Eleições Municipais 2020";"15/11/2020";"M";"ES";"56057";"ALFREDO CHAVES";56057;"ALFREDO CHAVES";12;18;13;"Vereador";40111;"CHARLES GAIGHER";5;1090;80000666561;"EMEF FELIPE MODOLO";"R. PRINCIPAL, S/ N"
"16/09/2024";"17:49:23";2020;2;"Eleição Ordinária";1;426;"Eleições Municipais 2020";"15/11/2020";"M";"ES";"56057";"ALFREDO CHAVES";56057;"ALFREDO CHAVES";12;8;13;"Vereador";51311;"NARCISO DE ABREU GRASSI";13;1023;80000683714;"GINÁSIO DE ESPORTES DE ALFREDO CHAVES";"RUA NELSON JOSÉ DA COSTA MELO, S/N"
"16/09/2024";"17:49:23";2020;2;"Eleição Ordinária";1;426;"Eleições Municipais 2020";"15/11/2020";"M";"ES";"56057";"ALFREDO CHAVES";56057;"ALFREDO CHAVES";12;8;13;"Vereador";14444;"ZALUAR IGREJA ROSA DA SILVA";1;1023;80000683177;"GINÁSIO DE ESPORTES DE ALFREDO CHAVES";"RUA NELSON JOSÉ DA COSTA MELO, S/N"
"16/09/2024";"17:49:23";2020;2;"Eleição Ordinária";1;426;"Eleições Municipais 2020";"15/11/2020";"M";"ES";"56057";"ALFREDO CHAVES";56057;"ALFREDO CHAVES";12;18;13;"Vereador";51311;"NARCISO DE ABREU GRASSI";13;1090;80000683714;"EMEF FELIPE MODOLO";"R. PRINCIPAL, S/ N"
"16/09/2024";"17:49:23";2020;2;"Eleição Ordinária";1;426;"Eleições Municipais 2020";"15/11/2020";"M";"ES";"56057";"ALFREDO CHAVES";56057;"ALFREDO CHAVES";12;3;13;"Vereador";51311;"NARCISO DE ABREU GRASSI";25;1015;80000683714;"EMEF ANA ARAÚJO";"R. EXPEDICIONARIO OSVALDO SAUDINO"
"16/09/2024";"17:49:23";2020;2;"Eleição Ordinária";1;426;"Eleições Municipais 2020";"15/11/2020";"M";"ES";"56057";"ALFREDO CHAVES";56057;"ALFREDO CHAVES";12;3;13;"Vereador";14444;"ZALUAR IGREJA ROSA DA SILVA";4;1015;80000683177;"EMEF ANA ARAÚJO";"R. EXPEDICIONARIO OSVALDO SAUDINO"
"16/09/2024";"17:49:23";2020;2;"Eleição Ordinária";1;426;"Eleições Municipais 2020";"15/11/2020";"M";"ES";"56057";"ALFREDO CHAVES";56057;"ALFREDO CHAVES";12;20;13;"Vereador";45666;"PETRONIO LOUSADA";5;1112;80000666643;"SALÃO DA IGREJA CATÓLICA DE CACHOEIRA ALTA";"R. PRINCIPAL, S/ N"
"16/09/2024";"17:49:23";2020;2;"Eleição Ordinária";1;426;"Eleições Municipais 2020";"15/11/2020";"M";"ES";"56057";"ALFREDO CHAVES";56057;"ALFREDO CHAVES";12;3;13;"Vereador";14455;"MIGUEL ANTONIO MARTINS CLEN";2;1015;80000683176;"EMEF ANA ARAÚJO";"R. EXPEDICIONARIO OSVALDO SAUDINO"
"16/09/2024";"17:49:23";2020;2;"Eleição Ordinária";1;426;"Eleições Municipais 2020";"15/11/2020";"M";"ES";"56057";"ALFREDO CHAVES";56057;"ALFREDO CHAVES";12;24;13;"Vereador";45255;"RAYANE TOMAZINI BRESSANELLI";1;1147;80000666644;"EMEF SÃO BENTO DE URÂNIA";"R. PRINCIPAL, S/ Nº"
"16/09/2024";"17:49:23";2020;2;"Eleição Ordinária";1;426;"Eleições Municipais 2020";"15/11/2020";"M";"ES";"56057";"ALFREDO CHAVES";56057;"ALFREDO CHAVES";12;8;13;"Vereador";14455;"MIGUEL ANTONIO MARTINS CLEN";2;1023;80000683176;"GINÁSIO DE ESPORTES DE ALFREDO CHAVES";"RUA NELSON JOSÉ DA COSTA MELO, S/N"
"16/09/2024";"17:49:23";2020;2;"Eleição Ordinária";1;426;"Eleições Municipais 2020";"15/11/2020";"M";"ES";"56057";"ALFREDO CHAVES";56057;"ALFREDO CHAVES";12;3;13;"Vereador";40111;"CHARLES GAIGHER";10;1015;80000666561;"EMEF ANA ARAÚJO";"R. EXPEDICIONARIO OSVALDO SAUDINO"
"16/09/2024";"17:49:23";2020;2;"Eleição Ordinária";1;426;"Eleições Municipais 2020";"15/11/2020";"M";"ES";"56057";"ALFREDO CHAVES";56057;"ALFREDO CHAVES";12;27;13;"Vereador";14455;"MIGUEL ANTONIO MARTINS CLEN";5;1171;80000683176;"EEEFM CAMILA MOTA";"R. NELSON DA COSTA MELLO, S/ N"
"16/09/2024";"17:49:23";2020;2;"Eleição Ordinária";1;426;"Eleições Municipais 2020";"15/11/2020";"M";"ES";"56057";"ALFREDO CHAVES";56057;"ALFREDO CHAVES";12;1;13;"Vereador";45255;"RAYANE TOMAZINI BRESSANELLI";2;1015;80000666644;"EMEF ANA ARAÚJO";"R. EXPEDICIONARIO OSVALDO SAUDINO"
"16/09/2024";"17:49:23";2020;2;"Eleição Ordinária";1;426;"Eleições Municipais 2020";"15/11/2020";"M";"ES";"56057";"ALFREDO CHAVES";56057;"ALFREDO CHAVES";12;11;13;"Vereador";45255;"RAYANE TOMAZINI BRESSANELLI";1;1040;80000666644;"EEEF DE CRUBIXÁ";"R. PRINCIPAL, S/ Nº"
"16/09/2024";"17:49:23";2020;2;"Eleição Ordinária";1;426;"Eleições Municipais 2020";"15/11/2020";"M";"ES";"56057";"ALFREDO CHAVES";56057;"ALFREDO CHAVES";12;37;13;"Vereador";11123;"CRISTIANO GRILLO";1;1228;80000848889;"CRECHE COMECINHO DE GENTE";"AV. DARCY DE PAULA GAIGHER, S/N"
"16/09/2024";"17:49:23";2020;2;"Eleição Ordinária";1;426;"Eleições Municipais 2020";"15/11/2020";"M";"ES";"56057";"ALFREDO CHAVES";56057;"ALFREDO CHAVES";12;35;13;"Vereador";10100;"MATHIAS FERREIRA JUNIOR";2;1171;80000682928;"EEEFM CAMILA MOTA";"R. NELSON DA COSTA MELLO, S/ N"
"16/09/2024";"17:49:23";2020;2;"Eleição Ordinária";1;426;"Eleições Municipais 2020";"15/11/2020";"M";"ES";"56057";"ALFREDO CHAVES";56057;"ALFREDO CHAVES";12;30;13;"Vereador";10100;"MATHIAS FERREIRA JUNIOR";1;1171;80000682928;"EEEFM CAMILA MOTA";"R. NELSON DA COSTA MELLO, S/ N"
"16/09/2024";"17:49:23";2020;2;"Eleição Ordinária";1;426;"Eleições Municipais 2020";"15/11/2020";"M";"ES";"56057";"ALFREDO CHAVES";56057;"ALFREDO CHAVES";12;4;13;"Vereador";10100;"MATHIAS FERREIRA JUNIOR";2;1015;80000682928;"EMEF ANA ARAÚJO";"R. EXPEDICIONARIO OSVALDO SAUDINO"
"16/09/2024";"17:49:23";2020;2;"Eleição Ordinária";1;426;"Eleições Municipais 2020";"15/11/2020";"M";"ES";"56057";"ALFREDO CHAVES";56057;"ALFREDO CHAVES";12;27;13;"Vereador";45100;"SERGIO BIANCHI";11;1171;80000666641;"EEEFM CAMILA MOTA";"R. NELSON DA COSTA MELLO, S/ N"
"16/09/2024";"17:49:23";2020;2;"Eleição Ordinária";1;426;"Eleições Municipais 2020";"15/11/2020";"M";"ES";"56057";"ALFREDO CHAVES";56057;"ALFREDO CHAVES";12;37;13;"Vereador";40456;"SERAFINO ANTONIO SIMONI";9;1228;80000666564;"CRECHE COMECINHO DE GENTE";"AV. DARCY DE PAULA GAIGHER, S/N"
"16/09/2024";"17:49:23";2020;2;"Eleição Ordinária";1;426;"Eleições Municipais 2020";"15/11/2020";"M";"ES";"56057";"ALFREDO CHAVES";56057;"ALFREDO CHAVES";12;10;13;"Vereador";45100;"SERGIO BIANCHI";13;1040;80000666641;"EEEF DE CRUBIXÁ";"R. PRINCIPAL, S/ Nº"
"16/09/2024";"17:49:23";2020;2;"Eleição Ordinária";1;426;"Eleições Municipais 2020";"15/11/2020";"M";"ES";"56057";"ALFREDO CHAVES";56057;"ALFREDO CHAVES";12;8;13;"Vereador";14000;"VALENTIM CARDOSO";11;1023;80000683180;"GINÁSIO DE ESPORTES DE ALFREDO CHAVES";"RUA NELSON JOSÉ DA COSTA MELO, S/N"
"16/09/2024";"17:49:23";2020;2;"Eleição Ordinária";1;426;"Eleições Municipais 2020";"15/11/2020";"M";"ES";"56057";"ALFREDO CHAVES";56057;"ALFREDO CHAVES";12;18;13;"Vereador";14000;"VALENTIM CARDOSO";1;1090;80000683180;"EMEF FELIPE MODOLO";"R. PRINCIPAL, S/ N"
"16/09/2024";"17:49:23";2020;2;"Eleição Ordinária";1;426;"Eleições Municipais 2020";"15/11/2020";"M";"ES";"56057";"ALFREDO CHAVES";56057;"ALFREDO CHAVES";12;3;13;"Vereador";14000;"VALENTIM CARDOSO";7;1015;80000683180;"EMEF ANA ARAÚJO";"R. EXPEDICIONARIO OSVALDO SAUDINO"
"16/09/2024";"17:49:23";2020;2;"Eleição Ordinária";1;426;"Eleições Municipais 2020";"15/11/2020";"M";"ES";"56057";"ALFREDO CHAVES";56057;"ALFREDO CHAVES";12;7;13;"Vereador";45255;"RAYANE TOMAZINI BRESSANELLI";6;1171;80000666644;"EEEFM CAMILA MOTA";"R. NELSON DA COSTA MELLO, S/ N"
"16/09/2024";"17:49:23";2020;2;"Eleição Ordinária";1;426;"Eleições Municipais 2020";"15/11/2020";"M";"ES";"56057";"ALFREDO CHAVES";56057;"ALFREDO CHAVES";12;25;13;"Vereador";45255;"RAYANE TOMAZINI BRESSANELLI";1;1155;80000666644;"EEUEF CAROLINA";"R. PRINCIPAL, S/ Nº"
"16/09/2024";"17:49:23";2020;2;"Eleição Ordinária";1;426;"Eleições Municipais 2020";"15/11/2020";"M";"ES";"56057";"ALFREDO CHAVES";56057;"ALFREDO CHAVES";12;14;13;"Vereador";95;"VOTO BRANCO";3;1066;-1;"SALÃO DA IGREJA CATÓLICA DE SÃO BENTO DE BATATAL";"RUA PRINCIPAL, S/ N"
"16/09/2024";"17:49:23";2020;2;"Eleição Ordinária";1;426;"Eleições Municipais 2020";"15/11/2020";"M";"ES";"56057";"ALFREDO CHAVES";56057;"ALFREDO CHAVES";12;2;13;"Vereador";45255;"RAYANE TOMAZINI BRESSANELLI";4;1015;80000666644;"EMEF ANA ARAÚJO";"R. EXPEDICIONARIO OSVALDO SAUDINO"
"16/09/2024";"17:49:23";2020;2;"Eleição Ordinária";1;426;"Eleições Municipais 2020";"15/11/2020";"M";"ES";"56057";"ALFREDO CHAVES";56057;"ALFREDO CHAVES";12;40;13;"Vereador";45255;"RAYANE TOMAZINI BRESSANELLI";8;1236;80000666644;"NACCA-ANTIGO PETI";"RUA THOMAZ COELHO, S/N AO LADO DA BIBLIOTECA MUNICIPAL"
"16/09/2024";"17:49:23";2020;2;"Eleição Ordinária";1;426;"Eleições Municipais 2020";"15/11/2020";"M";"ES";"56057";"ALFREDO CHAVES";56057;"ALFREDO CHAVES";12;20;13;"Vereador";10333;"CLOVIS D ALMEIDA FILHO";2;1112;80000682924;"SALÃO DA IGREJA CATÓLICA DE CACHOEIRA ALTA";"R. PRINCIPAL, S/ N"
"16/09/2024";"17:49:23";2020;2;"Eleição Ordinária";1;426;"Eleições Municipais 2020";"15/11/2020";"M";"ES";"56057";"ALFREDO CHAVES";56057;"ALFREDO CHAVES";12;10;13;"Vereador";40111;"CHARLES GAIGHER";13;1040;80000666561;"EEEF DE CRUBIXÁ";"R. PRINCIPAL, S/ Nº"
"16/09/2024";"17:49:23";2020;2;"Eleição Ordinária";1;426;"Eleições Municipais 2020";"15/11/2020";"M";"ES";"56057";"ALFREDO CHAVES";56057;"ALFREDO CHAVES";12;41;13;"Vereador";40000;"NILTON CESAR BELMOK";14;1236;80000666560;"NACCA-ANTIGO PETI";"RUA THOMAZ COELHO, S/N AO LADO DA BIBLIOTECA MUNICIPAL"
"16/09/2024";"17:49:23";2020;2;"Eleição Ordinária";1;426;"Eleições Municipais 2020";"15/11/2020";"M";"ES";"56057";"ALFREDO CHAVES";56057;"ALFREDO CHAVES";12;40;13;"Vereador";10000;"CAMILA CETTO GIORI";1;1236;80000682935;"NACCA-ANTIGO PETI";"RUA THOMAZ COELHO, S/N AO LADO DA BIBLIOTECA MUNICIPAL"
"16/09/2024";"17:49:23";2020;2;"Eleição Ordinária";1;426;"Eleições Municipais 2020";"15/11/2020";"M";"ES";"56057";"ALFREDO CHAVES";56057;"ALFREDO CHAVES";12;2;13;"Vereador";10000;"CAMILA CETTO GIORI";2;1015;80000682935;"EMEF ANA ARAÚJO";"R. EXPEDICIONARIO OSVALDO SAUDINO"
"16/09/2024";"17:49:23";2020;2;"Eleição Ordinária";1;426;"Eleições Municipais 2020";"15/11/2020";"M";"ES";"56057";"ALFREDO CHAVES";56057;"ALFREDO CHAVES";12;31;11;"Prefeito";10;"RONALDO BIANCHI";120;1171;80000682642;"EEEFM CAMILA MOTA";"R. NELSON DA COSTA MELLO, S/ N"
"16/09/2024";"17:49:23";2020;2;"Eleição Ordinária";1;426;"Eleições Municipais 2020";"15/11/2020";"M";"ES";"56057";"ALFREDO CHAVES";56057;"ALFREDO CHAVES";12;12;11;"Prefeito";10;"RONALDO BIANCHI";124;1058;80000682642;"EEEF ENGANO";"R. PRINCIPAL, S/ Nº"
"16/09/2024";"17:49:23";2020;2;"Eleição Ordinária";1;426;"Eleições Municipais 2020";"15/11/2020";"M";"ES";"56057";"ALFREDO CHAVES";56057;"ALFREDO CHAVES";12;6;11;"Prefeito";10;"RONALDO BIANCHI";86;1023;80000682642;"GINÁSIO DE ESPORTES DE ALFREDO CHAVES";"RUA NELSON JOSÉ DA COSTA MELO, S/N"
"16/09/2024";"17:49:23";2020;2;"Eleição Ordinária";1;426;"Eleições Municipais 2020";"15/11/2020";"M";"ES";"56057";"ALFREDO CHAVES";56057;"ALFREDO CHAVES";12;34;11;"Prefeito";10;"RONALDO BIANCHI";132;1171;80000682642;"EEEFM CAMILA MOTA";"R. NELSON DA COSTA MELLO, S/ N"
"16/09/2024";"17:49:23";2020;2;"Eleição Ordinária";1;426;"Eleições Municipais 2020";"15/11/2020";"M";"ES";"56057";"ALFREDO CHAVES";56057;"ALFREDO CHAVES";12;35;11;"Prefeito";10;"RONALDO BIANCHI";141;1171;80000682642;"EEEFM CAMILA MOTA";"R. NELSON DA COSTA MELLO, S/ N"
"16/09/2024";"17:49:23";2020;2;"Eleição Ordinária";1;426;"Eleições Municipais 2020";"15/11/2020";"M";"ES";"56057";"ALFREDO CHAVES";56057;"ALFREDO CHAVES";12;30;11;"Prefeito";10;"RONALDO BIANCHI";115;1171;80000682642;"EEEFM CAMILA MOTA";"R. NELSON DA COSTA MELLO, S/ N"
"16/09/2024";"17:49:23";2020;2;"Eleição Ordinária";1;426;"Eleições Municipais 2020";"15/11/2020";"M";"ES";"56057";"ALFREDO CHAVES";56057;"ALFREDO CHAVES";12;13;11;"Prefeito";10;"RONALDO BIANCHI";110;1058;80000682642;"EEEF ENGANO";"R. PRINCIPAL, S/ Nº"
"16/09/2024";"17:49:23";2020;2;"Eleição Ordinária";1;426;"Eleições Municipais 2020";"15/11/2020";"M";"ES";"56057";"ALFREDO CHAVES";56057;"ALFREDO CHAVES";12;13;13;"Vereador";14000;"VALENTIM CARDOSO";2;1058;80000683180;"EEEF ENGANO";"R. PRINCIPAL, S/ Nº"
"16/09/2024";"17:49:23";2020;2;"Eleição Ordinária";1;426;"Eleições Municipais 2020";"15/11/2020";"M";"ES";"56057";"ALFREDO CHAVES";56057;"ALFREDO CHAVES";12;4;11;"Prefeito";10;"RONALDO BIANCHI";123;1015;80000682642;"EMEF ANA ARAÚJO";"R. EXPEDICIONARIO OSVALDO SAUDINO"
"16/09/2024";"17:49:23";2020;2;"Eleição Ordinária";1;426;"Eleições Municipais 2020";"15/11/2020";"M";"ES";"56057";"ALFREDO CHAVES";56057;"ALFREDO CHAVES";12;4;13;"Vereador";14000;"VALENTIM CARDOSO";9;1015;80000683180;"EMEF ANA ARAÚJO";"R. EXPEDICIONARIO OSVALDO SAUDINO"
"16/09/2024";"17:49:23";2020;2;"Eleição Ordinária";1;426;"Eleições Municipais 2020";"15/11/2020";"M";"ES";"56057";"ALFREDO CHAVES";56057;"ALFREDO CHAVES";12;37;13;"Vereador";40777;"SERGIO DA SILVA BARROS";7;1228;80000666565;"CRECHE COMECINHO DE GENTE";"AV. DARCY DE PAULA GAIGHER, S/N"
"16/09/2024";"17:49:23";2020;2;"Eleição Ordinária";1;426;"Eleições Municipais 2020";"15/11/2020";"M";"ES";"56057";"ALFREDO CHAVES";56057;"ALFREDO CHAVES";12;24;13;"Vereador";45000;"JONAS NUNES SIMÕES";4;1147;80000666645;"EMEF SÃO BENTO DE URÂNIA";"R. PRINCIPAL, S/ Nº"
"16/09/2024";"17:49:23";2020;2;"Eleição Ordinária";1;426;"Eleições Municipais 2020";"15/11/2020";"M";"ES";"56057";"ALFREDO CHAVES";56057;"ALFREDO CHAVES";12;35;13;"Vereador";14000;"VALENTIM CARDOSO";7;1171;80000683180;"EEEFM CAMILA MOTA";"R. NELSON DA COSTA MELLO, S/ N"
"16/09/2024";"17:49:23";2020;2;"Eleição Ordinária";1;426;"Eleições Municipais 2020";"15/11/2020";"M";"ES";"56057";"ALFREDO CHAVES";56057;"ALFREDO CHAVES";12;37;13;"Vereador";40123;"CLEOMIR GOBBI BUBACK";1;1228;80000666568;"CRECHE COMECINHO DE GENTE";"AV. DARCY DE PAULA GAIGHER, S/N"
"16/09/2024";"17:49:23";2020;2;"Eleição Ordinária";1;426;"Eleições Municipais 2020";"15/11/2020";"M";"ES";"56057";"ALFREDO CHAVES";56057;"ALFREDO CHAVES";12;1;13;"Vereador";45000;"JONAS NUNES SIMÕES";15;1015;80000666645;"EMEF ANA ARAÚJO";"R. EXPEDICIONARIO OSVALDO SAUDINO"
"16/09/2024";"17:49:23";2020;2;"Eleição Ordinária";1;426;"Eleições Municipais 2020";"15/11/2020";"M";"ES";"56057";"ALFREDO CHAVES";56057;"ALFREDO CHAVES";12;11;13;"Vereador";45000;"JONAS NUNES SIMÕES";3;1040;80000666645;"EEEF DE CRUBIXÁ";"R. PRINCIPAL, S/ Nº"
"16/09/2024";"17:49:23";2020;2;"Eleição Ordinária";1;426;"Eleições Municipais 2020";"15/11/2020";"M";"ES";"56057";"ALFREDO CHAVES";56057;"ALFREDO CHAVES";12;30;13;"Vereador";14000;"VALENTIM CARDOSO";3;1171;80000683180;"EEEFM CAMILA MOTA";"R. NELSON DA COSTA MELLO, S/ N"
"16/09/2024";"17:49:23";2020;2;"Eleição Ordinária";1;426;"Eleições Municipais 2020";"15/11/2020";"M";"ES";"56057";"ALFREDO CHAVES";56057;"ALFREDO CHAVES";12;34;13;"Vereador";14000;"VALENTIM CARDOSO";8;1171;80000683180;"EEEFM CAMILA MOTA";"R. NELSON DA COSTA MELLO, S/ N"
"16/09/2024";"17:49:23";2020;2;"Eleição Ordinária";1;426;"Eleições Municipais 2020";"15/11/2020";"M";"ES";"56057";"ALFREDO CHAVES";56057;"ALFREDO CHAVES";12;6;13;"Vereador";14000;"VALENTIM CARDOSO";7;1023;80000683180;"GINÁSIO DE ESPORTES DE ALFREDO CHAVES";"RUA NELSON JOSÉ DA COSTA MELO, S/N"
"16/09/2024";"17:49:23";2020;2;"Eleição Ordinária";1;426;"Eleições Municipais 2020";"15/11/2020";"M";"ES";"56057";"ALFREDO CHAVES";56057;"ALFREDO CHAVES";12;7;13;"Vereador";45000;"JONAS NUNES SIMÕES";12;1171;80000666645;"EEEFM CAMILA MOTA";"R. NELSON DA COSTA MELLO, S/ N"
"16/09/2024";"17:49:23";2020;2;"Eleição Ordinária";1;426;"Eleições Municipais 2020";"15/11/2020";"M";"ES";"56057";"ALFREDO CHAVES";56057;"ALFREDO CHAVES";12;25;13;"Vereador";45000;"JONAS NUNES SIMÕES";11;1155;80000666645;"EEUEF CAROLINA";"R. PRINCIPAL, S/ Nº"
"16/09/2024";"17:49:23";2020;2;"Eleição Ordinária";1;426;"Eleições Municipais 2020";"15/11/2020";"M";"ES";"56057";"ALFREDO CHAVES";56057;"ALFREDO CHAVES";12;2;13;"Vereador";45000;"JONAS NUNES SIMÕES";13;1015;80000666645;"EMEF ANA ARAÚJO";"R. EXPEDICIONARIO OSVALDO SAUDINO"
"16/09/2024";"17:49:23";2020;2;"Eleição Ordinária";1;426;"Eleições Municipais 2020";"15/11/2020";"M";"ES";"56057";"ALFREDO CHAVES";56057;"ALFREDO CHAVES";12;16;13;"Vereador";45000;"JONAS NUNES SIMÕES";2;1082;80000666645;"EMUEF ALMERINDA BRUNORO";"R. PRINCIPAL, S/ N"
"16/09/2024";"17:49:23";2020;2;"Eleição Ordinária";1;426;"Eleições Municipais 2020";"15/11/2020";"M";"ES";"56057";"ALFREDO CHAVES";56057;"ALFREDO CHAVES";12;40;13;"Vereador";45000;"JONAS NUNES SIMÕES";5;1236;80000666645;"NACCA-ANTIGO PETI";"RUA THOMAZ COELHO, S/N AO LADO DA BIBLIOTECA MUNICIPAL"
"16/09/2024";"17:49:23";2020;2;"Eleição Ordinária";1;426;"Eleições Municipais 2020";"15/11/2020";"M";"ES";"56057";"ALFREDO CHAVES";56057;"ALFREDO CHAVES";12;27;13;"Vereador";51311;"NARCISO DE ABREU GRASSI";22;1171;80000683714;"EEEFM CAMILA MOTA";"R. NELSON DA COSTA MELLO, S/ N"
"16/09/2024";"17:49:23";2020;2;"Eleição Ordinária";1;426;"Eleições Municipais 2020";"15/11/2020";"M";"ES";"56057";"ALFREDO CHAVES";56057;"ALFREDO CHAVES";12;27;13;"Vereador";14444;"ZALUAR IGREJA ROSA DA SILVA";7;1171;80000683177;"EEEFM CAMILA MOTA";"R. NELSON DA COSTA MELLO, S/ N"
"16/09/2024";"17:49:23";2020;2;"Eleição Ordinária";1;426;"Eleições Municipais 2020";"15/11/2020";"M";"ES";"56057";"ALFREDO CHAVES";56057;"ALFREDO CHAVES";12;7;13;"Vereador";51789;"ANTÔNIO VALDIR GOBBI BUBACK";1;1171;80000683712;"EEEFM CAMILA MOTA";"R. NELSON DA COSTA MELLO, S/ N"
"16/09/2024";"17:49:23";2020;2;"Eleição Ordinária";1;426;"Eleições Municipais 2020";"15/11/2020";"M";"ES";"56057";"ALFREDO CHAVES";56057;"ALFREDO CHAVES";12;25;13;"Vereador";51789;"ANTÔNIO VALDIR GOBBI BUBACK";2;1155;80000683712;"EEUEF CAROLINA";"R. PRINCIPAL, S/ Nº"
"16/09/2024";"17:49:23";2020;2;"Eleição Ordinária";1;426;"Eleições Municipais 2020";"15/11/2020";"M";"ES";"56057";"ALFREDO CHAVES";56057;"ALFREDO CHAVES";12;37;13;"Vereador";40000;"NILTON CESAR BELMOK";5;1228;80000666560;"CRECHE COMECINHO DE GENTE";"AV. DARCY DE PAULA GAIGHER, S/N"
"16/09/2024";"17:49:23";2020;2;"Eleição Ordinária";1;426;"Eleições Municipais 2020";"15/11/2020";"M";"ES";"56057";"ALFREDO CHAVES";56057;"ALFREDO CHAVES";12;21;11;"Prefeito";10;"RONALDO BIANCHI";93;1120;80000682642;"EMUEF QUARTO TERRITÓRIO";"R. PRINCIPAL , S/ N"
"16/09/2024";"17:49:23";2020;2;"Eleição Ordinária";1;426;"Eleições Municipais 2020";"15/11/2020";"M";"ES";"56057";"ALFREDO CHAVES";56057;"ALFREDO CHAVES";12;10;13;"Vereador";51311;"NARCISO DE ABREU GRASSI";19;1040;80000683714;"EEEF DE CRUBIXÁ";"R. PRINCIPAL, S/ Nº"
"16/09/2024";"17:49:23";2020;2;"Eleição Ordinária";1;426;"Eleições Municipais 2020";"15/11/2020";"M";"ES";"56057";"ALFREDO CHAVES";56057;"ALFREDO CHAVES";12;10;13;"Vereador";14444;"ZALUAR IGREJA ROSA DA SILVA";1;1040;80000683177;"EEEF DE CRUBIXÁ";"R. PRINCIPAL, S/ Nº"
"16/09/2024";"17:49:23";2020;2;"Eleição Ordinária";1;426;"Eleições Municipais 2020";"15/11/2020";"M";"ES";"56057";"ALFREDO CHAVES";56057;"ALFREDO CHAVES";12;7;13;"Vereador";40789;"ADILSON JOSE ROVETA";8;1171;80000666567;"EEEFM CAMILA MOTA";"R. NELSON DA COSTA MELLO, S/ N"
"16/09/2024";"17:49:23";2020;2;"Eleição Ordinária";1;426;"Eleições Municipais 2020";"15/11/2020";"M";"ES";"56057";"ALFREDO CHAVES";56057;"ALFREDO CHAVES";12;6;13;"Vereador";11555;"LUIZA APARECIDA BONIFACIO";1;1023;80000848891;"GINÁSIO DE ESPORTES DE ALFREDO CHAVES";"RUA NELSON JOSÉ DA COSTA MELO, S/N"
"16/09/2024";"17:49:23";2020;2;"Eleição Ordinária";1;426;"Eleições Municipais 2020";"15/11/2020";"M";"ES";"56057";"ALFREDO CHAVES";56057;"ALFREDO CHAVES";12;2;13;"Vereador";40789;"ADILSON JOSE ROVETA";7;1015;80000666567;"EMEF ANA ARAÚJO";"R. EXPEDICIONARIO OSVALDO SAUDINO"
"16/09/2024";"17:49:23";2020;2;"Eleição Ordinária";1;426;"Eleições Municipais 2020";"15/11/2020";"M";"ES";"56057";"ALFREDO CHAVES";56057;"ALFREDO CHAVES";12;16;13;"Vereador";40789;"ADILSON JOSE ROVETA";1;1082;80000666567;"EMUEF ALMERINDA BRUNORO";"R. PRINCIPAL, S/ N"
"16/09/2024";"17:49:23";2020;2;"Eleição Ordinária";1;426;"Eleições Municipais 2020";"15/11/2020";"M";"ES";"56057";"ALFREDO CHAVES";56057;"ALFREDO CHAVES";12;40;13;"Vereador";40789;"ADILSON JOSE ROVETA";6;1236;80000666567;"NACCA-ANTIGO PETI";"RUA THOMAZ COELHO, S/N AO LADO DA BIBLIOTECA MUNICIPAL"
"16/09/2024";"17:49:23";2020;2;"Eleição Ordinária";1;426;"Eleições Municipais 2020";"15/11/2020";"M";"ES";"56057";"ALFREDO CHAVES";56057;"ALFREDO CHAVES";12;26;13;"Vereador";40456;"SERAFINO ANTONIO SIMONI";3;1163;80000666564;"EEUEF VILA NOVA DE MARAVILHA";"R. PRINCIPAL, S/ Nº"
"16/09/2024";"17:49:23";2020;2;"Eleição Ordinária";1;426;"Eleições Municipais 2020";"15/11/2020";"M";"ES";"56057";"ALFREDO CHAVES";56057;"ALFREDO CHAVES";12;37;13;"Vereador";10888;"ALCIDEMAR SILVA";1;1228;80000682923;"CRECHE COMECINHO DE GENTE";"AV. DARCY DE PAULA GAIGHER, S/N"
"16/09/2024";"17:49:23";2020;2;"Eleição Ordinária";1;426;"Eleições Municipais 2020";"15/11/2020";"M";"ES";"56057";"ALFREDO CHAVES";56057;"ALFREDO CHAVES";12;23;11;"Prefeito";12;"ARMANDO NOLASCO RIBEIRO";11;1139;80001042824;"EMEF SAGRADA FAMÍLIA";"R. PRINCIPAL, S/ N"
"16/09/2024";"17:49:23";2020;2;"Eleição Ordinária";1;426;"Eleições Municipais 2020";"15/11/2020";"M";"ES";"56057";"ALFREDO CHAVES";56057;"ALFREDO CHAVES";12;85;11;"Prefeito";12;"ARMANDO NOLASCO RIBEIRO";13;1244;80001042824;"CRECHE PEQUERRUCHOS";"RUA ANTÔNIO CLAUDIO GAIGHER, 19"
"16/09/2024";"17:49:23";2020;2;"Eleição Ordinária";1;426;"Eleições Municipais 2020";"15/11/2020";"M";"ES";"56057";"ALFREDO CHAVES";56057;"ALFREDO CHAVES";12;9;11;"Prefeito";12;"ARMANDO NOLASCO RIBEIRO";6;1031;80001042824;"EMEF FAZENDA APARECIDA";"R. PRINCIPAL, S/ Nº"
"16/09/2024";"17:49:23";2020;2;"Eleição Ordinária";1;426;"Eleições Municipais 2020";"15/11/2020";"M";"ES";"56057";"ALFREDO CHAVES";56057;"ALFREDO CHAVES";12;37;13;"Vereador";40400;"MARCELO CRISTIANO CARDOSO FARIA";9;1228;80000666563;"CRECHE COMECINHO DE GENTE";"AV. DARCY DE PAULA GAIGHER, S/N"
"16/09/2024";"17:49:23";2020;2;"Eleição Ordinária";1;426;"Eleições Municipais 2020";"15/11/2020";"M";"ES";"56057";"ALFREDO CHAVES";56057;"ALFREDO CHAVES";12;26;13;"Vereador";11123;"CRISTIANO GRILLO";3;1163;80000848889;"EEUEF VILA NOVA DE MARAVILHA";"R. PRINCIPAL, S/ Nº"
"16/09/2024";"17:49:23";2020;2;"Eleição Ordinária";1;426;"Eleições Municipais 2020";"15/11/2020";"M";"ES";"56057";"ALFREDO CHAVES";56057;"ALFREDO CHAVES";12;20;11;"Prefeito";10;"RONALDO BIANCHI";109;1112;80000682642;"SALÃO DA IGREJA CATÓLICA DE CACHOEIRA ALTA";"R. PRINCIPAL, S/ N"
"16/09/2024";"17:49:23";2020;2;"Eleição Ordinária";1;426;"Eleições Municipais 2020";"15/11/2020";"M";"ES";"56057";"ALFREDO CHAVES";56057;"ALFREDO CHAVES";12;19;11;"Prefeito";10;"RONALDO BIANCHI";62;1104;80000682642;"SALÃO COMUNITÁRIO DE NOVA ESTRELA";"R. PRINCIPAL, S/ Nº"
"16/09/2024";"17:49:23";2020;2;"Eleição Ordinária";1;426;"Eleições Municipais 2020";"15/11/2020";"M";"ES";"56057";"ALFREDO CHAVES";56057;"ALFREDO CHAVES";12;17;11;"Prefeito";10;"RONALDO BIANCHI";107;1090;80000682642;"EMEF FELIPE MODOLO";"R. PRINCIPAL, S/ N"
"16/09/2024";"17:49:23";2020;2;"Eleição Ordinária";1;426;"Eleições Municipais 2020";"15/11/2020";"M";"ES";"56057";"ALFREDO CHAVES";56057;"ALFREDO CHAVES";12;27;13;"Vereador";40111;"CHARLES GAIGHER";15;1171;80000666561;"EEEFM CAMILA MOTA";"R. NELSON DA COSTA MELLO, S/ N"
"16/09/2024";"17:49:23";2020;2;"Eleição Ordinária";1;426;"Eleições Municipais 2020";"15/11/2020";"M";"ES";"56057";"ALFREDO CHAVES";56057;"ALFREDO CHAVES";12;41;13;"Vereador";40456;"SERAFINO ANTONIO SIMONI";3;1236;80000666564;"NACCA-ANTIGO PETI";"RUA THOMAZ COELHO, S/N AO LADO DA BIBLIOTECA MUNICIPAL"
"16/09/2024";"17:49:23";2020;2;"Eleição Ordinária";1;426;"Eleições Municipais 2020";"15/11/2020";"M";"ES";"56057";"ALFREDO CHAVES";56057;"ALFREDO CHAVES";12;29;11;"Prefeito";10;"RONALDO BIANCHI";117;1147;80000682642;"EMEF SÃO BENTO DE URÂNIA";"R. PRINCIPAL, S/ Nº"
"16/09/2024";"17:49:23";2020;2;"Eleição Ordinária";1;426;"Eleições Municipais 2020";"15/11/2020";"M";"ES";"56057";"ALFREDO CHAVES";56057;"ALFREDO CHAVES";12;28;11;"Prefeito";10;"RONALDO BIANCHI";76;1074;80000682642;"SALÃO DA IGREJA CATÓLICA DE IRIRITIMIRIM";"R. PRINCIPAL, S/ N"
"16/09/2024";"17:49:23";2020;2;"Eleição Ordinária";1;426;"Eleições Municipais 2020";"15/11/2020";"M";"ES";"56057";"ALFREDO CHAVES";56057;"ALFREDO CHAVES";12;37;13;"Vereador";14222;"JOSIMAR PIUMBINI";10;1228;80000683175;"CRECHE COMECINHO DE GENTE";"AV. DARCY DE PAULA GAIGHER, S/N"
"16/09/2024";"17:49:23";2020;2;"Eleição Ordinária";1;426;"Eleições Municipais 2020";"15/11/2020";"M";"ES";"56057";"ALFREDO CHAVES";56057;"ALFREDO CHAVES";12;27;13;"Vereador";45888;"CARLOS ALBERTO FRANÇA";1;1171;80000666642;"EEEFM CAMILA MOTA";"R. NELSON DA COSTA MELLO, S/ N"
"16/09/2024";"17:49:23";2020;2;"Eleição Ordinária";1;426;"Eleições Municipais 2020";"15/11/2020";"M";"ES";"56057";"ALFREDO CHAVES";56057;"ALFREDO CHAVES";12;37;13;"Vereador";10222;"FERNANDO ALVES";1;1228;80000682926;"CRECHE COMECINHO DE GENTE";"AV. DARCY DE PAULA GAIGHER, S/N"
"16/09/2024";"17:49:23";2020;2;"Eleição Ordinária";1;426;"Eleições Municipais 2020";"15/11/2020";"M";"ES";"56057";"ALFREDO CHAVES";56057;"ALFREDO CHAVES";12;41;13;"Vereador";10111;"RENATO VETTORACI";6;1236;80000682934;"NACCA-ANTIGO PETI";"RUA THOMAZ COELHO, S/N AO LADO DA BIBLIOTECA MUNICIPAL"
"16/09/2024";"17:49:23";2020;2;"Eleição Ordinária";1;426;"Eleições Municipais 2020";"15/11/2020";"M";"ES";"56057";"ALFREDO CHAVES";56057;"ALFREDO CHAVES";12;27;13;"Vereador";11555;"LUIZA APARECIDA BONIFACIO";1;1171;80000848891;"EEEFM CAMILA MOTA";"R. NELSON DA COSTA MELLO, S/ N"
"16/09/2024";"17:49:23";2020;2;"Eleição Ordinária";1;426;"Eleições Municipais 2020";"15/11/2020";"M";"ES";"56057";"ALFREDO CHAVES";56057;"ALFREDO CHAVES";12;8;13;"Vereador";45100;"SERGIO BIANCHI";9;1023;80000666641;"GINÁSIO DE ESPORTES DE ALFREDO CHAVES";"RUA NELSON JOSÉ DA COSTA MELO, S/N"
"16/09/2024";"17:49:23";2020;2;"Eleição Ordinária";1;426;"Eleições Municipais 2020";"15/11/2020";"M";"ES";"56057";"ALFREDO CHAVES";56057;"ALFREDO CHAVES";12;18;13;"Vereador";45100;"SERGIO BIANCHI";1;1090;80000666641;"EMEF FELIPE MODOLO";"R. PRINCIPAL, S/ N"
"16/09/2024";"17:49:23";2020;2;"Eleição Ordinária";1;426;"Eleições Municipais 2020";"15/11/2020";"M";"ES";"56057";"ALFREDO CHAVES";56057;"ALFREDO CHAVES";12;31;13;"Vereador";14000;"VALENTIM CARDOSO";10;1171;80000683180;"EEEFM CAMILA MOTA";"R. NELSON DA COSTA MELLO, S/ N"
"16/09/2024";"17:49:23";2020;2;"Eleição Ordinária";1;426;"Eleições Municipais 2020";"15/11/2020";"M";"ES";"56057";"ALFREDO CHAVES";56057;"ALFREDO CHAVES";12;3;13;"Vereador";45100;"SERGIO BIANCHI";16;1015;80000666641;"EMEF ANA ARAÚJO";"R. EXPEDICIONARIO OSVALDO SAUDINO"
"16/09/2024";"17:49:23";2020;2;"Eleição Ordinária";1;426;"Eleições Municipais 2020";"15/11/2020";"M";"ES";"56057";"ALFREDO CHAVES";56057;"ALFREDO CHAVES";12;22;13;"Vereador";11123;"CRISTIANO GRILLO";2;1139;80000848889;"EMEF SAGRADA FAMÍLIA";"R. PRINCIPAL, S/ N"
"16/09/2024";"17:49:23";2020;2;"Eleição Ordinária";1;426;"Eleições Municipais 2020";"15/11/2020";"M";"ES";"56057";"ALFREDO CHAVES";56057;"ALFREDO CHAVES";12;12;13;"Vereador";14000;"VALENTIM CARDOSO";7;1058;80000683180;"EEEF ENGANO";"R. PRINCIPAL, S/ Nº"
"16/09/2024";"17:49:23";2020;2;"Eleição Ordinária";1;426;"Eleições Municipais 2020";"15/11/2020";"M";"ES";"56057";"ALFREDO CHAVES";56057;"ALFREDO CHAVES";12;4;13;"Vereador";11555;"LUIZA APARECIDA BONIFACIO";1;1015;80000848891;"EMEF ANA ARAÚJO";"R. EXPEDICIONARIO OSVALDO SAUDINO"
"16/09/2024";"17:49:23";2020;2;"Eleição Ordinária";1;426;"Eleições Municipais 2020";"15/11/2020";"M";"ES";"56057";"ALFREDO CHAVES";56057;"ALFREDO CHAVES";12;37;13;"Vereador";14888;"ANTONIETA PETRI DE ALMEIDA";1;1228;80000683170;"CRECHE COMECINHO DE GENTE";"AV. DARCY DE PAULA GAIGHER, S/N"
"16/09/2024";"17:49:23";2020;2;"Eleição Ordinária";1;426;"Eleições Municipais 2020";"15/11/2020";"M";"ES";"56057";"ALFREDO CHAVES";56057;"ALFREDO CHAVES";12;41;13;"Vereador";11123;"CRISTIANO GRILLO";3;1236;80000848889;"NACCA-ANTIGO PETI";"RUA THOMAZ COELHO, S/N AO LADO DA BIBLIOTECA MUNICIPAL"
"16/09/2024";"17:49:23";2020;2;"Eleição Ordinária";1;426;"Eleições Municipais 2020";"15/11/2020";"M";"ES";"56057";"ALFREDO CHAVES";56057;"ALFREDO CHAVES";12;22;13;"Vereador";40456;"SERAFINO ANTONIO SIMONI";1;1139;80000666564;"EMEF SAGRADA FAMÍLIA";"R. PRINCIPAL, S/ N"
"16/09/2024";"17:49:23";2020;2;"Eleição Ordinária";1;426;"Eleições Municipais 2020";"15/11/2020";"M";"ES";"56057";"ALFREDO CHAVES";56057;"ALFREDO CHAVES";12;22;13;"Vereador";14222;"JOSIMAR PIUMBINI";11;1139;80000683175;"EMEF SAGRADA FAMÍLIA";"R. PRINCIPAL, S/ N"
"16/09/2024";"17:49:23";2020;2;"Eleição Ordinária";1;426;"Eleições Municipais 2020";"15/11/2020";"M";"ES";"56057";"ALFREDO CHAVES";56057;"ALFREDO CHAVES";12;1;11;"Prefeito";12;"ARMANDO NOLASCO RIBEIRO";10;1015;80001042824;"EMEF ANA ARAÚJO";"R. EXPEDICIONARIO OSVALDO SAUDINO"
"16/09/2024";"17:49:23";2020;2;"Eleição Ordinária";1;426;"Eleições Municipais 2020";"15/11/2020";"M";"ES";"56057";"ALFREDO CHAVES";56057;"ALFREDO CHAVES";12;11;11;"Prefeito";12;"ARMANDO NOLASCO RIBEIRO";6;1040;80001042824;"EEEF DE CRUBIXÁ";"R. PRINCIPAL, S/ Nº"
"16/09/2024";"17:49:23";2020;2;"Eleição Ordinária";1;426;"Eleições Municipais 2020";"15/11/2020";"M";"ES";"56057";"ALFREDO CHAVES";56057;"ALFREDO CHAVES";12;25;11;"Prefeito";12;"ARMANDO NOLASCO RIBEIRO";14;1155;80001042824;"EEUEF CAROLINA";"R. PRINCIPAL, S/ Nº"
"16/09/2024";"17:49:23";2020;2;"Eleição Ordinária";1;426;"Eleições Municipais 2020";"15/11/2020";"M";"ES";"56057";"ALFREDO CHAVES";56057;"ALFREDO CHAVES";12;7;11;"Prefeito";12;"ARMANDO NOLASCO RIBEIRO";5;1171;80001042824;"EEEFM CAMILA MOTA";"R. NELSON DA COSTA MELLO, S/ N"
"16/09/2024";"17:49:23";2020;2;"Eleição Ordinária";1;426;"Eleições Municipais 2020";"15/11/2020";"M";"ES";"56057";"ALFREDO CHAVES";56057;"ALFREDO CHAVES";12;40;11;"Prefeito";12;"ARMANDO NOLASCO RIBEIRO";11;1236;80001042824;"NACCA-ANTIGO PETI";"RUA THOMAZ COELHO, S/N AO LADO DA BIBLIOTECA MUNICIPAL"
"16/09/2024";"17:49:23";2020;2;"Eleição Ordinária";1;426;"Eleições Municipais 2020";"15/11/2020";"M";"ES";"56057";"ALFREDO CHAVES";56057;"ALFREDO CHAVES";12;16;11;"Prefeito";12;"ARMANDO NOLASCO RIBEIRO";9;1082;80001042824;"EMUEF ALMERINDA BRUNORO";"R. PRINCIPAL, S/ N"
"16/09/2024";"17:49:23";2020;2;"Eleição Ordinária";1;426;"Eleições Municipais 2020";"15/11/2020";"M";"ES";"56057";"ALFREDO CHAVES";56057;"ALFREDO CHAVES";12;2;11;"Prefeito";12;"ARMANDO NOLASCO RIBEIRO";12;1015;80001042824;"EMEF ANA ARAÚJO";"R. EXPEDICIONARIO OSVALDO SAUDINO"
"16/09/2024";"17:49:23";2020;2;"Eleição Ordinária";1;426;"Eleições Municipais 2020";"15/11/2020";"M";"ES";"56057";"ALFREDO CHAVES";56057;"ALFREDO CHAVES";12;11;13;"Vereador";40789;"ADILSON JOSE ROVETA";4;1040;80000666567;"EEEF DE CRUBIXÁ";"R. PRINCIPAL, S/ Nº"
"16/09/2024";"17:49:23";2020;2;"Eleição Ordinária";1;426;"Eleições Municipais 2020";"15/11/2020";"M";"ES";"56057";"ALFREDO CHAVES";56057;"ALFREDO CHAVES";12;22;13;"Vereador";11357;"ELIZANGELA SOUZA DA SILVA";2;1139;80000848887;"EMEF SAGRADA FAMÍLIA";"R. PRINCIPAL, S/ N"
"16/09/2024";"17:49:23";2020;2;"Eleição Ordinária";1;426;"Eleições Municipais 2020";"15/11/2020";"M";"ES";"56057";"ALFREDO CHAVES";56057;"ALFREDO CHAVES";12;17;13;"Vereador";45321;"VALDIRENE BRANDÃO ANDRADE SÓRIO";2;1090;80000666654;"EMEF FELIPE MODOLO";"R. PRINCIPAL, S/ N"
"16/09/2024";"17:49:23";2020;2;"Eleição Ordinária";1;426;"Eleições Municipais 2020";"15/11/2020";"M";"ES";"56057";"ALFREDO CHAVES";56057;"ALFREDO CHAVES";12;41;13;"Vereador";40777;"SERGIO DA SILVA BARROS";16;1236;80000666565;"NACCA-ANTIGO PETI";"RUA THOMAZ COELHO, S/N AO LADO DA BIBLIOTECA MUNICIPAL"
"16/09/2024";"17:49:23";2020;2;"Eleição Ordinária";1;426;"Eleições Municipais 2020";"15/11/2020";"M";"ES";"56057";"ALFREDO CHAVES";56057;"ALFREDO CHAVES";12;22;13;"Vereador";40000;"NILTON CESAR BELMOK";14;1139;80000666560;"EMEF SAGRADA FAMÍLIA";"R. PRINCIPAL, S/ N"
"16/09/2024";"17:49:23";2020;2;"Eleição Ordinária";1;426;"Eleições Municipais 2020";"15/11/2020";"M";"ES";"56057";"ALFREDO CHAVES";56057;"ALFREDO CHAVES";12;37;13;"Vereador";51311;"NARCISO DE ABREU GRASSI";15;1228;80000683714;"CRECHE COMECINHO DE GENTE";"AV. DARCY DE PAULA GAIGHER, S/N"
"16/09/2024";"17:49:23";2020;2;"Eleição Ordinária";1;426;"Eleições Municipais 2020";"15/11/2020";"M";"ES";"56057";"ALFREDO CHAVES";56057;"ALFREDO CHAVES";12;15;11;"Prefeito";12;"ARMANDO NOLASCO RIBEIRO";4;1074;80001042824;"SALÃO DA IGREJA CATÓLICA DE IRIRITIMIRIM";"R. PRINCIPAL, S/ N"
"16/09/2024";"17:49:23";2020;2;"Eleição Ordinária";1;426;"Eleições Municipais 2020";"15/11/2020";"M";"ES";"56057";"ALFREDO CHAVES";56057;"ALFREDO CHAVES";12;24;11;"Prefeito";12;"ARMANDO NOLASCO RIBEIRO";6;1147;80001042824;"EMEF SÃO BENTO DE URÂNIA";"R. PRINCIPAL, S/ Nº"
"16/09/2024";"17:49:23";2020;2;"Eleição Ordinária";1;426;"Eleições Municipais 2020";"15/11/2020";"M";"ES";"56057";"ALFREDO CHAVES";56057;"ALFREDO CHAVES";12;21;13;"Vereador";45321;"VALDIRENE BRANDÃO ANDRADE SÓRIO";1;1120;80000666654;"EMUEF QUARTO TERRITÓRIO";"R. PRINCIPAL , S/ N"
"16/09/2024";"17:49:23";2020;2;"Eleição Ordinária";1;426;"Eleições Municipais 2020";"15/11/2020";"M";"ES";"56057";"ALFREDO CHAVES";56057;"ALFREDO CHAVES";12;85;13;"Vereador";40777;"SERGIO DA SILVA BARROS";18;1244;80000666565;"CRECHE PEQUERRUCHOS";"RUA ANTÔNIO CLAUDIO GAIGHER, 19"
"16/09/2024";"17:49:23";2020;2;"Eleição Ordinária";1;426;"Eleições Municipais 2020";"15/11/2020";"M";"ES";"56057";"ALFREDO CHAVES";56057;"ALFREDO CHAVES";12;23;13;"Vereador";40777;"SERGIO DA SILVA BARROS";4;1139;80000666565;"EMEF SAGRADA FAMÍLIA";"R. PRINCIPAL, S/ N"
"16/09/2024";"17:49:23";2020;2;"Eleição Ordinária";1;426;"Eleições Municipais 2020";"15/11/2020";"M";"ES";"56057";"ALFREDO CHAVES";56057;"ALFREDO CHAVES";12;19;13;"Vereador";45321;"VALDIRENE BRANDÃO ANDRADE SÓRIO";2;1104;80000666654;"SALÃO COMUNITÁRIO DE NOVA ESTRELA";"R. PRINCIPAL, S/ Nº"
"16/09/2024";"17:49:23";2020;2;"Eleição Ordinária";1;426;"Eleições Municipais 2020";"15/11/2020";"M";"ES";"56057";"ALFREDO CHAVES";56057;"ALFREDO CHAVES";12;9;13;"Vereador";14222;"JOSIMAR PIUMBINI";3;1031;80000683175;"EMEF FAZENDA APARECIDA";"R. PRINCIPAL, S/ Nº"
"16/09/2024";"17:49:23";2020;2;"Eleição Ordinária";1;426;"Eleições Municipais 2020";"15/11/2020";"M";"ES";"56057";"ALFREDO CHAVES";56057;"ALFREDO CHAVES";12;85;13;"Vereador";14888;"ANTONIETA PETRI DE ALMEIDA";1;1244;80000683170;"CRECHE PEQUERRUCHOS";"RUA ANTÔNIO CLAUDIO GAIGHER, 19"
"16/09/2024";"17:49:23";2020;2;"Eleição Ordinária";1;426;"Eleições Municipais 2020";"15/11/2020";"M";"ES";"56057";"ALFREDO CHAVES";56057;"ALFREDO CHAVES";12;23;13;"Vereador";14888;"ANTONIETA PETRI DE ALMEIDA";1;1139;80000683170;"EMEF SAGRADA FAMÍLIA";"R. PRINCIPAL, S/ N"
"16/09/2024";"17:49:23";2020;2;"Eleição Ordinária";1;426;"Eleições Municipais 2020";"15/11/2020";"M";"ES";"56057";"ALFREDO CHAVES";56057;"ALFREDO CHAVES";12;22;13;"Vereador";40111;"CHARLES GAIGHER";12;1139;80000666561;"EMEF SAGRADA FAMÍLIA";"R. PRINCIPAL, S/ N"
"16/09/2024";"17:49:23";2020;2;"Eleição Ordinária";1;426;"Eleições Municipais 2020";"15/11/2020";"M";"ES";"56057";"ALFREDO CHAVES";56057;"ALFREDO CHAVES";12;1;13;"Vereador";14455;"MIGUEL ANTONIO MARTINS CLEN";5;1015;80000683176;"EMEF ANA ARAÚJO";"R. EXPEDICIONARIO OSVALDO SAUDINO"
"16/09/2024";"17:49:23";2020;2;"Eleição Ordinária";1;426;"Eleições Municipais 2020";"15/11/2020";"M";"ES";"56057";"ALFREDO CHAVES";56057;"ALFREDO CHAVES";12;1;13;"Vereador";45100;"SERGIO BIANCHI";14;1015;80000666641;"EMEF ANA ARAÚJO";"R. EXPEDICIONARIO OSVALDO SAUDINO"
"16/09/2024";"17:49:23";2020;2;"Eleição Ordinária";1;426;"Eleições Municipais 2020";"15/11/2020";"M";"ES";"56057";"ALFREDO CHAVES";56057;"ALFREDO CHAVES";12;15;13;"Vereador";51311;"NARCISO DE ABREU GRASSI";1;1074;80000683714;"SALÃO DA IGREJA CATÓLICA DE IRIRITIMIRIM";"R. PRINCIPAL, S/ N"
"16/09/2024";"17:49:23";2020;2;"Eleição Ordinária";1;426;"Eleições Municipais 2020";"15/11/2020";"M";"ES";"56057";"ALFREDO CHAVES";56057;"ALFREDO CHAVES";12;24;13;"Vereador";51311;"NARCISO DE ABREU GRASSI";6;1147;80000683714;"EMEF SÃO BENTO DE URÂNIA";"R. PRINCIPAL, S/ Nº"
"16/09/2024";"17:49:23";2020;2;"Eleição Ordinária";1;426;"Eleições Municipais 2020";"15/11/2020";"M";"ES";"56057";"ALFREDO CHAVES";56057;"ALFREDO CHAVES";12;14;13;"Vereador";40789;"ADILSON JOSE ROVETA";3;1066;80000666567;"SALÃO DA IGREJA CATÓLICA DE SÃO BENTO DE BATATAL";"RUA PRINCIPAL, S/ N"
"16/09/2024";"17:49:23";2020;2;"Eleição Ordinária";1;426;"Eleições Municipais 2020";"15/11/2020";"M";"ES";"56057";"ALFREDO CHAVES";56057;"ALFREDO CHAVES";12;26;13;"Vereador";40777;"SERGIO DA SILVA BARROS";4;1163;80000666565;"EEUEF VILA NOVA DE MARAVILHA";"R. PRINCIPAL, S/ Nº"
"16/09/2024";"17:49:23";2020;2;"Eleição Ordinária";1;426;"Eleições Municipais 2020";"15/11/2020";"M";"ES";"56057";"ALFREDO CHAVES";56057;"ALFREDO CHAVES";12;26;13;"Vereador";40000;"NILTON CESAR BELMOK";11;1163;80000666560;"EEUEF VILA NOVA DE MARAVILHA";"R. PRINCIPAL, S/ Nº"
"16/09/2024";"17:49:23";2020;2;"Eleição Ordinária";1;426;"Eleições Municipais 2020";"15/11/2020";"M";"ES";"56057";"ALFREDO CHAVES";56057;"ALFREDO CHAVES";12;41;13;"Vereador";10888;"ALCIDEMAR SILVA";3;1236;80000682923;"NACCA-ANTIGO PETI";"RUA THOMAZ COELHO, S/N AO LADO DA BIBLIOTECA MUNICIPAL"
"16/09/2024";"17:49:23";2020;2;"Eleição Ordinária";1;426;"Eleições Municipais 2020";"15/11/2020";"M";"ES";"56057";"ALFREDO CHAVES";56057;"ALFREDO CHAVES";12;37;13;"Vereador";40789;"ADILSON JOSE ROVETA";2;1228;80000666567;"CRECHE COMECINHO DE GENTE";"AV. DARCY DE PAULA GAIGHER, S/N"
"16/09/2024";"17:49:23";2020;2;"Eleição Ordinária";1;426;"Eleições Municipais 2020";"15/11/2020";"M";"ES";"56057";"ALFREDO CHAVES";56057;"ALFREDO CHAVES";12;1;13;"Vereador";51311;"NARCISO DE ABREU GRASSI";21;1015;80000683714;"EMEF ANA ARAÚJO";"R. EXPEDICIONARIO OSVALDO SAUDINO"
"16/09/2024";"17:49:23";2020;2;"Eleição Ordinária";1;426;"Eleições Municipais 2020";"15/11/2020";"M";"ES";"56057";"ALFREDO CHAVES";56057;"ALFREDO CHAVES";12;11;13;"Vereador";51311;"NARCISO DE ABREU GRASSI";29;1040;80000683714;"EEEF DE CRUBIXÁ";"R. PRINCIPAL, S/ Nº"
"16/09/2024";"17:49:23";2020;2;"Eleição Ordinária";1;426;"Eleições Municipais 2020";"15/11/2020";"M";"ES";"56057";"ALFREDO CHAVES";56057;"ALFREDO CHAVES";12;41;13;"Vereador";40111;"CHARLES GAIGHER";15;1236;80000666561;"NACCA-ANTIGO PETI";"RUA THOMAZ COELHO, S/N AO LADO DA BIBLIOTECA MUNICIPAL"
"16/09/2024";"17:49:23";2020;2;"Eleição Ordinária";1;426;"Eleições Municipais 2020";"15/11/2020";"M";"ES";"56057";"ALFREDO CHAVES";56057;"ALFREDO CHAVES";12;26;13;"Vereador";40111;"CHARLES GAIGHER";31;1163;80000666561;"EEUEF VILA NOVA DE MARAVILHA";"R. PRINCIPAL, S/ Nº"
"16/09/2024";"17:49:23";2020;2;"Eleição Ordinária";1;426;"Eleições Municipais 2020";"15/11/2020";"M";"ES";"56057";"ALFREDO CHAVES";56057;"ALFREDO CHAVES";12;37;13;"Vereador";45000;"JONAS NUNES SIMÕES";14;1228;80000666645;"CRECHE COMECINHO DE GENTE";"AV. DARCY DE PAULA GAIGHER, S/N"
"16/09/2024";"17:49:23";2020;2;"Eleição Ordinária";1;426;"Eleições Municipais 2020";"15/11/2020";"M";"ES";"56057";"ALFREDO CHAVES";56057;"ALFREDO CHAVES";12;37;13;"Vereador";45100;"SERGIO BIANCHI";10;1228;80000666641;"CRECHE COMECINHO DE GENTE";"AV. DARCY DE PAULA GAIGHER, S/N"
"16/09/2024";"17:49:23";2020;2;"Eleição Ordinária";1;426;"Eleições Municipais 2020";"15/11/2020";"M";"ES";"56057";"ALFREDO CHAVES";56057;"ALFREDO CHAVES";12;22;13;"Vereador";40777;"SERGIO DA SILVA BARROS";5;1139;80000666565;"EMEF SAGRADA FAMÍLIA";"R. PRINCIPAL, S/ N"
"16/09/2024";"17:49:23";2020;2;"Eleição Ordinária";1;426;"Eleições Municipais 2020";"15/11/2020";"M";"ES";"56057";"ALFREDO CHAVES";56057;"ALFREDO CHAVES";12;1;13;"Vereador";40789;"ADILSON JOSE ROVETA";4;1015;80000666567;"EMEF ANA ARAÚJO";"R. EXPEDICIONARIO OSVALDO SAUDINO"
"16/09/2024";"17:49:23";2020;2;"Eleição Ordinária";1;426;"Eleições Municipais 2020";"15/11/2020";"M";"ES";"56057";"ALFREDO CHAVES";56057;"ALFREDO CHAVES";12;2;13;"Vereador";51311;"NARCISO DE ABREU GRASSI";16;1015;80000683714;"EMEF ANA ARAÚJO";"R. EXPEDICIONARIO OSVALDO SAUDINO"
"16/09/2024";"17:49:23";2020;2;"Eleição Ordinária";1;426;"Eleições Municipais 2020";"15/11/2020";"M";"ES";"56057";"ALFREDO CHAVES";56057;"ALFREDO CHAVES";12;2;13;"Vereador";14444;"ZALUAR IGREJA ROSA DA SILVA";2;1015;80000683177;"EMEF ANA ARAÚJO";"R. EXPEDICIONARIO OSVALDO SAUDINO"
"16/09/2024";"17:49:23";2020;2;"Eleição Ordinária";1;426;"Eleições Municipais 2020";"15/11/2020";"M";"ES";"56057";"ALFREDO CHAVES";56057;"ALFREDO CHAVES";12;16;13;"Vereador";51311;"NARCISO DE ABREU GRASSI";9;1082;80000683714;"EMUEF ALMERINDA BRUNORO";"R. PRINCIPAL, S/ N"
"16/09/2024";"17:49:23";2020;2;"Eleição Ordinária";1;426;"Eleições Municipais 2020";"15/11/2020";"M";"ES";"56057";"ALFREDO CHAVES";56057;"ALFREDO CHAVES";12;16;13;"Vereador";14444;"ZALUAR IGREJA ROSA DA SILVA";3;1082;80000683177;"EMUEF ALMERINDA BRUNORO";"R. PRINCIPAL, S/ N"
"16/09/2024";"17:49:23";2020;2;"Eleição Ordinária";1;426;"Eleições Municipais 2020";"15/11/2020";"M";"ES";"56057";"ALFREDO CHAVES";56057;"ALFREDO CHAVES";12;40;13;"Vereador";51311;"NARCISO DE ABREU GRASSI";10;1236;80000683714;"NACCA-ANTIGO PETI";"RUA THOMAZ COELHO, S/N AO LADO DA BIBLIOTECA MUNICIPAL"
"16/09/2024";"17:49:23";2020;2;"Eleição Ordinária";1;426;"Eleições Municipais 2020";"15/11/2020";"M";"ES";"56057";"ALFREDO CHAVES";56057;"ALFREDO CHAVES";12;40;13;"Vereador";14444;"ZALUAR IGREJA ROSA DA SILVA";7;1236;80000683177;"NACCA-ANTIGO PETI";"RUA THOMAZ COELHO, S/N AO LADO DA BIBLIOTECA MUNICIPAL"
"16/09/2024";"17:49:23";2020;2;"Eleição Ordinária";1;426;"Eleições Municipais 2020";"15/11/2020";"M";"ES";"56057";"ALFREDO CHAVES";56057;"ALFREDO CHAVES";12;24;13;"Vereador";40321;"GILSON LUIZ BELLON";3;1147;80000666558;"EMEF SÃO BENTO DE URÂNIA";"R. PRINCIPAL, S/ Nº"
"16/09/2024";"17:49:23";2020;2;"Eleição Ordinária";1;426;"Eleições Municipais 2020";"15/11/2020";"M";"ES";"56057";"ALFREDO CHAVES";56057;"ALFREDO CHAVES";12;85;13;"Vereador";10888;"ALCIDEMAR SILVA";1;1244;80000682923;"CRECHE PEQUERRUCHOS";"RUA ANTÔNIO CLAUDIO GAIGHER, 19"
"16/09/2024";"17:49:23";2020;2;"Eleição Ordinária";1;426;"Eleições Municipais 2020";"15/11/2020";"M";"ES";"56057";"ALFREDO CHAVES";56057;"ALFREDO CHAVES";12;85;13;"Vereador";11357;"ELIZANGELA SOUZA DA SILVA";1;1244;80000848887;"CRECHE PEQUERRUCHOS";"RUA ANTÔNIO CLAUDIO GAIGHER, 19"
"16/09/2024";"17:49:23";2020;2;"Eleição Ordinária";1;426;"Eleições Municipais 2020";"15/11/2020";"M";"ES";"56057";"ALFREDO CHAVES";56057;"ALFREDO CHAVES";12;23;13;"Vereador";11357;"ELIZANGELA SOUZA DA SILVA";1;1139;80000848887;"EMEF SAGRADA FAMÍLIA";"R. PRINCIPAL, S/ N"
"16/09/2024";"17:49:23";2020;2;"Eleição Ordinária";1;426;"Eleições Municipais 2020";"15/11/2020";"M";"ES";"56057";"ALFREDO CHAVES";56057;"ALFREDO CHAVES";12;7;13;"Vereador";51311;"NARCISO DE ABREU GRASSI";16;1171;80000683714;"EEEFM CAMILA MOTA";"R. NELSON DA COSTA MELLO, S/ N"
"16/09/2024";"17:49:23";2020;2;"Eleição Ordinária";1;426;"Eleições Municipais 2020";"15/11/2020";"M";"ES";"56057";"ALFREDO CHAVES";56057;"ALFREDO CHAVES";12;7;13;"Vereador";14444;"ZALUAR IGREJA ROSA DA SILVA";4;1171;80000683177;"EEEFM CAMILA MOTA";"R. NELSON DA COSTA MELLO, S/ N"
"16/09/2024";"17:49:23";2020;2;"Eleição Ordinária";1;426;"Eleições Municipais 2020";"15/11/2020";"M";"ES";"56057";"ALFREDO CHAVES";56057;"ALFREDO CHAVES";12;25;13;"Vereador";51311;"NARCISO DE ABREU GRASSI";12;1155;80000683714;"EEUEF CAROLINA";"R. PRINCIPAL, S/ Nº"
"16/09/2024";"17:49:23";2020;2;"Eleição Ordinária";1;426;"Eleições Municipais 2020";"15/11/2020";"M";"ES";"56057";"ALFREDO CHAVES";56057;"ALFREDO CHAVES";12;22;13;"Vereador";14000;"VALENTIM CARDOSO";2;1139;80000683180;"EMEF SAGRADA FAMÍLIA";"R. PRINCIPAL, S/ N"
"16/09/2024";"17:49:23";2020;2;"Eleição Ordinária";1;426;"Eleições Municipais 2020";"15/11/2020";"M";"ES";"56057";"ALFREDO CHAVES";56057;"ALFREDO CHAVES";12;11;13;"Vereador";45100;"SERGIO BIANCHI";9;1040;80000666641;"EEEF DE CRUBIXÁ";"R. PRINCIPAL, S/ Nº"
"16/09/2024";"17:49:23";2020;2;"Eleição Ordinária";1;426;"Eleições Municipais 2020";"15/11/2020";"M";"ES";"56057";"ALFREDO CHAVES";56057;"ALFREDO CHAVES";12;27;13;"Vereador";10345;"ARMANDO ZANATA INGLE RIBEIRO";1;1171;80000682931;"EEEFM CAMILA MOTA";"R. NELSON DA COSTA MELLO, S/ N"
"16/09/2024";"17:49:23";2020;2;"Eleição Ordinária";1;426;"Eleições Municipais 2020";"15/11/2020";"M";"ES";"56057";"ALFREDO CHAVES";56057;"ALFREDO CHAVES";12;3;13;"Vereador";40400;"MARCELO CRISTIANO CARDOSO FARIA";8;1015;80000666563;"EMEF ANA ARAÚJO";"R. EXPEDICIONARIO OSVALDO SAUDINO"
"16/09/2024";"17:49:23";2020;2;"Eleição Ordinária";1;426;"Eleições Municipais 2020";"15/11/2020";"M";"ES";"56057";"ALFREDO CHAVES";56057;"ALFREDO CHAVES";12;20;13;"Vereador";40789;"ADILSON JOSE ROVETA";5;1112;80000666567;"SALÃO DA IGREJA CATÓLICA DE CACHOEIRA ALTA";"R. PRINCIPAL, S/ N"
"16/09/2024";"17:49:23";2020;2;"Eleição Ordinária";1;426;"Eleições Municipais 2020";"15/11/2020";"M";"ES";"56057";"ALFREDO CHAVES";56057;"ALFREDO CHAVES";12;10;13;"Vereador";10345;"ARMANDO ZANATA INGLE RIBEIRO";4;1040;80000682931;"EEEF DE CRUBIXÁ";"R. PRINCIPAL, S/ Nº"
"16/09/2024";"17:49:23";2020;2;"Eleição Ordinária";1;426;"Eleições Municipais 2020";"15/11/2020";"M";"ES";"56057";"ALFREDO CHAVES";56057;"ALFREDO CHAVES";12;41;13;"Vereador";14000;"VALENTIM CARDOSO";4;1236;80000683180;"NACCA-ANTIGO PETI";"RUA THOMAZ COELHO, S/N AO LADO DA BIBLIOTECA MUNICIPAL"
"16/09/2024";"17:49:23";2020;2;"Eleição Ordinária";1;426;"Eleições Municipais 2020";"15/11/2020";"M";"ES";"56057";"ALFREDO CHAVES";56057;"ALFREDO CHAVES";12;37;13;"Vereador";14000;"VALENTIM CARDOSO";5;1228;80000683180;"CRECHE COMECINHO DE GENTE";"AV. DARCY DE PAULA GAIGHER, S/N"
"16/09/2024";"17:49:23";2020;2;"Eleição Ordinária";1;426;"Eleições Municipais 2020";"15/11/2020";"M";"ES";"56057";"ALFREDO CHAVES";56057;"ALFREDO CHAVES";12;7;13;"Vereador";45100;"SERGIO BIANCHI";17;1171;80000666641;"EEEFM CAMILA MOTA";"R. NELSON DA COSTA MELLO, S/ N"
"16/09/2024";"17:49:23";2020;2;"Eleição Ordinária";1;426;"Eleições Municipais 2020";"15/11/2020";"M";"ES";"56057";"ALFREDO CHAVES";56057;"ALFREDO CHAVES";12;3;13;"Vereador";45666;"PETRONIO LOUSADA";1;1015;80000666643;"EMEF ANA ARAÚJO";"R. EXPEDICIONARIO OSVALDO SAUDINO"
"16/09/2024";"17:49:23";2020;2;"Eleição Ordinária";1;426;"Eleições Municipais 2020";"15/11/2020";"M";"ES";"56057";"ALFREDO CHAVES";56057;"ALFREDO CHAVES";12;8;13;"Vereador";10345;"ARMANDO ZANATA INGLE RIBEIRO";3;1023;80000682931;"GINÁSIO DE ESPORTES DE ALFREDO CHAVES";"RUA NELSON JOSÉ DA COSTA MELO, S/N"
"16/09/2024";"17:49:23";2020;2;"Eleição Ordinária";1;426;"Eleições Municipais 2020";"15/11/2020";"M";"ES";"56057";"ALFREDO CHAVES";56057;"ALFREDO CHAVES";12;25;13;"Vereador";45100;"SERGIO BIANCHI";1;1155;80000666641;"EEUEF CAROLINA";"R. PRINCIPAL, S/ Nº"
"16/09/2024";"17:49:23";2020;2;"Eleição Ordinária";1;426;"Eleições Municipais 2020";"15/11/2020";"M";"ES";"56057";"ALFREDO CHAVES";56057;"ALFREDO CHAVES";12;2;13;"Vereador";45100;"SERGIO BIANCHI";14;1015;80000666641;"EMEF ANA ARAÚJO";"R. EXPEDICIONARIO OSVALDO SAUDINO"
"16/09/2024";"17:49:23";2020;2;"Eleição Ordinária";1;426;"Eleições Municipais 2020";"15/11/2020";"M";"ES";"56057";"ALFREDO CHAVES";56057;"ALFREDO CHAVES";12;16;13;"Vereador";45100;"SERGIO BIANCHI";1;1082;80000666641;"EMUEF ALMERINDA BRUNORO";"R. PRINCIPAL, S/ N"
"16/09/2024";"17:49:23";2020;2;"Eleição Ordinária";1;426;"Eleições Municipais 2020";"15/11/2020";"M";"ES";"56057";"ALFREDO CHAVES";56057;"ALFREDO CHAVES";12;40;13;"Vereador";45100;"SERGIO BIANCHI";9;1236;80000666641;"NACCA-ANTIGO PETI";"RUA THOMAZ COELHO, S/N AO LADO DA BIBLIOTECA MUNICIPAL"
"16/09/2024";"17:49:23";2020;2;"Eleição Ordinária";1;426;"Eleições Municipais 2020";"15/11/2020";"M";"ES";"56057";"ALFREDO CHAVES";56057;"ALFREDO CHAVES";12;22;13;"Vereador";51311;"NARCISO DE ABREU GRASSI";8;1139;80000683714;"EMEF SAGRADA FAMÍLIA";"R. PRINCIPAL, S/ N"
"16/09/2024";"17:49:23";2020;2;"Eleição Ordinária";1;426;"Eleições Municipais 2020";"15/11/2020";"M";"ES";"56057";"ALFREDO CHAVES";56057;"ALFREDO CHAVES";12;27;13;"Vereador";11000;"FRANCISCO DE ASSIS JOSÉ DOS SANTOS";21;1171;80000848890;"EEEFM CAMILA MOTA";"R. NELSON DA COSTA MELLO, S/ N"
"16/09/2024";"17:49:23";2020;2;"Eleição Ordinária";1;426;"Eleições Municipais 2020";"15/11/2020";"M";"ES";"56057";"ALFREDO CHAVES";56057;"ALFREDO CHAVES";12;18;13;"Vereador";10345;"ARMANDO ZANATA INGLE RIBEIRO";5;1090;80000682931;"EMEF FELIPE MODOLO";"R. PRINCIPAL, S/ N"
"16/09/2024";"17:49:23";2020;2;"Eleição Ordinária";1;426;"Eleições Municipais 2020";"15/11/2020";"M";"ES";"56057";"ALFREDO CHAVES";56057;"ALFREDO CHAVES";12;25;13;"Vereador";40111;"CHARLES GAIGHER";5;1155;80000666561;"EEUEF CAROLINA";"R. PRINCIPAL, S/ Nº"
"16/09/2024";"17:49:23";2020;2;"Eleição Ordinária";1;426;"Eleições Municipais 2020";"15/11/2020";"M";"ES";"56057";"ALFREDO CHAVES";56057;"ALFREDO CHAVES";12;41;13;"Vereador";51311;"NARCISO DE ABREU GRASSI";17;1236;80000683714;"NACCA-ANTIGO PETI";"RUA THOMAZ COELHO, S/N AO LADO DA BIBLIOTECA MUNICIPAL"
"16/09/2024";"17:49:23";2020;2;"Eleição Ordinária";1;426;"Eleições Municipais 2020";"15/11/2020";"M";"ES";"56057";"ALFREDO CHAVES";56057;"ALFREDO CHAVES";12;41;13;"Vereador";14444;"ZALUAR IGREJA ROSA DA SILVA";1;1236;80000683177;"NACCA-ANTIGO PETI";"RUA THOMAZ COELHO, S/N AO LADO DA BIBLIOTECA MUNICIPAL"
"16/09/2024";"17:49:23";2020;2;"Eleição Ordinária";1;426;"Eleições Municipais 2020";"15/11/2020";"M";"ES";"56057";"ALFREDO CHAVES";56057;"ALFREDO CHAVES";12;2;13;"Vereador";40111;"CHARLES GAIGHER";20;1015;80000666561;"EMEF ANA ARAÚJO";"R. EXPEDICIONARIO OSVALDO SAUDINO"
"16/09/2024";"17:49:23";2020;2;"Eleição Ordinária";1;426;"Eleições Municipais 2020";"15/11/2020";"M";"ES";"56057";"ALFREDO CHAVES";56057;"ALFREDO CHAVES";12;16;13;"Vereador";40111;"CHARLES GAIGHER";6;1082;80000666561;"EMUEF ALMERINDA BRUNORO";"R. PRINCIPAL, S/ N"
"16/09/2024";"17:49:23";2020;2;"Eleição Ordinária";1;426;"Eleições Municipais 2020";"15/11/2020";"M";"ES";"56057";"ALFREDO CHAVES";56057;"ALFREDO CHAVES";12;40;13;"Vereador";40111;"CHARLES GAIGHER";13;1236;80000666561;"NACCA-ANTIGO PETI";"RUA THOMAZ COELHO, S/N AO LADO DA BIBLIOTECA MUNICIPAL"
"16/09/2024";"17:49:23";2020;2;"Eleição Ordinária";1;426;"Eleições Municipais 2020";"15/11/2020";"M";"ES";"56057";"ALFREDO CHAVES";56057;"ALFREDO CHAVES";12;22;13;"Vereador";11555;"LUIZA APARECIDA BONIFACIO";2;1139;80000848891;"EMEF SAGRADA FAMÍLIA";"R. PRINCIPAL, S/ N"
"16/09/2024";"17:49:23";2020;2;"Eleição Ordinária";1;426;"Eleições Municipais 2020";"15/11/2020";"M";"ES";"56057";"ALFREDO CHAVES";56057;"ALFREDO CHAVES";12;41;13;"Vereador";11555;"LUIZA APARECIDA BONIFACIO";1;1236;80000848891;"NACCA-ANTIGO PETI";"RUA THOMAZ COELHO, S/N AO LADO DA BIBLIOTECA MUNICIPAL"
"16/09/2024";"17:49:23";2020;2;"Eleição Ordinária";1;426;"Eleições Municipais 2020";"15/11/2020";"M";"ES";"56057";"ALFREDO CHAVES";56057;"ALFREDO CHAVES";12;85;13;"Vereador";10222;"FERNANDO ALVES";4;1244;80000682926;"CRECHE PEQUERRUCHOS";"RUA ANTÔNIO CLAUDIO GAIGHER, 19"
"16/09/2024";"17:49:23";2020;2;"Eleição Ordinária";1;426;"Eleições Municipais 2020";"15/11/2020";"M";"ES";"56057";"ALFREDO CHAVES";56057;"ALFREDO CHAVES";12;85;13;"Vereador";14222;"JOSIMAR PIUMBINI";12;1244;80000683175;"CRECHE PEQUERRUCHOS";"RUA ANTÔNIO CLAUDIO GAIGHER, 19"
"16/09/2024";"17:49:23";2020;2;"Eleição Ordinária";1;426;"Eleições Municipais 2020";"15/11/2020";"M";"ES";"56057";"ALFREDO CHAVES";56057;"ALFREDO CHAVES";12;23;13;"Vereador";14222;"JOSIMAR PIUMBINI";12;1139;80000683175;"EMEF SAGRADA FAMÍLIA";"R. PRINCIPAL, S/ N"
"16/09/2024";"17:49:23";2020;2;"Eleição Ordinária";1;426;"Eleições Municipais 2020";"15/11/2020";"M";"ES";"56057";"ALFREDO CHAVES";56057;"ALFREDO CHAVES";12;20;11;"Prefeito";96;"VOTO NULO";7;1112;-1;"SALÃO DA IGREJA CATÓLICA DE CACHOEIRA ALTA";"R. PRINCIPAL, S/ N"
"16/09/2024";"17:49:23";2020;2;"Eleição Ordinária";1;426;"Eleições Municipais 2020";"15/11/2020";"M";"ES";"56057";"ALFREDO CHAVES";56057;"ALFREDO CHAVES";12;14;11;"Prefeito";96;"VOTO NULO";6;1066;-1;"SALÃO DA IGREJA CATÓLICA DE SÃO BENTO DE BATATAL";"RUA PRINCIPAL, S/ N"
"16/09/2024";"17:49:23";2020;2;"Eleição Ordinária";1;426;"Eleições Municipais 2020";"15/11/2020";"M";"ES";"56057";"ALFREDO CHAVES";56057;"ALFREDO CHAVES";12;24;13;"Vereador";40111;"CHARLES GAIGHER";3;1147;80000666561;"EMEF SÃO BENTO DE URÂNIA";"R. PRINCIPAL, S/ Nº"
"16/09/2024";"17:49:23";2020;2;"Eleição Ordinária";1;426;"Eleições Municipais 2020";"15/11/2020";"M";"ES";"56057";"ALFREDO CHAVES";56057;"ALFREDO CHAVES";12;23;11;"Prefeito";96;"VOTO NULO";7;1139;-1;"EMEF SAGRADA FAMÍLIA";"R. PRINCIPAL, S/ N"
"16/09/2024";"17:49:23";2020;2;"Eleição Ordinária";1;426;"Eleições Municipais 2020";"15/11/2020";"M";"ES";"56057";"ALFREDO CHAVES";56057;"ALFREDO CHAVES";12;85;11;"Prefeito";96;"VOTO NULO";11;1244;-1;"CRECHE PEQUERRUCHOS";"RUA ANTÔNIO CLAUDIO GAIGHER, 19"
"16/09/2024";"17:49:23";2020;2;"Eleição Ordinária";1;426;"Eleições Municipais 2020";"15/11/2020";"M";"ES";"56057";"ALFREDO CHAVES";56057;"ALFREDO CHAVES";12;14;13;"Vereador";45000;"JONAS NUNES SIMÕES";2;1066;80000666645;"SALÃO DA IGREJA CATÓLICA DE SÃO BENTO DE BATATAL";"RUA PRINCIPAL, S/ N"
"16/09/2024";"17:49:23";2020;2;"Eleição Ordinária";1;426;"Eleições Municipais 2020";"15/11/2020";"M";"ES";"56057";"ALFREDO CHAVES";56057;"ALFREDO CHAVES";12;9;11;"Prefeito";96;"VOTO NULO";6;1031;-1;"EMEF FAZENDA APARECIDA";"R. PRINCIPAL, S/ Nº"
"16/09/2024";"17:49:23";2020;2;"Eleição Ordinária";1;426;"Eleições Municipais 2020";"15/11/2020";"M";"ES";"56057";"ALFREDO CHAVES";56057;"ALFREDO CHAVES";12;1;13;"Vereador";40111;"CHARLES GAIGHER";13;1015;80000666561;"EMEF ANA ARAÚJO";"R. EXPEDICIONARIO OSVALDO SAUDINO"
"16/09/2024";"17:49:23";2020;2;"Eleição Ordinária";1;426;"Eleições Municipais 2020";"15/11/2020";"M";"ES";"56057";"ALFREDO CHAVES";56057;"ALFREDO CHAVES";12;11;13;"Vereador";40111;"CHARLES GAIGHER";6;1040;80000666561;"EEEF DE CRUBIXÁ";"R. PRINCIPAL, S/ Nº"
"16/09/2024";"17:49:23";2020;2;"Eleição Ordinária";1;426;"Eleições Municipais 2020";"15/11/2020";"M";"ES";"56057";"ALFREDO CHAVES";56057;"ALFREDO CHAVES";12;7;13;"Vereador";40111;"CHARLES GAIGHER";15;1171;80000666561;"EEEFM CAMILA MOTA";"R. NELSON DA COSTA MELLO, S/ N"
"16/09/2024";"17:49:23";2020;2;"Eleição Ordinária";1;426;"Eleições Municipais 2020";"15/11/2020";"M";"ES";"56057";"ALFREDO CHAVES";56057;"ALFREDO CHAVES";12;27;13;"Vereador";11999;"OSVALDO SGULMARO";14;1171;80000848888;"EEEFM CAMILA MOTA";"R. NELSON DA COSTA MELLO, S/ N"
"16/09/2024";"17:49:23";2020;2;"Eleição Ordinária";1;426;"Eleições Municipais 2020";"15/11/2020";"M";"ES";"56057";"ALFREDO CHAVES";56057;"ALFREDO CHAVES";12;37;13;"Vereador";40111;"CHARLES GAIGHER";10;1228;80000666561;"CRECHE COMECINHO DE GENTE";"AV. DARCY DE PAULA GAIGHER, S/N"
"16/09/2024";"17:49:23";2020;2;"Eleição Ordinária";1;426;"Eleições Municipais 2020";"15/11/2020";"M";"ES";"56057";"ALFREDO CHAVES";56057;"ALFREDO CHAVES";12;7;13;"Vereador";10555;"OTTAVIO EVANGELISTA GOMES";6;1171;80000682929;"EEEFM CAMILA MOTA";"R. NELSON DA COSTA MELLO, S/ N"
"16/09/2024";"17:49:23";2020;2;"Eleição Ordinária";1;426;"Eleições Municipais 2020";"15/11/2020";"M";"ES";"56057";"ALFREDO CHAVES";56057;"ALFREDO CHAVES";12;1;13;"Vereador";40222;"ROSANA MARIA CARDOSO TAVARES";3;1015;80000666566;"EMEF ANA ARAÚJO";"R. EXPEDICIONARIO OSVALDO SAUDINO"
"16/09/2024";"17:49:23";2020;2;"Eleição Ordinária";1;426;"Eleições Municipais 2020";"15/11/2020";"M";"ES";"56057";"ALFREDO CHAVES";56057;"ALFREDO CHAVES";12;2;13;"Vereador";10555;"OTTAVIO EVANGELISTA GOMES";11;1015;80000682929;"EMEF ANA ARAÚJO";"R. EXPEDICIONARIO OSVALDO SAUDINO"
"16/09/2024";"17:49:23";2020;2;"Eleição Ordinária";1;426;"Eleições Municipais 2020";"15/11/2020";"M";"ES";"56057";"ALFREDO CHAVES";56057;"ALFREDO CHAVES";12;40;13;"Vereador";10555;"OTTAVIO EVANGELISTA GOMES";5;1236;80000682929;"NACCA-ANTIGO PETI";"RUA THOMAZ COELHO, S/N AO LADO DA BIBLIOTECA MUNICIPAL"
"16/09/2024";"17:49:23";2020;2;"Eleição Ordinária";1;426;"Eleições Municipais 2020";"15/11/2020";"M";"ES";"56057";"ALFREDO CHAVES";56057;"ALFREDO CHAVES";12;18;13;"Vereador";45678;"ADIMAR DE SOUZA MEDINA";5;1090;80000666651;"EMEF FELIPE MODOLO";"R. PRINCIPAL, S/ N"
"16/09/2024";"17:49:23";2020;2;"Eleição Ordinária";1;426;"Eleições Municipais 2020";"15/11/2020";"M";"ES";"56057";"ALFREDO CHAVES";56057;"ALFREDO CHAVES";12;1;13;"Vereador";10555;"OTTAVIO EVANGELISTA GOMES";13;1015;80000682929;"EMEF ANA ARAÚJO";"R. EXPEDICIONARIO OSVALDO SAUDINO"
"16/09/2024";"17:49:23";2020;2;"Eleição Ordinária";1;426;"Eleições Municipais 2020";"15/11/2020";"M";"ES";"56057";"ALFREDO CHAVES";56057;"ALFREDO CHAVES";12;11;13;"Vereador";10555;"OTTAVIO EVANGELISTA GOMES";1;1040;80000682929;"EEEF DE CRUBIXÁ";"R. PRINCIPAL, S/ Nº"
"16/09/2024";"17:49:23";2020;2;"Eleição Ordinária";1;426;"Eleições Municipais 2020";"15/11/2020";"M";"ES";"56057";"ALFREDO CHAVES";56057;"ALFREDO CHAVES";12;85;13;"Vereador";10345;"ARMANDO ZANATA INGLE RIBEIRO";8;1244;80000682931;"CRECHE PEQUERRUCHOS";"RUA ANTÔNIO CLAUDIO GAIGHER, 19"
"16/09/2024";"17:49:23";2020;2;"Eleição Ordinária";1;426;"Eleições Municipais 2020";"15/11/2020";"M";"ES";"56057";"ALFREDO CHAVES";56057;"ALFREDO CHAVES";12;23;13;"Vereador";10345;"ARMANDO ZANATA INGLE RIBEIRO";5;1139;80000682931;"EMEF SAGRADA FAMÍLIA";"R. PRINCIPAL, S/ N"
"16/09/2024";"17:49:23";2020;2;"Eleição Ordinária";1;426;"Eleições Municipais 2020";"15/11/2020";"M";"ES";"56057";"ALFREDO CHAVES";56057;"ALFREDO CHAVES";12;15;13;"Vereador";45100;"SERGIO BIANCHI";6;1074;80000666641;"SALÃO DA IGREJA CATÓLICA DE IRIRITIMIRIM";"R. PRINCIPAL, S/ N"
"16/09/2024";"17:49:23";2020;2;"Eleição Ordinária";1;426;"Eleições Municipais 2020";"15/11/2020";"M";"ES";"56057";"ALFREDO CHAVES";56057;"ALFREDO CHAVES";12;7;13;"Vereador";14455;"MIGUEL ANTONIO MARTINS CLEN";3;1171;80000683176;"EEEFM CAMILA MOTA";"R. NELSON DA COSTA MELLO, S/ N"
"16/09/2024";"17:49:23";2020;2;"Eleição Ordinária";1;426;"Eleições Municipais 2020";"15/11/2020";"M";"ES";"56057";"ALFREDO CHAVES";56057;"ALFREDO CHAVES";12;2;13;"Vereador";14455;"MIGUEL ANTONIO MARTINS CLEN";10;1015;80000683176;"EMEF ANA ARAÚJO";"R. EXPEDICIONARIO OSVALDO SAUDINO"
"16/09/2024";"17:49:23";2020;2;"Eleição Ordinária";1;426;"Eleições Municipais 2020";"15/11/2020";"M";"ES";"56057";"ALFREDO CHAVES";56057;"ALFREDO CHAVES";12;20;13;"Vereador";45000;"JONAS NUNES SIMÕES";5;1112;80000666645;"SALÃO DA IGREJA CATÓLICA DE CACHOEIRA ALTA";"R. PRINCIPAL, S/ N"
"16/09/2024";"17:49:23";2020;2;"Eleição Ordinária";1;426;"Eleições Municipais 2020";"15/11/2020";"M";"ES";"56057";"ALFREDO CHAVES";56057;"ALFREDO CHAVES";12;40;13;"Vereador";14455;"MIGUEL ANTONIO MARTINS CLEN";3;1236;80000683176;"NACCA-ANTIGO PETI";"RUA THOMAZ COELHO, S/N AO LADO DA BIBLIOTECA MUNICIPAL"
"16/09/2024";"17:49:23";2020;2;"Eleição Ordinária";1;426;"Eleições Municipais 2020";"15/11/2020";"M";"ES";"56057";"ALFREDO CHAVES";56057;"ALFREDO CHAVES";12;14;13;"Vereador";51789;"ANTÔNIO VALDIR GOBBI BUBACK";8;1066;80000683712;"SALÃO DA IGREJA CATÓLICA DE SÃO BENTO DE BATATAL";"RUA PRINCIPAL, S/ N"
"16/09/2024";"17:49:23";2020;2;"Eleição Ordinária";1;426;"Eleições Municipais 2020";"15/11/2020";"M";"ES";"56057";"ALFREDO CHAVES";56057;"ALFREDO CHAVES";12;23;13;"Vereador";40123;"CLEOMIR GOBBI BUBACK";1;1139;80000666568;"EMEF SAGRADA FAMÍLIA";"R. PRINCIPAL, S/ N"
"16/09/2024";"17:49:23";2020;2;"Eleição Ordinária";1;426;"Eleições Municipais 2020";"15/11/2020";"M";"ES";"56057";"ALFREDO CHAVES";56057;"ALFREDO CHAVES";12;85;13;"Vereador";40000;"NILTON CESAR BELMOK";11;1244;80000666560;"CRECHE PEQUERRUCHOS";"RUA ANTÔNIO CLAUDIO GAIGHER, 19"
"16/09/2024";"17:49:23";2020;2;"Eleição Ordinária";1;426;"Eleições Municipais 2020";"15/11/2020";"M";"ES";"56057";"ALFREDO CHAVES";56057;"ALFREDO CHAVES";12;23;13;"Vereador";40000;"NILTON CESAR BELMOK";12;1139;80000666560;"EMEF SAGRADA FAMÍLIA";"R. PRINCIPAL, S/ N"
"16/09/2024";"17:49:23";2020;2;"Eleição Ordinária";1;426;"Eleições Municipais 2020";"15/11/2020";"M";"ES";"56057";"ALFREDO CHAVES";56057;"ALFREDO CHAVES";12;11;13;"Vereador";40999;"EMILIA DAS GRAÇAS ALVES PADILHA DOMINGUES";2;1040;80000666562;"EEEF DE CRUBIXÁ";"R. PRINCIPAL, S/ Nº"
"16/09/2024";"17:49:23";2020;2;"Eleição Ordinária";1;426;"Eleições Municipais 2020";"15/11/2020";"M";"ES";"56057";"ALFREDO CHAVES";56057;"ALFREDO CHAVES";12;7;13;"Vereador";40999;"EMILIA DAS GRAÇAS ALVES PADILHA DOMINGUES";4;1171;80000666562;"EEEFM CAMILA MOTA";"R. NELSON DA COSTA MELLO, S/ N"
"16/09/2024";"17:49:23";2020;2;"Eleição Ordinária";1;426;"Eleições Municipais 2020";"15/11/2020";"M";"ES";"56057";"ALFREDO CHAVES";56057;"ALFREDO CHAVES";12;9;13;"Vereador";40123;"CLEOMIR GOBBI BUBACK";55;1031;80000666568;"EMEF FAZENDA APARECIDA";"R. PRINCIPAL, S/ Nº"
"16/09/2024";"17:49:23";2020;2;"Eleição Ordinária";1;426;"Eleições Municipais 2020";"15/11/2020";"M";"ES";"56057";"ALFREDO CHAVES";56057;"ALFREDO CHAVES";12;2;13;"Vereador";40999;"EMILIA DAS GRAÇAS ALVES PADILHA DOMINGUES";5;1015;80000666562;"EMEF ANA ARAÚJO";"R. EXPEDICIONARIO OSVALDO SAUDINO"
"16/09/2024";"17:49:23";2020;2;"Eleição Ordinária";1;426;"Eleições Municipais 2020";"15/11/2020";"M";"ES";"56057";"ALFREDO CHAVES";56057;"ALFREDO CHAVES";12;8;13;"Vereador";11999;"OSVALDO SGULMARO";5;1023;80000848888;"GINÁSIO DE ESPORTES DE ALFREDO CHAVES";"RUA NELSON JOSÉ DA COSTA MELO, S/N"
"16/09/2024";"17:49:23";2020;2;"Eleição Ordinária";1;426;"Eleições Municipais 2020";"15/11/2020";"M";"ES";"56057";"ALFREDO CHAVES";56057;"ALFREDO CHAVES";12;9;13;"Vereador";40000;"NILTON CESAR BELMOK";1;1031;80000666560;"EMEF FAZENDA APARECIDA";"R. PRINCIPAL, S/ Nº"
"16/09/2024";"17:49:23";2020;2;"Eleição Ordinária";1;426;"Eleições Municipais 2020";"15/11/2020";"M";"ES";"56057";"ALFREDO CHAVES";56057;"ALFREDO CHAVES";12;18;13;"Vereador";11999;"OSVALDO SGULMARO";2;1090;80000848888;"EMEF FELIPE MODOLO";"R. PRINCIPAL, S/ N"
"16/09/2024";"17:49:23";2020;2;"Eleição Ordinária";1;426;"Eleições Municipais 2020";"15/11/2020";"M";"ES";"56057";"ALFREDO CHAVES";56057;"ALFREDO CHAVES";12;37;13;"Vereador";10018;"CAMILA BRUSCHI TONON";1;1228;80000682932;"CRECHE COMECINHO DE GENTE";"AV. DARCY DE PAULA GAIGHER, S/N"
"16/09/2024";"17:49:23";2020;2;"Eleição Ordinária";1;426;"Eleições Municipais 2020";"15/11/2020";"M";"ES";"56057";"ALFREDO CHAVES";56057;"ALFREDO CHAVES";12;15;13;"Vereador";40111;"CHARLES GAIGHER";3;1074;80000666561;"SALÃO DA IGREJA CATÓLICA DE IRIRITIMIRIM";"R. PRINCIPAL, S/ N"
"16/09/2024";"17:49:23";2020;2;"Eleição Ordinária";1;426;"Eleições Municipais 2020";"15/11/2020";"M";"ES";"56057";"ALFREDO CHAVES";56057;"ALFREDO CHAVES";12;3;13;"Vereador";11999;"OSVALDO SGULMARO";16;1015;80000848888;"EMEF ANA ARAÚJO";"R. EXPEDICIONARIO OSVALDO SAUDINO"
"16/09/2024";"17:49:23";2020;2;"Eleição Ordinária";1;426;"Eleições Municipais 2020";"15/11/2020";"M";"ES";"56057";"ALFREDO CHAVES";56057;"ALFREDO CHAVES";12;27;13;"Vereador";40666;"DANIEL ORLANDI";4;1171;80000666556;"EEEFM CAMILA MOTA";"R. NELSON DA COSTA MELLO, S/ N"
"16/09/2024";"17:49:23";2020;2;"Eleição Ordinária";1;426;"Eleições Municipais 2020";"15/11/2020";"M";"ES";"56057";"ALFREDO CHAVES";56057;"ALFREDO CHAVES";12;10;13;"Vereador";40666;"DANIEL ORLANDI";25;1040;80000666556;"EEEF DE CRUBIXÁ";"R. PRINCIPAL, S/ Nº"
"16/09/2024";"17:49:23";2020;2;"Eleição Ordinária";1;426;"Eleições Municipais 2020";"15/11/2020";"M";"ES";"56057";"ALFREDO CHAVES";56057;"ALFREDO CHAVES";12;8;13;"Vereador";40666;"DANIEL ORLANDI";8;1023;80000666556;"GINÁSIO DE ESPORTES DE ALFREDO CHAVES";"RUA NELSON JOSÉ DA COSTA MELO, S/N"
"16/09/2024";"17:49:23";2020;2;"Eleição Ordinária";1;426;"Eleições Municipais 2020";"15/11/2020";"M";"ES";"56057";"ALFREDO CHAVES";56057;"ALFREDO CHAVES";12;15;13;"Vereador";51234;"LUCIANO PINON";15;1074;80000683718;"SALÃO DA IGREJA CATÓLICA DE IRIRITIMIRIM";"R. PRINCIPAL, S/ N"
"16/09/2024";"17:49:23";2020;2;"Eleição Ordinária";1;426;"Eleições Municipais 2020";"15/11/2020";"M";"ES";"56057";"ALFREDO CHAVES";56057;"ALFREDO CHAVES";12;15;13;"Vereador";40321;"GILSON LUIZ BELLON";14;1074;80000666558;"SALÃO DA IGREJA CATÓLICA DE IRIRITIMIRIM";"R. PRINCIPAL, S/ N"
"16/09/2024";"17:49:23";2020;2;"Eleição Ordinária";1;426;"Eleições Municipais 2020";"15/11/2020";"M";"ES";"56057";"ALFREDO CHAVES";56057;"ALFREDO CHAVES";12;18;13;"Vereador";40666;"DANIEL ORLANDI";3;1090;80000666556;"EMEF FELIPE MODOLO";"R. PRINCIPAL, S/ N"
"16/09/2024";"17:49:23";2020;2;"Eleição Ordinária";1;426;"Eleições Municipais 2020";"15/11/2020";"M";"ES";"56057";"ALFREDO CHAVES";56057;"ALFREDO CHAVES";12;3;13;"Vereador";40666;"DANIEL ORLANDI";12;1015;80000666556;"EMEF ANA ARAÚJO";"R. EXPEDICIONARIO OSVALDO SAUDINO"
"16/09/2024";"17:49:23";2020;2;"Eleição Ordinária";1;426;"Eleições Municipais 2020";"15/11/2020";"M";"ES";"56057";"ALFREDO CHAVES";56057;"ALFREDO CHAVES";12;37;13;"Vereador";51222;"GIANNE SMARSARO";1;1228;80000683716;"CRECHE COMECINHO DE GENTE";"AV. DARCY DE PAULA GAIGHER, S/N"
"16/09/2024";"17:49:23";2020;2;"Eleição Ordinária";1;426;"Eleições Municipais 2020";"15/11/2020";"M";"ES";"56057";"ALFREDO CHAVES";56057;"ALFREDO CHAVES";12;21;11;"Prefeito";12;"ARMANDO NOLASCO RIBEIRO";2;1120;80001042824;"EMUEF QUARTO TERRITÓRIO";"R. PRINCIPAL , S/ N"
"16/09/2024";"17:49:23";2020;2;"Eleição Ordinária";1;426;"Eleições Municipais 2020";"15/11/2020";"M";"ES";"56057";"ALFREDO CHAVES";56057;"ALFREDO CHAVES";12;8;13;"Vereador";45369;"DORLEI BRANDY NASCIMENTO";1;1023;80000666646;"GINÁSIO DE ESPORTES DE ALFREDO CHAVES";"RUA NELSON JOSÉ DA COSTA MELO, S/N"
"16/09/2024";"17:49:23";2020;2;"Eleição Ordinária";1;426;"Eleições Municipais 2020";"15/11/2020";"M";"ES";"56057";"ALFREDO CHAVES";56057;"ALFREDO CHAVES";12;19;11;"Prefeito";12;"ARMANDO NOLASCO RIBEIRO";2;1104;80001042824;"SALÃO COMUNITÁRIO DE NOVA ESTRELA";"R. PRINCIPAL, S/ Nº"
"16/09/2024";"17:49:23";2020;2;"Eleição Ordinária";1;426;"Eleições Municipais 2020";"15/11/2020";"M";"ES";"56057";"ALFREDO CHAVES";56057;"ALFREDO CHAVES";12;17;11;"Prefeito";12;"ARMANDO NOLASCO RIBEIRO";10;1090;80001042824;"EMEF FELIPE MODOLO";"R. PRINCIPAL, S/ N"
"16/09/2024";"17:49:23";2020;2;"Eleição Ordinária";1;426;"Eleições Municipais 2020";"15/11/2020";"M";"ES";"56057";"ALFREDO CHAVES";56057;"ALFREDO CHAVES";12;29;11;"Prefeito";12;"ARMANDO NOLASCO RIBEIRO";8;1147;80001042824;"EMEF SÃO BENTO DE URÂNIA";"R. PRINCIPAL, S/ Nº"
"16/09/2024";"17:49:23";2020;2;"Eleição Ordinária";1;426;"Eleições Municipais 2020";"15/11/2020";"M";"ES";"56057";"ALFREDO CHAVES";56057;"ALFREDO CHAVES";12;28;11;"Prefeito";12;"ARMANDO NOLASCO RIBEIRO";3;1074;80001042824;"SALÃO DA IGREJA CATÓLICA DE IRIRITIMIRIM";"R. PRINCIPAL, S/ N"
"16/09/2024";"17:49:23";2020;2;"Eleição Ordinária";1;426;"Eleições Municipais 2020";"15/11/2020";"M";"ES";"56057";"ALFREDO CHAVES";56057;"ALFREDO CHAVES";12;8;13;"Vereador";10333;"CLOVIS D ALMEIDA FILHO";4;1023;80000682924;"GINÁSIO DE ESPORTES DE ALFREDO CHAVES";"RUA NELSON JOSÉ DA COSTA MELO, S/N"
"16/09/2024";"17:49:23";2020;2;"Eleição Ordinária";1;426;"Eleições Municipais 2020";"15/11/2020";"M";"ES";"56057";"ALFREDO CHAVES";56057;"ALFREDO CHAVES";12;18;13;"Vereador";10333;"CLOVIS D ALMEIDA FILHO";2;1090;80000682924;"EMEF FELIPE MODOLO";"R. PRINCIPAL, S/ N"
"16/09/2024";"17:49:23";2020;2;"Eleição Ordinária";1;426;"Eleições Municipais 2020";"15/11/2020";"M";"ES";"56057";"ALFREDO CHAVES";56057;"ALFREDO CHAVES";12;3;13;"Vereador";10333;"CLOVIS D ALMEIDA FILHO";2;1015;80000682924;"EMEF ANA ARAÚJO";"R. EXPEDICIONARIO OSVALDO SAUDINO"
"16/09/2024";"17:49:23";2020;2;"Eleição Ordinária";1;426;"Eleições Municipais 2020";"15/11/2020";"M";"ES";"56057";"ALFREDO CHAVES";56057;"ALFREDO CHAVES";12;8;13;"Vereador";10555;"OTTAVIO EVANGELISTA GOMES";2;1023;80000682929;"GINÁSIO DE ESPORTES DE ALFREDO CHAVES";"RUA NELSON JOSÉ DA COSTA MELO, S/N"
"16/09/2024";"17:49:23";2020;2;"Eleição Ordinária";1;426;"Eleições Municipais 2020";"15/11/2020";"M";"ES";"56057";"ALFREDO CHAVES";56057;"ALFREDO CHAVES";12;8;13;"Vereador";40999;"EMILIA DAS GRAÇAS ALVES PADILHA DOMINGUES";2;1023;80000666562;"GINÁSIO DE ESPORTES DE ALFREDO CHAVES";"RUA NELSON JOSÉ DA COSTA MELO, S/N"
"16/09/2024";"17:49:23";2020;2;"Eleição Ordinária";1;426;"Eleições Municipais 2020";"15/11/2020";"M";"ES";"56057";"ALFREDO CHAVES";56057;"ALFREDO CHAVES";12;3;13;"Vereador";10555;"OTTAVIO EVANGELISTA GOMES";12;1015;80000682929;"EMEF ANA ARAÚJO";"R. EXPEDICIONARIO OSVALDO SAUDINO"
"16/09/2024";"17:49:23";2020;2;"Eleição Ordinária";1;426;"Eleições Municipais 2020";"15/11/2020";"M";"ES";"56057";"ALFREDO CHAVES";56057;"ALFREDO CHAVES";12;9;13;"Vereador";14456;"MARCOS ANTONIO SOARES DOS SANTOS";100;1031;80000683172;"EMEF FAZENDA APARECIDA";"R. PRINCIPAL, S/ Nº"
"16/09/2024";"17:49:23";2020;2;"Eleição Ordinária";1;426;"Eleições Municipais 2020";"15/11/2020";"M";"ES";"56057";"ALFREDO CHAVES";56057;"ALFREDO CHAVES";12;18;13;"Vereador";40999;"EMILIA DAS GRAÇAS ALVES PADILHA DOMINGUES";1;1090;80000666562;"EMEF FELIPE MODOLO";"R. PRINCIPAL, S/ N"
"16/09/2024";"17:49:23";2020;2;"Eleição Ordinária";1;426;"Eleições Municipais 2020";"15/11/2020";"M";"ES";"56057";"ALFREDO CHAVES";56057;"ALFREDO CHAVES";12;3;13;"Vereador";40999;"EMILIA DAS GRAÇAS ALVES PADILHA DOMINGUES";1;1015;80000666562;"EMEF ANA ARAÚJO";"R. EXPEDICIONARIO OSVALDO SAUDINO"
"16/09/2024";"17:49:23";2020;2;"Eleição Ordinária";1;426;"Eleições Municipais 2020";"15/11/2020";"M";"ES";"56057";"ALFREDO CHAVES";56057;"ALFREDO CHAVES";12;1;13;"Vereador";40999;"EMILIA DAS GRAÇAS ALVES PADILHA DOMINGUES";5;1015;80000666562;"EMEF ANA ARAÚJO";"R. EXPEDICIONARIO OSVALDO SAUDINO"
"16/09/2024";"17:49:23";2020;2;"Eleição Ordinária";1;426;"Eleições Municipais 2020";"15/11/2020";"M";"ES";"56057";"ALFREDO CHAVES";56057;"ALFREDO CHAVES";12;7;13;"Vereador";40222;"ROSANA MARIA CARDOSO TAVARES";3;1171;80000666566;"EEEFM CAMILA MOTA";"R. NELSON DA COSTA MELLO, S/ N"
"16/09/2024";"17:49:23";2020;2;"Eleição Ordinária";1;426;"Eleições Municipais 2020";"15/11/2020";"M";"ES";"56057";"ALFREDO CHAVES";56057;"ALFREDO CHAVES";12;2;13;"Vereador";40222;"ROSANA MARIA CARDOSO TAVARES";7;1015;80000666566;"EMEF ANA ARAÚJO";"R. EXPEDICIONARIO OSVALDO SAUDINO"
"16/09/2024";"17:49:23";2020;2;"Eleição Ordinária";1;426;"Eleições Municipais 2020";"15/11/2020";"M";"ES";"56057";"ALFREDO CHAVES";56057;"ALFREDO CHAVES";12;8;13;"Vereador";40400;"MARCELO CRISTIANO CARDOSO FARIA";5;1023;80000666563;"GINÁSIO DE ESPORTES DE ALFREDO CHAVES";"RUA NELSON JOSÉ DA COSTA MELO, S/N"
"16/09/2024";"17:49:23";2020;2;"Eleição Ordinária";1;426;"Eleições Municipais 2020";"15/11/2020";"M";"ES";"56057";"ALFREDO CHAVES";56057;"ALFREDO CHAVES";12;18;13;"Vereador";40400;"MARCELO CRISTIANO CARDOSO FARIA";9;1090;80000666563;"EMEF FELIPE MODOLO";"R. PRINCIPAL, S/ N"
"16/09/2024";"17:49:23";2020;2;"Eleição Ordinária";1;426;"Eleições Municipais 2020";"15/11/2020";"M";"ES";"56057";"ALFREDO CHAVES";56057;"ALFREDO CHAVES";12;20;11;"Prefeito";12;"ARMANDO NOLASCO RIBEIRO";20;1112;80001042824;"SALÃO DA IGREJA CATÓLICA DE CACHOEIRA ALTA";"R. PRINCIPAL, S/ N"
"16/09/2024";"17:49:23";2020;2;"Eleição Ordinária";1;426;"Eleições Municipais 2020";"15/11/2020";"M";"ES";"56057";"ALFREDO CHAVES";56057;"ALFREDO CHAVES";12;14;11;"Prefeito";12;"ARMANDO NOLASCO RIBEIRO";5;1066;80001042824;"SALÃO DA IGREJA CATÓLICA DE SÃO BENTO DE BATATAL";"RUA PRINCIPAL, S/ N"
"16/09/2024";"17:49:23";2020;2;"Eleição Ordinária";1;426;"Eleições Municipais 2020";"15/11/2020";"M";"ES";"56057";"ALFREDO CHAVES";56057;"ALFREDO CHAVES";12;10;13;"Vereador";40400;"MARCELO CRISTIANO CARDOSO FARIA";3;1040;80000666563;"EEEF DE CRUBIXÁ";"R. PRINCIPAL, S/ Nº"
"16/09/2024";"17:49:23";2020;2;"Eleição Ordinária";1;426;"Eleições Municipais 2020";"15/11/2020";"M";"ES";"56057";"ALFREDO CHAVES";56057;"ALFREDO CHAVES";12;35;13;"Vereador";10456;"ADHEMAR CESAR BISSOLI";10;1171;80000682922;"EEEFM CAMILA MOTA";"R. NELSON DA COSTA MELLO, S/ N"
"16/09/2024";"17:49:23";2020;2;"Eleição Ordinária";1;426;"Eleições Municipais 2020";"15/11/2020";"M";"ES";"56057";"ALFREDO CHAVES";56057;"ALFREDO CHAVES";12;30;13;"Vereador";10456;"ADHEMAR CESAR BISSOLI";6;1171;80000682922;"EEEFM CAMILA MOTA";"R. NELSON DA COSTA MELLO, S/ N"
"16/09/2024";"17:49:23";2020;2;"Eleição Ordinária";1;426;"Eleições Municipais 2020";"15/11/2020";"M";"ES";"56057";"ALFREDO CHAVES";56057;"ALFREDO CHAVES";12;34;13;"Vereador";10456;"ADHEMAR CESAR BISSOLI";9;1171;80000682922;"EEEFM CAMILA MOTA";"R. NELSON DA COSTA MELLO, S/ N"
"16/09/2024";"17:49:23";2020;2;"Eleição Ordinária";1;426;"Eleições Municipais 2020";"15/11/2020";"M";"ES";"56057";"ALFREDO CHAVES";56057;"ALFREDO CHAVES";12;6;13;"Vereador";10456;"ADHEMAR CESAR BISSOLI";4;1023;80000682922;"GINÁSIO DE ESPORTES DE ALFREDO CHAVES";"RUA NELSON JOSÉ DA COSTA MELO, S/N"
"16/09/2024";"17:49:23";2020;2;"Eleição Ordinária";1;426;"Eleições Municipais 2020";"15/11/2020";"M";"ES";"56057";"ALFREDO CHAVES";56057;"ALFREDO CHAVES";12;13;13;"Vereador";10456;"ADHEMAR CESAR BISSOLI";4;1058;80000682922;"EEEF ENGANO";"R. PRINCIPAL, S/ Nº"
"16/09/2024";"17:49:23";2020;2;"Eleição Ordinária";1;426;"Eleições Municipais 2020";"15/11/2020";"M";"ES";"56057";"ALFREDO CHAVES";56057;"ALFREDO CHAVES";12;35;13;"Vereador";10010;"DAYARA MARCARINI BIANCHI";1;1171;80000682925;"EEEFM CAMILA MOTA";"R. NELSON DA COSTA MELLO, S/ N"
"16/09/2024";"17:49:23";2020;2;"Eleição Ordinária";1;426;"Eleições Municipais 2020";"15/11/2020";"M";"ES";"56057";"ALFREDO CHAVES";56057;"ALFREDO CHAVES";12;4;13;"Vereador";10456;"ADHEMAR CESAR BISSOLI";10;1015;80000682922;"EMEF ANA ARAÚJO";"R. EXPEDICIONARIO OSVALDO SAUDINO"
"16/09/2024";"17:49:23";2020;2;"Eleição Ordinária";1;426;"Eleições Municipais 2020";"15/11/2020";"M";"ES";"56057";"ALFREDO CHAVES";56057;"ALFREDO CHAVES";12;6;13;"Vereador";10010;"DAYARA MARCARINI BIANCHI";1;1023;80000682925;"GINÁSIO DE ESPORTES DE ALFREDO CHAVES";"RUA NELSON JOSÉ DA COSTA MELO, S/N"
"16/09/2024";"17:49:23";2020;2;"Eleição Ordinária";1;426;"Eleições Municipais 2020";"15/11/2020";"M";"ES";"56057";"ALFREDO CHAVES";56057;"ALFREDO CHAVES";12;10;13;"Vereador";11999;"OSVALDO SGULMARO";2;1040;80000848888;"EEEF DE CRUBIXÁ";"R. PRINCIPAL, S/ Nº"
"16/09/2024";"17:49:23";2020;2;"Eleição Ordinária";1;426;"Eleições Municipais 2020";"15/11/2020";"M";"ES";"56057";"ALFREDO CHAVES";56057;"ALFREDO CHAVES";12;26;13;"Vereador";51311;"NARCISO DE ABREU GRASSI";19;1163;80000683714;"EEUEF VILA NOVA DE MARAVILHA";"R. PRINCIPAL, S/ Nº"
"16/09/2024";"17:49:23";2020;2;"Eleição Ordinária";1;426;"Eleições Municipais 2020";"15/11/2020";"M";"ES";"56057";"ALFREDO CHAVES";56057;"ALFREDO CHAVES";12;13;13;"Vereador";10777;"GLAUCIA DOS SANTOS PEREIRA";1;1058;80000682933;"EEEF ENGANO";"R. PRINCIPAL, S/ Nº"
"16/09/2024";"17:49:23";2020;2;"Eleição Ordinária";1;426;"Eleições Municipais 2020";"15/11/2020";"M";"ES";"56057";"ALFREDO CHAVES";56057;"ALFREDO CHAVES";12;4;13;"Vereador";10010;"DAYARA MARCARINI BIANCHI";1;1015;80000682925;"EMEF ANA ARAÚJO";"R. EXPEDICIONARIO OSVALDO SAUDINO"
"16/09/2024";"17:49:23";2020;2;"Eleição Ordinária";1;426;"Eleições Municipais 2020";"15/11/2020";"M";"ES";"56057";"ALFREDO CHAVES";56057;"ALFREDO CHAVES";12;27;13;"Vereador";45436;"PAULO RITA DE SOUZA";4;1171;80000666653;"EEEFM CAMILA MOTA";"R. NELSON DA COSTA MELLO, S/ N"
"16/09/2024";"17:49:23";2020;2;"Eleição Ordinária";1;426;"Eleições Municipais 2020";"15/11/2020";"M";"ES";"56057";"ALFREDO CHAVES";56057;"ALFREDO CHAVES";12;8;13;"Vereador";10190;"ROMILDO DOMINGOS BORTOLUZZI";6;1023;80000682930;"GINÁSIO DE ESPORTES DE ALFREDO CHAVES";"RUA NELSON JOSÉ DA COSTA MELO, S/N"
"16/09/2024";"17:49:23";2020;2;"Eleição Ordinária";1;426;"Eleições Municipais 2020";"15/11/2020";"M";"ES";"56057";"ALFREDO CHAVES";56057;"ALFREDO CHAVES";12;26;13;"Vereador";11000;"FRANCISCO DE ASSIS JOSÉ DOS SANTOS";8;1163;80000848890;"EEUEF VILA NOVA DE MARAVILHA";"R. PRINCIPAL, S/ Nº"
"16/09/2024";"17:49:23";2020;2;"Eleição Ordinária";1;426;"Eleições Municipais 2020";"15/11/2020";"M";"ES";"56057";"ALFREDO CHAVES";56057;"ALFREDO CHAVES";12;8;13;"Vereador";45436;"PAULO RITA DE SOUZA";1;1023;80000666653;"GINÁSIO DE ESPORTES DE ALFREDO CHAVES";"RUA NELSON JOSÉ DA COSTA MELO, S/N"
"16/09/2024";"17:49:23";2020;2;"Eleição Ordinária";1;426;"Eleições Municipais 2020";"15/11/2020";"M";"ES";"56057";"ALFREDO CHAVES";56057;"ALFREDO CHAVES";12;18;13;"Vereador";10190;"ROMILDO DOMINGOS BORTOLUZZI";3;1090;80000682930;"EMEF FELIPE MODOLO";"R. PRINCIPAL, S/ N"
"16/09/2024";"17:49:23";2020;2;"Eleição Ordinária";1;426;"Eleições Municipais 2020";"15/11/2020";"M";"ES";"56057";"ALFREDO CHAVES";56057;"ALFREDO CHAVES";12;3;13;"Vereador";45436;"PAULO RITA DE SOUZA";3;1015;80000666653;"EMEF ANA ARAÚJO";"R. EXPEDICIONARIO OSVALDO SAUDINO"
"16/09/2024";"17:49:23";2020;2;"Eleição Ordinária";1;426;"Eleições Municipais 2020";"15/11/2020";"M";"ES";"56057";"ALFREDO CHAVES";56057;"ALFREDO CHAVES";12;10;13;"Vereador";10190;"ROMILDO DOMINGOS BORTOLUZZI";10;1040;80000682930;"EEEF DE CRUBIXÁ";"R. PRINCIPAL, S/ Nº"
"16/09/2024";"17:49:23";2020;2;"Eleição Ordinária";1;426;"Eleições Municipais 2020";"15/11/2020";"M";"ES";"56057";"ALFREDO CHAVES";56057;"ALFREDO CHAVES";12;41;13;"Vereador";40400;"MARCELO CRISTIANO CARDOSO FARIA";7;1236;80000666563;"NACCA-ANTIGO PETI";"RUA THOMAZ COELHO, S/N AO LADO DA BIBLIOTECA MUNICIPAL"
"16/09/2024";"17:49:23";2020;2;"Eleição Ordinária";1;426;"Eleições Municipais 2020";"15/11/2020";"M";"ES";"56057";"ALFREDO CHAVES";56057;"ALFREDO CHAVES";12;27;13;"Vereador";10190;"ROMILDO DOMINGOS BORTOLUZZI";3;1171;80000682930;"EEEFM CAMILA MOTA";"R. NELSON DA COSTA MELLO, S/ N"
"16/09/2024";"17:49:23";2020;2;"Eleição Ordinária";1;426;"Eleições Municipais 2020";"15/11/2020";"M";"ES";"56057";"ALFREDO CHAVES";56057;"ALFREDO CHAVES";12;26;13;"Vereador";40400;"MARCELO CRISTIANO CARDOSO FARIA";4;1163;80000666563;"EEUEF VILA NOVA DE MARAVILHA";"R. PRINCIPAL, S/ Nº"
"16/09/2024";"17:49:23";2020;2;"Eleição Ordinária";1;426;"Eleições Municipais 2020";"15/11/2020";"M";"ES";"56057";"ALFREDO CHAVES";56057;"ALFREDO CHAVES";12;27;11;"Prefeito";10;"RONALDO BIANCHI";140;1171;80000682642;"EEEFM CAMILA MOTA";"R. NELSON DA COSTA MELLO, S/ N"
"16/09/2024";"17:49:23";2020;2;"Eleição Ordinária";1;426;"Eleições Municipais 2020";"15/11/2020";"M";"ES";"56057";"ALFREDO CHAVES";56057;"ALFREDO CHAVES";12;10;11;"Prefeito";10;"RONALDO BIANCHI";77;1040;80000682642;"EEEF DE CRUBIXÁ";"R. PRINCIPAL, S/ Nº"
"16/09/2024";"17:49:23";2020;2;"Eleição Ordinária";1;426;"Eleições Municipais 2020";"15/11/2020";"M";"ES";"56057";"ALFREDO CHAVES";56057;"ALFREDO CHAVES";12;8;11;"Prefeito";10;"RONALDO BIANCHI";100;1023;80000682642;"GINÁSIO DE ESPORTES DE ALFREDO CHAVES";"RUA NELSON JOSÉ DA COSTA MELO, S/N"
"16/09/2024";"17:49:23";2020;2;"Eleição Ordinária";1;426;"Eleições Municipais 2020";"15/11/2020";"M";"ES";"56057";"ALFREDO CHAVES";56057;"ALFREDO CHAVES";12;18;11;"Prefeito";10;"RONALDO BIANCHI";94;1090;80000682642;"EMEF FELIPE MODOLO";"R. PRINCIPAL, S/ N"
"16/09/2024";"17:49:23";2020;2;"Eleição Ordinária";1;426;"Eleições Municipais 2020";"15/11/2020";"M";"ES";"56057";"ALFREDO CHAVES";56057;"ALFREDO CHAVES";12;3;11;"Prefeito";10;"RONALDO BIANCHI";125;1015;80000682642;"EMEF ANA ARAÚJO";"R. EXPEDICIONARIO OSVALDO SAUDINO"
"16/09/2024";"17:49:23";2020;2;"Eleição Ordinária";1;426;"Eleições Municipais 2020";"15/11/2020";"M";"ES";"56057";"ALFREDO CHAVES";56057;"ALFREDO CHAVES";12;8;13;"Vereador";45123;"ORLY PEREIRA";2;1023;80000666648;"GINÁSIO DE ESPORTES DE ALFREDO CHAVES";"RUA NELSON JOSÉ DA COSTA MELO, S/N"
"16/09/2024";"17:49:23";2020;2;"Eleição Ordinária";1;426;"Eleições Municipais 2020";"15/11/2020";"M";"ES";"56057";"ALFREDO CHAVES";56057;"ALFREDO CHAVES";12;18;13;"Vereador";45123;"ORLY PEREIRA";3;1090;80000666648;"EMEF FELIPE MODOLO";"R. PRINCIPAL, S/ N"
"16/09/2024";"17:49:23";2020;2;"Eleição Ordinária";1;426;"Eleições Municipais 2020";"15/11/2020";"M";"ES";"56057";"ALFREDO CHAVES";56057;"ALFREDO CHAVES";12;3;13;"Vereador";45123;"ORLY PEREIRA";3;1015;80000666648;"EMEF ANA ARAÚJO";"R. EXPEDICIONARIO OSVALDO SAUDINO"
"16/09/2024";"17:49:23";2020;2;"Eleição Ordinária";1;426;"Eleições Municipais 2020";"15/11/2020";"M";"ES";"56057";"ALFREDO CHAVES";56057;"ALFREDO CHAVES";12;30;13;"Vereador";10190;"ROMILDO DOMINGOS BORTOLUZZI";4;1171;80000682930;"EEEFM CAMILA MOTA";"R. NELSON DA COSTA MELLO, S/ N"
"16/09/2024";"17:49:23";2020;2;"Eleição Ordinária";1;426;"Eleições Municipais 2020";"15/11/2020";"M";"ES";"56057";"ALFREDO CHAVES";56057;"ALFREDO CHAVES";12;34;13;"Vereador";10190;"ROMILDO DOMINGOS BORTOLUZZI";6;1171;80000682930;"EEEFM CAMILA MOTA";"R. NELSON DA COSTA MELLO, S/ N"
"16/09/2024";"17:49:23";2020;2;"Eleição Ordinária";1;426;"Eleições Municipais 2020";"15/11/2020";"M";"ES";"56057";"ALFREDO CHAVES";56057;"ALFREDO CHAVES";12;6;13;"Vereador";10190;"ROMILDO DOMINGOS BORTOLUZZI";5;1023;80000682930;"GINÁSIO DE ESPORTES DE ALFREDO CHAVES";"RUA NELSON JOSÉ DA COSTA MELO, S/N"
"16/09/2024";"17:49:23";2020;2;"Eleição Ordinária";1;426;"Eleições Municipais 2020";"15/11/2020";"M";"ES";"56057";"ALFREDO CHAVES";56057;"ALFREDO CHAVES";12;41;13;"Vereador";10345;"ARMANDO ZANATA INGLE RIBEIRO";7;1236;80000682931;"NACCA-ANTIGO PETI";"RUA THOMAZ COELHO, S/N AO LADO DA BIBLIOTECA MUNICIPAL"
"16/09/2024";"17:49:23";2020;2;"Eleição Ordinária";1;426;"Eleições Municipais 2020";"15/11/2020";"M";"ES";"56057";"ALFREDO CHAVES";56057;"ALFREDO CHAVES";12;12;13;"Vereador";10190;"ROMILDO DOMINGOS BORTOLUZZI";26;1058;80000682930;"EEEF ENGANO";"R. PRINCIPAL, S/ Nº"
"16/09/2024";"17:49:23";2020;2;"Eleição Ordinária";1;426;"Eleições Municipais 2020";"15/11/2020";"M";"ES";"56057";"ALFREDO CHAVES";56057;"ALFREDO CHAVES";12;22;13;"Vereador";10456;"ADHEMAR CESAR BISSOLI";42;1139;80000682922;"EMEF SAGRADA FAMÍLIA";"R. PRINCIPAL, S/ N"
"16/09/2024";"17:49:23";2020;2;"Eleição Ordinária";1;426;"Eleições Municipais 2020";"15/11/2020";"M";"ES";"56057";"ALFREDO CHAVES";56057;"ALFREDO CHAVES";12;35;13;"Vereador";10190;"ROMILDO DOMINGOS BORTOLUZZI";3;1171;80000682930;"EEEFM CAMILA MOTA";"R. NELSON DA COSTA MELLO, S/ N"
"16/09/2024";"17:49:23";2020;2;"Eleição Ordinária";1;426;"Eleições Municipais 2020";"15/11/2020";"M";"ES";"56057";"ALFREDO CHAVES";56057;"ALFREDO CHAVES";12;22;13;"Vereador";45100;"SERGIO BIANCHI";7;1139;80000666641;"EMEF SAGRADA FAMÍLIA";"R. PRINCIPAL, S/ N"
"16/09/2024";"17:49:23";2020;2;"Eleição Ordinária";1;426;"Eleições Municipais 2020";"15/11/2020";"M";"ES";"56057";"ALFREDO CHAVES";56057;"ALFREDO CHAVES";12;41;13;"Vereador";10456;"ADHEMAR CESAR BISSOLI";3;1236;80000682922;"NACCA-ANTIGO PETI";"RUA THOMAZ COELHO, S/N AO LADO DA BIBLIOTECA MUNICIPAL"
"16/09/2024";"17:49:23";2020;2;"Eleição Ordinária";1;426;"Eleições Municipais 2020";"15/11/2020";"M";"ES";"56057";"ALFREDO CHAVES";56057;"ALFREDO CHAVES";12;22;13;"Vereador";10345;"ARMANDO ZANATA INGLE RIBEIRO";7;1139;80000682931;"EMEF SAGRADA FAMÍLIA";"R. PRINCIPAL, S/ N"
"16/09/2024";"17:49:23";2020;2;"Eleição Ordinária";1;426;"Eleições Municipais 2020";"15/11/2020";"M";"ES";"56057";"ALFREDO CHAVES";56057;"ALFREDO CHAVES";12;27;13;"Vereador";40999;"EMILIA DAS GRAÇAS ALVES PADILHA DOMINGUES";10;1171;80000666562;"EEEFM CAMILA MOTA";"R. NELSON DA COSTA MELLO, S/ N"
"16/09/2024";"17:49:23";2020;2;"Eleição Ordinária";1;426;"Eleições Municipais 2020";"15/11/2020";"M";"ES";"56057";"ALFREDO CHAVES";56057;"ALFREDO CHAVES";12;27;13;"Vereador";10555;"OTTAVIO EVANGELISTA GOMES";5;1171;80000682929;"EEEFM CAMILA MOTA";"R. NELSON DA COSTA MELLO, S/ N"
"16/09/2024";"17:49:23";2020;2;"Eleição Ordinária";1;426;"Eleições Municipais 2020";"15/11/2020";"M";"ES";"56057";"ALFREDO CHAVES";56057;"ALFREDO CHAVES";12;10;13;"Vereador";40999;"EMILIA DAS GRAÇAS ALVES PADILHA DOMINGUES";5;1040;80000666562;"EEEF DE CRUBIXÁ";"R. PRINCIPAL, S/ Nº"
"16/09/2024";"17:49:23";2020;2;"Eleição Ordinária";1;426;"Eleições Municipais 2020";"15/11/2020";"M";"ES";"56057";"ALFREDO CHAVES";56057;"ALFREDO CHAVES";12;27;13;"Vereador";40222;"ROSANA MARIA CARDOSO TAVARES";1;1171;80000666566;"EEEFM CAMILA MOTA";"R. NELSON DA COSTA MELLO, S/ N"
"16/09/2024";"17:49:23";2020;2;"Eleição Ordinária";1;426;"Eleições Municipais 2020";"15/11/2020";"M";"ES";"56057";"ALFREDO CHAVES";56057;"ALFREDO CHAVES";12;8;13;"Vereador";51000;"SILVANA RAMOS DA SILVA";5;1023;80000683713;"GINÁSIO DE ESPORTES DE ALFREDO CHAVES";"RUA NELSON JOSÉ DA COSTA MELO, S/N"
"16/09/2024";"17:49:23";2020;2;"Eleição Ordinária";1;426;"Eleições Municipais 2020";"15/11/2020";"M";"ES";"56057";"ALFREDO CHAVES";56057;"ALFREDO CHAVES";12;18;13;"Vereador";95;"VOTO BRANCO";2;1090;-1;"EMEF FELIPE MODOLO";"R. PRINCIPAL, S/ N"
"16/09/2024";"17:49:23";2020;2;"Eleição Ordinária";1;426;"Eleições Municipais 2020";"15/11/2020";"M";"ES";"56057";"ALFREDO CHAVES";56057;"ALFREDO CHAVES";12;27;13;"Vereador";10333;"CLOVIS D ALMEIDA FILHO";5;1171;80000682924;"EEEFM CAMILA MOTA";"R. NELSON DA COSTA MELLO, S/ N"
"16/09/2024";"17:49:23";2020;2;"Eleição Ordinária";1;426;"Eleições Municipais 2020";"15/11/2020";"M";"ES";"56057";"ALFREDO CHAVES";56057;"ALFREDO CHAVES";12;41;13;"Vereador";45100;"SERGIO BIANCHI";6;1236;80000666641;"NACCA-ANTIGO PETI";"RUA THOMAZ COELHO, S/N AO LADO DA BIBLIOTECA MUNICIPAL"
"16/09/2024";"17:49:23";2020;2;"Eleição Ordinária";1;426;"Eleições Municipais 2020";"15/11/2020";"M";"ES";"56057";"ALFREDO CHAVES";56057;"ALFREDO CHAVES";12;18;13;"Vereador";51000;"SILVANA RAMOS DA SILVA";1;1090;80000683713;"EMEF FELIPE MODOLO";"R. PRINCIPAL, S/ N"
"16/09/2024";"17:49:23";2020;2;"Eleição Ordinária";1;426;"Eleições Municipais 2020";"15/11/2020";"M";"ES";"56057";"ALFREDO CHAVES";56057;"ALFREDO CHAVES";12;3;13;"Vereador";51000;"SILVANA RAMOS DA SILVA";1;1015;80000683713;"EMEF ANA ARAÚJO";"R. EXPEDICIONARIO OSVALDO SAUDINO"
"16/09/2024";"17:49:23";2020;2;"Eleição Ordinária";1;426;"Eleições Municipais 2020";"15/11/2020";"M";"ES";"56057";"ALFREDO CHAVES";56057;"ALFREDO CHAVES";12;3;13;"Vereador";95;"VOTO BRANCO";6;1015;-1;"EMEF ANA ARAÚJO";"R. EXPEDICIONARIO OSVALDO SAUDINO"
"16/09/2024";"17:49:23";2020;2;"Eleição Ordinária";1;426;"Eleições Municipais 2020";"15/11/2020";"M";"ES";"56057";"ALFREDO CHAVES";56057;"ALFREDO CHAVES";12;8;13;"Vereador";95;"VOTO BRANCO";5;1023;-1;"GINÁSIO DE ESPORTES DE ALFREDO CHAVES";"RUA NELSON JOSÉ DA COSTA MELO, S/N"
"16/09/2024";"17:49:23";2020;2;"Eleição Ordinária";1;426;"Eleições Municipais 2020";"15/11/2020";"M";"ES";"56057";"ALFREDO CHAVES";56057;"ALFREDO CHAVES";12;6;13;"Vereador";14999;"HELENA MARIA FIORIN FAVERO";1;1023;80000683171;"GINÁSIO DE ESPORTES DE ALFREDO CHAVES";"RUA NELSON JOSÉ DA COSTA MELO, S/N"
"16/09/2024";"17:49:23";2020;2;"Eleição Ordinária";1;426;"Eleições Municipais 2020";"15/11/2020";"M";"ES";"56057";"ALFREDO CHAVES";56057;"ALFREDO CHAVES";12;4;13;"Vereador";40555;"DULCIANE BRUNORO ESTEVES";1;1015;80000666569;"EMEF ANA ARAÚJO";"R. EXPEDICIONARIO OSVALDO SAUDINO"
"16/09/2024";"17:49:23";2020;2;"Eleição Ordinária";1;426;"Eleições Municipais 2020";"15/11/2020";"M";"ES";"56057";"ALFREDO CHAVES";56057;"ALFREDO CHAVES";12;41;13;"Vereador";40147;"ARLETE MARIA MOCELIM NATAL";2;1236;80000666557;"NACCA-ANTIGO PETI";"RUA THOMAZ COELHO, S/N AO LADO DA BIBLIOTECA MUNICIPAL"
"16/09/2024";"17:49:23";2020;2;"Eleição Ordinária";1;426;"Eleições Municipais 2020";"15/11/2020";"M";"ES";"56057";"ALFREDO CHAVES";56057;"ALFREDO CHAVES";12;41;13;"Vereador";14455;"MIGUEL ANTONIO MARTINS CLEN";7;1236;80000683176;"NACCA-ANTIGO PETI";"RUA THOMAZ COELHO, S/N AO LADO DA BIBLIOTECA MUNICIPAL"
"16/09/2024";"17:49:23";2020;2;"Eleição Ordinária";1;426;"Eleições Municipais 2020";"15/11/2020";"M";"ES";"56057";"ALFREDO CHAVES";56057;"ALFREDO CHAVES";12;37;13;"Vereador";10345;"ARMANDO ZANATA INGLE RIBEIRO";7;1228;80000682931;"CRECHE COMECINHO DE GENTE";"AV. DARCY DE PAULA GAIGHER, S/N"
"16/09/2024";"17:49:23";2020;2;"Eleição Ordinária";1;426;"Eleições Municipais 2020";"15/11/2020";"M";"ES";"56057";"ALFREDO CHAVES";56057;"ALFREDO CHAVES";12;27;13;"Vereador";45222;"OSNEIA JOSE ALVES CARDOSO";1;1171;80000666650;"EEEFM CAMILA MOTA";"R. NELSON DA COSTA MELLO, S/ N"
"16/09/2024";"17:49:23";2020;2;"Eleição Ordinária";1;426;"Eleições Municipais 2020";"15/11/2020";"M";"ES";"56057";"ALFREDO CHAVES";56057;"ALFREDO CHAVES";12;37;13;"Vereador";10456;"ADHEMAR CESAR BISSOLI";3;1228;80000682922;"CRECHE COMECINHO DE GENTE";"AV. DARCY DE PAULA GAIGHER, S/N"
"16/09/2024";"17:49:23";2020;2;"Eleição Ordinária";1;426;"Eleições Municipais 2020";"15/11/2020";"M";"ES";"56057";"ALFREDO CHAVES";56057;"ALFREDO CHAVES";12;18;13;"Vereador";45222;"OSNEIA JOSE ALVES CARDOSO";1;1090;80000666650;"EMEF FELIPE MODOLO";"R. PRINCIPAL, S/ N"
"16/09/2024";"17:49:23";2020;2;"Eleição Ordinária";1;426;"Eleições Municipais 2020";"15/11/2020";"M";"ES";"56057";"ALFREDO CHAVES";56057;"ALFREDO CHAVES";12;3;13;"Vereador";45222;"OSNEIA JOSE ALVES CARDOSO";2;1015;80000666650;"EMEF ANA ARAÚJO";"R. EXPEDICIONARIO OSVALDO SAUDINO"
"16/09/2024";"17:49:23";2020;2;"Eleição Ordinária";1;426;"Eleições Municipais 2020";"15/11/2020";"M";"ES";"56057";"ALFREDO CHAVES";56057;"ALFREDO CHAVES";12;12;13;"Vereador";14999;"HELENA MARIA FIORIN FAVERO";22;1058;80000683171;"EEEF ENGANO";"R. PRINCIPAL, S/ Nº"
"16/09/2024";"17:49:23";2020;2;"Eleição Ordinária";1;426;"Eleições Municipais 2020";"15/11/2020";"M";"ES";"56057";"ALFREDO CHAVES";56057;"ALFREDO CHAVES";12;31;13;"Vereador";14999;"HELENA MARIA FIORIN FAVERO";1;1171;80000683171;"EEEFM CAMILA MOTA";"R. NELSON DA COSTA MELLO, S/ N"
"16/09/2024";"17:49:23";2020;2;"Eleição Ordinária";1;426;"Eleições Municipais 2020";"15/11/2020";"M";"ES";"56057";"ALFREDO CHAVES";56057;"ALFREDO CHAVES";12;41;13;"Vereador";45321;"VALDIRENE BRANDÃO ANDRADE SÓRIO";1;1236;80000666654;"NACCA-ANTIGO PETI";"RUA THOMAZ COELHO, S/N AO LADO DA BIBLIOTECA MUNICIPAL"
"16/09/2024";"17:49:23";2020;2;"Eleição Ordinária";1;426;"Eleições Municipais 2020";"15/11/2020";"M";"ES";"56057";"ALFREDO CHAVES";56057;"ALFREDO CHAVES";12;27;13;"Vereador";95;"VOTO BRANCO";4;1171;-1;"EEEFM CAMILA MOTA";"R. NELSON DA COSTA MELLO, S/ N"
"16/09/2024";"17:49:23";2020;2;"Eleição Ordinária";1;426;"Eleições Municipais 2020";"15/11/2020";"M";"ES";"56057";"ALFREDO CHAVES";56057;"ALFREDO CHAVES";12;27;13;"Vereador";45123;"ORLY PEREIRA";2;1171;80000666648;"EEEFM CAMILA MOTA";"R. NELSON DA COSTA MELLO, S/ N"
"16/09/2024";"17:49:23";2020;2;"Eleição Ordinária";1;426;"Eleições Municipais 2020";"15/11/2020";"M";"ES";"56057";"ALFREDO CHAVES";56057;"ALFREDO CHAVES";12;10;13;"Vereador";95;"VOTO BRANCO";10;1040;-1;"EEEF DE CRUBIXÁ";"R. PRINCIPAL, S/ Nº"
"16/09/2024";"17:49:23";2020;2;"Eleição Ordinária";1;426;"Eleições Municipais 2020";"15/11/2020";"M";"ES";"56057";"ALFREDO CHAVES";56057;"ALFREDO CHAVES";12;37;11;"Prefeito";10;"RONALDO BIANCHI";89;1228;80000682642;"CRECHE COMECINHO DE GENTE";"AV. DARCY DE PAULA GAIGHER, S/N"
"16/09/2024";"17:49:23";2020;2;"Eleição Ordinária";1;426;"Eleições Municipais 2020";"15/11/2020";"M";"ES";"56057";"ALFREDO CHAVES";56057;"ALFREDO CHAVES";12;21;13;"Vereador";45333;"DIEYSON GONÇALVES DA ROSA";3;1120;80000666652;"EMUEF QUARTO TERRITÓRIO";"R. PRINCIPAL , S/ N"
"16/09/2024";"17:49:23";2020;2;"Eleição Ordinária";1;426;"Eleições Municipais 2020";"15/11/2020";"M";"ES";"56057";"ALFREDO CHAVES";56057;"ALFREDO CHAVES";12;3;13;"Vereador";10190;"ROMILDO DOMINGOS BORTOLUZZI";5;1015;80000682930;"EMEF ANA ARAÚJO";"R. EXPEDICIONARIO OSVALDO SAUDINO"
"16/09/2024";"17:49:23";2020;2;"Eleição Ordinária";1;426;"Eleições Municipais 2020";"15/11/2020";"M";"ES";"56057";"ALFREDO CHAVES";56057;"ALFREDO CHAVES";12;6;13;"Vereador";10777;"GLAUCIA DOS SANTOS PEREIRA";1;1023;80000682933;"GINÁSIO DE ESPORTES DE ALFREDO CHAVES";"RUA NELSON JOSÉ DA COSTA MELO, S/N"
"16/09/2024";"17:49:23";2020;2;"Eleição Ordinária";1;426;"Eleições Municipais 2020";"15/11/2020";"M";"ES";"56057";"ALFREDO CHAVES";56057;"ALFREDO CHAVES";12;41;13;"Vereador";45666;"PETRONIO LOUSADA";1;1236;80000666643;"NACCA-ANTIGO PETI";"RUA THOMAZ COELHO, S/N AO LADO DA BIBLIOTECA MUNICIPAL"
"16/09/2024";"17:49:23";2020;2;"Eleição Ordinária";1;426;"Eleições Municipais 2020";"15/11/2020";"M";"ES";"56057";"ALFREDO CHAVES";56057;"ALFREDO CHAVES";12;22;13;"Vereador";40400;"MARCELO CRISTIANO CARDOSO FARIA";2;1139;80000666563;"EMEF SAGRADA FAMÍLIA";"R. PRINCIPAL, S/ N"
"16/09/2024";"17:49:23";2020;2;"Eleição Ordinária";1;426;"Eleições Municipais 2020";"15/11/2020";"M";"ES";"56057";"ALFREDO CHAVES";56057;"ALFREDO CHAVES";12;3;13;"Vereador";40555;"DULCIANE BRUNORO ESTEVES";1;1015;80000666569;"EMEF ANA ARAÚJO";"R. EXPEDICIONARIO OSVALDO SAUDINO"
"16/09/2024";"17:49:23";2020;2;"Eleição Ordinária";1;426;"Eleições Municipais 2020";"15/11/2020";"M";"ES";"56057";"ALFREDO CHAVES";56057;"ALFREDO CHAVES";12;41;13;"Vereador";11000;"FRANCISCO DE ASSIS JOSÉ DOS SANTOS";8;1236;80000848890;"NACCA-ANTIGO PETI";"RUA THOMAZ COELHO, S/N AO LADO DA BIBLIOTECA MUNICIPAL"
"16/09/2024";"17:49:23";2020;2;"Eleição Ordinária";1;426;"Eleições Municipais 2020";"15/11/2020";"M";"ES";"56057";"ALFREDO CHAVES";56057;"ALFREDO CHAVES";12;22;13;"Vereador";11000;"FRANCISCO DE ASSIS JOSÉ DOS SANTOS";4;1139;80000848890;"EMEF SAGRADA FAMÍLIA";"R. PRINCIPAL, S/ N"
"16/09/2024";"17:49:23";2020;2;"Eleição Ordinária";1;426;"Eleições Municipais 2020";"15/11/2020";"M";"ES";"56057";"ALFREDO CHAVES";56057;"ALFREDO CHAVES";12;1;13;"Vereador";40321;"GILSON LUIZ BELLON";1;1015;80000666558;"EMEF ANA ARAÚJO";"R. EXPEDICIONARIO OSVALDO SAUDINO"
"16/09/2024";"17:49:23";2020;2;"Eleição Ordinária";1;426;"Eleições Municipais 2020";"15/11/2020";"M";"ES";"56057";"ALFREDO CHAVES";56057;"ALFREDO CHAVES";12;11;13;"Vereador";40321;"GILSON LUIZ BELLON";2;1040;80000666558;"EEEF DE CRUBIXÁ";"R. PRINCIPAL, S/ Nº"
"16/09/2024";"17:49:23";2020;2;"Eleição Ordinária";1;426;"Eleições Municipais 2020";"15/11/2020";"M";"ES";"56057";"ALFREDO CHAVES";56057;"ALFREDO CHAVES";12;27;13;"Vereador";51000;"SILVANA RAMOS DA SILVA";9;1171;80000683713;"EEEFM CAMILA MOTA";"R. NELSON DA COSTA MELLO, S/ N"
"16/09/2024";"17:49:23";2020;2;"Eleição Ordinária";1;426;"Eleições Municipais 2020";"15/11/2020";"M";"ES";"56057";"ALFREDO CHAVES";56057;"ALFREDO CHAVES";12;7;13;"Vereador";40321;"GILSON LUIZ BELLON";4;1171;80000666558;"EEEFM CAMILA MOTA";"R. NELSON DA COSTA MELLO, S/ N"
"16/09/2024";"17:49:23";2020;2;"Eleição Ordinária";1;426;"Eleições Municipais 2020";"15/11/2020";"M";"ES";"56057";"ALFREDO CHAVES";56057;"ALFREDO CHAVES";12;11;13;"Vereador";51234;"LUCIANO PINON";1;1040;80000683718;"EEEF DE CRUBIXÁ";"R. PRINCIPAL, S/ Nº"
"16/09/2024";"17:49:23";2020;2;"Eleição Ordinária";1;426;"Eleições Municipais 2020";"15/11/2020";"M";"ES";"56057";"ALFREDO CHAVES";56057;"ALFREDO CHAVES";12;25;13;"Vereador";40321;"GILSON LUIZ BELLON";37;1155;80000666558;"EEUEF CAROLINA";"R. PRINCIPAL, S/ Nº"
"16/09/2024";"17:49:23";2020;2;"Eleição Ordinária";1;426;"Eleições Municipais 2020";"15/11/2020";"M";"ES";"56057";"ALFREDO CHAVES";56057;"ALFREDO CHAVES";12;16;13;"Vereador";40321;"GILSON LUIZ BELLON";6;1082;80000666558;"EMUEF ALMERINDA BRUNORO";"R. PRINCIPAL, S/ N"
"16/09/2024";"17:49:23";2020;2;"Eleição Ordinária";1;426;"Eleições Municipais 2020";"15/11/2020";"M";"ES";"56057";"ALFREDO CHAVES";56057;"ALFREDO CHAVES";12;40;13;"Vereador";40321;"GILSON LUIZ BELLON";5;1236;80000666558;"NACCA-ANTIGO PETI";"RUA THOMAZ COELHO, S/N AO LADO DA BIBLIOTECA MUNICIPAL"
"16/09/2024";"17:49:23";2020;2;"Eleição Ordinária";1;426;"Eleições Municipais 2020";"15/11/2020";"M";"ES";"56057";"ALFREDO CHAVES";56057;"ALFREDO CHAVES";12;35;13;"Vereador";45436;"PAULO RITA DE SOUZA";1;1171;80000666653;"EEEFM CAMILA MOTA";"R. NELSON DA COSTA MELLO, S/ N"
"16/09/2024";"17:49:23";2020;2;"Eleição Ordinária";1;426;"Eleições Municipais 2020";"15/11/2020";"M";"ES";"56057";"ALFREDO CHAVES";56057;"ALFREDO CHAVES";12;31;13;"Vereador";10190;"ROMILDO DOMINGOS BORTOLUZZI";3;1171;80000682930;"EEEFM CAMILA MOTA";"R. NELSON DA COSTA MELLO, S/ N"
"16/09/2024";"17:49:23";2020;2;"Eleição Ordinária";1;426;"Eleições Municipais 2020";"15/11/2020";"M";"ES";"56057";"ALFREDO CHAVES";56057;"ALFREDO CHAVES";12;37;13;"Vereador";10555;"OTTAVIO EVANGELISTA GOMES";3;1228;80000682929;"CRECHE COMECINHO DE GENTE";"AV. DARCY DE PAULA GAIGHER, S/N"
"16/09/2024";"17:49:23";2020;2;"Eleição Ordinária";1;426;"Eleições Municipais 2020";"15/11/2020";"M";"ES";"56057";"ALFREDO CHAVES";56057;"ALFREDO CHAVES";12;30;13;"Vereador";45436;"PAULO RITA DE SOUZA";2;1171;80000666653;"EEEFM CAMILA MOTA";"R. NELSON DA COSTA MELLO, S/ N"
"16/09/2024";"17:49:23";2020;2;"Eleição Ordinária";1;426;"Eleições Municipais 2020";"15/11/2020";"M";"ES";"56057";"ALFREDO CHAVES";56057;"ALFREDO CHAVES";12;21;13;"Vereador";10345;"ARMANDO ZANATA INGLE RIBEIRO";4;1120;80000682931;"EMUEF QUARTO TERRITÓRIO";"R. PRINCIPAL , S/ N"
"16/09/2024";"17:49:23";2020;2;"Eleição Ordinária";1;426;"Eleições Municipais 2020";"15/11/2020";"M";"ES";"56057";"ALFREDO CHAVES";56057;"ALFREDO CHAVES";12;6;13;"Vereador";45436;"PAULO RITA DE SOUZA";1;1023;80000666653;"GINÁSIO DE ESPORTES DE ALFREDO CHAVES";"RUA NELSON JOSÉ DA COSTA MELO, S/N"
"16/09/2024";"17:49:23";2020;2;"Eleição Ordinária";1;426;"Eleições Municipais 2020";"15/11/2020";"M";"ES";"56057";"ALFREDO CHAVES";56057;"ALFREDO CHAVES";12;13;13;"Vereador";10190;"ROMILDO DOMINGOS BORTOLUZZI";25;1058;80000682930;"EEEF ENGANO";"R. PRINCIPAL, S/ Nº"
"16/09/2024";"17:49:23";2020;2;"Eleição Ordinária";1;426;"Eleições Municipais 2020";"15/11/2020";"M";"ES";"56057";"ALFREDO CHAVES";56057;"ALFREDO CHAVES";12;13;13;"Vereador";45436;"PAULO RITA DE SOUZA";2;1058;80000666653;"EEEF ENGANO";"R. PRINCIPAL, S/ Nº"
"16/09/2024";"17:49:23";2020;2;"Eleição Ordinária";1;426;"Eleições Municipais 2020";"15/11/2020";"M";"ES";"56057";"ALFREDO CHAVES";56057;"ALFREDO CHAVES";12;19;13;"Vereador";10345;"ARMANDO ZANATA INGLE RIBEIRO";2;1104;80000682931;"SALÃO COMUNITÁRIO DE NOVA ESTRELA";"R. PRINCIPAL, S/ Nº"
"16/09/2024";"17:49:23";2020;2;"Eleição Ordinária";1;426;"Eleições Municipais 2020";"15/11/2020";"M";"ES";"56057";"ALFREDO CHAVES";56057;"ALFREDO CHAVES";12;4;13;"Vereador";45436;"PAULO RITA DE SOUZA";1;1015;80000666653;"EMEF ANA ARAÚJO";"R. EXPEDICIONARIO OSVALDO SAUDINO"
"16/09/2024";"17:49:23";2020;2;"Eleição Ordinária";1;426;"Eleições Municipais 2020";"15/11/2020";"M";"ES";"56057";"ALFREDO CHAVES";56057;"ALFREDO CHAVES";12;11;13;"Vereador";14456;"MARCOS ANTONIO SOARES DOS SANTOS";1;1040;80000683172;"EEEF DE CRUBIXÁ";"R. PRINCIPAL, S/ Nº"
"16/09/2024";"17:49:23";2020;2;"Eleição Ordinária";1;426;"Eleições Municipais 2020";"15/11/2020";"M";"ES";"56057";"ALFREDO CHAVES";56057;"ALFREDO CHAVES";12;17;13;"Vereador";10345;"ARMANDO ZANATA INGLE RIBEIRO";4;1090;80000682931;"EMEF FELIPE MODOLO";"R. PRINCIPAL, S/ N"
"16/09/2024";"17:49:23";2020;2;"Eleição Ordinária";1;426;"Eleições Municipais 2020";"15/11/2020";"M";"ES";"56057";"ALFREDO CHAVES";56057;"ALFREDO CHAVES";12;6;13;"Vereador";40555;"DULCIANE BRUNORO ESTEVES";1;1023;80000666569;"GINÁSIO DE ESPORTES DE ALFREDO CHAVES";"RUA NELSON JOSÉ DA COSTA MELO, S/N"
"16/09/2024";"17:49:23";2020;2;"Eleição Ordinária";1;426;"Eleições Municipais 2020";"15/11/2020";"M";"ES";"56057";"ALFREDO CHAVES";56057;"ALFREDO CHAVES";12;28;13;"Vereador";10345;"ARMANDO ZANATA INGLE RIBEIRO";3;1074;80000682931;"SALÃO DA IGREJA CATÓLICA DE IRIRITIMIRIM";"R. PRINCIPAL, S/ N"
"16/09/2024";"17:49:23";2020;2;"Eleição Ordinária";1;426;"Eleições Municipais 2020";"15/11/2020";"M";"ES";"56057";"ALFREDO CHAVES";56057;"ALFREDO CHAVES";12;29;13;"Vereador";10345;"ARMANDO ZANATA INGLE RIBEIRO";3;1147;80000682931;"EMEF SÃO BENTO DE URÂNIA";"R. PRINCIPAL, S/ Nº"
"16/09/2024";"17:49:23";2020;2;"Eleição Ordinária";1;426;"Eleições Municipais 2020";"15/11/2020";"M";"ES";"56057";"ALFREDO CHAVES";56057;"ALFREDO CHAVES";12;4;13;"Vereador";10190;"ROMILDO DOMINGOS BORTOLUZZI";3;1015;80000682930;"EMEF ANA ARAÚJO";"R. EXPEDICIONARIO OSVALDO SAUDINO"
"16/09/2024";"17:49:23";2020;2;"Eleição Ordinária";1;426;"Eleições Municipais 2020";"15/11/2020";"M";"ES";"56057";"ALFREDO CHAVES";56057;"ALFREDO CHAVES";12;13;13;"Vereador";14999;"HELENA MARIA FIORIN FAVERO";10;1058;80000683171;"EEEF ENGANO";"R. PRINCIPAL, S/ Nº"
"16/09/2024";"17:49:23";2020;2;"Eleição Ordinária";1;426;"Eleições Municipais 2020";"15/11/2020";"M";"ES";"56057";"ALFREDO CHAVES";56057;"ALFREDO CHAVES";12;20;13;"Vereador";10000;"CAMILA CETTO GIORI";41;1112;80000682935;"SALÃO DA IGREJA CATÓLICA DE CACHOEIRA ALTA";"R. PRINCIPAL, S/ N"
"16/09/2024";"17:49:23";2020;2;"Eleição Ordinária";1;426;"Eleições Municipais 2020";"15/11/2020";"M";"ES";"56057";"ALFREDO CHAVES";56057;"ALFREDO CHAVES";12;37;13;"Vereador";95;"VOTO BRANCO";3;1228;-1;"CRECHE COMECINHO DE GENTE";"AV. DARCY DE PAULA GAIGHER, S/N"
"16/09/2024";"17:49:23";2020;2;"Eleição Ordinária";1;426;"Eleições Municipais 2020";"15/11/2020";"M";"ES";"56057";"ALFREDO CHAVES";56057;"ALFREDO CHAVES";12;18;13;"Vereador";51;"Patriota";1;1090;-3;"EMEF FELIPE MODOLO";"R. PRINCIPAL, S/ N"
"16/09/2024";"17:49:23";2020;2;"Eleição Ordinária";1;426;"Eleições Municipais 2020";"15/11/2020";"M";"ES";"56057";"ALFREDO CHAVES";56057;"ALFREDO CHAVES";12;3;13;"Vereador";51;"Patriota";1;1015;-3;"EMEF ANA ARAÚJO";"R. EXPEDICIONARIO OSVALDO SAUDINO"
"16/09/2024";"17:49:23";2020;2;"Eleição Ordinária";1;426;"Eleições Municipais 2020";"15/11/2020";"M";"ES";"56057";"ALFREDO CHAVES";56057;"ALFREDO CHAVES";12;18;13;"Vereador";40;"Partido Socialista Brasileiro";6;1090;-3;"EMEF FELIPE MODOLO";"R. PRINCIPAL, S/ N"
"16/09/2024";"17:49:23";2020;2;"Eleição Ordinária";1;426;"Eleições Municipais 2020";"15/11/2020";"M";"ES";"56057";"ALFREDO CHAVES";56057;"ALFREDO CHAVES";12;8;13;"Vereador";40;"Partido Socialista Brasileiro";5;1023;-3;"GINÁSIO DE ESPORTES DE ALFREDO CHAVES";"RUA NELSON JOSÉ DA COSTA MELO, S/N"
"16/09/2024";"17:49:23";2020;2;"Eleição Ordinária";1;426;"Eleições Municipais 2020";"15/11/2020";"M";"ES";"56057";"ALFREDO CHAVES";56057;"ALFREDO CHAVES";12;10;13;"Vereador";40;"Partido Socialista Brasileiro";10;1040;-3;"EEEF DE CRUBIXÁ";"R. PRINCIPAL, S/ Nº"
"16/09/2024";"17:49:23";2020;2;"Eleição Ordinária";1;426;"Eleições Municipais 2020";"15/11/2020";"M";"ES";"56057";"ALFREDO CHAVES";56057;"ALFREDO CHAVES";12;27;13;"Vereador";40;"Partido Socialista Brasileiro";10;1171;-3;"EEEFM CAMILA MOTA";"R. NELSON DA COSTA MELLO, S/ N"
"16/09/2024";"17:49:23";2020;2;"Eleição Ordinária";1;426;"Eleições Municipais 2020";"15/11/2020";"M";"ES";"56057";"ALFREDO CHAVES";56057;"ALFREDO CHAVES";12;3;13;"Vereador";40;"Partido Socialista Brasileiro";7;1015;-3;"EMEF ANA ARAÚJO";"R. EXPEDICIONARIO OSVALDO SAUDINO"
"16/09/2024";"17:49:23";2020;2;"Eleição Ordinária";1;426;"Eleições Municipais 2020";"15/11/2020";"M";"ES";"56057";"ALFREDO CHAVES";56057;"ALFREDO CHAVES";12;31;13;"Vereador";95;"VOTO BRANCO";7;1171;-1;"EEEFM CAMILA MOTA";"R. NELSON DA COSTA MELLO, S/ N"
"16/09/2024";"17:49:23";2020;2;"Eleição Ordinária";1;426;"Eleições Municipais 2020";"15/11/2020";"M";"ES";"56057";"ALFREDO CHAVES";56057;"ALFREDO CHAVES";12;18;13;"Vereador";14555;"LUIZ GONZAGA CIBIN";2;1090;80000683169;"EMEF FELIPE MODOLO";"R. PRINCIPAL, S/ N"
"16/09/2024";"17:49:23";2020;2;"Eleição Ordinária";1;426;"Eleições Municipais 2020";"15/11/2020";"M";"ES";"56057";"ALFREDO CHAVES";56057;"ALFREDO CHAVES";12;3;13;"Vereador";14555;"LUIZ GONZAGA CIBIN";1;1015;80000683169;"EMEF ANA ARAÚJO";"R. EXPEDICIONARIO OSVALDO SAUDINO"
"16/09/2024";"17:49:23";2020;2;"Eleição Ordinária";1;426;"Eleições Municipais 2020";"15/11/2020";"M";"ES";"56057";"ALFREDO CHAVES";56057;"ALFREDO CHAVES";12;30;13;"Vereador";14999;"HELENA MARIA FIORIN FAVERO";1;1171;80000683171;"EEEFM CAMILA MOTA";"R. NELSON DA COSTA MELLO, S/ N"
"16/09/2024";"17:49:23";2020;2;"Eleição Ordinária";1;426;"Eleições Municipais 2020";"15/11/2020";"M";"ES";"56057";"ALFREDO CHAVES";56057;"ALFREDO CHAVES";12;35;13;"Vereador";45321;"VALDIRENE BRANDÃO ANDRADE SÓRIO";4;1171;80000666654;"EEEFM CAMILA MOTA";"R. NELSON DA COSTA MELLO, S/ N"
"16/09/2024";"17:49:23";2020;2;"Eleição Ordinária";1;426;"Eleições Municipais 2020";"15/11/2020";"M";"ES";"56057";"ALFREDO CHAVES";56057;"ALFREDO CHAVES";12;31;13;"Vereador";10018;"CAMILA BRUSCHI TONON";1;1171;80000682932;"EEEFM CAMILA MOTA";"R. NELSON DA COSTA MELLO, S/ N"
"16/09/2024";"17:49:23";2020;2;"Eleição Ordinária";1;426;"Eleições Municipais 2020";"15/11/2020";"M";"ES";"56057";"ALFREDO CHAVES";56057;"ALFREDO CHAVES";12;10;13;"Vereador";40321;"GILSON LUIZ BELLON";2;1040;80000666558;"EEEF DE CRUBIXÁ";"R. PRINCIPAL, S/ Nº"
"16/09/2024";"17:49:23";2020;2;"Eleição Ordinária";1;426;"Eleições Municipais 2020";"15/11/2020";"M";"ES";"56057";"ALFREDO CHAVES";56057;"ALFREDO CHAVES";12;27;13;"Vereador";51234;"LUCIANO PINON";3;1171;80000683718;"EEEFM CAMILA MOTA";"R. NELSON DA COSTA MELLO, S/ N"
"16/09/2024";"17:49:23";2020;2;"Eleição Ordinária";1;426;"Eleições Municipais 2020";"15/11/2020";"M";"ES";"56057";"ALFREDO CHAVES";56057;"ALFREDO CHAVES";12;35;13;"Vereador";10018;"CAMILA BRUSCHI TONON";2;1171;80000682932;"EEEFM CAMILA MOTA";"R. NELSON DA COSTA MELLO, S/ N"
"16/09/2024";"17:49:23";2020;2;"Eleição Ordinária";1;426;"Eleições Municipais 2020";"15/11/2020";"M";"ES";"56057";"ALFREDO CHAVES";56057;"ALFREDO CHAVES";12;25;13;"Vereador";51234;"LUCIANO PINON";16;1155;80000683718;"EEUEF CAROLINA";"R. PRINCIPAL, S/ Nº"
"16/09/2024";"17:49:23";2020;2;"Eleição Ordinária";1;426;"Eleições Municipais 2020";"15/11/2020";"M";"ES";"56057";"ALFREDO CHAVES";56057;"ALFREDO CHAVES";12;2;13;"Vereador";51234;"LUCIANO PINON";4;1015;80000683718;"EMEF ANA ARAÚJO";"R. EXPEDICIONARIO OSVALDO SAUDINO"
"16/09/2024";"17:49:23";2020;2;"Eleição Ordinária";1;426;"Eleições Municipais 2020";"15/11/2020";"M";"ES";"56057";"ALFREDO CHAVES";56057;"ALFREDO CHAVES";12;16;13;"Vereador";51234;"LUCIANO PINON";6;1082;80000683718;"EMUEF ALMERINDA BRUNORO";"R. PRINCIPAL, S/ N"
"16/09/2024";"17:49:23";2020;2;"Eleição Ordinária";1;426;"Eleições Municipais 2020";"15/11/2020";"M";"ES";"56057";"ALFREDO CHAVES";56057;"ALFREDO CHAVES";12;40;13;"Vereador";51234;"LUCIANO PINON";1;1236;80000683718;"NACCA-ANTIGO PETI";"RUA THOMAZ COELHO, S/N AO LADO DA BIBLIOTECA MUNICIPAL"
"16/09/2024";"17:49:23";2020;2;"Eleição Ordinária";1;426;"Eleições Municipais 2020";"15/11/2020";"M";"ES";"56057";"ALFREDO CHAVES";56057;"ALFREDO CHAVES";12;85;13;"Vereador";14;"Partido Trabalhista Brasileiro";2;1244;-3;"CRECHE PEQUERRUCHOS";"RUA ANTÔNIO CLAUDIO GAIGHER, 19"
"16/09/2024";"17:49:23";2020;2;"Eleição Ordinária";1;426;"Eleições Municipais 2020";"15/11/2020";"M";"ES";"56057";"ALFREDO CHAVES";56057;"ALFREDO CHAVES";12;9;13;"Vereador";14;"Partido Trabalhista Brasileiro";2;1031;-3;"EMEF FAZENDA APARECIDA";"R. PRINCIPAL, S/ Nº"
"16/09/2024";"17:49:23";2020;2;"Eleição Ordinária";1;426;"Eleições Municipais 2020";"15/11/2020";"M";"ES";"56057";"ALFREDO CHAVES";56057;"ALFREDO CHAVES";12;12;13;"Vereador";14;"Partido Trabalhista Brasileiro";1;1058;-3;"EEEF ENGANO";"R. PRINCIPAL, S/ Nº"
"16/09/2024";"17:49:23";2020;2;"Eleição Ordinária";1;426;"Eleições Municipais 2020";"15/11/2020";"M";"ES";"56057";"ALFREDO CHAVES";56057;"ALFREDO CHAVES";12;13;13;"Vereador";14;"Partido Trabalhista Brasileiro";2;1058;-3;"EEEF ENGANO";"R. PRINCIPAL, S/ Nº"
"16/09/2024";"17:49:23";2020;2;"Eleição Ordinária";1;426;"Eleições Municipais 2020";"15/11/2020";"M";"ES";"56057";"ALFREDO CHAVES";56057;"ALFREDO CHAVES";12;21;13;"Vereador";14;"Partido Trabalhista Brasileiro";1;1120;-3;"EMUEF QUARTO TERRITÓRIO";"R. PRINCIPAL , S/ N"
"16/09/2024";"17:49:23";2020;2;"Eleição Ordinária";1;426;"Eleições Municipais 2020";"15/11/2020";"M";"ES";"56057";"ALFREDO CHAVES";56057;"ALFREDO CHAVES";12;17;13;"Vereador";14;"Partido Trabalhista Brasileiro";1;1090;-3;"EMEF FELIPE MODOLO";"R. PRINCIPAL, S/ N"
"16/09/2024";"17:49:23";2020;2;"Eleição Ordinária";1;426;"Eleições Municipais 2020";"15/11/2020";"M";"ES";"56057";"ALFREDO CHAVES";56057;"ALFREDO CHAVES";12;8;11;"Prefeito";40;"FERNANDO VIDEIRA LAFAYETTE";118;1023;80000680338;"GINÁSIO DE ESPORTES DE ALFREDO CHAVES";"RUA NELSON JOSÉ DA COSTA MELO, S/N"
"16/09/2024";"17:49:23";2020;2;"Eleição Ordinária";1;426;"Eleições Municipais 2020";"15/11/2020";"M";"ES";"56057";"ALFREDO CHAVES";56057;"ALFREDO CHAVES";12;20;13;"Vereador";14;"Partido Trabalhista Brasileiro";1;1112;-3;"SALÃO DA IGREJA CATÓLICA DE CACHOEIRA ALTA";"R. PRINCIPAL, S/ N"
"16/09/2024";"17:49:23";2020;2;"Eleição Ordinária";1;426;"Eleições Municipais 2020";"15/11/2020";"M";"ES";"56057";"ALFREDO CHAVES";56057;"ALFREDO CHAVES";12;18;11;"Prefeito";40;"FERNANDO VIDEIRA LAFAYETTE";128;1090;80000680338;"EMEF FELIPE MODOLO";"R. PRINCIPAL, S/ N"
"16/09/2024";"17:49:23";2020;2;"Eleição Ordinária";1;426;"Eleições Municipais 2020";"15/11/2020";"M";"ES";"56057";"ALFREDO CHAVES";56057;"ALFREDO CHAVES";12;3;11;"Prefeito";40;"FERNANDO VIDEIRA LAFAYETTE";171;1015;80000680338;"EMEF ANA ARAÚJO";"R. EXPEDICIONARIO OSVALDO SAUDINO"
"16/09/2024";"17:49:23";2020;2;"Eleição Ordinária";1;426;"Eleições Municipais 2020";"15/11/2020";"M";"ES";"56057";"ALFREDO CHAVES";56057;"ALFREDO CHAVES";12;85;13;"Vereador";10111;"RENATO VETTORACI";3;1244;80000682934;"CRECHE PEQUERRUCHOS";"RUA ANTÔNIO CLAUDIO GAIGHER, 19"
"16/09/2024";"17:49:23";2020;2;"Eleição Ordinária";1;426;"Eleições Municipais 2020";"15/11/2020";"M";"ES";"56057";"ALFREDO CHAVES";56057;"ALFREDO CHAVES";12;23;13;"Vereador";10111;"RENATO VETTORACI";1;1139;80000682934;"EMEF SAGRADA FAMÍLIA";"R. PRINCIPAL, S/ N"
"16/09/2024";"17:49:23";2020;2;"Eleição Ordinária";1;426;"Eleições Municipais 2020";"15/11/2020";"M";"ES";"56057";"ALFREDO CHAVES";56057;"ALFREDO CHAVES";12;21;11;"Prefeito";95;"VOTO BRANCO";1;1120;-1;"EMUEF QUARTO TERRITÓRIO";"R. PRINCIPAL , S/ N"
"16/09/2024";"17:49:23";2020;2;"Eleição Ordinária";1;426;"Eleições Municipais 2020";"15/11/2020";"M";"ES";"56057";"ALFREDO CHAVES";56057;"ALFREDO CHAVES";12;19;11;"Prefeito";95;"VOTO BRANCO";1;1104;-1;"SALÃO COMUNITÁRIO DE NOVA ESTRELA";"R. PRINCIPAL, S/ Nº"
"16/09/2024";"17:49:23";2020;2;"Eleição Ordinária";1;426;"Eleições Municipais 2020";"15/11/2020";"M";"ES";"56057";"ALFREDO CHAVES";56057;"ALFREDO CHAVES";12;17;11;"Prefeito";95;"VOTO BRANCO";6;1090;-1;"EMEF FELIPE MODOLO";"R. PRINCIPAL, S/ N"
"16/09/2024";"17:49:23";2020;2;"Eleição Ordinária";1;426;"Eleições Municipais 2020";"15/11/2020";"M";"ES";"56057";"ALFREDO CHAVES";56057;"ALFREDO CHAVES";12;8;13;"Vereador";14;"Partido Trabalhista Brasileiro";2;1023;-3;"GINÁSIO DE ESPORTES DE ALFREDO CHAVES";"RUA NELSON JOSÉ DA COSTA MELO, S/N"
"16/09/2024";"17:49:23";2020;2;"Eleição Ordinária";1;426;"Eleições Municipais 2020";"15/11/2020";"M";"ES";"56057";"ALFREDO CHAVES";56057;"ALFREDO CHAVES";12;10;13;"Vereador";14;"Partido Trabalhista Brasileiro";1;1040;-3;"EEEF DE CRUBIXÁ";"R. PRINCIPAL, S/ Nº"
"16/09/2024";"17:49:23";2020;2;"Eleição Ordinária";1;426;"Eleições Municipais 2020";"15/11/2020";"M";"ES";"56057";"ALFREDO CHAVES";56057;"ALFREDO CHAVES";12;3;13;"Vereador";14;"Partido Trabalhista Brasileiro";1;1015;-3;"EMEF ANA ARAÚJO";"R. EXPEDICIONARIO OSVALDO SAUDINO"
"16/09/2024";"17:49:23";2020;2;"Eleição Ordinária";1;426;"Eleições Municipais 2020";"15/11/2020";"M";"ES";"56057";"ALFREDO CHAVES";56057;"ALFREDO CHAVES";12;29;11;"Prefeito";95;"VOTO BRANCO";13;1147;-1;"EMEF SÃO BENTO DE URÂNIA";"R. PRINCIPAL, S/ Nº"
"16/09/2024";"17:49:23";2020;2;"Eleição Ordinária";1;426;"Eleições Municipais 2020";"15/11/2020";"M";"ES";"56057";"ALFREDO CHAVES";56057;"ALFREDO CHAVES";12;28;11;"Prefeito";95;"VOTO BRANCO";8;1074;-1;"SALÃO DA IGREJA CATÓLICA DE IRIRITIMIRIM";"R. PRINCIPAL, S/ N"
"16/09/2024";"17:49:23";2020;2;"Eleição Ordinária";1;426;"Eleições Municipais 2020";"15/11/2020";"M";"ES";"56057";"ALFREDO CHAVES";56057;"ALFREDO CHAVES";12;37;13;"Vereador";10333;"CLOVIS D ALMEIDA FILHO";9;1228;80000682924;"CRECHE COMECINHO DE GENTE";"AV. DARCY DE PAULA GAIGHER, S/N"
"16/09/2024";"17:49:23";2020;2;"Eleição Ordinária";1;426;"Eleições Municipais 2020";"15/11/2020";"M";"ES";"56057";"ALFREDO CHAVES";56057;"ALFREDO CHAVES";12;14;11;"Prefeito";95;"VOTO BRANCO";1;1066;-1;"SALÃO DA IGREJA CATÓLICA DE SÃO BENTO DE BATATAL";"RUA PRINCIPAL, S/ N"
"16/09/2024";"17:49:23";2020;2;"Eleição Ordinária";1;426;"Eleições Municipais 2020";"15/11/2020";"M";"ES";"56057";"ALFREDO CHAVES";56057;"ALFREDO CHAVES";12;37;13;"Vereador";40999;"EMILIA DAS GRAÇAS ALVES PADILHA DOMINGUES";2;1228;80000666562;"CRECHE COMECINHO DE GENTE";"AV. DARCY DE PAULA GAIGHER, S/N"
"16/09/2024";"17:49:23";2020;2;"Eleição Ordinária";1;426;"Eleições Municipais 2020";"15/11/2020";"M";"ES";"56057";"ALFREDO CHAVES";56057;"ALFREDO CHAVES";12;21;11;"Prefeito";40;"FERNANDO VIDEIRA LAFAYETTE";204;1120;80000680338;"EMUEF QUARTO TERRITÓRIO";"R. PRINCIPAL , S/ N"
"16/09/2024";"17:49:23";2020;2;"Eleição Ordinária";1;426;"Eleições Municipais 2020";"15/11/2020";"M";"ES";"56057";"ALFREDO CHAVES";56057;"ALFREDO CHAVES";12;1;13;"Vereador";40400;"MARCELO CRISTIANO CARDOSO FARIA";8;1015;80000666563;"EMEF ANA ARAÚJO";"R. EXPEDICIONARIO OSVALDO SAUDINO"
"16/09/2024";"17:49:23";2020;2;"Eleição Ordinária";1;426;"Eleições Municipais 2020";"15/11/2020";"M";"ES";"56057";"ALFREDO CHAVES";56057;"ALFREDO CHAVES";12;11;13;"Vereador";40400;"MARCELO CRISTIANO CARDOSO FARIA";2;1040;80000666563;"EEEF DE CRUBIXÁ";"R. PRINCIPAL, S/ Nº"
"16/09/2024";"17:49:23";2020;2;"Eleição Ordinária";1;426;"Eleições Municipais 2020";"15/11/2020";"M";"ES";"56057";"ALFREDO CHAVES";56057;"ALFREDO CHAVES";12;40;13;"Vereador";45666;"PETRONIO LOUSADA";1;1236;80000666643;"NACCA-ANTIGO PETI";"RUA THOMAZ COELHO, S/N AO LADO DA BIBLIOTECA MUNICIPAL"
"16/09/2024";"17:49:23";2020;2;"Eleição Ordinária";1;426;"Eleições Municipais 2020";"15/11/2020";"M";"ES";"56057";"ALFREDO CHAVES";56057;"ALFREDO CHAVES";12;35;13;"Vereador";95;"VOTO BRANCO";5;1171;-1;"EEEFM CAMILA MOTA";"R. NELSON DA COSTA MELLO, S/ N"
"16/09/2024";"17:49:23";2020;2;"Eleição Ordinária";1;426;"Eleições Municipais 2020";"15/11/2020";"M";"ES";"56057";"ALFREDO CHAVES";56057;"ALFREDO CHAVES";12;7;13;"Vereador";40400;"MARCELO CRISTIANO CARDOSO FARIA";12;1171;80000666563;"EEEFM CAMILA MOTA";"R. NELSON DA COSTA MELLO, S/ N"
"16/09/2024";"17:49:23";2020;2;"Eleição Ordinária";1;426;"Eleições Municipais 2020";"15/11/2020";"M";"ES";"56057";"ALFREDO CHAVES";56057;"ALFREDO CHAVES";12;25;13;"Vereador";40400;"MARCELO CRISTIANO CARDOSO FARIA";7;1155;80000666563;"EEUEF CAROLINA";"R. PRINCIPAL, S/ Nº"
"16/09/2024";"17:49:23";2020;2;"Eleição Ordinária";1;426;"Eleições Municipais 2020";"15/11/2020";"M";"ES";"56057";"ALFREDO CHAVES";56057;"ALFREDO CHAVES";12;2;13;"Vereador";40400;"MARCELO CRISTIANO CARDOSO FARIA";7;1015;80000666563;"EMEF ANA ARAÚJO";"R. EXPEDICIONARIO OSVALDO SAUDINO"
"16/09/2024";"17:49:23";2020;2;"Eleição Ordinária";1;426;"Eleições Municipais 2020";"15/11/2020";"M";"ES";"56057";"ALFREDO CHAVES";56057;"ALFREDO CHAVES";12;16;13;"Vereador";40400;"MARCELO CRISTIANO CARDOSO FARIA";59;1082;80000666563;"EMUEF ALMERINDA BRUNORO";"R. PRINCIPAL, S/ N"
"16/09/2024";"17:49:23";2020;2;"Eleição Ordinária";1;426;"Eleições Municipais 2020";"15/11/2020";"M";"ES";"56057";"ALFREDO CHAVES";56057;"ALFREDO CHAVES";12;40;13;"Vereador";40400;"MARCELO CRISTIANO CARDOSO FARIA";10;1236;80000666563;"NACCA-ANTIGO PETI";"RUA THOMAZ COELHO, S/N AO LADO DA BIBLIOTECA MUNICIPAL"
"16/09/2024";"17:49:23";2020;2;"Eleição Ordinária";1;426;"Eleições Municipais 2020";"15/11/2020";"M";"ES";"56057";"ALFREDO CHAVES";56057;"ALFREDO CHAVES";12;31;11;"Prefeito";40;"FERNANDO VIDEIRA LAFAYETTE";174;1171;80000680338;"EEEFM CAMILA MOTA";"R. NELSON DA COSTA MELLO, S/ N"
"16/09/2024";"17:49:23";2020;2;"Eleição Ordinária";1;426;"Eleições Municipais 2020";"15/11/2020";"M";"ES";"56057";"ALFREDO CHAVES";56057;"ALFREDO CHAVES";12;12;11;"Prefeito";40;"FERNANDO VIDEIRA LAFAYETTE";143;1058;80000680338;"EEEF ENGANO";"R. PRINCIPAL, S/ Nº"
"16/09/2024";"17:49:23";2020;2;"Eleição Ordinária";1;426;"Eleições Municipais 2020";"15/11/2020";"M";"ES";"56057";"ALFREDO CHAVES";56057;"ALFREDO CHAVES";12;6;11;"Prefeito";40;"FERNANDO VIDEIRA LAFAYETTE";104;1023;80000680338;"GINÁSIO DE ESPORTES DE ALFREDO CHAVES";"RUA NELSON JOSÉ DA COSTA MELO, S/N"
"16/09/2024";"17:49:23";2020;2;"Eleição Ordinária";1;426;"Eleições Municipais 2020";"15/11/2020";"M";"ES";"56057";"ALFREDO CHAVES";56057;"ALFREDO CHAVES";12;34;11;"Prefeito";40;"FERNANDO VIDEIRA LAFAYETTE";151;1171;80000680338;"EEEFM CAMILA MOTA";"R. NELSON DA COSTA MELLO, S/ N"
"16/09/2024";"17:49:23";2020;2;"Eleição Ordinária";1;426;"Eleições Municipais 2020";"15/11/2020";"M";"ES";"56057";"ALFREDO CHAVES";56057;"ALFREDO CHAVES";12;35;11;"Prefeito";40;"FERNANDO VIDEIRA LAFAYETTE";150;1171;80000680338;"EEEFM CAMILA MOTA";"R. NELSON DA COSTA MELLO, S/ N"
"16/09/2024";"17:49:23";2020;2;"Eleição Ordinária";1;426;"Eleições Municipais 2020";"15/11/2020";"M";"ES";"56057";"ALFREDO CHAVES";56057;"ALFREDO CHAVES";12;30;11;"Prefeito";40;"FERNANDO VIDEIRA LAFAYETTE";180;1171;80000680338;"EEEFM CAMILA MOTA";"R. NELSON DA COSTA MELLO, S/ N"
"16/09/2024";"17:49:23";2020;2;"Eleição Ordinária";1;426;"Eleições Municipais 2020";"15/11/2020";"M";"ES";"56057";"ALFREDO CHAVES";56057;"ALFREDO CHAVES";12;13;11;"Prefeito";40;"FERNANDO VIDEIRA LAFAYETTE";166;1058;80000680338;"EEEF ENGANO";"R. PRINCIPAL, S/ Nº"
"16/09/2024";"17:49:23";2020;2;"Eleição Ordinária";1;426;"Eleições Municipais 2020";"15/11/2020";"M";"ES";"56057";"ALFREDO CHAVES";56057;"ALFREDO CHAVES";12;4;11;"Prefeito";40;"FERNANDO VIDEIRA LAFAYETTE";172;1015;80000680338;"EMEF ANA ARAÚJO";"R. EXPEDICIONARIO OSVALDO SAUDINO"
"16/09/2024";"17:49:23";2020;2;"Eleição Ordinária";1;426;"Eleições Municipais 2020";"15/11/2020";"M";"ES";"56057";"ALFREDO CHAVES";56057;"ALFREDO CHAVES";12;12;13;"Vereador";95;"VOTO BRANCO";4;1058;-1;"EEEF ENGANO";"R. PRINCIPAL, S/ Nº"
"16/09/2024";"17:49:23";2020;2;"Eleição Ordinária";1;426;"Eleições Municipais 2020";"15/11/2020";"M";"ES";"56057";"ALFREDO CHAVES";56057;"ALFREDO CHAVES";12;30;13;"Vereador";95;"VOTO BRANCO";5;1171;-1;"EEEFM CAMILA MOTA";"R. NELSON DA COSTA MELLO, S/ N"
"16/09/2024";"17:49:23";2020;2;"Eleição Ordinária";1;426;"Eleições Municipais 2020";"15/11/2020";"M";"ES";"56057";"ALFREDO CHAVES";56057;"ALFREDO CHAVES";12;34;13;"Vereador";95;"VOTO BRANCO";5;1171;-1;"EEEFM CAMILA MOTA";"R. NELSON DA COSTA MELLO, S/ N"
"16/09/2024";"17:49:23";2020;2;"Eleição Ordinária";1;426;"Eleições Municipais 2020";"15/11/2020";"M";"ES";"56057";"ALFREDO CHAVES";56057;"ALFREDO CHAVES";12;20;11;"Prefeito";95;"VOTO BRANCO";3;1112;-1;"SALÃO DA IGREJA CATÓLICA DE CACHOEIRA ALTA";"R. PRINCIPAL, S/ N"
"16/09/2024";"17:49:23";2020;2;"Eleição Ordinária";1;426;"Eleições Municipais 2020";"15/11/2020";"M";"ES";"56057";"ALFREDO CHAVES";56057;"ALFREDO CHAVES";12;6;13;"Vereador";95;"VOTO BRANCO";6;1023;-1;"GINÁSIO DE ESPORTES DE ALFREDO CHAVES";"RUA NELSON JOSÉ DA COSTA MELO, S/N"
"16/09/2024";"17:49:23";2020;2;"Eleição Ordinária";1;426;"Eleições Municipais 2020";"15/11/2020";"M";"ES";"56057";"ALFREDO CHAVES";56057;"ALFREDO CHAVES";12;85;13;"Vereador";11123;"CRISTIANO GRILLO";5;1244;80000848889;"CRECHE PEQUERRUCHOS";"RUA ANTÔNIO CLAUDIO GAIGHER, 19"
"16/09/2024";"17:49:23";2020;2;"Eleição Ordinária";1;426;"Eleições Municipais 2020";"15/11/2020";"M";"ES";"56057";"ALFREDO CHAVES";56057;"ALFREDO CHAVES";12;23;13;"Vereador";11123;"CRISTIANO GRILLO";2;1139;80000848889;"EMEF SAGRADA FAMÍLIA";"R. PRINCIPAL, S/ N"
"16/09/2024";"17:49:23";2020;2;"Eleição Ordinária";1;426;"Eleições Municipais 2020";"15/11/2020";"M";"ES";"56057";"ALFREDO CHAVES";56057;"ALFREDO CHAVES";12;15;13;"Vereador";40400;"MARCELO CRISTIANO CARDOSO FARIA";16;1074;80000666563;"SALÃO DA IGREJA CATÓLICA DE IRIRITIMIRIM";"R. PRINCIPAL, S/ N"
"16/09/2024";"17:49:23";2020;2;"Eleição Ordinária";1;426;"Eleições Municipais 2020";"15/11/2020";"M";"ES";"56057";"ALFREDO CHAVES";56057;"ALFREDO CHAVES";12;1;13;"Vereador";45666;"PETRONIO LOUSADA";1;1015;80000666643;"EMEF ANA ARAÚJO";"R. EXPEDICIONARIO OSVALDO SAUDINO"
"16/09/2024";"17:49:23";2020;2;"Eleição Ordinária";1;426;"Eleições Municipais 2020";"15/11/2020";"M";"ES";"56057";"ALFREDO CHAVES";56057;"ALFREDO CHAVES";12;24;13;"Vereador";40400;"MARCELO CRISTIANO CARDOSO FARIA";2;1147;80000666563;"EMEF SÃO BENTO DE URÂNIA";"R. PRINCIPAL, S/ Nº"
"16/09/2024";"17:49:23";2020;2;"Eleição Ordinária";1;426;"Eleições Municipais 2020";"15/11/2020";"M";"ES";"56057";"ALFREDO CHAVES";56057;"ALFREDO CHAVES";12;31;13;"Vereador";45321;"VALDIRENE BRANDÃO ANDRADE SÓRIO";3;1171;80000666654;"EEEFM CAMILA MOTA";"R. NELSON DA COSTA MELLO, S/ N"
"16/09/2024";"17:49:23";2020;2;"Eleição Ordinária";1;426;"Eleições Municipais 2020";"15/11/2020";"M";"ES";"56057";"ALFREDO CHAVES";56057;"ALFREDO CHAVES";12;29;13;"Vereador";10;"REPUBLICANOS";2;1147;-3;"EMEF SÃO BENTO DE URÂNIA";"R. PRINCIPAL, S/ Nº"
"16/09/2024";"17:49:23";2020;2;"Eleição Ordinária";1;426;"Eleições Municipais 2020";"15/11/2020";"M";"ES";"56057";"ALFREDO CHAVES";56057;"ALFREDO CHAVES";12;29;13;"Vereador";45;"Partido da Social Democracia Brasileira";5;1147;-3;"EMEF SÃO BENTO DE URÂNIA";"R. PRINCIPAL, S/ Nº"
"16/09/2024";"17:49:23";2020;2;"Eleição Ordinária";1;426;"Eleições Municipais 2020";"15/11/2020";"M";"ES";"56057";"ALFREDO CHAVES";56057;"ALFREDO CHAVES";12;85;13;"Vereador";10;"REPUBLICANOS";2;1244;-3;"CRECHE PEQUERRUCHOS";"RUA ANTÔNIO CLAUDIO GAIGHER, 19"
"16/09/2024";"17:49:23";2020;2;"Eleição Ordinária";1;426;"Eleições Municipais 2020";"15/11/2020";"M";"ES";"56057";"ALFREDO CHAVES";56057;"ALFREDO CHAVES";12;9;13;"Vereador";10;"REPUBLICANOS";1;1031;-3;"EMEF FAZENDA APARECIDA";"R. PRINCIPAL, S/ Nº"
"16/09/2024";"17:49:23";2020;2;"Eleição Ordinária";1;426;"Eleições Municipais 2020";"15/11/2020";"M";"ES";"56057";"ALFREDO CHAVES";56057;"ALFREDO CHAVES";12;4;13;"Vereador";11;"PROGRESSISTAS";2;1015;-3;"EMEF ANA ARAÚJO";"R. EXPEDICIONARIO OSVALDO SAUDINO"
"16/09/2024";"17:49:23";2020;2;"Eleição Ordinária";1;426;"Eleições Municipais 2020";"15/11/2020";"M";"ES";"56057";"ALFREDO CHAVES";56057;"ALFREDO CHAVES";12;4;13;"Vereador";10;"REPUBLICANOS";6;1015;-3;"EMEF ANA ARAÚJO";"R. EXPEDICIONARIO OSVALDO SAUDINO"
"16/09/2024";"17:49:23";2020;2;"Eleição Ordinária";1;426;"Eleições Municipais 2020";"15/11/2020";"M";"ES";"56057";"ALFREDO CHAVES";56057;"ALFREDO CHAVES";12;4;13;"Vereador";45;"Partido da Social Democracia Brasileira";2;1015;-3;"EMEF ANA ARAÚJO";"R. EXPEDICIONARIO OSVALDO SAUDINO"
"16/09/2024";"17:49:23";2020;2;"Eleição Ordinária";1;426;"Eleições Municipais 2020";"15/11/2020";"M";"ES";"56057";"ALFREDO CHAVES";56057;"ALFREDO CHAVES";12;12;13;"Vereador";11;"PROGRESSISTAS";2;1058;-3;"EEEF ENGANO";"R. PRINCIPAL, S/ Nº"
"16/09/2024";"17:49:23";2020;2;"Eleição Ordinária";1;426;"Eleições Municipais 2020";"15/11/2020";"M";"ES";"56057";"ALFREDO CHAVES";56057;"ALFREDO CHAVES";12;12;13;"Vereador";10;"REPUBLICANOS";6;1058;-3;"EEEF ENGANO";"R. PRINCIPAL, S/ Nº"
"16/09/2024";"17:49:23";2020;2;"Eleição Ordinária";1;426;"Eleições Municipais 2020";"15/11/2020";"M";"ES";"56057";"ALFREDO CHAVES";56057;"ALFREDO CHAVES";12;13;13;"Vereador";11;"PROGRESSISTAS";1;1058;-3;"EEEF ENGANO";"R. PRINCIPAL, S/ Nº"
"16/09/2024";"17:49:23";2020;2;"Eleição Ordinária";1;426;"Eleições Municipais 2020";"15/11/2020";"M";"ES";"56057";"ALFREDO CHAVES";56057;"ALFREDO CHAVES";12;13;13;"Vereador";10;"REPUBLICANOS";2;1058;-3;"EEEF ENGANO";"R. PRINCIPAL, S/ Nº"
"16/09/2024";"17:49:23";2020;2;"Eleição Ordinária";1;426;"Eleições Municipais 2020";"15/11/2020";"M";"ES";"56057";"ALFREDO CHAVES";56057;"ALFREDO CHAVES";12;14;13;"Vereador";10;"REPUBLICANOS";1;1066;-3;"SALÃO DA IGREJA CATÓLICA DE SÃO BENTO DE BATATAL";"RUA PRINCIPAL, S/ N"
"16/09/2024";"17:49:23";2020;2;"Eleição Ordinária";1;426;"Eleições Municipais 2020";"15/11/2020";"M";"ES";"56057";"ALFREDO CHAVES";56057;"ALFREDO CHAVES";12;35;13;"Vereador";10;"REPUBLICANOS";4;1171;-3;"EEEFM CAMILA MOTA";"R. NELSON DA COSTA MELLO, S/ N"
"16/09/2024";"17:49:23";2020;2;"Eleição Ordinária";1;426;"Eleições Municipais 2020";"15/11/2020";"M";"ES";"56057";"ALFREDO CHAVES";56057;"ALFREDO CHAVES";12;30;13;"Vereador";11;"PROGRESSISTAS";1;1171;-3;"EEEFM CAMILA MOTA";"R. NELSON DA COSTA MELLO, S/ N"
"16/09/2024";"17:49:23";2020;2;"Eleição Ordinária";1;426;"Eleições Municipais 2020";"15/11/2020";"M";"ES";"56057";"ALFREDO CHAVES";56057;"ALFREDO CHAVES";12;30;13;"Vereador";10;"REPUBLICANOS";4;1171;-3;"EEEFM CAMILA MOTA";"R. NELSON DA COSTA MELLO, S/ N"
"16/09/2024";"17:49:23";2020;2;"Eleição Ordinária";1;426;"Eleições Municipais 2020";"15/11/2020";"M";"ES";"56057";"ALFREDO CHAVES";56057;"ALFREDO CHAVES";12;34;13;"Vereador";10;"REPUBLICANOS";7;1171;-3;"EEEFM CAMILA MOTA";"R. NELSON DA COSTA MELLO, S/ N"
"16/09/2024";"17:49:23";2020;2;"Eleição Ordinária";1;426;"Eleições Municipais 2020";"15/11/2020";"M";"ES";"56057";"ALFREDO CHAVES";56057;"ALFREDO CHAVES";12;34;13;"Vereador";45;"Partido da Social Democracia Brasileira";1;1171;-3;"EEEFM CAMILA MOTA";"R. NELSON DA COSTA MELLO, S/ N"
"16/09/2024";"17:49:23";2020;2;"Eleição Ordinária";1;426;"Eleições Municipais 2020";"15/11/2020";"M";"ES";"56057";"ALFREDO CHAVES";56057;"ALFREDO CHAVES";12;31;13;"Vereador";11;"PROGRESSISTAS";1;1171;-3;"EEEFM CAMILA MOTA";"R. NELSON DA COSTA MELLO, S/ N"
"16/09/2024";"17:49:23";2020;2;"Eleição Ordinária";1;426;"Eleições Municipais 2020";"15/11/2020";"M";"ES";"56057";"ALFREDO CHAVES";56057;"ALFREDO CHAVES";12;31;13;"Vereador";10;"REPUBLICANOS";4;1171;-3;"EEEFM CAMILA MOTA";"R. NELSON DA COSTA MELLO, S/ N"
"16/09/2024";"17:49:23";2020;2;"Eleição Ordinária";1;426;"Eleições Municipais 2020";"15/11/2020";"M";"ES";"56057";"ALFREDO CHAVES";56057;"ALFREDO CHAVES";12;21;13;"Vereador";11;"PROGRESSISTAS";1;1120;-3;"EMUEF QUARTO TERRITÓRIO";"R. PRINCIPAL , S/ N"
"16/09/2024";"17:49:23";2020;2;"Eleição Ordinária";1;426;"Eleições Municipais 2020";"15/11/2020";"M";"ES";"56057";"ALFREDO CHAVES";56057;"ALFREDO CHAVES";12;21;13;"Vereador";10;"REPUBLICANOS";4;1120;-3;"EMUEF QUARTO TERRITÓRIO";"R. PRINCIPAL , S/ N"
"16/09/2024";"17:49:23";2020;2;"Eleição Ordinária";1;426;"Eleições Municipais 2020";"15/11/2020";"M";"ES";"56057";"ALFREDO CHAVES";56057;"ALFREDO CHAVES";12;21;13;"Vereador";45;"Partido da Social Democracia Brasileira";3;1120;-3;"EMUEF QUARTO TERRITÓRIO";"R. PRINCIPAL , S/ N"
"16/09/2024";"17:49:23";2020;2;"Eleição Ordinária";1;426;"Eleições Municipais 2020";"15/11/2020";"M";"ES";"56057";"ALFREDO CHAVES";56057;"ALFREDO CHAVES";12;23;13;"Vereador";11;"PROGRESSISTAS";2;1139;-3;"EMEF SAGRADA FAMÍLIA";"R. PRINCIPAL, S/ N"
"16/09/2024";"17:49:23";2020;2;"Eleição Ordinária";1;426;"Eleições Municipais 2020";"15/11/2020";"M";"ES";"56057";"ALFREDO CHAVES";56057;"ALFREDO CHAVES";12;23;13;"Vereador";10;"REPUBLICANOS";3;1139;-3;"EMEF SAGRADA FAMÍLIA";"R. PRINCIPAL, S/ N"
"16/09/2024";"17:49:23";2020;2;"Eleição Ordinária";1;426;"Eleições Municipais 2020";"15/11/2020";"M";"ES";"56057";"ALFREDO CHAVES";56057;"ALFREDO CHAVES";12;17;13;"Vereador";11;"PROGRESSISTAS";2;1090;-3;"EMEF FELIPE MODOLO";"R. PRINCIPAL, S/ N"
"16/09/2024";"17:49:23";2020;2;"Eleição Ordinária";1;426;"Eleições Municipais 2020";"15/11/2020";"M";"ES";"56057";"ALFREDO CHAVES";56057;"ALFREDO CHAVES";12;17;13;"Vereador";10;"REPUBLICANOS";4;1090;-3;"EMEF FELIPE MODOLO";"R. PRINCIPAL, S/ N"
"16/09/2024";"17:49:23";2020;2;"Eleição Ordinária";1;426;"Eleições Municipais 2020";"15/11/2020";"M";"ES";"56057";"ALFREDO CHAVES";56057;"ALFREDO CHAVES";12;17;13;"Vereador";45;"Partido da Social Democracia Brasileira";1;1090;-3;"EMEF FELIPE MODOLO";"R. PRINCIPAL, S/ N"
"16/09/2024";"17:49:23";2020;2;"Eleição Ordinária";1;426;"Eleições Municipais 2020";"15/11/2020";"M";"ES";"56057";"ALFREDO CHAVES";56057;"ALFREDO CHAVES";12;28;13;"Vereador";11;"PROGRESSISTAS";1;1074;-3;"SALÃO DA IGREJA CATÓLICA DE IRIRITIMIRIM";"R. PRINCIPAL, S/ N"
"16/09/2024";"17:49:23";2020;2;"Eleição Ordinária";1;426;"Eleições Municipais 2020";"15/11/2020";"M";"ES";"56057";"ALFREDO CHAVES";56057;"ALFREDO CHAVES";12;28;13;"Vereador";10;"REPUBLICANOS";2;1074;-3;"SALÃO DA IGREJA CATÓLICA DE IRIRITIMIRIM";"R. PRINCIPAL, S/ N"
"16/09/2024";"17:49:23";2020;2;"Eleição Ordinária";1;426;"Eleições Municipais 2020";"15/11/2020";"M";"ES";"56057";"ALFREDO CHAVES";56057;"ALFREDO CHAVES";12;28;13;"Vereador";45;"Partido da Social Democracia Brasileira";2;1074;-3;"SALÃO DA IGREJA CATÓLICA DE IRIRITIMIRIM";"R. PRINCIPAL, S/ N"
"16/09/2024";"17:49:23";2020;2;"Eleição Ordinária";1;426;"Eleições Municipais 2020";"15/11/2020";"M";"ES";"56057";"ALFREDO CHAVES";56057;"ALFREDO CHAVES";12;6;13;"Vereador";11;"PROGRESSISTAS";2;1023;-3;"GINÁSIO DE ESPORTES DE ALFREDO CHAVES";"RUA NELSON JOSÉ DA COSTA MELO, S/N"
"16/09/2024";"17:49:23";2020;2;"Eleição Ordinária";1;426;"Eleições Municipais 2020";"15/11/2020";"M";"ES";"56057";"ALFREDO CHAVES";56057;"ALFREDO CHAVES";12;19;13;"Vereador";10;"REPUBLICANOS";1;1104;-3;"SALÃO COMUNITÁRIO DE NOVA ESTRELA";"R. PRINCIPAL, S/ Nº"
"16/09/2024";"17:49:23";2020;2;"Eleição Ordinária";1;426;"Eleições Municipais 2020";"15/11/2020";"M";"ES";"56057";"ALFREDO CHAVES";56057;"ALFREDO CHAVES";12;20;13;"Vereador";11;"PROGRESSISTAS";1;1112;-3;"SALÃO DA IGREJA CATÓLICA DE CACHOEIRA ALTA";"R. PRINCIPAL, S/ N"
"16/09/2024";"17:49:23";2020;2;"Eleição Ordinária";1;426;"Eleições Municipais 2020";"15/11/2020";"M";"ES";"56057";"ALFREDO CHAVES";56057;"ALFREDO CHAVES";12;20;13;"Vereador";10;"REPUBLICANOS";1;1112;-3;"SALÃO DA IGREJA CATÓLICA DE CACHOEIRA ALTA";"R. PRINCIPAL, S/ N"
"16/09/2024";"17:49:23";2020;2;"Eleição Ordinária";1;426;"Eleições Municipais 2020";"15/11/2020";"M";"ES";"56057";"ALFREDO CHAVES";56057;"ALFREDO CHAVES";12;27;13;"Vereador";40321;"GILSON LUIZ BELLON";5;1171;80000666558;"EEEFM CAMILA MOTA";"R. NELSON DA COSTA MELLO, S/ N"
"16/09/2024";"17:49:23";2020;2;"Eleição Ordinária";1;426;"Eleições Municipais 2020";"15/11/2020";"M";"ES";"56057";"ALFREDO CHAVES";56057;"ALFREDO CHAVES";12;34;13;"Vereador";45321;"VALDIRENE BRANDÃO ANDRADE SÓRIO";3;1171;80000666654;"EEEFM CAMILA MOTA";"R. NELSON DA COSTA MELLO, S/ N"
"16/09/2024";"17:49:23";2020;2;"Eleição Ordinária";1;426;"Eleições Municipais 2020";"15/11/2020";"M";"ES";"56057";"ALFREDO CHAVES";56057;"ALFREDO CHAVES";12;6;13;"Vereador";45321;"VALDIRENE BRANDÃO ANDRADE SÓRIO";1;1023;80000666654;"GINÁSIO DE ESPORTES DE ALFREDO CHAVES";"RUA NELSON JOSÉ DA COSTA MELO, S/N"
"16/09/2024";"17:49:23";2020;2;"Eleição Ordinária";1;426;"Eleições Municipais 2020";"15/11/2020";"M";"ES";"56057";"ALFREDO CHAVES";56057;"ALFREDO CHAVES";12;30;13;"Vereador";45321;"VALDIRENE BRANDÃO ANDRADE SÓRIO";4;1171;80000666654;"EEEFM CAMILA MOTA";"R. NELSON DA COSTA MELLO, S/ N"
"16/09/2024";"17:49:23";2020;2;"Eleição Ordinária";1;426;"Eleições Municipais 2020";"15/11/2020";"M";"ES";"56057";"ALFREDO CHAVES";56057;"ALFREDO CHAVES";12;8;13;"Vereador";40321;"GILSON LUIZ BELLON";3;1023;80000666558;"GINÁSIO DE ESPORTES DE ALFREDO CHAVES";"RUA NELSON JOSÉ DA COSTA MELO, S/N"
"16/09/2024";"17:49:23";2020;2;"Eleição Ordinária";1;426;"Eleições Municipais 2020";"15/11/2020";"M";"ES";"56057";"ALFREDO CHAVES";56057;"ALFREDO CHAVES";12;18;13;"Vereador";40321;"GILSON LUIZ BELLON";53;1090;80000666558;"EMEF FELIPE MODOLO";"R. PRINCIPAL, S/ N"
"16/09/2024";"17:49:23";2020;2;"Eleição Ordinária";1;426;"Eleições Municipais 2020";"15/11/2020";"M";"ES";"56057";"ALFREDO CHAVES";56057;"ALFREDO CHAVES";12;3;13;"Vereador";40321;"GILSON LUIZ BELLON";6;1015;80000666558;"EMEF ANA ARAÚJO";"R. EXPEDICIONARIO OSVALDO SAUDINO"
"16/09/2024";"17:49:23";2020;2;"Eleição Ordinária";1;426;"Eleições Municipais 2020";"15/11/2020";"M";"ES";"56057";"ALFREDO CHAVES";56057;"ALFREDO CHAVES";12;85;13;"Vereador";40456;"SERAFINO ANTONIO SIMONI";1;1244;80000666564;"CRECHE PEQUERRUCHOS";"RUA ANTÔNIO CLAUDIO GAIGHER, 19"
"16/09/2024";"17:49:23";2020;2;"Eleição Ordinária";1;426;"Eleições Municipais 2020";"15/11/2020";"M";"ES";"56057";"ALFREDO CHAVES";56057;"ALFREDO CHAVES";12;23;13;"Vereador";40456;"SERAFINO ANTONIO SIMONI";3;1139;80000666564;"EMEF SAGRADA FAMÍLIA";"R. PRINCIPAL, S/ N"
"16/09/2024";"17:49:23";2020;2;"Eleição Ordinária";1;426;"Eleições Municipais 2020";"15/11/2020";"M";"ES";"56057";"ALFREDO CHAVES";56057;"ALFREDO CHAVES";12;30;13;"Vereador";40111;"CHARLES GAIGHER";15;1171;80000666561;"EEEFM CAMILA MOTA";"R. NELSON DA COSTA MELLO, S/ N"
"16/09/2024";"17:49:23";2020;2;"Eleição Ordinária";1;426;"Eleições Municipais 2020";"15/11/2020";"M";"ES";"56057";"ALFREDO CHAVES";56057;"ALFREDO CHAVES";12;34;13;"Vereador";40111;"CHARLES GAIGHER";12;1171;80000666561;"EEEFM CAMILA MOTA";"R. NELSON DA COSTA MELLO, S/ N"
"16/09/2024";"17:49:23";2020;2;"Eleição Ordinária";1;426;"Eleições Municipais 2020";"15/11/2020";"M";"ES";"56057";"ALFREDO CHAVES";56057;"ALFREDO CHAVES";12;6;13;"Vereador";40111;"CHARLES GAIGHER";13;1023;80000666561;"GINÁSIO DE ESPORTES DE ALFREDO CHAVES";"RUA NELSON JOSÉ DA COSTA MELO, S/N"
"16/09/2024";"17:49:23";2020;2;"Eleição Ordinária";1;426;"Eleições Municipais 2020";"15/11/2020";"M";"ES";"56057";"ALFREDO CHAVES";56057;"ALFREDO CHAVES";12;20;13;"Vereador";45255;"RAYANE TOMAZINI BRESSANELLI";1;1112;80000666644;"SALÃO DA IGREJA CATÓLICA DE CACHOEIRA ALTA";"R. PRINCIPAL, S/ N"
"16/09/2024";"17:49:23";2020;2;"Eleição Ordinária";1;426;"Eleições Municipais 2020";"15/11/2020";"M";"ES";"56057";"ALFREDO CHAVES";56057;"ALFREDO CHAVES";12;9;13;"Vereador";40456;"SERAFINO ANTONIO SIMONI";6;1031;80000666564;"EMEF FAZENDA APARECIDA";"R. PRINCIPAL, S/ Nº"
"16/09/2024";"17:49:23";2020;2;"Eleição Ordinária";1;426;"Eleições Municipais 2020";"15/11/2020";"M";"ES";"56057";"ALFREDO CHAVES";56057;"ALFREDO CHAVES";12;12;13;"Vereador";40111;"CHARLES GAIGHER";49;1058;80000666561;"EEEF ENGANO";"R. PRINCIPAL, S/ Nº"
"16/09/2024";"17:49:23";2020;2;"Eleição Ordinária";1;426;"Eleições Municipais 2020";"15/11/2020";"M";"ES";"56057";"ALFREDO CHAVES";56057;"ALFREDO CHAVES";12;35;13;"Vereador";40111;"CHARLES GAIGHER";15;1171;80000666561;"EEEFM CAMILA MOTA";"R. NELSON DA COSTA MELLO, S/ N"
"16/09/2024";"17:49:23";2020;2;"Eleição Ordinária";1;426;"Eleições Municipais 2020";"15/11/2020";"M";"ES";"56057";"ALFREDO CHAVES";56057;"ALFREDO CHAVES";12;8;13;"Vereador";51234;"LUCIANO PINON";2;1023;80000683718;"GINÁSIO DE ESPORTES DE ALFREDO CHAVES";"RUA NELSON JOSÉ DA COSTA MELO, S/N"
"16/09/2024";"17:49:23";2020;2;"Eleição Ordinária";1;426;"Eleições Municipais 2020";"15/11/2020";"M";"ES";"56057";"ALFREDO CHAVES";56057;"ALFREDO CHAVES";12;18;13;"Vereador";51234;"LUCIANO PINON";24;1090;80000683718;"EMEF FELIPE MODOLO";"R. PRINCIPAL, S/ N"
"16/09/2024";"17:49:23";2020;2;"Eleição Ordinária";1;426;"Eleições Municipais 2020";"15/11/2020";"M";"ES";"56057";"ALFREDO CHAVES";56057;"ALFREDO CHAVES";12;3;13;"Vereador";51234;"LUCIANO PINON";4;1015;80000683718;"EMEF ANA ARAÚJO";"R. EXPEDICIONARIO OSVALDO SAUDINO"
"16/09/2024";"17:49:23";2020;2;"Eleição Ordinária";1;426;"Eleições Municipais 2020";"15/11/2020";"M";"ES";"56057";"ALFREDO CHAVES";56057;"ALFREDO CHAVES";12;31;13;"Vereador";51311;"NARCISO DE ABREU GRASSI";17;1171;80000683714;"EEEFM CAMILA MOTA";"R. NELSON DA COSTA MELLO, S/ N"
"16/09/2024";"17:49:23";2020;2;"Eleição Ordinária";1;426;"Eleições Municipais 2020";"15/11/2020";"M";"ES";"56057";"ALFREDO CHAVES";56057;"ALFREDO CHAVES";12;31;13;"Vereador";14444;"ZALUAR IGREJA ROSA DA SILVA";5;1171;80000683177;"EEEFM CAMILA MOTA";"R. NELSON DA COSTA MELLO, S/ N"
"16/09/2024";"17:49:23";2020;2;"Eleição Ordinária";1;426;"Eleições Municipais 2020";"15/11/2020";"M";"ES";"56057";"ALFREDO CHAVES";56057;"ALFREDO CHAVES";12;21;13;"Vereador";40111;"CHARLES GAIGHER";5;1120;80000666561;"EMUEF QUARTO TERRITÓRIO";"R. PRINCIPAL , S/ N"
"16/09/2024";"17:49:23";2020;2;"Eleição Ordinária";1;426;"Eleições Municipais 2020";"15/11/2020";"M";"ES";"56057";"ALFREDO CHAVES";56057;"ALFREDO CHAVES";12;31;13;"Vereador";45100;"SERGIO BIANCHI";14;1171;80000666641;"EEEFM CAMILA MOTA";"R. NELSON DA COSTA MELLO, S/ N"
"16/09/2024";"17:49:23";2020;2;"Eleição Ordinária";1;426;"Eleições Municipais 2020";"15/11/2020";"M";"ES";"56057";"ALFREDO CHAVES";56057;"ALFREDO CHAVES";12;35;13;"Vereador";45100;"SERGIO BIANCHI";11;1171;80000666641;"EEEFM CAMILA MOTA";"R. NELSON DA COSTA MELLO, S/ N"
"16/09/2024";"17:49:23";2020;2;"Eleição Ordinária";1;426;"Eleições Municipais 2020";"15/11/2020";"M";"ES";"56057";"ALFREDO CHAVES";56057;"ALFREDO CHAVES";12;26;13;"Vereador";40;"Partido Socialista Brasileiro";8;1163;-3;"EEUEF VILA NOVA DE MARAVILHA";"R. PRINCIPAL, S/ Nº"
"16/09/2024";"17:49:23";2020;2;"Eleição Ordinária";1;426;"Eleições Municipais 2020";"15/11/2020";"M";"ES";"56057";"ALFREDO CHAVES";56057;"ALFREDO CHAVES";12;41;13;"Vereador";40;"Partido Socialista Brasileiro";9;1236;-3;"NACCA-ANTIGO PETI";"RUA THOMAZ COELHO, S/N AO LADO DA BIBLIOTECA MUNICIPAL"
"16/09/2024";"17:49:23";2020;2;"Eleição Ordinária";1;426;"Eleições Municipais 2020";"15/11/2020";"M";"ES";"56057";"ALFREDO CHAVES";56057;"ALFREDO CHAVES";12;22;13;"Vereador";40;"Partido Socialista Brasileiro";5;1139;-3;"EMEF SAGRADA FAMÍLIA";"R. PRINCIPAL, S/ N"
"16/09/2024";"17:49:23";2020;2;"Eleição Ordinária";1;426;"Eleições Municipais 2020";"15/11/2020";"M";"ES";"56057";"ALFREDO CHAVES";56057;"ALFREDO CHAVES";12;8;13;"Vereador";45777;"GUILHERME CARLOS CETTO VITOR";1;1023;80000666649;"GINÁSIO DE ESPORTES DE ALFREDO CHAVES";"RUA NELSON JOSÉ DA COSTA MELO, S/N"
"16/09/2024";"17:49:23";2020;2;"Eleição Ordinária";1;426;"Eleições Municipais 2020";"15/11/2020";"M";"ES";"56057";"ALFREDO CHAVES";56057;"ALFREDO CHAVES";12;3;13;"Vereador";45777;"GUILHERME CARLOS CETTO VITOR";3;1015;80000666649;"EMEF ANA ARAÚJO";"R. EXPEDICIONARIO OSVALDO SAUDINO"
"16/09/2024";"17:49:23";2020;2;"Eleição Ordinária";1;426;"Eleições Municipais 2020";"15/11/2020";"M";"ES";"56057";"ALFREDO CHAVES";56057;"ALFREDO CHAVES";12;8;13;"Vereador";45333;"DIEYSON GONÇALVES DA ROSA";5;1023;80000666652;"GINÁSIO DE ESPORTES DE ALFREDO CHAVES";"RUA NELSON JOSÉ DA COSTA MELO, S/N"
"16/09/2024";"17:49:23";2020;2;"Eleição Ordinária";1;426;"Eleições Municipais 2020";"15/11/2020";"M";"ES";"56057";"ALFREDO CHAVES";56057;"ALFREDO CHAVES";12;3;13;"Vereador";14999;"HELENA MARIA FIORIN FAVERO";1;1015;80000683171;"EMEF ANA ARAÚJO";"R. EXPEDICIONARIO OSVALDO SAUDINO"
"16/09/2024";"17:49:23";2020;2;"Eleição Ordinária";1;426;"Eleições Municipais 2020";"15/11/2020";"M";"ES";"56057";"ALFREDO CHAVES";56057;"ALFREDO CHAVES";12;19;13;"Vereador";14000;"VALENTIM CARDOSO";9;1104;80000683180;"SALÃO COMUNITÁRIO DE NOVA ESTRELA";"R. PRINCIPAL, S/ Nº"
"16/09/2024";"17:49:23";2020;2;"Eleição Ordinária";1;426;"Eleições Municipais 2020";"15/11/2020";"M";"ES";"56057";"ALFREDO CHAVES";56057;"ALFREDO CHAVES";12;17;13;"Vereador";14000;"VALENTIM CARDOSO";2;1090;80000683180;"EMEF FELIPE MODOLO";"R. PRINCIPAL, S/ N"
"16/09/2024";"17:49:23";2020;2;"Eleição Ordinária";1;426;"Eleições Municipais 2020";"15/11/2020";"M";"ES";"56057";"ALFREDO CHAVES";56057;"ALFREDO CHAVES";12;37;13;"Vereador";40;"Partido Socialista Brasileiro";6;1228;-3;"CRECHE COMECINHO DE GENTE";"AV. DARCY DE PAULA GAIGHER, S/N"
"16/09/2024";"17:49:23";2020;2;"Eleição Ordinária";1;426;"Eleições Municipais 2020";"15/11/2020";"M";"ES";"56057";"ALFREDO CHAVES";56057;"ALFREDO CHAVES";12;15;13;"Vereador";51;"Patriota";3;1074;-3;"SALÃO DA IGREJA CATÓLICA DE IRIRITIMIRIM";"R. PRINCIPAL, S/ N"
"16/09/2024";"17:49:23";2020;2;"Eleição Ordinária";1;426;"Eleições Municipais 2020";"15/11/2020";"M";"ES";"56057";"ALFREDO CHAVES";56057;"ALFREDO CHAVES";12;25;13;"Vereador";51;"Patriota";1;1155;-3;"EEUEF CAROLINA";"R. PRINCIPAL, S/ Nº"
"16/09/2024";"17:49:23";2020;2;"Eleição Ordinária";1;426;"Eleições Municipais 2020";"15/11/2020";"M";"ES";"56057";"ALFREDO CHAVES";56057;"ALFREDO CHAVES";12;7;13;"Vereador";40;"Partido Socialista Brasileiro";4;1171;-3;"EEEFM CAMILA MOTA";"R. NELSON DA COSTA MELLO, S/ N"
"16/09/2024";"17:49:23";2020;2;"Eleição Ordinária";1;426;"Eleições Municipais 2020";"15/11/2020";"M";"ES";"56057";"ALFREDO CHAVES";56057;"ALFREDO CHAVES";12;1;13;"Vereador";40;"Partido Socialista Brasileiro";6;1015;-3;"EMEF ANA ARAÚJO";"R. EXPEDICIONARIO OSVALDO SAUDINO"
"16/09/2024";"17:49:23";2020;2;"Eleição Ordinária";1;426;"Eleições Municipais 2020";"15/11/2020";"M";"ES";"56057";"ALFREDO CHAVES";56057;"ALFREDO CHAVES";12;40;13;"Vereador";40;"Partido Socialista Brasileiro";3;1236;-3;"NACCA-ANTIGO PETI";"RUA THOMAZ COELHO, S/N AO LADO DA BIBLIOTECA MUNICIPAL"
"16/09/2024";"17:49:23";2020;2;"Eleição Ordinária";1;426;"Eleições Municipais 2020";"15/11/2020";"M";"ES";"56057";"ALFREDO CHAVES";56057;"ALFREDO CHAVES";12;16;13;"Vereador";40;"Partido Socialista Brasileiro";9;1082;-3;"EMUEF ALMERINDA BRUNORO";"R. PRINCIPAL, S/ N"
"16/09/2024";"17:49:23";2020;2;"Eleição Ordinária";1;426;"Eleições Municipais 2020";"15/11/2020";"M";"ES";"56057";"ALFREDO CHAVES";56057;"ALFREDO CHAVES";12;11;13;"Vereador";40;"Partido Socialista Brasileiro";7;1040;-3;"EEEF DE CRUBIXÁ";"R. PRINCIPAL, S/ Nº"
"16/09/2024";"17:49:23";2020;2;"Eleição Ordinária";1;426;"Eleições Municipais 2020";"15/11/2020";"M";"ES";"56057";"ALFREDO CHAVES";56057;"ALFREDO CHAVES";12;24;13;"Vereador";40;"Partido Socialista Brasileiro";11;1147;-3;"EMEF SÃO BENTO DE URÂNIA";"R. PRINCIPAL, S/ Nº"
"16/09/2024";"17:49:23";2020;2;"Eleição Ordinária";1;426;"Eleições Municipais 2020";"15/11/2020";"M";"ES";"56057";"ALFREDO CHAVES";56057;"ALFREDO CHAVES";12;15;13;"Vereador";40;"Partido Socialista Brasileiro";3;1074;-3;"SALÃO DA IGREJA CATÓLICA DE IRIRITIMIRIM";"R. PRINCIPAL, S/ N"
"16/09/2024";"17:49:23";2020;2;"Eleição Ordinária";1;426;"Eleições Municipais 2020";"15/11/2020";"M";"ES";"56057";"ALFREDO CHAVES";56057;"ALFREDO CHAVES";12;2;13;"Vereador";40;"Partido Socialista Brasileiro";8;1015;-3;"EMEF ANA ARAÚJO";"R. EXPEDICIONARIO OSVALDO SAUDINO"
"16/09/2024";"17:49:23";2020;2;"Eleição Ordinária";1;426;"Eleições Municipais 2020";"15/11/2020";"M";"ES";"56057";"ALFREDO CHAVES";56057;"ALFREDO CHAVES";12;25;13;"Vereador";40;"Partido Socialista Brasileiro";9;1155;-3;"EEUEF CAROLINA";"R. PRINCIPAL, S/ Nº"
"16/09/2024";"17:49:23";2020;2;"Eleição Ordinária";1;426;"Eleições Municipais 2020";"15/11/2020";"M";"ES";"56057";"ALFREDO CHAVES";56057;"ALFREDO CHAVES";12;31;13;"Vereador";45888;"CARLOS ALBERTO FRANÇA";2;1171;80000666642;"EEEFM CAMILA MOTA";"R. NELSON DA COSTA MELLO, S/ N"
"16/09/2024";"17:49:23";2020;2;"Eleição Ordinária";1;426;"Eleições Municipais 2020";"15/11/2020";"M";"ES";"56057";"ALFREDO CHAVES";56057;"ALFREDO CHAVES";12;85;13;"Vereador";10010;"DAYARA MARCARINI BIANCHI";2;1244;80000682925;"CRECHE PEQUERRUCHOS";"RUA ANTÔNIO CLAUDIO GAIGHER, 19"
"16/09/2024";"17:49:23";2020;2;"Eleição Ordinária";1;426;"Eleições Municipais 2020";"15/11/2020";"M";"ES";"56057";"ALFREDO CHAVES";56057;"ALFREDO CHAVES";12;6;13;"Vereador";45888;"CARLOS ALBERTO FRANÇA";1;1023;80000666642;"GINÁSIO DE ESPORTES DE ALFREDO CHAVES";"RUA NELSON JOSÉ DA COSTA MELO, S/N"
"16/09/2024";"17:49:23";2020;2;"Eleição Ordinária";1;426;"Eleições Municipais 2020";"15/11/2020";"M";"ES";"56057";"ALFREDO CHAVES";56057;"ALFREDO CHAVES";12;13;13;"Vereador";40111;"CHARLES GAIGHER";72;1058;80000666561;"EEEF ENGANO";"R. PRINCIPAL, S/ Nº"
"16/09/2024";"17:49:23";2020;2;"Eleição Ordinária";1;426;"Eleições Municipais 2020";"15/11/2020";"M";"ES";"56057";"ALFREDO CHAVES";56057;"ALFREDO CHAVES";12;4;13;"Vereador";40111;"CHARLES GAIGHER";12;1015;80000666561;"EMEF ANA ARAÚJO";"R. EXPEDICIONARIO OSVALDO SAUDINO"
"16/09/2024";"17:49:23";2020;2;"Eleição Ordinária";1;426;"Eleições Municipais 2020";"15/11/2020";"M";"ES";"56057";"ALFREDO CHAVES";56057;"ALFREDO CHAVES";12;19;13;"Vereador";40111;"CHARLES GAIGHER";3;1104;80000666561;"SALÃO COMUNITÁRIO DE NOVA ESTRELA";"R. PRINCIPAL, S/ Nº"
"16/09/2024";"17:49:23";2020;2;"Eleição Ordinária";1;426;"Eleições Municipais 2020";"15/11/2020";"M";"ES";"56057";"ALFREDO CHAVES";56057;"ALFREDO CHAVES";12;28;13;"Vereador";40111;"CHARLES GAIGHER";1;1074;80000666561;"SALÃO DA IGREJA CATÓLICA DE IRIRITIMIRIM";"R. PRINCIPAL, S/ N"
"16/09/2024";"17:49:23";2020;2;"Eleição Ordinária";1;426;"Eleições Municipais 2020";"15/11/2020";"M";"ES";"56057";"ALFREDO CHAVES";56057;"ALFREDO CHAVES";12;29;13;"Vereador";40111;"CHARLES GAIGHER";1;1147;80000666561;"EMEF SÃO BENTO DE URÂNIA";"R. PRINCIPAL, S/ Nº"
"16/09/2024";"17:49:23";2020;2;"Eleição Ordinária";1;426;"Eleições Municipais 2020";"15/11/2020";"M";"ES";"56057";"ALFREDO CHAVES";56057;"ALFREDO CHAVES";12;14;13;"Vereador";10222;"FERNANDO ALVES";2;1066;80000682926;"SALÃO DA IGREJA CATÓLICA DE SÃO BENTO DE BATATAL";"RUA PRINCIPAL, S/ N"
"16/09/2024";"17:49:23";2020;2;"Eleição Ordinária";1;426;"Eleições Municipais 2020";"15/11/2020";"M";"ES";"56057";"ALFREDO CHAVES";56057;"ALFREDO CHAVES";12;14;13;"Vereador";14222;"JOSIMAR PIUMBINI";29;1066;80000683175;"SALÃO DA IGREJA CATÓLICA DE SÃO BENTO DE BATATAL";"RUA PRINCIPAL, S/ N"
"16/09/2024";"17:49:23";2020;2;"Eleição Ordinária";1;426;"Eleições Municipais 2020";"15/11/2020";"M";"ES";"56057";"ALFREDO CHAVES";56057;"ALFREDO CHAVES";12;17;13;"Vereador";40111;"CHARLES GAIGHER";10;1090;80000666561;"EMEF FELIPE MODOLO";"R. PRINCIPAL, S/ N"
"16/09/2024";"17:49:23";2020;2;"Eleição Ordinária";1;426;"Eleições Municipais 2020";"15/11/2020";"M";"ES";"56057";"ALFREDO CHAVES";56057;"ALFREDO CHAVES";12;30;13;"Vereador";51311;"NARCISO DE ABREU GRASSI";29;1171;80000683714;"EEEFM CAMILA MOTA";"R. NELSON DA COSTA MELLO, S/ N"
"16/09/2024";"17:49:23";2020;2;"Eleição Ordinária";1;426;"Eleições Municipais 2020";"15/11/2020";"M";"ES";"56057";"ALFREDO CHAVES";56057;"ALFREDO CHAVES";12;30;13;"Vereador";14444;"ZALUAR IGREJA ROSA DA SILVA";3;1171;80000683177;"EEEFM CAMILA MOTA";"R. NELSON DA COSTA MELLO, S/ N"
"16/09/2024";"17:49:23";2020;2;"Eleição Ordinária";1;426;"Eleições Municipais 2020";"15/11/2020";"M";"ES";"56057";"ALFREDO CHAVES";56057;"ALFREDO CHAVES";12;34;13;"Vereador";51311;"NARCISO DE ABREU GRASSI";18;1171;80000683714;"EEEFM CAMILA MOTA";"R. NELSON DA COSTA MELLO, S/ N"
"16/09/2024";"17:49:23";2020;2;"Eleição Ordinária";1;426;"Eleições Municipais 2020";"15/11/2020";"M";"ES";"56057";"ALFREDO CHAVES";56057;"ALFREDO CHAVES";12;34;13;"Vereador";14444;"ZALUAR IGREJA ROSA DA SILVA";4;1171;80000683177;"EEEFM CAMILA MOTA";"R. NELSON DA COSTA MELLO, S/ N"
"16/09/2024";"17:49:23";2020;2;"Eleição Ordinária";1;426;"Eleições Municipais 2020";"15/11/2020";"M";"ES";"56057";"ALFREDO CHAVES";56057;"ALFREDO CHAVES";12;6;13;"Vereador";51311;"NARCISO DE ABREU GRASSI";17;1023;80000683714;"GINÁSIO DE ESPORTES DE ALFREDO CHAVES";"RUA NELSON JOSÉ DA COSTA MELO, S/N"
"16/09/2024";"17:49:23";2020;2;"Eleição Ordinária";1;426;"Eleições Municipais 2020";"15/11/2020";"M";"ES";"56057";"ALFREDO CHAVES";56057;"ALFREDO CHAVES";12;41;13;"Vereador";14777;"MARIA LUCIA GOMES TEIXEIRA";1;1236;80000683173;"NACCA-ANTIGO PETI";"RUA THOMAZ COELHO, S/N AO LADO DA BIBLIOTECA MUNICIPAL"
"16/09/2024";"17:49:23";2020;2;"Eleição Ordinária";1;426;"Eleições Municipais 2020";"15/11/2020";"M";"ES";"56057";"ALFREDO CHAVES";56057;"ALFREDO CHAVES";12;10;13;"Vereador";11111;"AMÉLIA DUARTE BEZERRA";1;1040;80000848886;"EEEF DE CRUBIXÁ";"R. PRINCIPAL, S/ Nº"
"16/09/2024";"17:49:23";2020;2;"Eleição Ordinária";1;426;"Eleições Municipais 2020";"15/11/2020";"M";"ES";"56057";"ALFREDO CHAVES";56057;"ALFREDO CHAVES";12;27;13;"Vereador";40147;"ARLETE MARIA MOCELIM NATAL";2;1171;80000666557;"EEEFM CAMILA MOTA";"R. NELSON DA COSTA MELLO, S/ N"
"16/09/2024";"17:49:23";2020;2;"Eleição Ordinária";1;426;"Eleições Municipais 2020";"15/11/2020";"M";"ES";"56057";"ALFREDO CHAVES";56057;"ALFREDO CHAVES";12;10;13;"Vereador";40147;"ARLETE MARIA MOCELIM NATAL";8;1040;80000666557;"EEEF DE CRUBIXÁ";"R. PRINCIPAL, S/ Nº"
"16/09/2024";"17:49:23";2020;2;"Eleição Ordinária";1;426;"Eleições Municipais 2020";"15/11/2020";"M";"ES";"56057";"ALFREDO CHAVES";56057;"ALFREDO CHAVES";12;31;13;"Vereador";40111;"CHARLES GAIGHER";19;1171;80000666561;"EEEFM CAMILA MOTA";"R. NELSON DA COSTA MELLO, S/ N"
"16/09/2024";"17:49:23";2020;2;"Eleição Ordinária";1;426;"Eleições Municipais 2020";"15/11/2020";"M";"ES";"56057";"ALFREDO CHAVES";56057;"ALFREDO CHAVES";12;28;13;"Vereador";14000;"VALENTIM CARDOSO";1;1074;80000683180;"SALÃO DA IGREJA CATÓLICA DE IRIRITIMIRIM";"R. PRINCIPAL, S/ N"
"16/09/2024";"17:49:23";2020;2;"Eleição Ordinária";1;426;"Eleições Municipais 2020";"15/11/2020";"M";"ES";"56057";"ALFREDO CHAVES";56057;"ALFREDO CHAVES";12;29;13;"Vereador";14000;"VALENTIM CARDOSO";2;1147;80000683180;"EMEF SÃO BENTO DE URÂNIA";"R. PRINCIPAL, S/ Nº"
"16/09/2024";"17:49:23";2020;2;"Eleição Ordinária";1;426;"Eleições Municipais 2020";"15/11/2020";"M";"ES";"56057";"ALFREDO CHAVES";56057;"ALFREDO CHAVES";12;31;13;"Vereador";14455;"MIGUEL ANTONIO MARTINS CLEN";4;1171;80000683176;"EEEFM CAMILA MOTA";"R. NELSON DA COSTA MELLO, S/ N"
"16/09/2024";"17:49:23";2020;2;"Eleição Ordinária";1;426;"Eleições Municipais 2020";"15/11/2020";"M";"ES";"56057";"ALFREDO CHAVES";56057;"ALFREDO CHAVES";12;30;13;"Vereador";14455;"MIGUEL ANTONIO MARTINS CLEN";2;1171;80000683176;"EEEFM CAMILA MOTA";"R. NELSON DA COSTA MELLO, S/ N"
"16/09/2024";"17:49:23";2020;2;"Eleição Ordinária";1;426;"Eleições Municipais 2020";"15/11/2020";"M";"ES";"56057";"ALFREDO CHAVES";56057;"ALFREDO CHAVES";12;34;13;"Vereador";14455;"MIGUEL ANTONIO MARTINS CLEN";4;1171;80000683176;"EEEFM CAMILA MOTA";"R. NELSON DA COSTA MELLO, S/ N"
"16/09/2024";"17:49:23";2020;2;"Eleição Ordinária";1;426;"Eleições Municipais 2020";"15/11/2020";"M";"ES";"56057";"ALFREDO CHAVES";56057;"ALFREDO CHAVES";12;6;13;"Vereador";14455;"MIGUEL ANTONIO MARTINS CLEN";3;1023;80000683176;"GINÁSIO DE ESPORTES DE ALFREDO CHAVES";"RUA NELSON JOSÉ DA COSTA MELO, S/N"
"16/09/2024";"17:49:23";2020;2;"Eleição Ordinária";1;426;"Eleições Municipais 2020";"15/11/2020";"M";"ES";"56057";"ALFREDO CHAVES";56057;"ALFREDO CHAVES";12;4;13;"Vereador";14455;"MIGUEL ANTONIO MARTINS CLEN";1;1015;80000683176;"EMEF ANA ARAÚJO";"R. EXPEDICIONARIO OSVALDO SAUDINO"
"16/09/2024";"17:49:23";2020;2;"Eleição Ordinária";1;426;"Eleições Municipais 2020";"15/11/2020";"M";"ES";"56057";"ALFREDO CHAVES";56057;"ALFREDO CHAVES";12;35;13;"Vereador";14455;"MIGUEL ANTONIO MARTINS CLEN";2;1171;80000683176;"EEEFM CAMILA MOTA";"R. NELSON DA COSTA MELLO, S/ N"
"16/09/2024";"17:49:23";2020;2;"Eleição Ordinária";1;426;"Eleições Municipais 2020";"15/11/2020";"M";"ES";"56057";"ALFREDO CHAVES";56057;"ALFREDO CHAVES";12;30;13;"Vereador";45100;"SERGIO BIANCHI";13;1171;80000666641;"EEEFM CAMILA MOTA";"R. NELSON DA COSTA MELLO, S/ N"
"16/09/2024";"17:49:23";2020;2;"Eleição Ordinária";1;426;"Eleições Municipais 2020";"15/11/2020";"M";"ES";"56057";"ALFREDO CHAVES";56057;"ALFREDO CHAVES";12;34;13;"Vereador";45100;"SERGIO BIANCHI";12;1171;80000666641;"EEEFM CAMILA MOTA";"R. NELSON DA COSTA MELLO, S/ N"
"16/09/2024";"17:49:23";2020;2;"Eleição Ordinária";1;426;"Eleições Municipais 2020";"15/11/2020";"M";"ES";"56057";"ALFREDO CHAVES";56057;"ALFREDO CHAVES";12;6;13;"Vereador";45100;"SERGIO BIANCHI";7;1023;80000666641;"GINÁSIO DE ESPORTES DE ALFREDO CHAVES";"RUA NELSON JOSÉ DA COSTA MELO, S/N"
"16/09/2024";"17:49:23";2020;2;"Eleição Ordinária";1;426;"Eleições Municipais 2020";"15/11/2020";"M";"ES";"56057";"ALFREDO CHAVES";56057;"ALFREDO CHAVES";12;15;13;"Vereador";10111;"RENATO VETTORACI";2;1074;80000682934;"SALÃO DA IGREJA CATÓLICA DE IRIRITIMIRIM";"R. PRINCIPAL, S/ N"
"16/09/2024";"17:49:23";2020;2;"Eleição Ordinária";1;426;"Eleições Municipais 2020";"15/11/2020";"M";"ES";"56057";"ALFREDO CHAVES";56057;"ALFREDO CHAVES";12;21;13;"Vereador";14000;"VALENTIM CARDOSO";3;1120;80000683180;"EMUEF QUARTO TERRITÓRIO";"R. PRINCIPAL , S/ N"
"16/09/2024";"17:49:23";2020;2;"Eleição Ordinária";1;426;"Eleições Municipais 2020";"15/11/2020";"M";"ES";"56057";"ALFREDO CHAVES";56057;"ALFREDO CHAVES";12;13;13;"Vereador";45100;"SERGIO BIANCHI";2;1058;80000666641;"EEEF ENGANO";"R. PRINCIPAL, S/ Nº"
"16/09/2024";"17:49:23";2020;2;"Eleição Ordinária";1;426;"Eleições Municipais 2020";"15/11/2020";"M";"ES";"56057";"ALFREDO CHAVES";56057;"ALFREDO CHAVES";12;29;13;"Vereador";14789;"SARAH ALVES DE OLIVEIRA";1;1147;80000683179;"EMEF SÃO BENTO DE URÂNIA";"R. PRINCIPAL, S/ Nº"
"16/09/2024";"17:49:23";2020;2;"Eleição Ordinária";1;426;"Eleições Municipais 2020";"15/11/2020";"M";"ES";"56057";"ALFREDO CHAVES";56057;"ALFREDO CHAVES";12;4;13;"Vereador";45100;"SERGIO BIANCHI";13;1015;80000666641;"EMEF ANA ARAÚJO";"R. EXPEDICIONARIO OSVALDO SAUDINO"
"16/09/2024";"17:49:23";2020;2;"Eleição Ordinária";1;426;"Eleições Municipais 2020";"15/11/2020";"M";"ES";"56057";"ALFREDO CHAVES";56057;"ALFREDO CHAVES";12;22;11;"Prefeito";96;"VOTO NULO";10;1139;-1;"EMEF SAGRADA FAMÍLIA";"R. PRINCIPAL, S/ N"
"16/09/2024";"17:49:23";2020;2;"Eleição Ordinária";1;426;"Eleições Municipais 2020";"15/11/2020";"M";"ES";"56057";"ALFREDO CHAVES";56057;"ALFREDO CHAVES";12;41;11;"Prefeito";96;"VOTO NULO";5;1236;-1;"NACCA-ANTIGO PETI";"RUA THOMAZ COELHO, S/N AO LADO DA BIBLIOTECA MUNICIPAL"
"16/09/2024";"17:49:23";2020;2;"Eleição Ordinária";1;426;"Eleições Municipais 2020";"15/11/2020";"M";"ES";"56057";"ALFREDO CHAVES";56057;"ALFREDO CHAVES";12;13;13;"Vereador";51311;"NARCISO DE ABREU GRASSI";5;1058;80000683714;"EEEF ENGANO";"R. PRINCIPAL, S/ Nº"
"16/09/2024";"17:49:23";2020;2;"Eleição Ordinária";1;426;"Eleições Municipais 2020";"15/11/2020";"M";"ES";"56057";"ALFREDO CHAVES";56057;"ALFREDO CHAVES";12;13;13;"Vereador";14444;"ZALUAR IGREJA ROSA DA SILVA";1;1058;80000683177;"EEEF ENGANO";"R. PRINCIPAL, S/ Nº"
"16/09/2024";"17:49:23";2020;2;"Eleição Ordinária";1;426;"Eleições Municipais 2020";"15/11/2020";"M";"ES";"56057";"ALFREDO CHAVES";56057;"ALFREDO CHAVES";12;26;11;"Prefeito";96;"VOTO NULO";3;1163;-1;"EEUEF VILA NOVA DE MARAVILHA";"R. PRINCIPAL, S/ Nº"
"16/09/2024";"17:49:23";2020;2;"Eleição Ordinária";1;426;"Eleições Municipais 2020";"15/11/2020";"M";"ES";"56057";"ALFREDO CHAVES";56057;"ALFREDO CHAVES";12;4;13;"Vereador";51311;"NARCISO DE ABREU GRASSI";26;1015;80000683714;"EMEF ANA ARAÚJO";"R. EXPEDICIONARIO OSVALDO SAUDINO"
"16/09/2024";"17:49:23";2020;2;"Eleição Ordinária";1;426;"Eleições Municipais 2020";"15/11/2020";"M";"ES";"56057";"ALFREDO CHAVES";56057;"ALFREDO CHAVES";12;4;13;"Vereador";14444;"ZALUAR IGREJA ROSA DA SILVA";7;1015;80000683177;"EMEF ANA ARAÚJO";"R. EXPEDICIONARIO OSVALDO SAUDINO"
"16/09/2024";"17:49:23";2020;2;"Eleição Ordinária";1;426;"Eleições Municipais 2020";"15/11/2020";"M";"ES";"56057";"ALFREDO CHAVES";56057;"ALFREDO CHAVES";12;12;13;"Vereador";51311;"NARCISO DE ABREU GRASSI";4;1058;80000683714;"EEEF ENGANO";"R. PRINCIPAL, S/ Nº"
"16/09/2024";"17:49:23";2020;2;"Eleição Ordinária";1;426;"Eleições Municipais 2020";"15/11/2020";"M";"ES";"56057";"ALFREDO CHAVES";56057;"ALFREDO CHAVES";12;35;13;"Vereador";51311;"NARCISO DE ABREU GRASSI";19;1171;80000683714;"EEEFM CAMILA MOTA";"R. NELSON DA COSTA MELLO, S/ N"
"16/09/2024";"17:49:23";2020;2;"Eleição Ordinária";1;426;"Eleições Municipais 2020";"15/11/2020";"M";"ES";"56057";"ALFREDO CHAVES";56057;"ALFREDO CHAVES";12;35;13;"Vereador";14444;"ZALUAR IGREJA ROSA DA SILVA";5;1171;80000683177;"EEEFM CAMILA MOTA";"R. NELSON DA COSTA MELLO, S/ N"
"16/09/2024";"17:49:23";2020;2;"Eleição Ordinária";1;426;"Eleições Municipais 2020";"15/11/2020";"M";"ES";"56057";"ALFREDO CHAVES";56057;"ALFREDO CHAVES";12;20;13;"Vereador";14123;"HUGO LUIZ PICOLI MENEGHEL";2;1112;80000683174;"SALÃO DA IGREJA CATÓLICA DE CACHOEIRA ALTA";"R. PRINCIPAL, S/ N"
"16/09/2024";"17:49:23";2020;2;"Eleição Ordinária";1;426;"Eleições Municipais 2020";"15/11/2020";"M";"ES";"56057";"ALFREDO CHAVES";56057;"ALFREDO CHAVES";12;3;13;"Vereador";45333;"DIEYSON GONÇALVES DA ROSA";4;1015;80000666652;"EMEF ANA ARAÚJO";"R. EXPEDICIONARIO OSVALDO SAUDINO"
"16/09/2024";"17:49:23";2020;2;"Eleição Ordinária";1;426;"Eleições Municipais 2020";"15/11/2020";"M";"ES";"56057";"ALFREDO CHAVES";56057;"ALFREDO CHAVES";12;29;13;"Vereador";40;"Partido Socialista Brasileiro";8;1147;-3;"EMEF SÃO BENTO DE URÂNIA";"R. PRINCIPAL, S/ Nº"
"16/09/2024";"17:49:23";2020;2;"Eleição Ordinária";1;426;"Eleições Municipais 2020";"15/11/2020";"M";"ES";"56057";"ALFREDO CHAVES";56057;"ALFREDO CHAVES";12;9;13;"Vereador";51;"Patriota";1;1031;-3;"EMEF FAZENDA APARECIDA";"R. PRINCIPAL, S/ Nº"
"16/09/2024";"17:49:23";2020;2;"Eleição Ordinária";1;426;"Eleições Municipais 2020";"15/11/2020";"M";"ES";"56057";"ALFREDO CHAVES";56057;"ALFREDO CHAVES";12;9;13;"Vereador";40;"Partido Socialista Brasileiro";8;1031;-3;"EMEF FAZENDA APARECIDA";"R. PRINCIPAL, S/ Nº"
"16/09/2024";"17:49:23";2020;2;"Eleição Ordinária";1;426;"Eleições Municipais 2020";"15/11/2020";"M";"ES";"56057";"ALFREDO CHAVES";56057;"ALFREDO CHAVES";12;4;13;"Vereador";40;"Partido Socialista Brasileiro";2;1015;-3;"EMEF ANA ARAÚJO";"R. EXPEDICIONARIO OSVALDO SAUDINO"
"16/09/2024";"17:49:23";2020;2;"Eleição Ordinária";1;426;"Eleições Municipais 2020";"15/11/2020";"M";"ES";"56057";"ALFREDO CHAVES";56057;"ALFREDO CHAVES";12;12;13;"Vereador";40;"Partido Socialista Brasileiro";5;1058;-3;"EEEF ENGANO";"R. PRINCIPAL, S/ Nº"
"16/09/2024";"17:49:23";2020;2;"Eleição Ordinária";1;426;"Eleições Municipais 2020";"15/11/2020";"M";"ES";"56057";"ALFREDO CHAVES";56057;"ALFREDO CHAVES";12;13;13;"Vereador";40;"Partido Socialista Brasileiro";1;1058;-3;"EEEF ENGANO";"R. PRINCIPAL, S/ Nº"
"16/09/2024";"17:49:23";2020;2;"Eleição Ordinária";1;426;"Eleições Municipais 2020";"15/11/2020";"M";"ES";"56057";"ALFREDO CHAVES";56057;"ALFREDO CHAVES";12;14;13;"Vereador";51;"Patriota";1;1066;-3;"SALÃO DA IGREJA CATÓLICA DE SÃO BENTO DE BATATAL";"RUA PRINCIPAL, S/ N"
"16/09/2024";"17:49:23";2020;2;"Eleição Ordinária";1;426;"Eleições Municipais 2020";"15/11/2020";"M";"ES";"56057";"ALFREDO CHAVES";56057;"ALFREDO CHAVES";12;14;13;"Vereador";40;"Partido Socialista Brasileiro";4;1066;-3;"SALÃO DA IGREJA CATÓLICA DE SÃO BENTO DE BATATAL";"RUA PRINCIPAL, S/ N"
"16/09/2024";"17:49:23";2020;2;"Eleição Ordinária";1;426;"Eleições Municipais 2020";"15/11/2020";"M";"ES";"56057";"ALFREDO CHAVES";56057;"ALFREDO CHAVES";12;35;13;"Vereador";40;"Partido Socialista Brasileiro";1;1171;-3;"EEEFM CAMILA MOTA";"R. NELSON DA COSTA MELLO, S/ N"
"16/09/2024";"17:49:23";2020;2;"Eleição Ordinária";1;426;"Eleições Municipais 2020";"15/11/2020";"M";"ES";"56057";"ALFREDO CHAVES";56057;"ALFREDO CHAVES";12;30;13;"Vereador";40;"Partido Socialista Brasileiro";9;1171;-3;"EEEFM CAMILA MOTA";"R. NELSON DA COSTA MELLO, S/ N"
"16/09/2024";"17:49:23";2020;2;"Eleição Ordinária";1;426;"Eleições Municipais 2020";"15/11/2020";"M";"ES";"56057";"ALFREDO CHAVES";56057;"ALFREDO CHAVES";12;34;13;"Vereador";40;"Partido Socialista Brasileiro";6;1171;-3;"EEEFM CAMILA MOTA";"R. NELSON DA COSTA MELLO, S/ N"
"16/09/2024";"17:49:23";2020;2;"Eleição Ordinária";1;426;"Eleições Municipais 2020";"15/11/2020";"M";"ES";"56057";"ALFREDO CHAVES";56057;"ALFREDO CHAVES";12;31;13;"Vereador";51;"Patriota";1;1171;-3;"EEEFM CAMILA MOTA";"R. NELSON DA COSTA MELLO, S/ N"
"16/09/2024";"17:49:23";2020;2;"Eleição Ordinária";1;426;"Eleições Municipais 2020";"15/11/2020";"M";"ES";"56057";"ALFREDO CHAVES";56057;"ALFREDO CHAVES";12;31;13;"Vereador";40;"Partido Socialista Brasileiro";3;1171;-3;"EEEFM CAMILA MOTA";"R. NELSON DA COSTA MELLO, S/ N"
"16/09/2024";"17:49:23";2020;2;"Eleição Ordinária";1;426;"Eleições Municipais 2020";"15/11/2020";"M";"ES";"56057";"ALFREDO CHAVES";56057;"ALFREDO CHAVES";12;21;13;"Vereador";40;"Partido Socialista Brasileiro";9;1120;-3;"EMUEF QUARTO TERRITÓRIO";"R. PRINCIPAL , S/ N"
"16/09/2024";"17:49:23";2020;2;"Eleição Ordinária";1;426;"Eleições Municipais 2020";"15/11/2020";"M";"ES";"56057";"ALFREDO CHAVES";56057;"ALFREDO CHAVES";12;23;13;"Vereador";40;"Partido Socialista Brasileiro";6;1139;-3;"EMEF SAGRADA FAMÍLIA";"R. PRINCIPAL, S/ N"
"16/09/2024";"17:49:23";2020;2;"Eleição Ordinária";1;426;"Eleições Municipais 2020";"15/11/2020";"M";"ES";"56057";"ALFREDO CHAVES";56057;"ALFREDO CHAVES";12;17;13;"Vereador";40;"Partido Socialista Brasileiro";4;1090;-3;"EMEF FELIPE MODOLO";"R. PRINCIPAL, S/ N"
"16/09/2024";"17:49:23";2020;2;"Eleição Ordinária";1;426;"Eleições Municipais 2020";"15/11/2020";"M";"ES";"56057";"ALFREDO CHAVES";56057;"ALFREDO CHAVES";12;28;13;"Vereador";40;"Partido Socialista Brasileiro";6;1074;-3;"SALÃO DA IGREJA CATÓLICA DE IRIRITIMIRIM";"R. PRINCIPAL, S/ N"
"16/09/2024";"17:49:23";2020;2;"Eleição Ordinária";1;426;"Eleições Municipais 2020";"15/11/2020";"M";"ES";"56057";"ALFREDO CHAVES";56057;"ALFREDO CHAVES";12;6;13;"Vereador";40;"Partido Socialista Brasileiro";6;1023;-3;"GINÁSIO DE ESPORTES DE ALFREDO CHAVES";"RUA NELSON JOSÉ DA COSTA MELO, S/N"
"16/09/2024";"17:49:23";2020;2;"Eleição Ordinária";1;426;"Eleições Municipais 2020";"15/11/2020";"M";"ES";"56057";"ALFREDO CHAVES";56057;"ALFREDO CHAVES";12;19;13;"Vereador";40;"Partido Socialista Brasileiro";7;1104;-3;"SALÃO COMUNITÁRIO DE NOVA ESTRELA";"R. PRINCIPAL, S/ Nº"
"16/09/2024";"17:49:23";2020;2;"Eleição Ordinária";1;426;"Eleições Municipais 2020";"15/11/2020";"M";"ES";"56057";"ALFREDO CHAVES";56057;"ALFREDO CHAVES";12;20;13;"Vereador";40;"Partido Socialista Brasileiro";7;1112;-3;"SALÃO DA IGREJA CATÓLICA DE CACHOEIRA ALTA";"R. PRINCIPAL, S/ N"
"16/09/2024";"17:49:23";2020;2;"Eleição Ordinária";1;426;"Eleições Municipais 2020";"15/11/2020";"M";"ES";"56057";"ALFREDO CHAVES";56057;"ALFREDO CHAVES";12;14;13;"Vereador";14123;"HUGO LUIZ PICOLI MENEGHEL";2;1066;80000683174;"SALÃO DA IGREJA CATÓLICA DE SÃO BENTO DE BATATAL";"RUA PRINCIPAL, S/ N"
"16/09/2024";"17:49:23";2020;2;"Eleição Ordinária";1;426;"Eleições Municipais 2020";"15/11/2020";"M";"ES";"56057";"ALFREDO CHAVES";56057;"ALFREDO CHAVES";12;7;13;"Vereador";14;"Partido Trabalhista Brasileiro";1;1171;-3;"EEEFM CAMILA MOTA";"R. NELSON DA COSTA MELLO, S/ N"
"16/09/2024";"17:49:23";2020;2;"Eleição Ordinária";1;426;"Eleições Municipais 2020";"15/11/2020";"M";"ES";"56057";"ALFREDO CHAVES";56057;"ALFREDO CHAVES";12;24;13;"Vereador";14;"Partido Trabalhista Brasileiro";3;1147;-3;"EMEF SÃO BENTO DE URÂNIA";"R. PRINCIPAL, S/ Nº"
"16/09/2024";"17:49:23";2020;2;"Eleição Ordinária";1;426;"Eleições Municipais 2020";"15/11/2020";"M";"ES";"56057";"ALFREDO CHAVES";56057;"ALFREDO CHAVES";12;41;13;"Vereador";14;"Partido Trabalhista Brasileiro";1;1236;-3;"NACCA-ANTIGO PETI";"RUA THOMAZ COELHO, S/N AO LADO DA BIBLIOTECA MUNICIPAL"
"16/09/2024";"17:49:23";2020;2;"Eleição Ordinária";1;426;"Eleições Municipais 2020";"15/11/2020";"M";"ES";"56057";"ALFREDO CHAVES";56057;"ALFREDO CHAVES";12;7;13;"Vereador";14123;"HUGO LUIZ PICOLI MENEGHEL";12;1171;80000683174;"EEEFM CAMILA MOTA";"R. NELSON DA COSTA MELLO, S/ N"
"16/09/2024";"17:49:23";2020;2;"Eleição Ordinária";1;426;"Eleições Municipais 2020";"15/11/2020";"M";"ES";"56057";"ALFREDO CHAVES";56057;"ALFREDO CHAVES";12;25;13;"Vereador";14123;"HUGO LUIZ PICOLI MENEGHEL";19;1155;80000683174;"EEUEF CAROLINA";"R. PRINCIPAL, S/ Nº"
"16/09/2024";"17:49:23";2020;2;"Eleição Ordinária";1;426;"Eleições Municipais 2020";"15/11/2020";"M";"ES";"56057";"ALFREDO CHAVES";56057;"ALFREDO CHAVES";12;21;13;"Vereador";14222;"JOSIMAR PIUMBINI";8;1120;80000683175;"EMUEF QUARTO TERRITÓRIO";"R. PRINCIPAL , S/ N"
"16/09/2024";"17:49:23";2020;2;"Eleição Ordinária";1;426;"Eleições Municipais 2020";"15/11/2020";"M";"ES";"56057";"ALFREDO CHAVES";56057;"ALFREDO CHAVES";12;21;13;"Vereador";10222;"FERNANDO ALVES";2;1120;80000682926;"EMUEF QUARTO TERRITÓRIO";"R. PRINCIPAL , S/ N"
"16/09/2024";"17:49:23";2020;2;"Eleição Ordinária";1;426;"Eleições Municipais 2020";"15/11/2020";"M";"ES";"56057";"ALFREDO CHAVES";56057;"ALFREDO CHAVES";12;2;13;"Vereador";14123;"HUGO LUIZ PICOLI MENEGHEL";9;1015;80000683174;"EMEF ANA ARAÚJO";"R. EXPEDICIONARIO OSVALDO SAUDINO"
"16/09/2024";"17:49:23";2020;2;"Eleição Ordinária";1;426;"Eleições Municipais 2020";"15/11/2020";"M";"ES";"56057";"ALFREDO CHAVES";56057;"ALFREDO CHAVES";12;16;13;"Vereador";14123;"HUGO LUIZ PICOLI MENEGHEL";3;1082;80000683174;"EMUEF ALMERINDA BRUNORO";"R. PRINCIPAL, S/ N"
"16/09/2024";"17:49:23";2020;2;"Eleição Ordinária";1;426;"Eleições Municipais 2020";"15/11/2020";"M";"ES";"56057";"ALFREDO CHAVES";56057;"ALFREDO CHAVES";12;40;13;"Vereador";14123;"HUGO LUIZ PICOLI MENEGHEL";26;1236;80000683174;"NACCA-ANTIGO PETI";"RUA THOMAZ COELHO, S/N AO LADO DA BIBLIOTECA MUNICIPAL"
"16/09/2024";"17:49:23";2020;2;"Eleição Ordinária";1;426;"Eleições Municipais 2020";"15/11/2020";"M";"ES";"56057";"ALFREDO CHAVES";56057;"ALFREDO CHAVES";12;17;13;"Vereador";45255;"RAYANE TOMAZINI BRESSANELLI";2;1090;80000666644;"EMEF FELIPE MODOLO";"R. PRINCIPAL, S/ N"
"16/09/2024";"17:49:23";2020;2;"Eleição Ordinária";1;426;"Eleições Municipais 2020";"15/11/2020";"M";"ES";"56057";"ALFREDO CHAVES";56057;"ALFREDO CHAVES";12;15;13;"Vereador";11123;"CRISTIANO GRILLO";1;1074;80000848889;"SALÃO DA IGREJA CATÓLICA DE IRIRITIMIRIM";"R. PRINCIPAL, S/ N"
"16/09/2024";"17:49:23";2020;2;"Eleição Ordinária";1;426;"Eleições Municipais 2020";"15/11/2020";"M";"ES";"56057";"ALFREDO CHAVES";56057;"ALFREDO CHAVES";12;1;13;"Vereador";11123;"CRISTIANO GRILLO";3;1015;80000848889;"EMEF ANA ARAÚJO";"R. EXPEDICIONARIO OSVALDO SAUDINO"
"16/09/2024";"17:49:23";2020;2;"Eleição Ordinária";1;426;"Eleições Municipais 2020";"15/11/2020";"M";"ES";"56057";"ALFREDO CHAVES";56057;"ALFREDO CHAVES";12;21;13;"Vereador";45000;"JONAS NUNES SIMÕES";18;1120;80000666645;"EMUEF QUARTO TERRITÓRIO";"R. PRINCIPAL , S/ N"
"16/09/2024";"17:49:23";2020;2;"Eleição Ordinária";1;426;"Eleições Municipais 2020";"15/11/2020";"M";"ES";"56057";"ALFREDO CHAVES";56057;"ALFREDO CHAVES";12;19;13;"Vereador";45000;"JONAS NUNES SIMÕES";9;1104;80000666645;"SALÃO COMUNITÁRIO DE NOVA ESTRELA";"R. PRINCIPAL, S/ Nº"
"16/09/2024";"17:49:23";2020;2;"Eleição Ordinária";1;426;"Eleições Municipais 2020";"15/11/2020";"M";"ES";"56057";"ALFREDO CHAVES";56057;"ALFREDO CHAVES";12;11;13;"Vereador";11123;"CRISTIANO GRILLO";27;1040;80000848889;"EEEF DE CRUBIXÁ";"R. PRINCIPAL, S/ Nº"
"16/09/2024";"17:49:23";2020;2;"Eleição Ordinária";1;426;"Eleições Municipais 2020";"15/11/2020";"M";"ES";"56057";"ALFREDO CHAVES";56057;"ALFREDO CHAVES";12;17;13;"Vereador";45000;"JONAS NUNES SIMÕES";1;1090;80000666645;"EMEF FELIPE MODOLO";"R. PRINCIPAL, S/ N"
"16/09/2024";"17:49:23";2020;2;"Eleição Ordinária";1;426;"Eleições Municipais 2020";"15/11/2020";"M";"ES";"56057";"ALFREDO CHAVES";56057;"ALFREDO CHAVES";12;29;13;"Vereador";51789;"ANTÔNIO VALDIR GOBBI BUBACK";1;1147;80000683712;"EMEF SÃO BENTO DE URÂNIA";"R. PRINCIPAL, S/ Nº"
"16/09/2024";"17:49:23";2020;2;"Eleição Ordinária";1;426;"Eleições Municipais 2020";"15/11/2020";"M";"ES";"56057";"ALFREDO CHAVES";56057;"ALFREDO CHAVES";12;20;13;"Vereador";11123;"CRISTIANO GRILLO";3;1112;80000848889;"SALÃO DA IGREJA CATÓLICA DE CACHOEIRA ALTA";"R. PRINCIPAL, S/ N"
"16/09/2024";"17:49:23";2020;2;"Eleição Ordinária";1;426;"Eleições Municipais 2020";"15/11/2020";"M";"ES";"56057";"ALFREDO CHAVES";56057;"ALFREDO CHAVES";12;15;13;"Vereador";14123;"HUGO LUIZ PICOLI MENEGHEL";1;1074;80000683174;"SALÃO DA IGREJA CATÓLICA DE IRIRITIMIRIM";"R. PRINCIPAL, S/ N"
"16/09/2024";"17:49:23";2020;2;"Eleição Ordinária";1;426;"Eleições Municipais 2020";"15/11/2020";"M";"ES";"56057";"ALFREDO CHAVES";56057;"ALFREDO CHAVES";12;1;13;"Vereador";14123;"HUGO LUIZ PICOLI MENEGHEL";10;1015;80000683174;"EMEF ANA ARAÚJO";"R. EXPEDICIONARIO OSVALDO SAUDINO"
"16/09/2024";"17:49:23";2020;2;"Eleição Ordinária";1;426;"Eleições Municipais 2020";"15/11/2020";"M";"ES";"56057";"ALFREDO CHAVES";56057;"ALFREDO CHAVES";12;11;13;"Vereador";14123;"HUGO LUIZ PICOLI MENEGHEL";13;1040;80000683174;"EEEF DE CRUBIXÁ";"R. PRINCIPAL, S/ Nº"
"16/09/2024";"17:49:23";2020;2;"Eleição Ordinária";1;426;"Eleições Municipais 2020";"15/11/2020";"M";"ES";"56057";"ALFREDO CHAVES";56057;"ALFREDO CHAVES";12;4;13;"Vereador";10222;"FERNANDO ALVES";6;1015;80000682926;"EMEF ANA ARAÚJO";"R. EXPEDICIONARIO OSVALDO SAUDINO"
"16/09/2024";"17:49:23";2020;2;"Eleição Ordinária";1;426;"Eleições Municipais 2020";"15/11/2020";"M";"ES";"56057";"ALFREDO CHAVES";56057;"ALFREDO CHAVES";12;8;13;"Vereador";40789;"ADILSON JOSE ROVETA";4;1023;80000666567;"GINÁSIO DE ESPORTES DE ALFREDO CHAVES";"RUA NELSON JOSÉ DA COSTA MELO, S/N"
"16/09/2024";"17:49:23";2020;2;"Eleição Ordinária";1;426;"Eleições Municipais 2020";"15/11/2020";"M";"ES";"56057";"ALFREDO CHAVES";56057;"ALFREDO CHAVES";12;18;13;"Vereador";40789;"ADILSON JOSE ROVETA";3;1090;80000666567;"EMEF FELIPE MODOLO";"R. PRINCIPAL, S/ N"
"16/09/2024";"17:49:23";2020;2;"Eleição Ordinária";1;426;"Eleições Municipais 2020";"15/11/2020";"M";"ES";"56057";"ALFREDO CHAVES";56057;"ALFREDO CHAVES";12;35;13;"Vereador";14888;"ANTONIETA PETRI DE ALMEIDA";1;1171;80000683170;"EEEFM CAMILA MOTA";"R. NELSON DA COSTA MELLO, S/ N"
"16/09/2024";"17:49:23";2020;2;"Eleição Ordinária";1;426;"Eleições Municipais 2020";"15/11/2020";"M";"ES";"56057";"ALFREDO CHAVES";56057;"ALFREDO CHAVES";12;3;13;"Vereador";40789;"ADILSON JOSE ROVETA";15;1015;80000666567;"EMEF ANA ARAÚJO";"R. EXPEDICIONARIO OSVALDO SAUDINO"
"16/09/2024";"17:49:23";2020;2;"Eleição Ordinária";1;426;"Eleições Municipais 2020";"15/11/2020";"M";"ES";"56057";"ALFREDO CHAVES";56057;"ALFREDO CHAVES";12;6;13;"Vereador";14888;"ANTONIETA PETRI DE ALMEIDA";1;1023;80000683170;"GINÁSIO DE ESPORTES DE ALFREDO CHAVES";"RUA NELSON JOSÉ DA COSTA MELO, S/N"
"16/09/2024";"17:49:23";2020;2;"Eleição Ordinária";1;426;"Eleições Municipais 2020";"15/11/2020";"M";"ES";"56057";"ALFREDO CHAVES";56057;"ALFREDO CHAVES";12;1;13;"Vereador";10111;"RENATO VETTORACI";4;1015;80000682934;"EMEF ANA ARAÚJO";"R. EXPEDICIONARIO OSVALDO SAUDINO"
"16/09/2024";"17:49:23";2020;2;"Eleição Ordinária";1;426;"Eleições Municipais 2020";"15/11/2020";"M";"ES";"56057";"ALFREDO CHAVES";56057;"ALFREDO CHAVES";12;85;13;"Vereador";10000;"CAMILA CETTO GIORI";2;1244;80000682935;"CRECHE PEQUERRUCHOS";"RUA ANTÔNIO CLAUDIO GAIGHER, 19"
"16/09/2024";"17:49:23";2020;2;"Eleição Ordinária";1;426;"Eleições Municipais 2020";"15/11/2020";"M";"ES";"56057";"ALFREDO CHAVES";56057;"ALFREDO CHAVES";12;23;13;"Vereador";10000;"CAMILA CETTO GIORI";3;1139;80000682935;"EMEF SAGRADA FAMÍLIA";"R. PRINCIPAL, S/ N"
"16/09/2024";"17:49:23";2020;2;"Eleição Ordinária";1;426;"Eleições Municipais 2020";"15/11/2020";"M";"ES";"56057";"ALFREDO CHAVES";56057;"ALFREDO CHAVES";12;4;13;"Vereador";14222;"JOSIMAR PIUMBINI";8;1015;80000683175;"EMEF ANA ARAÚJO";"R. EXPEDICIONARIO OSVALDO SAUDINO"
"16/09/2024";"17:49:23";2020;2;"Eleição Ordinária";1;426;"Eleições Municipais 2020";"15/11/2020";"M";"ES";"56057";"ALFREDO CHAVES";56057;"ALFREDO CHAVES";12;7;13;"Vereador";10111;"RENATO VETTORACI";7;1171;80000682934;"EEEFM CAMILA MOTA";"R. NELSON DA COSTA MELLO, S/ N"
"16/09/2024";"17:49:23";2020;2;"Eleição Ordinária";1;426;"Eleições Municipais 2020";"15/11/2020";"M";"ES";"56057";"ALFREDO CHAVES";56057;"ALFREDO CHAVES";12;9;13;"Vereador";10000;"CAMILA CETTO GIORI";7;1031;80000682935;"EMEF FAZENDA APARECIDA";"R. PRINCIPAL, S/ Nº"
"16/09/2024";"17:49:23";2020;2;"Eleição Ordinária";1;426;"Eleições Municipais 2020";"15/11/2020";"M";"ES";"56057";"ALFREDO CHAVES";56057;"ALFREDO CHAVES";12;31;13;"Vereador";45000;"JONAS NUNES SIMÕES";11;1171;80000666645;"EEEFM CAMILA MOTA";"R. NELSON DA COSTA MELLO, S/ N"
"16/09/2024";"17:49:23";2020;2;"Eleição Ordinária";1;426;"Eleições Municipais 2020";"15/11/2020";"M";"ES";"56057";"ALFREDO CHAVES";56057;"ALFREDO CHAVES";12;12;13;"Vereador";45000;"JONAS NUNES SIMÕES";8;1058;80000666645;"EEEF ENGANO";"R. PRINCIPAL, S/ Nº"
"16/09/2024";"17:49:23";2020;2;"Eleição Ordinária";1;426;"Eleições Municipais 2020";"15/11/2020";"M";"ES";"56057";"ALFREDO CHAVES";56057;"ALFREDO CHAVES";12;13;13;"Vereador";40789;"ADILSON JOSE ROVETA";2;1058;80000666567;"EEEF ENGANO";"R. PRINCIPAL, S/ Nº"
"16/09/2024";"17:49:23";2020;2;"Eleição Ordinária";1;426;"Eleições Municipais 2020";"15/11/2020";"M";"ES";"56057";"ALFREDO CHAVES";56057;"ALFREDO CHAVES";12;35;13;"Vereador";45000;"JONAS NUNES SIMÕES";11;1171;80000666645;"EEEFM CAMILA MOTA";"R. NELSON DA COSTA MELLO, S/ N"
"16/09/2024";"17:49:23";2020;2;"Eleição Ordinária";1;426;"Eleições Municipais 2020";"15/11/2020";"M";"ES";"56057";"ALFREDO CHAVES";56057;"ALFREDO CHAVES";12;30;13;"Vereador";45000;"JONAS NUNES SIMÕES";12;1171;80000666645;"EEEFM CAMILA MOTA";"R. NELSON DA COSTA MELLO, S/ N"
"16/09/2024";"17:49:23";2020;2;"Eleição Ordinária";1;426;"Eleições Municipais 2020";"15/11/2020";"M";"ES";"56057";"ALFREDO CHAVES";56057;"ALFREDO CHAVES";12;34;13;"Vereador";45000;"JONAS NUNES SIMÕES";10;1171;80000666645;"EEEFM CAMILA MOTA";"R. NELSON DA COSTA MELLO, S/ N"
"16/09/2024";"17:49:23";2020;2;"Eleição Ordinária";1;426;"Eleições Municipais 2020";"15/11/2020";"M";"ES";"56057";"ALFREDO CHAVES";56057;"ALFREDO CHAVES";12;6;13;"Vereador";45000;"JONAS NUNES SIMÕES";4;1023;80000666645;"GINÁSIO DE ESPORTES DE ALFREDO CHAVES";"RUA NELSON JOSÉ DA COSTA MELO, S/N"
"16/09/2024";"17:49:23";2020;2;"Eleição Ordinária";1;426;"Eleições Municipais 2020";"15/11/2020";"M";"ES";"56057";"ALFREDO CHAVES";56057;"ALFREDO CHAVES";12;4;13;"Vereador";40789;"ADILSON JOSE ROVETA";6;1015;80000666567;"EMEF ANA ARAÚJO";"R. EXPEDICIONARIO OSVALDO SAUDINO"
"16/09/2024";"17:49:23";2020;2;"Eleição Ordinária";1;426;"Eleições Municipais 2020";"15/11/2020";"M";"ES";"56057";"ALFREDO CHAVES";56057;"ALFREDO CHAVES";12;13;13;"Vereador";45000;"JONAS NUNES SIMÕES";6;1058;80000666645;"EEEF ENGANO";"R. PRINCIPAL, S/ Nº"
"16/09/2024";"17:49:23";2020;2;"Eleição Ordinária";1;426;"Eleições Municipais 2020";"15/11/2020";"M";"ES";"56057";"ALFREDO CHAVES";56057;"ALFREDO CHAVES";12;4;13;"Vereador";45000;"JONAS NUNES SIMÕES";9;1015;80000666645;"EMEF ANA ARAÚJO";"R. EXPEDICIONARIO OSVALDO SAUDINO"
"16/09/2024";"17:49:23";2020;2;"Eleição Ordinária";1;426;"Eleições Municipais 2020";"15/11/2020";"M";"ES";"56057";"ALFREDO CHAVES";56057;"ALFREDO CHAVES";12;2;13;"Vereador";10111;"RENATO VETTORACI";7;1015;80000682934;"EMEF ANA ARAÚJO";"R. EXPEDICIONARIO OSVALDO SAUDINO"
"16/09/2024";"17:49:23";2020;2;"Eleição Ordinária";1;426;"Eleições Municipais 2020";"15/11/2020";"M";"ES";"56057";"ALFREDO CHAVES";56057;"ALFREDO CHAVES";12;16;13;"Vereador";10111;"RENATO VETTORACI";4;1082;80000682934;"EMUEF ALMERINDA BRUNORO";"R. PRINCIPAL, S/ N"
"16/09/2024";"17:49:23";2020;2;"Eleição Ordinária";1;426;"Eleições Municipais 2020";"15/11/2020";"M";"ES";"56057";"ALFREDO CHAVES";56057;"ALFREDO CHAVES";12;40;13;"Vereador";10111;"RENATO VETTORACI";5;1236;80000682934;"NACCA-ANTIGO PETI";"RUA THOMAZ COELHO, S/N AO LADO DA BIBLIOTECA MUNICIPAL"
"16/09/2024";"17:49:23";2020;2;"Eleição Ordinária";1;426;"Eleições Municipais 2020";"15/11/2020";"M";"ES";"56057";"ALFREDO CHAVES";56057;"ALFREDO CHAVES";12;85;13;"Vereador";14123;"HUGO LUIZ PICOLI MENEGHEL";25;1244;80000683174;"CRECHE PEQUERRUCHOS";"RUA ANTÔNIO CLAUDIO GAIGHER, 19"
"16/09/2024";"17:49:23";2020;2;"Eleição Ordinária";1;426;"Eleições Municipais 2020";"15/11/2020";"M";"ES";"56057";"ALFREDO CHAVES";56057;"ALFREDO CHAVES";12;23;13;"Vereador";14123;"HUGO LUIZ PICOLI MENEGHEL";4;1139;80000683174;"EMEF SAGRADA FAMÍLIA";"R. PRINCIPAL, S/ N"
"16/09/2024";"17:49:23";2020;2;"Eleição Ordinária";1;426;"Eleições Municipais 2020";"15/11/2020";"M";"ES";"56057";"ALFREDO CHAVES";56057;"ALFREDO CHAVES";12;21;13;"Vereador";40000;"NILTON CESAR BELMOK";49;1120;80000666560;"EMUEF QUARTO TERRITÓRIO";"R. PRINCIPAL , S/ N"
"16/09/2024";"17:49:23";2020;2;"Eleição Ordinária";1;426;"Eleições Municipais 2020";"15/11/2020";"M";"ES";"56057";"ALFREDO CHAVES";56057;"ALFREDO CHAVES";12;85;13;"Vereador";40222;"ROSANA MARIA CARDOSO TAVARES";2;1244;80000666566;"CRECHE PEQUERRUCHOS";"RUA ANTÔNIO CLAUDIO GAIGHER, 19"
"16/09/2024";"17:49:23";2020;2;"Eleição Ordinária";1;426;"Eleições Municipais 2020";"15/11/2020";"M";"ES";"56057";"ALFREDO CHAVES";56057;"ALFREDO CHAVES";12;4;13;"Vereador";45255;"RAYANE TOMAZINI BRESSANELLI";5;1015;80000666644;"EMEF ANA ARAÚJO";"R. EXPEDICIONARIO OSVALDO SAUDINO"
"16/09/2024";"17:49:23";2020;2;"Eleição Ordinária";1;426;"Eleições Municipais 2020";"15/11/2020";"M";"ES";"56057";"ALFREDO CHAVES";56057;"ALFREDO CHAVES";12;14;13;"Vereador";40456;"SERAFINO ANTONIO SIMONI";6;1066;80000666564;"SALÃO DA IGREJA CATÓLICA DE SÃO BENTO DE BATATAL";"RUA PRINCIPAL, S/ N"
"16/09/2024";"17:49:23";2020;2;"Eleição Ordinária";1;426;"Eleições Municipais 2020";"15/11/2020";"M";"ES";"56057";"ALFREDO CHAVES";56057;"ALFREDO CHAVES";12;31;13;"Vereador";40123;"CLEOMIR GOBBI BUBACK";3;1171;80000666568;"EEEFM CAMILA MOTA";"R. NELSON DA COSTA MELLO, S/ N"
"16/09/2024";"17:49:23";2020;2;"Eleição Ordinária";1;426;"Eleições Municipais 2020";"15/11/2020";"M";"ES";"56057";"ALFREDO CHAVES";56057;"ALFREDO CHAVES";12;19;13;"Vereador";40000;"NILTON CESAR BELMOK";59;1104;80000666560;"SALÃO COMUNITÁRIO DE NOVA ESTRELA";"R. PRINCIPAL, S/ Nº"
"16/09/2024";"17:49:23";2020;2;"Eleição Ordinária";1;426;"Eleições Municipais 2020";"15/11/2020";"M";"ES";"56057";"ALFREDO CHAVES";56057;"ALFREDO CHAVES";12;30;13;"Vereador";40000;"NILTON CESAR BELMOK";14;1171;80000666560;"EEEFM CAMILA MOTA";"R. NELSON DA COSTA MELLO, S/ N"
"16/09/2024";"17:49:23";2020;2;"Eleição Ordinária";1;426;"Eleições Municipais 2020";"15/11/2020";"M";"ES";"56057";"ALFREDO CHAVES";56057;"ALFREDO CHAVES";12;21;13;"Vereador";40777;"SERGIO DA SILVA BARROS";4;1120;80000666565;"EMUEF QUARTO TERRITÓRIO";"R. PRINCIPAL , S/ N"
"16/09/2024";"17:49:23";2020;2;"Eleição Ordinária";1;426;"Eleições Municipais 2020";"15/11/2020";"M";"ES";"56057";"ALFREDO CHAVES";56057;"ALFREDO CHAVES";12;34;13;"Vereador";40000;"NILTON CESAR BELMOK";19;1171;80000666560;"EEEFM CAMILA MOTA";"R. NELSON DA COSTA MELLO, S/ N"
"16/09/2024";"17:49:23";2020;2;"Eleição Ordinária";1;426;"Eleições Municipais 2020";"15/11/2020";"M";"ES";"56057";"ALFREDO CHAVES";56057;"ALFREDO CHAVES";12;6;13;"Vereador";40000;"NILTON CESAR BELMOK";8;1023;80000666560;"GINÁSIO DE ESPORTES DE ALFREDO CHAVES";"RUA NELSON JOSÉ DA COSTA MELO, S/N"
"16/09/2024";"17:49:23";2020;2;"Eleição Ordinária";1;426;"Eleições Municipais 2020";"15/11/2020";"M";"ES";"56057";"ALFREDO CHAVES";56057;"ALFREDO CHAVES";12;19;13;"Vereador";45255;"RAYANE TOMAZINI BRESSANELLI";1;1104;80000666644;"SALÃO COMUNITÁRIO DE NOVA ESTRELA";"R. PRINCIPAL, S/ Nº"
"16/09/2024";"17:49:23";2020;2;"Eleição Ordinária";1;426;"Eleições Municipais 2020";"15/11/2020";"M";"ES";"56057";"ALFREDO CHAVES";56057;"ALFREDO CHAVES";12;31;13;"Vereador";40000;"NILTON CESAR BELMOK";18;1171;80000666560;"EEEFM CAMILA MOTA";"R. NELSON DA COSTA MELLO, S/ N"
"16/09/2024";"17:49:23";2020;2;"Eleição Ordinária";1;426;"Eleições Municipais 2020";"15/11/2020";"M";"ES";"56057";"ALFREDO CHAVES";56057;"ALFREDO CHAVES";12;17;13;"Vereador";40123;"CLEOMIR GOBBI BUBACK";2;1090;80000666568;"EMEF FELIPE MODOLO";"R. PRINCIPAL, S/ N"
"16/09/2024";"17:49:23";2020;2;"Eleição Ordinária";1;426;"Eleições Municipais 2020";"15/11/2020";"M";"ES";"56057";"ALFREDO CHAVES";56057;"ALFREDO CHAVES";12;21;13;"Vereador";45255;"RAYANE TOMAZINI BRESSANELLI";3;1120;80000666644;"EMUEF QUARTO TERRITÓRIO";"R. PRINCIPAL , S/ N"
"16/09/2024";"17:49:23";2020;2;"Eleição Ordinária";1;426;"Eleições Municipais 2020";"15/11/2020";"M";"ES";"56057";"ALFREDO CHAVES";56057;"ALFREDO CHAVES";12;29;13;"Vereador";40000;"NILTON CESAR BELMOK";10;1147;80000666560;"EMEF SÃO BENTO DE URÂNIA";"R. PRINCIPAL, S/ Nº"
"16/09/2024";"17:49:23";2020;2;"Eleição Ordinária";1;426;"Eleições Municipais 2020";"15/11/2020";"M";"ES";"56057";"ALFREDO CHAVES";56057;"ALFREDO CHAVES";12;17;13;"Vereador";40000;"NILTON CESAR BELMOK";5;1090;80000666560;"EMEF FELIPE MODOLO";"R. PRINCIPAL, S/ N"
"16/09/2024";"17:49:23";2020;2;"Eleição Ordinária";1;426;"Eleições Municipais 2020";"15/11/2020";"M";"ES";"56057";"ALFREDO CHAVES";56057;"ALFREDO CHAVES";12;24;13;"Vereador";95;"VOTO BRANCO";18;1147;-1;"EMEF SÃO BENTO DE URÂNIA";"R. PRINCIPAL, S/ Nº"
"16/09/2024";"17:49:23";2020;2;"Eleição Ordinária";1;426;"Eleições Municipais 2020";"15/11/2020";"M";"ES";"56057";"ALFREDO CHAVES";56057;"ALFREDO CHAVES";12;11;13;"Vereador";95;"VOTO BRANCO";9;1040;-1;"EEEF DE CRUBIXÁ";"R. PRINCIPAL, S/ Nº"
"16/09/2024";"17:49:23";2020;2;"Eleição Ordinária";1;426;"Eleições Municipais 2020";"15/11/2020";"M";"ES";"56057";"ALFREDO CHAVES";56057;"ALFREDO CHAVES";12;19;13;"Vereador";40777;"SERGIO DA SILVA BARROS";1;1104;80000666565;"SALÃO COMUNITÁRIO DE NOVA ESTRELA";"R. PRINCIPAL, S/ Nº"
"16/09/2024";"17:49:23";2020;2;"Eleição Ordinária";1;426;"Eleições Municipais 2020";"15/11/2020";"M";"ES";"56057";"ALFREDO CHAVES";56057;"ALFREDO CHAVES";12;28;13;"Vereador";40123;"CLEOMIR GOBBI BUBACK";4;1074;80000666568;"SALÃO DA IGREJA CATÓLICA DE IRIRITIMIRIM";"R. PRINCIPAL, S/ N"
"16/09/2024";"17:49:23";2020;2;"Eleição Ordinária";1;426;"Eleições Municipais 2020";"15/11/2020";"M";"ES";"56057";"ALFREDO CHAVES";56057;"ALFREDO CHAVES";12;1;13;"Vereador";95;"VOTO BRANCO";6;1015;-1;"EMEF ANA ARAÚJO";"R. EXPEDICIONARIO OSVALDO SAUDINO"
"16/09/2024";"17:49:23";2020;2;"Eleição Ordinária";1;426;"Eleições Municipais 2020";"15/11/2020";"M";"ES";"56057";"ALFREDO CHAVES";56057;"ALFREDO CHAVES";12;17;13;"Vereador";14222;"JOSIMAR PIUMBINI";5;1090;80000683175;"EMEF FELIPE MODOLO";"R. PRINCIPAL, S/ N"
"16/09/2024";"17:49:23";2020;2;"Eleição Ordinária";1;426;"Eleições Municipais 2020";"15/11/2020";"M";"ES";"56057";"ALFREDO CHAVES";56057;"ALFREDO CHAVES";12;31;13;"Vereador";40789;"ADILSON JOSE ROVETA";7;1171;80000666567;"EEEFM CAMILA MOTA";"R. NELSON DA COSTA MELLO, S/ N"
"16/09/2024";"17:49:23";2020;2;"Eleição Ordinária";1;426;"Eleições Municipais 2020";"15/11/2020";"M";"ES";"56057";"ALFREDO CHAVES";56057;"ALFREDO CHAVES";12;17;13;"Vereador";10222;"FERNANDO ALVES";1;1090;80000682926;"EMEF FELIPE MODOLO";"R. PRINCIPAL, S/ N"
"16/09/2024";"17:49:23";2020;2;"Eleição Ordinária";1;426;"Eleições Municipais 2020";"15/11/2020";"M";"ES";"56057";"ALFREDO CHAVES";56057;"ALFREDO CHAVES";12;12;13;"Vereador";40789;"ADILSON JOSE ROVETA";5;1058;80000666567;"EEEF ENGANO";"R. PRINCIPAL, S/ Nº"
"16/09/2024";"17:49:23";2020;2;"Eleição Ordinária";1;426;"Eleições Municipais 2020";"15/11/2020";"M";"ES";"56057";"ALFREDO CHAVES";56057;"ALFREDO CHAVES";12;14;13;"Vereador";10111;"RENATO VETTORACI";1;1066;80000682934;"SALÃO DA IGREJA CATÓLICA DE SÃO BENTO DE BATATAL";"RUA PRINCIPAL, S/ N"
"16/09/2024";"17:49:23";2020;2;"Eleição Ordinária";1;426;"Eleições Municipais 2020";"15/11/2020";"M";"ES";"56057";"ALFREDO CHAVES";56057;"ALFREDO CHAVES";12;85;13;"Vereador";40321;"GILSON LUIZ BELLON";2;1244;80000666558;"CRECHE PEQUERRUCHOS";"RUA ANTÔNIO CLAUDIO GAIGHER, 19"
"16/09/2024";"17:49:23";2020;2;"Eleição Ordinária";1;426;"Eleições Municipais 2020";"15/11/2020";"M";"ES";"56057";"ALFREDO CHAVES";56057;"ALFREDO CHAVES";12;23;13;"Vereador";40321;"GILSON LUIZ BELLON";1;1139;80000666558;"EMEF SAGRADA FAMÍLIA";"R. PRINCIPAL, S/ N"
"16/09/2024";"17:49:23";2020;2;"Eleição Ordinária";1;426;"Eleições Municipais 2020";"15/11/2020";"M";"ES";"56057";"ALFREDO CHAVES";56057;"ALFREDO CHAVES";12;35;13;"Vereador";40789;"ADILSON JOSE ROVETA";9;1171;80000666567;"EEEFM CAMILA MOTA";"R. NELSON DA COSTA MELLO, S/ N"
"16/09/2024";"17:49:23";2020;2;"Eleição Ordinária";1;426;"Eleições Municipais 2020";"15/11/2020";"M";"ES";"56057";"ALFREDO CHAVES";56057;"ALFREDO CHAVES";12;12;13;"Vereador";40000;"NILTON CESAR BELMOK";18;1058;80000666560;"EEEF ENGANO";"R. PRINCIPAL, S/ Nº"
"16/09/2024";"17:49:23";2020;2;"Eleição Ordinária";1;426;"Eleições Municipais 2020";"15/11/2020";"M";"ES";"56057";"ALFREDO CHAVES";56057;"ALFREDO CHAVES";12;9;13;"Vereador";40321;"GILSON LUIZ BELLON";1;1031;80000666558;"EMEF FAZENDA APARECIDA";"R. PRINCIPAL, S/ Nº"
"16/09/2024";"17:49:23";2020;2;"Eleição Ordinária";1;426;"Eleições Municipais 2020";"15/11/2020";"M";"ES";"56057";"ALFREDO CHAVES";56057;"ALFREDO CHAVES";12;28;13;"Vereador";14222;"JOSIMAR PIUMBINI";4;1074;80000683175;"SALÃO DA IGREJA CATÓLICA DE IRIRITIMIRIM";"R. PRINCIPAL, S/ N"
"16/09/2024";"17:49:23";2020;2;"Eleição Ordinária";1;426;"Eleições Municipais 2020";"15/11/2020";"M";"ES";"56057";"ALFREDO CHAVES";56057;"ALFREDO CHAVES";12;30;13;"Vereador";40789;"ADILSON JOSE ROVETA";10;1171;80000666567;"EEEFM CAMILA MOTA";"R. NELSON DA COSTA MELLO, S/ N"
"16/09/2024";"17:49:23";2020;2;"Eleição Ordinária";1;426;"Eleições Municipais 2020";"15/11/2020";"M";"ES";"56057";"ALFREDO CHAVES";56057;"ALFREDO CHAVES";12;34;13;"Vereador";40789;"ADILSON JOSE ROVETA";5;1171;80000666567;"EEEFM CAMILA MOTA";"R. NELSON DA COSTA MELLO, S/ N"
"16/09/2024";"17:49:23";2020;2;"Eleição Ordinária";1;426;"Eleições Municipais 2020";"15/11/2020";"M";"ES";"56057";"ALFREDO CHAVES";56057;"ALFREDO CHAVES";12;6;13;"Vereador";40789;"ADILSON JOSE ROVETA";3;1023;80000666567;"GINÁSIO DE ESPORTES DE ALFREDO CHAVES";"RUA NELSON JOSÉ DA COSTA MELO, S/N"
"16/09/2024";"17:49:23";2020;2;"Eleição Ordinária";1;426;"Eleições Municipais 2020";"15/11/2020";"M";"ES";"56057";"ALFREDO CHAVES";56057;"ALFREDO CHAVES";12;35;13;"Vereador";40000;"NILTON CESAR BELMOK";14;1171;80000666560;"EEEFM CAMILA MOTA";"R. NELSON DA COSTA MELLO, S/ N"
"16/09/2024";"17:49:23";2020;2;"Eleição Ordinária";1;426;"Eleições Municipais 2020";"15/11/2020";"M";"ES";"56057";"ALFREDO CHAVES";56057;"ALFREDO CHAVES";12;31;13;"Vereador";40777;"SERGIO DA SILVA BARROS";7;1171;80000666565;"EEEFM CAMILA MOTA";"R. NELSON DA COSTA MELLO, S/ N"
"16/09/2024";"17:49:23";2020;2;"Eleição Ordinária";1;426;"Eleições Municipais 2020";"15/11/2020";"M";"ES";"56057";"ALFREDO CHAVES";56057;"ALFREDO CHAVES";12;85;13;"Vereador";51234;"LUCIANO PINON";1;1244;80000683718;"CRECHE PEQUERRUCHOS";"RUA ANTÔNIO CLAUDIO GAIGHER, 19"
"16/09/2024";"17:49:23";2020;2;"Eleição Ordinária";1;426;"Eleições Municipais 2020";"15/11/2020";"M";"ES";"56057";"ALFREDO CHAVES";56057;"ALFREDO CHAVES";12;17;13;"Vereador";40789;"ADILSON JOSE ROVETA";2;1090;80000666567;"EMEF FELIPE MODOLO";"R. PRINCIPAL, S/ N"
"16/09/2024";"17:49:23";2020;2;"Eleição Ordinária";1;426;"Eleições Municipais 2020";"15/11/2020";"M";"ES";"56057";"ALFREDO CHAVES";56057;"ALFREDO CHAVES";12;30;13;"Vereador";45255;"RAYANE TOMAZINI BRESSANELLI";3;1171;80000666644;"EEEFM CAMILA MOTA";"R. NELSON DA COSTA MELLO, S/ N"
"16/09/2024";"17:49:23";2020;2;"Eleição Ordinária";1;426;"Eleições Municipais 2020";"15/11/2020";"M";"ES";"56057";"ALFREDO CHAVES";56057;"ALFREDO CHAVES";12;34;13;"Vereador";45255;"RAYANE TOMAZINI BRESSANELLI";3;1171;80000666644;"EEEFM CAMILA MOTA";"R. NELSON DA COSTA MELLO, S/ N"
"16/09/2024";"17:49:23";2020;2;"Eleição Ordinária";1;426;"Eleições Municipais 2020";"15/11/2020";"M";"ES";"56057";"ALFREDO CHAVES";56057;"ALFREDO CHAVES";12;28;13;"Vereador";40789;"ADILSON JOSE ROVETA";4;1074;80000666567;"SALÃO DA IGREJA CATÓLICA DE IRIRITIMIRIM";"R. PRINCIPAL, S/ N"
"16/09/2024";"17:49:23";2020;2;"Eleição Ordinária";1;426;"Eleições Municipais 2020";"15/11/2020";"M";"ES";"56057";"ALFREDO CHAVES";56057;"ALFREDO CHAVES";12;6;13;"Vereador";45255;"RAYANE TOMAZINI BRESSANELLI";2;1023;80000666644;"GINÁSIO DE ESPORTES DE ALFREDO CHAVES";"RUA NELSON JOSÉ DA COSTA MELO, S/N"
"16/09/2024";"17:49:23";2020;2;"Eleição Ordinária";1;426;"Eleições Municipais 2020";"15/11/2020";"M";"ES";"56057";"ALFREDO CHAVES";56057;"ALFREDO CHAVES";12;12;13;"Vereador";40777;"SERGIO DA SILVA BARROS";2;1058;80000666565;"EEEF ENGANO";"R. PRINCIPAL, S/ Nº"
"16/09/2024";"17:49:23";2020;2;"Eleição Ordinária";1;426;"Eleições Municipais 2020";"15/11/2020";"M";"ES";"56057";"ALFREDO CHAVES";56057;"ALFREDO CHAVES";12;35;13;"Vereador";40123;"CLEOMIR GOBBI BUBACK";1;1171;80000666568;"EEEFM CAMILA MOTA";"R. NELSON DA COSTA MELLO, S/ N"
"16/09/2024";"17:49:23";2020;2;"Eleição Ordinária";1;426;"Eleições Municipais 2020";"15/11/2020";"M";"ES";"56057";"ALFREDO CHAVES";56057;"ALFREDO CHAVES";12;19;13;"Vereador";40789;"ADILSON JOSE ROVETA";1;1104;80000666567;"SALÃO COMUNITÁRIO DE NOVA ESTRELA";"R. PRINCIPAL, S/ Nº"
"16/09/2024";"17:49:23";2020;2;"Eleição Ordinária";1;426;"Eleições Municipais 2020";"15/11/2020";"M";"ES";"56057";"ALFREDO CHAVES";56057;"ALFREDO CHAVES";12;20;13;"Vereador";14222;"JOSIMAR PIUMBINI";8;1112;80000683175;"SALÃO DA IGREJA CATÓLICA DE CACHOEIRA ALTA";"R. PRINCIPAL, S/ N"
"16/09/2024";"17:49:23";2020;2;"Eleição Ordinária";1;426;"Eleições Municipais 2020";"15/11/2020";"M";"ES";"56057";"ALFREDO CHAVES";56057;"ALFREDO CHAVES";12;30;13;"Vereador";40123;"CLEOMIR GOBBI BUBACK";2;1171;80000666568;"EEEFM CAMILA MOTA";"R. NELSON DA COSTA MELLO, S/ N"
"16/09/2024";"17:49:23";2020;2;"Eleição Ordinária";1;426;"Eleições Municipais 2020";"15/11/2020";"M";"ES";"56057";"ALFREDO CHAVES";56057;"ALFREDO CHAVES";12;34;13;"Vereador";40123;"CLEOMIR GOBBI BUBACK";2;1171;80000666568;"EEEFM CAMILA MOTA";"R. NELSON DA COSTA MELLO, S/ N"
"16/09/2024";"17:49:23";2020;2;"Eleição Ordinária";1;426;"Eleições Municipais 2020";"15/11/2020";"M";"ES";"56057";"ALFREDO CHAVES";56057;"ALFREDO CHAVES";12;35;13;"Vereador";40777;"SERGIO DA SILVA BARROS";9;1171;80000666565;"EEEFM CAMILA MOTA";"R. NELSON DA COSTA MELLO, S/ N"
"16/09/2024";"17:49:23";2020;2;"Eleição Ordinária";1;426;"Eleições Municipais 2020";"15/11/2020";"M";"ES";"56057";"ALFREDO CHAVES";56057;"ALFREDO CHAVES";12;35;13;"Vereador";45255;"RAYANE TOMAZINI BRESSANELLI";1;1171;80000666644;"EEEFM CAMILA MOTA";"R. NELSON DA COSTA MELLO, S/ N"
"16/09/2024";"17:49:23";2020;2;"Eleição Ordinária";1;426;"Eleições Municipais 2020";"15/11/2020";"M";"ES";"56057";"ALFREDO CHAVES";56057;"ALFREDO CHAVES";12;1;13;"Vereador";10333;"CLOVIS D ALMEIDA FILHO";5;1015;80000682924;"EMEF ANA ARAÚJO";"R. EXPEDICIONARIO OSVALDO SAUDINO"
"16/09/2024";"17:49:23";2020;2;"Eleição Ordinária";1;426;"Eleições Municipais 2020";"15/11/2020";"M";"ES";"56057";"ALFREDO CHAVES";56057;"ALFREDO CHAVES";12;7;13;"Vereador";95;"VOTO BRANCO";2;1171;-1;"EEEFM CAMILA MOTA";"R. NELSON DA COSTA MELLO, S/ N"
"16/09/2024";"17:49:23";2020;2;"Eleição Ordinária";1;426;"Eleições Municipais 2020";"15/11/2020";"M";"ES";"56057";"ALFREDO CHAVES";56057;"ALFREDO CHAVES";12;25;13;"Vereador";95;"VOTO BRANCO";8;1155;-1;"EEUEF CAROLINA";"R. PRINCIPAL, S/ Nº"
"16/09/2024";"17:49:23";2020;2;"Eleição Ordinária";1;426;"Eleições Municipais 2020";"15/11/2020";"M";"ES";"56057";"ALFREDO CHAVES";56057;"ALFREDO CHAVES";12;2;13;"Vereador";95;"VOTO BRANCO";4;1015;-1;"EMEF ANA ARAÚJO";"R. EXPEDICIONARIO OSVALDO SAUDINO"
"16/09/2024";"17:49:23";2020;2;"Eleição Ordinária";1;426;"Eleições Municipais 2020";"15/11/2020";"M";"ES";"56057";"ALFREDO CHAVES";56057;"ALFREDO CHAVES";12;16;13;"Vereador";95;"VOTO BRANCO";2;1082;-1;"EMUEF ALMERINDA BRUNORO";"R. PRINCIPAL, S/ N"
"16/09/2024";"17:49:23";2020;2;"Eleição Ordinária";1;426;"Eleições Municipais 2020";"15/11/2020";"M";"ES";"56057";"ALFREDO CHAVES";56057;"ALFREDO CHAVES";12;40;13;"Vereador";95;"VOTO BRANCO";5;1236;-1;"NACCA-ANTIGO PETI";"RUA THOMAZ COELHO, S/N AO LADO DA BIBLIOTECA MUNICIPAL"
"16/09/2024";"17:49:23";2020;2;"Eleição Ordinária";1;426;"Eleições Municipais 2020";"15/11/2020";"M";"ES";"56057";"ALFREDO CHAVES";56057;"ALFREDO CHAVES";12;7;13;"Vereador";10333;"CLOVIS D ALMEIDA FILHO";3;1171;80000682924;"EEEFM CAMILA MOTA";"R. NELSON DA COSTA MELLO, S/ N"
"16/09/2024";"17:49:23";2020;2;"Eleição Ordinária";1;426;"Eleições Municipais 2020";"15/11/2020";"M";"ES";"56057";"ALFREDO CHAVES";56057;"ALFREDO CHAVES";12;25;13;"Vereador";10333;"CLOVIS D ALMEIDA FILHO";1;1155;80000682924;"EEUEF CAROLINA";"R. PRINCIPAL, S/ Nº"
"16/09/2024";"17:49:23";2020;2;"Eleição Ordinária";1;426;"Eleições Municipais 2020";"15/11/2020";"M";"ES";"56057";"ALFREDO CHAVES";56057;"ALFREDO CHAVES";12;2;13;"Vereador";10333;"CLOVIS D ALMEIDA FILHO";7;1015;80000682924;"EMEF ANA ARAÚJO";"R. EXPEDICIONARIO OSVALDO SAUDINO"
"16/09/2024";"17:49:23";2020;2;"Eleição Ordinária";1;426;"Eleições Municipais 2020";"15/11/2020";"M";"ES";"56057";"ALFREDO CHAVES";56057;"ALFREDO CHAVES";12;40;13;"Vereador";10333;"CLOVIS D ALMEIDA FILHO";4;1236;80000682924;"NACCA-ANTIGO PETI";"RUA THOMAZ COELHO, S/N AO LADO DA BIBLIOTECA MUNICIPAL"
"16/09/2024";"17:49:23";2020;2;"Eleição Ordinária";1;426;"Eleições Municipais 2020";"15/11/2020";"M";"ES";"56057";"ALFREDO CHAVES";56057;"ALFREDO CHAVES";12;21;13;"Vereador";11357;"ELIZANGELA SOUZA DA SILVA";1;1120;80000848887;"EMUEF QUARTO TERRITÓRIO";"R. PRINCIPAL , S/ N"
"16/09/2024";"17:49:23";2020;2;"Eleição Ordinária";1;426;"Eleições Municipais 2020";"15/11/2020";"M";"ES";"56057";"ALFREDO CHAVES";56057;"ALFREDO CHAVES";12;31;13;"Vereador";14222;"JOSIMAR PIUMBINI";5;1171;80000683175;"EEEFM CAMILA MOTA";"R. NELSON DA COSTA MELLO, S/ N"
"16/09/2024";"17:49:23";2020;2;"Eleição Ordinária";1;426;"Eleições Municipais 2020";"15/11/2020";"M";"ES";"56057";"ALFREDO CHAVES";56057;"ALFREDO CHAVES";12;20;13;"Vereador";40456;"SERAFINO ANTONIO SIMONI";14;1112;80000666564;"SALÃO DA IGREJA CATÓLICA DE CACHOEIRA ALTA";"R. PRINCIPAL, S/ N"
"16/09/2024";"17:49:23";2020;2;"Eleição Ordinária";1;426;"Eleições Municipais 2020";"15/11/2020";"M";"ES";"56057";"ALFREDO CHAVES";56057;"ALFREDO CHAVES";12;15;13;"Vereador";95;"VOTO BRANCO";10;1074;-1;"SALÃO DA IGREJA CATÓLICA DE IRIRITIMIRIM";"R. PRINCIPAL, S/ N"
"16/09/2024";"17:49:23";2020;2;"Eleição Ordinária";1;426;"Eleições Municipais 2020";"15/11/2020";"M";"ES";"56057";"ALFREDO CHAVES";56057;"ALFREDO CHAVES";12;28;13;"Vereador";45000;"JONAS NUNES SIMÕES";10;1074;80000666645;"SALÃO DA IGREJA CATÓLICA DE IRIRITIMIRIM";"R. PRINCIPAL, S/ N"
"16/09/2024";"17:49:23";2020;2;"Eleição Ordinária";1;426;"Eleições Municipais 2020";"15/11/2020";"M";"ES";"56057";"ALFREDO CHAVES";56057;"ALFREDO CHAVES";12;29;13;"Vereador";45000;"JONAS NUNES SIMÕES";11;1147;80000666645;"EMEF SÃO BENTO DE URÂNIA";"R. PRINCIPAL, S/ Nº"
"16/09/2024";"17:49:23";2020;2;"Eleição Ordinária";1;426;"Eleições Municipais 2020";"15/11/2020";"M";"ES";"56057";"ALFREDO CHAVES";56057;"ALFREDO CHAVES";12;20;13;"Vereador";40000;"NILTON CESAR BELMOK";14;1112;80000666560;"SALÃO DA IGREJA CATÓLICA DE CACHOEIRA ALTA";"R. PRINCIPAL, S/ N"
"16/09/2024";"17:49:23";2020;2;"Eleição Ordinária";1;426;"Eleições Municipais 2020";"15/11/2020";"M";"ES";"56057";"ALFREDO CHAVES";56057;"ALFREDO CHAVES";12;30;13;"Vereador";40777;"SERGIO DA SILVA BARROS";6;1171;80000666565;"EEEFM CAMILA MOTA";"R. NELSON DA COSTA MELLO, S/ N"
"16/09/2024";"17:49:23";2020;2;"Eleição Ordinária";1;426;"Eleições Municipais 2020";"15/11/2020";"M";"ES";"56057";"ALFREDO CHAVES";56057;"ALFREDO CHAVES";12;34;13;"Vereador";40777;"SERGIO DA SILVA BARROS";4;1171;80000666565;"EEEFM CAMILA MOTA";"R. NELSON DA COSTA MELLO, S/ N"
"16/09/2024";"17:49:23";2020;2;"Eleição Ordinária";1;426;"Eleições Municipais 2020";"15/11/2020";"M";"ES";"56057";"ALFREDO CHAVES";56057;"ALFREDO CHAVES";12;6;13;"Vereador";40777;"SERGIO DA SILVA BARROS";7;1023;80000666565;"GINÁSIO DE ESPORTES DE ALFREDO CHAVES";"RUA NELSON JOSÉ DA COSTA MELO, S/N"
"16/09/2024";"17:49:23";2020;2;"Eleição Ordinária";1;426;"Eleições Municipais 2020";"15/11/2020";"M";"ES";"56057";"ALFREDO CHAVES";56057;"ALFREDO CHAVES";12;13;13;"Vereador";40000;"NILTON CESAR BELMOK";21;1058;80000666560;"EEEF ENGANO";"R. PRINCIPAL, S/ Nº"
"16/09/2024";"17:49:23";2020;2;"Eleição Ordinária";1;426;"Eleições Municipais 2020";"15/11/2020";"M";"ES";"56057";"ALFREDO CHAVES";56057;"ALFREDO CHAVES";12;20;13;"Vereador";40777;"SERGIO DA SILVA BARROS";5;1112;80000666565;"SALÃO DA IGREJA CATÓLICA DE CACHOEIRA ALTA";"R. PRINCIPAL, S/ N"
"16/09/2024";"17:49:23";2020;2;"Eleição Ordinária";1;426;"Eleições Municipais 2020";"15/11/2020";"M";"ES";"56057";"ALFREDO CHAVES";56057;"ALFREDO CHAVES";12;20;13;"Vereador";40123;"CLEOMIR GOBBI BUBACK";1;1112;80000666568;"SALÃO DA IGREJA CATÓLICA DE CACHOEIRA ALTA";"R. PRINCIPAL, S/ N"
"16/09/2024";"17:49:23";2020;2;"Eleição Ordinária";1;426;"Eleições Municipais 2020";"15/11/2020";"M";"ES";"56057";"ALFREDO CHAVES";56057;"ALFREDO CHAVES";12;28;13;"Vereador";40777;"SERGIO DA SILVA BARROS";1;1074;80000666565;"SALÃO DA IGREJA CATÓLICA DE IRIRITIMIRIM";"R. PRINCIPAL, S/ N"
"16/09/2024";"17:49:23";2020;2;"Eleição Ordinária";1;426;"Eleições Municipais 2020";"15/11/2020";"M";"ES";"56057";"ALFREDO CHAVES";56057;"ALFREDO CHAVES";12;35;13;"Vereador";10888;"ALCIDEMAR SILVA";8;1171;80000682923;"EEEFM CAMILA MOTA";"R. NELSON DA COSTA MELLO, S/ N"
"16/09/2024";"17:49:23";2020;2;"Eleição Ordinária";1;426;"Eleições Municipais 2020";"15/11/2020";"M";"ES";"56057";"ALFREDO CHAVES";56057;"ALFREDO CHAVES";12;31;13;"Vereador";10888;"ALCIDEMAR SILVA";6;1171;80000682923;"EEEFM CAMILA MOTA";"R. NELSON DA COSTA MELLO, S/ N"
"16/09/2024";"17:49:23";2020;2;"Eleição Ordinária";1;426;"Eleições Municipais 2020";"15/11/2020";"M";"ES";"56057";"ALFREDO CHAVES";56057;"ALFREDO CHAVES";12;23;13;"Vereador";10555;"OTTAVIO EVANGELISTA GOMES";1;1139;80000682929;"EMEF SAGRADA FAMÍLIA";"R. PRINCIPAL, S/ N"
"16/09/2024";"17:49:23";2020;2;"Eleição Ordinária";1;426;"Eleições Municipais 2020";"15/11/2020";"M";"ES";"56057";"ALFREDO CHAVES";56057;"ALFREDO CHAVES";12;13;13;"Vereador";40777;"SERGIO DA SILVA BARROS";2;1058;80000666565;"EEEF ENGANO";"R. PRINCIPAL, S/ Nº"
"16/09/2024";"17:49:23";2020;2;"Eleição Ordinária";1;426;"Eleições Municipais 2020";"15/11/2020";"M";"ES";"56057";"ALFREDO CHAVES";56057;"ALFREDO CHAVES";12;20;13;"Vereador";10111;"RENATO VETTORACI";25;1112;80000682934;"SALÃO DA IGREJA CATÓLICA DE CACHOEIRA ALTA";"R. PRINCIPAL, S/ N"
"16/09/2024";"17:49:23";2020;2;"Eleição Ordinária";1;426;"Eleições Municipais 2020";"15/11/2020";"M";"ES";"56057";"ALFREDO CHAVES";56057;"ALFREDO CHAVES";12;4;13;"Vereador";40777;"SERGIO DA SILVA BARROS";9;1015;80000666565;"EMEF ANA ARAÚJO";"R. EXPEDICIONARIO OSVALDO SAUDINO"
"16/09/2024";"17:49:23";2020;2;"Eleição Ordinária";1;426;"Eleições Municipais 2020";"15/11/2020";"M";"ES";"56057";"ALFREDO CHAVES";56057;"ALFREDO CHAVES";12;4;13;"Vereador";40000;"NILTON CESAR BELMOK";14;1015;80000666560;"EMEF ANA ARAÚJO";"R. EXPEDICIONARIO OSVALDO SAUDINO"
"16/09/2024";"17:49:23";2020;2;"Eleição Ordinária";1;426;"Eleições Municipais 2020";"15/11/2020";"M";"ES";"56057";"ALFREDO CHAVES";56057;"ALFREDO CHAVES";12;15;13;"Vereador";51222;"GIANNE SMARSARO";1;1074;80000683716;"SALÃO DA IGREJA CATÓLICA DE IRIRITIMIRIM";"R. PRINCIPAL, S/ N"
"16/09/2024";"17:49:23";2020;2;"Eleição Ordinária";1;426;"Eleições Municipais 2020";"15/11/2020";"M";"ES";"56057";"ALFREDO CHAVES";56057;"ALFREDO CHAVES";12;8;13;"Vereador";45000;"JONAS NUNES SIMÕES";9;1023;80000666645;"GINÁSIO DE ESPORTES DE ALFREDO CHAVES";"RUA NELSON JOSÉ DA COSTA MELO, S/N"
"16/09/2024";"17:49:23";2020;2;"Eleição Ordinária";1;426;"Eleições Municipais 2020";"15/11/2020";"M";"ES";"56057";"ALFREDO CHAVES";56057;"ALFREDO CHAVES";12;18;13;"Vereador";45000;"JONAS NUNES SIMÕES";2;1090;80000666645;"EMEF FELIPE MODOLO";"R. PRINCIPAL, S/ N"
"16/09/2024";"17:49:23";2020;2;"Eleição Ordinária";1;426;"Eleições Municipais 2020";"15/11/2020";"M";"ES";"56057";"ALFREDO CHAVES";56057;"ALFREDO CHAVES";12;3;13;"Vereador";45000;"JONAS NUNES SIMÕES";6;1015;80000666645;"EMEF ANA ARAÚJO";"R. EXPEDICIONARIO OSVALDO SAUDINO"
"16/09/2024";"17:49:23";2020;2;"Eleição Ordinária";1;426;"Eleições Municipais 2020";"15/11/2020";"M";"ES";"56057";"ALFREDO CHAVES";56057;"ALFREDO CHAVES";12;85;13;"Vereador";10777;"GLAUCIA DOS SANTOS PEREIRA";1;1244;80000682933;"CRECHE PEQUERRUCHOS";"RUA ANTÔNIO CLAUDIO GAIGHER, 19"
"16/09/2024";"17:49:23";2020;2;"Eleição Ordinária";1;426;"Eleições Municipais 2020";"15/11/2020";"M";"ES";"56057";"ALFREDO CHAVES";56057;"ALFREDO CHAVES";12;23;13;"Vereador";10777;"GLAUCIA DOS SANTOS PEREIRA";3;1139;80000682933;"EMEF SAGRADA FAMÍLIA";"R. PRINCIPAL, S/ N"
"16/09/2024";"17:49:23";2020;2;"Eleição Ordinária";1;426;"Eleições Municipais 2020";"15/11/2020";"M";"ES";"56057";"ALFREDO CHAVES";56057;"ALFREDO CHAVES";12;19;13;"Vereador";14222;"JOSIMAR PIUMBINI";4;1104;80000683175;"SALÃO COMUNITÁRIO DE NOVA ESTRELA";"R. PRINCIPAL, S/ Nº"
"16/09/2024";"17:49:23";2020;2;"Eleição Ordinária";1;426;"Eleições Municipais 2020";"15/11/2020";"M";"ES";"56057";"ALFREDO CHAVES";56057;"ALFREDO CHAVES";12;27;13;"Vereador";45000;"JONAS NUNES SIMÕES";14;1171;80000666645;"EEEFM CAMILA MOTA";"R. NELSON DA COSTA MELLO, S/ N"
"16/09/2024";"17:49:23";2020;2;"Eleição Ordinária";1;426;"Eleições Municipais 2020";"15/11/2020";"M";"ES";"56057";"ALFREDO CHAVES";56057;"ALFREDO CHAVES";12;10;13;"Vereador";45000;"JONAS NUNES SIMÕES";9;1040;80000666645;"EEEF DE CRUBIXÁ";"R. PRINCIPAL, S/ Nº"
"16/09/2024";"17:49:23";2020;2;"Eleição Ordinária";1;426;"Eleições Municipais 2020";"15/11/2020";"M";"ES";"56057";"ALFREDO CHAVES";56057;"ALFREDO CHAVES";12;14;13;"Vereador";40000;"NILTON CESAR BELMOK";17;1066;80000666560;"SALÃO DA IGREJA CATÓLICA DE SÃO BENTO DE BATATAL";"RUA PRINCIPAL, S/ N"
"16/09/2024";"17:49:23";2020;2;"Eleição Ordinária";1;426;"Eleições Municipais 2020";"15/11/2020";"M";"ES";"56057";"ALFREDO CHAVES";56057;"ALFREDO CHAVES";12;9;13;"Vereador";10777;"GLAUCIA DOS SANTOS PEREIRA";1;1031;80000682933;"EMEF FAZENDA APARECIDA";"R. PRINCIPAL, S/ Nº"
"16/09/2024";"17:49:23";2020;2;"Eleição Ordinária";1;426;"Eleições Municipais 2020";"15/11/2020";"M";"ES";"56057";"ALFREDO CHAVES";56057;"ALFREDO CHAVES";12;14;13;"Vereador";40123;"CLEOMIR GOBBI BUBACK";8;1066;80000666568;"SALÃO DA IGREJA CATÓLICA DE SÃO BENTO DE BATATAL";"RUA PRINCIPAL, S/ N"
"16/09/2024";"17:49:23";2020;2;"Eleição Ordinária";1;426;"Eleições Municipais 2020";"15/11/2020";"M";"ES";"56057";"ALFREDO CHAVES";56057;"ALFREDO CHAVES";12;28;13;"Vereador";51000;"SILVANA RAMOS DA SILVA";1;1074;80000683713;"SALÃO DA IGREJA CATÓLICA DE IRIRITIMIRIM";"R. PRINCIPAL, S/ N"
"16/09/2024";"17:49:23";2020;2;"Eleição Ordinária";1;426;"Eleições Municipais 2020";"15/11/2020";"M";"ES";"56057";"ALFREDO CHAVES";56057;"ALFREDO CHAVES";12;31;13;"Vereador";10222;"FERNANDO ALVES";3;1171;80000682926;"EEEFM CAMILA MOTA";"R. NELSON DA COSTA MELLO, S/ N"
"16/09/2024";"17:49:23";2020;2;"Eleição Ordinária";1;426;"Eleições Municipais 2020";"15/11/2020";"M";"ES";"56057";"ALFREDO CHAVES";56057;"ALFREDO CHAVES";12;12;13;"Vereador";14222;"JOSIMAR PIUMBINI";1;1058;80000683175;"EEEF ENGANO";"R. PRINCIPAL, S/ Nº"
"16/09/2024";"17:49:23";2020;2;"Eleição Ordinária";1;426;"Eleições Municipais 2020";"15/11/2020";"M";"ES";"56057";"ALFREDO CHAVES";56057;"ALFREDO CHAVES";12;21;13;"Vereador";40789;"ADILSON JOSE ROVETA";18;1120;80000666567;"EMUEF QUARTO TERRITÓRIO";"R. PRINCIPAL , S/ N"
"16/09/2024";"17:49:23";2020;2;"Eleição Ordinária";1;426;"Eleições Municipais 2020";"15/11/2020";"M";"ES";"56057";"ALFREDO CHAVES";56057;"ALFREDO CHAVES";12;35;13;"Vereador";14222;"JOSIMAR PIUMBINI";7;1171;80000683175;"EEEFM CAMILA MOTA";"R. NELSON DA COSTA MELLO, S/ N"
"16/09/2024";"17:49:23";2020;2;"Eleição Ordinária";1;426;"Eleições Municipais 2020";"15/11/2020";"M";"ES";"56057";"ALFREDO CHAVES";56057;"ALFREDO CHAVES";12;35;13;"Vereador";10222;"FERNANDO ALVES";5;1171;80000682926;"EEEFM CAMILA MOTA";"R. NELSON DA COSTA MELLO, S/ N"
"16/09/2024";"17:49:23";2020;2;"Eleição Ordinária";1;426;"Eleições Municipais 2020";"15/11/2020";"M";"ES";"56057";"ALFREDO CHAVES";56057;"ALFREDO CHAVES";12;30;13;"Vereador";14222;"JOSIMAR PIUMBINI";15;1171;80000683175;"EEEFM CAMILA MOTA";"R. NELSON DA COSTA MELLO, S/ N"
"16/09/2024";"17:49:23";2020;2;"Eleição Ordinária";1;426;"Eleições Municipais 2020";"15/11/2020";"M";"ES";"56057";"ALFREDO CHAVES";56057;"ALFREDO CHAVES";12;34;13;"Vereador";14222;"JOSIMAR PIUMBINI";14;1171;80000683175;"EEEFM CAMILA MOTA";"R. NELSON DA COSTA MELLO, S/ N"
"16/09/2024";"17:49:23";2020;2;"Eleição Ordinária";1;426;"Eleições Municipais 2020";"15/11/2020";"M";"ES";"56057";"ALFREDO CHAVES";56057;"ALFREDO CHAVES";12;27;13;"Vereador";10100;"MATHIAS FERREIRA JUNIOR";1;1171;80000682928;"EEEFM CAMILA MOTA";"R. NELSON DA COSTA MELLO, S/ N"
"16/09/2024";"17:49:23";2020;2;"Eleição Ordinária";1;426;"Eleições Municipais 2020";"15/11/2020";"M";"ES";"56057";"ALFREDO CHAVES";56057;"ALFREDO CHAVES";12;21;13;"Vereador";51000;"SILVANA RAMOS DA SILVA";1;1120;80000683713;"EMUEF QUARTO TERRITÓRIO";"R. PRINCIPAL , S/ N"
"16/09/2024";"17:49:23";2020;2;"Eleição Ordinária";1;426;"Eleições Municipais 2020";"15/11/2020";"M";"ES";"56057";"ALFREDO CHAVES";56057;"ALFREDO CHAVES";12;27;13;"Vereador";14000;"VALENTIM CARDOSO";12;1171;80000683180;"EEEFM CAMILA MOTA";"R. NELSON DA COSTA MELLO, S/ N"
"16/09/2024";"17:49:23";2020;2;"Eleição Ordinária";1;426;"Eleições Municipais 2020";"15/11/2020";"M";"ES";"56057";"ALFREDO CHAVES";56057;"ALFREDO CHAVES";12;10;13;"Vereador";14000;"VALENTIM CARDOSO";6;1040;80000683180;"EEEF DE CRUBIXÁ";"R. PRINCIPAL, S/ Nº"
"16/09/2024";"17:49:23";2020;2;"Eleição Ordinária";1;426;"Eleições Municipais 2020";"15/11/2020";"M";"ES";"56057";"ALFREDO CHAVES";56057;"ALFREDO CHAVES";12;19;13;"Vereador";51000;"SILVANA RAMOS DA SILVA";1;1104;80000683713;"SALÃO COMUNITÁRIO DE NOVA ESTRELA";"R. PRINCIPAL, S/ Nº"
"16/09/2024";"17:49:23";2020;2;"Eleição Ordinária";1;426;"Eleições Municipais 2020";"15/11/2020";"M";"ES";"56057";"ALFREDO CHAVES";56057;"ALFREDO CHAVES";12;37;13;"Vereador";10;"REPUBLICANOS";2;1228;-3;"CRECHE COMECINHO DE GENTE";"AV. DARCY DE PAULA GAIGHER, S/N"
"16/09/2024";"17:49:23";2020;2;"Eleição Ordinária";1;426;"Eleições Municipais 2020";"15/11/2020";"M";"ES";"56057";"ALFREDO CHAVES";56057;"ALFREDO CHAVES";12;37;13;"Vereador";45;"Partido da Social Democracia Brasileira";1;1228;-3;"CRECHE COMECINHO DE GENTE";"AV. DARCY DE PAULA GAIGHER, S/N"
"16/09/2024";"17:49:23";2020;2;"Eleição Ordinária";1;426;"Eleições Municipais 2020";"15/11/2020";"M";"ES";"56057";"ALFREDO CHAVES";56057;"ALFREDO CHAVES";12;3;13;"Vereador";10100;"MATHIAS FERREIRA JUNIOR";1;1015;80000682928;"EMEF ANA ARAÚJO";"R. EXPEDICIONARIO OSVALDO SAUDINO"
"16/09/2024";"17:49:23";2020;2;"Eleição Ordinária";1;426;"Eleições Municipais 2020";"15/11/2020";"M";"ES";"56057";"ALFREDO CHAVES";56057;"ALFREDO CHAVES";12;4;13;"Vereador";10888;"ALCIDEMAR SILVA";1;1015;80000682923;"EMEF ANA ARAÚJO";"R. EXPEDICIONARIO OSVALDO SAUDINO"
"16/09/2024";"17:49:23";2020;2;"Eleição Ordinária";1;426;"Eleições Municipais 2020";"15/11/2020";"M";"ES";"56057";"ALFREDO CHAVES";56057;"ALFREDO CHAVES";12;30;13;"Vereador";10888;"ALCIDEMAR SILVA";3;1171;80000682923;"EEEFM CAMILA MOTA";"R. NELSON DA COSTA MELLO, S/ N"
"16/09/2024";"17:49:23";2020;2;"Eleição Ordinária";1;426;"Eleições Municipais 2020";"15/11/2020";"M";"ES";"56057";"ALFREDO CHAVES";56057;"ALFREDO CHAVES";12;34;13;"Vereador";10888;"ALCIDEMAR SILVA";4;1171;80000682923;"EEEFM CAMILA MOTA";"R. NELSON DA COSTA MELLO, S/ N"
"16/09/2024";"17:49:23";2020;2;"Eleição Ordinária";1;426;"Eleições Municipais 2020";"15/11/2020";"M";"ES";"56057";"ALFREDO CHAVES";56057;"ALFREDO CHAVES";12;6;13;"Vereador";10888;"ALCIDEMAR SILVA";1;1023;80000682923;"GINÁSIO DE ESPORTES DE ALFREDO CHAVES";"RUA NELSON JOSÉ DA COSTA MELO, S/N"
"16/09/2024";"17:49:23";2020;2;"Eleição Ordinária";1;426;"Eleições Municipais 2020";"15/11/2020";"M";"ES";"56057";"ALFREDO CHAVES";56057;"ALFREDO CHAVES";12;41;13;"Vereador";10;"REPUBLICANOS";2;1236;-3;"NACCA-ANTIGO PETI";"RUA THOMAZ COELHO, S/N AO LADO DA BIBLIOTECA MUNICIPAL"
"16/09/2024";"17:49:23";2020;2;"Eleição Ordinária";1;426;"Eleições Municipais 2020";"15/11/2020";"M";"ES";"56057";"ALFREDO CHAVES";56057;"ALFREDO CHAVES";12;22;13;"Vereador";10;"REPUBLICANOS";2;1139;-3;"EMEF SAGRADA FAMÍLIA";"R. PRINCIPAL, S/ N"
"16/09/2024";"17:49:23";2020;2;"Eleição Ordinária";1;426;"Eleições Municipais 2020";"15/11/2020";"M";"ES";"56057";"ALFREDO CHAVES";56057;"ALFREDO CHAVES";12;22;13;"Vereador";45;"Partido da Social Democracia Brasileira";1;1139;-3;"EMEF SAGRADA FAMÍLIA";"R. PRINCIPAL, S/ N"
"16/09/2024";"17:49:23";2020;2;"Eleição Ordinária";1;426;"Eleições Municipais 2020";"15/11/2020";"M";"ES";"56057";"ALFREDO CHAVES";56057;"ALFREDO CHAVES";12;30;13;"Vereador";11357;"ELIZANGELA SOUZA DA SILVA";1;1171;80000848887;"EEEFM CAMILA MOTA";"R. NELSON DA COSTA MELLO, S/ N"
"16/09/2024";"17:49:23";2020;2;"Eleição Ordinária";1;426;"Eleições Municipais 2020";"15/11/2020";"M";"ES";"56057";"ALFREDO CHAVES";56057;"ALFREDO CHAVES";12;6;13;"Vereador";14222;"JOSIMAR PIUMBINI";6;1023;80000683175;"GINÁSIO DE ESPORTES DE ALFREDO CHAVES";"RUA NELSON JOSÉ DA COSTA MELO, S/N"
"16/09/2024";"17:49:23";2020;2;"Eleição Ordinária";1;426;"Eleições Municipais 2020";"15/11/2020";"M";"ES";"56057";"ALFREDO CHAVES";56057;"ALFREDO CHAVES";12;30;13;"Vereador";10222;"FERNANDO ALVES";3;1171;80000682926;"EEEFM CAMILA MOTA";"R. NELSON DA COSTA MELLO, S/ N"
"16/09/2024";"17:49:23";2020;2;"Eleição Ordinária";1;426;"Eleições Municipais 2020";"15/11/2020";"M";"ES";"56057";"ALFREDO CHAVES";56057;"ALFREDO CHAVES";12;34;13;"Vereador";10222;"FERNANDO ALVES";6;1171;80000682926;"EEEFM CAMILA MOTA";"R. NELSON DA COSTA MELLO, S/ N"
"16/09/2024";"17:49:23";2020;2;"Eleição Ordinária";1;426;"Eleições Municipais 2020";"15/11/2020";"M";"ES";"56057";"ALFREDO CHAVES";56057;"ALFREDO CHAVES";12;6;13;"Vereador";10222;"FERNANDO ALVES";6;1023;80000682926;"GINÁSIO DE ESPORTES DE ALFREDO CHAVES";"RUA NELSON JOSÉ DA COSTA MELO, S/N"
"16/09/2024";"17:49:23";2020;2;"Eleição Ordinária";1;426;"Eleições Municipais 2020";"15/11/2020";"M";"ES";"56057";"ALFREDO CHAVES";56057;"ALFREDO CHAVES";12;27;13;"Vereador";40789;"ADILSON JOSE ROVETA";7;1171;80000666567;"EEEFM CAMILA MOTA";"R. NELSON DA COSTA MELLO, S/ N"
"16/09/2024";"17:49:23";2020;2;"Eleição Ordinária";1;426;"Eleições Municipais 2020";"15/11/2020";"M";"ES";"56057";"ALFREDO CHAVES";56057;"ALFREDO CHAVES";12;10;13;"Vereador";40789;"ADILSON JOSE ROVETA";8;1040;80000666567;"EEEF DE CRUBIXÁ";"R. PRINCIPAL, S/ Nº"
"16/09/2024";"17:49:23";2020;2;"Eleição Ordinária";1;426;"Eleições Municipais 2020";"15/11/2020";"M";"ES";"56057";"ALFREDO CHAVES";56057;"ALFREDO CHAVES";12;7;13;"Vereador";45369;"DORLEI BRANDY NASCIMENTO";3;1171;80000666646;"EEEFM CAMILA MOTA";"R. NELSON DA COSTA MELLO, S/ N"
"16/09/2024";"17:49:23";2020;2;"Eleição Ordinária";1;426;"Eleições Municipais 2020";"15/11/2020";"M";"ES";"56057";"ALFREDO CHAVES";56057;"ALFREDO CHAVES";12;2;13;"Vereador";45369;"DORLEI BRANDY NASCIMENTO";1;1015;80000666646;"EMEF ANA ARAÚJO";"R. EXPEDICIONARIO OSVALDO SAUDINO"
"16/09/2024";"17:49:23";2020;2;"Eleição Ordinária";1;426;"Eleições Municipais 2020";"15/11/2020";"M";"ES";"56057";"ALFREDO CHAVES";56057;"ALFREDO CHAVES";12;40;13;"Vereador";45369;"DORLEI BRANDY NASCIMENTO";1;1236;80000666646;"NACCA-ANTIGO PETI";"RUA THOMAZ COELHO, S/N AO LADO DA BIBLIOTECA MUNICIPAL"
"16/09/2024";"17:49:23";2020;2;"Eleição Ordinária";1;426;"Eleições Municipais 2020";"15/11/2020";"M";"ES";"56057";"ALFREDO CHAVES";56057;"ALFREDO CHAVES";12;15;13;"Vereador";40666;"DANIEL ORLANDI";4;1074;80000666556;"SALÃO DA IGREJA CATÓLICA DE IRIRITIMIRIM";"R. PRINCIPAL, S/ N"
"16/09/2024";"17:49:23";2020;2;"Eleição Ordinária";1;426;"Eleições Municipais 2020";"15/11/2020";"M";"ES";"56057";"ALFREDO CHAVES";56057;"ALFREDO CHAVES";12;15;13;"Vereador";45678;"ADIMAR DE SOUZA MEDINA";16;1074;80000666651;"SALÃO DA IGREJA CATÓLICA DE IRIRITIMIRIM";"R. PRINCIPAL, S/ N"
"16/09/2024";"17:49:23";2020;2;"Eleição Ordinária";1;426;"Eleições Municipais 2020";"15/11/2020";"M";"ES";"56057";"ALFREDO CHAVES";56057;"ALFREDO CHAVES";12;14;13;"Vereador";10190;"ROMILDO DOMINGOS BORTOLUZZI";1;1066;80000682930;"SALÃO DA IGREJA CATÓLICA DE SÃO BENTO DE BATATAL";"RUA PRINCIPAL, S/ N"
"16/09/2024";"17:49:23";2020;2;"Eleição Ordinária";1;426;"Eleições Municipais 2020";"15/11/2020";"M";"ES";"56057";"ALFREDO CHAVES";56057;"ALFREDO CHAVES";12;9;13;"Vereador";96;"VOTO NULO";9;1031;-1;"EMEF FAZENDA APARECIDA";"R. PRINCIPAL, S/ Nº"
"16/09/2024";"17:49:23";2020;2;"Eleição Ordinária";1;426;"Eleições Municipais 2020";"15/11/2020";"M";"ES";"56057";"ALFREDO CHAVES";56057;"ALFREDO CHAVES";12;1;13;"Vereador";40333;"JAQUELINE FRANZOTTI DA SILVA";5;1015;80000666559;"EMEF ANA ARAÚJO";"R. EXPEDICIONARIO OSVALDO SAUDINO"
"16/09/2024";"17:49:23";2020;2;"Eleição Ordinária";1;426;"Eleições Municipais 2020";"15/11/2020";"M";"ES";"56057";"ALFREDO CHAVES";56057;"ALFREDO CHAVES";12;1;13;"Vereador";51333;"RENATO CARDOSO";5;1015;80000683717;"EMEF ANA ARAÚJO";"R. EXPEDICIONARIO OSVALDO SAUDINO"
"16/09/2024";"17:49:23";2020;2;"Eleição Ordinária";1;426;"Eleições Municipais 2020";"15/11/2020";"M";"ES";"56057";"ALFREDO CHAVES";56057;"ALFREDO CHAVES";12;7;13;"Vereador";51333;"RENATO CARDOSO";1;1171;80000683717;"EEEFM CAMILA MOTA";"R. NELSON DA COSTA MELLO, S/ N"
"16/09/2024";"17:49:23";2020;2;"Eleição Ordinária";1;426;"Eleições Municipais 2020";"15/11/2020";"M";"ES";"56057";"ALFREDO CHAVES";56057;"ALFREDO CHAVES";12;2;13;"Vereador";51333;"RENATO CARDOSO";2;1015;80000683717;"EMEF ANA ARAÚJO";"R. EXPEDICIONARIO OSVALDO SAUDINO"
"16/09/2024";"17:49:23";2020;2;"Eleição Ordinária";1;426;"Eleições Municipais 2020";"15/11/2020";"M";"ES";"56057";"ALFREDO CHAVES";56057;"ALFREDO CHAVES";12;40;13;"Vereador";51333;"RENATO CARDOSO";4;1236;80000683717;"NACCA-ANTIGO PETI";"RUA THOMAZ COELHO, S/N AO LADO DA BIBLIOTECA MUNICIPAL"
"16/09/2024";"17:49:23";2020;2;"Eleição Ordinária";1;426;"Eleições Municipais 2020";"15/11/2020";"M";"ES";"56057";"ALFREDO CHAVES";56057;"ALFREDO CHAVES";12;7;13;"Vereador";40333;"JAQUELINE FRANZOTTI DA SILVA";10;1171;80000666559;"EEEFM CAMILA MOTA";"R. NELSON DA COSTA MELLO, S/ N"
"16/09/2024";"17:49:23";2020;2;"Eleição Ordinária";1;426;"Eleições Municipais 2020";"15/11/2020";"M";"ES";"56057";"ALFREDO CHAVES";56057;"ALFREDO CHAVES";12;25;13;"Vereador";40333;"JAQUELINE FRANZOTTI DA SILVA";1;1155;80000666559;"EEUEF CAROLINA";"R. PRINCIPAL, S/ Nº"
"16/09/2024";"17:49:23";2020;2;"Eleição Ordinária";1;426;"Eleições Municipais 2020";"15/11/2020";"M";"ES";"56057";"ALFREDO CHAVES";56057;"ALFREDO CHAVES";12;28;13;"Vereador";45123;"ORLY PEREIRA";1;1074;80000666648;"SALÃO DA IGREJA CATÓLICA DE IRIRITIMIRIM";"R. PRINCIPAL, S/ N"
"16/09/2024";"17:49:23";2020;2;"Eleição Ordinária";1;426;"Eleições Municipais 2020";"15/11/2020";"M";"ES";"56057";"ALFREDO CHAVES";56057;"ALFREDO CHAVES";12;41;13;"Vereador";45255;"RAYANE TOMAZINI BRESSANELLI";10;1236;80000666644;"NACCA-ANTIGO PETI";"RUA THOMAZ COELHO, S/N AO LADO DA BIBLIOTECA MUNICIPAL"
"16/09/2024";"17:49:23";2020;2;"Eleição Ordinária";1;426;"Eleições Municipais 2020";"15/11/2020";"M";"ES";"56057";"ALFREDO CHAVES";56057;"ALFREDO CHAVES";12;85;13;"Vereador";40333;"JAQUELINE FRANZOTTI DA SILVA";4;1244;80000666559;"CRECHE PEQUERRUCHOS";"RUA ANTÔNIO CLAUDIO GAIGHER, 19"
"16/09/2024";"17:49:23";2020;2;"Eleição Ordinária";1;426;"Eleições Municipais 2020";"15/11/2020";"M";"ES";"56057";"ALFREDO CHAVES";56057;"ALFREDO CHAVES";12;23;13;"Vereador";40333;"JAQUELINE FRANZOTTI DA SILVA";1;1139;80000666559;"EMEF SAGRADA FAMÍLIA";"R. PRINCIPAL, S/ N"
"16/09/2024";"17:49:23";2020;2;"Eleição Ordinária";1;426;"Eleições Municipais 2020";"15/11/2020";"M";"ES";"56057";"ALFREDO CHAVES";56057;"ALFREDO CHAVES";12;11;13;"Vereador";11999;"OSVALDO SGULMARO";1;1040;80000848888;"EEEF DE CRUBIXÁ";"R. PRINCIPAL, S/ Nº"
"16/09/2024";"17:49:23";2020;2;"Eleição Ordinária";1;426;"Eleições Municipais 2020";"15/11/2020";"M";"ES";"56057";"ALFREDO CHAVES";56057;"ALFREDO CHAVES";12;10;13;"Vereador";10222;"FERNANDO ALVES";1;1040;80000682926;"EEEF DE CRUBIXÁ";"R. PRINCIPAL, S/ Nº"
"16/09/2024";"17:49:23";2020;2;"Eleição Ordinária";1;426;"Eleições Municipais 2020";"15/11/2020";"M";"ES";"56057";"ALFREDO CHAVES";56057;"ALFREDO CHAVES";12;85;13;"Vereador";51333;"RENATO CARDOSO";3;1244;80000683717;"CRECHE PEQUERRUCHOS";"RUA ANTÔNIO CLAUDIO GAIGHER, 19"
"16/09/2024";"17:49:23";2020;2;"Eleição Ordinária";1;426;"Eleições Municipais 2020";"15/11/2020";"M";"ES";"56057";"ALFREDO CHAVES";56057;"ALFREDO CHAVES";12;23;13;"Vereador";51333;"RENATO CARDOSO";2;1139;80000683717;"EMEF SAGRADA FAMÍLIA";"R. PRINCIPAL, S/ N"
"16/09/2024";"17:49:23";2020;2;"Eleição Ordinária";1;426;"Eleições Municipais 2020";"15/11/2020";"M";"ES";"56057";"ALFREDO CHAVES";56057;"ALFREDO CHAVES";12;1;13;"Vereador";11999;"OSVALDO SGULMARO";18;1015;80000848888;"EMEF ANA ARAÚJO";"R. EXPEDICIONARIO OSVALDO SAUDINO"
"16/09/2024";"17:49:23";2020;2;"Eleição Ordinária";1;426;"Eleições Municipais 2020";"15/11/2020";"M";"ES";"56057";"ALFREDO CHAVES";56057;"ALFREDO CHAVES";12;11;13;"Vereador";45678;"ADIMAR DE SOUZA MEDINA";1;1040;80000666651;"EEEF DE CRUBIXÁ";"R. PRINCIPAL, S/ Nº"
"16/09/2024";"17:49:23";2020;2;"Eleição Ordinária";1;426;"Eleições Municipais 2020";"15/11/2020";"M";"ES";"56057";"ALFREDO CHAVES";56057;"ALFREDO CHAVES";12;85;13;"Vereador";45789;"JUSCELINO SERAFIN";2;1244;80000666647;"CRECHE PEQUERRUCHOS";"RUA ANTÔNIO CLAUDIO GAIGHER, 19"
"16/09/2024";"17:49:23";2020;2;"Eleição Ordinária";1;426;"Eleições Municipais 2020";"15/11/2020";"M";"ES";"56057";"ALFREDO CHAVES";56057;"ALFREDO CHAVES";12;23;13;"Vereador";45789;"JUSCELINO SERAFIN";3;1139;80000666647;"EMEF SAGRADA FAMÍLIA";"R. PRINCIPAL, S/ N"
"16/09/2024";"17:49:23";2020;2;"Eleição Ordinária";1;426;"Eleições Municipais 2020";"15/11/2020";"M";"ES";"56057";"ALFREDO CHAVES";56057;"ALFREDO CHAVES";12;25;13;"Vereador";45678;"ADIMAR DE SOUZA MEDINA";1;1155;80000666651;"EEUEF CAROLINA";"R. PRINCIPAL, S/ Nº"
"16/09/2024";"17:49:23";2020;2;"Eleição Ordinária";1;426;"Eleições Municipais 2020";"15/11/2020";"M";"ES";"56057";"ALFREDO CHAVES";56057;"ALFREDO CHAVES";12;16;13;"Vereador";45678;"ADIMAR DE SOUZA MEDINA";8;1082;80000666651;"EMUEF ALMERINDA BRUNORO";"R. PRINCIPAL, S/ N"
"16/09/2024";"17:49:23";2020;2;"Eleição Ordinária";1;426;"Eleições Municipais 2020";"15/11/2020";"M";"ES";"56057";"ALFREDO CHAVES";56057;"ALFREDO CHAVES";12;85;13;"Vereador";14300;"ANDRE ALMONFREY ORLANDI";2;1244;80000683168;"CRECHE PEQUERRUCHOS";"RUA ANTÔNIO CLAUDIO GAIGHER, 19"
"16/09/2024";"17:49:23";2020;2;"Eleição Ordinária";1;426;"Eleições Municipais 2020";"15/11/2020";"M";"ES";"56057";"ALFREDO CHAVES";56057;"ALFREDO CHAVES";12;23;13;"Vereador";14300;"ANDRE ALMONFREY ORLANDI";1;1139;80000683168;"EMEF SAGRADA FAMÍLIA";"R. PRINCIPAL, S/ N"
"16/09/2024";"17:49:23";2020;2;"Eleição Ordinária";1;426;"Eleições Municipais 2020";"15/11/2020";"M";"ES";"56057";"ALFREDO CHAVES";56057;"ALFREDO CHAVES";12;20;13;"Vereador";10190;"ROMILDO DOMINGOS BORTOLUZZI";2;1112;80000682930;"SALÃO DA IGREJA CATÓLICA DE CACHOEIRA ALTA";"R. PRINCIPAL, S/ N"
"16/09/2024";"17:49:23";2020;2;"Eleição Ordinária";1;426;"Eleições Municipais 2020";"15/11/2020";"M";"ES";"56057";"ALFREDO CHAVES";56057;"ALFREDO CHAVES";12;8;13;"Vereador";14888;"ANTONIETA PETRI DE ALMEIDA";1;1023;80000683170;"GINÁSIO DE ESPORTES DE ALFREDO CHAVES";"RUA NELSON JOSÉ DA COSTA MELO, S/N"
"16/09/2024";"17:49:23";2020;2;"Eleição Ordinária";1;426;"Eleições Municipais 2020";"15/11/2020";"M";"ES";"56057";"ALFREDO CHAVES";56057;"ALFREDO CHAVES";12;27;13;"Vereador";40000;"NILTON CESAR BELMOK";9;1171;80000666560;"EEEFM CAMILA MOTA";"R. NELSON DA COSTA MELLO, S/ N"
"16/09/2024";"17:49:23";2020;2;"Eleição Ordinária";1;426;"Eleições Municipais 2020";"15/11/2020";"M";"ES";"56057";"ALFREDO CHAVES";56057;"ALFREDO CHAVES";12;85;13;"Vereador";96;"VOTO NULO";6;1244;-1;"CRECHE PEQUERRUCHOS";"RUA ANTÔNIO CLAUDIO GAIGHER, 19"
"16/09/2024";"17:49:23";2020;2;"Eleição Ordinária";1;426;"Eleições Municipais 2020";"15/11/2020";"M";"ES";"56057";"ALFREDO CHAVES";56057;"ALFREDO CHAVES";12;23;13;"Vereador";96;"VOTO NULO";4;1139;-1;"EMEF SAGRADA FAMÍLIA";"R. PRINCIPAL, S/ N"
"16/09/2024";"17:49:23";2020;2;"Eleição Ordinária";1;426;"Eleições Municipais 2020";"15/11/2020";"M";"ES";"56057";"ALFREDO CHAVES";56057;"ALFREDO CHAVES";12;10;13;"Vereador";40000;"NILTON CESAR BELMOK";24;1040;80000666560;"EEEF DE CRUBIXÁ";"R. PRINCIPAL, S/ Nº"
"16/09/2024";"17:49:23";2020;2;"Eleição Ordinária";1;426;"Eleições Municipais 2020";"15/11/2020";"M";"ES";"56057";"ALFREDO CHAVES";56057;"ALFREDO CHAVES";12;3;13;"Vereador";10888;"ALCIDEMAR SILVA";2;1015;80000682923;"EMEF ANA ARAÚJO";"R. EXPEDICIONARIO OSVALDO SAUDINO"
"16/09/2024";"17:49:23";2020;2;"Eleição Ordinária";1;426;"Eleições Municipais 2020";"15/11/2020";"M";"ES";"56057";"ALFREDO CHAVES";56057;"ALFREDO CHAVES";12;10;13;"Vereador";14222;"JOSIMAR PIUMBINI";2;1040;80000683175;"EEEF DE CRUBIXÁ";"R. PRINCIPAL, S/ Nº"
"16/09/2024";"17:49:23";2020;2;"Eleição Ordinária";1;426;"Eleições Municipais 2020";"15/11/2020";"M";"ES";"56057";"ALFREDO CHAVES";56057;"ALFREDO CHAVES";12;27;13;"Vereador";40777;"SERGIO DA SILVA BARROS";9;1171;80000666565;"EEEFM CAMILA MOTA";"R. NELSON DA COSTA MELLO, S/ N"
"16/09/2024";"17:49:23";2020;2;"Eleição Ordinária";1;426;"Eleições Municipais 2020";"15/11/2020";"M";"ES";"56057";"ALFREDO CHAVES";56057;"ALFREDO CHAVES";12;27;13;"Vereador";14222;"JOSIMAR PIUMBINI";10;1171;80000683175;"EEEFM CAMILA MOTA";"R. NELSON DA COSTA MELLO, S/ N"
"16/09/2024";"17:49:23";2020;2;"Eleição Ordinária";1;426;"Eleições Municipais 2020";"15/11/2020";"M";"ES";"56057";"ALFREDO CHAVES";56057;"ALFREDO CHAVES";12;27;13;"Vereador";10222;"FERNANDO ALVES";3;1171;80000682926;"EEEFM CAMILA MOTA";"R. NELSON DA COSTA MELLO, S/ N"
"16/09/2024";"17:49:23";2020;2;"Eleição Ordinária";1;426;"Eleições Municipais 2020";"15/11/2020";"M";"ES";"56057";"ALFREDO CHAVES";56057;"ALFREDO CHAVES";12;37;13;"Vereador";11999;"OSVALDO SGULMARO";12;1228;80000848888;"CRECHE COMECINHO DE GENTE";"AV. DARCY DE PAULA GAIGHER, S/N"
"16/09/2024";"17:49:23";2020;2;"Eleição Ordinária";1;426;"Eleições Municipais 2020";"15/11/2020";"M";"ES";"56057";"ALFREDO CHAVES";56057;"ALFREDO CHAVES";12;10;13;"Vereador";40777;"SERGIO DA SILVA BARROS";2;1040;80000666565;"EEEF DE CRUBIXÁ";"R. PRINCIPAL, S/ Nº"
"16/09/2024";"17:49:23";2020;2;"Eleição Ordinária";1;426;"Eleições Municipais 2020";"15/11/2020";"M";"ES";"56057";"ALFREDO CHAVES";56057;"ALFREDO CHAVES";12;27;13;"Vereador";40123;"CLEOMIR GOBBI BUBACK";1;1171;80000666568;"EEEFM CAMILA MOTA";"R. NELSON DA COSTA MELLO, S/ N"
"16/09/2024";"17:49:23";2020;2;"Eleição Ordinária";1;426;"Eleições Municipais 2020";"15/11/2020";"M";"ES";"56057";"ALFREDO CHAVES";56057;"ALFREDO CHAVES";12;8;13;"Vereador";40000;"NILTON CESAR BELMOK";16;1023;80000666560;"GINÁSIO DE ESPORTES DE ALFREDO CHAVES";"RUA NELSON JOSÉ DA COSTA MELO, S/N"
"16/09/2024";"17:49:23";2020;2;"Eleição Ordinária";1;426;"Eleições Municipais 2020";"15/11/2020";"M";"ES";"56057";"ALFREDO CHAVES";56057;"ALFREDO CHAVES";12;3;13;"Vereador";40123;"CLEOMIR GOBBI BUBACK";1;1015;80000666568;"EMEF ANA ARAÚJO";"R. EXPEDICIONARIO OSVALDO SAUDINO"
"16/09/2024";"17:49:23";2020;2;"Eleição Ordinária";1;426;"Eleições Municipais 2020";"15/11/2020";"M";"ES";"56057";"ALFREDO CHAVES";56057;"ALFREDO CHAVES";12;18;13;"Vereador";40000;"NILTON CESAR BELMOK";8;1090;80000666560;"EMEF FELIPE MODOLO";"R. PRINCIPAL, S/ N"
"16/09/2024";"17:49:23";2020;2;"Eleição Ordinária";1;426;"Eleições Municipais 2020";"15/11/2020";"M";"ES";"56057";"ALFREDO CHAVES";56057;"ALFREDO CHAVES";12;8;13;"Vereador";40123;"CLEOMIR GOBBI BUBACK";4;1023;80000666568;"GINÁSIO DE ESPORTES DE ALFREDO CHAVES";"RUA NELSON JOSÉ DA COSTA MELO, S/N"
"16/09/2024";"17:49:23";2020;2;"Eleição Ordinária";1;426;"Eleições Municipais 2020";"15/11/2020";"M";"ES";"56057";"ALFREDO CHAVES";56057;"ALFREDO CHAVES";12;3;13;"Vereador";40000;"NILTON CESAR BELMOK";13;1015;80000666560;"EMEF ANA ARAÚJO";"R. EXPEDICIONARIO OSVALDO SAUDINO"
"16/09/2024";"17:49:23";2020;2;"Eleição Ordinária";1;426;"Eleições Municipais 2020";"15/11/2020";"M";"ES";"56057";"ALFREDO CHAVES";56057;"ALFREDO CHAVES";12;18;13;"Vereador";40123;"CLEOMIR GOBBI BUBACK";1;1090;80000666568;"EMEF FELIPE MODOLO";"R. PRINCIPAL, S/ N"
"16/09/2024";"17:49:23";2020;2;"Eleição Ordinária";1;426;"Eleições Municipais 2020";"15/11/2020";"M";"ES";"56057";"ALFREDO CHAVES";56057;"ALFREDO CHAVES";12;7;13;"Vereador";40666;"DANIEL ORLANDI";9;1171;80000666556;"EEEFM CAMILA MOTA";"R. NELSON DA COSTA MELLO, S/ N"
"16/09/2024";"17:49:23";2020;2;"Eleição Ordinária";1;426;"Eleições Municipais 2020";"15/11/2020";"M";"ES";"56057";"ALFREDO CHAVES";56057;"ALFREDO CHAVES";12;25;13;"Vereador";40666;"DANIEL ORLANDI";5;1155;80000666556;"EEUEF CAROLINA";"R. PRINCIPAL, S/ Nº"
"16/09/2024";"17:49:23";2020;2;"Eleição Ordinária";1;426;"Eleições Municipais 2020";"15/11/2020";"M";"ES";"56057";"ALFREDO CHAVES";56057;"ALFREDO CHAVES";12;2;13;"Vereador";40666;"DANIEL ORLANDI";3;1015;80000666556;"EMEF ANA ARAÚJO";"R. EXPEDICIONARIO OSVALDO SAUDINO"
"16/09/2024";"17:49:23";2020;2;"Eleição Ordinária";1;426;"Eleições Municipais 2020";"15/11/2020";"M";"ES";"56057";"ALFREDO CHAVES";56057;"ALFREDO CHAVES";12;16;13;"Vereador";40666;"DANIEL ORLANDI";11;1082;80000666556;"EMUEF ALMERINDA BRUNORO";"R. PRINCIPAL, S/ N"
"16/09/2024";"17:49:23";2020;2;"Eleição Ordinária";1;426;"Eleições Municipais 2020";"15/11/2020";"M";"ES";"56057";"ALFREDO CHAVES";56057;"ALFREDO CHAVES";12;40;13;"Vereador";40666;"DANIEL ORLANDI";11;1236;80000666556;"NACCA-ANTIGO PETI";"RUA THOMAZ COELHO, S/N AO LADO DA BIBLIOTECA MUNICIPAL"
"16/09/2024";"17:49:23";2020;2;"Eleição Ordinária";1;426;"Eleições Municipais 2020";"15/11/2020";"M";"ES";"56057";"ALFREDO CHAVES";56057;"ALFREDO CHAVES";12;9;13;"Vereador";45789;"JUSCELINO SERAFIN";3;1031;80000666647;"EMEF FAZENDA APARECIDA";"R. PRINCIPAL, S/ Nº"
"16/09/2024";"17:49:23";2020;2;"Eleição Ordinária";1;426;"Eleições Municipais 2020";"15/11/2020";"M";"ES";"56057";"ALFREDO CHAVES";56057;"ALFREDO CHAVES";12;8;13;"Vereador";10222;"FERNANDO ALVES";2;1023;80000682926;"GINÁSIO DE ESPORTES DE ALFREDO CHAVES";"RUA NELSON JOSÉ DA COSTA MELO, S/N"
"16/09/2024";"17:49:23";2020;2;"Eleição Ordinária";1;426;"Eleições Municipais 2020";"15/11/2020";"M";"ES";"56057";"ALFREDO CHAVES";56057;"ALFREDO CHAVES";12;8;13;"Vereador";14222;"JOSIMAR PIUMBINI";3;1023;80000683175;"GINÁSIO DE ESPORTES DE ALFREDO CHAVES";"RUA NELSON JOSÉ DA COSTA MELO, S/N"
"16/09/2024";"17:49:23";2020;2;"Eleição Ordinária";1;426;"Eleições Municipais 2020";"15/11/2020";"M";"ES";"56057";"ALFREDO CHAVES";56057;"ALFREDO CHAVES";12;3;13;"Vereador";10222;"FERNANDO ALVES";4;1015;80000682926;"EMEF ANA ARAÚJO";"R. EXPEDICIONARIO OSVALDO SAUDINO"
"16/09/2024";"17:49:23";2020;2;"Eleição Ordinária";1;426;"Eleições Municipais 2020";"15/11/2020";"M";"ES";"56057";"ALFREDO CHAVES";56057;"ALFREDO CHAVES";12;2;13;"Vereador";40333;"JAQUELINE FRANZOTTI DA SILVA";8;1015;80000666559;"EMEF ANA ARAÚJO";"R. EXPEDICIONARIO OSVALDO SAUDINO"
"16/09/2024";"17:49:23";2020;2;"Eleição Ordinária";1;426;"Eleições Municipais 2020";"15/11/2020";"M";"ES";"56057";"ALFREDO CHAVES";56057;"ALFREDO CHAVES";12;40;13;"Vereador";40333;"JAQUELINE FRANZOTTI DA SILVA";5;1236;80000666559;"NACCA-ANTIGO PETI";"RUA THOMAZ COELHO, S/N AO LADO DA BIBLIOTECA MUNICIPAL"
"16/09/2024";"17:49:23";2020;2;"Eleição Ordinária";1;426;"Eleições Municipais 2020";"15/11/2020";"M";"ES";"56057";"ALFREDO CHAVES";56057;"ALFREDO CHAVES";12;27;13;"Vereador";10888;"ALCIDEMAR SILVA";3;1171;80000682923;"EEEFM CAMILA MOTA";"R. NELSON DA COSTA MELLO, S/ N"
"16/09/2024";"17:49:23";2020;2;"Eleição Ordinária";1;426;"Eleições Municipais 2020";"15/11/2020";"M";"ES";"56057";"ALFREDO CHAVES";56057;"ALFREDO CHAVES";12;8;13;"Vereador";40777;"SERGIO DA SILVA BARROS";8;1023;80000666565;"GINÁSIO DE ESPORTES DE ALFREDO CHAVES";"RUA NELSON JOSÉ DA COSTA MELO, S/N"
"16/09/2024";"17:49:23";2020;2;"Eleição Ordinária";1;426;"Eleições Municipais 2020";"15/11/2020";"M";"ES";"56057";"ALFREDO CHAVES";56057;"ALFREDO CHAVES";12;10;13;"Vereador";10888;"ALCIDEMAR SILVA";1;1040;80000682923;"EEEF DE CRUBIXÁ";"R. PRINCIPAL, S/ Nº"
"16/09/2024";"17:49:23";2020;2;"Eleição Ordinária";1;426;"Eleições Municipais 2020";"15/11/2020";"M";"ES";"56057";"ALFREDO CHAVES";56057;"ALFREDO CHAVES";12;18;13;"Vereador";40777;"SERGIO DA SILVA BARROS";2;1090;80000666565;"EMEF FELIPE MODOLO";"R. PRINCIPAL, S/ N"
"16/09/2024";"17:49:23";2020;2;"Eleição Ordinária";1;426;"Eleições Municipais 2020";"15/11/2020";"M";"ES";"56057";"ALFREDO CHAVES";56057;"ALFREDO CHAVES";12;18;13;"Vereador";11;"PROGRESSISTAS";2;1090;-3;"EMEF FELIPE MODOLO";"R. PRINCIPAL, S/ N"
"16/09/2024";"17:49:23";2020;2;"Eleição Ordinária";1;426;"Eleições Municipais 2020";"15/11/2020";"M";"ES";"56057";"ALFREDO CHAVES";56057;"ALFREDO CHAVES";12;10;13;"Vereador";11;"PROGRESSISTAS";1;1040;-3;"EEEF DE CRUBIXÁ";"R. PRINCIPAL, S/ Nº"
"16/09/2024";"17:49:23";2020;2;"Eleição Ordinária";1;426;"Eleições Municipais 2020";"15/11/2020";"M";"ES";"56057";"ALFREDO CHAVES";56057;"ALFREDO CHAVES";12;27;13;"Vereador";11;"PROGRESSISTAS";1;1171;-3;"EEEFM CAMILA MOTA";"R. NELSON DA COSTA MELLO, S/ N"
"16/09/2024";"17:49:23";2020;2;"Eleição Ordinária";1;426;"Eleições Municipais 2020";"15/11/2020";"M";"ES";"56057";"ALFREDO CHAVES";56057;"ALFREDO CHAVES";12;3;13;"Vereador";11;"PROGRESSISTAS";1;1015;-3;"EMEF ANA ARAÚJO";"R. EXPEDICIONARIO OSVALDO SAUDINO"
"16/09/2024";"17:49:23";2020;2;"Eleição Ordinária";1;426;"Eleições Municipais 2020";"15/11/2020";"M";"ES";"56057";"ALFREDO CHAVES";56057;"ALFREDO CHAVES";12;18;13;"Vereador";10;"REPUBLICANOS";1;1090;-3;"EMEF FELIPE MODOLO";"R. PRINCIPAL, S/ N"
"16/09/2024";"17:49:23";2020;2;"Eleição Ordinária";1;426;"Eleições Municipais 2020";"15/11/2020";"M";"ES";"56057";"ALFREDO CHAVES";56057;"ALFREDO CHAVES";12;8;13;"Vereador";10;"REPUBLICANOS";2;1023;-3;"GINÁSIO DE ESPORTES DE ALFREDO CHAVES";"RUA NELSON JOSÉ DA COSTA MELO, S/N"
"16/09/2024";"17:49:23";2020;2;"Eleição Ordinária";1;426;"Eleições Municipais 2020";"15/11/2020";"M";"ES";"56057";"ALFREDO CHAVES";56057;"ALFREDO CHAVES";12;27;13;"Vereador";10;"REPUBLICANOS";4;1171;-3;"EEEFM CAMILA MOTA";"R. NELSON DA COSTA MELLO, S/ N"
"16/09/2024";"17:49:23";2020;2;"Eleição Ordinária";1;426;"Eleições Municipais 2020";"15/11/2020";"M";"ES";"56057";"ALFREDO CHAVES";56057;"ALFREDO CHAVES";12;3;13;"Vereador";10;"REPUBLICANOS";4;1015;-3;"EMEF ANA ARAÚJO";"R. EXPEDICIONARIO OSVALDO SAUDINO"
"16/09/2024";"17:49:23";2020;2;"Eleição Ordinária";1;426;"Eleições Municipais 2020";"15/11/2020";"M";"ES";"56057";"ALFREDO CHAVES";56057;"ALFREDO CHAVES";12;18;13;"Vereador";45;"Partido da Social Democracia Brasileira";1;1090;-3;"EMEF FELIPE MODOLO";"R. PRINCIPAL, S/ N"
"16/09/2024";"17:49:23";2020;2;"Eleição Ordinária";1;426;"Eleições Municipais 2020";"15/11/2020";"M";"ES";"56057";"ALFREDO CHAVES";56057;"ALFREDO CHAVES";12;8;13;"Vereador";45;"Partido da Social Democracia Brasileira";1;1023;-3;"GINÁSIO DE ESPORTES DE ALFREDO CHAVES";"RUA NELSON JOSÉ DA COSTA MELO, S/N"
"16/09/2024";"17:49:23";2020;2;"Eleição Ordinária";1;426;"Eleições Municipais 2020";"15/11/2020";"M";"ES";"56057";"ALFREDO CHAVES";56057;"ALFREDO CHAVES";12;10;13;"Vereador";45;"Partido da Social Democracia Brasileira";1;1040;-3;"EEEF DE CRUBIXÁ";"R. PRINCIPAL, S/ Nº"
"16/09/2024";"17:49:23";2020;2;"Eleição Ordinária";1;426;"Eleições Municipais 2020";"15/11/2020";"M";"ES";"56057";"ALFREDO CHAVES";56057;"ALFREDO CHAVES";12;3;13;"Vereador";45;"Partido da Social Democracia Brasileira";1;1015;-3;"EMEF ANA ARAÚJO";"R. EXPEDICIONARIO OSVALDO SAUDINO"
"16/09/2024";"17:49:23";2020;2;"Eleição Ordinária";1;426;"Eleições Municipais 2020";"15/11/2020";"M";"ES";"56057";"ALFREDO CHAVES";56057;"ALFREDO CHAVES";12;3;13;"Vereador";40777;"SERGIO DA SILVA BARROS";6;1015;80000666565;"EMEF ANA ARAÚJO";"R. EXPEDICIONARIO OSVALDO SAUDINO"
"16/09/2024";"17:49:23";2020;2;"Eleição Ordinária";1;426;"Eleições Municipais 2020";"15/11/2020";"M";"ES";"56057";"ALFREDO CHAVES";56057;"ALFREDO CHAVES";12;20;13;"Vereador";45123;"ORLY PEREIRA";1;1112;80000666648;"SALÃO DA IGREJA CATÓLICA DE CACHOEIRA ALTA";"R. PRINCIPAL, S/ N"
"16/09/2024";"17:49:23";2020;2;"Eleição Ordinária";1;426;"Eleições Municipais 2020";"15/11/2020";"M";"ES";"56057";"ALFREDO CHAVES";56057;"ALFREDO CHAVES";12;15;13;"Vereador";96;"VOTO NULO";4;1074;-1;"SALÃO DA IGREJA CATÓLICA DE IRIRITIMIRIM";"R. PRINCIPAL, S/ N"
"16/09/2024";"17:49:23";2020;2;"Eleição Ordinária";1;426;"Eleições Municipais 2020";"15/11/2020";"M";"ES";"56057";"ALFREDO CHAVES";56057;"ALFREDO CHAVES";12;8;13;"Vereador";10888;"ALCIDEMAR SILVA";3;1023;80000682923;"GINÁSIO DE ESPORTES DE ALFREDO CHAVES";"RUA NELSON JOSÉ DA COSTA MELO, S/N"
"16/09/2024";"17:49:23";2020;2;"Eleição Ordinária";1;426;"Eleições Municipais 2020";"15/11/2020";"M";"ES";"56057";"ALFREDO CHAVES";56057;"ALFREDO CHAVES";12;41;13;"Vereador";10000;"CAMILA CETTO GIORI";4;1236;80000682935;"NACCA-ANTIGO PETI";"RUA THOMAZ COELHO, S/N AO LADO DA BIBLIOTECA MUNICIPAL"
"16/09/2024";"17:49:23";2020;2;"Eleição Ordinária";1;426;"Eleições Municipais 2020";"15/11/2020";"M";"ES";"56057";"ALFREDO CHAVES";56057;"ALFREDO CHAVES";12;9;13;"Vereador";40333;"JAQUELINE FRANZOTTI DA SILVA";2;1031;80000666559;"EMEF FAZENDA APARECIDA";"R. PRINCIPAL, S/ Nº"
"16/09/2024";"17:49:23";2020;2;"Eleição Ordinária";1;426;"Eleições Municipais 2020";"15/11/2020";"M";"ES";"56057";"ALFREDO CHAVES";56057;"ALFREDO CHAVES";12;2;13;"Vereador";11999;"OSVALDO SGULMARO";22;1015;80000848888;"EMEF ANA ARAÚJO";"R. EXPEDICIONARIO OSVALDO SAUDINO"
"16/09/2024";"17:49:23";2020;2;"Eleição Ordinária";1;426;"Eleições Municipais 2020";"15/11/2020";"M";"ES";"56057";"ALFREDO CHAVES";56057;"ALFREDO CHAVES";12;16;13;"Vereador";11999;"OSVALDO SGULMARO";2;1082;80000848888;"EMUEF ALMERINDA BRUNORO";"R. PRINCIPAL, S/ N"
"16/09/2024";"17:49:23";2020;2;"Eleição Ordinária";1;426;"Eleições Municipais 2020";"15/11/2020";"M";"ES";"56057";"ALFREDO CHAVES";56057;"ALFREDO CHAVES";12;15;13;"Vereador";14222;"JOSIMAR PIUMBINI";2;1074;80000683175;"SALÃO DA IGREJA CATÓLICA DE IRIRITIMIRIM";"R. PRINCIPAL, S/ N"
"16/09/2024";"17:49:23";2020;2;"Eleição Ordinária";1;426;"Eleições Municipais 2020";"15/11/2020";"M";"ES";"56057";"ALFREDO CHAVES";56057;"ALFREDO CHAVES";12;40;13;"Vereador";11999;"OSVALDO SGULMARO";9;1236;80000848888;"NACCA-ANTIGO PETI";"RUA THOMAZ COELHO, S/N AO LADO DA BIBLIOTECA MUNICIPAL"
"16/09/2024";"17:49:23";2020;2;"Eleição Ordinária";1;426;"Eleições Municipais 2020";"15/11/2020";"M";"ES";"56057";"ALFREDO CHAVES";56057;"ALFREDO CHAVES";12;22;13;"Vereador";10000;"CAMILA CETTO GIORI";4;1139;80000682935;"EMEF SAGRADA FAMÍLIA";"R. PRINCIPAL, S/ N"
"16/09/2024";"17:49:23";2020;2;"Eleição Ordinária";1;426;"Eleições Municipais 2020";"15/11/2020";"M";"ES";"56057";"ALFREDO CHAVES";56057;"ALFREDO CHAVES";12;1;13;"Vereador";40666;"DANIEL ORLANDI";12;1015;80000666556;"EMEF ANA ARAÚJO";"R. EXPEDICIONARIO OSVALDO SAUDINO"
"16/09/2024";"17:49:23";2020;2;"Eleição Ordinária";1;426;"Eleições Municipais 2020";"15/11/2020";"M";"ES";"56057";"ALFREDO CHAVES";56057;"ALFREDO CHAVES";12;11;13;"Vereador";40666;"DANIEL ORLANDI";26;1040;80000666556;"EEEF DE CRUBIXÁ";"R. PRINCIPAL, S/ Nº"
"16/09/2024";"17:49:23";2020;2;"Eleição Ordinária";1;426;"Eleições Municipais 2020";"15/11/2020";"M";"ES";"56057";"ALFREDO CHAVES";56057;"ALFREDO CHAVES";12;24;13;"Vereador";14222;"JOSIMAR PIUMBINI";2;1147;80000683175;"EMEF SÃO BENTO DE URÂNIA";"R. PRINCIPAL, S/ Nº"
"16/09/2024";"17:49:23";2020;2;"Eleição Ordinária";1;426;"Eleições Municipais 2020";"15/11/2020";"M";"ES";"56057";"ALFREDO CHAVES";56057;"ALFREDO CHAVES";12;18;13;"Vereador";14222;"JOSIMAR PIUMBINI";3;1090;80000683175;"EMEF FELIPE MODOLO";"R. PRINCIPAL, S/ N"
"16/09/2024";"17:49:23";2020;2;"Eleição Ordinária";1;426;"Eleições Municipais 2020";"15/11/2020";"M";"ES";"56057";"ALFREDO CHAVES";56057;"ALFREDO CHAVES";12;7;13;"Vereador";11999;"OSVALDO SGULMARO";9;1171;80000848888;"EEEFM CAMILA MOTA";"R. NELSON DA COSTA MELLO, S/ N"
"16/09/2024";"17:49:23";2020;2;"Eleição Ordinária";1;426;"Eleições Municipais 2020";"15/11/2020";"M";"ES";"56057";"ALFREDO CHAVES";56057;"ALFREDO CHAVES";12;25;13;"Vereador";11999;"OSVALDO SGULMARO";1;1155;80000848888;"EEUEF CAROLINA";"R. PRINCIPAL, S/ Nº"
"16/09/2024";"17:49:23";2020;2;"Eleição Ordinária";1;426;"Eleições Municipais 2020";"15/11/2020";"M";"ES";"56057";"ALFREDO CHAVES";56057;"ALFREDO CHAVES";12;3;13;"Vereador";14222;"JOSIMAR PIUMBINI";17;1015;80000683175;"EMEF ANA ARAÚJO";"R. EXPEDICIONARIO OSVALDO SAUDINO"
"16/09/2024";"17:49:23";2020;2;"Eleição Ordinária";1;426;"Eleições Municipais 2020";"15/11/2020";"M";"ES";"56057";"ALFREDO CHAVES";56057;"ALFREDO CHAVES";12;15;13;"Vereador";11999;"OSVALDO SGULMARO";3;1074;80000848888;"SALÃO DA IGREJA CATÓLICA DE IRIRITIMIRIM";"R. PRINCIPAL, S/ N"
"16/09/2024";"17:49:23";2020;2;"Eleição Ordinária";1;426;"Eleições Municipais 2020";"15/11/2020";"M";"ES";"56057";"ALFREDO CHAVES";56057;"ALFREDO CHAVES";12;1;13;"Vereador";11;"PROGRESSISTAS";2;1015;-3;"EMEF ANA ARAÚJO";"R. EXPEDICIONARIO OSVALDO SAUDINO"
"16/09/2024";"17:49:23";2020;2;"Eleição Ordinária";1;426;"Eleições Municipais 2020";"15/11/2020";"M";"ES";"56057";"ALFREDO CHAVES";56057;"ALFREDO CHAVES";12;24;13;"Vereador";11;"PROGRESSISTAS";2;1147;-3;"EMEF SÃO BENTO DE URÂNIA";"R. PRINCIPAL, S/ Nº"
"16/09/2024";"17:49:23";2020;2;"Eleição Ordinária";1;426;"Eleições Municipais 2020";"15/11/2020";"M";"ES";"56057";"ALFREDO CHAVES";56057;"ALFREDO CHAVES";12;15;13;"Vereador";11;"PROGRESSISTAS";1;1074;-3;"SALÃO DA IGREJA CATÓLICA DE IRIRITIMIRIM";"R. PRINCIPAL, S/ N"
"16/09/2024";"17:49:23";2020;2;"Eleição Ordinária";1;426;"Eleições Municipais 2020";"15/11/2020";"M";"ES";"56057";"ALFREDO CHAVES";56057;"ALFREDO CHAVES";12;25;13;"Vereador";11;"PROGRESSISTAS";1;1155;-3;"EEUEF CAROLINA";"R. PRINCIPAL, S/ Nº"
"16/09/2024";"17:49:23";2020;2;"Eleição Ordinária";1;426;"Eleições Municipais 2020";"15/11/2020";"M";"ES";"56057";"ALFREDO CHAVES";56057;"ALFREDO CHAVES";12;7;13;"Vereador";10;"REPUBLICANOS";2;1171;-3;"EEEFM CAMILA MOTA";"R. NELSON DA COSTA MELLO, S/ N"
"16/09/2024";"17:49:23";2020;2;"Eleição Ordinária";1;426;"Eleições Municipais 2020";"15/11/2020";"M";"ES";"56057";"ALFREDO CHAVES";56057;"ALFREDO CHAVES";12;1;13;"Vereador";10;"REPUBLICANOS";4;1015;-3;"EMEF ANA ARAÚJO";"R. EXPEDICIONARIO OSVALDO SAUDINO"
"16/09/2024";"17:49:23";2020;2;"Eleição Ordinária";1;426;"Eleições Municipais 2020";"15/11/2020";"M";"ES";"56057";"ALFREDO CHAVES";56057;"ALFREDO CHAVES";12;40;13;"Vereador";10;"REPUBLICANOS";3;1236;-3;"NACCA-ANTIGO PETI";"RUA THOMAZ COELHO, S/N AO LADO DA BIBLIOTECA MUNICIPAL"
"16/09/2024";"17:49:23";2020;2;"Eleição Ordinária";1;426;"Eleições Municipais 2020";"15/11/2020";"M";"ES";"56057";"ALFREDO CHAVES";56057;"ALFREDO CHAVES";12;16;13;"Vereador";10;"REPUBLICANOS";1;1082;-3;"EMUEF ALMERINDA BRUNORO";"R. PRINCIPAL, S/ N"
"16/09/2024";"17:49:23";2020;2;"Eleição Ordinária";1;426;"Eleições Municipais 2020";"15/11/2020";"M";"ES";"56057";"ALFREDO CHAVES";56057;"ALFREDO CHAVES";12;11;13;"Vereador";10;"REPUBLICANOS";1;1040;-3;"EEEF DE CRUBIXÁ";"R. PRINCIPAL, S/ Nº"
"16/09/2024";"17:49:23";2020;2;"Eleição Ordinária";1;426;"Eleições Municipais 2020";"15/11/2020";"M";"ES";"56057";"ALFREDO CHAVES";56057;"ALFREDO CHAVES";12;24;13;"Vereador";10;"REPUBLICANOS";1;1147;-3;"EMEF SÃO BENTO DE URÂNIA";"R. PRINCIPAL, S/ Nº"
"16/09/2024";"17:49:23";2020;2;"Eleição Ordinária";1;426;"Eleições Municipais 2020";"15/11/2020";"M";"ES";"56057";"ALFREDO CHAVES";56057;"ALFREDO CHAVES";12;2;13;"Vereador";10;"REPUBLICANOS";3;1015;-3;"EMEF ANA ARAÚJO";"R. EXPEDICIONARIO OSVALDO SAUDINO"
"16/09/2024";"17:49:23";2020;2;"Eleição Ordinária";1;426;"Eleições Municipais 2020";"15/11/2020";"M";"ES";"56057";"ALFREDO CHAVES";56057;"ALFREDO CHAVES";12;25;13;"Vereador";10;"REPUBLICANOS";2;1155;-3;"EEUEF CAROLINA";"R. PRINCIPAL, S/ Nº"
"16/09/2024";"17:49:23";2020;2;"Eleição Ordinária";1;426;"Eleições Municipais 2020";"15/11/2020";"M";"ES";"56057";"ALFREDO CHAVES";56057;"ALFREDO CHAVES";12;7;13;"Vereador";45;"Partido da Social Democracia Brasileira";1;1171;-3;"EEEFM CAMILA MOTA";"R. NELSON DA COSTA MELLO, S/ N"
"16/09/2024";"17:49:23";2020;2;"Eleição Ordinária";1;426;"Eleições Municipais 2020";"15/11/2020";"M";"ES";"56057";"ALFREDO CHAVES";56057;"ALFREDO CHAVES";12;1;13;"Vereador";45;"Partido da Social Democracia Brasileira";1;1015;-3;"EMEF ANA ARAÚJO";"R. EXPEDICIONARIO OSVALDO SAUDINO"
"16/09/2024";"17:49:23";2020;2;"Eleição Ordinária";1;426;"Eleições Municipais 2020";"15/11/2020";"M";"ES";"56057";"ALFREDO CHAVES";56057;"ALFREDO CHAVES";12;16;13;"Vereador";45;"Partido da Social Democracia Brasileira";2;1082;-3;"EMUEF ALMERINDA BRUNORO";"R. PRINCIPAL, S/ N"
"16/09/2024";"17:49:23";2020;2;"Eleição Ordinária";1;426;"Eleições Municipais 2020";"15/11/2020";"M";"ES";"56057";"ALFREDO CHAVES";56057;"ALFREDO CHAVES";12;24;13;"Vereador";45;"Partido da Social Democracia Brasileira";1;1147;-3;"EMEF SÃO BENTO DE URÂNIA";"R. PRINCIPAL, S/ Nº"
"16/09/2024";"17:49:23";2020;2;"Eleição Ordinária";1;426;"Eleições Municipais 2020";"15/11/2020";"M";"ES";"56057";"ALFREDO CHAVES";56057;"ALFREDO CHAVES";12;2;13;"Vereador";45;"Partido da Social Democracia Brasileira";1;1015;-3;"EMEF ANA ARAÚJO";"R. EXPEDICIONARIO OSVALDO SAUDINO"
"16/09/2024";"17:49:23";2020;2;"Eleição Ordinária";1;426;"Eleições Municipais 2020";"15/11/2020";"M";"ES";"56057";"ALFREDO CHAVES";56057;"ALFREDO CHAVES";12;37;13;"Vereador";45436;"PAULO RITA DE SOUZA";1;1228;80000666653;"CRECHE COMECINHO DE GENTE";"AV. DARCY DE PAULA GAIGHER, S/N"
"16/09/2024";"17:49:23";2020;2;"Eleição Ordinária";1;426;"Eleições Municipais 2020";"15/11/2020";"M";"ES";"56057";"ALFREDO CHAVES";56057;"ALFREDO CHAVES";12;1;13;"Vereador";10888;"ALCIDEMAR SILVA";2;1015;80000682923;"EMEF ANA ARAÚJO";"R. EXPEDICIONARIO OSVALDO SAUDINO"
"16/09/2024";"17:49:23";2020;2;"Eleição Ordinária";1;426;"Eleições Municipais 2020";"15/11/2020";"M";"ES";"56057";"ALFREDO CHAVES";56057;"ALFREDO CHAVES";12;11;13;"Vereador";10888;"ALCIDEMAR SILVA";1;1040;80000682923;"EEEF DE CRUBIXÁ";"R. PRINCIPAL, S/ Nº"
"16/09/2024";"17:49:23";2020;2;"Eleição Ordinária";1;426;"Eleições Municipais 2020";"15/11/2020";"M";"ES";"56057";"ALFREDO CHAVES";56057;"ALFREDO CHAVES";12;7;13;"Vereador";10888;"ALCIDEMAR SILVA";3;1171;80000682923;"EEEFM CAMILA MOTA";"R. NELSON DA COSTA MELLO, S/ N"
"16/09/2024";"17:49:23";2020;2;"Eleição Ordinária";1;426;"Eleições Municipais 2020";"15/11/2020";"M";"ES";"56057";"ALFREDO CHAVES";56057;"ALFREDO CHAVES";12;2;13;"Vereador";10888;"ALCIDEMAR SILVA";3;1015;80000682923;"EMEF ANA ARAÚJO";"R. EXPEDICIONARIO OSVALDO SAUDINO"
"16/09/2024";"17:49:23";2020;2;"Eleição Ordinária";1;426;"Eleições Municipais 2020";"15/11/2020";"M";"ES";"56057";"ALFREDO CHAVES";56057;"ALFREDO CHAVES";12;40;13;"Vereador";10888;"ALCIDEMAR SILVA";1;1236;80000682923;"NACCA-ANTIGO PETI";"RUA THOMAZ COELHO, S/N AO LADO DA BIBLIOTECA MUNICIPAL"
"16/09/2024";"17:49:23";2020;2;"Eleição Ordinária";1;426;"Eleições Municipais 2020";"15/11/2020";"M";"ES";"56057";"ALFREDO CHAVES";56057;"ALFREDO CHAVES";12;1;13;"Vereador";14222;"JOSIMAR PIUMBINI";14;1015;80000683175;"EMEF ANA ARAÚJO";"R. EXPEDICIONARIO OSVALDO SAUDINO"
"16/09/2024";"17:49:23";2020;2;"Eleição Ordinária";1;426;"Eleições Municipais 2020";"15/11/2020";"M";"ES";"56057";"ALFREDO CHAVES";56057;"ALFREDO CHAVES";12;1;13;"Vereador";10222;"FERNANDO ALVES";2;1015;80000682926;"EMEF ANA ARAÚJO";"R. EXPEDICIONARIO OSVALDO SAUDINO"
"16/09/2024";"17:49:23";2020;2;"Eleição Ordinária";1;426;"Eleições Municipais 2020";"15/11/2020";"M";"ES";"56057";"ALFREDO CHAVES";56057;"ALFREDO CHAVES";12;85;13;"Vereador";45222;"OSNEIA JOSE ALVES CARDOSO";3;1244;80000666650;"CRECHE PEQUERRUCHOS";"RUA ANTÔNIO CLAUDIO GAIGHER, 19"
"16/09/2024";"17:49:23";2020;2;"Eleição Ordinária";1;426;"Eleições Municipais 2020";"15/11/2020";"M";"ES";"56057";"ALFREDO CHAVES";56057;"ALFREDO CHAVES";12;23;13;"Vereador";45222;"OSNEIA JOSE ALVES CARDOSO";1;1139;80000666650;"EMEF SAGRADA FAMÍLIA";"R. PRINCIPAL, S/ N"
"16/09/2024";"17:49:23";2020;2;"Eleição Ordinária";1;426;"Eleições Municipais 2020";"15/11/2020";"M";"ES";"56057";"ALFREDO CHAVES";56057;"ALFREDO CHAVES";12;11;13;"Vereador";14222;"JOSIMAR PIUMBINI";3;1040;80000683175;"EEEF DE CRUBIXÁ";"R. PRINCIPAL, S/ Nº"
"16/09/2024";"17:49:23";2020;2;"Eleição Ordinária";1;426;"Eleições Municipais 2020";"15/11/2020";"M";"ES";"56057";"ALFREDO CHAVES";56057;"ALFREDO CHAVES";12;11;13;"Vereador";10222;"FERNANDO ALVES";1;1040;80000682926;"EEEF DE CRUBIXÁ";"R. PRINCIPAL, S/ Nº"
"16/09/2024";"17:49:23";2020;2;"Eleição Ordinária";1;426;"Eleições Municipais 2020";"15/11/2020";"M";"ES";"56057";"ALFREDO CHAVES";56057;"ALFREDO CHAVES";12;1;13;"Vereador";51000;"SILVANA RAMOS DA SILVA";1;1015;80000683713;"EMEF ANA ARAÚJO";"R. EXPEDICIONARIO OSVALDO SAUDINO"
"16/09/2024";"17:49:23";2020;2;"Eleição Ordinária";1;426;"Eleições Municipais 2020";"15/11/2020";"M";"ES";"56057";"ALFREDO CHAVES";56057;"ALFREDO CHAVES";12;11;13;"Vereador";51000;"SILVANA RAMOS DA SILVA";1;1040;80000683713;"EEEF DE CRUBIXÁ";"R. PRINCIPAL, S/ Nº"
"16/09/2024";"17:49:23";2020;2;"Eleição Ordinária";1;426;"Eleições Municipais 2020";"15/11/2020";"M";"ES";"56057";"ALFREDO CHAVES";56057;"ALFREDO CHAVES";12;7;13;"Vereador";10222;"FERNANDO ALVES";5;1171;80000682926;"EEEFM CAMILA MOTA";"R. NELSON DA COSTA MELLO, S/ N"
"16/09/2024";"17:49:23";2020;2;"Eleição Ordinária";1;426;"Eleições Municipais 2020";"15/11/2020";"M";"ES";"56057";"ALFREDO CHAVES";56057;"ALFREDO CHAVES";12;2;13;"Vereador";10222;"FERNANDO ALVES";2;1015;80000682926;"EMEF ANA ARAÚJO";"R. EXPEDICIONARIO OSVALDO SAUDINO"
"16/09/2024";"17:49:23";2020;2;"Eleição Ordinária";1;426;"Eleições Municipais 2020";"15/11/2020";"M";"ES";"56057";"ALFREDO CHAVES";56057;"ALFREDO CHAVES";12;7;13;"Vereador";14222;"JOSIMAR PIUMBINI";17;1171;80000683175;"EEEFM CAMILA MOTA";"R. NELSON DA COSTA MELLO, S/ N"
"16/09/2024";"17:49:23";2020;2;"Eleição Ordinária";1;426;"Eleições Municipais 2020";"15/11/2020";"M";"ES";"56057";"ALFREDO CHAVES";56057;"ALFREDO CHAVES";12;40;13;"Vereador";10222;"FERNANDO ALVES";2;1236;80000682926;"NACCA-ANTIGO PETI";"RUA THOMAZ COELHO, S/N AO LADO DA BIBLIOTECA MUNICIPAL"
"16/09/2024";"17:49:23";2020;2;"Eleição Ordinária";1;426;"Eleições Municipais 2020";"15/11/2020";"M";"ES";"56057";"ALFREDO CHAVES";56057;"ALFREDO CHAVES";12;15;13;"Vereador";51789;"ANTÔNIO VALDIR GOBBI BUBACK";1;1074;80000683712;"SALÃO DA IGREJA CATÓLICA DE IRIRITIMIRIM";"R. PRINCIPAL, S/ N"
"16/09/2024";"17:49:23";2020;2;"Eleição Ordinária";1;426;"Eleições Municipais 2020";"15/11/2020";"M";"ES";"56057";"ALFREDO CHAVES";56057;"ALFREDO CHAVES";12;7;13;"Vereador";10123;"MARIA DE LURDES BENINCA MACHADO";1;1171;80000682927;"EEEFM CAMILA MOTA";"R. NELSON DA COSTA MELLO, S/ N"
"16/09/2024";"17:49:23";2020;2;"Eleição Ordinária";1;426;"Eleições Municipais 2020";"15/11/2020";"M";"ES";"56057";"ALFREDO CHAVES";56057;"ALFREDO CHAVES";12;26;13;"Vereador";14300;"ANDRE ALMONFREY ORLANDI";1;1163;80000683168;"EEUEF VILA NOVA DE MARAVILHA";"R. PRINCIPAL, S/ Nº"
"16/09/2024";"17:49:23";2020;2;"Eleição Ordinária";1;426;"Eleições Municipais 2020";"15/11/2020";"M";"ES";"56057";"ALFREDO CHAVES";56057;"ALFREDO CHAVES";12;24;13;"Vereador";51789;"ANTÔNIO VALDIR GOBBI BUBACK";3;1147;80000683712;"EMEF SÃO BENTO DE URÂNIA";"R. PRINCIPAL, S/ Nº"
"16/09/2024";"17:49:23";2020;2;"Eleição Ordinária";1;426;"Eleições Municipais 2020";"15/11/2020";"M";"ES";"56057";"ALFREDO CHAVES";56057;"ALFREDO CHAVES";12;8;13;"Vereador";14123;"HUGO LUIZ PICOLI MENEGHEL";8;1023;80000683174;"GINÁSIO DE ESPORTES DE ALFREDO CHAVES";"RUA NELSON JOSÉ DA COSTA MELO, S/N"
"16/09/2024";"17:49:23";2020;2;"Eleição Ordinária";1;426;"Eleições Municipais 2020";"15/11/2020";"M";"ES";"56057";"ALFREDO CHAVES";56057;"ALFREDO CHAVES";12;18;13;"Vereador";14123;"HUGO LUIZ PICOLI MENEGHEL";10;1090;80000683174;"EMEF FELIPE MODOLO";"R. PRINCIPAL, S/ N"
"16/09/2024";"17:49:23";2020;2;"Eleição Ordinária";1;426;"Eleições Municipais 2020";"15/11/2020";"M";"ES";"56057";"ALFREDO CHAVES";56057;"ALFREDO CHAVES";12;3;13;"Vereador";14123;"HUGO LUIZ PICOLI MENEGHEL";8;1015;80000683174;"EMEF ANA ARAÚJO";"R. EXPEDICIONARIO OSVALDO SAUDINO"
"16/09/2024";"17:49:23";2020;2;"Eleição Ordinária";1;426;"Eleições Municipais 2020";"15/11/2020";"M";"ES";"56057";"ALFREDO CHAVES";56057;"ALFREDO CHAVES";12;15;13;"Vereador";51000;"SILVANA RAMOS DA SILVA";2;1074;80000683713;"SALÃO DA IGREJA CATÓLICA DE IRIRITIMIRIM";"R. PRINCIPAL, S/ N"
"16/09/2024";"17:49:23";2020;2;"Eleição Ordinária";1;426;"Eleições Municipais 2020";"15/11/2020";"M";"ES";"56057";"ALFREDO CHAVES";56057;"ALFREDO CHAVES";12;1;13;"Vereador";45123;"ORLY PEREIRA";6;1015;80000666648;"EMEF ANA ARAÚJO";"R. EXPEDICIONARIO OSVALDO SAUDINO"
"16/09/2024";"17:49:23";2020;2;"Eleição Ordinária";1;426;"Eleições Municipais 2020";"15/11/2020";"M";"ES";"56057";"ALFREDO CHAVES";56057;"ALFREDO CHAVES";12;15;13;"Vereador";45000;"JONAS NUNES SIMÕES";9;1074;80000666645;"SALÃO DA IGREJA CATÓLICA DE IRIRITIMIRIM";"R. PRINCIPAL, S/ N"
"16/09/2024";"17:49:23";2020;2;"Eleição Ordinária";1;426;"Eleições Municipais 2020";"15/11/2020";"M";"ES";"56057";"ALFREDO CHAVES";56057;"ALFREDO CHAVES";12;7;13;"Vereador";40555;"DULCIANE BRUNORO ESTEVES";1;1171;80000666569;"EEEFM CAMILA MOTA";"R. NELSON DA COSTA MELLO, S/ N"
"16/09/2024";"17:49:23";2020;2;"Eleição Ordinária";1;426;"Eleições Municipais 2020";"15/11/2020";"M";"ES";"56057";"ALFREDO CHAVES";56057;"ALFREDO CHAVES";12;37;13;"Vereador";14300;"ANDRE ALMONFREY ORLANDI";1;1228;80000683168;"CRECHE COMECINHO DE GENTE";"AV. DARCY DE PAULA GAIGHER, S/N"
"16/09/2024";"17:49:23";2020;2;"Eleição Ordinária";1;426;"Eleições Municipais 2020";"15/11/2020";"M";"ES";"56057";"ALFREDO CHAVES";56057;"ALFREDO CHAVES";12;1;13;"Vereador";51789;"ANTÔNIO VALDIR GOBBI BUBACK";1;1015;80000683712;"EMEF ANA ARAÚJO";"R. EXPEDICIONARIO OSVALDO SAUDINO"
"16/09/2024";"17:49:23";2020;2;"Eleição Ordinária";1;426;"Eleições Municipais 2020";"15/11/2020";"M";"ES";"56057";"ALFREDO CHAVES";56057;"ALFREDO CHAVES";12;25;13;"Vereador";45436;"PAULO RITA DE SOUZA";1;1155;80000666653;"EEUEF CAROLINA";"R. PRINCIPAL, S/ Nº"
"16/09/2024";"17:49:23";2020;2;"Eleição Ordinária";1;426;"Eleições Municipais 2020";"15/11/2020";"M";"ES";"56057";"ALFREDO CHAVES";56057;"ALFREDO CHAVES";12;40;13;"Vereador";45436;"PAULO RITA DE SOUZA";1;1236;80000666653;"NACCA-ANTIGO PETI";"RUA THOMAZ COELHO, S/N AO LADO DA BIBLIOTECA MUNICIPAL"
"16/09/2024";"17:49:23";2020;2;"Eleição Ordinária";1;426;"Eleições Municipais 2020";"15/11/2020";"M";"ES";"56057";"ALFREDO CHAVES";56057;"ALFREDO CHAVES";12;2;13;"Vereador";40555;"DULCIANE BRUNORO ESTEVES";1;1015;80000666569;"EMEF ANA ARAÚJO";"R. EXPEDICIONARIO OSVALDO SAUDINO"
"16/09/2024";"17:49:23";2020;2;"Eleição Ordinária";1;426;"Eleições Municipais 2020";"15/11/2020";"M";"ES";"56057";"ALFREDO CHAVES";56057;"ALFREDO CHAVES";12;16;13;"Vereador";40555;"DULCIANE BRUNORO ESTEVES";1;1082;80000666569;"EMUEF ALMERINDA BRUNORO";"R. PRINCIPAL, S/ N"
"16/09/2024";"17:49:23";2020;2;"Eleição Ordinária";1;426;"Eleições Municipais 2020";"15/11/2020";"M";"ES";"56057";"ALFREDO CHAVES";56057;"ALFREDO CHAVES";12;41;13;"Vereador";45789;"JUSCELINO SERAFIN";1;1236;80000666647;"NACCA-ANTIGO PETI";"RUA THOMAZ COELHO, S/N AO LADO DA BIBLIOTECA MUNICIPAL"
"16/09/2024";"17:49:23";2020;2;"Eleição Ordinária";1;426;"Eleições Municipais 2020";"15/11/2020";"M";"ES";"56057";"ALFREDO CHAVES";56057;"ALFREDO CHAVES";12;2;13;"Vereador";45123;"ORLY PEREIRA";4;1015;80000666648;"EMEF ANA ARAÚJO";"R. EXPEDICIONARIO OSVALDO SAUDINO"
"16/09/2024";"17:49:23";2020;2;"Eleição Ordinária";1;426;"Eleições Municipais 2020";"15/11/2020";"M";"ES";"56057";"ALFREDO CHAVES";56057;"ALFREDO CHAVES";12;16;13;"Vereador";45123;"ORLY PEREIRA";1;1082;80000666648;"EMUEF ALMERINDA BRUNORO";"R. PRINCIPAL, S/ N"
"16/09/2024";"17:49:23";2020;2;"Eleição Ordinária";1;426;"Eleições Municipais 2020";"15/11/2020";"M";"ES";"56057";"ALFREDO CHAVES";56057;"ALFREDO CHAVES";12;40;13;"Vereador";45123;"ORLY PEREIRA";2;1236;80000666648;"NACCA-ANTIGO PETI";"RUA THOMAZ COELHO, S/N AO LADO DA BIBLIOTECA MUNICIPAL"
"16/09/2024";"17:49:23";2020;2;"Eleição Ordinária";1;426;"Eleições Municipais 2020";"15/11/2020";"M";"ES";"56057";"ALFREDO CHAVES";56057;"ALFREDO CHAVES";12;85;13;"Vereador";40789;"ADILSON JOSE ROVETA";5;1244;80000666567;"CRECHE PEQUERRUCHOS";"RUA ANTÔNIO CLAUDIO GAIGHER, 19"
"16/09/2024";"17:49:23";2020;2;"Eleição Ordinária";1;426;"Eleições Municipais 2020";"15/11/2020";"M";"ES";"56057";"ALFREDO CHAVES";56057;"ALFREDO CHAVES";12;23;13;"Vereador";40789;"ADILSON JOSE ROVETA";117;1139;80000666567;"EMEF SAGRADA FAMÍLIA";"R. PRINCIPAL, S/ N"
"16/09/2024";"17:49:23";2020;2;"Eleição Ordinária";1;426;"Eleições Municipais 2020";"15/11/2020";"M";"ES";"56057";"ALFREDO CHAVES";56057;"ALFREDO CHAVES";12;9;13;"Vereador";40789;"ADILSON JOSE ROVETA";8;1031;80000666567;"EMEF FAZENDA APARECIDA";"R. PRINCIPAL, S/ Nº"
"16/09/2024";"17:49:23";2020;2;"Eleição Ordinária";1;426;"Eleições Municipais 2020";"15/11/2020";"M";"ES";"56057";"ALFREDO CHAVES";56057;"ALFREDO CHAVES";12;15;13;"Vereador";45123;"ORLY PEREIRA";1;1074;80000666648;"SALÃO DA IGREJA CATÓLICA DE IRIRITIMIRIM";"R. PRINCIPAL, S/ N"
"16/09/2024";"17:49:23";2020;2;"Eleição Ordinária";1;426;"Eleições Municipais 2020";"15/11/2020";"M";"ES";"56057";"ALFREDO CHAVES";56057;"ALFREDO CHAVES";12;1;13;"Vereador";14888;"ANTONIETA PETRI DE ALMEIDA";1;1015;80000683170;"EMEF ANA ARAÚJO";"R. EXPEDICIONARIO OSVALDO SAUDINO"
"16/09/2024";"17:49:23";2020;2;"Eleição Ordinária";1;426;"Eleições Municipais 2020";"15/11/2020";"M";"ES";"56057";"ALFREDO CHAVES";56057;"ALFREDO CHAVES";12;7;13;"Vereador";14888;"ANTONIETA PETRI DE ALMEIDA";1;1171;80000683170;"EEEFM CAMILA MOTA";"R. NELSON DA COSTA MELLO, S/ N"
"16/09/2024";"17:49:23";2020;2;"Eleição Ordinária";1;426;"Eleições Municipais 2020";"15/11/2020";"M";"ES";"56057";"ALFREDO CHAVES";56057;"ALFREDO CHAVES";12;25;13;"Vereador";14222;"JOSIMAR PIUMBINI";5;1155;80000683175;"EEUEF CAROLINA";"R. PRINCIPAL, S/ Nº"
"16/09/2024";"17:49:23";2020;2;"Eleição Ordinária";1;426;"Eleições Municipais 2020";"15/11/2020";"M";"ES";"56057";"ALFREDO CHAVES";56057;"ALFREDO CHAVES";12;2;13;"Vereador";14222;"JOSIMAR PIUMBINI";14;1015;80000683175;"EMEF ANA ARAÚJO";"R. EXPEDICIONARIO OSVALDO SAUDINO"
"16/09/2024";"17:49:23";2020;2;"Eleição Ordinária";1;426;"Eleições Municipais 2020";"15/11/2020";"M";"ES";"56057";"ALFREDO CHAVES";56057;"ALFREDO CHAVES";12;16;13;"Vereador";14222;"JOSIMAR PIUMBINI";10;1082;80000683175;"EMUEF ALMERINDA BRUNORO";"R. PRINCIPAL, S/ N"
"16/09/2024";"17:49:23";2020;2;"Eleição Ordinária";1;426;"Eleições Municipais 2020";"15/11/2020";"M";"ES";"56057";"ALFREDO CHAVES";56057;"ALFREDO CHAVES";12;40;13;"Vereador";14222;"JOSIMAR PIUMBINI";22;1236;80000683175;"NACCA-ANTIGO PETI";"RUA THOMAZ COELHO, S/N AO LADO DA BIBLIOTECA MUNICIPAL"
"16/09/2024";"17:49:23";2020;2;"Eleição Ordinária";1;426;"Eleições Municipais 2020";"15/11/2020";"M";"ES";"56057";"ALFREDO CHAVES";56057;"ALFREDO CHAVES";12;25;13;"Vereador";14555;"LUIZ GONZAGA CIBIN";5;1155;80000683169;"EEUEF CAROLINA";"R. PRINCIPAL, S/ Nº"
"16/09/2024";"17:49:23";2020;2;"Eleição Ordinária";1;426;"Eleições Municipais 2020";"15/11/2020";"M";"ES";"56057";"ALFREDO CHAVES";56057;"ALFREDO CHAVES";12;85;13;"Vereador";40555;"DULCIANE BRUNORO ESTEVES";1;1244;80000666569;"CRECHE PEQUERRUCHOS";"RUA ANTÔNIO CLAUDIO GAIGHER, 19"
"16/09/2024";"17:49:23";2020;2;"Eleição Ordinária";1;426;"Eleições Municipais 2020";"15/11/2020";"M";"ES";"56057";"ALFREDO CHAVES";56057;"ALFREDO CHAVES";12;85;13;"Vereador";45436;"PAULO RITA DE SOUZA";4;1244;80000666653;"CRECHE PEQUERRUCHOS";"RUA ANTÔNIO CLAUDIO GAIGHER, 19"
"16/09/2024";"17:49:23";2020;2;"Eleição Ordinária";1;426;"Eleições Municipais 2020";"15/11/2020";"M";"ES";"56057";"ALFREDO CHAVES";56057;"ALFREDO CHAVES";12;23;13;"Vereador";45436;"PAULO RITA DE SOUZA";1;1139;80000666653;"EMEF SAGRADA FAMÍLIA";"R. PRINCIPAL, S/ N"
"16/09/2024";"17:49:23";2020;2;"Eleição Ordinária";1;426;"Eleições Municipais 2020";"15/11/2020";"M";"ES";"56057";"ALFREDO CHAVES";56057;"ALFREDO CHAVES";12;7;13;"Vereador";10190;"ROMILDO DOMINGOS BORTOLUZZI";2;1171;80000682930;"EEEFM CAMILA MOTA";"R. NELSON DA COSTA MELLO, S/ N"
"16/09/2024";"17:49:23";2020;2;"Eleição Ordinária";1;426;"Eleições Municipais 2020";"15/11/2020";"M";"ES";"56057";"ALFREDO CHAVES";56057;"ALFREDO CHAVES";12;1;13;"Vereador";10190;"ROMILDO DOMINGOS BORTOLUZZI";3;1015;80000682930;"EMEF ANA ARAÚJO";"R. EXPEDICIONARIO OSVALDO SAUDINO"
"16/09/2024";"17:49:23";2020;2;"Eleição Ordinária";1;426;"Eleições Municipais 2020";"15/11/2020";"M";"ES";"56057";"ALFREDO CHAVES";56057;"ALFREDO CHAVES";12;11;13;"Vereador";10190;"ROMILDO DOMINGOS BORTOLUZZI";12;1040;80000682930;"EEEF DE CRUBIXÁ";"R. PRINCIPAL, S/ Nº"
"16/09/2024";"17:49:23";2020;2;"Eleição Ordinária";1;426;"Eleições Municipais 2020";"15/11/2020";"M";"ES";"56057";"ALFREDO CHAVES";56057;"ALFREDO CHAVES";12;25;13;"Vereador";10190;"ROMILDO DOMINGOS BORTOLUZZI";1;1155;80000682930;"EEUEF CAROLINA";"R. PRINCIPAL, S/ Nº"
"16/09/2024";"17:49:23";2020;2;"Eleição Ordinária";1;426;"Eleições Municipais 2020";"15/11/2020";"M";"ES";"56057";"ALFREDO CHAVES";56057;"ALFREDO CHAVES";12;2;13;"Vereador";10190;"ROMILDO DOMINGOS BORTOLUZZI";3;1015;80000682930;"EMEF ANA ARAÚJO";"R. EXPEDICIONARIO OSVALDO SAUDINO"
"16/09/2024";"17:49:23";2020;2;"Eleição Ordinária";1;426;"Eleições Municipais 2020";"15/11/2020";"M";"ES";"56057";"ALFREDO CHAVES";56057;"ALFREDO CHAVES";12;16;13;"Vereador";10190;"ROMILDO DOMINGOS BORTOLUZZI";5;1082;80000682930;"EMUEF ALMERINDA BRUNORO";"R. PRINCIPAL, S/ N"
"16/09/2024";"17:49:23";2020;2;"Eleição Ordinária";1;426;"Eleições Municipais 2020";"15/11/2020";"M";"ES";"56057";"ALFREDO CHAVES";56057;"ALFREDO CHAVES";12;40;13;"Vereador";10190;"ROMILDO DOMINGOS BORTOLUZZI";4;1236;80000682930;"NACCA-ANTIGO PETI";"RUA THOMAZ COELHO, S/N AO LADO DA BIBLIOTECA MUNICIPAL"
"16/09/2024";"17:49:23";2020;2;"Eleição Ordinária";1;426;"Eleições Municipais 2020";"15/11/2020";"M";"ES";"56057";"ALFREDO CHAVES";56057;"ALFREDO CHAVES";12;85;13;"Vereador";51000;"SILVANA RAMOS DA SILVA";2;1244;80000683713;"CRECHE PEQUERRUCHOS";"RUA ANTÔNIO CLAUDIO GAIGHER, 19"
"16/09/2024";"17:49:23";2020;2;"Eleição Ordinária";1;426;"Eleições Municipais 2020";"15/11/2020";"M";"ES";"56057";"ALFREDO CHAVES";56057;"ALFREDO CHAVES";12;26;13;"Vereador";96;"VOTO NULO";5;1163;-1;"EEUEF VILA NOVA DE MARAVILHA";"R. PRINCIPAL, S/ Nº"
"16/09/2024";"17:49:23";2020;2;"Eleição Ordinária";1;426;"Eleições Municipais 2020";"15/11/2020";"M";"ES";"56057";"ALFREDO CHAVES";56057;"ALFREDO CHAVES";12;41;13;"Vereador";14999;"HELENA MARIA FIORIN FAVERO";1;1236;80000683171;"NACCA-ANTIGO PETI";"RUA THOMAZ COELHO, S/N AO LADO DA BIBLIOTECA MUNICIPAL"
"16/09/2024";"17:49:23";2020;2;"Eleição Ordinária";1;426;"Eleições Municipais 2020";"15/11/2020";"M";"ES";"56057";"ALFREDO CHAVES";56057;"ALFREDO CHAVES";12;15;13;"Vereador";40000;"NILTON CESAR BELMOK";3;1074;80000666560;"SALÃO DA IGREJA CATÓLICA DE IRIRITIMIRIM";"R. PRINCIPAL, S/ N"
"16/09/2024";"17:49:23";2020;2;"Eleição Ordinária";1;426;"Eleições Municipais 2020";"15/11/2020";"M";"ES";"56057";"ALFREDO CHAVES";56057;"ALFREDO CHAVES";12;24;13;"Vereador";40123;"CLEOMIR GOBBI BUBACK";1;1147;80000666568;"EMEF SÃO BENTO DE URÂNIA";"R. PRINCIPAL, S/ Nº"
"16/09/2024";"17:49:23";2020;2;"Eleição Ordinária";1;426;"Eleições Municipais 2020";"15/11/2020";"M";"ES";"56057";"ALFREDO CHAVES";56057;"ALFREDO CHAVES";12;27;13;"Vereador";14123;"HUGO LUIZ PICOLI MENEGHEL";12;1171;80000683174;"EEEFM CAMILA MOTA";"R. NELSON DA COSTA MELLO, S/ N"
"16/09/2024";"17:49:23";2020;2;"Eleição Ordinária";1;426;"Eleições Municipais 2020";"15/11/2020";"M";"ES";"56057";"ALFREDO CHAVES";56057;"ALFREDO CHAVES";12;10;13;"Vereador";14123;"HUGO LUIZ PICOLI MENEGHEL";15;1040;80000683174;"EEEF DE CRUBIXÁ";"R. PRINCIPAL, S/ Nº"
"16/09/2024";"17:49:23";2020;2;"Eleição Ordinária";1;426;"Eleições Municipais 2020";"15/11/2020";"M";"ES";"56057";"ALFREDO CHAVES";56057;"ALFREDO CHAVES";12;1;13;"Vereador";40777;"SERGIO DA SILVA BARROS";11;1015;80000666565;"EMEF ANA ARAÚJO";"R. EXPEDICIONARIO OSVALDO SAUDINO"
"16/09/2024";"17:49:23";2020;2;"Eleição Ordinária";1;426;"Eleições Municipais 2020";"15/11/2020";"M";"ES";"56057";"ALFREDO CHAVES";56057;"ALFREDO CHAVES";12;24;13;"Vereador";40000;"NILTON CESAR BELMOK";4;1147;80000666560;"EMEF SÃO BENTO DE URÂNIA";"R. PRINCIPAL, S/ Nº"
"16/09/2024";"17:49:23";2020;2;"Eleição Ordinária";1;426;"Eleições Municipais 2020";"15/11/2020";"M";"ES";"56057";"ALFREDO CHAVES";56057;"ALFREDO CHAVES";12;7;13;"Vereador";40123;"CLEOMIR GOBBI BUBACK";2;1171;80000666568;"EEEFM CAMILA MOTA";"R. NELSON DA COSTA MELLO, S/ N"
"16/09/2024";"17:49:23";2020;2;"Eleição Ordinária";1;426;"Eleições Municipais 2020";"15/11/2020";"M";"ES";"56057";"ALFREDO CHAVES";56057;"ALFREDO CHAVES";12;1;13;"Vereador";40000;"NILTON CESAR BELMOK";17;1015;80000666560;"EMEF ANA ARAÚJO";"R. EXPEDICIONARIO OSVALDO SAUDINO"
"16/09/2024";"17:49:23";2020;2;"Eleição Ordinária";1;426;"Eleições Municipais 2020";"15/11/2020";"M";"ES";"56057";"ALFREDO CHAVES";56057;"ALFREDO CHAVES";12;25;13;"Vereador";40123;"CLEOMIR GOBBI BUBACK";2;1155;80000666568;"EEUEF CAROLINA";"R. PRINCIPAL, S/ Nº"
"16/09/2024";"17:49:23";2020;2;"Eleição Ordinária";1;426;"Eleições Municipais 2020";"15/11/2020";"M";"ES";"56057";"ALFREDO CHAVES";56057;"ALFREDO CHAVES";12;2;13;"Vereador";40123;"CLEOMIR GOBBI BUBACK";2;1015;80000666568;"EMEF ANA ARAÚJO";"R. EXPEDICIONARIO OSVALDO SAUDINO"
"16/09/2024";"17:49:23";2020;2;"Eleição Ordinária";1;426;"Eleições Municipais 2020";"15/11/2020";"M";"ES";"56057";"ALFREDO CHAVES";56057;"ALFREDO CHAVES";12;16;13;"Vereador";40123;"CLEOMIR GOBBI BUBACK";1;1082;80000666568;"EMUEF ALMERINDA BRUNORO";"R. PRINCIPAL, S/ N"
"16/09/2024";"17:49:23";2020;2;"Eleição Ordinária";1;426;"Eleições Municipais 2020";"15/11/2020";"M";"ES";"56057";"ALFREDO CHAVES";56057;"ALFREDO CHAVES";12;40;13;"Vereador";40123;"CLEOMIR GOBBI BUBACK";1;1236;80000666568;"NACCA-ANTIGO PETI";"RUA THOMAZ COELHO, S/N AO LADO DA BIBLIOTECA MUNICIPAL"
"16/09/2024";"17:49:23";2020;2;"Eleição Ordinária";1;426;"Eleições Municipais 2020";"15/11/2020";"M";"ES";"56057";"ALFREDO CHAVES";56057;"ALFREDO CHAVES";12;11;13;"Vereador";40000;"NILTON CESAR BELMOK";34;1040;80000666560;"EEEF DE CRUBIXÁ";"R. PRINCIPAL, S/ Nº"
"16/09/2024";"17:49:23";2020;2;"Eleição Ordinária";1;426;"Eleições Municipais 2020";"15/11/2020";"M";"ES";"56057";"ALFREDO CHAVES";56057;"ALFREDO CHAVES";12;22;13;"Vereador";14300;"ANDRE ALMONFREY ORLANDI";1;1139;80000683168;"EMEF SAGRADA FAMÍLIA";"R. PRINCIPAL, S/ N"
"16/09/2024";"17:49:23";2020;2;"Eleição Ordinária";1;426;"Eleições Municipais 2020";"15/11/2020";"M";"ES";"56057";"ALFREDO CHAVES";56057;"ALFREDO CHAVES";12;9;13;"Vereador";51789;"ANTÔNIO VALDIR GOBBI BUBACK";18;1031;80000683712;"EMEF FAZENDA APARECIDA";"R. PRINCIPAL, S/ Nº"
"16/09/2024";"17:49:23";2020;2;"Eleição Ordinária";1;426;"Eleições Municipais 2020";"15/11/2020";"M";"ES";"56057";"ALFREDO CHAVES";56057;"ALFREDO CHAVES";12;7;13;"Vereador";40777;"SERGIO DA SILVA BARROS";10;1171;80000666565;"EEEFM CAMILA MOTA";"R. NELSON DA COSTA MELLO, S/ N"
"16/09/2024";"17:49:23";2020;2;"Eleição Ordinária";1;426;"Eleições Municipais 2020";"15/11/2020";"M";"ES";"56057";"ALFREDO CHAVES";56057;"ALFREDO CHAVES";12;25;13;"Vereador";40777;"SERGIO DA SILVA BARROS";3;1155;80000666565;"EEUEF CAROLINA";"R. PRINCIPAL, S/ Nº"
"16/09/2024";"17:49:23";2020;2;"Eleição Ordinária";1;426;"Eleições Municipais 2020";"15/11/2020";"M";"ES";"56057";"ALFREDO CHAVES";56057;"ALFREDO CHAVES";12;7;13;"Vereador";40000;"NILTON CESAR BELMOK";17;1171;80000666560;"EEEFM CAMILA MOTA";"R. NELSON DA COSTA MELLO, S/ N"
"16/09/2024";"17:49:23";2020;2;"Eleição Ordinária";1;426;"Eleições Municipais 2020";"15/11/2020";"M";"ES";"56057";"ALFREDO CHAVES";56057;"ALFREDO CHAVES";12;2;13;"Vereador";40777;"SERGIO DA SILVA BARROS";5;1015;80000666565;"EMEF ANA ARAÚJO";"R. EXPEDICIONARIO OSVALDO SAUDINO"
"16/09/2024";"17:49:23";2020;2;"Eleição Ordinária";1;426;"Eleições Municipais 2020";"15/11/2020";"M";"ES";"56057";"ALFREDO CHAVES";56057;"ALFREDO CHAVES";12;25;13;"Vereador";40000;"NILTON CESAR BELMOK";10;1155;80000666560;"EEUEF CAROLINA";"R. PRINCIPAL, S/ Nº"
"16/09/2024";"17:49:23";2020;2;"Eleição Ordinária";1;426;"Eleições Municipais 2020";"15/11/2020";"M";"ES";"56057";"ALFREDO CHAVES";56057;"ALFREDO CHAVES";12;16;13;"Vereador";40777;"SERGIO DA SILVA BARROS";2;1082;80000666565;"EMUEF ALMERINDA BRUNORO";"R. PRINCIPAL, S/ N"
"16/09/2024";"17:49:23";2020;2;"Eleição Ordinária";1;426;"Eleições Municipais 2020";"15/11/2020";"M";"ES";"56057";"ALFREDO CHAVES";56057;"ALFREDO CHAVES";12;40;13;"Vereador";40777;"SERGIO DA SILVA BARROS";13;1236;80000666565;"NACCA-ANTIGO PETI";"RUA THOMAZ COELHO, S/N AO LADO DA BIBLIOTECA MUNICIPAL"
"16/09/2024";"17:49:23";2020;2;"Eleição Ordinária";1;426;"Eleições Municipais 2020";"15/11/2020";"M";"ES";"56057";"ALFREDO CHAVES";56057;"ALFREDO CHAVES";12;2;13;"Vereador";40000;"NILTON CESAR BELMOK";12;1015;80000666560;"EMEF ANA ARAÚJO";"R. EXPEDICIONARIO OSVALDO SAUDINO"
"16/09/2024";"17:49:23";2020;2;"Eleição Ordinária";1;426;"Eleições Municipais 2020";"15/11/2020";"M";"ES";"56057";"ALFREDO CHAVES";56057;"ALFREDO CHAVES";12;16;13;"Vereador";40000;"NILTON CESAR BELMOK";7;1082;80000666560;"EMUEF ALMERINDA BRUNORO";"R. PRINCIPAL, S/ N"
"16/09/2024";"17:49:23";2020;2;"Eleição Ordinária";1;426;"Eleições Municipais 2020";"15/11/2020";"M";"ES";"56057";"ALFREDO CHAVES";56057;"ALFREDO CHAVES";12;40;13;"Vereador";40000;"NILTON CESAR BELMOK";11;1236;80000666560;"NACCA-ANTIGO PETI";"RUA THOMAZ COELHO, S/N AO LADO DA BIBLIOTECA MUNICIPAL"
"16/09/2024";"17:49:23";2020;2;"Eleição Ordinária";1;426;"Eleições Municipais 2020";"15/11/2020";"M";"ES";"56057";"ALFREDO CHAVES";56057;"ALFREDO CHAVES";12;85;13;"Vereador";45123;"ORLY PEREIRA";10;1244;80000666648;"CRECHE PEQUERRUCHOS";"RUA ANTÔNIO CLAUDIO GAIGHER, 19"
"16/09/2024";"17:49:23";2020;2;"Eleição Ordinária";1;426;"Eleições Municipais 2020";"15/11/2020";"M";"ES";"56057";"ALFREDO CHAVES";56057;"ALFREDO CHAVES";12;15;13;"Vereador";40777;"SERGIO DA SILVA BARROS";2;1074;80000666565;"SALÃO DA IGREJA CATÓLICA DE IRIRITIMIRIM";"R. PRINCIPAL, S/ N"
"16/09/2024";"17:49:23";2020;2;"Eleição Ordinária";1;426;"Eleições Municipais 2020";"15/11/2020";"M";"ES";"56057";"ALFREDO CHAVES";56057;"ALFREDO CHAVES";12;85;13;"Vereador";45000;"JONAS NUNES SIMÕES";8;1244;80000666645;"CRECHE PEQUERRUCHOS";"RUA ANTÔNIO CLAUDIO GAIGHER, 19"
"16/09/2024";"17:49:23";2020;2;"Eleição Ordinária";1;426;"Eleições Municipais 2020";"15/11/2020";"M";"ES";"56057";"ALFREDO CHAVES";56057;"ALFREDO CHAVES";12;23;13;"Vereador";45000;"JONAS NUNES SIMÕES";6;1139;80000666645;"EMEF SAGRADA FAMÍLIA";"R. PRINCIPAL, S/ N"
"16/09/2024";"17:49:23";2020;2;"Eleição Ordinária";1;426;"Eleições Municipais 2020";"15/11/2020";"M";"ES";"56057";"ALFREDO CHAVES";56057;"ALFREDO CHAVES";12;15;13;"Vereador";40123;"CLEOMIR GOBBI BUBACK";2;1074;80000666568;"SALÃO DA IGREJA CATÓLICA DE IRIRITIMIRIM";"R. PRINCIPAL, S/ N"
"16/09/2024";"17:49:23";2020;2;"Eleição Ordinária";1;426;"Eleições Municipais 2020";"15/11/2020";"M";"ES";"56057";"ALFREDO CHAVES";56057;"ALFREDO CHAVES";12;9;13;"Vereador";45000;"JONAS NUNES SIMÕES";2;1031;80000666645;"EMEF FAZENDA APARECIDA";"R. PRINCIPAL, S/ Nº"
"16/09/2024";"17:49:23";2020;2;"Eleição Ordinária";1;426;"Eleições Municipais 2020";"15/11/2020";"M";"ES";"56057";"ALFREDO CHAVES";56057;"ALFREDO CHAVES";12;1;13;"Vereador";45222;"OSNEIA JOSE ALVES CARDOSO";2;1015;80000666650;"EMEF ANA ARAÚJO";"R. EXPEDICIONARIO OSVALDO SAUDINO"
"16/09/2024";"17:49:23";2020;2;"Eleição Ordinária";1;426;"Eleições Municipais 2020";"15/11/2020";"M";"ES";"56057";"ALFREDO CHAVES";56057;"ALFREDO CHAVES";12;1;13;"Vereador";40123;"CLEOMIR GOBBI BUBACK";1;1015;80000666568;"EMEF ANA ARAÚJO";"R. EXPEDICIONARIO OSVALDO SAUDINO"
"16/09/2024";"17:49:23";2020;2;"Eleição Ordinária";1;426;"Eleições Municipais 2020";"15/11/2020";"M";"ES";"56057";"ALFREDO CHAVES";56057;"ALFREDO CHAVES";12;11;13;"Vereador";40123;"CLEOMIR GOBBI BUBACK";1;1040;80000666568;"EEEF DE CRUBIXÁ";"R. PRINCIPAL, S/ Nº"
"16/09/2024";"17:49:23";2020;2;"Eleição Ordinária";1;426;"Eleições Municipais 2020";"15/11/2020";"M";"ES";"56057";"ALFREDO CHAVES";56057;"ALFREDO CHAVES";12;7;13;"Vereador";45222;"OSNEIA JOSE ALVES CARDOSO";2;1171;80000666650;"EEEFM CAMILA MOTA";"R. NELSON DA COSTA MELLO, S/ N"
"16/09/2024";"17:49:23";2020;2;"Eleição Ordinária";1;426;"Eleições Municipais 2020";"15/11/2020";"M";"ES";"56057";"ALFREDO CHAVES";56057;"ALFREDO CHAVES";12;2;13;"Vereador";45222;"OSNEIA JOSE ALVES CARDOSO";1;1015;80000666650;"EMEF ANA ARAÚJO";"R. EXPEDICIONARIO OSVALDO SAUDINO"
"16/09/2024";"17:49:23";2020;2;"Eleição Ordinária";1;426;"Eleições Municipais 2020";"15/11/2020";"M";"ES";"56057";"ALFREDO CHAVES";56057;"ALFREDO CHAVES";12;24;13;"Vereador";14555;"LUIZ GONZAGA CIBIN";47;1147;80000683169;"EMEF SÃO BENTO DE URÂNIA";"R. PRINCIPAL, S/ Nº"
"16/09/2024";"17:49:23";2020;2;"Eleição Ordinária";1;426;"Eleições Municipais 2020";"15/11/2020";"M";"ES";"56057";"ALFREDO CHAVES";56057;"ALFREDO CHAVES";12;1;13;"Vereador";14555;"LUIZ GONZAGA CIBIN";1;1015;80000683169;"EMEF ANA ARAÚJO";"R. EXPEDICIONARIO OSVALDO SAUDINO"
"16/09/2024";"17:49:23";2020;2;"Eleição Ordinária";1;426;"Eleições Municipais 2020";"15/11/2020";"M";"ES";"56057";"ALFREDO CHAVES";56057;"ALFREDO CHAVES";12;22;13;"Vereador";96;"VOTO NULO";12;1139;-1;"EMEF SAGRADA FAMÍLIA";"R. PRINCIPAL, S/ N"
"16/09/2024";"17:49:23";2020;2;"Eleição Ordinária";1;426;"Eleições Municipais 2020";"15/11/2020";"M";"ES";"56057";"ALFREDO CHAVES";56057;"ALFREDO CHAVES";12;7;13;"Vereador";45123;"ORLY PEREIRA";3;1171;80000666648;"EEEFM CAMILA MOTA";"R. NELSON DA COSTA MELLO, S/ N"
"16/09/2024";"17:49:23";2020;2;"Eleição Ordinária";1;426;"Eleições Municipais 2020";"15/11/2020";"M";"ES";"56057";"ALFREDO CHAVES";56057;"ALFREDO CHAVES";12;25;13;"Vereador";45123;"ORLY PEREIRA";3;1155;80000666648;"EEUEF CAROLINA";"R. PRINCIPAL, S/ Nº"
"16/09/2024";"17:49:23";2020;2;"Eleição Ordinária";1;426;"Eleições Municipais 2020";"15/11/2020";"M";"ES";"56057";"ALFREDO CHAVES";56057;"ALFREDO CHAVES";12;15;13;"Vereador";14300;"ANDRE ALMONFREY ORLANDI";2;1074;80000683168;"SALÃO DA IGREJA CATÓLICA DE IRIRITIMIRIM";"R. PRINCIPAL, S/ N"
"16/09/2024";"17:49:23";2020;2;"Eleição Ordinária";1;426;"Eleições Municipais 2020";"15/11/2020";"M";"ES";"56057";"ALFREDO CHAVES";56057;"ALFREDO CHAVES";12;22;13;"Vereador";10777;"GLAUCIA DOS SANTOS PEREIRA";2;1139;80000682933;"EMEF SAGRADA FAMÍLIA";"R. PRINCIPAL, S/ N"
"16/09/2024";"17:49:23";2020;2;"Eleição Ordinária";1;426;"Eleições Municipais 2020";"15/11/2020";"M";"ES";"56057";"ALFREDO CHAVES";56057;"ALFREDO CHAVES";12;1;13;"Vereador";14300;"ANDRE ALMONFREY ORLANDI";2;1015;80000683168;"EMEF ANA ARAÚJO";"R. EXPEDICIONARIO OSVALDO SAUDINO"
"16/09/2024";"17:49:23";2020;2;"Eleição Ordinária";1;426;"Eleições Municipais 2020";"15/11/2020";"M";"ES";"56057";"ALFREDO CHAVES";56057;"ALFREDO CHAVES";12;11;13;"Vereador";14300;"ANDRE ALMONFREY ORLANDI";7;1040;80000683168;"EEEF DE CRUBIXÁ";"R. PRINCIPAL, S/ Nº"
"16/09/2024";"17:49:23";2020;2;"Eleição Ordinária";1;426;"Eleições Municipais 2020";"15/11/2020";"M";"ES";"56057";"ALFREDO CHAVES";56057;"ALFREDO CHAVES";12;85;13;"Vereador";10190;"ROMILDO DOMINGOS BORTOLUZZI";1;1244;80000682930;"CRECHE PEQUERRUCHOS";"RUA ANTÔNIO CLAUDIO GAIGHER, 19"
"16/09/2024";"17:49:23";2020;2;"Eleição Ordinária";1;426;"Eleições Municipais 2020";"15/11/2020";"M";"ES";"56057";"ALFREDO CHAVES";56057;"ALFREDO CHAVES";12;23;13;"Vereador";10190;"ROMILDO DOMINGOS BORTOLUZZI";1;1139;80000682930;"EMEF SAGRADA FAMÍLIA";"R. PRINCIPAL, S/ N"
"16/09/2024";"17:49:23";2020;2;"Eleição Ordinária";1;426;"Eleições Municipais 2020";"15/11/2020";"M";"ES";"56057";"ALFREDO CHAVES";56057;"ALFREDO CHAVES";12;25;13;"Vereador";96;"VOTO NULO";8;1155;-1;"EEUEF CAROLINA";"R. PRINCIPAL, S/ Nº"
"16/09/2024";"17:49:23";2020;2;"Eleição Ordinária";1;426;"Eleições Municipais 2020";"15/11/2020";"M";"ES";"56057";"ALFREDO CHAVES";56057;"ALFREDO CHAVES";12;2;13;"Vereador";96;"VOTO NULO";3;1015;-1;"EMEF ANA ARAÚJO";"R. EXPEDICIONARIO OSVALDO SAUDINO"
"16/09/2024";"17:49:23";2020;2;"Eleição Ordinária";1;426;"Eleições Municipais 2020";"15/11/2020";"M";"ES";"56057";"ALFREDO CHAVES";56057;"ALFREDO CHAVES";12;16;13;"Vereador";96;"VOTO NULO";6;1082;-1;"EMUEF ALMERINDA BRUNORO";"R. PRINCIPAL, S/ N"
"16/09/2024";"17:49:23";2020;2;"Eleição Ordinária";1;426;"Eleições Municipais 2020";"15/11/2020";"M";"ES";"56057";"ALFREDO CHAVES";56057;"ALFREDO CHAVES";12;40;13;"Vereador";96;"VOTO NULO";3;1236;-1;"NACCA-ANTIGO PETI";"RUA THOMAZ COELHO, S/N AO LADO DA BIBLIOTECA MUNICIPAL"
"16/09/2024";"17:49:23";2020;2;"Eleição Ordinária";1;426;"Eleições Municipais 2020";"15/11/2020";"M";"ES";"56057";"ALFREDO CHAVES";56057;"ALFREDO CHAVES";12;7;13;"Vereador";96;"VOTO NULO";7;1171;-1;"EEEFM CAMILA MOTA";"R. NELSON DA COSTA MELLO, S/ N"
"16/09/2024";"17:49:23";2020;2;"Eleição Ordinária";1;426;"Eleições Municipais 2020";"15/11/2020";"M";"ES";"56057";"ALFREDO CHAVES";56057;"ALFREDO CHAVES";12;25;13;"Vereador";14999;"HELENA MARIA FIORIN FAVERO";7;1155;80000683171;"EEUEF CAROLINA";"R. PRINCIPAL, S/ Nº"
"16/09/2024";"17:49:23";2020;2;"Eleição Ordinária";1;426;"Eleições Municipais 2020";"15/11/2020";"M";"ES";"56057";"ALFREDO CHAVES";56057;"ALFREDO CHAVES";12;2;13;"Vereador";14999;"HELENA MARIA FIORIN FAVERO";1;1015;80000683171;"EMEF ANA ARAÚJO";"R. EXPEDICIONARIO OSVALDO SAUDINO"
"16/09/2024";"17:49:23";2020;2;"Eleição Ordinária";1;426;"Eleições Municipais 2020";"15/11/2020";"M";"ES";"56057";"ALFREDO CHAVES";56057;"ALFREDO CHAVES";12;41;13;"Vereador";96;"VOTO NULO";3;1236;-1;"NACCA-ANTIGO PETI";"RUA THOMAZ COELHO, S/N AO LADO DA BIBLIOTECA MUNICIPAL"
"16/09/2024";"17:49:23";2020;2;"Eleição Ordinária";1;426;"Eleições Municipais 2020";"15/11/2020";"M";"ES";"56057";"ALFREDO CHAVES";56057;"ALFREDO CHAVES";12;15;13;"Vereador";10190;"ROMILDO DOMINGOS BORTOLUZZI";5;1074;80000682930;"SALÃO DA IGREJA CATÓLICA DE IRIRITIMIRIM";"R. PRINCIPAL, S/ N"
"16/09/2024";"17:49:23";2020;2;"Eleição Ordinária";1;426;"Eleições Municipais 2020";"15/11/2020";"M";"ES";"56057";"ALFREDO CHAVES";56057;"ALFREDO CHAVES";12;37;13;"Vereador";40666;"DANIEL ORLANDI";8;1228;80000666556;"CRECHE COMECINHO DE GENTE";"AV. DARCY DE PAULA GAIGHER, S/N"
"16/09/2024";"17:49:23";2020;2;"Eleição Ordinária";1;426;"Eleições Municipais 2020";"15/11/2020";"M";"ES";"56057";"ALFREDO CHAVES";56057;"ALFREDO CHAVES";12;37;13;"Vereador";10190;"ROMILDO DOMINGOS BORTOLUZZI";9;1228;80000682930;"CRECHE COMECINHO DE GENTE";"AV. DARCY DE PAULA GAIGHER, S/N"
"16/09/2024";"17:49:23";2020;2;"Eleição Ordinária";1;426;"Eleições Municipais 2020";"15/11/2020";"M";"ES";"56057";"ALFREDO CHAVES";56057;"ALFREDO CHAVES";12;2;13;"Vereador";51000;"SILVANA RAMOS DA SILVA";3;1015;80000683713;"EMEF ANA ARAÚJO";"R. EXPEDICIONARIO OSVALDO SAUDINO"
"16/09/2024";"17:49:23";2020;2;"Eleição Ordinária";1;426;"Eleições Municipais 2020";"15/11/2020";"M";"ES";"56057";"ALFREDO CHAVES";56057;"ALFREDO CHAVES";12;7;13;"Vereador";51000;"SILVANA RAMOS DA SILVA";3;1171;80000683713;"EEEFM CAMILA MOTA";"R. NELSON DA COSTA MELLO, S/ N"
"16/09/2024";"17:49:23";2020;2;"Eleição Ordinária";1;426;"Eleições Municipais 2020";"15/11/2020";"M";"ES";"56057";"ALFREDO CHAVES";56057;"ALFREDO CHAVES";12;40;13;"Vereador";51000;"SILVANA RAMOS DA SILVA";2;1236;80000683713;"NACCA-ANTIGO PETI";"RUA THOMAZ COELHO, S/N AO LADO DA BIBLIOTECA MUNICIPAL"
"16/09/2024";"17:49:23";2020;2;"Eleição Ordinária";1;426;"Eleições Municipais 2020";"15/11/2020";"M";"ES";"56057";"ALFREDO CHAVES";56057;"ALFREDO CHAVES";12;1;13;"Vereador";40555;"DULCIANE BRUNORO ESTEVES";1;1015;80000666569;"EMEF ANA ARAÚJO";"R. EXPEDICIONARIO OSVALDO SAUDINO"
"16/09/2024";"17:49:23";2020;2;"Eleição Ordinária";1;426;"Eleições Municipais 2020";"15/11/2020";"M";"ES";"56057";"ALFREDO CHAVES";56057;"ALFREDO CHAVES";12;1;13;"Vereador";45436;"PAULO RITA DE SOUZA";3;1015;80000666653;"EMEF ANA ARAÚJO";"R. EXPEDICIONARIO OSVALDO SAUDINO"
"16/09/2024";"17:49:23";2020;2;"Eleição Ordinária";1;426;"Eleições Municipais 2020";"15/11/2020";"M";"ES";"56057";"ALFREDO CHAVES";56057;"ALFREDO CHAVES";12;15;13;"Vereador";45789;"JUSCELINO SERAFIN";43;1074;80000666647;"SALÃO DA IGREJA CATÓLICA DE IRIRITIMIRIM";"R. PRINCIPAL, S/ N"
"16/09/2024";"17:49:23";2020;2;"Eleição Ordinária";1;426;"Eleições Municipais 2020";"15/11/2020";"M";"ES";"56057";"ALFREDO CHAVES";56057;"ALFREDO CHAVES";12;37;13;"Vereador";45678;"ADIMAR DE SOUZA MEDINA";1;1228;80000666651;"CRECHE COMECINHO DE GENTE";"AV. DARCY DE PAULA GAIGHER, S/N"
"16/09/2024";"17:49:23";2020;2;"Eleição Ordinária";1;426;"Eleições Municipais 2020";"15/11/2020";"M";"ES";"56057";"ALFREDO CHAVES";56057;"ALFREDO CHAVES";12;41;13;"Vereador";14300;"ANDRE ALMONFREY ORLANDI";2;1236;80000683168;"NACCA-ANTIGO PETI";"RUA THOMAZ COELHO, S/N AO LADO DA BIBLIOTECA MUNICIPAL"
"16/09/2024";"17:49:23";2020;2;"Eleição Ordinária";1;426;"Eleições Municipais 2020";"15/11/2020";"M";"ES";"56057";"ALFREDO CHAVES";56057;"ALFREDO CHAVES";12;21;13;"Vereador";10111;"RENATO VETTORACI";4;1120;80000682934;"EMUEF QUARTO TERRITÓRIO";"R. PRINCIPAL , S/ N"
"16/09/2024";"17:49:23";2020;2;"Eleição Ordinária";1;426;"Eleições Municipais 2020";"15/11/2020";"M";"ES";"56057";"ALFREDO CHAVES";56057;"ALFREDO CHAVES";12;37;13;"Vereador";96;"VOTO NULO";9;1228;-1;"CRECHE COMECINHO DE GENTE";"AV. DARCY DE PAULA GAIGHER, S/N"
"16/09/2024";"17:49:23";2020;2;"Eleição Ordinária";1;426;"Eleições Municipais 2020";"15/11/2020";"M";"ES";"56057";"ALFREDO CHAVES";56057;"ALFREDO CHAVES";12;41;13;"Vereador";51333;"RENATO CARDOSO";1;1236;80000683717;"NACCA-ANTIGO PETI";"RUA THOMAZ COELHO, S/N AO LADO DA BIBLIOTECA MUNICIPAL"
"16/09/2024";"17:49:23";2020;2;"Eleição Ordinária";1;426;"Eleições Municipais 2020";"15/11/2020";"M";"ES";"56057";"ALFREDO CHAVES";56057;"ALFREDO CHAVES";12;13;13;"Vereador";11123;"CRISTIANO GRILLO";12;1058;80000848889;"EEEF ENGANO";"R. PRINCIPAL, S/ Nº"
"16/09/2024";"17:49:23";2020;2;"Eleição Ordinária";1;426;"Eleições Municipais 2020";"15/11/2020";"M";"ES";"56057";"ALFREDO CHAVES";56057;"ALFREDO CHAVES";12;21;13;"Vereador";14123;"HUGO LUIZ PICOLI MENEGHEL";7;1120;80000683174;"EMUEF QUARTO TERRITÓRIO";"R. PRINCIPAL , S/ N"
"16/09/2024";"17:49:23";2020;2;"Eleição Ordinária";1;426;"Eleições Municipais 2020";"15/11/2020";"M";"ES";"56057";"ALFREDO CHAVES";56057;"ALFREDO CHAVES";12;31;13;"Vereador";14123;"HUGO LUIZ PICOLI MENEGHEL";4;1171;80000683174;"EEEFM CAMILA MOTA";"R. NELSON DA COSTA MELLO, S/ N"
"16/09/2024";"17:49:23";2020;2;"Eleição Ordinária";1;426;"Eleições Municipais 2020";"15/11/2020";"M";"ES";"56057";"ALFREDO CHAVES";56057;"ALFREDO CHAVES";12;19;13;"Vereador";14123;"HUGO LUIZ PICOLI MENEGHEL";13;1104;80000683174;"SALÃO COMUNITÁRIO DE NOVA ESTRELA";"R. PRINCIPAL, S/ Nº"
"16/09/2024";"17:49:23";2020;2;"Eleição Ordinária";1;426;"Eleições Municipais 2020";"15/11/2020";"M";"ES";"56057";"ALFREDO CHAVES";56057;"ALFREDO CHAVES";12;12;13;"Vereador";14123;"HUGO LUIZ PICOLI MENEGHEL";30;1058;80000683174;"EEEF ENGANO";"R. PRINCIPAL, S/ Nº"
"16/09/2024";"17:49:23";2020;2;"Eleição Ordinária";1;426;"Eleições Municipais 2020";"15/11/2020";"M";"ES";"56057";"ALFREDO CHAVES";56057;"ALFREDO CHAVES";12;4;13;"Vereador";11123;"CRISTIANO GRILLO";5;1015;80000848889;"EMEF ANA ARAÚJO";"R. EXPEDICIONARIO OSVALDO SAUDINO"
"16/09/2024";"17:49:23";2020;2;"Eleição Ordinária";1;426;"Eleições Municipais 2020";"15/11/2020";"M";"ES";"56057";"ALFREDO CHAVES";56057;"ALFREDO CHAVES";12;31;13;"Vereador";40456;"SERAFINO ANTONIO SIMONI";1;1171;80000666564;"EEEFM CAMILA MOTA";"R. NELSON DA COSTA MELLO, S/ N"
"16/09/2024";"17:49:23";2020;2;"Eleição Ordinária";1;426;"Eleições Municipais 2020";"15/11/2020";"M";"ES";"56057";"ALFREDO CHAVES";56057;"ALFREDO CHAVES";12;12;13;"Vereador";40456;"SERAFINO ANTONIO SIMONI";3;1058;80000666564;"EEEF ENGANO";"R. PRINCIPAL, S/ Nº"
"16/09/2024";"17:49:23";2020;2;"Eleição Ordinária";1;426;"Eleições Municipais 2020";"15/11/2020";"M";"ES";"56057";"ALFREDO CHAVES";56057;"ALFREDO CHAVES";12;22;13;"Vereador";51333;"RENATO CARDOSO";1;1139;80000683717;"EMEF SAGRADA FAMÍLIA";"R. PRINCIPAL, S/ N"
"16/09/2024";"17:49:23";2020;2;"Eleição Ordinária";1;426;"Eleições Municipais 2020";"15/11/2020";"M";"ES";"56057";"ALFREDO CHAVES";56057;"ALFREDO CHAVES";12;41;13;"Vereador";40333;"JAQUELINE FRANZOTTI DA SILVA";2;1236;80000666559;"NACCA-ANTIGO PETI";"RUA THOMAZ COELHO, S/N AO LADO DA BIBLIOTECA MUNICIPAL"
"16/09/2024";"17:49:23";2020;2;"Eleição Ordinária";1;426;"Eleições Municipais 2020";"15/11/2020";"M";"ES";"56057";"ALFREDO CHAVES";56057;"ALFREDO CHAVES";12;35;13;"Vereador";40456;"SERAFINO ANTONIO SIMONI";2;1171;80000666564;"EEEFM CAMILA MOTA";"R. NELSON DA COSTA MELLO, S/ N"
"16/09/2024";"17:49:23";2020;2;"Eleição Ordinária";1;426;"Eleições Municipais 2020";"15/11/2020";"M";"ES";"56057";"ALFREDO CHAVES";56057;"ALFREDO CHAVES";12;17;13;"Vereador";14123;"HUGO LUIZ PICOLI MENEGHEL";5;1090;80000683174;"EMEF FELIPE MODOLO";"R. PRINCIPAL, S/ N"
"16/09/2024";"17:49:23";2020;2;"Eleição Ordinária";1;426;"Eleições Municipais 2020";"15/11/2020";"M";"ES";"56057";"ALFREDO CHAVES";56057;"ALFREDO CHAVES";12;24;13;"Vereador";45789;"JUSCELINO SERAFIN";1;1147;80000666647;"EMEF SÃO BENTO DE URÂNIA";"R. PRINCIPAL, S/ Nº"
"16/09/2024";"17:49:23";2020;2;"Eleição Ordinária";1;426;"Eleições Municipais 2020";"15/11/2020";"M";"ES";"56057";"ALFREDO CHAVES";56057;"ALFREDO CHAVES";12;1;13;"Vereador";45789;"JUSCELINO SERAFIN";2;1015;80000666647;"EMEF ANA ARAÚJO";"R. EXPEDICIONARIO OSVALDO SAUDINO"
"16/09/2024";"17:49:23";2020;2;"Eleição Ordinária";1;426;"Eleições Municipais 2020";"15/11/2020";"M";"ES";"56057";"ALFREDO CHAVES";56057;"ALFREDO CHAVES";12;27;13;"Vereador";10111;"RENATO VETTORACI";11;1171;80000682934;"EEEFM CAMILA MOTA";"R. NELSON DA COSTA MELLO, S/ N"
"16/09/2024";"17:49:23";2020;2;"Eleição Ordinária";1;426;"Eleições Municipais 2020";"15/11/2020";"M";"ES";"56057";"ALFREDO CHAVES";56057;"ALFREDO CHAVES";12;8;13;"Vereador";45255;"RAYANE TOMAZINI BRESSANELLI";3;1023;80000666644;"GINÁSIO DE ESPORTES DE ALFREDO CHAVES";"RUA NELSON JOSÉ DA COSTA MELO, S/N"
"16/09/2024";"17:49:23";2020;2;"Eleição Ordinária";1;426;"Eleições Municipais 2020";"15/11/2020";"M";"ES";"56057";"ALFREDO CHAVES";56057;"ALFREDO CHAVES";12;18;13;"Vereador";45255;"RAYANE TOMAZINI BRESSANELLI";1;1090;80000666644;"EMEF FELIPE MODOLO";"R. PRINCIPAL, S/ N"
"16/09/2024";"17:49:23";2020;2;"Eleição Ordinária";1;426;"Eleições Municipais 2020";"15/11/2020";"M";"ES";"56057";"ALFREDO CHAVES";56057;"ALFREDO CHAVES";12;27;13;"Vereador";10000;"CAMILA CETTO GIORI";6;1171;80000682935;"EEEFM CAMILA MOTA";"R. NELSON DA COSTA MELLO, S/ N"
"16/09/2024";"17:49:23";2020;2;"Eleição Ordinária";1;426;"Eleições Municipais 2020";"15/11/2020";"M";"ES";"56057";"ALFREDO CHAVES";56057;"ALFREDO CHAVES";12;12;13;"Vereador";10111;"RENATO VETTORACI";1;1058;80000682934;"EEEF ENGANO";"R. PRINCIPAL, S/ Nº"
"16/09/2024";"17:49:23";2020;2;"Eleição Ordinária";1;426;"Eleições Municipais 2020";"15/11/2020";"M";"ES";"56057";"ALFREDO CHAVES";56057;"ALFREDO CHAVES";12;26;13;"Vereador";40666;"DANIEL ORLANDI";5;1163;80000666556;"EEUEF VILA NOVA DE MARAVILHA";"R. PRINCIPAL, S/ Nº"
"16/09/2024";"17:49:23";2020;2;"Eleição Ordinária";1;426;"Eleições Municipais 2020";"15/11/2020";"M";"ES";"56057";"ALFREDO CHAVES";56057;"ALFREDO CHAVES";12;35;13;"Vereador";11123;"CRISTIANO GRILLO";6;1171;80000848889;"EEEFM CAMILA MOTA";"R. NELSON DA COSTA MELLO, S/ N"
"16/09/2024";"17:49:23";2020;2;"Eleição Ordinária";1;426;"Eleições Municipais 2020";"15/11/2020";"M";"ES";"56057";"ALFREDO CHAVES";56057;"ALFREDO CHAVES";12;41;13;"Vereador";45678;"ADIMAR DE SOUZA MEDINA";1;1236;80000666651;"NACCA-ANTIGO PETI";"RUA THOMAZ COELHO, S/N AO LADO DA BIBLIOTECA MUNICIPAL"
"16/09/2024";"17:49:23";2020;2;"Eleição Ordinária";1;426;"Eleições Municipais 2020";"15/11/2020";"M";"ES";"56057";"ALFREDO CHAVES";56057;"ALFREDO CHAVES";12;30;13;"Vereador";11123;"CRISTIANO GRILLO";10;1171;80000848889;"EEEFM CAMILA MOTA";"R. NELSON DA COSTA MELLO, S/ N"
"16/09/2024";"17:49:23";2020;2;"Eleição Ordinária";1;426;"Eleições Municipais 2020";"15/11/2020";"M";"ES";"56057";"ALFREDO CHAVES";56057;"ALFREDO CHAVES";12;34;13;"Vereador";11123;"CRISTIANO GRILLO";5;1171;80000848889;"EEEFM CAMILA MOTA";"R. NELSON DA COSTA MELLO, S/ N"
"16/09/2024";"17:49:23";2020;2;"Eleição Ordinária";1;426;"Eleições Municipais 2020";"15/11/2020";"M";"ES";"56057";"ALFREDO CHAVES";56057;"ALFREDO CHAVES";12;31;13;"Vereador";10111;"RENATO VETTORACI";8;1171;80000682934;"EEEFM CAMILA MOTA";"R. NELSON DA COSTA MELLO, S/ N"
"16/09/2024";"17:49:23";2020;2;"Eleição Ordinária";1;426;"Eleições Municipais 2020";"15/11/2020";"M";"ES";"56057";"ALFREDO CHAVES";56057;"ALFREDO CHAVES";12;6;13;"Vereador";11123;"CRISTIANO GRILLO";2;1023;80000848889;"GINÁSIO DE ESPORTES DE ALFREDO CHAVES";"RUA NELSON JOSÉ DA COSTA MELO, S/N"
"16/09/2024";"17:49:23";2020;2;"Eleição Ordinária";1;426;"Eleições Municipais 2020";"15/11/2020";"M";"ES";"56057";"ALFREDO CHAVES";56057;"ALFREDO CHAVES";12;37;13;"Vereador";45789;"JUSCELINO SERAFIN";1;1228;80000666647;"CRECHE COMECINHO DE GENTE";"AV. DARCY DE PAULA GAIGHER, S/N"
"16/09/2024";"17:49:23";2020;2;"Eleição Ordinária";1;426;"Eleições Municipais 2020";"15/11/2020";"M";"ES";"56057";"ALFREDO CHAVES";56057;"ALFREDO CHAVES";12;7;13;"Vereador";45789;"JUSCELINO SERAFIN";3;1171;80000666647;"EEEFM CAMILA MOTA";"R. NELSON DA COSTA MELLO, S/ N"
"16/09/2024";"17:49:23";2020;2;"Eleição Ordinária";1;426;"Eleições Municipais 2020";"15/11/2020";"M";"ES";"56057";"ALFREDO CHAVES";56057;"ALFREDO CHAVES";12;31;13;"Vereador";11123;"CRISTIANO GRILLO";2;1171;80000848889;"EEEFM CAMILA MOTA";"R. NELSON DA COSTA MELLO, S/ N"
"16/09/2024";"17:49:23";2020;2;"Eleição Ordinária";1;426;"Eleições Municipais 2020";"15/11/2020";"M";"ES";"56057";"ALFREDO CHAVES";56057;"ALFREDO CHAVES";12;2;13;"Vereador";45789;"JUSCELINO SERAFIN";1;1015;80000666647;"EMEF ANA ARAÚJO";"R. EXPEDICIONARIO OSVALDO SAUDINO"
"16/09/2024";"17:49:23";2020;2;"Eleição Ordinária";1;426;"Eleições Municipais 2020";"15/11/2020";"M";"ES";"56057";"ALFREDO CHAVES";56057;"ALFREDO CHAVES";12;16;13;"Vereador";45789;"JUSCELINO SERAFIN";17;1082;80000666647;"EMUEF ALMERINDA BRUNORO";"R. PRINCIPAL, S/ N"
"16/09/2024";"17:49:23";2020;2;"Eleição Ordinária";1;426;"Eleições Municipais 2020";"15/11/2020";"M";"ES";"56057";"ALFREDO CHAVES";56057;"ALFREDO CHAVES";12;35;13;"Vereador";10111;"RENATO VETTORACI";6;1171;80000682934;"EEEFM CAMILA MOTA";"R. NELSON DA COSTA MELLO, S/ N"
"16/09/2024";"17:49:23";2020;2;"Eleição Ordinária";1;426;"Eleições Municipais 2020";"15/11/2020";"M";"ES";"56057";"ALFREDO CHAVES";56057;"ALFREDO CHAVES";12;41;13;"Vereador";40666;"DANIEL ORLANDI";3;1236;80000666556;"NACCA-ANTIGO PETI";"RUA THOMAZ COELHO, S/N AO LADO DA BIBLIOTECA MUNICIPAL"
"16/09/2024";"17:49:23";2020;2;"Eleição Ordinária";1;426;"Eleições Municipais 2020";"15/11/2020";"M";"ES";"56057";"ALFREDO CHAVES";56057;"ALFREDO CHAVES";12;22;13;"Vereador";45678;"ADIMAR DE SOUZA MEDINA";2;1139;80000666651;"EMEF SAGRADA FAMÍLIA";"R. PRINCIPAL, S/ N"
"16/09/2024";"17:49:23";2020;2;"Eleição Ordinária";1;426;"Eleições Municipais 2020";"15/11/2020";"M";"ES";"56057";"ALFREDO CHAVES";56057;"ALFREDO CHAVES";12;30;13;"Vereador";10111;"RENATO VETTORACI";10;1171;80000682934;"EEEFM CAMILA MOTA";"R. NELSON DA COSTA MELLO, S/ N"
"16/09/2024";"17:49:23";2020;2;"Eleição Ordinária";1;426;"Eleições Municipais 2020";"15/11/2020";"M";"ES";"56057";"ALFREDO CHAVES";56057;"ALFREDO CHAVES";12;34;13;"Vereador";10111;"RENATO VETTORACI";8;1171;80000682934;"EEEFM CAMILA MOTA";"R. NELSON DA COSTA MELLO, S/ N"
"16/09/2024";"17:49:23";2020;2;"Eleição Ordinária";1;426;"Eleições Municipais 2020";"15/11/2020";"M";"ES";"56057";"ALFREDO CHAVES";56057;"ALFREDO CHAVES";12;6;13;"Vereador";10111;"RENATO VETTORACI";8;1023;80000682934;"GINÁSIO DE ESPORTES DE ALFREDO CHAVES";"RUA NELSON JOSÉ DA COSTA MELO, S/N"
"16/09/2024";"17:49:23";2020;2;"Eleição Ordinária";1;426;"Eleições Municipais 2020";"15/11/2020";"M";"ES";"56057";"ALFREDO CHAVES";56057;"ALFREDO CHAVES";12;12;13;"Vereador";11123;"CRISTIANO GRILLO";8;1058;80000848889;"EEEF ENGANO";"R. PRINCIPAL, S/ Nº"
"16/09/2024";"17:49:23";2020;2;"Eleição Ordinária";1;426;"Eleições Municipais 2020";"15/11/2020";"M";"ES";"56057";"ALFREDO CHAVES";56057;"ALFREDO CHAVES";12;19;13;"Vereador";11123;"CRISTIANO GRILLO";4;1104;80000848889;"SALÃO COMUNITÁRIO DE NOVA ESTRELA";"R. PRINCIPAL, S/ Nº"
"16/09/2024";"17:49:23";2020;2;"Eleição Ordinária";1;426;"Eleições Municipais 2020";"15/11/2020";"M";"ES";"56057";"ALFREDO CHAVES";56057;"ALFREDO CHAVES";12;17;13;"Vereador";11123;"CRISTIANO GRILLO";32;1090;80000848889;"EMEF FELIPE MODOLO";"R. PRINCIPAL, S/ N"
"16/09/2024";"17:49:23";2020;2;"Eleição Ordinária";1;426;"Eleições Municipais 2020";"15/11/2020";"M";"ES";"56057";"ALFREDO CHAVES";56057;"ALFREDO CHAVES";12;8;13;"Vereador";40456;"SERAFINO ANTONIO SIMONI";1;1023;80000666564;"GINÁSIO DE ESPORTES DE ALFREDO CHAVES";"RUA NELSON JOSÉ DA COSTA MELO, S/N"
"16/09/2024";"17:49:23";2020;2;"Eleição Ordinária";1;426;"Eleições Municipais 2020";"15/11/2020";"M";"ES";"56057";"ALFREDO CHAVES";56057;"ALFREDO CHAVES";12;18;13;"Vereador";40456;"SERAFINO ANTONIO SIMONI";5;1090;80000666564;"EMEF FELIPE MODOLO";"R. PRINCIPAL, S/ N"
"16/09/2024";"17:49:23";2020;2;"Eleição Ordinária";1;426;"Eleições Municipais 2020";"15/11/2020";"M";"ES";"56057";"ALFREDO CHAVES";56057;"ALFREDO CHAVES";12;28;13;"Vereador";11123;"CRISTIANO GRILLO";4;1074;80000848889;"SALÃO DA IGREJA CATÓLICA DE IRIRITIMIRIM";"R. PRINCIPAL, S/ N"
"16/09/2024";"17:49:23";2020;2;"Eleição Ordinária";1;426;"Eleições Municipais 2020";"15/11/2020";"M";"ES";"56057";"ALFREDO CHAVES";56057;"ALFREDO CHAVES";12;3;13;"Vereador";40456;"SERAFINO ANTONIO SIMONI";3;1015;80000666564;"EMEF ANA ARAÚJO";"R. EXPEDICIONARIO OSVALDO SAUDINO"
"16/09/2024";"17:49:23";2020;2;"Eleição Ordinária";1;426;"Eleições Municipais 2020";"15/11/2020";"M";"ES";"56057";"ALFREDO CHAVES";56057;"ALFREDO CHAVES";12;2;13;"Vereador";14300;"ANDRE ALMONFREY ORLANDI";1;1015;80000683168;"EMEF ANA ARAÚJO";"R. EXPEDICIONARIO OSVALDO SAUDINO"
"16/09/2024";"17:49:23";2020;2;"Eleição Ordinária";1;426;"Eleições Municipais 2020";"15/11/2020";"M";"ES";"56057";"ALFREDO CHAVES";56057;"ALFREDO CHAVES";12;16;13;"Vereador";14300;"ANDRE ALMONFREY ORLANDI";16;1082;80000683168;"EMUEF ALMERINDA BRUNORO";"R. PRINCIPAL, S/ N"
"16/09/2024";"17:49:23";2020;2;"Eleição Ordinária";1;426;"Eleições Municipais 2020";"15/11/2020";"M";"ES";"56057";"ALFREDO CHAVES";56057;"ALFREDO CHAVES";12;40;13;"Vereador";14300;"ANDRE ALMONFREY ORLANDI";1;1236;80000683168;"NACCA-ANTIGO PETI";"RUA THOMAZ COELHO, S/N AO LADO DA BIBLIOTECA MUNICIPAL"
"16/09/2024";"17:49:23";2020;2;"Eleição Ordinária";1;426;"Eleições Municipais 2020";"15/11/2020";"M";"ES";"56057";"ALFREDO CHAVES";56057;"ALFREDO CHAVES";12;24;13;"Vereador";96;"VOTO NULO";12;1147;-1;"EMEF SÃO BENTO DE URÂNIA";"R. PRINCIPAL, S/ Nº"
"16/09/2024";"17:49:23";2020;2;"Eleição Ordinária";1;426;"Eleições Municipais 2020";"15/11/2020";"M";"ES";"56057";"ALFREDO CHAVES";56057;"ALFREDO CHAVES";12;1;13;"Vereador";96;"VOTO NULO";4;1015;-1;"EMEF ANA ARAÚJO";"R. EXPEDICIONARIO OSVALDO SAUDINO"
"16/09/2024";"17:49:23";2020;2;"Eleição Ordinária";1;426;"Eleições Municipais 2020";"15/11/2020";"M";"ES";"56057";"ALFREDO CHAVES";56057;"ALFREDO CHAVES";12;20;13;"Vereador";51333;"RENATO CARDOSO";8;1112;80000683717;"SALÃO DA IGREJA CATÓLICA DE CACHOEIRA ALTA";"R. PRINCIPAL, S/ N"
"16/09/2024";"17:49:23";2020;2;"Eleição Ordinária";1;426;"Eleições Municipais 2020";"15/11/2020";"M";"ES";"56057";"ALFREDO CHAVES";56057;"ALFREDO CHAVES";12;14;13;"Vereador";51333;"RENATO CARDOSO";1;1066;80000683717;"SALÃO DA IGREJA CATÓLICA DE SÃO BENTO DE BATATAL";"RUA PRINCIPAL, S/ N"
"16/09/2024";"17:49:23";2020;2;"Eleição Ordinária";1;426;"Eleições Municipais 2020";"15/11/2020";"M";"ES";"56057";"ALFREDO CHAVES";56057;"ALFREDO CHAVES";12;13;13;"Vereador";40456;"SERAFINO ANTONIO SIMONI";6;1058;80000666564;"EEEF ENGANO";"R. PRINCIPAL, S/ Nº"
"16/09/2024";"17:49:23";2020;2;"Eleição Ordinária";1;426;"Eleições Municipais 2020";"15/11/2020";"M";"ES";"56057";"ALFREDO CHAVES";56057;"ALFREDO CHAVES";12;27;13;"Vereador";11123;"CRISTIANO GRILLO";4;1171;80000848889;"EEEFM CAMILA MOTA";"R. NELSON DA COSTA MELLO, S/ N"
"16/09/2024";"17:49:23";2020;2;"Eleição Ordinária";1;426;"Eleições Municipais 2020";"15/11/2020";"M";"ES";"56057";"ALFREDO CHAVES";56057;"ALFREDO CHAVES";12;11;13;"Vereador";96;"VOTO NULO";8;1040;-1;"EEEF DE CRUBIXÁ";"R. PRINCIPAL, S/ Nº"
"16/09/2024";"17:49:23";2020;2;"Eleição Ordinária";1;426;"Eleições Municipais 2020";"15/11/2020";"M";"ES";"56057";"ALFREDO CHAVES";56057;"ALFREDO CHAVES";12;10;13;"Vereador";11123;"CRISTIANO GRILLO";15;1040;80000848889;"EEEF DE CRUBIXÁ";"R. PRINCIPAL, S/ Nº"
"16/09/2024";"17:49:23";2020;2;"Eleição Ordinária";1;426;"Eleições Municipais 2020";"15/11/2020";"M";"ES";"56057";"ALFREDO CHAVES";56057;"ALFREDO CHAVES";12;20;13;"Vereador";96;"VOTO NULO";7;1112;-1;"SALÃO DA IGREJA CATÓLICA DE CACHOEIRA ALTA";"R. PRINCIPAL, S/ N"
"16/09/2024";"17:49:23";2020;2;"Eleição Ordinária";1;426;"Eleições Municipais 2020";"15/11/2020";"M";"ES";"56057";"ALFREDO CHAVES";56057;"ALFREDO CHAVES";12;8;13;"Vereador";10111;"RENATO VETTORACI";6;1023;80000682934;"GINÁSIO DE ESPORTES DE ALFREDO CHAVES";"RUA NELSON JOSÉ DA COSTA MELO, S/N"
"16/09/2024";"17:49:23";2020;2;"Eleição Ordinária";1;426;"Eleições Municipais 2020";"15/11/2020";"M";"ES";"56057";"ALFREDO CHAVES";56057;"ALFREDO CHAVES";12;4;13;"Vereador";10111;"RENATO VETTORACI";5;1015;80000682934;"EMEF ANA ARAÚJO";"R. EXPEDICIONARIO OSVALDO SAUDINO"
"16/09/2024";"17:49:23";2020;2;"Eleição Ordinária";1;426;"Eleições Municipais 2020";"15/11/2020";"M";"ES";"56057";"ALFREDO CHAVES";56057;"ALFREDO CHAVES";12;8;13;"Vereador";10000;"CAMILA CETTO GIORI";3;1023;80000682935;"GINÁSIO DE ESPORTES DE ALFREDO CHAVES";"RUA NELSON JOSÉ DA COSTA MELO, S/N"
"16/09/2024";"17:49:23";2020;2;"Eleição Ordinária";1;426;"Eleições Municipais 2020";"15/11/2020";"M";"ES";"56057";"ALFREDO CHAVES";56057;"ALFREDO CHAVES";12;3;13;"Vereador";10111;"RENATO VETTORACI";2;1015;80000682934;"EMEF ANA ARAÚJO";"R. EXPEDICIONARIO OSVALDO SAUDINO"
"16/09/2024";"17:49:23";2020;2;"Eleição Ordinária";1;426;"Eleições Municipais 2020";"15/11/2020";"M";"ES";"56057";"ALFREDO CHAVES";56057;"ALFREDO CHAVES";12;18;13;"Vereador";10000;"CAMILA CETTO GIORI";1;1090;80000682935;"EMEF FELIPE MODOLO";"R. PRINCIPAL, S/ N"
"16/09/2024";"17:49:23";2020;2;"Eleição Ordinária";1;426;"Eleições Municipais 2020";"15/11/2020";"M";"ES";"56057";"ALFREDO CHAVES";56057;"ALFREDO CHAVES";12;3;13;"Vereador";10000;"CAMILA CETTO GIORI";2;1015;80000682935;"EMEF ANA ARAÚJO";"R. EXPEDICIONARIO OSVALDO SAUDINO"
"16/09/2024";"17:49:23";2020;2;"Eleição Ordinária";1;426;"Eleições Municipais 2020";"15/11/2020";"M";"ES";"56057";"ALFREDO CHAVES";56057;"ALFREDO CHAVES";12;35;13;"Vereador";14123;"HUGO LUIZ PICOLI MENEGHEL";13;1171;80000683174;"EEEFM CAMILA MOTA";"R. NELSON DA COSTA MELLO, S/ N"
"16/09/2024";"17:49:23";2020;2;"Eleição Ordinária";1;426;"Eleições Municipais 2020";"15/11/2020";"M";"ES";"56057";"ALFREDO CHAVES";56057;"ALFREDO CHAVES";12;30;13;"Vereador";14123;"HUGO LUIZ PICOLI MENEGHEL";10;1171;80000683174;"EEEFM CAMILA MOTA";"R. NELSON DA COSTA MELLO, S/ N"
"16/09/2024";"17:49:23";2020;2;"Eleição Ordinária";1;426;"Eleições Municipais 2020";"15/11/2020";"M";"ES";"56057";"ALFREDO CHAVES";56057;"ALFREDO CHAVES";12;34;13;"Vereador";14123;"HUGO LUIZ PICOLI MENEGHEL";12;1171;80000683174;"EEEFM CAMILA MOTA";"R. NELSON DA COSTA MELLO, S/ N"
"16/09/2024";"17:49:23";2020;2;"Eleição Ordinária";1;426;"Eleições Municipais 2020";"15/11/2020";"M";"ES";"56057";"ALFREDO CHAVES";56057;"ALFREDO CHAVES";12;6;13;"Vereador";14123;"HUGO LUIZ PICOLI MENEGHEL";7;1023;80000683174;"GINÁSIO DE ESPORTES DE ALFREDO CHAVES";"RUA NELSON JOSÉ DA COSTA MELO, S/N"
"16/09/2024";"17:49:23";2020;2;"Eleição Ordinária";1;426;"Eleições Municipais 2020";"15/11/2020";"M";"ES";"56057";"ALFREDO CHAVES";56057;"ALFREDO CHAVES";12;29;13;"Vereador";40456;"SERAFINO ANTONIO SIMONI";160;1147;80000666564;"EMEF SÃO BENTO DE URÂNIA";"R. PRINCIPAL, S/ Nº"
"16/09/2024";"17:49:23";2020;2;"Eleição Ordinária";1;426;"Eleições Municipais 2020";"15/11/2020";"M";"ES";"56057";"ALFREDO CHAVES";56057;"ALFREDO CHAVES";12;13;13;"Vereador";14123;"HUGO LUIZ PICOLI MENEGHEL";27;1058;80000683174;"EEEF ENGANO";"R. PRINCIPAL, S/ Nº"
"16/09/2024";"17:49:23";2020;2;"Eleição Ordinária";1;426;"Eleições Municipais 2020";"15/11/2020";"M";"ES";"56057";"ALFREDO CHAVES";56057;"ALFREDO CHAVES";12;4;13;"Vereador";14123;"HUGO LUIZ PICOLI MENEGHEL";5;1015;80000683174;"EMEF ANA ARAÚJO";"R. EXPEDICIONARIO OSVALDO SAUDINO"
"16/09/2024";"17:49:23";2020;2;"Eleição Ordinária";1;426;"Eleições Municipais 2020";"15/11/2020";"M";"ES";"56057";"ALFREDO CHAVES";56057;"ALFREDO CHAVES";12;14;13;"Vereador";40333;"JAQUELINE FRANZOTTI DA SILVA";1;1066;80000666559;"SALÃO DA IGREJA CATÓLICA DE SÃO BENTO DE BATATAL";"RUA PRINCIPAL, S/ N"
"16/09/2024";"17:49:23";2020;2;"Eleição Ordinária";1;426;"Eleições Municipais 2020";"15/11/2020";"M";"ES";"56057";"ALFREDO CHAVES";56057;"ALFREDO CHAVES";12;85;13;"Vereador";11999;"OSVALDO SGULMARO";15;1244;80000848888;"CRECHE PEQUERRUCHOS";"RUA ANTÔNIO CLAUDIO GAIGHER, 19"
"16/09/2024";"17:49:23";2020;2;"Eleição Ordinária";1;426;"Eleições Municipais 2020";"15/11/2020";"M";"ES";"56057";"ALFREDO CHAVES";56057;"ALFREDO CHAVES";12;23;13;"Vereador";11999;"OSVALDO SGULMARO";10;1139;80000848888;"EMEF SAGRADA FAMÍLIA";"R. PRINCIPAL, S/ N"
"16/09/2024";"17:49:23";2020;2;"Eleição Ordinária";1;426;"Eleições Municipais 2020";"15/11/2020";"M";"ES";"56057";"ALFREDO CHAVES";56057;"ALFREDO CHAVES";12;31;13;"Vereador";45255;"RAYANE TOMAZINI BRESSANELLI";3;1171;80000666644;"EEEFM CAMILA MOTA";"R. NELSON DA COSTA MELLO, S/ N"
"16/09/2024";"17:49:23";2020;2;"Eleição Ordinária";1;426;"Eleições Municipais 2020";"15/11/2020";"M";"ES";"56057";"ALFREDO CHAVES";56057;"ALFREDO CHAVES";12;22;13;"Vereador";11999;"OSVALDO SGULMARO";6;1139;80000848888;"EMEF SAGRADA FAMÍLIA";"R. PRINCIPAL, S/ N"
"16/09/2024";"17:49:23";2020;2;"Eleição Ordinária";1;426;"Eleições Municipais 2020";"15/11/2020";"M";"ES";"56057";"ALFREDO CHAVES";56057;"ALFREDO CHAVES";12;37;13;"Vereador";40333;"JAQUELINE FRANZOTTI DA SILVA";2;1228;80000666559;"CRECHE COMECINHO DE GENTE";"AV. DARCY DE PAULA GAIGHER, S/N"
"16/09/2024";"17:49:23";2020;2;"Eleição Ordinária";1;426;"Eleições Municipais 2020";"15/11/2020";"M";"ES";"56057";"ALFREDO CHAVES";56057;"ALFREDO CHAVES";12;41;13;"Vereador";11999;"OSVALDO SGULMARO";8;1236;80000848888;"NACCA-ANTIGO PETI";"RUA THOMAZ COELHO, S/N AO LADO DA BIBLIOTECA MUNICIPAL"
"16/09/2024";"17:49:23";2020;2;"Eleição Ordinária";1;426;"Eleições Municipais 2020";"15/11/2020";"M";"ES";"56057";"ALFREDO CHAVES";56057;"ALFREDO CHAVES";12;21;13;"Vereador";40456;"SERAFINO ANTONIO SIMONI";3;1120;80000666564;"EMUEF QUARTO TERRITÓRIO";"R. PRINCIPAL , S/ N"
"16/09/2024";"17:49:23";2020;2;"Eleição Ordinária";1;426;"Eleições Municipais 2020";"15/11/2020";"M";"ES";"56057";"ALFREDO CHAVES";56057;"ALFREDO CHAVES";12;17;13;"Vereador";10111;"RENATO VETTORACI";2;1090;80000682934;"EMEF FELIPE MODOLO";"R. PRINCIPAL, S/ N"
"16/09/2024";"17:49:23";2020;2;"Eleição Ordinária";1;426;"Eleições Municipais 2020";"15/11/2020";"M";"ES";"56057";"ALFREDO CHAVES";56057;"ALFREDO CHAVES";12;12;13;"Vereador";10000;"CAMILA CETTO GIORI";1;1058;80000682935;"EEEF ENGANO";"R. PRINCIPAL, S/ Nº"
"16/09/2024";"17:49:23";2020;2;"Eleição Ordinária";1;426;"Eleições Municipais 2020";"15/11/2020";"M";"ES";"56057";"ALFREDO CHAVES";56057;"ALFREDO CHAVES";12;28;13;"Vereador";14123;"HUGO LUIZ PICOLI MENEGHEL";3;1074;80000683174;"SALÃO DA IGREJA CATÓLICA DE IRIRITIMIRIM";"R. PRINCIPAL, S/ N"
"16/09/2024";"17:49:23";2020;2;"Eleição Ordinária";1;426;"Eleições Municipais 2020";"15/11/2020";"M";"ES";"56057";"ALFREDO CHAVES";56057;"ALFREDO CHAVES";12;14;13;"Vereador";40666;"DANIEL ORLANDI";1;1066;80000666556;"SALÃO DA IGREJA CATÓLICA DE SÃO BENTO DE BATATAL";"RUA PRINCIPAL, S/ N"
"16/09/2024";"17:49:23";2020;2;"Eleição Ordinária";1;426;"Eleições Municipais 2020";"15/11/2020";"M";"ES";"56057";"ALFREDO CHAVES";56057;"ALFREDO CHAVES";12;17;13;"Vereador";40456;"SERAFINO ANTONIO SIMONI";8;1090;80000666564;"EMEF FELIPE MODOLO";"R. PRINCIPAL, S/ N"
"16/09/2024";"17:49:23";2020;2;"Eleição Ordinária";1;426;"Eleições Municipais 2020";"15/11/2020";"M";"ES";"56057";"ALFREDO CHAVES";56057;"ALFREDO CHAVES";12;21;13;"Vereador";14300;"ANDRE ALMONFREY ORLANDI";2;1120;80000683168;"EMUEF QUARTO TERRITÓRIO";"R. PRINCIPAL , S/ N"
"16/09/2024";"17:49:23";2020;2;"Eleição Ordinária";1;426;"Eleições Municipais 2020";"15/11/2020";"M";"ES";"56057";"ALFREDO CHAVES";56057;"ALFREDO CHAVES";12;22;13;"Vereador";40666;"DANIEL ORLANDI";8;1139;80000666556;"EMEF SAGRADA FAMÍLIA";"R. PRINCIPAL, S/ N"
"16/09/2024";"17:49:23";2020;2;"Eleição Ordinária";1;426;"Eleições Municipais 2020";"15/11/2020";"M";"ES";"56057";"ALFREDO CHAVES";56057;"ALFREDO CHAVES";12;30;13;"Vereador";40456;"SERAFINO ANTONIO SIMONI";1;1171;80000666564;"EEEFM CAMILA MOTA";"R. NELSON DA COSTA MELLO, S/ N"
"16/09/2024";"17:49:23";2020;2;"Eleição Ordinária";1;426;"Eleições Municipais 2020";"15/11/2020";"M";"ES";"56057";"ALFREDO CHAVES";56057;"ALFREDO CHAVES";12;34;13;"Vereador";40456;"SERAFINO ANTONIO SIMONI";2;1171;80000666564;"EEEFM CAMILA MOTA";"R. NELSON DA COSTA MELLO, S/ N"
"16/09/2024";"17:49:23";2020;2;"Eleição Ordinária";1;426;"Eleições Municipais 2020";"15/11/2020";"M";"ES";"56057";"ALFREDO CHAVES";56057;"ALFREDO CHAVES";12;19;13;"Vereador";40666;"DANIEL ORLANDI";12;1104;80000666556;"SALÃO COMUNITÁRIO DE NOVA ESTRELA";"R. PRINCIPAL, S/ Nº"
"16/09/2024";"17:49:23";2020;2;"Eleição Ordinária";1;426;"Eleições Municipais 2020";"15/11/2020";"M";"ES";"56057";"ALFREDO CHAVES";56057;"ALFREDO CHAVES";12;19;13;"Vereador";14300;"ANDRE ALMONFREY ORLANDI";1;1104;80000683168;"SALÃO COMUNITÁRIO DE NOVA ESTRELA";"R. PRINCIPAL, S/ Nº"
"16/09/2024";"17:49:23";2020;2;"Eleição Ordinária";1;426;"Eleições Municipais 2020";"15/11/2020";"M";"ES";"56057";"ALFREDO CHAVES";56057;"ALFREDO CHAVES";12;28;13;"Vereador";40666;"DANIEL ORLANDI";2;1074;80000666556;"SALÃO DA IGREJA CATÓLICA DE IRIRITIMIRIM";"R. PRINCIPAL, S/ N"
"16/09/2024";"17:49:23";2020;2;"Eleição Ordinária";1;426;"Eleições Municipais 2020";"15/11/2020";"M";"ES";"56057";"ALFREDO CHAVES";56057;"ALFREDO CHAVES";12;17;13;"Vereador";40666;"DANIEL ORLANDI";3;1090;80000666556;"EMEF FELIPE MODOLO";"R. PRINCIPAL, S/ N"
"16/09/2024";"17:49:23";2020;2;"Eleição Ordinária";1;426;"Eleições Municipais 2020";"15/11/2020";"M";"ES";"56057";"ALFREDO CHAVES";56057;"ALFREDO CHAVES";12;3;13;"Vereador";11123;"CRISTIANO GRILLO";4;1015;80000848889;"EMEF ANA ARAÚJO";"R. EXPEDICIONARIO OSVALDO SAUDINO"
"16/09/2024";"17:49:23";2020;2;"Eleição Ordinária";1;426;"Eleições Municipais 2020";"15/11/2020";"M";"ES";"56057";"ALFREDO CHAVES";56057;"ALFREDO CHAVES";12;10;13;"Vereador";40456;"SERAFINO ANTONIO SIMONI";4;1040;80000666564;"EEEF DE CRUBIXÁ";"R. PRINCIPAL, S/ Nº"
"16/09/2024";"17:49:23";2020;2;"Eleição Ordinária";1;426;"Eleições Municipais 2020";"15/11/2020";"M";"ES";"56057";"ALFREDO CHAVES";56057;"ALFREDO CHAVES";12;35;13;"Vereador";10000;"CAMILA CETTO GIORI";2;1171;80000682935;"EEEFM CAMILA MOTA";"R. NELSON DA COSTA MELLO, S/ N"
"16/09/2024";"17:49:23";2020;2;"Eleição Ordinária";1;426;"Eleições Municipais 2020";"15/11/2020";"M";"ES";"56057";"ALFREDO CHAVES";56057;"ALFREDO CHAVES";12;19;13;"Vereador";10111;"RENATO VETTORACI";5;1104;80000682934;"SALÃO COMUNITÁRIO DE NOVA ESTRELA";"R. PRINCIPAL, S/ Nº"
"16/09/2024";"17:49:23";2020;2;"Eleição Ordinária";1;426;"Eleições Municipais 2020";"15/11/2020";"M";"ES";"56057";"ALFREDO CHAVES";56057;"ALFREDO CHAVES";12;9;13;"Vereador";45678;"ADIMAR DE SOUZA MEDINA";1;1031;80000666651;"EMEF FAZENDA APARECIDA";"R. PRINCIPAL, S/ Nº"
"16/09/2024";"17:49:23";2020;2;"Eleição Ordinária";1;426;"Eleições Municipais 2020";"15/11/2020";"M";"ES";"56057";"ALFREDO CHAVES";56057;"ALFREDO CHAVES";12;31;13;"Vereador";10000;"CAMILA CETTO GIORI";4;1171;80000682935;"EEEFM CAMILA MOTA";"R. NELSON DA COSTA MELLO, S/ N"
"16/09/2024";"17:49:23";2020;2;"Eleição Ordinária";1;426;"Eleições Municipais 2020";"15/11/2020";"M";"ES";"56057";"ALFREDO CHAVES";56057;"ALFREDO CHAVES";12;85;13;"Vereador";40666;"DANIEL ORLANDI";10;1244;80000666556;"CRECHE PEQUERRUCHOS";"RUA ANTÔNIO CLAUDIO GAIGHER, 19"
"16/09/2024";"17:49:23";2020;2;"Eleição Ordinária";1;426;"Eleições Municipais 2020";"15/11/2020";"M";"ES";"56057";"ALFREDO CHAVES";56057;"ALFREDO CHAVES";12;23;13;"Vereador";40666;"DANIEL ORLANDI";14;1139;80000666556;"EMEF SAGRADA FAMÍLIA";"R. PRINCIPAL, S/ N"
"16/09/2024";"17:49:23";2020;2;"Eleição Ordinária";1;426;"Eleições Municipais 2020";"15/11/2020";"M";"ES";"56057";"ALFREDO CHAVES";56057;"ALFREDO CHAVES";12;3;13;"Vereador";45255;"RAYANE TOMAZINI BRESSANELLI";5;1015;80000666644;"EMEF ANA ARAÚJO";"R. EXPEDICIONARIO OSVALDO SAUDINO"
"16/09/2024";"17:49:23";2020;2;"Eleição Ordinária";1;426;"Eleições Municipais 2020";"15/11/2020";"M";"ES";"56057";"ALFREDO CHAVES";56057;"ALFREDO CHAVES";12;8;13;"Vereador";11123;"CRISTIANO GRILLO";1;1023;80000848889;"GINÁSIO DE ESPORTES DE ALFREDO CHAVES";"RUA NELSON JOSÉ DA COSTA MELO, S/N"
"16/09/2024";"17:49:23";2020;2;"Eleição Ordinária";1;426;"Eleições Municipais 2020";"15/11/2020";"M";"ES";"56057";"ALFREDO CHAVES";56057;"ALFREDO CHAVES";12;18;13;"Vereador";11123;"CRISTIANO GRILLO";33;1090;80000848889;"EMEF FELIPE MODOLO";"R. PRINCIPAL, S/ N"
"16/09/2024";"17:49:23";2020;2;"Eleição Ordinária";1;426;"Eleições Municipais 2020";"15/11/2020";"M";"ES";"56057";"ALFREDO CHAVES";56057;"ALFREDO CHAVES";12;27;13;"Vereador";40456;"SERAFINO ANTONIO SIMONI";2;1171;80000666564;"EEEFM CAMILA MOTA";"R. NELSON DA COSTA MELLO, S/ N"
"16/09/2024";"17:49:23";2020;2;"Eleição Ordinária";1;426;"Eleições Municipais 2020";"15/11/2020";"M";"ES";"56057";"ALFREDO CHAVES";56057;"ALFREDO CHAVES";12;20;13;"Vereador";45789;"JUSCELINO SERAFIN";1;1112;80000666647;"SALÃO DA IGREJA CATÓLICA DE CACHOEIRA ALTA";"R. PRINCIPAL, S/ N"
"16/09/2024";"17:49:23";2020;2;"Eleição Ordinária";1;426;"Eleições Municipais 2020";"15/11/2020";"M";"ES";"56057";"ALFREDO CHAVES";56057;"ALFREDO CHAVES";12;21;13;"Vereador";96;"VOTO NULO";9;1120;-1;"EMUEF QUARTO TERRITÓRIO";"R. PRINCIPAL , S/ N"
"16/09/2024";"17:49:23";2020;2;"Eleição Ordinária";1;426;"Eleições Municipais 2020";"15/11/2020";"M";"ES";"56057";"ALFREDO CHAVES";56057;"ALFREDO CHAVES";12;4;13;"Vereador";40456;"SERAFINO ANTONIO SIMONI";1;1015;80000666564;"EMEF ANA ARAÚJO";"R. EXPEDICIONARIO OSVALDO SAUDINO"
"16/09/2024";"17:49:23";2020;2;"Eleição Ordinária";1;426;"Eleições Municipais 2020";"15/11/2020";"M";"ES";"56057";"ALFREDO CHAVES";56057;"ALFREDO CHAVES";12;27;13;"Vereador";45255;"RAYANE TOMAZINI BRESSANELLI";3;1171;80000666644;"EEEFM CAMILA MOTA";"R. NELSON DA COSTA MELLO, S/ N"
"16/09/2024";"17:49:23";2020;2;"Eleição Ordinária";1;426;"Eleições Municipais 2020";"15/11/2020";"M";"ES";"56057";"ALFREDO CHAVES";56057;"ALFREDO CHAVES";12;28;13;"Vereador";96;"VOTO NULO";4;1074;-1;"SALÃO DA IGREJA CATÓLICA DE IRIRITIMIRIM";"R. PRINCIPAL, S/ N"
"16/09/2024";"17:49:23";2020;2;"Eleição Ordinária";1;426;"Eleições Municipais 2020";"15/11/2020";"M";"ES";"56057";"ALFREDO CHAVES";56057;"ALFREDO CHAVES";12;29;13;"Vereador";96;"VOTO NULO";20;1147;-1;"EMEF SÃO BENTO DE URÂNIA";"R. PRINCIPAL, S/ Nº"
"16/09/2024";"17:49:23";2020;2;"Eleição Ordinária";1;426;"Eleições Municipais 2020";"15/11/2020";"M";"ES";"56057";"ALFREDO CHAVES";56057;"ALFREDO CHAVES";12;14;13;"Vereador";45789;"JUSCELINO SERAFIN";2;1066;80000666647;"SALÃO DA IGREJA CATÓLICA DE SÃO BENTO DE BATATAL";"RUA PRINCIPAL, S/ N"
"16/09/2024";"17:49:23";2020;2;"Eleição Ordinária";1;426;"Eleições Municipais 2020";"15/11/2020";"M";"ES";"56057";"ALFREDO CHAVES";56057;"ALFREDO CHAVES";12;21;13;"Vereador";11123;"CRISTIANO GRILLO";1;1120;80000848889;"EMUEF QUARTO TERRITÓRIO";"R. PRINCIPAL , S/ N"
"16/09/2024";"17:49:23";2020;2;"Eleição Ordinária";1;426;"Eleições Municipais 2020";"15/11/2020";"M";"ES";"56057";"ALFREDO CHAVES";56057;"ALFREDO CHAVES";12;30;13;"Vereador";10000;"CAMILA CETTO GIORI";3;1171;80000682935;"EEEFM CAMILA MOTA";"R. NELSON DA COSTA MELLO, S/ N"
"16/09/2024";"17:49:23";2020;2;"Eleição Ordinária";1;426;"Eleições Municipais 2020";"15/11/2020";"M";"ES";"56057";"ALFREDO CHAVES";56057;"ALFREDO CHAVES";12;34;13;"Vereador";10000;"CAMILA CETTO GIORI";7;1171;80000682935;"EEEFM CAMILA MOTA";"R. NELSON DA COSTA MELLO, S/ N"
"16/09/2024";"17:49:23";2020;2;"Eleição Ordinária";1;426;"Eleições Municipais 2020";"15/11/2020";"M";"ES";"56057";"ALFREDO CHAVES";56057;"ALFREDO CHAVES";12;6;13;"Vereador";10000;"CAMILA CETTO GIORI";4;1023;80000682935;"GINÁSIO DE ESPORTES DE ALFREDO CHAVES";"RUA NELSON JOSÉ DA COSTA MELO, S/N"
"16/09/2024";"17:49:23";2020;2;"Eleição Ordinária";1;426;"Eleições Municipais 2020";"15/11/2020";"M";"ES";"56057";"ALFREDO CHAVES";56057;"ALFREDO CHAVES";12;28;13;"Vereador";14300;"ANDRE ALMONFREY ORLANDI";3;1074;80000683168;"SALÃO DA IGREJA CATÓLICA DE IRIRITIMIRIM";"R. PRINCIPAL, S/ N"
"16/09/2024";"17:49:23";2020;2;"Eleição Ordinária";1;426;"Eleições Municipais 2020";"15/11/2020";"M";"ES";"56057";"ALFREDO CHAVES";56057;"ALFREDO CHAVES";12;28;13;"Vereador";10111;"RENATO VETTORACI";1;1074;80000682934;"SALÃO DA IGREJA CATÓLICA DE IRIRITIMIRIM";"R. PRINCIPAL, S/ N"
"16/09/2024";"17:49:23";2020;2;"Eleição Ordinária";1;426;"Eleições Municipais 2020";"15/11/2020";"M";"ES";"56057";"ALFREDO CHAVES";56057;"ALFREDO CHAVES";12;17;13;"Vereador";14300;"ANDRE ALMONFREY ORLANDI";1;1090;80000683168;"EMEF FELIPE MODOLO";"R. PRINCIPAL, S/ N"
"16/09/2024";"17:49:23";2020;2;"Eleição Ordinária";1;426;"Eleições Municipais 2020";"15/11/2020";"M";"ES";"56057";"ALFREDO CHAVES";56057;"ALFREDO CHAVES";12;13;13;"Vereador";10000;"CAMILA CETTO GIORI";1;1058;80000682935;"EEEF ENGANO";"R. PRINCIPAL, S/ Nº"
"16/09/2024";"17:49:23";2020;2;"Eleição Ordinária";1;426;"Eleições Municipais 2020";"15/11/2020";"M";"ES";"56057";"ALFREDO CHAVES";56057;"ALFREDO CHAVES";12;4;13;"Vereador";10000;"CAMILA CETTO GIORI";3;1015;80000682935;"EMEF ANA ARAÚJO";"R. EXPEDICIONARIO OSVALDO SAUDINO"
"16/09/2024";"17:49:23";2020;2;"Eleição Ordinária";1;426;"Eleições Municipais 2020";"15/11/2020";"M";"ES";"56057";"ALFREDO CHAVES";56057;"ALFREDO CHAVES";12;17;13;"Vereador";45789;"JUSCELINO SERAFIN";4;1090;80000666647;"EMEF FELIPE MODOLO";"R. PRINCIPAL, S/ N"
"16/09/2024";"17:49:23";2020;2;"Eleição Ordinária";1;426;"Eleições Municipais 2020";"15/11/2020";"M";"ES";"56057";"ALFREDO CHAVES";56057;"ALFREDO CHAVES";12;28;13;"Vereador";45789;"JUSCELINO SERAFIN";39;1074;80000666647;"SALÃO DA IGREJA CATÓLICA DE IRIRITIMIRIM";"R. PRINCIPAL, S/ N"
"16/09/2024";"17:49:23";2020;2;"Eleição Ordinária";1;426;"Eleições Municipais 2020";"15/11/2020";"M";"ES";"56057";"ALFREDO CHAVES";56057;"ALFREDO CHAVES";12;35;13;"Vereador";45789;"JUSCELINO SERAFIN";1;1171;80000666647;"EEEFM CAMILA MOTA";"R. NELSON DA COSTA MELLO, S/ N"
"16/09/2024";"17:49:23";2020;2;"Eleição Ordinária";1;426;"Eleições Municipais 2020";"15/11/2020";"M";"ES";"56057";"ALFREDO CHAVES";56057;"ALFREDO CHAVES";12;30;13;"Vereador";45789;"JUSCELINO SERAFIN";2;1171;80000666647;"EEEFM CAMILA MOTA";"R. NELSON DA COSTA MELLO, S/ N"
"16/09/2024";"17:49:23";2020;2;"Eleição Ordinária";1;426;"Eleições Municipais 2020";"15/11/2020";"M";"ES";"56057";"ALFREDO CHAVES";56057;"ALFREDO CHAVES";12;34;13;"Vereador";45789;"JUSCELINO SERAFIN";1;1171;80000666647;"EEEFM CAMILA MOTA";"R. NELSON DA COSTA MELLO, S/ N"
"16/09/2024";"17:49:23";2020;2;"Eleição Ordinária";1;426;"Eleições Municipais 2020";"15/11/2020";"M";"ES";"56057";"ALFREDO CHAVES";56057;"ALFREDO CHAVES";12;20;13;"Vereador";14300;"ANDRE ALMONFREY ORLANDI";4;1112;80000683168;"SALÃO DA IGREJA CATÓLICA DE CACHOEIRA ALTA";"R. PRINCIPAL, S/ N"
"16/09/2024";"17:49:23";2020;2;"Eleição Ordinária";1;426;"Eleições Municipais 2020";"15/11/2020";"M";"ES";"56057";"ALFREDO CHAVES";56057;"ALFREDO CHAVES";12;13;13;"Vereador";45789;"JUSCELINO SERAFIN";1;1058;80000666647;"EEEF ENGANO";"R. PRINCIPAL, S/ Nº"
"16/09/2024";"17:49:23";2020;2;"Eleição Ordinária";1;426;"Eleições Municipais 2020";"15/11/2020";"M";"ES";"56057";"ALFREDO CHAVES";56057;"ALFREDO CHAVES";12;17;13;"Vereador";45678;"ADIMAR DE SOUZA MEDINA";5;1090;80000666651;"EMEF FELIPE MODOLO";"R. PRINCIPAL, S/ N"
"16/09/2024";"17:49:23";2020;2;"Eleição Ordinária";1;426;"Eleições Municipais 2020";"15/11/2020";"M";"ES";"56057";"ALFREDO CHAVES";56057;"ALFREDO CHAVES";12;20;13;"Vereador";11999;"OSVALDO SGULMARO";9;1112;80000848888;"SALÃO DA IGREJA CATÓLICA DE CACHOEIRA ALTA";"R. PRINCIPAL, S/ N"
"16/09/2024";"17:49:23";2020;2;"Eleição Ordinária";1;426;"Eleições Municipais 2020";"15/11/2020";"M";"ES";"56057";"ALFREDO CHAVES";56057;"ALFREDO CHAVES";12;19;13;"Vereador";96;"VOTO NULO";2;1104;-1;"SALÃO COMUNITÁRIO DE NOVA ESTRELA";"R. PRINCIPAL, S/ Nº"
"16/09/2024";"17:49:23";2020;2;"Eleição Ordinária";1;426;"Eleições Municipais 2020";"15/11/2020";"M";"ES";"56057";"ALFREDO CHAVES";56057;"ALFREDO CHAVES";12;14;13;"Vereador";96;"VOTO NULO";4;1066;-1;"SALÃO DA IGREJA CATÓLICA DE SÃO BENTO DE BATATAL";"RUA PRINCIPAL, S/ N"
"16/09/2024";"17:49:23";2020;2;"Eleição Ordinária";1;426;"Eleições Municipais 2020";"15/11/2020";"M";"ES";"56057";"ALFREDO CHAVES";56057;"ALFREDO CHAVES";12;30;13;"Vereador";14300;"ANDRE ALMONFREY ORLANDI";3;1171;80000683168;"EEEFM CAMILA MOTA";"R. NELSON DA COSTA MELLO, S/ N"
"16/09/2024";"17:49:23";2020;2;"Eleição Ordinária";1;426;"Eleições Municipais 2020";"15/11/2020";"M";"ES";"56057";"ALFREDO CHAVES";56057;"ALFREDO CHAVES";12;34;13;"Vereador";14300;"ANDRE ALMONFREY ORLANDI";1;1171;80000683168;"EEEFM CAMILA MOTA";"R. NELSON DA COSTA MELLO, S/ N"
"16/09/2024";"17:49:23";2020;2;"Eleição Ordinária";1;426;"Eleições Municipais 2020";"15/11/2020";"M";"ES";"56057";"ALFREDO CHAVES";56057;"ALFREDO CHAVES";12;6;13;"Vereador";14300;"ANDRE ALMONFREY ORLANDI";3;1023;80000683168;"GINÁSIO DE ESPORTES DE ALFREDO CHAVES";"RUA NELSON JOSÉ DA COSTA MELO, S/N"
"16/09/2024";"17:49:23";2020;2;"Eleição Ordinária";1;426;"Eleições Municipais 2020";"15/11/2020";"M";"ES";"56057";"ALFREDO CHAVES";56057;"ALFREDO CHAVES";12;9;13;"Vereador";11999;"OSVALDO SGULMARO";7;1031;80000848888;"EMEF FAZENDA APARECIDA";"R. PRINCIPAL, S/ Nº"
"16/09/2024";"17:49:23";2020;2;"Eleição Ordinária";1;426;"Eleições Municipais 2020";"15/11/2020";"M";"ES";"56057";"ALFREDO CHAVES";56057;"ALFREDO CHAVES";12;17;13;"Vereador";96;"VOTO NULO";8;1090;-1;"EMEF FELIPE MODOLO";"R. PRINCIPAL, S/ N"
"16/09/2024";"17:49:23";2020;2;"Eleição Ordinária";1;426;"Eleições Municipais 2020";"15/11/2020";"M";"ES";"56057";"ALFREDO CHAVES";56057;"ALFREDO CHAVES";12;14;13;"Vereador";11999;"OSVALDO SGULMARO";43;1066;80000848888;"SALÃO DA IGREJA CATÓLICA DE SÃO BENTO DE BATATAL";"RUA PRINCIPAL, S/ N"
"16/09/2024";"17:49:23";2020;2;"Eleição Ordinária";1;426;"Eleições Municipais 2020";"15/11/2020";"M";"ES";"56057";"ALFREDO CHAVES";56057;"ALFREDO CHAVES";12;13;13;"Vereador";14300;"ANDRE ALMONFREY ORLANDI";11;1058;80000683168;"EEEF ENGANO";"R. PRINCIPAL, S/ Nº"
"16/09/2024";"17:49:23";2020;2;"Eleição Ordinária";1;426;"Eleições Municipais 2020";"15/11/2020";"M";"ES";"56057";"ALFREDO CHAVES";56057;"ALFREDO CHAVES";12;4;13;"Vereador";14300;"ANDRE ALMONFREY ORLANDI";3;1015;80000683168;"EMEF ANA ARAÚJO";"R. EXPEDICIONARIO OSVALDO SAUDINO"
"16/09/2024";"17:49:23";2020;2;"Eleição Ordinária";1;426;"Eleições Municipais 2020";"15/11/2020";"M";"ES";"56057";"ALFREDO CHAVES";56057;"ALFREDO CHAVES";12;13;13;"Vereador";96;"VOTO NULO";11;1058;-1;"EEEF ENGANO";"R. PRINCIPAL, S/ Nº"
"16/09/2024";"17:49:23";2020;2;"Eleição Ordinária";1;426;"Eleições Municipais 2020";"15/11/2020";"M";"ES";"56057";"ALFREDO CHAVES";56057;"ALFREDO CHAVES";12;4;13;"Vereador";96;"VOTO NULO";15;1015;-1;"EMEF ANA ARAÚJO";"R. EXPEDICIONARIO OSVALDO SAUDINO"
"16/09/2024";"17:49:23";2020;2;"Eleição Ordinária";1;426;"Eleições Municipais 2020";"15/11/2020";"M";"ES";"56057";"ALFREDO CHAVES";56057;"ALFREDO CHAVES";12;28;13;"Vereador";11999;"OSVALDO SGULMARO";5;1074;80000848888;"SALÃO DA IGREJA CATÓLICA DE IRIRITIMIRIM";"R. PRINCIPAL, S/ N"
"16/09/2024";"17:49:23";2020;2;"Eleição Ordinária";1;426;"Eleições Municipais 2020";"15/11/2020";"M";"ES";"56057";"ALFREDO CHAVES";56057;"ALFREDO CHAVES";12;28;13;"Vereador";45678;"ADIMAR DE SOUZA MEDINA";21;1074;80000666651;"SALÃO DA IGREJA CATÓLICA DE IRIRITIMIRIM";"R. PRINCIPAL, S/ N"
"16/09/2024";"17:49:23";2020;2;"Eleição Ordinária";1;426;"Eleições Municipais 2020";"15/11/2020";"M";"ES";"56057";"ALFREDO CHAVES";56057;"ALFREDO CHAVES";12;21;13;"Vereador";40666;"DANIEL ORLANDI";7;1120;80000666556;"EMUEF QUARTO TERRITÓRIO";"R. PRINCIPAL , S/ N"
"16/09/2024";"17:49:23";2020;2;"Eleição Ordinária";1;426;"Eleições Municipais 2020";"15/11/2020";"M";"ES";"56057";"ALFREDO CHAVES";56057;"ALFREDO CHAVES";12;21;13;"Vereador";51333;"RENATO CARDOSO";3;1120;80000683717;"EMUEF QUARTO TERRITÓRIO";"R. PRINCIPAL , S/ N"
"16/09/2024";"17:49:23";2020;2;"Eleição Ordinária";1;426;"Eleições Municipais 2020";"15/11/2020";"M";"ES";"56057";"ALFREDO CHAVES";56057;"ALFREDO CHAVES";12;21;13;"Vereador";40333;"JAQUELINE FRANZOTTI DA SILVA";5;1120;80000666559;"EMUEF QUARTO TERRITÓRIO";"R. PRINCIPAL , S/ N"
"16/09/2024";"17:49:23";2020;2;"Eleição Ordinária";1;426;"Eleições Municipais 2020";"15/11/2020";"M";"ES";"56057";"ALFREDO CHAVES";56057;"ALFREDO CHAVES";12;17;13;"Vereador";51333;"RENATO CARDOSO";3;1090;80000683717;"EMEF FELIPE MODOLO";"R. PRINCIPAL, S/ N"
"16/09/2024";"17:49:23";2020;2;"Eleição Ordinária";1;426;"Eleições Municipais 2020";"15/11/2020";"M";"ES";"56057";"ALFREDO CHAVES";56057;"ALFREDO CHAVES";12;28;13;"Vereador";51333;"RENATO CARDOSO";1;1074;80000683717;"SALÃO DA IGREJA CATÓLICA DE IRIRITIMIRIM";"R. PRINCIPAL, S/ N"
"16/09/2024";"17:49:23";2020;2;"Eleição Ordinária";1;426;"Eleições Municipais 2020";"15/11/2020";"M";"ES";"56057";"ALFREDO CHAVES";56057;"ALFREDO CHAVES";12;20;13;"Vereador";40666;"DANIEL ORLANDI";6;1112;80000666556;"SALÃO DA IGREJA CATÓLICA DE CACHOEIRA ALTA";"R. PRINCIPAL, S/ N"
"16/09/2024";"17:49:23";2020;2;"Eleição Ordinária";1;426;"Eleições Municipais 2020";"15/11/2020";"M";"ES";"56057";"ALFREDO CHAVES";56057;"ALFREDO CHAVES";12;35;13;"Vereador";14300;"ANDRE ALMONFREY ORLANDI";2;1171;80000683168;"EEEFM CAMILA MOTA";"R. NELSON DA COSTA MELLO, S/ N"
"16/09/2024";"17:49:23";2020;2;"Eleição Ordinária";1;426;"Eleições Municipais 2020";"15/11/2020";"M";"ES";"56057";"ALFREDO CHAVES";56057;"ALFREDO CHAVES";12;31;13;"Vereador";14300;"ANDRE ALMONFREY ORLANDI";3;1171;80000683168;"EEEFM CAMILA MOTA";"R. NELSON DA COSTA MELLO, S/ N"
"16/09/2024";"17:49:23";2020;2;"Eleição Ordinária";1;426;"Eleições Municipais 2020";"15/11/2020";"M";"ES";"56057";"ALFREDO CHAVES";56057;"ALFREDO CHAVES";12;12;13;"Vereador";14300;"ANDRE ALMONFREY ORLANDI";19;1058;80000683168;"EEEF ENGANO";"R. PRINCIPAL, S/ Nº"
"16/09/2024";"17:49:23";2020;2;"Eleição Ordinária";1;426;"Eleições Municipais 2020";"15/11/2020";"M";"ES";"56057";"ALFREDO CHAVES";56057;"ALFREDO CHAVES";12;31;13;"Vereador";45789;"JUSCELINO SERAFIN";1;1171;80000666647;"EEEFM CAMILA MOTA";"R. NELSON DA COSTA MELLO, S/ N"