DT_GERACAO;HH_GERACAO;ANO_ELEICAO;CD_TIPO_ELEICAO;NM_TIPO_ELEICAO;NR_TURNO;CD_ELEICAO;DS_ELEICAO;DT_ELEICAO;TP_ABRANGENCIA;SG_UF;SG_UE;NM_UE;CD_MUNICIPIO;NM_MUNICIPIO;NR_ZONA;NR_SECAO;CD_CARGO;DS_CARGO;NR_VOTAVEL;NM_VOTAVEL;QT_VOTOS;NR_LOCAL_VOTACAO;SQ_CANDIDATO;NM_LOCAL_VOTACAO;DS_LOCAL_VOTACAO_ENDERECO
07/12/2023;14:25:26;2016;2;ELEIÇÃO ORDINÁRIA;1;220;ELEIÇÕES MUNICIPAIS 2016;02/10/2016;M;ES;56057;ALFREDO CHAVES;56057;ALFREDO CHAVES;12;1;13;VEREADOR;25000;JANE CASTEGLIONE BETTCHER;13;1015;80000001642;EEEF ANA ARAÚJO;R. EXPEDICIONARIO OSVALDO SAUDINO
07/12/2023;14:25:26;2016;2;ELEIÇÃO ORDINÁRIA;1;220;ELEIÇÕES MUNICIPAIS 2016;02/10/2016;M;ES;56057;ALFREDO CHAVES;56057;ALFREDO CHAVES;12;1;13;VEREADOR;15666;ROGERIO FRANZOTTI;2;1015;80000001682;EEEF ANA ARAÚJO;R. EXPEDICIONARIO OSVALDO SAUDINO
07/12/2023;14:25:26;2016;2;ELEIÇÃO ORDINÁRIA;1;220;ELEIÇÕES MUNICIPAIS 2016;02/10/2016;M;ES;56057;ALFREDO CHAVES;56057;ALFREDO CHAVES;12;1;13;VEREADOR;23612;ANDRÉ SARTORI;9;1015;80000001669;EEEF ANA ARAÚJO;R. EXPEDICIONARIO OSVALDO SAUDINO
07/12/2023;14:25:26;2016;2;ELEIÇÃO ORDINÁRIA;1;220;ELEIÇÕES MUNICIPAIS 2016;02/10/2016;M;ES;56057;ALFREDO CHAVES;56057;ALFREDO CHAVES;12;1;13;VEREADOR;23123;CÁSSIO COMINOTTI DO NASCIMENTO;6;1015;80000001671;EEEF ANA ARAÚJO;R. EXPEDICIONARIO OSVALDO SAUDINO
07/12/2023;14:25:26;2016;2;ELEIÇÃO ORDINÁRIA;1;220;ELEIÇÕES MUNICIPAIS 2016;02/10/2016;M;ES;56057;ALFREDO CHAVES;56057;ALFREDO CHAVES;12;1;13;VEREADOR;11000;ROSANA MARIA CARDOSO TAVARES;6;1015;80000001047;EEEF ANA ARAÚJO;R. EXPEDICIONARIO OSVALDO SAUDINO
07/12/2023;14:25:26;2016;2;ELEIÇÃO ORDINÁRIA;1;220;ELEIÇÕES MUNICIPAIS 2016;02/10/2016;M;ES;56057;ALFREDO CHAVES;56057;ALFREDO CHAVES;12;1;13;VEREADOR;33333;ELTON ANTERIO CARDOSO BISI;8;1015;80000001023;EEEF ANA ARAÚJO;R. EXPEDICIONARIO OSVALDO SAUDINO
07/12/2023;14:25:26;2016;2;ELEIÇÃO ORDINÁRIA;1;220;ELEIÇÕES MUNICIPAIS 2016;02/10/2016;M;ES;56057;ALFREDO CHAVES;56057;ALFREDO CHAVES;12;1;13;VEREADOR;40000;NILTON CESAR BELMOK;14;1015;80000001037;EEEF ANA ARAÚJO;R. EXPEDICIONARIO OSVALDO SAUDINO
07/12/2023;14:25:26;2016;2;ELEIÇÃO ORDINÁRIA;1;220;ELEIÇÕES MUNICIPAIS 2016;02/10/2016;M;ES;56057;ALFREDO CHAVES;56057;ALFREDO CHAVES;12;1;13;VEREADOR;20000;GENECI LUIZ DOS SANTOS;1;1015;80000001050;EEEF ANA ARAÚJO;R. EXPEDICIONARIO OSVALDO SAUDINO
07/12/2023;14:25:26;2016;2;ELEIÇÃO ORDINÁRIA;1;220;ELEIÇÕES MUNICIPAIS 2016;02/10/2016;M;ES;56057;ALFREDO CHAVES;56057;ALFREDO CHAVES;12;1;13;VEREADOR;11123;PRIMO ARMELINDO BERGAMI;5;1015;80000001046;EEEF ANA ARAÚJO;R. EXPEDICIONARIO OSVALDO SAUDINO
07/12/2023;14:25:26;2016;2;ELEIÇÃO ORDINÁRIA;1;220;ELEIÇÕES MUNICIPAIS 2016;02/10/2016;M;ES;56057;ALFREDO CHAVES;56057;ALFREDO CHAVES;12;1;13;VEREADOR;12345;ARMANDO ZANATA INGLE RIBEIRO;16;1015;80000001643;EEEF ANA ARAÚJO;R. EXPEDICIONARIO OSVALDO SAUDINO
07/12/2023;14:25:26;2016;2;ELEIÇÃO ORDINÁRIA;1;220;ELEIÇÕES MUNICIPAIS 2016;02/10/2016;M;ES;56057;ALFREDO CHAVES;56057;ALFREDO CHAVES;12;1;11;PREFEITO;15;RONALDO BIANCHI;116;1015;80000003215;EEEF ANA ARAÚJO;R. EXPEDICIONARIO OSVALDO SAUDINO
07/12/2023;14:25:26;2016;2;ELEIÇÃO ORDINÁRIA;1;220;ELEIÇÕES MUNICIPAIS 2016;02/10/2016;M;ES;56057;ALFREDO CHAVES;56057;ALFREDO CHAVES;12;1;13;VEREADOR;51000;JACINTA LUCIA SCARPARO;2;1015;80000001646;EEEF ANA ARAÚJO;R. EXPEDICIONARIO OSVALDO SAUDINO
07/12/2023;14:25:26;2016;2;ELEIÇÃO ORDINÁRIA;1;220;ELEIÇÕES MUNICIPAIS 2016;02/10/2016;M;ES;56057;ALFREDO CHAVES;56057;ALFREDO CHAVES;12;1;13;VEREADOR;40111;CHARLES GAIGHER;13;1015;80000001030;EEEF ANA ARAÚJO;R. EXPEDICIONARIO OSVALDO SAUDINO
07/12/2023;14:25:26;2016;2;ELEIÇÃO ORDINÁRIA;1;220;ELEIÇÕES MUNICIPAIS 2016;02/10/2016;M;ES;56057;ALFREDO CHAVES;56057;ALFREDO CHAVES;12;1;13;VEREADOR;95;VOTO BRANCO;4;1015;-1;EEEF ANA ARAÚJO;R. EXPEDICIONARIO OSVALDO SAUDINO
07/12/2023;14:25:26;2016;2;ELEIÇÃO ORDINÁRIA;1;220;ELEIÇÕES MUNICIPAIS 2016;02/10/2016;M;ES;56057;ALFREDO CHAVES;56057;ALFREDO CHAVES;12;1;13;VEREADOR;23666;PAULO MUNALDI;15;1015;80000001680;EEEF ANA ARAÚJO;R. EXPEDICIONARIO OSVALDO SAUDINO
07/12/2023;14:25:26;2016;2;ELEIÇÃO ORDINÁRIA;1;220;ELEIÇÕES MUNICIPAIS 2016;02/10/2016;M;ES;56057;ALFREDO CHAVES;56057;ALFREDO CHAVES;12;1;13;VEREADOR;20333;MARCO ANTONIO MOZER;1;1015;80000001053;EEEF ANA ARAÚJO;R. EXPEDICIONARIO OSVALDO SAUDINO
07/12/2023;14:25:26;2016;2;ELEIÇÃO ORDINÁRIA;1;220;ELEIÇÕES MUNICIPAIS 2016;02/10/2016;M;ES;56057;ALFREDO CHAVES;56057;ALFREDO CHAVES;12;1;11;PREFEITO;96;VOTO NULO;7;1015;-1;EEEF ANA ARAÚJO;R. EXPEDICIONARIO OSVALDO SAUDINO
07/12/2023;14:25:26;2016;2;ELEIÇÃO ORDINÁRIA;1;220;ELEIÇÕES MUNICIPAIS 2016;02/10/2016;M;ES;56057;ALFREDO CHAVES;56057;ALFREDO CHAVES;12;1;13;VEREADOR;40400;DARCY MARCHIORI DE PAULA GAIGHER;15;1015;80000001025;EEEF ANA ARAÚJO;R. EXPEDICIONARIO OSVALDO SAUDINO
07/12/2023;14:25:26;2016;2;ELEIÇÃO ORDINÁRIA;1;220;ELEIÇÕES MUNICIPAIS 2016;02/10/2016;M;ES;56057;ALFREDO CHAVES;56057;ALFREDO CHAVES;12;1;13;VEREADOR;45123;EDIMAR VANELI;1;1015;80000001040;EEEF ANA ARAÚJO;R. EXPEDICIONARIO OSVALDO SAUDINO
07/12/2023;14:25:26;2016;2;ELEIÇÃO ORDINÁRIA;1;220;ELEIÇÕES MUNICIPAIS 2016;02/10/2016;M;ES;56057;ALFREDO CHAVES;56057;ALFREDO CHAVES;12;1;11;PREFEITO;95;VOTO BRANCO;4;1015;-1;EEEF ANA ARAÚJO;R. EXPEDICIONARIO OSVALDO SAUDINO
07/12/2023;14:25:26;2016;2;ELEIÇÃO ORDINÁRIA;1;220;ELEIÇÕES MUNICIPAIS 2016;02/10/2016;M;ES;56057;ALFREDO CHAVES;56057;ALFREDO CHAVES;12;1;13;VEREADOR;11222;SANTE JOSÉ GRATIERI;1;1015;80000001048;EEEF ANA ARAÚJO;R. EXPEDICIONARIO OSVALDO SAUDINO
07/12/2023;14:25:26;2016;2;ELEIÇÃO ORDINÁRIA;1;220;ELEIÇÕES MUNICIPAIS 2016;02/10/2016;M;ES;56057;ALFREDO CHAVES;56057;ALFREDO CHAVES;12;1;13;VEREADOR;40321;GILSON LUIZ BELLON;7;1015;80000001031;EEEF ANA ARAÚJO;R. EXPEDICIONARIO OSVALDO SAUDINO
07/12/2023;14:25:26;2016;2;ELEIÇÃO ORDINÁRIA;1;220;ELEIÇÕES MUNICIPAIS 2016;02/10/2016;M;ES;56057;ALFREDO CHAVES;56057;ALFREDO CHAVES;12;1;13;VEREADOR;40444;PASCOAL GARCIA MARTINS;2;1015;80000001038;EEEF ANA ARAÚJO;R. EXPEDICIONARIO OSVALDO SAUDINO
07/12/2023;14:25:26;2016;2;ELEIÇÃO ORDINÁRIA;1;220;ELEIÇÕES MUNICIPAIS 2016;02/10/2016;M;ES;56057;ALFREDO CHAVES;56057;ALFREDO CHAVES;12;1;13;VEREADOR;40777;MARINALVA ALVES DA SILVA;1;1015;80000001027;EEEF ANA ARAÚJO;R. EXPEDICIONARIO OSVALDO SAUDINO
07/12/2023;14:25:26;2016;2;ELEIÇÃO ORDINÁRIA;1;220;ELEIÇÕES MUNICIPAIS 2016;02/10/2016;M;ES;56057;ALFREDO CHAVES;56057;ALFREDO CHAVES;12;1;13;VEREADOR;13610;NILSON HONORATO VANELI;6;1015;80000001650;EEEF ANA ARAÚJO;R. EXPEDICIONARIO OSVALDO SAUDINO
07/12/2023;14:25:26;2016;2;ELEIÇÃO ORDINÁRIA;1;220;ELEIÇÕES MUNICIPAIS 2016;02/10/2016;M;ES;56057;ALFREDO CHAVES;56057;ALFREDO CHAVES;12;1;13;VEREADOR;11964;MARIA MAGDALENA NASCIMENTO;1;1015;80000001045;EEEF ANA ARAÚJO;R. EXPEDICIONARIO OSVALDO SAUDINO
07/12/2023;14:25:26;2016;2;ELEIÇÃO ORDINÁRIA;1;220;ELEIÇÕES MUNICIPAIS 2016;02/10/2016;M;ES;56057;ALFREDO CHAVES;56057;ALFREDO CHAVES;12;1;13;VEREADOR;40202;LAURO ALVES PEREIRA;1;1015;80000001034;EEEF ANA ARAÚJO;R. EXPEDICIONARIO OSVALDO SAUDINO
07/12/2023;14:25:26;2016;2;ELEIÇÃO ORDINÁRIA;1;220;ELEIÇÕES MUNICIPAIS 2016;02/10/2016;M;ES;56057;ALFREDO CHAVES;56057;ALFREDO CHAVES;12;1;13;VEREADOR;51200;ANTONIETA PETRI;1;1015;80000001649;EEEF ANA ARAÚJO;R. EXPEDICIONARIO OSVALDO SAUDINO
07/12/2023;14:25:26;2016;2;ELEIÇÃO ORDINÁRIA;1;220;ELEIÇÕES MUNICIPAIS 2016;02/10/2016;M;ES;56057;ALFREDO CHAVES;56057;ALFREDO CHAVES;12;1;13;VEREADOR;96;VOTO NULO;3;1015;-1;EEEF ANA ARAÚJO;R. EXPEDICIONARIO OSVALDO SAUDINO
07/12/2023;14:25:26;2016;2;ELEIÇÃO ORDINÁRIA;1;220;ELEIÇÕES MUNICIPAIS 2016;02/10/2016;M;ES;56057;ALFREDO CHAVES;56057;ALFREDO CHAVES;12;1;13;VEREADOR;11666;ALESSANDRA TOBIAS DA SILVA GALLINA;1;1015;80000001042;EEEF ANA ARAÚJO;R. EXPEDICIONARIO OSVALDO SAUDINO
07/12/2023;14:25:26;2016;2;ELEIÇÃO ORDINÁRIA;1;220;ELEIÇÕES MUNICIPAIS 2016;02/10/2016;M;ES;56057;ALFREDO CHAVES;56057;ALFREDO CHAVES;12;1;13;VEREADOR;18123;ERVAN CESAR;1;1015;80000001644;EEEF ANA ARAÚJO;R. EXPEDICIONARIO OSVALDO SAUDINO
07/12/2023;14:25:26;2016;2;ELEIÇÃO ORDINÁRIA;1;220;ELEIÇÕES MUNICIPAIS 2016;02/10/2016;M;ES;56057;ALFREDO CHAVES;56057;ALFREDO CHAVES;12;1;13;VEREADOR;45000;JONAS NUNES SIMÕES;25;1015;80000001041;EEEF ANA ARAÚJO;R. EXPEDICIONARIO OSVALDO SAUDINO
07/12/2023;14:25:26;2016;2;ELEIÇÃO ORDINÁRIA;1;220;ELEIÇÕES MUNICIPAIS 2016;02/10/2016;M;ES;56057;ALFREDO CHAVES;56057;ALFREDO CHAVES;12;1;13;VEREADOR;55000;SERGIO BIANCHI;8;1015;80000001684;EEEF ANA ARAÚJO;R. EXPEDICIONARIO OSVALDO SAUDINO
07/12/2023;14:25:26;2016;2;ELEIÇÃO ORDINÁRIA;1;220;ELEIÇÕES MUNICIPAIS 2016;02/10/2016;M;ES;56057;ALFREDO CHAVES;56057;ALFREDO CHAVES;12;9;13;VEREADOR;40123;CLEOMIR GOBBI BUBACK;134;1031;80000001029;EMEF FAZENDA APARECIDA;R. PRINCIPAL, S/ Nº
07/12/2023;14:25:26;2016;2;ELEIÇÃO ORDINÁRIA;1;220;ELEIÇÕES MUNICIPAIS 2016;02/10/2016;M;ES;56057;ALFREDO CHAVES;56057;ALFREDO CHAVES;12;9;13;VEREADOR;40789;ADILSON JOSE ROVETA;10;1031;80000001028;EMEF FAZENDA APARECIDA;R. PRINCIPAL, S/ Nº
07/12/2023;14:25:26;2016;2;ELEIÇÃO ORDINÁRIA;1;220;ELEIÇÕES MUNICIPAIS 2016;02/10/2016;M;ES;56057;ALFREDO CHAVES;56057;ALFREDO CHAVES;12;9;11;PREFEITO;40;FERNANDO VIDEIRA LAFAYETTE;180;1031;80000001058;EMEF FAZENDA APARECIDA;R. PRINCIPAL, S/ Nº
07/12/2023;14:25:26;2016;2;ELEIÇÃO ORDINÁRIA;1;220;ELEIÇÕES MUNICIPAIS 2016;02/10/2016;M;ES;56057;ALFREDO CHAVES;56057;ALFREDO CHAVES;12;9;13;VEREADOR;40456;SERAFINO ANTÔNIO SIMONI;8;1031;80000001024;EMEF FAZENDA APARECIDA;R. PRINCIPAL, S/ Nº
07/12/2023;14:25:26;2016;2;ELEIÇÃO ORDINÁRIA;1;220;ELEIÇÕES MUNICIPAIS 2016;02/10/2016;M;ES;56057;ALFREDO CHAVES;56057;ALFREDO CHAVES;12;9;13;VEREADOR;15311;NARCISO DE ABREU GRASSI;5;1031;80000001679;EMEF FAZENDA APARECIDA;R. PRINCIPAL, S/ Nº
07/12/2023;14:25:26;2016;2;ELEIÇÃO ORDINÁRIA;1;220;ELEIÇÕES MUNICIPAIS 2016;02/10/2016;M;ES;56057;ALFREDO CHAVES;56057;ALFREDO CHAVES;12;9;13;VEREADOR;20123;IZAEL FERREIRA;1;1031;80000001051;EMEF FAZENDA APARECIDA;R. PRINCIPAL, S/ Nº
07/12/2023;14:25:26;2016;2;ELEIÇÃO ORDINÁRIA;1;220;ELEIÇÕES MUNICIPAIS 2016;02/10/2016;M;ES;56057;ALFREDO CHAVES;56057;ALFREDO CHAVES;12;9;11;PREFEITO;96;VOTO NULO;10;1031;-1;EMEF FAZENDA APARECIDA;R. PRINCIPAL, S/ Nº
07/12/2023;14:25:26;2016;2;ELEIÇÃO ORDINÁRIA;1;220;ELEIÇÕES MUNICIPAIS 2016;02/10/2016;M;ES;56057;ALFREDO CHAVES;56057;ALFREDO CHAVES;12;9;13;VEREADOR;40400;DARCY MARCHIORI DE PAULA GAIGHER;5;1031;80000001025;EMEF FAZENDA APARECIDA;R. PRINCIPAL, S/ Nº
07/12/2023;14:25:26;2016;2;ELEIÇÃO ORDINÁRIA;1;220;ELEIÇÕES MUNICIPAIS 2016;02/10/2016;M;ES;56057;ALFREDO CHAVES;56057;ALFREDO CHAVES;12;9;11;PREFEITO;95;VOTO BRANCO;11;1031;-1;EMEF FAZENDA APARECIDA;R. PRINCIPAL, S/ Nº
07/12/2023;14:25:26;2016;2;ELEIÇÃO ORDINÁRIA;1;220;ELEIÇÕES MUNICIPAIS 2016;02/10/2016;M;ES;56057;ALFREDO CHAVES;56057;ALFREDO CHAVES;12;9;13;VEREADOR;40321;GILSON LUIZ BELLON;8;1031;80000001031;EMEF FAZENDA APARECIDA;R. PRINCIPAL, S/ Nº
07/12/2023;14:25:26;2016;2;ELEIÇÃO ORDINÁRIA;1;220;ELEIÇÕES MUNICIPAIS 2016;02/10/2016;M;ES;56057;ALFREDO CHAVES;56057;ALFREDO CHAVES;12;9;13;VEREADOR;40202;LAURO ALVES PEREIRA;1;1031;80000001034;EMEF FAZENDA APARECIDA;R. PRINCIPAL, S/ Nº
07/12/2023;14:25:26;2016;2;ELEIÇÃO ORDINÁRIA;1;220;ELEIÇÕES MUNICIPAIS 2016;02/10/2016;M;ES;56057;ALFREDO CHAVES;56057;ALFREDO CHAVES;12;9;13;VEREADOR;96;VOTO NULO;11;1031;-1;EMEF FAZENDA APARECIDA;R. PRINCIPAL, S/ Nº
07/12/2023;14:25:26;2016;2;ELEIÇÃO ORDINÁRIA;1;220;ELEIÇÕES MUNICIPAIS 2016;02/10/2016;M;ES;56057;ALFREDO CHAVES;56057;ALFREDO CHAVES;12;9;13;VEREADOR;55000;SERGIO BIANCHI;2;1031;80000001684;EMEF FAZENDA APARECIDA;R. PRINCIPAL, S/ Nº
07/12/2023;14:25:26;2016;2;ELEIÇÃO ORDINÁRIA;1;220;ELEIÇÕES MUNICIPAIS 2016;02/10/2016;M;ES;56057;ALFREDO CHAVES;56057;ALFREDO CHAVES;12;9;13;VEREADOR;15666;ROGERIO FRANZOTTI;1;1031;80000001682;EMEF FAZENDA APARECIDA;R. PRINCIPAL, S/ Nº
07/12/2023;14:25:26;2016;2;ELEIÇÃO ORDINÁRIA;1;220;ELEIÇÕES MUNICIPAIS 2016;02/10/2016;M;ES;56057;ALFREDO CHAVES;56057;ALFREDO CHAVES;12;9;13;VEREADOR;23612;ANDRÉ SARTORI;2;1031;80000001669;EMEF FAZENDA APARECIDA;R. PRINCIPAL, S/ Nº
07/12/2023;14:25:26;2016;2;ELEIÇÃO ORDINÁRIA;1;220;ELEIÇÕES MUNICIPAIS 2016;02/10/2016;M;ES;56057;ALFREDO CHAVES;56057;ALFREDO CHAVES;12;9;13;VEREADOR;15123;EDSON ANTONIO REGIANI;66;1031;80000001673;EMEF FAZENDA APARECIDA;R. PRINCIPAL, S/ Nº
07/12/2023;14:25:26;2016;2;ELEIÇÃO ORDINÁRIA;1;220;ELEIÇÕES MUNICIPAIS 2016;02/10/2016;M;ES;56057;ALFREDO CHAVES;56057;ALFREDO CHAVES;12;9;13;VEREADOR;23123;CÁSSIO COMINOTTI DO NASCIMENTO;1;1031;80000001671;EMEF FAZENDA APARECIDA;R. PRINCIPAL, S/ Nº
07/12/2023;14:25:26;2016;2;ELEIÇÃO ORDINÁRIA;1;220;ELEIÇÕES MUNICIPAIS 2016;02/10/2016;M;ES;56057;ALFREDO CHAVES;56057;ALFREDO CHAVES;12;9;13;VEREADOR;33333;ELTON ANTERIO CARDOSO BISI;1;1031;80000001023;EMEF FAZENDA APARECIDA;R. PRINCIPAL, S/ Nº
07/12/2023;14:25:26;2016;2;ELEIÇÃO ORDINÁRIA;1;220;ELEIÇÕES MUNICIPAIS 2016;02/10/2016;M;ES;56057;ALFREDO CHAVES;56057;ALFREDO CHAVES;12;9;13;VEREADOR;40000;NILTON CESAR BELMOK;2;1031;80000001037;EMEF FAZENDA APARECIDA;R. PRINCIPAL, S/ Nº
07/12/2023;14:25:26;2016;2;ELEIÇÃO ORDINÁRIA;1;220;ELEIÇÕES MUNICIPAIS 2016;02/10/2016;M;ES;56057;ALFREDO CHAVES;56057;ALFREDO CHAVES;12;9;13;VEREADOR;12345;ARMANDO ZANATA INGLE RIBEIRO;10;1031;80000001643;EMEF FAZENDA APARECIDA;R. PRINCIPAL, S/ Nº
07/12/2023;14:25:26;2016;2;ELEIÇÃO ORDINÁRIA;1;220;ELEIÇÕES MUNICIPAIS 2016;02/10/2016;M;ES;56057;ALFREDO CHAVES;56057;ALFREDO CHAVES;12;9;11;PREFEITO;15;RONALDO BIANCHI;101;1031;80000003215;EMEF FAZENDA APARECIDA;R. PRINCIPAL, S/ Nº
07/12/2023;14:25:26;2016;2;ELEIÇÃO ORDINÁRIA;1;220;ELEIÇÕES MUNICIPAIS 2016;02/10/2016;M;ES;56057;ALFREDO CHAVES;56057;ALFREDO CHAVES;12;9;13;VEREADOR;95;VOTO BRANCO;11;1031;-1;EMEF FAZENDA APARECIDA;R. PRINCIPAL, S/ Nº
07/12/2023;14:25:26;2016;2;ELEIÇÃO ORDINÁRIA;1;220;ELEIÇÕES MUNICIPAIS 2016;02/10/2016;M;ES;56057;ALFREDO CHAVES;56057;ALFREDO CHAVES;12;2;13;VEREADOR;13123;JOSÉ DOMINGOS GOTTARDO;1;1015;80000001647;EEEF ANA ARAÚJO;R. EXPEDICIONARIO OSVALDO SAUDINO
07/12/2023;14:25:26;2016;2;ELEIÇÃO ORDINÁRIA;1;220;ELEIÇÕES MUNICIPAIS 2016;02/10/2016;M;ES;56057;ALFREDO CHAVES;56057;ALFREDO CHAVES;12;2;13;VEREADOR;40123;CLEOMIR GOBBI BUBACK;1;1015;80000001029;EEEF ANA ARAÚJO;R. EXPEDICIONARIO OSVALDO SAUDINO
07/12/2023;14:25:26;2016;2;ELEIÇÃO ORDINÁRIA;1;220;ELEIÇÕES MUNICIPAIS 2016;02/10/2016;M;ES;56057;ALFREDO CHAVES;56057;ALFREDO CHAVES;12;2;13;VEREADOR;19000;ITAGIBA AUGUSTO VIANA MATTOS;1;1015;80000001055;EEEF ANA ARAÚJO;R. EXPEDICIONARIO OSVALDO SAUDINO
07/12/2023;14:25:26;2016;2;ELEIÇÃO ORDINÁRIA;1;220;ELEIÇÕES MUNICIPAIS 2016;02/10/2016;M;ES;56057;ALFREDO CHAVES;56057;ALFREDO CHAVES;12;2;13;VEREADOR;40789;ADILSON JOSE ROVETA;2;1015;80000001028;EEEF ANA ARAÚJO;R. EXPEDICIONARIO OSVALDO SAUDINO
07/12/2023;14:25:26;2016;2;ELEIÇÃO ORDINÁRIA;1;220;ELEIÇÕES MUNICIPAIS 2016;02/10/2016;M;ES;56057;ALFREDO CHAVES;56057;ALFREDO CHAVES;12;2;11;PREFEITO;40;FERNANDO VIDEIRA LAFAYETTE;145;1015;80000001058;EEEF ANA ARAÚJO;R. EXPEDICIONARIO OSVALDO SAUDINO
07/12/2023;14:25:26;2016;2;ELEIÇÃO ORDINÁRIA;1;220;ELEIÇÕES MUNICIPAIS 2016;02/10/2016;M;ES;56057;ALFREDO CHAVES;56057;ALFREDO CHAVES;12;2;13;VEREADOR;15555;HELENA MARIA FIORIN FAVERO;4;1015;80000001677;EEEF ANA ARAÚJO;R. EXPEDICIONARIO OSVALDO SAUDINO
07/12/2023;14:25:26;2016;2;ELEIÇÃO ORDINÁRIA;1;220;ELEIÇÕES MUNICIPAIS 2016;02/10/2016;M;ES;56057;ALFREDO CHAVES;56057;ALFREDO CHAVES;12;2;13;VEREADOR;23333;RENATO CARDOSO;1;1015;80000001681;EEEF ANA ARAÚJO;R. EXPEDICIONARIO OSVALDO SAUDINO
07/12/2023;14:25:26;2016;2;ELEIÇÃO ORDINÁRIA;1;220;ELEIÇÕES MUNICIPAIS 2016;02/10/2016;M;ES;56057;ALFREDO CHAVES;56057;ALFREDO CHAVES;12;2;13;VEREADOR;20555;ANGELO ARPINI;2;1015;80000001049;EEEF ANA ARAÚJO;R. EXPEDICIONARIO OSVALDO SAUDINO
07/12/2023;14:25:26;2016;2;ELEIÇÃO ORDINÁRIA;1;220;ELEIÇÕES MUNICIPAIS 2016;02/10/2016;M;ES;56057;ALFREDO CHAVES;56057;ALFREDO CHAVES;12;2;13;VEREADOR;15000;DANIEL ORLANDI;10;1015;80000001672;EEEF ANA ARAÚJO;R. EXPEDICIONARIO OSVALDO SAUDINO
07/12/2023;14:25:26;2016;2;ELEIÇÃO ORDINÁRIA;1;220;ELEIÇÕES MUNICIPAIS 2016;02/10/2016;M;ES;56057;ALFREDO CHAVES;56057;ALFREDO CHAVES;12;2;13;VEREADOR;22222;JOAO LUIZ MONTEIRO;3;1015;80000001054;EEEF ANA ARAÚJO;R. EXPEDICIONARIO OSVALDO SAUDINO
07/12/2023;14:25:26;2016;2;ELEIÇÃO ORDINÁRIA;1;220;ELEIÇÕES MUNICIPAIS 2016;02/10/2016;M;ES;56057;ALFREDO CHAVES;56057;ALFREDO CHAVES;12;2;13;VEREADOR;23111;FERNANDO ALVES;15;1015;80000001675;EEEF ANA ARAÚJO;R. EXPEDICIONARIO OSVALDO SAUDINO
07/12/2023;14:25:26;2016;2;ELEIÇÃO ORDINÁRIA;1;220;ELEIÇÕES MUNICIPAIS 2016;02/10/2016;M;ES;56057;ALFREDO CHAVES;56057;ALFREDO CHAVES;12;2;13;VEREADOR;20789;JOSE MARIO DE ANDRADE FERREIRA;12;1015;80000001052;EEEF ANA ARAÚJO;R. EXPEDICIONARIO OSVALDO SAUDINO
07/12/2023;14:25:26;2016;2;ELEIÇÃO ORDINÁRIA;1;220;ELEIÇÕES MUNICIPAIS 2016;02/10/2016;M;ES;56057;ALFREDO CHAVES;56057;ALFREDO CHAVES;12;2;13;VEREADOR;15311;NARCISO DE ABREU GRASSI;19;1015;80000001679;EEEF ANA ARAÚJO;R. EXPEDICIONARIO OSVALDO SAUDINO
07/12/2023;14:25:26;2016;2;ELEIÇÃO ORDINÁRIA;1;220;ELEIÇÕES MUNICIPAIS 2016;02/10/2016;M;ES;56057;ALFREDO CHAVES;56057;ALFREDO CHAVES;12;2;13;VEREADOR;23666;PAULO MUNALDI;14;1015;80000001680;EEEF ANA ARAÚJO;R. EXPEDICIONARIO OSVALDO SAUDINO
07/12/2023;14:25:26;2016;2;ELEIÇÃO ORDINÁRIA;1;220;ELEIÇÕES MUNICIPAIS 2016;02/10/2016;M;ES;56057;ALFREDO CHAVES;56057;ALFREDO CHAVES;12;2;11;PREFEITO;96;VOTO NULO;10;1015;-1;EEEF ANA ARAÚJO;R. EXPEDICIONARIO OSVALDO SAUDINO
07/12/2023;14:25:26;2016;2;ELEIÇÃO ORDINÁRIA;1;220;ELEIÇÕES MUNICIPAIS 2016;02/10/2016;M;ES;56057;ALFREDO CHAVES;56057;ALFREDO CHAVES;12;2;13;VEREADOR;40400;DARCY MARCHIORI DE PAULA GAIGHER;13;1015;80000001025;EEEF ANA ARAÚJO;R. EXPEDICIONARIO OSVALDO SAUDINO
07/12/2023;14:25:26;2016;2;ELEIÇÃO ORDINÁRIA;1;220;ELEIÇÕES MUNICIPAIS 2016;02/10/2016;M;ES;56057;ALFREDO CHAVES;56057;ALFREDO CHAVES;12;2;13;VEREADOR;43222;MARCIO DESTEFANI;3;1015;80000001056;EEEF ANA ARAÚJO;R. EXPEDICIONARIO OSVALDO SAUDINO
07/12/2023;14:25:26;2016;2;ELEIÇÃO ORDINÁRIA;1;220;ELEIÇÕES MUNICIPAIS 2016;02/10/2016;M;ES;56057;ALFREDO CHAVES;56057;ALFREDO CHAVES;12;2;13;VEREADOR;45123;EDIMAR VANELI;4;1015;80000001040;EEEF ANA ARAÚJO;R. EXPEDICIONARIO OSVALDO SAUDINO
07/12/2023;14:25:26;2016;2;ELEIÇÃO ORDINÁRIA;1;220;ELEIÇÕES MUNICIPAIS 2016;02/10/2016;M;ES;56057;ALFREDO CHAVES;56057;ALFREDO CHAVES;12;2;13;VEREADOR;11222;SANTE JOSÉ GRATIERI;1;1015;80000001048;EEEF ANA ARAÚJO;R. EXPEDICIONARIO OSVALDO SAUDINO
07/12/2023;14:25:26;2016;2;ELEIÇÃO ORDINÁRIA;1;220;ELEIÇÕES MUNICIPAIS 2016;02/10/2016;M;ES;56057;ALFREDO CHAVES;56057;ALFREDO CHAVES;12;2;11;PREFEITO;95;VOTO BRANCO;3;1015;-1;EEEF ANA ARAÚJO;R. EXPEDICIONARIO OSVALDO SAUDINO
07/12/2023;14:25:26;2016;2;ELEIÇÃO ORDINÁRIA;1;220;ELEIÇÕES MUNICIPAIS 2016;02/10/2016;M;ES;56057;ALFREDO CHAVES;56057;ALFREDO CHAVES;12;2;13;VEREADOR;40321;GILSON LUIZ BELLON;5;1015;80000001031;EEEF ANA ARAÚJO;R. EXPEDICIONARIO OSVALDO SAUDINO
07/12/2023;14:25:26;2016;2;ELEIÇÃO ORDINÁRIA;1;220;ELEIÇÕES MUNICIPAIS 2016;02/10/2016;M;ES;56057;ALFREDO CHAVES;56057;ALFREDO CHAVES;12;2;13;VEREADOR;40444;PASCOAL GARCIA MARTINS;6;1015;80000001038;EEEF ANA ARAÚJO;R. EXPEDICIONARIO OSVALDO SAUDINO
07/12/2023;14:25:26;2016;2;ELEIÇÃO ORDINÁRIA;1;220;ELEIÇÕES MUNICIPAIS 2016;02/10/2016;M;ES;56057;ALFREDO CHAVES;56057;ALFREDO CHAVES;12;2;13;VEREADOR;40777;MARINALVA ALVES DA SILVA;2;1015;80000001027;EEEF ANA ARAÚJO;R. EXPEDICIONARIO OSVALDO SAUDINO
07/12/2023;14:25:26;2016;2;ELEIÇÃO ORDINÁRIA;1;220;ELEIÇÕES MUNICIPAIS 2016;02/10/2016;M;ES;56057;ALFREDO CHAVES;56057;ALFREDO CHAVES;12;2;13;VEREADOR;11964;MARIA MAGDALENA NASCIMENTO;1;1015;80000001045;EEEF ANA ARAÚJO;R. EXPEDICIONARIO OSVALDO SAUDINO
07/12/2023;14:25:26;2016;2;ELEIÇÃO ORDINÁRIA;1;220;ELEIÇÕES MUNICIPAIS 2016;02/10/2016;M;ES;56057;ALFREDO CHAVES;56057;ALFREDO CHAVES;12;2;13;VEREADOR;40222;LUIZ JUNQUEIRA VIONEL;2;1015;80000001035;EEEF ANA ARAÚJO;R. EXPEDICIONARIO OSVALDO SAUDINO
07/12/2023;14:25:26;2016;2;ELEIÇÃO ORDINÁRIA;1;220;ELEIÇÕES MUNICIPAIS 2016;02/10/2016;M;ES;56057;ALFREDO CHAVES;56057;ALFREDO CHAVES;12;2;13;VEREADOR;90000;DULCIANE BRUNORO ESTEVES;1;1015;80000001022;EEEF ANA ARAÚJO;R. EXPEDICIONARIO OSVALDO SAUDINO
07/12/2023;14:25:26;2016;2;ELEIÇÃO ORDINÁRIA;1;220;ELEIÇÕES MUNICIPAIS 2016;02/10/2016;M;ES;56057;ALFREDO CHAVES;56057;ALFREDO CHAVES;12;2;13;VEREADOR;96;VOTO NULO;6;1015;-1;EEEF ANA ARAÚJO;R. EXPEDICIONARIO OSVALDO SAUDINO
07/12/2023;14:25:26;2016;2;ELEIÇÃO ORDINÁRIA;1;220;ELEIÇÕES MUNICIPAIS 2016;02/10/2016;M;ES;56057;ALFREDO CHAVES;56057;ALFREDO CHAVES;12;2;13;VEREADOR;18123;ERVAN CESAR;2;1015;80000001644;EEEF ANA ARAÚJO;R. EXPEDICIONARIO OSVALDO SAUDINO
07/12/2023;14:25:26;2016;2;ELEIÇÃO ORDINÁRIA;1;220;ELEIÇÕES MUNICIPAIS 2016;02/10/2016;M;ES;56057;ALFREDO CHAVES;56057;ALFREDO CHAVES;12;2;13;VEREADOR;45000;JONAS NUNES SIMÕES;26;1015;80000001041;EEEF ANA ARAÚJO;R. EXPEDICIONARIO OSVALDO SAUDINO
07/12/2023;14:25:26;2016;2;ELEIÇÃO ORDINÁRIA;1;220;ELEIÇÕES MUNICIPAIS 2016;02/10/2016;M;ES;56057;ALFREDO CHAVES;56057;ALFREDO CHAVES;12;2;13;VEREADOR;55000;SERGIO BIANCHI;22;1015;80000001684;EEEF ANA ARAÚJO;R. EXPEDICIONARIO OSVALDO SAUDINO
07/12/2023;14:25:26;2016;2;ELEIÇÃO ORDINÁRIA;1;220;ELEIÇÕES MUNICIPAIS 2016;02/10/2016;M;ES;56057;ALFREDO CHAVES;56057;ALFREDO CHAVES;12;2;13;VEREADOR;40333;JAQUELINE FRANZOTTI DA SILVA;3;1015;80000001032;EEEF ANA ARAÚJO;R. EXPEDICIONARIO OSVALDO SAUDINO
07/12/2023;14:25:26;2016;2;ELEIÇÃO ORDINÁRIA;1;220;ELEIÇÕES MUNICIPAIS 2016;02/10/2016;M;ES;56057;ALFREDO CHAVES;56057;ALFREDO CHAVES;12;2;13;VEREADOR;25000;JANE CASTEGLIONE BETTCHER;13;1015;80000001642;EEEF ANA ARAÚJO;R. EXPEDICIONARIO OSVALDO SAUDINO
07/12/2023;14:25:26;2016;2;ELEIÇÃO ORDINÁRIA;1;220;ELEIÇÕES MUNICIPAIS 2016;02/10/2016;M;ES;56057;ALFREDO CHAVES;56057;ALFREDO CHAVES;12;2;13;VEREADOR;15666;ROGERIO FRANZOTTI;1;1015;80000001682;EEEF ANA ARAÚJO;R. EXPEDICIONARIO OSVALDO SAUDINO
07/12/2023;14:25:26;2016;2;ELEIÇÃO ORDINÁRIA;1;220;ELEIÇÕES MUNICIPAIS 2016;02/10/2016;M;ES;56057;ALFREDO CHAVES;56057;ALFREDO CHAVES;12;2;13;VEREADOR;40232;MARCIO CETTO;2;1015;80000001036;EEEF ANA ARAÚJO;R. EXPEDICIONARIO OSVALDO SAUDINO
07/12/2023;14:25:26;2016;2;ELEIÇÃO ORDINÁRIA;1;220;ELEIÇÕES MUNICIPAIS 2016;02/10/2016;M;ES;56057;ALFREDO CHAVES;56057;ALFREDO CHAVES;12;2;13;VEREADOR;23612;ANDRÉ SARTORI;19;1015;80000001669;EEEF ANA ARAÚJO;R. EXPEDICIONARIO OSVALDO SAUDINO
07/12/2023;14:25:26;2016;2;ELEIÇÃO ORDINÁRIA;1;220;ELEIÇÕES MUNICIPAIS 2016;02/10/2016;M;ES;56057;ALFREDO CHAVES;56057;ALFREDO CHAVES;12;2;13;VEREADOR;23123;CÁSSIO COMINOTTI DO NASCIMENTO;5;1015;80000001671;EEEF ANA ARAÚJO;R. EXPEDICIONARIO OSVALDO SAUDINO
07/12/2023;14:25:26;2016;2;ELEIÇÃO ORDINÁRIA;1;220;ELEIÇÕES MUNICIPAIS 2016;02/10/2016;M;ES;56057;ALFREDO CHAVES;56057;ALFREDO CHAVES;12;2;13;VEREADOR;11000;ROSANA MARIA CARDOSO TAVARES;1;1015;80000001047;EEEF ANA ARAÚJO;R. EXPEDICIONARIO OSVALDO SAUDINO
07/12/2023;14:25:26;2016;2;ELEIÇÃO ORDINÁRIA;1;220;ELEIÇÕES MUNICIPAIS 2016;02/10/2016;M;ES;56057;ALFREDO CHAVES;56057;ALFREDO CHAVES;12;2;13;VEREADOR;33333;ELTON ANTERIO CARDOSO BISI;11;1015;80000001023;EEEF ANA ARAÚJO;R. EXPEDICIONARIO OSVALDO SAUDINO
07/12/2023;14:25:26;2016;2;ELEIÇÃO ORDINÁRIA;1;220;ELEIÇÕES MUNICIPAIS 2016;02/10/2016;M;ES;56057;ALFREDO CHAVES;56057;ALFREDO CHAVES;12;2;13;VEREADOR;40000;NILTON CESAR BELMOK;11;1015;80000001037;EEEF ANA ARAÚJO;R. EXPEDICIONARIO OSVALDO SAUDINO
07/12/2023;14:25:26;2016;2;ELEIÇÃO ORDINÁRIA;1;220;ELEIÇÕES MUNICIPAIS 2016;02/10/2016;M;ES;56057;ALFREDO CHAVES;56057;ALFREDO CHAVES;12;2;13;VEREADOR;11123;PRIMO ARMELINDO BERGAMI;7;1015;80000001046;EEEF ANA ARAÚJO;R. EXPEDICIONARIO OSVALDO SAUDINO
07/12/2023;14:25:26;2016;2;ELEIÇÃO ORDINÁRIA;1;220;ELEIÇÕES MUNICIPAIS 2016;02/10/2016;M;ES;56057;ALFREDO CHAVES;56057;ALFREDO CHAVES;12;2;13;VEREADOR;12345;ARMANDO ZANATA INGLE RIBEIRO;15;1015;80000001643;EEEF ANA ARAÚJO;R. EXPEDICIONARIO OSVALDO SAUDINO
07/12/2023;14:25:26;2016;2;ELEIÇÃO ORDINÁRIA;1;220;ELEIÇÕES MUNICIPAIS 2016;02/10/2016;M;ES;56057;ALFREDO CHAVES;56057;ALFREDO CHAVES;12;2;11;PREFEITO;15;RONALDO BIANCHI;144;1015;80000003215;EEEF ANA ARAÚJO;R. EXPEDICIONARIO OSVALDO SAUDINO
07/12/2023;14:25:26;2016;2;ELEIÇÃO ORDINÁRIA;1;220;ELEIÇÕES MUNICIPAIS 2016;02/10/2016;M;ES;56057;ALFREDO CHAVES;56057;ALFREDO CHAVES;12;2;13;VEREADOR;40111;CHARLES GAIGHER;10;1015;80000001030;EEEF ANA ARAÚJO;R. EXPEDICIONARIO OSVALDO SAUDINO
07/12/2023;14:25:26;2016;2;ELEIÇÃO ORDINÁRIA;1;220;ELEIÇÕES MUNICIPAIS 2016;02/10/2016;M;ES;56057;ALFREDO CHAVES;56057;ALFREDO CHAVES;12;2;13;VEREADOR;95;VOTO BRANCO;7;1015;-1;EEEF ANA ARAÚJO;R. EXPEDICIONARIO OSVALDO SAUDINO
07/12/2023;14:25:26;2016;2;ELEIÇÃO ORDINÁRIA;1;220;ELEIÇÕES MUNICIPAIS 2016;02/10/2016;M;ES;56057;ALFREDO CHAVES;56057;ALFREDO CHAVES;12;4;13;VEREADOR;40333;JAQUELINE FRANZOTTI DA SILVA;2;1015;80000001032;EEEF ANA ARAÚJO;R. EXPEDICIONARIO OSVALDO SAUDINO
07/12/2023;14:25:26;2016;2;ELEIÇÃO ORDINÁRIA;1;220;ELEIÇÕES MUNICIPAIS 2016;02/10/2016;M;ES;56057;ALFREDO CHAVES;56057;ALFREDO CHAVES;12;4;13;VEREADOR;25000;JANE CASTEGLIONE BETTCHER;13;1015;80000001642;EEEF ANA ARAÚJO;R. EXPEDICIONARIO OSVALDO SAUDINO
07/12/2023;14:25:26;2016;2;ELEIÇÃO ORDINÁRIA;1;220;ELEIÇÕES MUNICIPAIS 2016;02/10/2016;M;ES;56057;ALFREDO CHAVES;56057;ALFREDO CHAVES;12;4;13;VEREADOR;15666;ROGERIO FRANZOTTI;3;1015;80000001682;EEEF ANA ARAÚJO;R. EXPEDICIONARIO OSVALDO SAUDINO
07/12/2023;14:25:26;2016;2;ELEIÇÃO ORDINÁRIA;1;220;ELEIÇÕES MUNICIPAIS 2016;02/10/2016;M;ES;56057;ALFREDO CHAVES;56057;ALFREDO CHAVES;12;4;13;VEREADOR;40232;MARCIO CETTO;2;1015;80000001036;EEEF ANA ARAÚJO;R. EXPEDICIONARIO OSVALDO SAUDINO
07/12/2023;14:25:26;2016;2;ELEIÇÃO ORDINÁRIA;1;220;ELEIÇÕES MUNICIPAIS 2016;02/10/2016;M;ES;56057;ALFREDO CHAVES;56057;ALFREDO CHAVES;12;4;13;VEREADOR;23612;ANDRÉ SARTORI;21;1015;80000001669;EEEF ANA ARAÚJO;R. EXPEDICIONARIO OSVALDO SAUDINO
07/12/2023;14:25:26;2016;2;ELEIÇÃO ORDINÁRIA;1;220;ELEIÇÕES MUNICIPAIS 2016;02/10/2016;M;ES;56057;ALFREDO CHAVES;56057;ALFREDO CHAVES;12;4;13;VEREADOR;23123;CÁSSIO COMINOTTI DO NASCIMENTO;4;1015;80000001671;EEEF ANA ARAÚJO;R. EXPEDICIONARIO OSVALDO SAUDINO
07/12/2023;14:25:26;2016;2;ELEIÇÃO ORDINÁRIA;1;220;ELEIÇÕES MUNICIPAIS 2016;02/10/2016;M;ES;56057;ALFREDO CHAVES;56057;ALFREDO CHAVES;12;4;13;VEREADOR;11000;ROSANA MARIA CARDOSO TAVARES;3;1015;80000001047;EEEF ANA ARAÚJO;R. EXPEDICIONARIO OSVALDO SAUDINO
07/12/2023;14:25:26;2016;2;ELEIÇÃO ORDINÁRIA;1;220;ELEIÇÕES MUNICIPAIS 2016;02/10/2016;M;ES;56057;ALFREDO CHAVES;56057;ALFREDO CHAVES;12;4;13;VEREADOR;33333;ELTON ANTERIO CARDOSO BISI;14;1015;80000001023;EEEF ANA ARAÚJO;R. EXPEDICIONARIO OSVALDO SAUDINO
07/12/2023;14:25:26;2016;2;ELEIÇÃO ORDINÁRIA;1;220;ELEIÇÕES MUNICIPAIS 2016;02/10/2016;M;ES;56057;ALFREDO CHAVES;56057;ALFREDO CHAVES;12;4;13;VEREADOR;40000;NILTON CESAR BELMOK;11;1015;80000001037;EEEF ANA ARAÚJO;R. EXPEDICIONARIO OSVALDO SAUDINO
07/12/2023;14:25:26;2016;2;ELEIÇÃO ORDINÁRIA;1;220;ELEIÇÕES MUNICIPAIS 2016;02/10/2016;M;ES;56057;ALFREDO CHAVES;56057;ALFREDO CHAVES;12;4;13;VEREADOR;11123;PRIMO ARMELINDO BERGAMI;4;1015;80000001046;EEEF ANA ARAÚJO;R. EXPEDICIONARIO OSVALDO SAUDINO
07/12/2023;14:25:26;2016;2;ELEIÇÃO ORDINÁRIA;1;220;ELEIÇÕES MUNICIPAIS 2016;02/10/2016;M;ES;56057;ALFREDO CHAVES;56057;ALFREDO CHAVES;12;4;13;VEREADOR;12345;ARMANDO ZANATA INGLE RIBEIRO;11;1015;80000001643;EEEF ANA ARAÚJO;R. EXPEDICIONARIO OSVALDO SAUDINO
07/12/2023;14:25:26;2016;2;ELEIÇÃO ORDINÁRIA;1;220;ELEIÇÕES MUNICIPAIS 2016;02/10/2016;M;ES;56057;ALFREDO CHAVES;56057;ALFREDO CHAVES;12;4;11;PREFEITO;15;RONALDO BIANCHI;139;1015;80000003215;EEEF ANA ARAÚJO;R. EXPEDICIONARIO OSVALDO SAUDINO
07/12/2023;14:25:26;2016;2;ELEIÇÃO ORDINÁRIA;1;220;ELEIÇÕES MUNICIPAIS 2016;02/10/2016;M;ES;56057;ALFREDO CHAVES;56057;ALFREDO CHAVES;12;4;13;VEREADOR;51000;JACINTA LUCIA SCARPARO;1;1015;80000001646;EEEF ANA ARAÚJO;R. EXPEDICIONARIO OSVALDO SAUDINO
07/12/2023;14:25:26;2016;2;ELEIÇÃO ORDINÁRIA;1;220;ELEIÇÕES MUNICIPAIS 2016;02/10/2016;M;ES;56057;ALFREDO CHAVES;56057;ALFREDO CHAVES;12;4;13;VEREADOR;40111;CHARLES GAIGHER;7;1015;80000001030;EEEF ANA ARAÚJO;R. EXPEDICIONARIO OSVALDO SAUDINO
07/12/2023;14:25:26;2016;2;ELEIÇÃO ORDINÁRIA;1;220;ELEIÇÕES MUNICIPAIS 2016;02/10/2016;M;ES;56057;ALFREDO CHAVES;56057;ALFREDO CHAVES;12;4;13;VEREADOR;15100;JOSÉ MANOEL RODRIGUES FERREIRA;1;1015;80000001678;EEEF ANA ARAÚJO;R. EXPEDICIONARIO OSVALDO SAUDINO
07/12/2023;14:25:26;2016;2;ELEIÇÃO ORDINÁRIA;1;220;ELEIÇÕES MUNICIPAIS 2016;02/10/2016;M;ES;56057;ALFREDO CHAVES;56057;ALFREDO CHAVES;12;4;13;VEREADOR;95;VOTO BRANCO;8;1015;-1;EEEF ANA ARAÚJO;R. EXPEDICIONARIO OSVALDO SAUDINO
07/12/2023;14:25:26;2016;2;ELEIÇÃO ORDINÁRIA;1;220;ELEIÇÕES MUNICIPAIS 2016;02/10/2016;M;ES;56057;ALFREDO CHAVES;56057;ALFREDO CHAVES;12;1;13;VEREADOR;13123;JOSÉ DOMINGOS GOTTARDO;1;1015;80000001647;EEEF ANA ARAÚJO;R. EXPEDICIONARIO OSVALDO SAUDINO
07/12/2023;14:25:26;2016;2;ELEIÇÃO ORDINÁRIA;1;220;ELEIÇÕES MUNICIPAIS 2016;02/10/2016;M;ES;56057;ALFREDO CHAVES;56057;ALFREDO CHAVES;12;1;13;VEREADOR;40123;CLEOMIR GOBBI BUBACK;2;1015;80000001029;EEEF ANA ARAÚJO;R. EXPEDICIONARIO OSVALDO SAUDINO
07/12/2023;14:25:26;2016;2;ELEIÇÃO ORDINÁRIA;1;220;ELEIÇÕES MUNICIPAIS 2016;02/10/2016;M;ES;56057;ALFREDO CHAVES;56057;ALFREDO CHAVES;12;1;13;VEREADOR;40789;ADILSON JOSE ROVETA;2;1015;80000001028;EEEF ANA ARAÚJO;R. EXPEDICIONARIO OSVALDO SAUDINO
07/12/2023;14:25:26;2016;2;ELEIÇÃO ORDINÁRIA;1;220;ELEIÇÕES MUNICIPAIS 2016;02/10/2016;M;ES;56057;ALFREDO CHAVES;56057;ALFREDO CHAVES;12;1;11;PREFEITO;40;FERNANDO VIDEIRA LAFAYETTE;154;1015;80000001058;EEEF ANA ARAÚJO;R. EXPEDICIONARIO OSVALDO SAUDINO
07/12/2023;14:25:26;2016;2;ELEIÇÃO ORDINÁRIA;1;220;ELEIÇÕES MUNICIPAIS 2016;02/10/2016;M;ES;56057;ALFREDO CHAVES;56057;ALFREDO CHAVES;12;1;13;VEREADOR;15555;HELENA MARIA FIORIN FAVERO;4;1015;80000001677;EEEF ANA ARAÚJO;R. EXPEDICIONARIO OSVALDO SAUDINO
07/12/2023;14:25:26;2016;2;ELEIÇÃO ORDINÁRIA;1;220;ELEIÇÕES MUNICIPAIS 2016;02/10/2016;M;ES;56057;ALFREDO CHAVES;56057;ALFREDO CHAVES;12;1;13;VEREADOR;23333;RENATO CARDOSO;2;1015;80000001681;EEEF ANA ARAÚJO;R. EXPEDICIONARIO OSVALDO SAUDINO
07/12/2023;14:25:26;2016;2;ELEIÇÃO ORDINÁRIA;1;220;ELEIÇÕES MUNICIPAIS 2016;02/10/2016;M;ES;56057;ALFREDO CHAVES;56057;ALFREDO CHAVES;12;1;13;VEREADOR;40456;SERAFINO ANTÔNIO SIMONI;5;1015;80000001024;EEEF ANA ARAÚJO;R. EXPEDICIONARIO OSVALDO SAUDINO
07/12/2023;14:25:26;2016;2;ELEIÇÃO ORDINÁRIA;1;220;ELEIÇÕES MUNICIPAIS 2016;02/10/2016;M;ES;56057;ALFREDO CHAVES;56057;ALFREDO CHAVES;12;1;13;VEREADOR;15000;DANIEL ORLANDI;10;1015;80000001672;EEEF ANA ARAÚJO;R. EXPEDICIONARIO OSVALDO SAUDINO
07/12/2023;14:25:26;2016;2;ELEIÇÃO ORDINÁRIA;1;220;ELEIÇÕES MUNICIPAIS 2016;02/10/2016;M;ES;56057;ALFREDO CHAVES;56057;ALFREDO CHAVES;12;1;13;VEREADOR;22222;JOAO LUIZ MONTEIRO;4;1015;80000001054;EEEF ANA ARAÚJO;R. EXPEDICIONARIO OSVALDO SAUDINO
07/12/2023;14:25:26;2016;2;ELEIÇÃO ORDINÁRIA;1;220;ELEIÇÕES MUNICIPAIS 2016;02/10/2016;M;ES;56057;ALFREDO CHAVES;56057;ALFREDO CHAVES;12;1;13;VEREADOR;23111;FERNANDO ALVES;19;1015;80000001675;EEEF ANA ARAÚJO;R. EXPEDICIONARIO OSVALDO SAUDINO
07/12/2023;14:25:26;2016;2;ELEIÇÃO ORDINÁRIA;1;220;ELEIÇÕES MUNICIPAIS 2016;02/10/2016;M;ES;56057;ALFREDO CHAVES;56057;ALFREDO CHAVES;12;1;13;VEREADOR;20789;JOSE MARIO DE ANDRADE FERREIRA;6;1015;80000001052;EEEF ANA ARAÚJO;R. EXPEDICIONARIO OSVALDO SAUDINO
07/12/2023;14:25:26;2016;2;ELEIÇÃO ORDINÁRIA;1;220;ELEIÇÕES MUNICIPAIS 2016;02/10/2016;M;ES;56057;ALFREDO CHAVES;56057;ALFREDO CHAVES;12;1;13;VEREADOR;15311;NARCISO DE ABREU GRASSI;23;1015;80000001679;EEEF ANA ARAÚJO;R. EXPEDICIONARIO OSVALDO SAUDINO
07/12/2023;14:25:26;2016;2;ELEIÇÃO ORDINÁRIA;1;220;ELEIÇÕES MUNICIPAIS 2016;02/10/2016;M;ES;56057;ALFREDO CHAVES;56057;ALFREDO CHAVES;12;4;11;PREFEITO;40;FERNANDO VIDEIRA LAFAYETTE;156;1015;80000001058;EEEF ANA ARAÚJO;R. EXPEDICIONARIO OSVALDO SAUDINO
07/12/2023;14:25:26;2016;2;ELEIÇÃO ORDINÁRIA;1;220;ELEIÇÕES MUNICIPAIS 2016;02/10/2016;M;ES;56057;ALFREDO CHAVES;56057;ALFREDO CHAVES;12;4;13;VEREADOR;15555;HELENA MARIA FIORIN FAVERO;3;1015;80000001677;EEEF ANA ARAÚJO;R. EXPEDICIONARIO OSVALDO SAUDINO
07/12/2023;14:25:26;2016;2;ELEIÇÃO ORDINÁRIA;1;220;ELEIÇÕES MUNICIPAIS 2016;02/10/2016;M;ES;56057;ALFREDO CHAVES;56057;ALFREDO CHAVES;12;4;13;VEREADOR;23333;RENATO CARDOSO;3;1015;80000001681;EEEF ANA ARAÚJO;R. EXPEDICIONARIO OSVALDO SAUDINO
07/12/2023;14:25:26;2016;2;ELEIÇÃO ORDINÁRIA;1;220;ELEIÇÕES MUNICIPAIS 2016;02/10/2016;M;ES;56057;ALFREDO CHAVES;56057;ALFREDO CHAVES;12;4;13;VEREADOR;40456;SERAFINO ANTÔNIO SIMONI;1;1015;80000001024;EEEF ANA ARAÚJO;R. EXPEDICIONARIO OSVALDO SAUDINO
07/12/2023;14:25:26;2016;2;ELEIÇÃO ORDINÁRIA;1;220;ELEIÇÕES MUNICIPAIS 2016;02/10/2016;M;ES;56057;ALFREDO CHAVES;56057;ALFREDO CHAVES;12;4;13;VEREADOR;20555;ANGELO ARPINI;3;1015;80000001049;EEEF ANA ARAÚJO;R. EXPEDICIONARIO OSVALDO SAUDINO
07/12/2023;14:25:26;2016;2;ELEIÇÃO ORDINÁRIA;1;220;ELEIÇÕES MUNICIPAIS 2016;02/10/2016;M;ES;56057;ALFREDO CHAVES;56057;ALFREDO CHAVES;12;4;13;VEREADOR;15000;DANIEL ORLANDI;12;1015;80000001672;EEEF ANA ARAÚJO;R. EXPEDICIONARIO OSVALDO SAUDINO
07/12/2023;14:25:26;2016;2;ELEIÇÃO ORDINÁRIA;1;220;ELEIÇÕES MUNICIPAIS 2016;02/10/2016;M;ES;56057;ALFREDO CHAVES;56057;ALFREDO CHAVES;12;4;13;VEREADOR;22222;JOAO LUIZ MONTEIRO;2;1015;80000001054;EEEF ANA ARAÚJO;R. EXPEDICIONARIO OSVALDO SAUDINO
07/12/2023;14:25:26;2016;2;ELEIÇÃO ORDINÁRIA;1;220;ELEIÇÕES MUNICIPAIS 2016;02/10/2016;M;ES;56057;ALFREDO CHAVES;56057;ALFREDO CHAVES;12;4;13;VEREADOR;23111;FERNANDO ALVES;10;1015;80000001675;EEEF ANA ARAÚJO;R. EXPEDICIONARIO OSVALDO SAUDINO
07/12/2023;14:25:26;2016;2;ELEIÇÃO ORDINÁRIA;1;220;ELEIÇÕES MUNICIPAIS 2016;02/10/2016;M;ES;56057;ALFREDO CHAVES;56057;ALFREDO CHAVES;12;4;13;VEREADOR;20789;JOSE MARIO DE ANDRADE FERREIRA;7;1015;80000001052;EEEF ANA ARAÚJO;R. EXPEDICIONARIO OSVALDO SAUDINO
07/12/2023;14:25:26;2016;2;ELEIÇÃO ORDINÁRIA;1;220;ELEIÇÕES MUNICIPAIS 2016;02/10/2016;M;ES;56057;ALFREDO CHAVES;56057;ALFREDO CHAVES;12;4;13;VEREADOR;15311;NARCISO DE ABREU GRASSI;23;1015;80000001679;EEEF ANA ARAÚJO;R. EXPEDICIONARIO OSVALDO SAUDINO
07/12/2023;14:25:26;2016;2;ELEIÇÃO ORDINÁRIA;1;220;ELEIÇÕES MUNICIPAIS 2016;02/10/2016;M;ES;56057;ALFREDO CHAVES;56057;ALFREDO CHAVES;12;4;13;VEREADOR;23666;PAULO MUNALDI;20;1015;80000001680;EEEF ANA ARAÚJO;R. EXPEDICIONARIO OSVALDO SAUDINO
07/12/2023;14:25:26;2016;2;ELEIÇÃO ORDINÁRIA;1;220;ELEIÇÕES MUNICIPAIS 2016;02/10/2016;M;ES;56057;ALFREDO CHAVES;56057;ALFREDO CHAVES;12;4;13;VEREADOR;20333;MARCO ANTONIO MOZER;2;1015;80000001053;EEEF ANA ARAÚJO;R. EXPEDICIONARIO OSVALDO SAUDINO
07/12/2023;14:25:26;2016;2;ELEIÇÃO ORDINÁRIA;1;220;ELEIÇÕES MUNICIPAIS 2016;02/10/2016;M;ES;56057;ALFREDO CHAVES;56057;ALFREDO CHAVES;12;4;11;PREFEITO;96;VOTO NULO;13;1015;-1;EEEF ANA ARAÚJO;R. EXPEDICIONARIO OSVALDO SAUDINO
07/12/2023;14:25:26;2016;2;ELEIÇÃO ORDINÁRIA;1;220;ELEIÇÕES MUNICIPAIS 2016;02/10/2016;M;ES;56057;ALFREDO CHAVES;56057;ALFREDO CHAVES;12;4;13;VEREADOR;40400;DARCY MARCHIORI DE PAULA GAIGHER;18;1015;80000001025;EEEF ANA ARAÚJO;R. EXPEDICIONARIO OSVALDO SAUDINO
07/12/2023;14:25:26;2016;2;ELEIÇÃO ORDINÁRIA;1;220;ELEIÇÕES MUNICIPAIS 2016;02/10/2016;M;ES;56057;ALFREDO CHAVES;56057;ALFREDO CHAVES;12;4;13;VEREADOR;43222;MARCIO DESTEFANI;2;1015;80000001056;EEEF ANA ARAÚJO;R. EXPEDICIONARIO OSVALDO SAUDINO
07/12/2023;14:25:26;2016;2;ELEIÇÃO ORDINÁRIA;1;220;ELEIÇÕES MUNICIPAIS 2016;02/10/2016;M;ES;56057;ALFREDO CHAVES;56057;ALFREDO CHAVES;12;4;13;VEREADOR;45123;EDIMAR VANELI;1;1015;80000001040;EEEF ANA ARAÚJO;R. EXPEDICIONARIO OSVALDO SAUDINO
07/12/2023;14:25:26;2016;2;ELEIÇÃO ORDINÁRIA;1;220;ELEIÇÕES MUNICIPAIS 2016;02/10/2016;M;ES;56057;ALFREDO CHAVES;56057;ALFREDO CHAVES;12;4;13;VEREADOR;11222;SANTE JOSÉ GRATIERI;1;1015;80000001048;EEEF ANA ARAÚJO;R. EXPEDICIONARIO OSVALDO SAUDINO
07/12/2023;14:25:26;2016;2;ELEIÇÃO ORDINÁRIA;1;220;ELEIÇÕES MUNICIPAIS 2016;02/10/2016;M;ES;56057;ALFREDO CHAVES;56057;ALFREDO CHAVES;12;4;13;VEREADOR;40321;GILSON LUIZ BELLON;7;1015;80000001031;EEEF ANA ARAÚJO;R. EXPEDICIONARIO OSVALDO SAUDINO
07/12/2023;14:25:26;2016;2;ELEIÇÃO ORDINÁRIA;1;220;ELEIÇÕES MUNICIPAIS 2016;02/10/2016;M;ES;56057;ALFREDO CHAVES;56057;ALFREDO CHAVES;12;4;13;VEREADOR;40444;PASCOAL GARCIA MARTINS;6;1015;80000001038;EEEF ANA ARAÚJO;R. EXPEDICIONARIO OSVALDO SAUDINO
07/12/2023;14:25:26;2016;2;ELEIÇÃO ORDINÁRIA;1;220;ELEIÇÕES MUNICIPAIS 2016;02/10/2016;M;ES;56057;ALFREDO CHAVES;56057;ALFREDO CHAVES;12;4;11;PREFEITO;95;VOTO BRANCO;4;1015;-1;EEEF ANA ARAÚJO;R. EXPEDICIONARIO OSVALDO SAUDINO
07/12/2023;14:25:26;2016;2;ELEIÇÃO ORDINÁRIA;1;220;ELEIÇÕES MUNICIPAIS 2016;02/10/2016;M;ES;56057;ALFREDO CHAVES;56057;ALFREDO CHAVES;12;4;13;VEREADOR;40777;MARINALVA ALVES DA SILVA;1;1015;80000001027;EEEF ANA ARAÚJO;R. EXPEDICIONARIO OSVALDO SAUDINO
07/12/2023;14:25:26;2016;2;ELEIÇÃO ORDINÁRIA;1;220;ELEIÇÕES MUNICIPAIS 2016;02/10/2016;M;ES;56057;ALFREDO CHAVES;56057;ALFREDO CHAVES;12;4;13;VEREADOR;13610;NILSON HONORATO VANELI;1;1015;80000001650;EEEF ANA ARAÚJO;R. EXPEDICIONARIO OSVALDO SAUDINO
07/12/2023;14:25:26;2016;2;ELEIÇÃO ORDINÁRIA;1;220;ELEIÇÕES MUNICIPAIS 2016;02/10/2016;M;ES;56057;ALFREDO CHAVES;56057;ALFREDO CHAVES;12;4;13;VEREADOR;11964;MARIA MAGDALENA NASCIMENTO;2;1015;80000001045;EEEF ANA ARAÚJO;R. EXPEDICIONARIO OSVALDO SAUDINO
07/12/2023;14:25:26;2016;2;ELEIÇÃO ORDINÁRIA;1;220;ELEIÇÕES MUNICIPAIS 2016;02/10/2016;M;ES;56057;ALFREDO CHAVES;56057;ALFREDO CHAVES;12;4;13;VEREADOR;40202;LAURO ALVES PEREIRA;1;1015;80000001034;EEEF ANA ARAÚJO;R. EXPEDICIONARIO OSVALDO SAUDINO
07/12/2023;14:25:26;2016;2;ELEIÇÃO ORDINÁRIA;1;220;ELEIÇÕES MUNICIPAIS 2016;02/10/2016;M;ES;56057;ALFREDO CHAVES;56057;ALFREDO CHAVES;12;4;13;VEREADOR;11555;MARIA DOS ANJOS GAIGHER DE PAULA;2;1015;80000001044;EEEF ANA ARAÚJO;R. EXPEDICIONARIO OSVALDO SAUDINO
07/12/2023;14:25:26;2016;2;ELEIÇÃO ORDINÁRIA;1;220;ELEIÇÕES MUNICIPAIS 2016;02/10/2016;M;ES;56057;ALFREDO CHAVES;56057;ALFREDO CHAVES;12;4;13;VEREADOR;40222;LUIZ JUNQUEIRA VIONEL;3;1015;80000001035;EEEF ANA ARAÚJO;R. EXPEDICIONARIO OSVALDO SAUDINO
07/12/2023;14:25:26;2016;2;ELEIÇÃO ORDINÁRIA;1;220;ELEIÇÕES MUNICIPAIS 2016;02/10/2016;M;ES;56057;ALFREDO CHAVES;56057;ALFREDO CHAVES;12;4;13;VEREADOR;90000;DULCIANE BRUNORO ESTEVES;2;1015;80000001022;EEEF ANA ARAÚJO;R. EXPEDICIONARIO OSVALDO SAUDINO
07/12/2023;14:25:26;2016;2;ELEIÇÃO ORDINÁRIA;1;220;ELEIÇÕES MUNICIPAIS 2016;02/10/2016;M;ES;56057;ALFREDO CHAVES;56057;ALFREDO CHAVES;12;4;13;VEREADOR;51200;ANTONIETA PETRI;1;1015;80000001649;EEEF ANA ARAÚJO;R. EXPEDICIONARIO OSVALDO SAUDINO
07/12/2023;14:25:26;2016;2;ELEIÇÃO ORDINÁRIA;1;220;ELEIÇÕES MUNICIPAIS 2016;02/10/2016;M;ES;56057;ALFREDO CHAVES;56057;ALFREDO CHAVES;12;4;13;VEREADOR;96;VOTO NULO;6;1015;-1;EEEF ANA ARAÚJO;R. EXPEDICIONARIO OSVALDO SAUDINO
07/12/2023;14:25:26;2016;2;ELEIÇÃO ORDINÁRIA;1;220;ELEIÇÕES MUNICIPAIS 2016;02/10/2016;M;ES;56057;ALFREDO CHAVES;56057;ALFREDO CHAVES;12;4;13;VEREADOR;18123;ERVAN CESAR;3;1015;80000001644;EEEF ANA ARAÚJO;R. EXPEDICIONARIO OSVALDO SAUDINO
07/12/2023;14:25:26;2016;2;ELEIÇÃO ORDINÁRIA;1;220;ELEIÇÕES MUNICIPAIS 2016;02/10/2016;M;ES;56057;ALFREDO CHAVES;56057;ALFREDO CHAVES;12;4;13;VEREADOR;45000;JONAS NUNES SIMÕES;20;1015;80000001041;EEEF ANA ARAÚJO;R. EXPEDICIONARIO OSVALDO SAUDINO
07/12/2023;14:25:26;2016;2;ELEIÇÃO ORDINÁRIA;1;220;ELEIÇÕES MUNICIPAIS 2016;02/10/2016;M;ES;56057;ALFREDO CHAVES;56057;ALFREDO CHAVES;12;4;13;VEREADOR;55000;SERGIO BIANCHI;15;1015;80000001684;EEEF ANA ARAÚJO;R. EXPEDICIONARIO OSVALDO SAUDINO
07/12/2023;14:25:26;2016;2;ELEIÇÃO ORDINÁRIA;1;220;ELEIÇÕES MUNICIPAIS 2016;02/10/2016;M;ES;56057;ALFREDO CHAVES;56057;ALFREDO CHAVES;12;4;13;VEREADOR;19000;ITAGIBA AUGUSTO VIANA MATTOS;2;1015;80000001055;EEEF ANA ARAÚJO;R. EXPEDICIONARIO OSVALDO SAUDINO
07/12/2023;14:25:26;2016;2;ELEIÇÃO ORDINÁRIA;1;220;ELEIÇÕES MUNICIPAIS 2016;02/10/2016;M;ES;56057;ALFREDO CHAVES;56057;ALFREDO CHAVES;12;4;13;VEREADOR;40789;ADILSON JOSE ROVETA;2;1015;80000001028;EEEF ANA ARAÚJO;R. EXPEDICIONARIO OSVALDO SAUDINO
07/12/2023;14:25:26;2016;2;ELEIÇÃO ORDINÁRIA;1;220;ELEIÇÕES MUNICIPAIS 2016;02/10/2016;M;ES;56057;ALFREDO CHAVES;56057;ALFREDO CHAVES;12;26;13;VEREADOR;13123;JOSÉ DOMINGOS GOTTARDO;2;1163;80000001647;EEUEF VILA NOVA DE MARAVILHA;R. PRINCIPAL, S/ Nº
07/12/2023;14:25:26;2016;2;ELEIÇÃO ORDINÁRIA;1;220;ELEIÇÕES MUNICIPAIS 2016;02/10/2016;M;ES;56057;ALFREDO CHAVES;56057;ALFREDO CHAVES;12;26;11;PREFEITO;40;FERNANDO VIDEIRA LAFAYETTE;78;1163;80000001058;EEUEF VILA NOVA DE MARAVILHA;R. PRINCIPAL, S/ Nº
07/12/2023;14:25:26;2016;2;ELEIÇÃO ORDINÁRIA;1;220;ELEIÇÕES MUNICIPAIS 2016;02/10/2016;M;ES;56057;ALFREDO CHAVES;56057;ALFREDO CHAVES;12;26;13;VEREADOR;15555;HELENA MARIA FIORIN FAVERO;12;1163;80000001677;EEUEF VILA NOVA DE MARAVILHA;R. PRINCIPAL, S/ Nº
07/12/2023;14:25:26;2016;2;ELEIÇÃO ORDINÁRIA;1;220;ELEIÇÕES MUNICIPAIS 2016;02/10/2016;M;ES;56057;ALFREDO CHAVES;56057;ALFREDO CHAVES;12;26;13;VEREADOR;40456;SERAFINO ANTÔNIO SIMONI;2;1163;80000001024;EEUEF VILA NOVA DE MARAVILHA;R. PRINCIPAL, S/ Nº
07/12/2023;14:25:26;2016;2;ELEIÇÃO ORDINÁRIA;1;220;ELEIÇÕES MUNICIPAIS 2016;02/10/2016;M;ES;56057;ALFREDO CHAVES;56057;ALFREDO CHAVES;12;26;13;VEREADOR;20555;ANGELO ARPINI;1;1163;80000001049;EEUEF VILA NOVA DE MARAVILHA;R. PRINCIPAL, S/ Nº
07/12/2023;14:25:26;2016;2;ELEIÇÃO ORDINÁRIA;1;220;ELEIÇÕES MUNICIPAIS 2016;02/10/2016;M;ES;56057;ALFREDO CHAVES;56057;ALFREDO CHAVES;12;26;13;VEREADOR;15000;DANIEL ORLANDI;2;1163;80000001672;EEUEF VILA NOVA DE MARAVILHA;R. PRINCIPAL, S/ Nº
07/12/2023;14:25:26;2016;2;ELEIÇÃO ORDINÁRIA;1;220;ELEIÇÕES MUNICIPAIS 2016;02/10/2016;M;ES;56057;ALFREDO CHAVES;56057;ALFREDO CHAVES;12;26;13;VEREADOR;15311;NARCISO DE ABREU GRASSI;24;1163;80000001679;EEUEF VILA NOVA DE MARAVILHA;R. PRINCIPAL, S/ Nº
07/12/2023;14:25:26;2016;2;ELEIÇÃO ORDINÁRIA;1;220;ELEIÇÕES MUNICIPAIS 2016;02/10/2016;M;ES;56057;ALFREDO CHAVES;56057;ALFREDO CHAVES;12;26;11;PREFEITO;96;VOTO NULO;4;1163;-1;EEUEF VILA NOVA DE MARAVILHA;R. PRINCIPAL, S/ Nº
07/12/2023;14:25:26;2016;2;ELEIÇÃO ORDINÁRIA;1;220;ELEIÇÕES MUNICIPAIS 2016;02/10/2016;M;ES;56057;ALFREDO CHAVES;56057;ALFREDO CHAVES;12;26;13;VEREADOR;40400;DARCY MARCHIORI DE PAULA GAIGHER;4;1163;80000001025;EEUEF VILA NOVA DE MARAVILHA;R. PRINCIPAL, S/ Nº
07/12/2023;14:25:26;2016;2;ELEIÇÃO ORDINÁRIA;1;220;ELEIÇÕES MUNICIPAIS 2016;02/10/2016;M;ES;56057;ALFREDO CHAVES;56057;ALFREDO CHAVES;12;26;13;VEREADOR;11222;SANTE JOSÉ GRATIERI;10;1163;80000001048;EEUEF VILA NOVA DE MARAVILHA;R. PRINCIPAL, S/ Nº
07/12/2023;14:25:26;2016;2;ELEIÇÃO ORDINÁRIA;1;220;ELEIÇÕES MUNICIPAIS 2016;02/10/2016;M;ES;56057;ALFREDO CHAVES;56057;ALFREDO CHAVES;12;26;11;PREFEITO;95;VOTO BRANCO;3;1163;-1;EEUEF VILA NOVA DE MARAVILHA;R. PRINCIPAL, S/ Nº
07/12/2023;14:25:26;2016;2;ELEIÇÃO ORDINÁRIA;1;220;ELEIÇÕES MUNICIPAIS 2016;02/10/2016;M;ES;56057;ALFREDO CHAVES;56057;ALFREDO CHAVES;12;26;13;VEREADOR;40321;GILSON LUIZ BELLON;16;1163;80000001031;EEUEF VILA NOVA DE MARAVILHA;R. PRINCIPAL, S/ Nº
07/12/2023;14:25:26;2016;2;ELEIÇÃO ORDINÁRIA;1;220;ELEIÇÕES MUNICIPAIS 2016;02/10/2016;M;ES;56057;ALFREDO CHAVES;56057;ALFREDO CHAVES;12;19;11;PREFEITO;40;FERNANDO VIDEIRA LAFAYETTE;102;1104;80000001058;SALÃO COMUNITÁRIO DE NOVA ESTRELA;R. PRINCIPAL, S/ Nº
07/12/2023;14:25:26;2016;2;ELEIÇÃO ORDINÁRIA;1;220;ELEIÇÕES MUNICIPAIS 2016;02/10/2016;M;ES;56057;ALFREDO CHAVES;56057;ALFREDO CHAVES;12;19;13;VEREADOR;15000;DANIEL ORLANDI;22;1104;80000001672;SALÃO COMUNITÁRIO DE NOVA ESTRELA;R. PRINCIPAL, S/ Nº
07/12/2023;14:25:26;2016;2;ELEIÇÃO ORDINÁRIA;1;220;ELEIÇÕES MUNICIPAIS 2016;02/10/2016;M;ES;56057;ALFREDO CHAVES;56057;ALFREDO CHAVES;12;19;13;VEREADOR;15311;NARCISO DE ABREU GRASSI;20;1104;80000001679;SALÃO COMUNITÁRIO DE NOVA ESTRELA;R. PRINCIPAL, S/ Nº
07/12/2023;14:25:26;2016;2;ELEIÇÃO ORDINÁRIA;1;220;ELEIÇÕES MUNICIPAIS 2016;02/10/2016;M;ES;56057;ALFREDO CHAVES;56057;ALFREDO CHAVES;12;19;13;VEREADOR;23666;PAULO MUNALDI;15;1104;80000001680;SALÃO COMUNITÁRIO DE NOVA ESTRELA;R. PRINCIPAL, S/ Nº
07/12/2023;14:25:26;2016;2;ELEIÇÃO ORDINÁRIA;1;220;ELEIÇÕES MUNICIPAIS 2016;02/10/2016;M;ES;56057;ALFREDO CHAVES;56057;ALFREDO CHAVES;12;19;13;VEREADOR;20333;MARCO ANTONIO MOZER;1;1104;80000001053;SALÃO COMUNITÁRIO DE NOVA ESTRELA;R. PRINCIPAL, S/ Nº
07/12/2023;14:25:26;2016;2;ELEIÇÃO ORDINÁRIA;1;220;ELEIÇÕES MUNICIPAIS 2016;02/10/2016;M;ES;56057;ALFREDO CHAVES;56057;ALFREDO CHAVES;12;19;11;PREFEITO;96;VOTO NULO;2;1104;-1;SALÃO COMUNITÁRIO DE NOVA ESTRELA;R. PRINCIPAL, S/ Nº
07/12/2023;14:25:26;2016;2;ELEIÇÃO ORDINÁRIA;1;220;ELEIÇÕES MUNICIPAIS 2016;02/10/2016;M;ES;56057;ALFREDO CHAVES;56057;ALFREDO CHAVES;12;19;13;VEREADOR;40400;DARCY MARCHIORI DE PAULA GAIGHER;5;1104;80000001025;SALÃO COMUNITÁRIO DE NOVA ESTRELA;R. PRINCIPAL, S/ Nº
07/12/2023;14:25:26;2016;2;ELEIÇÃO ORDINÁRIA;1;220;ELEIÇÕES MUNICIPAIS 2016;02/10/2016;M;ES;56057;ALFREDO CHAVES;56057;ALFREDO CHAVES;12;21;13;VEREADOR;11;Partido Progressista;1;1120;-3;EUE QUARTO TERRITÓRIO;R. PRINCIPAL , S/ Nº
07/12/2023;14:25:26;2016;2;ELEIÇÃO ORDINÁRIA;1;220;ELEIÇÕES MUNICIPAIS 2016;02/10/2016;M;ES;56057;ALFREDO CHAVES;56057;ALFREDO CHAVES;12;21;13;VEREADOR;15;Partido do Movimento Democrático Brasileiro;5;1120;-3;EUE QUARTO TERRITÓRIO;R. PRINCIPAL , S/ Nº
07/12/2023;14:25:26;2016;2;ELEIÇÃO ORDINÁRIA;1;220;ELEIÇÕES MUNICIPAIS 2016;02/10/2016;M;ES;56057;ALFREDO CHAVES;56057;ALFREDO CHAVES;12;21;13;VEREADOR;22;Partido da República;2;1120;-3;EUE QUARTO TERRITÓRIO;R. PRINCIPAL , S/ Nº
07/12/2023;14:25:26;2016;2;ELEIÇÃO ORDINÁRIA;1;220;ELEIÇÕES MUNICIPAIS 2016;02/10/2016;M;ES;56057;ALFREDO CHAVES;56057;ALFREDO CHAVES;12;21;13;VEREADOR;23;Partido Popular Socialista;1;1120;-3;EUE QUARTO TERRITÓRIO;R. PRINCIPAL , S/ Nº
07/12/2023;14:25:26;2016;2;ELEIÇÃO ORDINÁRIA;1;220;ELEIÇÕES MUNICIPAIS 2016;02/10/2016;M;ES;56057;ALFREDO CHAVES;56057;ALFREDO CHAVES;12;21;13;VEREADOR;40;Partido Socialista Brasileiro;6;1120;-3;EUE QUARTO TERRITÓRIO;R. PRINCIPAL , S/ Nº
07/12/2023;14:25:26;2016;2;ELEIÇÃO ORDINÁRIA;1;220;ELEIÇÕES MUNICIPAIS 2016;02/10/2016;M;ES;56057;ALFREDO CHAVES;56057;ALFREDO CHAVES;12;21;13;VEREADOR;55;Partido Social Democrático;6;1120;-3;EUE QUARTO TERRITÓRIO;R. PRINCIPAL , S/ Nº
07/12/2023;14:25:26;2016;2;ELEIÇÃO ORDINÁRIA;1;220;ELEIÇÕES MUNICIPAIS 2016;02/10/2016;M;ES;56057;ALFREDO CHAVES;56057;ALFREDO CHAVES;12;27;13;VEREADOR;11;Partido Progressista;2;1171;-3;EEEF CAMILA MOTA;R. NELSON DA COSTA MELLO, S/ N
07/12/2023;14:25:26;2016;2;ELEIÇÃO ORDINÁRIA;1;220;ELEIÇÕES MUNICIPAIS 2016;02/10/2016;M;ES;56057;ALFREDO CHAVES;56057;ALFREDO CHAVES;12;27;13;VEREADOR;15;Partido do Movimento Democrático Brasileiro;5;1171;-3;EEEF CAMILA MOTA;R. NELSON DA COSTA MELLO, S/ N
07/12/2023;14:25:26;2016;2;ELEIÇÃO ORDINÁRIA;1;220;ELEIÇÕES MUNICIPAIS 2016;02/10/2016;M;ES;56057;ALFREDO CHAVES;56057;ALFREDO CHAVES;12;27;13;VEREADOR;20;Partido Social Cristão;1;1171;-3;EEEF CAMILA MOTA;R. NELSON DA COSTA MELLO, S/ N
07/12/2023;14:25:26;2016;2;ELEIÇÃO ORDINÁRIA;1;220;ELEIÇÕES MUNICIPAIS 2016;02/10/2016;M;ES;56057;ALFREDO CHAVES;56057;ALFREDO CHAVES;12;27;13;VEREADOR;22;Partido da República;2;1171;-3;EEEF CAMILA MOTA;R. NELSON DA COSTA MELLO, S/ N
07/12/2023;14:25:26;2016;2;ELEIÇÃO ORDINÁRIA;1;220;ELEIÇÕES MUNICIPAIS 2016;02/10/2016;M;ES;56057;ALFREDO CHAVES;56057;ALFREDO CHAVES;12;27;13;VEREADOR;40;Partido Socialista Brasileiro;6;1171;-3;EEEF CAMILA MOTA;R. NELSON DA COSTA MELLO, S/ N
07/12/2023;14:25:26;2016;2;ELEIÇÃO ORDINÁRIA;1;220;ELEIÇÕES MUNICIPAIS 2016;02/10/2016;M;ES;56057;ALFREDO CHAVES;56057;ALFREDO CHAVES;12;27;13;VEREADOR;51234;SIMÃO LOPES DOS SANTOS;1;1171;80000001645;EEEF CAMILA MOTA;R. NELSON DA COSTA MELLO, S/ N
07/12/2023;14:25:26;2016;2;ELEIÇÃO ORDINÁRIA;1;220;ELEIÇÕES MUNICIPAIS 2016;02/10/2016;M;ES;56057;ALFREDO CHAVES;56057;ALFREDO CHAVES;12;27;11;PREFEITO;15;RONALDO BIANCHI;165;1171;80000003215;EEEF CAMILA MOTA;R. NELSON DA COSTA MELLO, S/ N
07/12/2023;14:25:26;2016;2;ELEIÇÃO ORDINÁRIA;1;220;ELEIÇÕES MUNICIPAIS 2016;02/10/2016;M;ES;56057;ALFREDO CHAVES;56057;ALFREDO CHAVES;12;27;13;VEREADOR;40111;CHARLES GAIGHER;6;1171;80000001030;EEEF CAMILA MOTA;R. NELSON DA COSTA MELLO, S/ N
07/12/2023;14:25:26;2016;2;ELEIÇÃO ORDINÁRIA;1;220;ELEIÇÕES MUNICIPAIS 2016;02/10/2016;M;ES;56057;ALFREDO CHAVES;56057;ALFREDO CHAVES;12;27;13;VEREADOR;15100;JOSÉ MANOEL RODRIGUES FERREIRA;1;1171;80000001678;EEEF CAMILA MOTA;R. NELSON DA COSTA MELLO, S/ N
07/12/2023;14:25:26;2016;2;ELEIÇÃO ORDINÁRIA;1;220;ELEIÇÕES MUNICIPAIS 2016;02/10/2016;M;ES;56057;ALFREDO CHAVES;56057;ALFREDO CHAVES;12;27;13;VEREADOR;95;VOTO BRANCO;6;1171;-1;EEEF CAMILA MOTA;R. NELSON DA COSTA MELLO, S/ N
07/12/2023;14:25:26;2016;2;ELEIÇÃO ORDINÁRIA;1;220;ELEIÇÕES MUNICIPAIS 2016;02/10/2016;M;ES;56057;ALFREDO CHAVES;56057;ALFREDO CHAVES;12;25;13;VEREADOR;12;Partido Democrático Trabalhista;1;1155;-3;EMEF FELIPE MODOLO;R. PRINCIPAL, S/ N
07/12/2023;14:25:26;2016;2;ELEIÇÃO ORDINÁRIA;1;220;ELEIÇÕES MUNICIPAIS 2016;02/10/2016;M;ES;56057;ALFREDO CHAVES;56057;ALFREDO CHAVES;12;25;13;VEREADOR;15;Partido do Movimento Democrático Brasileiro;3;1155;-3;EMEF FELIPE MODOLO;R. PRINCIPAL, S/ N
07/12/2023;14:25:26;2016;2;ELEIÇÃO ORDINÁRIA;1;220;ELEIÇÕES MUNICIPAIS 2016;02/10/2016;M;ES;56057;ALFREDO CHAVES;56057;ALFREDO CHAVES;12;25;13;VEREADOR;40;Partido Socialista Brasileiro;8;1155;-3;EMEF FELIPE MODOLO;R. PRINCIPAL, S/ N
07/12/2023;14:25:26;2016;2;ELEIÇÃO ORDINÁRIA;1;220;ELEIÇÕES MUNICIPAIS 2016;02/10/2016;M;ES;56057;ALFREDO CHAVES;56057;ALFREDO CHAVES;12;33;13;VEREADOR;13123;JOSÉ DOMINGOS GOTTARDO;1;1171;80000001647;EEEF CAMILA MOTA;R. NELSON DA COSTA MELLO, S/ N
07/12/2023;14:25:26;2016;2;ELEIÇÃO ORDINÁRIA;1;220;ELEIÇÕES MUNICIPAIS 2016;02/10/2016;M;ES;56057;ALFREDO CHAVES;56057;ALFREDO CHAVES;12;33;13;VEREADOR;40123;CLEOMIR GOBBI BUBACK;3;1171;80000001029;EEEF CAMILA MOTA;R. NELSON DA COSTA MELLO, S/ N
07/12/2023;14:25:26;2016;2;ELEIÇÃO ORDINÁRIA;1;220;ELEIÇÕES MUNICIPAIS 2016;02/10/2016;M;ES;56057;ALFREDO CHAVES;56057;ALFREDO CHAVES;12;33;13;VEREADOR;19000;ITAGIBA AUGUSTO VIANA MATTOS;1;1171;80000001055;EEEF CAMILA MOTA;R. NELSON DA COSTA MELLO, S/ N
07/12/2023;14:25:26;2016;2;ELEIÇÃO ORDINÁRIA;1;220;ELEIÇÕES MUNICIPAIS 2016;02/10/2016;M;ES;56057;ALFREDO CHAVES;56057;ALFREDO CHAVES;12;33;13;VEREADOR;40789;ADILSON JOSE ROVETA;1;1171;80000001028;EEEF CAMILA MOTA;R. NELSON DA COSTA MELLO, S/ N
07/12/2023;14:25:26;2016;2;ELEIÇÃO ORDINÁRIA;1;220;ELEIÇÕES MUNICIPAIS 2016;02/10/2016;M;ES;56057;ALFREDO CHAVES;56057;ALFREDO CHAVES;12;33;11;PREFEITO;40;FERNANDO VIDEIRA LAFAYETTE;142;1171;80000001058;EEEF CAMILA MOTA;R. NELSON DA COSTA MELLO, S/ N
07/12/2023;14:25:26;2016;2;ELEIÇÃO ORDINÁRIA;1;220;ELEIÇÕES MUNICIPAIS 2016;02/10/2016;M;ES;56057;ALFREDO CHAVES;56057;ALFREDO CHAVES;12;33;13;VEREADOR;23333;RENATO CARDOSO;3;1171;80000001681;EEEF CAMILA MOTA;R. NELSON DA COSTA MELLO, S/ N
07/12/2023;14:25:26;2016;2;ELEIÇÃO ORDINÁRIA;1;220;ELEIÇÕES MUNICIPAIS 2016;02/10/2016;M;ES;56057;ALFREDO CHAVES;56057;ALFREDO CHAVES;12;33;13;VEREADOR;40456;SERAFINO ANTÔNIO SIMONI;2;1171;80000001024;EEEF CAMILA MOTA;R. NELSON DA COSTA MELLO, S/ N
07/12/2023;14:25:26;2016;2;ELEIÇÃO ORDINÁRIA;1;220;ELEIÇÕES MUNICIPAIS 2016;02/10/2016;M;ES;56057;ALFREDO CHAVES;56057;ALFREDO CHAVES;12;33;13;VEREADOR;20555;ANGELO ARPINI;1;1171;80000001049;EEEF CAMILA MOTA;R. NELSON DA COSTA MELLO, S/ N
07/12/2023;14:25:26;2016;2;ELEIÇÃO ORDINÁRIA;1;220;ELEIÇÕES MUNICIPAIS 2016;02/10/2016;M;ES;56057;ALFREDO CHAVES;56057;ALFREDO CHAVES;12;33;13;VEREADOR;15000;DANIEL ORLANDI;15;1171;80000001672;EEEF CAMILA MOTA;R. NELSON DA COSTA MELLO, S/ N
07/12/2023;14:25:26;2016;2;ELEIÇÃO ORDINÁRIA;1;220;ELEIÇÕES MUNICIPAIS 2016;02/10/2016;M;ES;56057;ALFREDO CHAVES;56057;ALFREDO CHAVES;12;33;13;VEREADOR;22222;JOAO LUIZ MONTEIRO;3;1171;80000001054;EEEF CAMILA MOTA;R. NELSON DA COSTA MELLO, S/ N
07/12/2023;14:25:26;2016;2;ELEIÇÃO ORDINÁRIA;1;220;ELEIÇÕES MUNICIPAIS 2016;02/10/2016;M;ES;56057;ALFREDO CHAVES;56057;ALFREDO CHAVES;12;33;13;VEREADOR;23111;FERNANDO ALVES;13;1171;80000001675;EEEF CAMILA MOTA;R. NELSON DA COSTA MELLO, S/ N
07/12/2023;14:25:26;2016;2;ELEIÇÃO ORDINÁRIA;1;220;ELEIÇÕES MUNICIPAIS 2016;02/10/2016;M;ES;56057;ALFREDO CHAVES;56057;ALFREDO CHAVES;12;33;13;VEREADOR;20789;JOSE MARIO DE ANDRADE FERREIRA;6;1171;80000001052;EEEF CAMILA MOTA;R. NELSON DA COSTA MELLO, S/ N
07/12/2023;14:25:26;2016;2;ELEIÇÃO ORDINÁRIA;1;220;ELEIÇÕES MUNICIPAIS 2016;02/10/2016;M;ES;56057;ALFREDO CHAVES;56057;ALFREDO CHAVES;12;33;13;VEREADOR;15311;NARCISO DE ABREU GRASSI;19;1171;80000001679;EEEF CAMILA MOTA;R. NELSON DA COSTA MELLO, S/ N
07/12/2023;14:25:26;2016;2;ELEIÇÃO ORDINÁRIA;1;220;ELEIÇÕES MUNICIPAIS 2016;02/10/2016;M;ES;56057;ALFREDO CHAVES;56057;ALFREDO CHAVES;12;33;13;VEREADOR;20123;IZAEL FERREIRA;2;1171;80000001051;EEEF CAMILA MOTA;R. NELSON DA COSTA MELLO, S/ N
07/12/2023;14:25:26;2016;2;ELEIÇÃO ORDINÁRIA;1;220;ELEIÇÕES MUNICIPAIS 2016;02/10/2016;M;ES;56057;ALFREDO CHAVES;56057;ALFREDO CHAVES;12;33;13;VEREADOR;23666;PAULO MUNALDI;10;1171;80000001680;EEEF CAMILA MOTA;R. NELSON DA COSTA MELLO, S/ N
07/12/2023;14:25:26;2016;2;ELEIÇÃO ORDINÁRIA;1;220;ELEIÇÕES MUNICIPAIS 2016;02/10/2016;M;ES;56057;ALFREDO CHAVES;56057;ALFREDO CHAVES;12;33;13;VEREADOR;20333;MARCO ANTONIO MOZER;3;1171;80000001053;EEEF CAMILA MOTA;R. NELSON DA COSTA MELLO, S/ N
07/12/2023;14:25:26;2016;2;ELEIÇÃO ORDINÁRIA;1;220;ELEIÇÕES MUNICIPAIS 2016;02/10/2016;M;ES;56057;ALFREDO CHAVES;56057;ALFREDO CHAVES;12;33;11;PREFEITO;96;VOTO NULO;7;1171;-1;EEEF CAMILA MOTA;R. NELSON DA COSTA MELLO, S/ N
07/12/2023;14:25:26;2016;2;ELEIÇÃO ORDINÁRIA;1;220;ELEIÇÕES MUNICIPAIS 2016;02/10/2016;M;ES;56057;ALFREDO CHAVES;56057;ALFREDO CHAVES;12;33;13;VEREADOR;40400;DARCY MARCHIORI DE PAULA GAIGHER;13;1171;80000001025;EEEF CAMILA MOTA;R. NELSON DA COSTA MELLO, S/ N
07/12/2023;14:25:26;2016;2;ELEIÇÃO ORDINÁRIA;1;220;ELEIÇÕES MUNICIPAIS 2016;02/10/2016;M;ES;56057;ALFREDO CHAVES;56057;ALFREDO CHAVES;12;33;13;VEREADOR;43222;MARCIO DESTEFANI;1;1171;80000001056;EEEF CAMILA MOTA;R. NELSON DA COSTA MELLO, S/ N
07/12/2023;14:25:26;2016;2;ELEIÇÃO ORDINÁRIA;1;220;ELEIÇÕES MUNICIPAIS 2016;02/10/2016;M;ES;56057;ALFREDO CHAVES;56057;ALFREDO CHAVES;12;33;13;VEREADOR;45123;EDIMAR VANELI;1;1171;80000001040;EEEF CAMILA MOTA;R. NELSON DA COSTA MELLO, S/ N
07/12/2023;14:25:26;2016;2;ELEIÇÃO ORDINÁRIA;1;220;ELEIÇÕES MUNICIPAIS 2016;02/10/2016;M;ES;56057;ALFREDO CHAVES;56057;ALFREDO CHAVES;12;33;13;VEREADOR;11222;SANTE JOSÉ GRATIERI;1;1171;80000001048;EEEF CAMILA MOTA;R. NELSON DA COSTA MELLO, S/ N
07/12/2023;14:25:26;2016;2;ELEIÇÃO ORDINÁRIA;1;220;ELEIÇÕES MUNICIPAIS 2016;02/10/2016;M;ES;56057;ALFREDO CHAVES;56057;ALFREDO CHAVES;12;33;13;VEREADOR;40321;GILSON LUIZ BELLON;6;1171;80000001031;EEEF CAMILA MOTA;R. NELSON DA COSTA MELLO, S/ N
07/12/2023;14:25:26;2016;2;ELEIÇÃO ORDINÁRIA;1;220;ELEIÇÕES MUNICIPAIS 2016;02/10/2016;M;ES;56057;ALFREDO CHAVES;56057;ALFREDO CHAVES;12;33;13;VEREADOR;40444;PASCOAL GARCIA MARTINS;8;1171;80000001038;EEEF CAMILA MOTA;R. NELSON DA COSTA MELLO, S/ N
07/12/2023;14:25:26;2016;2;ELEIÇÃO ORDINÁRIA;1;220;ELEIÇÕES MUNICIPAIS 2016;02/10/2016;M;ES;56057;ALFREDO CHAVES;56057;ALFREDO CHAVES;12;33;11;PREFEITO;95;VOTO BRANCO;3;1171;-1;EEEF CAMILA MOTA;R. NELSON DA COSTA MELLO, S/ N
07/12/2023;14:25:26;2016;2;ELEIÇÃO ORDINÁRIA;1;220;ELEIÇÕES MUNICIPAIS 2016;02/10/2016;M;ES;56057;ALFREDO CHAVES;56057;ALFREDO CHAVES;12;33;13;VEREADOR;13610;NILSON HONORATO VANELI;4;1171;80000001650;EEEF CAMILA MOTA;R. NELSON DA COSTA MELLO, S/ N
07/12/2023;14:25:26;2016;2;ELEIÇÃO ORDINÁRIA;1;220;ELEIÇÕES MUNICIPAIS 2016;02/10/2016;M;ES;56057;ALFREDO CHAVES;56057;ALFREDO CHAVES;12;33;13;VEREADOR;40202;LAURO ALVES PEREIRA;1;1171;80000001034;EEEF CAMILA MOTA;R. NELSON DA COSTA MELLO, S/ N
07/12/2023;14:25:26;2016;2;ELEIÇÃO ORDINÁRIA;1;220;ELEIÇÕES MUNICIPAIS 2016;02/10/2016;M;ES;56057;ALFREDO CHAVES;56057;ALFREDO CHAVES;12;33;13;VEREADOR;11555;MARIA DOS ANJOS GAIGHER DE PAULA;2;1171;80000001044;EEEF CAMILA MOTA;R. NELSON DA COSTA MELLO, S/ N
07/12/2023;14:25:26;2016;2;ELEIÇÃO ORDINÁRIA;1;220;ELEIÇÕES MUNICIPAIS 2016;02/10/2016;M;ES;56057;ALFREDO CHAVES;56057;ALFREDO CHAVES;12;33;13;VEREADOR;40222;LUIZ JUNQUEIRA VIONEL;1;1171;80000001035;EEEF CAMILA MOTA;R. NELSON DA COSTA MELLO, S/ N
07/12/2023;14:25:26;2016;2;ELEIÇÃO ORDINÁRIA;1;220;ELEIÇÕES MUNICIPAIS 2016;02/10/2016;M;ES;56057;ALFREDO CHAVES;56057;ALFREDO CHAVES;12;33;13;VEREADOR;90000;DULCIANE BRUNORO ESTEVES;1;1171;80000001022;EEEF CAMILA MOTA;R. NELSON DA COSTA MELLO, S/ N
07/12/2023;14:25:26;2016;2;ELEIÇÃO ORDINÁRIA;1;220;ELEIÇÕES MUNICIPAIS 2016;02/10/2016;M;ES;56057;ALFREDO CHAVES;56057;ALFREDO CHAVES;12;33;13;VEREADOR;51200;ANTONIETA PETRI;1;1171;80000001649;EEEF CAMILA MOTA;R. NELSON DA COSTA MELLO, S/ N
07/12/2023;14:25:26;2016;2;ELEIÇÃO ORDINÁRIA;1;220;ELEIÇÕES MUNICIPAIS 2016;02/10/2016;M;ES;56057;ALFREDO CHAVES;56057;ALFREDO CHAVES;12;33;13;VEREADOR;96;VOTO NULO;4;1171;-1;EEEF CAMILA MOTA;R. NELSON DA COSTA MELLO, S/ N
07/12/2023;14:25:26;2016;2;ELEIÇÃO ORDINÁRIA;1;220;ELEIÇÕES MUNICIPAIS 2016;02/10/2016;M;ES;56057;ALFREDO CHAVES;56057;ALFREDO CHAVES;12;33;13;VEREADOR;45000;JONAS NUNES SIMÕES;32;1171;80000001041;EEEF CAMILA MOTA;R. NELSON DA COSTA MELLO, S/ N
07/12/2023;14:25:26;2016;2;ELEIÇÃO ORDINÁRIA;1;220;ELEIÇÕES MUNICIPAIS 2016;02/10/2016;M;ES;56057;ALFREDO CHAVES;56057;ALFREDO CHAVES;12;33;13;VEREADOR;55000;SERGIO BIANCHI;17;1171;80000001684;EEEF CAMILA MOTA;R. NELSON DA COSTA MELLO, S/ N
07/12/2023;14:25:26;2016;2;ELEIÇÃO ORDINÁRIA;1;220;ELEIÇÕES MUNICIPAIS 2016;02/10/2016;M;ES;56057;ALFREDO CHAVES;56057;ALFREDO CHAVES;12;33;13;VEREADOR;40333;JAQUELINE FRANZOTTI DA SILVA;1;1171;80000001032;EEEF CAMILA MOTA;R. NELSON DA COSTA MELLO, S/ N
07/12/2023;14:25:26;2016;2;ELEIÇÃO ORDINÁRIA;1;220;ELEIÇÕES MUNICIPAIS 2016;02/10/2016;M;ES;56057;ALFREDO CHAVES;56057;ALFREDO CHAVES;12;33;13;VEREADOR;25000;JANE CASTEGLIONE BETTCHER;15;1171;80000001642;EEEF CAMILA MOTA;R. NELSON DA COSTA MELLO, S/ N
07/12/2023;14:25:26;2016;2;ELEIÇÃO ORDINÁRIA;1;220;ELEIÇÕES MUNICIPAIS 2016;02/10/2016;M;ES;56057;ALFREDO CHAVES;56057;ALFREDO CHAVES;12;33;13;VEREADOR;40232;MARCIO CETTO;3;1171;80000001036;EEEF CAMILA MOTA;R. NELSON DA COSTA MELLO, S/ N
07/12/2023;14:25:26;2016;2;ELEIÇÃO ORDINÁRIA;1;220;ELEIÇÕES MUNICIPAIS 2016;02/10/2016;M;ES;56057;ALFREDO CHAVES;56057;ALFREDO CHAVES;12;33;13;VEREADOR;23612;ANDRÉ SARTORI;24;1171;80000001669;EEEF CAMILA MOTA;R. NELSON DA COSTA MELLO, S/ N
07/12/2023;14:25:26;2016;2;ELEIÇÃO ORDINÁRIA;1;220;ELEIÇÕES MUNICIPAIS 2016;02/10/2016;M;ES;56057;ALFREDO CHAVES;56057;ALFREDO CHAVES;12;33;13;VEREADOR;23123;CÁSSIO COMINOTTI DO NASCIMENTO;9;1171;80000001671;EEEF CAMILA MOTA;R. NELSON DA COSTA MELLO, S/ N
07/12/2023;14:25:26;2016;2;ELEIÇÃO ORDINÁRIA;1;220;ELEIÇÕES MUNICIPAIS 2016;02/10/2016;M;ES;56057;ALFREDO CHAVES;56057;ALFREDO CHAVES;12;33;13;VEREADOR;11000;ROSANA MARIA CARDOSO TAVARES;3;1171;80000001047;EEEF CAMILA MOTA;R. NELSON DA COSTA MELLO, S/ N
07/12/2023;14:25:26;2016;2;ELEIÇÃO ORDINÁRIA;1;220;ELEIÇÕES MUNICIPAIS 2016;02/10/2016;M;ES;56057;ALFREDO CHAVES;56057;ALFREDO CHAVES;12;33;13;VEREADOR;33333;ELTON ANTERIO CARDOSO BISI;19;1171;80000001023;EEEF CAMILA MOTA;R. NELSON DA COSTA MELLO, S/ N
07/12/2023;14:25:26;2016;2;ELEIÇÃO ORDINÁRIA;1;220;ELEIÇÕES MUNICIPAIS 2016;02/10/2016;M;ES;56057;ALFREDO CHAVES;56057;ALFREDO CHAVES;12;33;13;VEREADOR;40000;NILTON CESAR BELMOK;18;1171;80000001037;EEEF CAMILA MOTA;R. NELSON DA COSTA MELLO, S/ N
07/12/2023;14:25:26;2016;2;ELEIÇÃO ORDINÁRIA;1;220;ELEIÇÕES MUNICIPAIS 2016;02/10/2016;M;ES;56057;ALFREDO CHAVES;56057;ALFREDO CHAVES;12;33;13;VEREADOR;11123;PRIMO ARMELINDO BERGAMI;5;1171;80000001046;EEEF CAMILA MOTA;R. NELSON DA COSTA MELLO, S/ N
07/12/2023;14:25:26;2016;2;ELEIÇÃO ORDINÁRIA;1;220;ELEIÇÕES MUNICIPAIS 2016;02/10/2016;M;ES;56057;ALFREDO CHAVES;56057;ALFREDO CHAVES;12;33;13;VEREADOR;12345;ARMANDO ZANATA INGLE RIBEIRO;21;1171;80000001643;EEEF CAMILA MOTA;R. NELSON DA COSTA MELLO, S/ N
07/12/2023;14:25:26;2016;2;ELEIÇÃO ORDINÁRIA;1;220;ELEIÇÕES MUNICIPAIS 2016;02/10/2016;M;ES;56057;ALFREDO CHAVES;56057;ALFREDO CHAVES;12;33;11;PREFEITO;15;RONALDO BIANCHI;174;1171;80000003215;EEEF CAMILA MOTA;R. NELSON DA COSTA MELLO, S/ N
07/12/2023;14:25:26;2016;2;ELEIÇÃO ORDINÁRIA;1;220;ELEIÇÕES MUNICIPAIS 2016;02/10/2016;M;ES;56057;ALFREDO CHAVES;56057;ALFREDO CHAVES;12;33;13;VEREADOR;51000;JACINTA LUCIA SCARPARO;2;1171;80000001646;EEEF CAMILA MOTA;R. NELSON DA COSTA MELLO, S/ N
07/12/2023;14:25:26;2016;2;ELEIÇÃO ORDINÁRIA;1;220;ELEIÇÕES MUNICIPAIS 2016;02/10/2016;M;ES;56057;ALFREDO CHAVES;56057;ALFREDO CHAVES;12;33;13;VEREADOR;40111;CHARLES GAIGHER;11;1171;80000001030;EEEF CAMILA MOTA;R. NELSON DA COSTA MELLO, S/ N
07/12/2023;14:25:26;2016;2;ELEIÇÃO ORDINÁRIA;1;220;ELEIÇÕES MUNICIPAIS 2016;02/10/2016;M;ES;56057;ALFREDO CHAVES;56057;ALFREDO CHAVES;12;33;13;VEREADOR;15100;JOSÉ MANOEL RODRIGUES FERREIRA;1;1171;80000001678;EEEF CAMILA MOTA;R. NELSON DA COSTA MELLO, S/ N
07/12/2023;14:25:26;2016;2;ELEIÇÃO ORDINÁRIA;1;220;ELEIÇÕES MUNICIPAIS 2016;02/10/2016;M;ES;56057;ALFREDO CHAVES;56057;ALFREDO CHAVES;12;33;13;VEREADOR;95;VOTO BRANCO;7;1171;-1;EEEF CAMILA MOTA;R. NELSON DA COSTA MELLO, S/ N
07/12/2023;14:25:26;2016;2;ELEIÇÃO ORDINÁRIA;1;220;ELEIÇÕES MUNICIPAIS 2016;02/10/2016;M;ES;56057;ALFREDO CHAVES;56057;ALFREDO CHAVES;12;29;13;VEREADOR;11;Partido Progressista;4;1147;-3;EMEF SÃO BENTO DE URÂNIA;R. PRINCIPAL, S/ Nº
07/12/2023;14:25:26;2016;2;ELEIÇÃO ORDINÁRIA;1;220;ELEIÇÕES MUNICIPAIS 2016;02/10/2016;M;ES;56057;ALFREDO CHAVES;56057;ALFREDO CHAVES;12;29;13;VEREADOR;12;Partido Democrático Trabalhista;2;1147;-3;EMEF SÃO BENTO DE URÂNIA;R. PRINCIPAL, S/ Nº
07/12/2023;14:25:26;2016;2;ELEIÇÃO ORDINÁRIA;1;220;ELEIÇÕES MUNICIPAIS 2016;02/10/2016;M;ES;56057;ALFREDO CHAVES;56057;ALFREDO CHAVES;12;29;13;VEREADOR;14;Partido Trabalhista Brasileiro;3;1147;-3;EMEF SÃO BENTO DE URÂNIA;R. PRINCIPAL, S/ Nº
07/12/2023;14:25:26;2016;2;ELEIÇÃO ORDINÁRIA;1;220;ELEIÇÕES MUNICIPAIS 2016;02/10/2016;M;ES;56057;ALFREDO CHAVES;56057;ALFREDO CHAVES;12;29;13;VEREADOR;15;Partido do Movimento Democrático Brasileiro;5;1147;-3;EMEF SÃO BENTO DE URÂNIA;R. PRINCIPAL, S/ Nº
07/12/2023;14:25:26;2016;2;ELEIÇÃO ORDINÁRIA;1;220;ELEIÇÕES MUNICIPAIS 2016;02/10/2016;M;ES;56057;ALFREDO CHAVES;56057;ALFREDO CHAVES;12;29;13;VEREADOR;23;Partido Popular Socialista;1;1147;-3;EMEF SÃO BENTO DE URÂNIA;R. PRINCIPAL, S/ Nº
07/12/2023;14:25:26;2016;2;ELEIÇÃO ORDINÁRIA;1;220;ELEIÇÕES MUNICIPAIS 2016;02/10/2016;M;ES;56057;ALFREDO CHAVES;56057;ALFREDO CHAVES;12;29;13;VEREADOR;40;Partido Socialista Brasileiro;5;1147;-3;EMEF SÃO BENTO DE URÂNIA;R. PRINCIPAL, S/ Nº
07/12/2023;14:25:26;2016;2;ELEIÇÃO ORDINÁRIA;1;220;ELEIÇÕES MUNICIPAIS 2016;02/10/2016;M;ES;56057;ALFREDO CHAVES;56057;ALFREDO CHAVES;12;14;13;VEREADOR;11;Partido Progressista;5;1066;-3;SALÃO DA IGREJA CATÓLICA DE SÃO BENTO DE BATATAL;RUA PRINCIPAL, S/ N
07/12/2023;14:25:26;2016;2;ELEIÇÃO ORDINÁRIA;1;220;ELEIÇÕES MUNICIPAIS 2016;02/10/2016;M;ES;56057;ALFREDO CHAVES;56057;ALFREDO CHAVES;12;14;13;VEREADOR;15;Partido do Movimento Democrático Brasileiro;6;1066;-3;SALÃO DA IGREJA CATÓLICA DE SÃO BENTO DE BATATAL;RUA PRINCIPAL, S/ N
07/12/2023;14:25:26;2016;2;ELEIÇÃO ORDINÁRIA;1;220;ELEIÇÕES MUNICIPAIS 2016;02/10/2016;M;ES;56057;ALFREDO CHAVES;56057;ALFREDO CHAVES;12;14;13;VEREADOR;22;Partido da República;1;1066;-3;SALÃO DA IGREJA CATÓLICA DE SÃO BENTO DE BATATAL;RUA PRINCIPAL, S/ N
07/12/2023;14:25:26;2016;2;ELEIÇÃO ORDINÁRIA;1;220;ELEIÇÕES MUNICIPAIS 2016;02/10/2016;M;ES;56057;ALFREDO CHAVES;56057;ALFREDO CHAVES;12;14;13;VEREADOR;23;Partido Popular Socialista;1;1066;-3;SALÃO DA IGREJA CATÓLICA DE SÃO BENTO DE BATATAL;RUA PRINCIPAL, S/ N
07/12/2023;14:25:26;2016;2;ELEIÇÃO ORDINÁRIA;1;220;ELEIÇÕES MUNICIPAIS 2016;02/10/2016;M;ES;56057;ALFREDO CHAVES;56057;ALFREDO CHAVES;12;14;13;VEREADOR;40;Partido Socialista Brasileiro;3;1066;-3;SALÃO DA IGREJA CATÓLICA DE SÃO BENTO DE BATATAL;RUA PRINCIPAL, S/ N
07/12/2023;14:25:26;2016;2;ELEIÇÃO ORDINÁRIA;1;220;ELEIÇÕES MUNICIPAIS 2016;02/10/2016;M;ES;56057;ALFREDO CHAVES;56057;ALFREDO CHAVES;12;22;13;VEREADOR;12;Partido Democrático Trabalhista;1;1139;-3;EEEF SAGRADA FAMÍLIA;R. PRINCIPAL, S/ Nº
07/12/2023;14:25:26;2016;2;ELEIÇÃO ORDINÁRIA;1;220;ELEIÇÕES MUNICIPAIS 2016;02/10/2016;M;ES;56057;ALFREDO CHAVES;56057;ALFREDO CHAVES;12;22;13;VEREADOR;13;Partido dos Trabalhadores;1;1139;-3;EEEF SAGRADA FAMÍLIA;R. PRINCIPAL, S/ Nº
07/12/2023;14:25:26;2016;2;ELEIÇÃO ORDINÁRIA;1;220;ELEIÇÕES MUNICIPAIS 2016;02/10/2016;M;ES;56057;ALFREDO CHAVES;56057;ALFREDO CHAVES;12;22;13;VEREADOR;15;Partido do Movimento Democrático Brasileiro;3;1139;-3;EEEF SAGRADA FAMÍLIA;R. PRINCIPAL, S/ Nº
07/12/2023;14:25:26;2016;2;ELEIÇÃO ORDINÁRIA;1;220;ELEIÇÕES MUNICIPAIS 2016;02/10/2016;M;ES;56057;ALFREDO CHAVES;56057;ALFREDO CHAVES;12;22;13;VEREADOR;23;Partido Popular Socialista;1;1139;-3;EEEF SAGRADA FAMÍLIA;R. PRINCIPAL, S/ Nº
07/12/2023;14:25:26;2016;2;ELEIÇÃO ORDINÁRIA;1;220;ELEIÇÕES MUNICIPAIS 2016;02/10/2016;M;ES;56057;ALFREDO CHAVES;56057;ALFREDO CHAVES;12;22;13;VEREADOR;25;Democratas;1;1139;-3;EEEF SAGRADA FAMÍLIA;R. PRINCIPAL, S/ Nº
07/12/2023;14:25:26;2016;2;ELEIÇÃO ORDINÁRIA;1;220;ELEIÇÕES MUNICIPAIS 2016;02/10/2016;M;ES;56057;ALFREDO CHAVES;56057;ALFREDO CHAVES;12;22;13;VEREADOR;40;Partido Socialista Brasileiro;10;1139;-3;EEEF SAGRADA FAMÍLIA;R. PRINCIPAL, S/ Nº
07/12/2023;14:25:26;2016;2;ELEIÇÃO ORDINÁRIA;1;220;ELEIÇÕES MUNICIPAIS 2016;02/10/2016;M;ES;56057;ALFREDO CHAVES;56057;ALFREDO CHAVES;12;22;13;VEREADOR;45;Partido da Social Democracia Brasileira;2;1139;-3;EEEF SAGRADA FAMÍLIA;R. PRINCIPAL, S/ Nº
07/12/2023;14:25:26;2016;2;ELEIÇÃO ORDINÁRIA;1;220;ELEIÇÕES MUNICIPAIS 2016;02/10/2016;M;ES;56057;ALFREDO CHAVES;56057;ALFREDO CHAVES;12;34;13;VEREADOR;13123;JOSÉ DOMINGOS GOTTARDO;1;1171;80000001647;EEEF CAMILA MOTA;R. NELSON DA COSTA MELLO, S/ N
07/12/2023;14:25:26;2016;2;ELEIÇÃO ORDINÁRIA;1;220;ELEIÇÕES MUNICIPAIS 2016;02/10/2016;M;ES;56057;ALFREDO CHAVES;56057;ALFREDO CHAVES;12;34;13;VEREADOR;40123;CLEOMIR GOBBI BUBACK;1;1171;80000001029;EEEF CAMILA MOTA;R. NELSON DA COSTA MELLO, S/ N
07/12/2023;14:25:26;2016;2;ELEIÇÃO ORDINÁRIA;1;220;ELEIÇÕES MUNICIPAIS 2016;02/10/2016;M;ES;56057;ALFREDO CHAVES;56057;ALFREDO CHAVES;12;34;13;VEREADOR;19000;ITAGIBA AUGUSTO VIANA MATTOS;2;1171;80000001055;EEEF CAMILA MOTA;R. NELSON DA COSTA MELLO, S/ N
07/12/2023;14:25:26;2016;2;ELEIÇÃO ORDINÁRIA;1;220;ELEIÇÕES MUNICIPAIS 2016;02/10/2016;M;ES;56057;ALFREDO CHAVES;56057;ALFREDO CHAVES;12;34;13;VEREADOR;40789;ADILSON JOSE ROVETA;1;1171;80000001028;EEEF CAMILA MOTA;R. NELSON DA COSTA MELLO, S/ N
07/12/2023;14:25:26;2016;2;ELEIÇÃO ORDINÁRIA;1;220;ELEIÇÕES MUNICIPAIS 2016;02/10/2016;M;ES;56057;ALFREDO CHAVES;56057;ALFREDO CHAVES;12;34;11;PREFEITO;40;FERNANDO VIDEIRA LAFAYETTE;151;1171;80000001058;EEEF CAMILA MOTA;R. NELSON DA COSTA MELLO, S/ N
07/12/2023;14:25:26;2016;2;ELEIÇÃO ORDINÁRIA;1;220;ELEIÇÕES MUNICIPAIS 2016;02/10/2016;M;ES;56057;ALFREDO CHAVES;56057;ALFREDO CHAVES;12;34;13;VEREADOR;15555;HELENA MARIA FIORIN FAVERO;2;1171;80000001677;EEEF CAMILA MOTA;R. NELSON DA COSTA MELLO, S/ N
07/12/2023;14:25:26;2016;2;ELEIÇÃO ORDINÁRIA;1;220;ELEIÇÕES MUNICIPAIS 2016;02/10/2016;M;ES;56057;ALFREDO CHAVES;56057;ALFREDO CHAVES;12;34;13;VEREADOR;23333;RENATO CARDOSO;1;1171;80000001681;EEEF CAMILA MOTA;R. NELSON DA COSTA MELLO, S/ N
07/12/2023;14:25:26;2016;2;ELEIÇÃO ORDINÁRIA;1;220;ELEIÇÕES MUNICIPAIS 2016;02/10/2016;M;ES;56057;ALFREDO CHAVES;56057;ALFREDO CHAVES;12;34;13;VEREADOR;40456;SERAFINO ANTÔNIO SIMONI;3;1171;80000001024;EEEF CAMILA MOTA;R. NELSON DA COSTA MELLO, S/ N
07/12/2023;14:25:26;2016;2;ELEIÇÃO ORDINÁRIA;1;220;ELEIÇÕES MUNICIPAIS 2016;02/10/2016;M;ES;56057;ALFREDO CHAVES;56057;ALFREDO CHAVES;12;34;13;VEREADOR;20555;ANGELO ARPINI;5;1171;80000001049;EEEF CAMILA MOTA;R. NELSON DA COSTA MELLO, S/ N
07/12/2023;14:25:26;2016;2;ELEIÇÃO ORDINÁRIA;1;220;ELEIÇÕES MUNICIPAIS 2016;02/10/2016;M;ES;56057;ALFREDO CHAVES;56057;ALFREDO CHAVES;12;34;13;VEREADOR;15000;DANIEL ORLANDI;9;1171;80000001672;EEEF CAMILA MOTA;R. NELSON DA COSTA MELLO, S/ N
07/12/2023;14:25:26;2016;2;ELEIÇÃO ORDINÁRIA;1;220;ELEIÇÕES MUNICIPAIS 2016;02/10/2016;M;ES;56057;ALFREDO CHAVES;56057;ALFREDO CHAVES;12;34;13;VEREADOR;22222;JOAO LUIZ MONTEIRO;3;1171;80000001054;EEEF CAMILA MOTA;R. NELSON DA COSTA MELLO, S/ N
07/12/2023;14:25:26;2016;2;ELEIÇÃO ORDINÁRIA;1;220;ELEIÇÕES MUNICIPAIS 2016;02/10/2016;M;ES;56057;ALFREDO CHAVES;56057;ALFREDO CHAVES;12;34;13;VEREADOR;23111;FERNANDO ALVES;21;1171;80000001675;EEEF CAMILA MOTA;R. NELSON DA COSTA MELLO, S/ N
07/12/2023;14:25:26;2016;2;ELEIÇÃO ORDINÁRIA;1;220;ELEIÇÕES MUNICIPAIS 2016;02/10/2016;M;ES;56057;ALFREDO CHAVES;56057;ALFREDO CHAVES;12;34;13;VEREADOR;20789;JOSE MARIO DE ANDRADE FERREIRA;10;1171;80000001052;EEEF CAMILA MOTA;R. NELSON DA COSTA MELLO, S/ N
07/12/2023;14:25:26;2016;2;ELEIÇÃO ORDINÁRIA;1;220;ELEIÇÕES MUNICIPAIS 2016;02/10/2016;M;ES;56057;ALFREDO CHAVES;56057;ALFREDO CHAVES;12;34;13;VEREADOR;15311;NARCISO DE ABREU GRASSI;25;1171;80000001679;EEEF CAMILA MOTA;R. NELSON DA COSTA MELLO, S/ N
07/12/2023;14:25:26;2016;2;ELEIÇÃO ORDINÁRIA;1;220;ELEIÇÕES MUNICIPAIS 2016;02/10/2016;M;ES;56057;ALFREDO CHAVES;56057;ALFREDO CHAVES;12;34;13;VEREADOR;23666;PAULO MUNALDI;17;1171;80000001680;EEEF CAMILA MOTA;R. NELSON DA COSTA MELLO, S/ N
07/12/2023;14:25:26;2016;2;ELEIÇÃO ORDINÁRIA;1;220;ELEIÇÕES MUNICIPAIS 2016;02/10/2016;M;ES;56057;ALFREDO CHAVES;56057;ALFREDO CHAVES;12;34;13;VEREADOR;20333;MARCO ANTONIO MOZER;2;1171;80000001053;EEEF CAMILA MOTA;R. NELSON DA COSTA MELLO, S/ N
07/12/2023;14:25:26;2016;2;ELEIÇÃO ORDINÁRIA;1;220;ELEIÇÕES MUNICIPAIS 2016;02/10/2016;M;ES;56057;ALFREDO CHAVES;56057;ALFREDO CHAVES;12;34;11;PREFEITO;96;VOTO NULO;9;1171;-1;EEEF CAMILA MOTA;R. NELSON DA COSTA MELLO, S/ N
07/12/2023;14:25:26;2016;2;ELEIÇÃO ORDINÁRIA;1;220;ELEIÇÕES MUNICIPAIS 2016;02/10/2016;M;ES;56057;ALFREDO CHAVES;56057;ALFREDO CHAVES;12;34;13;VEREADOR;40400;DARCY MARCHIORI DE PAULA GAIGHER;15;1171;80000001025;EEEF CAMILA MOTA;R. NELSON DA COSTA MELLO, S/ N
07/12/2023;14:25:26;2016;2;ELEIÇÃO ORDINÁRIA;1;220;ELEIÇÕES MUNICIPAIS 2016;02/10/2016;M;ES;56057;ALFREDO CHAVES;56057;ALFREDO CHAVES;12;34;13;VEREADOR;43222;MARCIO DESTEFANI;1;1171;80000001056;EEEF CAMILA MOTA;R. NELSON DA COSTA MELLO, S/ N
07/12/2023;14:25:26;2016;2;ELEIÇÃO ORDINÁRIA;1;220;ELEIÇÕES MUNICIPAIS 2016;02/10/2016;M;ES;56057;ALFREDO CHAVES;56057;ALFREDO CHAVES;12;34;13;VEREADOR;45123;EDIMAR VANELI;1;1171;80000001040;EEEF CAMILA MOTA;R. NELSON DA COSTA MELLO, S/ N
07/12/2023;14:25:26;2016;2;ELEIÇÃO ORDINÁRIA;1;220;ELEIÇÕES MUNICIPAIS 2016;02/10/2016;M;ES;56057;ALFREDO CHAVES;56057;ALFREDO CHAVES;12;34;13;VEREADOR;11222;SANTE JOSÉ GRATIERI;3;1171;80000001048;EEEF CAMILA MOTA;R. NELSON DA COSTA MELLO, S/ N
07/12/2023;14:25:26;2016;2;ELEIÇÃO ORDINÁRIA;1;220;ELEIÇÕES MUNICIPAIS 2016;02/10/2016;M;ES;56057;ALFREDO CHAVES;56057;ALFREDO CHAVES;12;34;11;PREFEITO;95;VOTO BRANCO;7;1171;-1;EEEF CAMILA MOTA;R. NELSON DA COSTA MELLO, S/ N
07/12/2023;14:25:26;2016;2;ELEIÇÃO ORDINÁRIA;1;220;ELEIÇÕES MUNICIPAIS 2016;02/10/2016;M;ES;56057;ALFREDO CHAVES;56057;ALFREDO CHAVES;12;34;13;VEREADOR;40321;GILSON LUIZ BELLON;4;1171;80000001031;EEEF CAMILA MOTA;R. NELSON DA COSTA MELLO, S/ N
07/12/2023;14:25:26;2016;2;ELEIÇÃO ORDINÁRIA;1;220;ELEIÇÕES MUNICIPAIS 2016;02/10/2016;M;ES;56057;ALFREDO CHAVES;56057;ALFREDO CHAVES;12;34;13;VEREADOR;40444;PASCOAL GARCIA MARTINS;5;1171;80000001038;EEEF CAMILA MOTA;R. NELSON DA COSTA MELLO, S/ N
07/12/2023;14:25:26;2016;2;ELEIÇÃO ORDINÁRIA;1;220;ELEIÇÕES MUNICIPAIS 2016;02/10/2016;M;ES;56057;ALFREDO CHAVES;56057;ALFREDO CHAVES;12;34;13;VEREADOR;40777;MARINALVA ALVES DA SILVA;1;1171;80000001027;EEEF CAMILA MOTA;R. NELSON DA COSTA MELLO, S/ N
07/12/2023;14:25:26;2016;2;ELEIÇÃO ORDINÁRIA;1;220;ELEIÇÕES MUNICIPAIS 2016;02/10/2016;M;ES;56057;ALFREDO CHAVES;56057;ALFREDO CHAVES;12;34;13;VEREADOR;13610;NILSON HONORATO VANELI;2;1171;80000001650;EEEF CAMILA MOTA;R. NELSON DA COSTA MELLO, S/ N
07/12/2023;14:25:26;2016;2;ELEIÇÃO ORDINÁRIA;1;220;ELEIÇÕES MUNICIPAIS 2016;02/10/2016;M;ES;56057;ALFREDO CHAVES;56057;ALFREDO CHAVES;12;34;13;VEREADOR;11964;MARIA MAGDALENA NASCIMENTO;3;1171;80000001045;EEEF CAMILA MOTA;R. NELSON DA COSTA MELLO, S/ N
07/12/2023;14:25:26;2016;2;ELEIÇÃO ORDINÁRIA;1;220;ELEIÇÕES MUNICIPAIS 2016;02/10/2016;M;ES;56057;ALFREDO CHAVES;56057;ALFREDO CHAVES;12;34;13;VEREADOR;40202;LAURO ALVES PEREIRA;2;1171;80000001034;EEEF CAMILA MOTA;R. NELSON DA COSTA MELLO, S/ N
07/12/2023;14:25:26;2016;2;ELEIÇÃO ORDINÁRIA;1;220;ELEIÇÕES MUNICIPAIS 2016;02/10/2016;M;ES;56057;ALFREDO CHAVES;56057;ALFREDO CHAVES;12;34;13;VEREADOR;11555;MARIA DOS ANJOS GAIGHER DE PAULA;1;1171;80000001044;EEEF CAMILA MOTA;R. NELSON DA COSTA MELLO, S/ N
07/12/2023;14:25:26;2016;2;ELEIÇÃO ORDINÁRIA;1;220;ELEIÇÕES MUNICIPAIS 2016;02/10/2016;M;ES;56057;ALFREDO CHAVES;56057;ALFREDO CHAVES;12;34;13;VEREADOR;40222;LUIZ JUNQUEIRA VIONEL;3;1171;80000001035;EEEF CAMILA MOTA;R. NELSON DA COSTA MELLO, S/ N
07/12/2023;14:25:26;2016;2;ELEIÇÃO ORDINÁRIA;1;220;ELEIÇÕES MUNICIPAIS 2016;02/10/2016;M;ES;56057;ALFREDO CHAVES;56057;ALFREDO CHAVES;12;34;13;VEREADOR;96;VOTO NULO;10;1171;-1;EEEF CAMILA MOTA;R. NELSON DA COSTA MELLO, S/ N
07/12/2023;14:25:26;2016;2;ELEIÇÃO ORDINÁRIA;1;220;ELEIÇÕES MUNICIPAIS 2016;02/10/2016;M;ES;56057;ALFREDO CHAVES;56057;ALFREDO CHAVES;12;34;13;VEREADOR;45000;JONAS NUNES SIMÕES;30;1171;80000001041;EEEF CAMILA MOTA;R. NELSON DA COSTA MELLO, S/ N
07/12/2023;14:25:26;2016;2;ELEIÇÃO ORDINÁRIA;1;220;ELEIÇÕES MUNICIPAIS 2016;02/10/2016;M;ES;56057;ALFREDO CHAVES;56057;ALFREDO CHAVES;12;34;13;VEREADOR;55000;SERGIO BIANCHI;7;1171;80000001684;EEEF CAMILA MOTA;R. NELSON DA COSTA MELLO, S/ N
07/12/2023;14:25:26;2016;2;ELEIÇÃO ORDINÁRIA;1;220;ELEIÇÕES MUNICIPAIS 2016;02/10/2016;M;ES;56057;ALFREDO CHAVES;56057;ALFREDO CHAVES;12;34;13;VEREADOR;43123;RITA MARIA DESTEFANI;1;1171;80000001057;EEEF CAMILA MOTA;R. NELSON DA COSTA MELLO, S/ N
07/12/2023;14:25:26;2016;2;ELEIÇÃO ORDINÁRIA;1;220;ELEIÇÕES MUNICIPAIS 2016;02/10/2016;M;ES;56057;ALFREDO CHAVES;56057;ALFREDO CHAVES;12;34;13;VEREADOR;40333;JAQUELINE FRANZOTTI DA SILVA;2;1171;80000001032;EEEF CAMILA MOTA;R. NELSON DA COSTA MELLO, S/ N
07/12/2023;14:25:26;2016;2;ELEIÇÃO ORDINÁRIA;1;220;ELEIÇÕES MUNICIPAIS 2016;02/10/2016;M;ES;56057;ALFREDO CHAVES;56057;ALFREDO CHAVES;12;34;13;VEREADOR;25000;JANE CASTEGLIONE BETTCHER;15;1171;80000001642;EEEF CAMILA MOTA;R. NELSON DA COSTA MELLO, S/ N
07/12/2023;14:25:26;2016;2;ELEIÇÃO ORDINÁRIA;1;220;ELEIÇÕES MUNICIPAIS 2016;02/10/2016;M;ES;56057;ALFREDO CHAVES;56057;ALFREDO CHAVES;12;34;13;VEREADOR;15666;ROGERIO FRANZOTTI;1;1171;80000001682;EEEF CAMILA MOTA;R. NELSON DA COSTA MELLO, S/ N
07/12/2023;14:25:26;2016;2;ELEIÇÃO ORDINÁRIA;1;220;ELEIÇÕES MUNICIPAIS 2016;02/10/2016;M;ES;56057;ALFREDO CHAVES;56057;ALFREDO CHAVES;12;34;13;VEREADOR;23612;ANDRÉ SARTORI;17;1171;80000001669;EEEF CAMILA MOTA;R. NELSON DA COSTA MELLO, S/ N
07/12/2023;14:25:26;2016;2;ELEIÇÃO ORDINÁRIA;1;220;ELEIÇÕES MUNICIPAIS 2016;02/10/2016;M;ES;56057;ALFREDO CHAVES;56057;ALFREDO CHAVES;12;34;13;VEREADOR;23123;CÁSSIO COMINOTTI DO NASCIMENTO;8;1171;80000001671;EEEF CAMILA MOTA;R. NELSON DA COSTA MELLO, S/ N
07/12/2023;14:25:26;2016;2;ELEIÇÃO ORDINÁRIA;1;220;ELEIÇÕES MUNICIPAIS 2016;02/10/2016;M;ES;56057;ALFREDO CHAVES;56057;ALFREDO CHAVES;12;34;13;VEREADOR;11000;ROSANA MARIA CARDOSO TAVARES;3;1171;80000001047;EEEF CAMILA MOTA;R. NELSON DA COSTA MELLO, S/ N
07/12/2023;14:25:26;2016;2;ELEIÇÃO ORDINÁRIA;1;220;ELEIÇÕES MUNICIPAIS 2016;02/10/2016;M;ES;56057;ALFREDO CHAVES;56057;ALFREDO CHAVES;12;34;13;VEREADOR;33333;ELTON ANTERIO CARDOSO BISI;17;1171;80000001023;EEEF CAMILA MOTA;R. NELSON DA COSTA MELLO, S/ N
07/12/2023;14:25:26;2016;2;ELEIÇÃO ORDINÁRIA;1;220;ELEIÇÕES MUNICIPAIS 2016;02/10/2016;M;ES;56057;ALFREDO CHAVES;56057;ALFREDO CHAVES;12;34;13;VEREADOR;40000;NILTON CESAR BELMOK;19;1171;80000001037;EEEF CAMILA MOTA;R. NELSON DA COSTA MELLO, S/ N
07/12/2023;14:25:26;2016;2;ELEIÇÃO ORDINÁRIA;1;220;ELEIÇÕES MUNICIPAIS 2016;02/10/2016;M;ES;56057;ALFREDO CHAVES;56057;ALFREDO CHAVES;12;34;13;VEREADOR;11123;PRIMO ARMELINDO BERGAMI;9;1171;80000001046;EEEF CAMILA MOTA;R. NELSON DA COSTA MELLO, S/ N
07/12/2023;14:25:26;2016;2;ELEIÇÃO ORDINÁRIA;1;220;ELEIÇÕES MUNICIPAIS 2016;02/10/2016;M;ES;56057;ALFREDO CHAVES;56057;ALFREDO CHAVES;12;34;13;VEREADOR;12345;ARMANDO ZANATA INGLE RIBEIRO;13;1171;80000001643;EEEF CAMILA MOTA;R. NELSON DA COSTA MELLO, S/ N
07/12/2023;14:25:26;2016;2;ELEIÇÃO ORDINÁRIA;1;220;ELEIÇÕES MUNICIPAIS 2016;02/10/2016;M;ES;56057;ALFREDO CHAVES;56057;ALFREDO CHAVES;12;34;11;PREFEITO;15;RONALDO BIANCHI;164;1171;80000003215;EEEF CAMILA MOTA;R. NELSON DA COSTA MELLO, S/ N
07/12/2023;14:25:26;2016;2;ELEIÇÃO ORDINÁRIA;1;220;ELEIÇÕES MUNICIPAIS 2016;02/10/2016;M;ES;56057;ALFREDO CHAVES;56057;ALFREDO CHAVES;12;34;13;VEREADOR;51000;JACINTA LUCIA SCARPARO;1;1171;80000001646;EEEF CAMILA MOTA;R. NELSON DA COSTA MELLO, S/ N
07/12/2023;14:25:26;2016;2;ELEIÇÃO ORDINÁRIA;1;220;ELEIÇÕES MUNICIPAIS 2016;02/10/2016;M;ES;56057;ALFREDO CHAVES;56057;ALFREDO CHAVES;12;34;13;VEREADOR;40111;CHARLES GAIGHER;15;1171;80000001030;EEEF CAMILA MOTA;R. NELSON DA COSTA MELLO, S/ N
07/12/2023;14:25:26;2016;2;ELEIÇÃO ORDINÁRIA;1;220;ELEIÇÕES MUNICIPAIS 2016;02/10/2016;M;ES;56057;ALFREDO CHAVES;56057;ALFREDO CHAVES;12;34;13;VEREADOR;95;VOTO BRANCO;6;1171;-1;EEEF CAMILA MOTA;R. NELSON DA COSTA MELLO, S/ N
07/12/2023;14:25:26;2016;2;ELEIÇÃO ORDINÁRIA;1;220;ELEIÇÕES MUNICIPAIS 2016;02/10/2016;M;ES;56057;ALFREDO CHAVES;56057;ALFREDO CHAVES;12;27;13;VEREADOR;40123;CLEOMIR GOBBI BUBACK;3;1171;80000001029;EEEF CAMILA MOTA;R. NELSON DA COSTA MELLO, S/ N
07/12/2023;14:25:26;2016;2;ELEIÇÃO ORDINÁRIA;1;220;ELEIÇÕES MUNICIPAIS 2016;02/10/2016;M;ES;56057;ALFREDO CHAVES;56057;ALFREDO CHAVES;12;27;13;VEREADOR;40789;ADILSON JOSE ROVETA;2;1171;80000001028;EEEF CAMILA MOTA;R. NELSON DA COSTA MELLO, S/ N
07/12/2023;14:25:26;2016;2;ELEIÇÃO ORDINÁRIA;1;220;ELEIÇÕES MUNICIPAIS 2016;02/10/2016;M;ES;56057;ALFREDO CHAVES;56057;ALFREDO CHAVES;12;27;11;PREFEITO;40;FERNANDO VIDEIRA LAFAYETTE;141;1171;80000001058;EEEF CAMILA MOTA;R. NELSON DA COSTA MELLO, S/ N
07/12/2023;14:25:26;2016;2;ELEIÇÃO ORDINÁRIA;1;220;ELEIÇÕES MUNICIPAIS 2016;02/10/2016;M;ES;56057;ALFREDO CHAVES;56057;ALFREDO CHAVES;12;27;13;VEREADOR;15555;HELENA MARIA FIORIN FAVERO;2;1171;80000001677;EEEF CAMILA MOTA;R. NELSON DA COSTA MELLO, S/ N
07/12/2023;14:25:26;2016;2;ELEIÇÃO ORDINÁRIA;1;220;ELEIÇÕES MUNICIPAIS 2016;02/10/2016;M;ES;56057;ALFREDO CHAVES;56057;ALFREDO CHAVES;12;27;13;VEREADOR;23333;RENATO CARDOSO;1;1171;80000001681;EEEF CAMILA MOTA;R. NELSON DA COSTA MELLO, S/ N
07/12/2023;14:25:26;2016;2;ELEIÇÃO ORDINÁRIA;1;220;ELEIÇÕES MUNICIPAIS 2016;02/10/2016;M;ES;56057;ALFREDO CHAVES;56057;ALFREDO CHAVES;12;27;13;VEREADOR;40456;SERAFINO ANTÔNIO SIMONI;1;1171;80000001024;EEEF CAMILA MOTA;R. NELSON DA COSTA MELLO, S/ N
07/12/2023;14:25:26;2016;2;ELEIÇÃO ORDINÁRIA;1;220;ELEIÇÕES MUNICIPAIS 2016;02/10/2016;M;ES;56057;ALFREDO CHAVES;56057;ALFREDO CHAVES;12;27;13;VEREADOR;20555;ANGELO ARPINI;2;1171;80000001049;EEEF CAMILA MOTA;R. NELSON DA COSTA MELLO, S/ N
07/12/2023;14:25:26;2016;2;ELEIÇÃO ORDINÁRIA;1;220;ELEIÇÕES MUNICIPAIS 2016;02/10/2016;M;ES;56057;ALFREDO CHAVES;56057;ALFREDO CHAVES;12;27;13;VEREADOR;15000;DANIEL ORLANDI;11;1171;80000001672;EEEF CAMILA MOTA;R. NELSON DA COSTA MELLO, S/ N
07/12/2023;14:25:26;2016;2;ELEIÇÃO ORDINÁRIA;1;220;ELEIÇÕES MUNICIPAIS 2016;02/10/2016;M;ES;56057;ALFREDO CHAVES;56057;ALFREDO CHAVES;12;27;13;VEREADOR;22222;JOAO LUIZ MONTEIRO;4;1171;80000001054;EEEF CAMILA MOTA;R. NELSON DA COSTA MELLO, S/ N
07/12/2023;14:25:26;2016;2;ELEIÇÃO ORDINÁRIA;1;220;ELEIÇÕES MUNICIPAIS 2016;02/10/2016;M;ES;56057;ALFREDO CHAVES;56057;ALFREDO CHAVES;12;27;13;VEREADOR;23111;FERNANDO ALVES;10;1171;80000001675;EEEF CAMILA MOTA;R. NELSON DA COSTA MELLO, S/ N
07/12/2023;14:25:26;2016;2;ELEIÇÃO ORDINÁRIA;1;220;ELEIÇÕES MUNICIPAIS 2016;02/10/2016;M;ES;56057;ALFREDO CHAVES;56057;ALFREDO CHAVES;12;27;13;VEREADOR;20789;JOSE MARIO DE ANDRADE FERREIRA;10;1171;80000001052;EEEF CAMILA MOTA;R. NELSON DA COSTA MELLO, S/ N
07/12/2023;14:25:26;2016;2;ELEIÇÃO ORDINÁRIA;1;220;ELEIÇÕES MUNICIPAIS 2016;02/10/2016;M;ES;56057;ALFREDO CHAVES;56057;ALFREDO CHAVES;12;27;13;VEREADOR;15311;NARCISO DE ABREU GRASSI;30;1171;80000001679;EEEF CAMILA MOTA;R. NELSON DA COSTA MELLO, S/ N
07/12/2023;14:25:26;2016;2;ELEIÇÃO ORDINÁRIA;1;220;ELEIÇÕES MUNICIPAIS 2016;02/10/2016;M;ES;56057;ALFREDO CHAVES;56057;ALFREDO CHAVES;12;27;13;VEREADOR;20123;IZAEL FERREIRA;1;1171;80000001051;EEEF CAMILA MOTA;R. NELSON DA COSTA MELLO, S/ N
07/12/2023;14:25:26;2016;2;ELEIÇÃO ORDINÁRIA;1;220;ELEIÇÕES MUNICIPAIS 2016;02/10/2016;M;ES;56057;ALFREDO CHAVES;56057;ALFREDO CHAVES;12;27;13;VEREADOR;23666;PAULO MUNALDI;22;1171;80000001680;EEEF CAMILA MOTA;R. NELSON DA COSTA MELLO, S/ N
07/12/2023;14:25:26;2016;2;ELEIÇÃO ORDINÁRIA;1;220;ELEIÇÕES MUNICIPAIS 2016;02/10/2016;M;ES;56057;ALFREDO CHAVES;56057;ALFREDO CHAVES;12;27;11;PREFEITO;96;VOTO NULO;15;1171;-1;EEEF CAMILA MOTA;R. NELSON DA COSTA MELLO, S/ N
07/12/2023;14:25:26;2016;2;ELEIÇÃO ORDINÁRIA;1;220;ELEIÇÕES MUNICIPAIS 2016;02/10/2016;M;ES;56057;ALFREDO CHAVES;56057;ALFREDO CHAVES;12;27;13;VEREADOR;40400;DARCY MARCHIORI DE PAULA GAIGHER;17;1171;80000001025;EEEF CAMILA MOTA;R. NELSON DA COSTA MELLO, S/ N
07/12/2023;14:25:26;2016;2;ELEIÇÃO ORDINÁRIA;1;220;ELEIÇÕES MUNICIPAIS 2016;02/10/2016;M;ES;56057;ALFREDO CHAVES;56057;ALFREDO CHAVES;12;27;13;VEREADOR;45123;EDIMAR VANELI;1;1171;80000001040;EEEF CAMILA MOTA;R. NELSON DA COSTA MELLO, S/ N
07/12/2023;14:25:26;2016;2;ELEIÇÃO ORDINÁRIA;1;220;ELEIÇÕES MUNICIPAIS 2016;02/10/2016;M;ES;56057;ALFREDO CHAVES;56057;ALFREDO CHAVES;12;27;13;VEREADOR;11222;SANTE JOSÉ GRATIERI;3;1171;80000001048;EEEF CAMILA MOTA;R. NELSON DA COSTA MELLO, S/ N
07/12/2023;14:25:26;2016;2;ELEIÇÃO ORDINÁRIA;1;220;ELEIÇÕES MUNICIPAIS 2016;02/10/2016;M;ES;56057;ALFREDO CHAVES;56057;ALFREDO CHAVES;12;27;11;PREFEITO;95;VOTO BRANCO;1;1171;-1;EEEF CAMILA MOTA;R. NELSON DA COSTA MELLO, S/ N
07/12/2023;14:25:26;2016;2;ELEIÇÃO ORDINÁRIA;1;220;ELEIÇÕES MUNICIPAIS 2016;02/10/2016;M;ES;56057;ALFREDO CHAVES;56057;ALFREDO CHAVES;12;27;13;VEREADOR;40321;GILSON LUIZ BELLON;5;1171;80000001031;EEEF CAMILA MOTA;R. NELSON DA COSTA MELLO, S/ N
07/12/2023;14:25:26;2016;2;ELEIÇÃO ORDINÁRIA;1;220;ELEIÇÕES MUNICIPAIS 2016;02/10/2016;M;ES;56057;ALFREDO CHAVES;56057;ALFREDO CHAVES;12;27;13;VEREADOR;40444;PASCOAL GARCIA MARTINS;4;1171;80000001038;EEEF CAMILA MOTA;R. NELSON DA COSTA MELLO, S/ N
07/12/2023;14:25:26;2016;2;ELEIÇÃO ORDINÁRIA;1;220;ELEIÇÕES MUNICIPAIS 2016;02/10/2016;M;ES;56057;ALFREDO CHAVES;56057;ALFREDO CHAVES;12;27;13;VEREADOR;13610;NILSON HONORATO VANELI;4;1171;80000001650;EEEF CAMILA MOTA;R. NELSON DA COSTA MELLO, S/ N
07/12/2023;14:25:26;2016;2;ELEIÇÃO ORDINÁRIA;1;220;ELEIÇÕES MUNICIPAIS 2016;02/10/2016;M;ES;56057;ALFREDO CHAVES;56057;ALFREDO CHAVES;12;27;13;VEREADOR;11964;MARIA MAGDALENA NASCIMENTO;1;1171;80000001045;EEEF CAMILA MOTA;R. NELSON DA COSTA MELLO, S/ N
07/12/2023;14:25:26;2016;2;ELEIÇÃO ORDINÁRIA;1;220;ELEIÇÕES MUNICIPAIS 2016;02/10/2016;M;ES;56057;ALFREDO CHAVES;56057;ALFREDO CHAVES;12;27;13;VEREADOR;40202;LAURO ALVES PEREIRA;1;1171;80000001034;EEEF CAMILA MOTA;R. NELSON DA COSTA MELLO, S/ N
07/12/2023;14:25:26;2016;2;ELEIÇÃO ORDINÁRIA;1;220;ELEIÇÕES MUNICIPAIS 2016;02/10/2016;M;ES;56057;ALFREDO CHAVES;56057;ALFREDO CHAVES;12;27;13;VEREADOR;11555;MARIA DOS ANJOS GAIGHER DE PAULA;1;1171;80000001044;EEEF CAMILA MOTA;R. NELSON DA COSTA MELLO, S/ N
07/12/2023;14:25:26;2016;2;ELEIÇÃO ORDINÁRIA;1;220;ELEIÇÕES MUNICIPAIS 2016;02/10/2016;M;ES;56057;ALFREDO CHAVES;56057;ALFREDO CHAVES;12;27;13;VEREADOR;51200;ANTONIETA PETRI;1;1171;80000001649;EEEF CAMILA MOTA;R. NELSON DA COSTA MELLO, S/ N
07/12/2023;14:25:26;2016;2;ELEIÇÃO ORDINÁRIA;1;220;ELEIÇÕES MUNICIPAIS 2016;02/10/2016;M;ES;56057;ALFREDO CHAVES;56057;ALFREDO CHAVES;12;27;13;VEREADOR;96;VOTO NULO;7;1171;-1;EEEF CAMILA MOTA;R. NELSON DA COSTA MELLO, S/ N
07/12/2023;14:25:26;2016;2;ELEIÇÃO ORDINÁRIA;1;220;ELEIÇÕES MUNICIPAIS 2016;02/10/2016;M;ES;56057;ALFREDO CHAVES;56057;ALFREDO CHAVES;12;27;13;VEREADOR;11666;ALESSANDRA TOBIAS DA SILVA GALLINA;1;1171;80000001042;EEEF CAMILA MOTA;R. NELSON DA COSTA MELLO, S/ N
07/12/2023;14:25:26;2016;2;ELEIÇÃO ORDINÁRIA;1;220;ELEIÇÕES MUNICIPAIS 2016;02/10/2016;M;ES;56057;ALFREDO CHAVES;56057;ALFREDO CHAVES;12;27;13;VEREADOR;18123;ERVAN CESAR;2;1171;80000001644;EEEF CAMILA MOTA;R. NELSON DA COSTA MELLO, S/ N
07/12/2023;14:25:26;2016;2;ELEIÇÃO ORDINÁRIA;1;220;ELEIÇÕES MUNICIPAIS 2016;02/10/2016;M;ES;56057;ALFREDO CHAVES;56057;ALFREDO CHAVES;12;27;13;VEREADOR;45000;JONAS NUNES SIMÕES;24;1171;80000001041;EEEF CAMILA MOTA;R. NELSON DA COSTA MELLO, S/ N
07/12/2023;14:25:26;2016;2;ELEIÇÃO ORDINÁRIA;1;220;ELEIÇÕES MUNICIPAIS 2016;02/10/2016;M;ES;56057;ALFREDO CHAVES;56057;ALFREDO CHAVES;12;27;13;VEREADOR;55000;SERGIO BIANCHI;18;1171;80000001684;EEEF CAMILA MOTA;R. NELSON DA COSTA MELLO, S/ N
07/12/2023;14:25:26;2016;2;ELEIÇÃO ORDINÁRIA;1;220;ELEIÇÕES MUNICIPAIS 2016;02/10/2016;M;ES;56057;ALFREDO CHAVES;56057;ALFREDO CHAVES;12;27;13;VEREADOR;40333;JAQUELINE FRANZOTTI DA SILVA;4;1171;80000001032;EEEF CAMILA MOTA;R. NELSON DA COSTA MELLO, S/ N
07/12/2023;14:25:26;2016;2;ELEIÇÃO ORDINÁRIA;1;220;ELEIÇÕES MUNICIPAIS 2016;02/10/2016;M;ES;56057;ALFREDO CHAVES;56057;ALFREDO CHAVES;12;27;13;VEREADOR;25000;JANE CASTEGLIONE BETTCHER;14;1171;80000001642;EEEF CAMILA MOTA;R. NELSON DA COSTA MELLO, S/ N
07/12/2023;14:25:26;2016;2;ELEIÇÃO ORDINÁRIA;1;220;ELEIÇÕES MUNICIPAIS 2016;02/10/2016;M;ES;56057;ALFREDO CHAVES;56057;ALFREDO CHAVES;12;27;13;VEREADOR;40232;MARCIO CETTO;1;1171;80000001036;EEEF CAMILA MOTA;R. NELSON DA COSTA MELLO, S/ N
07/12/2023;14:25:26;2016;2;ELEIÇÃO ORDINÁRIA;1;220;ELEIÇÕES MUNICIPAIS 2016;02/10/2016;M;ES;56057;ALFREDO CHAVES;56057;ALFREDO CHAVES;12;27;13;VEREADOR;23612;ANDRÉ SARTORI;19;1171;80000001669;EEEF CAMILA MOTA;R. NELSON DA COSTA MELLO, S/ N
07/12/2023;14:25:26;2016;2;ELEIÇÃO ORDINÁRIA;1;220;ELEIÇÕES MUNICIPAIS 2016;02/10/2016;M;ES;56057;ALFREDO CHAVES;56057;ALFREDO CHAVES;12;27;13;VEREADOR;23123;CÁSSIO COMINOTTI DO NASCIMENTO;11;1171;80000001671;EEEF CAMILA MOTA;R. NELSON DA COSTA MELLO, S/ N
07/12/2023;14:25:26;2016;2;ELEIÇÃO ORDINÁRIA;1;220;ELEIÇÕES MUNICIPAIS 2016;02/10/2016;M;ES;56057;ALFREDO CHAVES;56057;ALFREDO CHAVES;12;27;13;VEREADOR;11000;ROSANA MARIA CARDOSO TAVARES;3;1171;80000001047;EEEF CAMILA MOTA;R. NELSON DA COSTA MELLO, S/ N
07/12/2023;14:25:26;2016;2;ELEIÇÃO ORDINÁRIA;1;220;ELEIÇÕES MUNICIPAIS 2016;02/10/2016;M;ES;56057;ALFREDO CHAVES;56057;ALFREDO CHAVES;12;27;13;VEREADOR;33333;ELTON ANTERIO CARDOSO BISI;14;1171;80000001023;EEEF CAMILA MOTA;R. NELSON DA COSTA MELLO, S/ N
07/12/2023;14:25:26;2016;2;ELEIÇÃO ORDINÁRIA;1;220;ELEIÇÕES MUNICIPAIS 2016;02/10/2016;M;ES;56057;ALFREDO CHAVES;56057;ALFREDO CHAVES;12;27;13;VEREADOR;40000;NILTON CESAR BELMOK;17;1171;80000001037;EEEF CAMILA MOTA;R. NELSON DA COSTA MELLO, S/ N
07/12/2023;14:25:26;2016;2;ELEIÇÃO ORDINÁRIA;1;220;ELEIÇÕES MUNICIPAIS 2016;02/10/2016;M;ES;56057;ALFREDO CHAVES;56057;ALFREDO CHAVES;12;27;13;VEREADOR;11123;PRIMO ARMELINDO BERGAMI;3;1171;80000001046;EEEF CAMILA MOTA;R. NELSON DA COSTA MELLO, S/ N
07/12/2023;14:25:26;2016;2;ELEIÇÃO ORDINÁRIA;1;220;ELEIÇÕES MUNICIPAIS 2016;02/10/2016;M;ES;56057;ALFREDO CHAVES;56057;ALFREDO CHAVES;12;27;13;VEREADOR;12345;ARMANDO ZANATA INGLE RIBEIRO;17;1171;80000001643;EEEF CAMILA MOTA;R. NELSON DA COSTA MELLO, S/ N
07/12/2023;14:25:26;2016;2;ELEIÇÃO ORDINÁRIA;1;220;ELEIÇÕES MUNICIPAIS 2016;02/10/2016;M;ES;56057;ALFREDO CHAVES;56057;ALFREDO CHAVES;12;6;13;VEREADOR;11;Partido Progressista;1;1023;-3;EEEFM CAMILA MOTA;R. NELSON DA COSTA MELLO, S/ N
07/12/2023;14:25:26;2016;2;ELEIÇÃO ORDINÁRIA;1;220;ELEIÇÕES MUNICIPAIS 2016;02/10/2016;M;ES;56057;ALFREDO CHAVES;56057;ALFREDO CHAVES;12;6;13;VEREADOR;14;Partido Trabalhista Brasileiro;1;1023;-3;EEEFM CAMILA MOTA;R. NELSON DA COSTA MELLO, S/ N
07/12/2023;14:25:26;2016;2;ELEIÇÃO ORDINÁRIA;1;220;ELEIÇÕES MUNICIPAIS 2016;02/10/2016;M;ES;56057;ALFREDO CHAVES;56057;ALFREDO CHAVES;12;6;13;VEREADOR;15;Partido do Movimento Democrático Brasileiro;8;1023;-3;EEEFM CAMILA MOTA;R. NELSON DA COSTA MELLO, S/ N
07/12/2023;14:25:26;2016;2;ELEIÇÃO ORDINÁRIA;1;220;ELEIÇÕES MUNICIPAIS 2016;02/10/2016;M;ES;56057;ALFREDO CHAVES;56057;ALFREDO CHAVES;12;6;13;VEREADOR;23;Partido Popular Socialista;2;1023;-3;EEEFM CAMILA MOTA;R. NELSON DA COSTA MELLO, S/ N
07/12/2023;14:25:26;2016;2;ELEIÇÃO ORDINÁRIA;1;220;ELEIÇÕES MUNICIPAIS 2016;02/10/2016;M;ES;56057;ALFREDO CHAVES;56057;ALFREDO CHAVES;12;6;13;VEREADOR;25;Democratas;1;1023;-3;EEEFM CAMILA MOTA;R. NELSON DA COSTA MELLO, S/ N
07/12/2023;14:25:26;2016;2;ELEIÇÃO ORDINÁRIA;1;220;ELEIÇÕES MUNICIPAIS 2016;02/10/2016;M;ES;56057;ALFREDO CHAVES;56057;ALFREDO CHAVES;12;6;13;VEREADOR;40;Partido Socialista Brasileiro;4;1023;-3;EEEFM CAMILA MOTA;R. NELSON DA COSTA MELLO, S/ N
07/12/2023;14:25:26;2016;2;ELEIÇÃO ORDINÁRIA;1;220;ELEIÇÕES MUNICIPAIS 2016;02/10/2016;M;ES;56057;ALFREDO CHAVES;56057;ALFREDO CHAVES;12;23;13;VEREADOR;25000;JANE CASTEGLIONE BETTCHER;3;1139;80000001642;EEEF SAGRADA FAMÍLIA;R. PRINCIPAL, S/ Nº
07/12/2023;14:25:26;2016;2;ELEIÇÃO ORDINÁRIA;1;220;ELEIÇÕES MUNICIPAIS 2016;02/10/2016;M;ES;56057;ALFREDO CHAVES;56057;ALFREDO CHAVES;12;23;13;VEREADOR;23612;ANDRÉ SARTORI;11;1139;80000001669;EEEF SAGRADA FAMÍLIA;R. PRINCIPAL, S/ Nº
07/12/2023;14:25:26;2016;2;ELEIÇÃO ORDINÁRIA;1;220;ELEIÇÕES MUNICIPAIS 2016;02/10/2016;M;ES;56057;ALFREDO CHAVES;56057;ALFREDO CHAVES;12;23;13;VEREADOR;15123;EDSON ANTONIO REGIANI;1;1139;80000001673;EEEF SAGRADA FAMÍLIA;R. PRINCIPAL, S/ Nº
07/12/2023;14:25:26;2016;2;ELEIÇÃO ORDINÁRIA;1;220;ELEIÇÕES MUNICIPAIS 2016;02/10/2016;M;ES;56057;ALFREDO CHAVES;56057;ALFREDO CHAVES;12;23;13;VEREADOR;23123;CÁSSIO COMINOTTI DO NASCIMENTO;1;1139;80000001671;EEEF SAGRADA FAMÍLIA;R. PRINCIPAL, S/ Nº
07/12/2023;14:25:26;2016;2;ELEIÇÃO ORDINÁRIA;1;220;ELEIÇÕES MUNICIPAIS 2016;02/10/2016;M;ES;56057;ALFREDO CHAVES;56057;ALFREDO CHAVES;12;23;13;VEREADOR;33333;ELTON ANTERIO CARDOSO BISI;7;1139;80000001023;EEEF SAGRADA FAMÍLIA;R. PRINCIPAL, S/ Nº
07/12/2023;14:25:26;2016;2;ELEIÇÃO ORDINÁRIA;1;220;ELEIÇÕES MUNICIPAIS 2016;02/10/2016;M;ES;56057;ALFREDO CHAVES;56057;ALFREDO CHAVES;12;23;13;VEREADOR;40000;NILTON CESAR BELMOK;5;1139;80000001037;EEEF SAGRADA FAMÍLIA;R. PRINCIPAL, S/ Nº
07/12/2023;14:25:26;2016;2;ELEIÇÃO ORDINÁRIA;1;220;ELEIÇÕES MUNICIPAIS 2016;02/10/2016;M;ES;56057;ALFREDO CHAVES;56057;ALFREDO CHAVES;12;23;13;VEREADOR;11123;PRIMO ARMELINDO BERGAMI;1;1139;80000001046;EEEF SAGRADA FAMÍLIA;R. PRINCIPAL, S/ Nº
07/12/2023;14:25:26;2016;2;ELEIÇÃO ORDINÁRIA;1;220;ELEIÇÕES MUNICIPAIS 2016;02/10/2016;M;ES;56057;ALFREDO CHAVES;56057;ALFREDO CHAVES;12;23;13;VEREADOR;12345;ARMANDO ZANATA INGLE RIBEIRO;21;1139;80000001643;EEEF SAGRADA FAMÍLIA;R. PRINCIPAL, S/ Nº
07/12/2023;14:25:26;2016;2;ELEIÇÃO ORDINÁRIA;1;220;ELEIÇÕES MUNICIPAIS 2016;02/10/2016;M;ES;56057;ALFREDO CHAVES;56057;ALFREDO CHAVES;12;23;13;VEREADOR;51234;SIMÃO LOPES DOS SANTOS;1;1139;80000001645;EEEF SAGRADA FAMÍLIA;R. PRINCIPAL, S/ Nº
07/12/2023;14:25:26;2016;2;ELEIÇÃO ORDINÁRIA;1;220;ELEIÇÕES MUNICIPAIS 2016;02/10/2016;M;ES;56057;ALFREDO CHAVES;56057;ALFREDO CHAVES;12;23;11;PREFEITO;15;RONALDO BIANCHI;119;1139;80000003215;EEEF SAGRADA FAMÍLIA;R. PRINCIPAL, S/ Nº
07/12/2023;14:25:26;2016;2;ELEIÇÃO ORDINÁRIA;1;220;ELEIÇÕES MUNICIPAIS 2016;02/10/2016;M;ES;56057;ALFREDO CHAVES;56057;ALFREDO CHAVES;12;23;13;VEREADOR;40111;CHARLES GAIGHER;8;1139;80000001030;EEEF SAGRADA FAMÍLIA;R. PRINCIPAL, S/ Nº
07/12/2023;14:25:26;2016;2;ELEIÇÃO ORDINÁRIA;1;220;ELEIÇÕES MUNICIPAIS 2016;02/10/2016;M;ES;56057;ALFREDO CHAVES;56057;ALFREDO CHAVES;12;23;13;VEREADOR;95;VOTO BRANCO;2;1139;-1;EEEF SAGRADA FAMÍLIA;R. PRINCIPAL, S/ Nº
07/12/2023;14:25:26;2016;2;ELEIÇÃO ORDINÁRIA;1;220;ELEIÇÕES MUNICIPAIS 2016;02/10/2016;M;ES;56057;ALFREDO CHAVES;56057;ALFREDO CHAVES;12;25;11;PREFEITO;40;FERNANDO VIDEIRA LAFAYETTE;180;1155;80000001058;EMEF FELIPE MODOLO;R. PRINCIPAL, S/ N
07/12/2023;14:25:26;2016;2;ELEIÇÃO ORDINÁRIA;1;220;ELEIÇÕES MUNICIPAIS 2016;02/10/2016;M;ES;56057;ALFREDO CHAVES;56057;ALFREDO CHAVES;12;25;13;VEREADOR;15555;HELENA MARIA FIORIN FAVERO;13;1155;80000001677;EMEF FELIPE MODOLO;R. PRINCIPAL, S/ N
07/12/2023;14:25:26;2016;2;ELEIÇÃO ORDINÁRIA;1;220;ELEIÇÕES MUNICIPAIS 2016;02/10/2016;M;ES;56057;ALFREDO CHAVES;56057;ALFREDO CHAVES;12;25;13;VEREADOR;40456;SERAFINO ANTÔNIO SIMONI;23;1155;80000001024;EMEF FELIPE MODOLO;R. PRINCIPAL, S/ N
07/12/2023;14:25:26;2016;2;ELEIÇÃO ORDINÁRIA;1;220;ELEIÇÕES MUNICIPAIS 2016;02/10/2016;M;ES;56057;ALFREDO CHAVES;56057;ALFREDO CHAVES;12;25;13;VEREADOR;15000;DANIEL ORLANDI;19;1155;80000001672;EMEF FELIPE MODOLO;R. PRINCIPAL, S/ N
07/12/2023;14:25:26;2016;2;ELEIÇÃO ORDINÁRIA;1;220;ELEIÇÕES MUNICIPAIS 2016;02/10/2016;M;ES;56057;ALFREDO CHAVES;56057;ALFREDO CHAVES;12;25;13;VEREADOR;23111;FERNANDO ALVES;2;1155;80000001675;EMEF FELIPE MODOLO;R. PRINCIPAL, S/ N
07/12/2023;14:25:26;2016;2;ELEIÇÃO ORDINÁRIA;1;220;ELEIÇÕES MUNICIPAIS 2016;02/10/2016;M;ES;56057;ALFREDO CHAVES;56057;ALFREDO CHAVES;12;25;13;VEREADOR;20789;JOSE MARIO DE ANDRADE FERREIRA;1;1155;80000001052;EMEF FELIPE MODOLO;R. PRINCIPAL, S/ N
07/12/2023;14:25:26;2016;2;ELEIÇÃO ORDINÁRIA;1;220;ELEIÇÕES MUNICIPAIS 2016;02/10/2016;M;ES;56057;ALFREDO CHAVES;56057;ALFREDO CHAVES;12;25;13;VEREADOR;15311;NARCISO DE ABREU GRASSI;13;1155;80000001679;EMEF FELIPE MODOLO;R. PRINCIPAL, S/ N
07/12/2023;14:25:26;2016;2;ELEIÇÃO ORDINÁRIA;1;220;ELEIÇÕES MUNICIPAIS 2016;02/10/2016;M;ES;56057;ALFREDO CHAVES;56057;ALFREDO CHAVES;12;25;13;VEREADOR;23666;PAULO MUNALDI;6;1155;80000001680;EMEF FELIPE MODOLO;R. PRINCIPAL, S/ N
07/12/2023;14:25:26;2016;2;ELEIÇÃO ORDINÁRIA;1;220;ELEIÇÕES MUNICIPAIS 2016;02/10/2016;M;ES;56057;ALFREDO CHAVES;56057;ALFREDO CHAVES;12;25;11;PREFEITO;96;VOTO NULO;12;1155;-1;EMEF FELIPE MODOLO;R. PRINCIPAL, S/ N
07/12/2023;14:25:26;2016;2;ELEIÇÃO ORDINÁRIA;1;220;ELEIÇÕES MUNICIPAIS 2016;02/10/2016;M;ES;56057;ALFREDO CHAVES;56057;ALFREDO CHAVES;12;25;13;VEREADOR;40400;DARCY MARCHIORI DE PAULA GAIGHER;2;1155;80000001025;EMEF FELIPE MODOLO;R. PRINCIPAL, S/ N
07/12/2023;14:25:26;2016;2;ELEIÇÃO ORDINÁRIA;1;220;ELEIÇÕES MUNICIPAIS 2016;02/10/2016;M;ES;56057;ALFREDO CHAVES;56057;ALFREDO CHAVES;12;25;13;VEREADOR;45123;EDIMAR VANELI;1;1155;80000001040;EMEF FELIPE MODOLO;R. PRINCIPAL, S/ N
07/12/2023;14:25:26;2016;2;ELEIÇÃO ORDINÁRIA;1;220;ELEIÇÕES MUNICIPAIS 2016;02/10/2016;M;ES;56057;ALFREDO CHAVES;56057;ALFREDO CHAVES;12;25;13;VEREADOR;11222;SANTE JOSÉ GRATIERI;4;1155;80000001048;EMEF FELIPE MODOLO;R. PRINCIPAL, S/ N
07/12/2023;14:25:26;2016;2;ELEIÇÃO ORDINÁRIA;1;220;ELEIÇÕES MUNICIPAIS 2016;02/10/2016;M;ES;56057;ALFREDO CHAVES;56057;ALFREDO CHAVES;12;25;11;PREFEITO;95;VOTO BRANCO;4;1155;-1;EMEF FELIPE MODOLO;R. PRINCIPAL, S/ N
07/12/2023;14:25:26;2016;2;ELEIÇÃO ORDINÁRIA;1;220;ELEIÇÕES MUNICIPAIS 2016;02/10/2016;M;ES;56057;ALFREDO CHAVES;56057;ALFREDO CHAVES;12;25;13;VEREADOR;40321;GILSON LUIZ BELLON;89;1155;80000001031;EMEF FELIPE MODOLO;R. PRINCIPAL, S/ N
07/12/2023;14:25:26;2016;2;ELEIÇÃO ORDINÁRIA;1;220;ELEIÇÕES MUNICIPAIS 2016;02/10/2016;M;ES;56057;ALFREDO CHAVES;56057;ALFREDO CHAVES;12;25;13;VEREADOR;40444;PASCOAL GARCIA MARTINS;2;1155;80000001038;EMEF FELIPE MODOLO;R. PRINCIPAL, S/ N
07/12/2023;14:25:26;2016;2;ELEIÇÃO ORDINÁRIA;1;220;ELEIÇÕES MUNICIPAIS 2016;02/10/2016;M;ES;56057;ALFREDO CHAVES;56057;ALFREDO CHAVES;12;25;13;VEREADOR;14555;LUIZ GONZAGA CIBIN;2;1155;80000001648;EMEF FELIPE MODOLO;R. PRINCIPAL, S/ N
07/12/2023;14:25:26;2016;2;ELEIÇÃO ORDINÁRIA;1;220;ELEIÇÕES MUNICIPAIS 2016;02/10/2016;M;ES;56057;ALFREDO CHAVES;56057;ALFREDO CHAVES;12;25;13;VEREADOR;96;VOTO NULO;8;1155;-1;EMEF FELIPE MODOLO;R. PRINCIPAL, S/ N
07/12/2023;14:25:26;2016;2;ELEIÇÃO ORDINÁRIA;1;220;ELEIÇÕES MUNICIPAIS 2016;02/10/2016;M;ES;56057;ALFREDO CHAVES;56057;ALFREDO CHAVES;12;25;13;VEREADOR;45000;JONAS NUNES SIMÕES;12;1155;80000001041;EMEF FELIPE MODOLO;R. PRINCIPAL, S/ N
07/12/2023;14:25:26;2016;2;ELEIÇÃO ORDINÁRIA;1;220;ELEIÇÕES MUNICIPAIS 2016;02/10/2016;M;ES;56057;ALFREDO CHAVES;56057;ALFREDO CHAVES;12;25;13;VEREADOR;55000;SERGIO BIANCHI;3;1155;80000001684;EMEF FELIPE MODOLO;R. PRINCIPAL, S/ N
07/12/2023;14:25:26;2016;2;ELEIÇÃO ORDINÁRIA;1;220;ELEIÇÕES MUNICIPAIS 2016;02/10/2016;M;ES;56057;ALFREDO CHAVES;56057;ALFREDO CHAVES;12;25;13;VEREADOR;25000;JANE CASTEGLIONE BETTCHER;1;1155;80000001642;EMEF FELIPE MODOLO;R. PRINCIPAL, S/ N
07/12/2023;14:25:26;2016;2;ELEIÇÃO ORDINÁRIA;1;220;ELEIÇÕES MUNICIPAIS 2016;02/10/2016;M;ES;56057;ALFREDO CHAVES;56057;ALFREDO CHAVES;12;25;13;VEREADOR;15666;ROGERIO FRANZOTTI;3;1155;80000001682;EMEF FELIPE MODOLO;R. PRINCIPAL, S/ N
07/12/2023;14:25:26;2016;2;ELEIÇÃO ORDINÁRIA;1;220;ELEIÇÕES MUNICIPAIS 2016;02/10/2016;M;ES;56057;ALFREDO CHAVES;56057;ALFREDO CHAVES;12;25;13;VEREADOR;23612;ANDRÉ SARTORI;10;1155;80000001669;EMEF FELIPE MODOLO;R. PRINCIPAL, S/ N
07/12/2023;14:25:26;2016;2;ELEIÇÃO ORDINÁRIA;1;220;ELEIÇÕES MUNICIPAIS 2016;02/10/2016;M;ES;56057;ALFREDO CHAVES;56057;ALFREDO CHAVES;12;25;13;VEREADOR;11000;ROSANA MARIA CARDOSO TAVARES;1;1155;80000001047;EMEF FELIPE MODOLO;R. PRINCIPAL, S/ N
07/12/2023;14:25:26;2016;2;ELEIÇÃO ORDINÁRIA;1;220;ELEIÇÕES MUNICIPAIS 2016;02/10/2016;M;ES;56057;ALFREDO CHAVES;56057;ALFREDO CHAVES;12;25;13;VEREADOR;33333;ELTON ANTERIO CARDOSO BISI;1;1155;80000001023;EMEF FELIPE MODOLO;R. PRINCIPAL, S/ N
07/12/2023;14:25:26;2016;2;ELEIÇÃO ORDINÁRIA;1;220;ELEIÇÕES MUNICIPAIS 2016;02/10/2016;M;ES;56057;ALFREDO CHAVES;56057;ALFREDO CHAVES;12;25;13;VEREADOR;40000;NILTON CESAR BELMOK;13;1155;80000001037;EMEF FELIPE MODOLO;R. PRINCIPAL, S/ N
07/12/2023;14:25:26;2016;2;ELEIÇÃO ORDINÁRIA;1;220;ELEIÇÕES MUNICIPAIS 2016;02/10/2016;M;ES;56057;ALFREDO CHAVES;56057;ALFREDO CHAVES;12;25;13;VEREADOR;11123;PRIMO ARMELINDO BERGAMI;16;1155;80000001046;EMEF FELIPE MODOLO;R. PRINCIPAL, S/ N
07/12/2023;14:25:26;2016;2;ELEIÇÃO ORDINÁRIA;1;220;ELEIÇÕES MUNICIPAIS 2016;02/10/2016;M;ES;56057;ALFREDO CHAVES;56057;ALFREDO CHAVES;12;25;13;VEREADOR;12345;ARMANDO ZANATA INGLE RIBEIRO;9;1155;80000001643;EMEF FELIPE MODOLO;R. PRINCIPAL, S/ N
07/12/2023;14:25:26;2016;2;ELEIÇÃO ORDINÁRIA;1;220;ELEIÇÕES MUNICIPAIS 2016;02/10/2016;M;ES;56057;ALFREDO CHAVES;56057;ALFREDO CHAVES;12;25;11;PREFEITO;15;RONALDO BIANCHI;97;1155;80000003215;EMEF FELIPE MODOLO;R. PRINCIPAL, S/ N
07/12/2023;14:25:26;2016;2;ELEIÇÃO ORDINÁRIA;1;220;ELEIÇÕES MUNICIPAIS 2016;02/10/2016;M;ES;56057;ALFREDO CHAVES;56057;ALFREDO CHAVES;12;25;13;VEREADOR;40111;CHARLES GAIGHER;7;1155;80000001030;EMEF FELIPE MODOLO;R. PRINCIPAL, S/ N
07/12/2023;14:25:26;2016;2;ELEIÇÃO ORDINÁRIA;1;220;ELEIÇÕES MUNICIPAIS 2016;02/10/2016;M;ES;56057;ALFREDO CHAVES;56057;ALFREDO CHAVES;12;25;13;VEREADOR;95;VOTO BRANCO;4;1155;-1;EMEF FELIPE MODOLO;R. PRINCIPAL, S/ N
07/12/2023;14:25:26;2016;2;ELEIÇÃO ORDINÁRIA;1;220;ELEIÇÕES MUNICIPAIS 2016;02/10/2016;M;ES;56057;ALFREDO CHAVES;56057;ALFREDO CHAVES;12;7;13;VEREADOR;11;Partido Progressista;3;1171;-3;EEEF CAMILA MOTA;R. NELSON DA COSTA MELLO, S/ N
07/12/2023;14:25:26;2016;2;ELEIÇÃO ORDINÁRIA;1;220;ELEIÇÕES MUNICIPAIS 2016;02/10/2016;M;ES;56057;ALFREDO CHAVES;56057;ALFREDO CHAVES;12;7;13;VEREADOR;13;Partido dos Trabalhadores;1;1171;-3;EEEF CAMILA MOTA;R. NELSON DA COSTA MELLO, S/ N
07/12/2023;14:25:26;2016;2;ELEIÇÃO ORDINÁRIA;1;220;ELEIÇÕES MUNICIPAIS 2016;02/10/2016;M;ES;56057;ALFREDO CHAVES;56057;ALFREDO CHAVES;12;7;13;VEREADOR;15;Partido do Movimento Democrático Brasileiro;6;1171;-3;EEEF CAMILA MOTA;R. NELSON DA COSTA MELLO, S/ N
07/12/2023;14:25:26;2016;2;ELEIÇÃO ORDINÁRIA;1;220;ELEIÇÕES MUNICIPAIS 2016;02/10/2016;M;ES;56057;ALFREDO CHAVES;56057;ALFREDO CHAVES;12;7;13;VEREADOR;20;Partido Social Cristão;1;1171;-3;EEEF CAMILA MOTA;R. NELSON DA COSTA MELLO, S/ N
07/12/2023;14:25:26;2016;2;ELEIÇÃO ORDINÁRIA;1;220;ELEIÇÕES MUNICIPAIS 2016;02/10/2016;M;ES;56057;ALFREDO CHAVES;56057;ALFREDO CHAVES;12;7;13;VEREADOR;22;Partido da República;1;1171;-3;EEEF CAMILA MOTA;R. NELSON DA COSTA MELLO, S/ N
07/12/2023;14:25:26;2016;2;ELEIÇÃO ORDINÁRIA;1;220;ELEIÇÕES MUNICIPAIS 2016;02/10/2016;M;ES;56057;ALFREDO CHAVES;56057;ALFREDO CHAVES;12;7;13;VEREADOR;40;Partido Socialista Brasileiro;10;1171;-3;EEEF CAMILA MOTA;R. NELSON DA COSTA MELLO, S/ N
07/12/2023;14:25:26;2016;2;ELEIÇÃO ORDINÁRIA;1;220;ELEIÇÕES MUNICIPAIS 2016;02/10/2016;M;ES;56057;ALFREDO CHAVES;56057;ALFREDO CHAVES;12;7;13;VEREADOR;55;Partido Social Democrático;2;1171;-3;EEEF CAMILA MOTA;R. NELSON DA COSTA MELLO, S/ N
07/12/2023;14:25:26;2016;2;ELEIÇÃO ORDINÁRIA;1;220;ELEIÇÕES MUNICIPAIS 2016;02/10/2016;M;ES;56057;ALFREDO CHAVES;56057;ALFREDO CHAVES;12;25;13;VEREADOR;13123;JOSÉ DOMINGOS GOTTARDO;8;1155;80000001647;EMEF FELIPE MODOLO;R. PRINCIPAL, S/ N
07/12/2023;14:25:26;2016;2;ELEIÇÃO ORDINÁRIA;1;220;ELEIÇÕES MUNICIPAIS 2016;02/10/2016;M;ES;56057;ALFREDO CHAVES;56057;ALFREDO CHAVES;12;25;13;VEREADOR;40123;CLEOMIR GOBBI BUBACK;5;1155;80000001029;EMEF FELIPE MODOLO;R. PRINCIPAL, S/ N
07/12/2023;14:25:26;2016;2;ELEIÇÃO ORDINÁRIA;1;220;ELEIÇÕES MUNICIPAIS 2016;02/10/2016;M;ES;56057;ALFREDO CHAVES;56057;ALFREDO CHAVES;12;25;13;VEREADOR;19000;ITAGIBA AUGUSTO VIANA MATTOS;1;1155;80000001055;EMEF FELIPE MODOLO;R. PRINCIPAL, S/ N
07/12/2023;14:25:26;2016;2;ELEIÇÃO ORDINÁRIA;1;220;ELEIÇÕES MUNICIPAIS 2016;02/10/2016;M;ES;56057;ALFREDO CHAVES;56057;ALFREDO CHAVES;12;25;13;VEREADOR;40789;ADILSON JOSE ROVETA;2;1155;80000001028;EMEF FELIPE MODOLO;R. PRINCIPAL, S/ N
07/12/2023;14:25:26;2016;2;ELEIÇÃO ORDINÁRIA;1;220;ELEIÇÕES MUNICIPAIS 2016;02/10/2016;M;ES;56057;ALFREDO CHAVES;56057;ALFREDO CHAVES;12;23;13;VEREADOR;23666;PAULO MUNALDI;27;1139;80000001680;EEEF SAGRADA FAMÍLIA;R. PRINCIPAL, S/ Nº
07/12/2023;14:25:26;2016;2;ELEIÇÃO ORDINÁRIA;1;220;ELEIÇÕES MUNICIPAIS 2016;02/10/2016;M;ES;56057;ALFREDO CHAVES;56057;ALFREDO CHAVES;12;23;13;VEREADOR;20333;MARCO ANTONIO MOZER;6;1139;80000001053;EEEF SAGRADA FAMÍLIA;R. PRINCIPAL, S/ Nº
07/12/2023;14:25:26;2016;2;ELEIÇÃO ORDINÁRIA;1;220;ELEIÇÕES MUNICIPAIS 2016;02/10/2016;M;ES;56057;ALFREDO CHAVES;56057;ALFREDO CHAVES;12;23;11;PREFEITO;96;VOTO NULO;12;1139;-1;EEEF SAGRADA FAMÍLIA;R. PRINCIPAL, S/ Nº
07/12/2023;14:25:26;2016;2;ELEIÇÃO ORDINÁRIA;1;220;ELEIÇÕES MUNICIPAIS 2016;02/10/2016;M;ES;56057;ALFREDO CHAVES;56057;ALFREDO CHAVES;12;23;13;VEREADOR;40400;DARCY MARCHIORI DE PAULA GAIGHER;1;1139;80000001025;EEEF SAGRADA FAMÍLIA;R. PRINCIPAL, S/ Nº
07/12/2023;14:25:26;2016;2;ELEIÇÃO ORDINÁRIA;1;220;ELEIÇÕES MUNICIPAIS 2016;02/10/2016;M;ES;56057;ALFREDO CHAVES;56057;ALFREDO CHAVES;12;23;13;VEREADOR;45123;EDIMAR VANELI;46;1139;80000001040;EEEF SAGRADA FAMÍLIA;R. PRINCIPAL, S/ Nº
07/12/2023;14:25:26;2016;2;ELEIÇÃO ORDINÁRIA;1;220;ELEIÇÕES MUNICIPAIS 2016;02/10/2016;M;ES;56057;ALFREDO CHAVES;56057;ALFREDO CHAVES;12;23;11;PREFEITO;95;VOTO BRANCO;1;1139;-1;EEEF SAGRADA FAMÍLIA;R. PRINCIPAL, S/ Nº
07/12/2023;14:25:26;2016;2;ELEIÇÃO ORDINÁRIA;1;220;ELEIÇÕES MUNICIPAIS 2016;02/10/2016;M;ES;56057;ALFREDO CHAVES;56057;ALFREDO CHAVES;12;23;13;VEREADOR;40321;GILSON LUIZ BELLON;6;1139;80000001031;EEEF SAGRADA FAMÍLIA;R. PRINCIPAL, S/ Nº
07/12/2023;14:25:26;2016;2;ELEIÇÃO ORDINÁRIA;1;220;ELEIÇÕES MUNICIPAIS 2016;02/10/2016;M;ES;56057;ALFREDO CHAVES;56057;ALFREDO CHAVES;12;23;13;VEREADOR;40444;PASCOAL GARCIA MARTINS;4;1139;80000001038;EEEF SAGRADA FAMÍLIA;R. PRINCIPAL, S/ Nº
07/12/2023;14:25:26;2016;2;ELEIÇÃO ORDINÁRIA;1;220;ELEIÇÕES MUNICIPAIS 2016;02/10/2016;M;ES;56057;ALFREDO CHAVES;56057;ALFREDO CHAVES;12;23;13;VEREADOR;40777;MARINALVA ALVES DA SILVA;2;1139;80000001027;EEEF SAGRADA FAMÍLIA;R. PRINCIPAL, S/ Nº
07/12/2023;14:25:26;2016;2;ELEIÇÃO ORDINÁRIA;1;220;ELEIÇÕES MUNICIPAIS 2016;02/10/2016;M;ES;56057;ALFREDO CHAVES;56057;ALFREDO CHAVES;12;23;13;VEREADOR;13610;NILSON HONORATO VANELI;5;1139;80000001650;EEEF SAGRADA FAMÍLIA;R. PRINCIPAL, S/ Nº
07/12/2023;14:25:26;2016;2;ELEIÇÃO ORDINÁRIA;1;220;ELEIÇÕES MUNICIPAIS 2016;02/10/2016;M;ES;56057;ALFREDO CHAVES;56057;ALFREDO CHAVES;12;23;13;VEREADOR;11964;MARIA MAGDALENA NASCIMENTO;1;1139;80000001045;EEEF SAGRADA FAMÍLIA;R. PRINCIPAL, S/ Nº
07/12/2023;14:25:26;2016;2;ELEIÇÃO ORDINÁRIA;1;220;ELEIÇÕES MUNICIPAIS 2016;02/10/2016;M;ES;56057;ALFREDO CHAVES;56057;ALFREDO CHAVES;12;23;13;VEREADOR;40202;LAURO ALVES PEREIRA;27;1139;80000001034;EEEF SAGRADA FAMÍLIA;R. PRINCIPAL, S/ Nº
07/12/2023;14:25:26;2016;2;ELEIÇÃO ORDINÁRIA;1;220;ELEIÇÕES MUNICIPAIS 2016;02/10/2016;M;ES;56057;ALFREDO CHAVES;56057;ALFREDO CHAVES;12;23;13;VEREADOR;55111;ELIETE ARPINI BRUSCHI;2;1139;80000001674;EEEF SAGRADA FAMÍLIA;R. PRINCIPAL, S/ Nº
07/12/2023;14:25:26;2016;2;ELEIÇÃO ORDINÁRIA;1;220;ELEIÇÕES MUNICIPAIS 2016;02/10/2016;M;ES;56057;ALFREDO CHAVES;56057;ALFREDO CHAVES;12;23;13;VEREADOR;96;VOTO NULO;7;1139;-1;EEEF SAGRADA FAMÍLIA;R. PRINCIPAL, S/ Nº
07/12/2023;14:25:26;2016;2;ELEIÇÃO ORDINÁRIA;1;220;ELEIÇÕES MUNICIPAIS 2016;02/10/2016;M;ES;56057;ALFREDO CHAVES;56057;ALFREDO CHAVES;12;23;13;VEREADOR;45000;JONAS NUNES SIMÕES;5;1139;80000001041;EEEF SAGRADA FAMÍLIA;R. PRINCIPAL, S/ Nº
07/12/2023;14:25:26;2016;2;ELEIÇÃO ORDINÁRIA;1;220;ELEIÇÕES MUNICIPAIS 2016;02/10/2016;M;ES;56057;ALFREDO CHAVES;56057;ALFREDO CHAVES;12;23;13;VEREADOR;55000;SERGIO BIANCHI;21;1139;80000001684;EEEF SAGRADA FAMÍLIA;R. PRINCIPAL, S/ Nº
07/12/2023;14:25:26;2016;2;ELEIÇÃO ORDINÁRIA;1;220;ELEIÇÕES MUNICIPAIS 2016;02/10/2016;M;ES;56057;ALFREDO CHAVES;56057;ALFREDO CHAVES;12;24;13;VEREADOR;40123;CLEOMIR GOBBI BUBACK;1;1147;80000001029;EMEF SÃO BENTO DE URÂNIA;R. PRINCIPAL, S/ Nº
07/12/2023;14:25:26;2016;2;ELEIÇÃO ORDINÁRIA;1;220;ELEIÇÕES MUNICIPAIS 2016;02/10/2016;M;ES;56057;ALFREDO CHAVES;56057;ALFREDO CHAVES;12;24;13;VEREADOR;40789;ADILSON JOSE ROVETA;1;1147;80000001028;EMEF SÃO BENTO DE URÂNIA;R. PRINCIPAL, S/ Nº
07/12/2023;14:25:26;2016;2;ELEIÇÃO ORDINÁRIA;1;220;ELEIÇÕES MUNICIPAIS 2016;02/10/2016;M;ES;56057;ALFREDO CHAVES;56057;ALFREDO CHAVES;12;24;11;PREFEITO;40;FERNANDO VIDEIRA LAFAYETTE;136;1147;80000001058;EMEF SÃO BENTO DE URÂNIA;R. PRINCIPAL, S/ Nº
07/12/2023;14:25:26;2016;2;ELEIÇÃO ORDINÁRIA;1;220;ELEIÇÕES MUNICIPAIS 2016;02/10/2016;M;ES;56057;ALFREDO CHAVES;56057;ALFREDO CHAVES;12;24;13;VEREADOR;40456;SERAFINO ANTÔNIO SIMONI;91;1147;80000001024;EMEF SÃO BENTO DE URÂNIA;R. PRINCIPAL, S/ Nº
07/12/2023;14:25:26;2016;2;ELEIÇÃO ORDINÁRIA;1;220;ELEIÇÕES MUNICIPAIS 2016;02/10/2016;M;ES;56057;ALFREDO CHAVES;56057;ALFREDO CHAVES;12;24;13;VEREADOR;22222;JOAO LUIZ MONTEIRO;2;1147;80000001054;EMEF SÃO BENTO DE URÂNIA;R. PRINCIPAL, S/ Nº
07/12/2023;14:25:26;2016;2;ELEIÇÃO ORDINÁRIA;1;220;ELEIÇÕES MUNICIPAIS 2016;02/10/2016;M;ES;56057;ALFREDO CHAVES;56057;ALFREDO CHAVES;12;24;13;VEREADOR;15311;NARCISO DE ABREU GRASSI;6;1147;80000001679;EMEF SÃO BENTO DE URÂNIA;R. PRINCIPAL, S/ Nº
07/12/2023;14:25:26;2016;2;ELEIÇÃO ORDINÁRIA;1;220;ELEIÇÕES MUNICIPAIS 2016;02/10/2016;M;ES;56057;ALFREDO CHAVES;56057;ALFREDO CHAVES;12;24;13;VEREADOR;20333;MARCO ANTONIO MOZER;1;1147;80000001053;EMEF SÃO BENTO DE URÂNIA;R. PRINCIPAL, S/ Nº
07/12/2023;14:25:26;2016;2;ELEIÇÃO ORDINÁRIA;1;220;ELEIÇÕES MUNICIPAIS 2016;02/10/2016;M;ES;56057;ALFREDO CHAVES;56057;ALFREDO CHAVES;12;24;11;PREFEITO;96;VOTO NULO;34;1147;-1;EMEF SÃO BENTO DE URÂNIA;R. PRINCIPAL, S/ Nº
07/12/2023;14:25:26;2016;2;ELEIÇÃO ORDINÁRIA;1;220;ELEIÇÕES MUNICIPAIS 2016;02/10/2016;M;ES;56057;ALFREDO CHAVES;56057;ALFREDO CHAVES;12;24;13;VEREADOR;11222;SANTE JOSÉ GRATIERI;59;1147;80000001048;EMEF SÃO BENTO DE URÂNIA;R. PRINCIPAL, S/ Nº
07/12/2023;14:25:26;2016;2;ELEIÇÃO ORDINÁRIA;1;220;ELEIÇÕES MUNICIPAIS 2016;02/10/2016;M;ES;56057;ALFREDO CHAVES;56057;ALFREDO CHAVES;12;24;11;PREFEITO;95;VOTO BRANCO;14;1147;-1;EMEF SÃO BENTO DE URÂNIA;R. PRINCIPAL, S/ Nº
07/12/2023;14:25:26;2016;2;ELEIÇÃO ORDINÁRIA;1;220;ELEIÇÕES MUNICIPAIS 2016;02/10/2016;M;ES;56057;ALFREDO CHAVES;56057;ALFREDO CHAVES;12;24;13;VEREADOR;40321;GILSON LUIZ BELLON;3;1147;80000001031;EMEF SÃO BENTO DE URÂNIA;R. PRINCIPAL, S/ Nº
07/12/2023;14:25:26;2016;2;ELEIÇÃO ORDINÁRIA;1;220;ELEIÇÕES MUNICIPAIS 2016;02/10/2016;M;ES;56057;ALFREDO CHAVES;56057;ALFREDO CHAVES;12;24;13;VEREADOR;40444;PASCOAL GARCIA MARTINS;1;1147;80000001038;EMEF SÃO BENTO DE URÂNIA;R. PRINCIPAL, S/ Nº
07/12/2023;14:25:26;2016;2;ELEIÇÃO ORDINÁRIA;1;220;ELEIÇÕES MUNICIPAIS 2016;02/10/2016;M;ES;56057;ALFREDO CHAVES;56057;ALFREDO CHAVES;12;24;13;VEREADOR;14555;LUIZ GONZAGA CIBIN;63;1147;80000001648;EMEF SÃO BENTO DE URÂNIA;R. PRINCIPAL, S/ Nº
07/12/2023;14:25:26;2016;2;ELEIÇÃO ORDINÁRIA;1;220;ELEIÇÕES MUNICIPAIS 2016;02/10/2016;M;ES;56057;ALFREDO CHAVES;56057;ALFREDO CHAVES;12;24;13;VEREADOR;96;VOTO NULO;12;1147;-1;EMEF SÃO BENTO DE URÂNIA;R. PRINCIPAL, S/ Nº
07/12/2023;14:25:26;2016;2;ELEIÇÃO ORDINÁRIA;1;220;ELEIÇÕES MUNICIPAIS 2016;02/10/2016;M;ES;56057;ALFREDO CHAVES;56057;ALFREDO CHAVES;12;24;13;VEREADOR;25000;JANE CASTEGLIONE BETTCHER;2;1147;80000001642;EMEF SÃO BENTO DE URÂNIA;R. PRINCIPAL, S/ Nº
07/12/2023;14:25:26;2016;2;ELEIÇÃO ORDINÁRIA;1;220;ELEIÇÕES MUNICIPAIS 2016;02/10/2016;M;ES;56057;ALFREDO CHAVES;56057;ALFREDO CHAVES;12;24;13;VEREADOR;23612;ANDRÉ SARTORI;9;1147;80000001669;EMEF SÃO BENTO DE URÂNIA;R. PRINCIPAL, S/ Nº
07/12/2023;14:25:26;2016;2;ELEIÇÃO ORDINÁRIA;1;220;ELEIÇÕES MUNICIPAIS 2016;02/10/2016;M;ES;56057;ALFREDO CHAVES;56057;ALFREDO CHAVES;12;24;13;VEREADOR;40000;NILTON CESAR BELMOK;4;1147;80000001037;EMEF SÃO BENTO DE URÂNIA;R. PRINCIPAL, S/ Nº
07/12/2023;14:25:26;2016;2;ELEIÇÃO ORDINÁRIA;1;220;ELEIÇÕES MUNICIPAIS 2016;02/10/2016;M;ES;56057;ALFREDO CHAVES;56057;ALFREDO CHAVES;12;24;13;VEREADOR;11123;PRIMO ARMELINDO BERGAMI;1;1147;80000001046;EMEF SÃO BENTO DE URÂNIA;R. PRINCIPAL, S/ Nº
07/12/2023;14:25:26;2016;2;ELEIÇÃO ORDINÁRIA;1;220;ELEIÇÕES MUNICIPAIS 2016;02/10/2016;M;ES;56057;ALFREDO CHAVES;56057;ALFREDO CHAVES;12;24;11;PREFEITO;15;RONALDO BIANCHI;115;1147;80000003215;EMEF SÃO BENTO DE URÂNIA;R. PRINCIPAL, S/ Nº
07/12/2023;14:25:26;2016;2;ELEIÇÃO ORDINÁRIA;1;220;ELEIÇÕES MUNICIPAIS 2016;02/10/2016;M;ES;56057;ALFREDO CHAVES;56057;ALFREDO CHAVES;12;24;13;VEREADOR;40111;CHARLES GAIGHER;6;1147;80000001030;EMEF SÃO BENTO DE URÂNIA;R. PRINCIPAL, S/ Nº
07/12/2023;14:25:26;2016;2;ELEIÇÃO ORDINÁRIA;1;220;ELEIÇÕES MUNICIPAIS 2016;02/10/2016;M;ES;56057;ALFREDO CHAVES;56057;ALFREDO CHAVES;12;24;13;VEREADOR;95;VOTO BRANCO;12;1147;-1;EMEF SÃO BENTO DE URÂNIA;R. PRINCIPAL, S/ Nº
07/12/2023;14:25:26;2016;2;ELEIÇÃO ORDINÁRIA;1;220;ELEIÇÕES MUNICIPAIS 2016;02/10/2016;M;ES;56057;ALFREDO CHAVES;56057;ALFREDO CHAVES;12;23;13;VEREADOR;19000;ITAGIBA AUGUSTO VIANA MATTOS;1;1139;80000001055;EEEF SAGRADA FAMÍLIA;R. PRINCIPAL, S/ Nº
07/12/2023;14:25:26;2016;2;ELEIÇÃO ORDINÁRIA;1;220;ELEIÇÕES MUNICIPAIS 2016;02/10/2016;M;ES;56057;ALFREDO CHAVES;56057;ALFREDO CHAVES;12;23;13;VEREADOR;40147;JUCIMARA NIQUETTE;4;1139;80000001033;EEEF SAGRADA FAMÍLIA;R. PRINCIPAL, S/ Nº
07/12/2023;14:25:26;2016;2;ELEIÇÃO ORDINÁRIA;1;220;ELEIÇÕES MUNICIPAIS 2016;02/10/2016;M;ES;56057;ALFREDO CHAVES;56057;ALFREDO CHAVES;12;23;13;VEREADOR;40789;ADILSON JOSE ROVETA;54;1139;80000001028;EEEF SAGRADA FAMÍLIA;R. PRINCIPAL, S/ Nº
07/12/2023;14:25:26;2016;2;ELEIÇÃO ORDINÁRIA;1;220;ELEIÇÕES MUNICIPAIS 2016;02/10/2016;M;ES;56057;ALFREDO CHAVES;56057;ALFREDO CHAVES;12;23;11;PREFEITO;40;FERNANDO VIDEIRA LAFAYETTE;192;1139;80000001058;EEEF SAGRADA FAMÍLIA;R. PRINCIPAL, S/ Nº
07/12/2023;14:25:26;2016;2;ELEIÇÃO ORDINÁRIA;1;220;ELEIÇÕES MUNICIPAIS 2016;02/10/2016;M;ES;56057;ALFREDO CHAVES;56057;ALFREDO CHAVES;12;23;13;VEREADOR;15555;HELENA MARIA FIORIN FAVERO;2;1139;80000001677;EEEF SAGRADA FAMÍLIA;R. PRINCIPAL, S/ Nº
07/12/2023;14:25:26;2016;2;ELEIÇÃO ORDINÁRIA;1;220;ELEIÇÕES MUNICIPAIS 2016;02/10/2016;M;ES;56057;ALFREDO CHAVES;56057;ALFREDO CHAVES;12;23;13;VEREADOR;23333;RENATO CARDOSO;1;1139;80000001681;EEEF SAGRADA FAMÍLIA;R. PRINCIPAL, S/ Nº
07/12/2023;14:25:26;2016;2;ELEIÇÃO ORDINÁRIA;1;220;ELEIÇÕES MUNICIPAIS 2016;02/10/2016;M;ES;56057;ALFREDO CHAVES;56057;ALFREDO CHAVES;12;23;13;VEREADOR;40456;SERAFINO ANTÔNIO SIMONI;2;1139;80000001024;EEEF SAGRADA FAMÍLIA;R. PRINCIPAL, S/ Nº
07/12/2023;14:25:26;2016;2;ELEIÇÃO ORDINÁRIA;1;220;ELEIÇÕES MUNICIPAIS 2016;02/10/2016;M;ES;56057;ALFREDO CHAVES;56057;ALFREDO CHAVES;12;23;13;VEREADOR;20555;ANGELO ARPINI;10;1139;80000001049;EEEF SAGRADA FAMÍLIA;R. PRINCIPAL, S/ Nº
07/12/2023;14:25:26;2016;2;ELEIÇÃO ORDINÁRIA;1;220;ELEIÇÕES MUNICIPAIS 2016;02/10/2016;M;ES;56057;ALFREDO CHAVES;56057;ALFREDO CHAVES;12;23;13;VEREADOR;15000;DANIEL ORLANDI;7;1139;80000001672;EEEF SAGRADA FAMÍLIA;R. PRINCIPAL, S/ Nº
07/12/2023;14:25:26;2016;2;ELEIÇÃO ORDINÁRIA;1;220;ELEIÇÕES MUNICIPAIS 2016;02/10/2016;M;ES;56057;ALFREDO CHAVES;56057;ALFREDO CHAVES;12;23;13;VEREADOR;23111;FERNANDO ALVES;2;1139;80000001675;EEEF SAGRADA FAMÍLIA;R. PRINCIPAL, S/ Nº
07/12/2023;14:25:26;2016;2;ELEIÇÃO ORDINÁRIA;1;220;ELEIÇÕES MUNICIPAIS 2016;02/10/2016;M;ES;56057;ALFREDO CHAVES;56057;ALFREDO CHAVES;12;23;13;VEREADOR;15311;NARCISO DE ABREU GRASSI;10;1139;80000001679;EEEF SAGRADA FAMÍLIA;R. PRINCIPAL, S/ Nº
07/12/2023;14:25:26;2016;2;ELEIÇÃO ORDINÁRIA;1;220;ELEIÇÕES MUNICIPAIS 2016;02/10/2016;M;ES;56057;ALFREDO CHAVES;56057;ALFREDO CHAVES;12;12;13;VEREADOR;40789;ADILSON JOSE ROVETA;3;1058;80000001028;EEEF ENGANO;R. PRINCIPAL, S/ Nº
07/12/2023;14:25:26;2016;2;ELEIÇÃO ORDINÁRIA;1;220;ELEIÇÕES MUNICIPAIS 2016;02/10/2016;M;ES;56057;ALFREDO CHAVES;56057;ALFREDO CHAVES;12;12;11;PREFEITO;40;FERNANDO VIDEIRA LAFAYETTE;144;1058;80000001058;EEEF ENGANO;R. PRINCIPAL, S/ Nº
07/12/2023;14:25:26;2016;2;ELEIÇÃO ORDINÁRIA;1;220;ELEIÇÕES MUNICIPAIS 2016;02/10/2016;M;ES;56057;ALFREDO CHAVES;56057;ALFREDO CHAVES;12;12;13;VEREADOR;15555;HELENA MARIA FIORIN FAVERO;48;1058;80000001677;EEEF ENGANO;R. PRINCIPAL, S/ Nº
07/12/2023;14:25:26;2016;2;ELEIÇÃO ORDINÁRIA;1;220;ELEIÇÕES MUNICIPAIS 2016;02/10/2016;M;ES;56057;ALFREDO CHAVES;56057;ALFREDO CHAVES;12;12;13;VEREADOR;40456;SERAFINO ANTÔNIO SIMONI;5;1058;80000001024;EEEF ENGANO;R. PRINCIPAL, S/ Nº
07/12/2023;14:25:26;2016;2;ELEIÇÃO ORDINÁRIA;1;220;ELEIÇÕES MUNICIPAIS 2016;02/10/2016;M;ES;56057;ALFREDO CHAVES;56057;ALFREDO CHAVES;12;12;13;VEREADOR;15000;DANIEL ORLANDI;74;1058;80000001672;EEEF ENGANO;R. PRINCIPAL, S/ Nº
07/12/2023;14:25:26;2016;2;ELEIÇÃO ORDINÁRIA;1;220;ELEIÇÕES MUNICIPAIS 2016;02/10/2016;M;ES;56057;ALFREDO CHAVES;56057;ALFREDO CHAVES;12;12;13;VEREADOR;23111;FERNANDO ALVES;1;1058;80000001675;EEEF ENGANO;R. PRINCIPAL, S/ Nº
07/12/2023;14:25:26;2016;2;ELEIÇÃO ORDINÁRIA;1;220;ELEIÇÕES MUNICIPAIS 2016;02/10/2016;M;ES;56057;ALFREDO CHAVES;56057;ALFREDO CHAVES;12;12;13;VEREADOR;20789;JOSE MARIO DE ANDRADE FERREIRA;2;1058;80000001052;EEEF ENGANO;R. PRINCIPAL, S/ Nº
07/12/2023;14:25:26;2016;2;ELEIÇÃO ORDINÁRIA;1;220;ELEIÇÕES MUNICIPAIS 2016;02/10/2016;M;ES;56057;ALFREDO CHAVES;56057;ALFREDO CHAVES;12;12;13;VEREADOR;15311;NARCISO DE ABREU GRASSI;4;1058;80000001679;EEEF ENGANO;R. PRINCIPAL, S/ Nº
07/12/2023;14:25:26;2016;2;ELEIÇÃO ORDINÁRIA;1;220;ELEIÇÕES MUNICIPAIS 2016;02/10/2016;M;ES;56057;ALFREDO CHAVES;56057;ALFREDO CHAVES;12;12;13;VEREADOR;23666;PAULO MUNALDI;2;1058;80000001680;EEEF ENGANO;R. PRINCIPAL, S/ Nº
07/12/2023;14:25:26;2016;2;ELEIÇÃO ORDINÁRIA;1;220;ELEIÇÕES MUNICIPAIS 2016;02/10/2016;M;ES;56057;ALFREDO CHAVES;56057;ALFREDO CHAVES;12;12;11;PREFEITO;96;VOTO NULO;7;1058;-1;EEEF ENGANO;R. PRINCIPAL, S/ Nº
07/12/2023;14:25:26;2016;2;ELEIÇÃO ORDINÁRIA;1;220;ELEIÇÕES MUNICIPAIS 2016;02/10/2016;M;ES;56057;ALFREDO CHAVES;56057;ALFREDO CHAVES;12;12;11;PREFEITO;95;VOTO BRANCO;4;1058;-1;EEEF ENGANO;R. PRINCIPAL, S/ Nº
07/12/2023;14:25:26;2016;2;ELEIÇÃO ORDINÁRIA;1;220;ELEIÇÕES MUNICIPAIS 2016;02/10/2016;M;ES;56057;ALFREDO CHAVES;56057;ALFREDO CHAVES;12;12;13;VEREADOR;40321;GILSON LUIZ BELLON;1;1058;80000001031;EEEF ENGANO;R. PRINCIPAL, S/ Nº
07/12/2023;14:25:26;2016;2;ELEIÇÃO ORDINÁRIA;1;220;ELEIÇÕES MUNICIPAIS 2016;02/10/2016;M;ES;56057;ALFREDO CHAVES;56057;ALFREDO CHAVES;12;12;13;VEREADOR;13610;NILSON HONORATO VANELI;8;1058;80000001650;EEEF ENGANO;R. PRINCIPAL, S/ Nº
07/12/2023;14:25:26;2016;2;ELEIÇÃO ORDINÁRIA;1;220;ELEIÇÕES MUNICIPAIS 2016;02/10/2016;M;ES;56057;ALFREDO CHAVES;56057;ALFREDO CHAVES;12;12;13;VEREADOR;11555;MARIA DOS ANJOS GAIGHER DE PAULA;1;1058;80000001044;EEEF ENGANO;R. PRINCIPAL, S/ Nº
07/12/2023;14:25:26;2016;2;ELEIÇÃO ORDINÁRIA;1;220;ELEIÇÕES MUNICIPAIS 2016;02/10/2016;M;ES;56057;ALFREDO CHAVES;56057;ALFREDO CHAVES;12;12;13;VEREADOR;40222;LUIZ JUNQUEIRA VIONEL;1;1058;80000001035;EEEF ENGANO;R. PRINCIPAL, S/ Nº
07/12/2023;14:25:26;2016;2;ELEIÇÃO ORDINÁRIA;1;220;ELEIÇÕES MUNICIPAIS 2016;02/10/2016;M;ES;56057;ALFREDO CHAVES;56057;ALFREDO CHAVES;12;12;13;VEREADOR;14555;LUIZ GONZAGA CIBIN;1;1058;80000001648;EEEF ENGANO;R. PRINCIPAL, S/ Nº
07/12/2023;14:25:26;2016;2;ELEIÇÃO ORDINÁRIA;1;220;ELEIÇÕES MUNICIPAIS 2016;02/10/2016;M;ES;56057;ALFREDO CHAVES;56057;ALFREDO CHAVES;12;12;13;VEREADOR;96;VOTO NULO;2;1058;-1;EEEF ENGANO;R. PRINCIPAL, S/ Nº
07/12/2023;14:25:26;2016;2;ELEIÇÃO ORDINÁRIA;1;220;ELEIÇÕES MUNICIPAIS 2016;02/10/2016;M;ES;56057;ALFREDO CHAVES;56057;ALFREDO CHAVES;12;12;13;VEREADOR;45000;JONAS NUNES SIMÕES;4;1058;80000001041;EEEF ENGANO;R. PRINCIPAL, S/ Nº
07/12/2023;14:25:26;2016;2;ELEIÇÃO ORDINÁRIA;1;220;ELEIÇÕES MUNICIPAIS 2016;02/10/2016;M;ES;56057;ALFREDO CHAVES;56057;ALFREDO CHAVES;12;12;13;VEREADOR;25000;JANE CASTEGLIONE BETTCHER;2;1058;80000001642;EEEF ENGANO;R. PRINCIPAL, S/ Nº
07/12/2023;14:25:26;2016;2;ELEIÇÃO ORDINÁRIA;1;220;ELEIÇÕES MUNICIPAIS 2016;02/10/2016;M;ES;56057;ALFREDO CHAVES;56057;ALFREDO CHAVES;12;12;13;VEREADOR;15666;ROGERIO FRANZOTTI;1;1058;80000001682;EEEF ENGANO;R. PRINCIPAL, S/ Nº
07/12/2023;14:25:26;2016;2;ELEIÇÃO ORDINÁRIA;1;220;ELEIÇÕES MUNICIPAIS 2016;02/10/2016;M;ES;56057;ALFREDO CHAVES;56057;ALFREDO CHAVES;12;12;13;VEREADOR;40232;MARCIO CETTO;1;1058;80000001036;EEEF ENGANO;R. PRINCIPAL, S/ Nº
07/12/2023;14:25:26;2016;2;ELEIÇÃO ORDINÁRIA;1;220;ELEIÇÕES MUNICIPAIS 2016;02/10/2016;M;ES;56057;ALFREDO CHAVES;56057;ALFREDO CHAVES;12;12;13;VEREADOR;23612;ANDRÉ SARTORI;11;1058;80000001669;EEEF ENGANO;R. PRINCIPAL, S/ Nº
07/12/2023;14:25:26;2016;2;ELEIÇÃO ORDINÁRIA;1;220;ELEIÇÕES MUNICIPAIS 2016;02/10/2016;M;ES;56057;ALFREDO CHAVES;56057;ALFREDO CHAVES;12;12;13;VEREADOR;33333;ELTON ANTERIO CARDOSO BISI;1;1058;80000001023;EEEF ENGANO;R. PRINCIPAL, S/ Nº
07/12/2023;14:25:26;2016;2;ELEIÇÃO ORDINÁRIA;1;220;ELEIÇÕES MUNICIPAIS 2016;02/10/2016;M;ES;56057;ALFREDO CHAVES;56057;ALFREDO CHAVES;12;12;13;VEREADOR;40000;NILTON CESAR BELMOK;12;1058;80000001037;EEEF ENGANO;R. PRINCIPAL, S/ Nº
07/12/2023;14:25:26;2016;2;ELEIÇÃO ORDINÁRIA;1;220;ELEIÇÕES MUNICIPAIS 2016;02/10/2016;M;ES;56057;ALFREDO CHAVES;56057;ALFREDO CHAVES;12;12;13;VEREADOR;11123;PRIMO ARMELINDO BERGAMI;22;1058;80000001046;EEEF ENGANO;R. PRINCIPAL, S/ Nº
07/12/2023;14:25:26;2016;2;ELEIÇÃO ORDINÁRIA;1;220;ELEIÇÕES MUNICIPAIS 2016;02/10/2016;M;ES;56057;ALFREDO CHAVES;56057;ALFREDO CHAVES;12;12;13;VEREADOR;12345;ARMANDO ZANATA INGLE RIBEIRO;12;1058;80000001643;EEEF ENGANO;R. PRINCIPAL, S/ Nº
07/12/2023;14:25:26;2016;2;ELEIÇÃO ORDINÁRIA;1;220;ELEIÇÕES MUNICIPAIS 2016;02/10/2016;M;ES;56057;ALFREDO CHAVES;56057;ALFREDO CHAVES;12;12;11;PREFEITO;15;RONALDO BIANCHI;163;1058;80000003215;EEEF ENGANO;R. PRINCIPAL, S/ Nº
07/12/2023;14:25:26;2016;2;ELEIÇÃO ORDINÁRIA;1;220;ELEIÇÕES MUNICIPAIS 2016;02/10/2016;M;ES;56057;ALFREDO CHAVES;56057;ALFREDO CHAVES;12;12;13;VEREADOR;51000;JACINTA LUCIA SCARPARO;7;1058;80000001646;EEEF ENGANO;R. PRINCIPAL, S/ Nº
07/12/2023;14:25:26;2016;2;ELEIÇÃO ORDINÁRIA;1;220;ELEIÇÕES MUNICIPAIS 2016;02/10/2016;M;ES;56057;ALFREDO CHAVES;56057;ALFREDO CHAVES;12;12;13;VEREADOR;40111;CHARLES GAIGHER;74;1058;80000001030;EEEF ENGANO;R. PRINCIPAL, S/ Nº
07/12/2023;14:25:26;2016;2;ELEIÇÃO ORDINÁRIA;1;220;ELEIÇÕES MUNICIPAIS 2016;02/10/2016;M;ES;56057;ALFREDO CHAVES;56057;ALFREDO CHAVES;12;12;13;VEREADOR;15100;JOSÉ MANOEL RODRIGUES FERREIRA;3;1058;80000001678;EEEF ENGANO;R. PRINCIPAL, S/ Nº
07/12/2023;14:25:26;2016;2;ELEIÇÃO ORDINÁRIA;1;220;ELEIÇÕES MUNICIPAIS 2016;02/10/2016;M;ES;56057;ALFREDO CHAVES;56057;ALFREDO CHAVES;12;12;13;VEREADOR;95;VOTO BRANCO;5;1058;-1;EEEF ENGANO;R. PRINCIPAL, S/ Nº
07/12/2023;14:25:26;2016;2;ELEIÇÃO ORDINÁRIA;1;220;ELEIÇÕES MUNICIPAIS 2016;02/10/2016;M;ES;56057;ALFREDO CHAVES;56057;ALFREDO CHAVES;12;10;13;VEREADOR;11;Partido Progressista;3;1040;-3;EEEF DE CRUBIXÁ;R. PRINCIPAL, S/ Nº
07/12/2023;14:25:26;2016;2;ELEIÇÃO ORDINÁRIA;1;220;ELEIÇÕES MUNICIPAIS 2016;02/10/2016;M;ES;56057;ALFREDO CHAVES;56057;ALFREDO CHAVES;12;10;13;VEREADOR;12;Partido Democrático Trabalhista;1;1040;-3;EEEF DE CRUBIXÁ;R. PRINCIPAL, S/ Nº
07/12/2023;14:25:26;2016;2;ELEIÇÃO ORDINÁRIA;1;220;ELEIÇÕES MUNICIPAIS 2016;02/10/2016;M;ES;56057;ALFREDO CHAVES;56057;ALFREDO CHAVES;12;10;13;VEREADOR;15;Partido do Movimento Democrático Brasileiro;2;1040;-3;EEEF DE CRUBIXÁ;R. PRINCIPAL, S/ Nº
07/12/2023;14:25:26;2016;2;ELEIÇÃO ORDINÁRIA;1;220;ELEIÇÕES MUNICIPAIS 2016;02/10/2016;M;ES;56057;ALFREDO CHAVES;56057;ALFREDO CHAVES;12;10;13;VEREADOR;40;Partido Socialista Brasileiro;6;1040;-3;EEEF DE CRUBIXÁ;R. PRINCIPAL, S/ Nº
07/12/2023;14:25:26;2016;2;ELEIÇÃO ORDINÁRIA;1;220;ELEIÇÕES MUNICIPAIS 2016;02/10/2016;M;ES;56057;ALFREDO CHAVES;56057;ALFREDO CHAVES;12;5;13;VEREADOR;11;Partido Progressista;2;1015;-3;EEEF ANA ARAÚJO;R. EXPEDICIONARIO OSVALDO SAUDINO
07/12/2023;14:25:26;2016;2;ELEIÇÃO ORDINÁRIA;1;220;ELEIÇÕES MUNICIPAIS 2016;02/10/2016;M;ES;56057;ALFREDO CHAVES;56057;ALFREDO CHAVES;12;5;13;VEREADOR;12;Partido Democrático Trabalhista;1;1015;-3;EEEF ANA ARAÚJO;R. EXPEDICIONARIO OSVALDO SAUDINO
07/12/2023;14:25:26;2016;2;ELEIÇÃO ORDINÁRIA;1;220;ELEIÇÕES MUNICIPAIS 2016;02/10/2016;M;ES;56057;ALFREDO CHAVES;56057;ALFREDO CHAVES;12;5;13;VEREADOR;15;Partido do Movimento Democrático Brasileiro;3;1015;-3;EEEF ANA ARAÚJO;R. EXPEDICIONARIO OSVALDO SAUDINO
07/12/2023;14:25:26;2016;2;ELEIÇÃO ORDINÁRIA;1;220;ELEIÇÕES MUNICIPAIS 2016;02/10/2016;M;ES;56057;ALFREDO CHAVES;56057;ALFREDO CHAVES;12;5;13;VEREADOR;22;Partido da República;1;1015;-3;EEEF ANA ARAÚJO;R. EXPEDICIONARIO OSVALDO SAUDINO
07/12/2023;14:25:26;2016;2;ELEIÇÃO ORDINÁRIA;1;220;ELEIÇÕES MUNICIPAIS 2016;02/10/2016;M;ES;56057;ALFREDO CHAVES;56057;ALFREDO CHAVES;12;5;13;VEREADOR;23;Partido Popular Socialista;1;1015;-3;EEEF ANA ARAÚJO;R. EXPEDICIONARIO OSVALDO SAUDINO
07/12/2023;14:25:26;2016;2;ELEIÇÃO ORDINÁRIA;1;220;ELEIÇÕES MUNICIPAIS 2016;02/10/2016;M;ES;56057;ALFREDO CHAVES;56057;ALFREDO CHAVES;12;5;13;VEREADOR;40;Partido Socialista Brasileiro;8;1015;-3;EEEF ANA ARAÚJO;R. EXPEDICIONARIO OSVALDO SAUDINO
07/12/2023;14:25:26;2016;2;ELEIÇÃO ORDINÁRIA;1;220;ELEIÇÕES MUNICIPAIS 2016;02/10/2016;M;ES;56057;ALFREDO CHAVES;56057;ALFREDO CHAVES;12;5;13;VEREADOR;51;Partido Ecológico Nacional;1;1015;-3;EEEF ANA ARAÚJO;R. EXPEDICIONARIO OSVALDO SAUDINO
07/12/2023;14:25:26;2016;2;ELEIÇÃO ORDINÁRIA;1;220;ELEIÇÕES MUNICIPAIS 2016;02/10/2016;M;ES;56057;ALFREDO CHAVES;56057;ALFREDO CHAVES;12;15;13;VEREADOR;15;Partido do Movimento Democrático Brasileiro;5;1074;-3;SALÃO DA IGREJA CATÓLICA DE IRIRITIMIRIM;R. PRINCIPAL, S/ N
07/12/2023;14:25:26;2016;2;ELEIÇÃO ORDINÁRIA;1;220;ELEIÇÕES MUNICIPAIS 2016;02/10/2016;M;ES;56057;ALFREDO CHAVES;56057;ALFREDO CHAVES;12;15;13;VEREADOR;22;Partido da República;2;1074;-3;SALÃO DA IGREJA CATÓLICA DE IRIRITIMIRIM;R. PRINCIPAL, S/ N
07/12/2023;14:25:26;2016;2;ELEIÇÃO ORDINÁRIA;1;220;ELEIÇÕES MUNICIPAIS 2016;02/10/2016;M;ES;56057;ALFREDO CHAVES;56057;ALFREDO CHAVES;12;15;13;VEREADOR;23;Partido Popular Socialista;1;1074;-3;SALÃO DA IGREJA CATÓLICA DE IRIRITIMIRIM;R. PRINCIPAL, S/ N
07/12/2023;14:25:26;2016;2;ELEIÇÃO ORDINÁRIA;1;220;ELEIÇÕES MUNICIPAIS 2016;02/10/2016;M;ES;56057;ALFREDO CHAVES;56057;ALFREDO CHAVES;12;15;13;VEREADOR;40;Partido Socialista Brasileiro;7;1074;-3;SALÃO DA IGREJA CATÓLICA DE IRIRITIMIRIM;R. PRINCIPAL, S/ N
07/12/2023;14:25:26;2016;2;ELEIÇÃO ORDINÁRIA;1;220;ELEIÇÕES MUNICIPAIS 2016;02/10/2016;M;ES;56057;ALFREDO CHAVES;56057;ALFREDO CHAVES;12;18;13;VEREADOR;12;Partido Democrático Trabalhista;1;1090;-3;EPSG FELIPE MODOLO;R. PRINCIPAL, S/ N
07/12/2023;14:25:26;2016;2;ELEIÇÃO ORDINÁRIA;1;220;ELEIÇÕES MUNICIPAIS 2016;02/10/2016;M;ES;56057;ALFREDO CHAVES;56057;ALFREDO CHAVES;12;18;13;VEREADOR;15;Partido do Movimento Democrático Brasileiro;5;1090;-3;EPSG FELIPE MODOLO;R. PRINCIPAL, S/ N
07/12/2023;14:25:26;2016;2;ELEIÇÃO ORDINÁRIA;1;220;ELEIÇÕES MUNICIPAIS 2016;02/10/2016;M;ES;56057;ALFREDO CHAVES;56057;ALFREDO CHAVES;12;18;13;VEREADOR;20;Partido Social Cristão;1;1090;-3;EPSG FELIPE MODOLO;R. PRINCIPAL, S/ N
07/12/2023;14:25:26;2016;2;ELEIÇÃO ORDINÁRIA;1;220;ELEIÇÕES MUNICIPAIS 2016;02/10/2016;M;ES;56057;ALFREDO CHAVES;56057;ALFREDO CHAVES;12;18;13;VEREADOR;23;Partido Popular Socialista;1;1090;-3;EPSG FELIPE MODOLO;R. PRINCIPAL, S/ N
07/12/2023;14:25:26;2016;2;ELEIÇÃO ORDINÁRIA;1;220;ELEIÇÕES MUNICIPAIS 2016;02/10/2016;M;ES;56057;ALFREDO CHAVES;56057;ALFREDO CHAVES;12;18;13;VEREADOR;40;Partido Socialista Brasileiro;3;1090;-3;EPSG FELIPE MODOLO;R. PRINCIPAL, S/ N
07/12/2023;14:25:26;2016;2;ELEIÇÃO ORDINÁRIA;1;220;ELEIÇÕES MUNICIPAIS 2016;02/10/2016;M;ES;56057;ALFREDO CHAVES;56057;ALFREDO CHAVES;12;18;13;VEREADOR;45;Partido da Social Democracia Brasileira;1;1090;-3;EPSG FELIPE MODOLO;R. PRINCIPAL, S/ N
07/12/2023;14:25:26;2016;2;ELEIÇÃO ORDINÁRIA;1;220;ELEIÇÕES MUNICIPAIS 2016;02/10/2016;M;ES;56057;ALFREDO CHAVES;56057;ALFREDO CHAVES;12;20;13;VEREADOR;11;Partido Progressista;3;1112;-3;SALÃO DA IGREJA CATÓLICA DE CACHOEIRA ALTA;R. PRINCIPAL, S/ N
07/12/2023;14:25:26;2016;2;ELEIÇÃO ORDINÁRIA;1;220;ELEIÇÕES MUNICIPAIS 2016;02/10/2016;M;ES;56057;ALFREDO CHAVES;56057;ALFREDO CHAVES;12;20;13;VEREADOR;15;Partido do Movimento Democrático Brasileiro;5;1112;-3;SALÃO DA IGREJA CATÓLICA DE CACHOEIRA ALTA;R. PRINCIPAL, S/ N
07/12/2023;14:25:26;2016;2;ELEIÇÃO ORDINÁRIA;1;220;ELEIÇÕES MUNICIPAIS 2016;02/10/2016;M;ES;56057;ALFREDO CHAVES;56057;ALFREDO CHAVES;12;20;13;VEREADOR;23;Partido Popular Socialista;1;1112;-3;SALÃO DA IGREJA CATÓLICA DE CACHOEIRA ALTA;R. PRINCIPAL, S/ N
07/12/2023;14:25:26;2016;2;ELEIÇÃO ORDINÁRIA;1;220;ELEIÇÕES MUNICIPAIS 2016;02/10/2016;M;ES;56057;ALFREDO CHAVES;56057;ALFREDO CHAVES;12;20;13;VEREADOR;25;Democratas;1;1112;-3;SALÃO DA IGREJA CATÓLICA DE CACHOEIRA ALTA;R. PRINCIPAL, S/ N
07/12/2023;14:25:26;2016;2;ELEIÇÃO ORDINÁRIA;1;220;ELEIÇÕES MUNICIPAIS 2016;02/10/2016;M;ES;56057;ALFREDO CHAVES;56057;ALFREDO CHAVES;12;20;13;VEREADOR;40;Partido Socialista Brasileiro;1;1112;-3;SALÃO DA IGREJA CATÓLICA DE CACHOEIRA ALTA;R. PRINCIPAL, S/ N
07/12/2023;14:25:26;2016;2;ELEIÇÃO ORDINÁRIA;1;220;ELEIÇÕES MUNICIPAIS 2016;02/10/2016;M;ES;56057;ALFREDO CHAVES;56057;ALFREDO CHAVES;12;16;13;VEREADOR;11;Partido Progressista;2;1082;-3;EMEF ALMERINDA BRUNORO;R. PRINCIPAL, S/ N
07/12/2023;14:25:26;2016;2;ELEIÇÃO ORDINÁRIA;1;220;ELEIÇÕES MUNICIPAIS 2016;02/10/2016;M;ES;56057;ALFREDO CHAVES;56057;ALFREDO CHAVES;12;16;13;VEREADOR;14;Partido Trabalhista Brasileiro;1;1082;-3;EMEF ALMERINDA BRUNORO;R. PRINCIPAL, S/ N
07/12/2023;14:25:26;2016;2;ELEIÇÃO ORDINÁRIA;1;220;ELEIÇÕES MUNICIPAIS 2016;02/10/2016;M;ES;56057;ALFREDO CHAVES;56057;ALFREDO CHAVES;12;16;13;VEREADOR;15;Partido do Movimento Democrático Brasileiro;6;1082;-3;EMEF ALMERINDA BRUNORO;R. PRINCIPAL, S/ N
07/12/2023;14:25:26;2016;2;ELEIÇÃO ORDINÁRIA;1;220;ELEIÇÕES MUNICIPAIS 2016;02/10/2016;M;ES;56057;ALFREDO CHAVES;56057;ALFREDO CHAVES;12;16;13;VEREADOR;40;Partido Socialista Brasileiro;5;1082;-3;EMEF ALMERINDA BRUNORO;R. PRINCIPAL, S/ N
07/12/2023;14:25:26;2016;2;ELEIÇÃO ORDINÁRIA;1;220;ELEIÇÕES MUNICIPAIS 2016;02/10/2016;M;ES;56057;ALFREDO CHAVES;56057;ALFREDO CHAVES;12;11;13;VEREADOR;14;Partido Trabalhista Brasileiro;1;1040;-3;EEEF DE CRUBIXÁ;R. PRINCIPAL, S/ Nº
07/12/2023;14:25:26;2016;2;ELEIÇÃO ORDINÁRIA;1;220;ELEIÇÕES MUNICIPAIS 2016;02/10/2016;M;ES;56057;ALFREDO CHAVES;56057;ALFREDO CHAVES;12;11;13;VEREADOR;15;Partido do Movimento Democrático Brasileiro;2;1040;-3;EEEF DE CRUBIXÁ;R. PRINCIPAL, S/ Nº
07/12/2023;14:25:26;2016;2;ELEIÇÃO ORDINÁRIA;1;220;ELEIÇÕES MUNICIPAIS 2016;02/10/2016;M;ES;56057;ALFREDO CHAVES;56057;ALFREDO CHAVES;12;11;13;VEREADOR;22;Partido da República;1;1040;-3;EEEF DE CRUBIXÁ;R. PRINCIPAL, S/ Nº
07/12/2023;14:25:26;2016;2;ELEIÇÃO ORDINÁRIA;1;220;ELEIÇÕES MUNICIPAIS 2016;02/10/2016;M;ES;56057;ALFREDO CHAVES;56057;ALFREDO CHAVES;12;11;13;VEREADOR;40;Partido Socialista Brasileiro;5;1040;-3;EEEF DE CRUBIXÁ;R. PRINCIPAL, S/ Nº
07/12/2023;14:25:26;2016;2;ELEIÇÃO ORDINÁRIA;1;220;ELEIÇÕES MUNICIPAIS 2016;02/10/2016;M;ES;56057;ALFREDO CHAVES;56057;ALFREDO CHAVES;12;11;13;VEREADOR;45;Partido da Social Democracia Brasileira;1;1040;-3;EEEF DE CRUBIXÁ;R. PRINCIPAL, S/ Nº
07/12/2023;14:25:26;2016;2;ELEIÇÃO ORDINÁRIA;1;220;ELEIÇÕES MUNICIPAIS 2016;02/10/2016;M;ES;56057;ALFREDO CHAVES;56057;ALFREDO CHAVES;12;8;13;VEREADOR;33333;ELTON ANTERIO CARDOSO BISI;18;1023;80000001023;EEEFM CAMILA MOTA;R. NELSON DA COSTA MELLO, S/ N
07/12/2023;14:25:26;2016;2;ELEIÇÃO ORDINÁRIA;1;220;ELEIÇÕES MUNICIPAIS 2016;02/10/2016;M;ES;56057;ALFREDO CHAVES;56057;ALFREDO CHAVES;12;8;13;VEREADOR;40000;NILTON CESAR BELMOK;12;1023;80000001037;EEEFM CAMILA MOTA;R. NELSON DA COSTA MELLO, S/ N
07/12/2023;14:25:26;2016;2;ELEIÇÃO ORDINÁRIA;1;220;ELEIÇÕES MUNICIPAIS 2016;02/10/2016;M;ES;56057;ALFREDO CHAVES;56057;ALFREDO CHAVES;12;8;13;VEREADOR;11123;PRIMO ARMELINDO BERGAMI;3;1023;80000001046;EEEFM CAMILA MOTA;R. NELSON DA COSTA MELLO, S/ N
07/12/2023;14:25:26;2016;2;ELEIÇÃO ORDINÁRIA;1;220;ELEIÇÕES MUNICIPAIS 2016;02/10/2016;M;ES;56057;ALFREDO CHAVES;56057;ALFREDO CHAVES;12;8;13;VEREADOR;12345;ARMANDO ZANATA INGLE RIBEIRO;12;1023;80000001643;EEEFM CAMILA MOTA;R. NELSON DA COSTA MELLO, S/ N
07/12/2023;14:25:26;2016;2;ELEIÇÃO ORDINÁRIA;1;220;ELEIÇÕES MUNICIPAIS 2016;02/10/2016;M;ES;56057;ALFREDO CHAVES;56057;ALFREDO CHAVES;12;8;13;VEREADOR;51234;SIMÃO LOPES DOS SANTOS;1;1023;80000001645;EEEFM CAMILA MOTA;R. NELSON DA COSTA MELLO, S/ N
07/12/2023;14:25:26;2016;2;ELEIÇÃO ORDINÁRIA;1;220;ELEIÇÕES MUNICIPAIS 2016;02/10/2016;M;ES;56057;ALFREDO CHAVES;56057;ALFREDO CHAVES;12;8;11;PREFEITO;15;RONALDO BIANCHI;121;1023;80000003215;EEEFM CAMILA MOTA;R. NELSON DA COSTA MELLO, S/ N
07/12/2023;14:25:26;2016;2;ELEIÇÃO ORDINÁRIA;1;220;ELEIÇÕES MUNICIPAIS 2016;02/10/2016;M;ES;56057;ALFREDO CHAVES;56057;ALFREDO CHAVES;12;8;13;VEREADOR;51000;JACINTA LUCIA SCARPARO;1;1023;80000001646;EEEFM CAMILA MOTA;R. NELSON DA COSTA MELLO, S/ N
07/12/2023;14:25:26;2016;2;ELEIÇÃO ORDINÁRIA;1;220;ELEIÇÕES MUNICIPAIS 2016;02/10/2016;M;ES;56057;ALFREDO CHAVES;56057;ALFREDO CHAVES;12;8;13;VEREADOR;40111;CHARLES GAIGHER;11;1023;80000001030;EEEFM CAMILA MOTA;R. NELSON DA COSTA MELLO, S/ N
07/12/2023;14:25:26;2016;2;ELEIÇÃO ORDINÁRIA;1;220;ELEIÇÕES MUNICIPAIS 2016;02/10/2016;M;ES;56057;ALFREDO CHAVES;56057;ALFREDO CHAVES;12;8;13;VEREADOR;95;VOTO BRANCO;1;1023;-1;EEEFM CAMILA MOTA;R. NELSON DA COSTA MELLO, S/ N
07/12/2023;14:25:26;2016;2;ELEIÇÃO ORDINÁRIA;1;220;ELEIÇÕES MUNICIPAIS 2016;02/10/2016;M;ES;56057;ALFREDO CHAVES;56057;ALFREDO CHAVES;12;6;13;VEREADOR;33333;ELTON ANTERIO CARDOSO BISI;17;1023;80000001023;EEEFM CAMILA MOTA;R. NELSON DA COSTA MELLO, S/ N
07/12/2023;14:25:26;2016;2;ELEIÇÃO ORDINÁRIA;1;220;ELEIÇÕES MUNICIPAIS 2016;02/10/2016;M;ES;56057;ALFREDO CHAVES;56057;ALFREDO CHAVES;12;6;13;VEREADOR;40000;NILTON CESAR BELMOK;18;1023;80000001037;EEEFM CAMILA MOTA;R. NELSON DA COSTA MELLO, S/ N
07/12/2023;14:25:26;2016;2;ELEIÇÃO ORDINÁRIA;1;220;ELEIÇÕES MUNICIPAIS 2016;02/10/2016;M;ES;56057;ALFREDO CHAVES;56057;ALFREDO CHAVES;12;6;13;VEREADOR;11123;PRIMO ARMELINDO BERGAMI;2;1023;80000001046;EEEFM CAMILA MOTA;R. NELSON DA COSTA MELLO, S/ N
07/12/2023;14:25:26;2016;2;ELEIÇÃO ORDINÁRIA;1;220;ELEIÇÕES MUNICIPAIS 2016;02/10/2016;M;ES;56057;ALFREDO CHAVES;56057;ALFREDO CHAVES;12;6;13;VEREADOR;12345;ARMANDO ZANATA INGLE RIBEIRO;9;1023;80000001643;EEEFM CAMILA MOTA;R. NELSON DA COSTA MELLO, S/ N
07/12/2023;14:25:26;2016;2;ELEIÇÃO ORDINÁRIA;1;220;ELEIÇÕES MUNICIPAIS 2016;02/10/2016;M;ES;56057;ALFREDO CHAVES;56057;ALFREDO CHAVES;12;6;13;VEREADOR;51234;SIMÃO LOPES DOS SANTOS;2;1023;80000001645;EEEFM CAMILA MOTA;R. NELSON DA COSTA MELLO, S/ N
07/12/2023;14:25:26;2016;2;ELEIÇÃO ORDINÁRIA;1;220;ELEIÇÕES MUNICIPAIS 2016;02/10/2016;M;ES;56057;ALFREDO CHAVES;56057;ALFREDO CHAVES;12;6;11;PREFEITO;15;RONALDO BIANCHI;129;1023;80000003215;EEEFM CAMILA MOTA;R. NELSON DA COSTA MELLO, S/ N
07/12/2023;14:25:26;2016;2;ELEIÇÃO ORDINÁRIA;1;220;ELEIÇÕES MUNICIPAIS 2016;02/10/2016;M;ES;56057;ALFREDO CHAVES;56057;ALFREDO CHAVES;12;6;13;VEREADOR;40111;CHARLES GAIGHER;15;1023;80000001030;EEEFM CAMILA MOTA;R. NELSON DA COSTA MELLO, S/ N
07/12/2023;14:25:26;2016;2;ELEIÇÃO ORDINÁRIA;1;220;ELEIÇÕES MUNICIPAIS 2016;02/10/2016;M;ES;56057;ALFREDO CHAVES;56057;ALFREDO CHAVES;12;6;13;VEREADOR;95;VOTO BRANCO;7;1023;-1;EEEFM CAMILA MOTA;R. NELSON DA COSTA MELLO, S/ N
07/12/2023;14:25:26;2016;2;ELEIÇÃO ORDINÁRIA;1;220;ELEIÇÕES MUNICIPAIS 2016;02/10/2016;M;ES;56057;ALFREDO CHAVES;56057;ALFREDO CHAVES;12;9;13;VEREADOR;12;Partido Democrático Trabalhista;1;1031;-3;EMEF FAZENDA APARECIDA;R. PRINCIPAL, S/ Nº
07/12/2023;14:25:26;2016;2;ELEIÇÃO ORDINÁRIA;1;220;ELEIÇÕES MUNICIPAIS 2016;02/10/2016;M;ES;56057;ALFREDO CHAVES;56057;ALFREDO CHAVES;12;9;13;VEREADOR;15;Partido do Movimento Democrático Brasileiro;6;1031;-3;EMEF FAZENDA APARECIDA;R. PRINCIPAL, S/ Nº
07/12/2023;14:25:26;2016;2;ELEIÇÃO ORDINÁRIA;1;220;ELEIÇÕES MUNICIPAIS 2016;02/10/2016;M;ES;56057;ALFREDO CHAVES;56057;ALFREDO CHAVES;12;9;13;VEREADOR;40;Partido Socialista Brasileiro;15;1031;-3;EMEF FAZENDA APARECIDA;R. PRINCIPAL, S/ Nº
07/12/2023;14:25:26;2016;2;ELEIÇÃO ORDINÁRIA;1;220;ELEIÇÕES MUNICIPAIS 2016;02/10/2016;M;ES;56057;ALFREDO CHAVES;56057;ALFREDO CHAVES;12;9;13;VEREADOR;51;Partido Ecológico Nacional;1;1031;-3;EMEF FAZENDA APARECIDA;R. PRINCIPAL, S/ Nº
07/12/2023;14:25:26;2016;2;ELEIÇÃO ORDINÁRIA;1;220;ELEIÇÕES MUNICIPAIS 2016;02/10/2016;M;ES;56057;ALFREDO CHAVES;56057;ALFREDO CHAVES;12;37;13;VEREADOR;15;Partido do Movimento Democrático Brasileiro;6;1228;-3;CRECHE COMECINHO DE GENTE;AV. DARCY DE PAULA GAIGHER, S/N
07/12/2023;14:25:26;2016;2;ELEIÇÃO ORDINÁRIA;1;220;ELEIÇÕES MUNICIPAIS 2016;02/10/2016;M;ES;56057;ALFREDO CHAVES;56057;ALFREDO CHAVES;12;37;13;VEREADOR;40;Partido Socialista Brasileiro;6;1228;-3;CRECHE COMECINHO DE GENTE;AV. DARCY DE PAULA GAIGHER, S/N
07/12/2023;14:25:26;2016;2;ELEIÇÃO ORDINÁRIA;1;220;ELEIÇÕES MUNICIPAIS 2016;02/10/2016;M;ES;56057;ALFREDO CHAVES;56057;ALFREDO CHAVES;12;35;13;VEREADOR;11;Partido Progressista;2;1171;-3;EEEF CAMILA MOTA;R. NELSON DA COSTA MELLO, S/ N
07/12/2023;14:25:26;2016;2;ELEIÇÃO ORDINÁRIA;1;220;ELEIÇÕES MUNICIPAIS 2016;02/10/2016;M;ES;56057;ALFREDO CHAVES;56057;ALFREDO CHAVES;12;35;13;VEREADOR;15;Partido do Movimento Democrático Brasileiro;5;1171;-3;EEEF CAMILA MOTA;R. NELSON DA COSTA MELLO, S/ N
07/12/2023;14:25:26;2016;2;ELEIÇÃO ORDINÁRIA;1;220;ELEIÇÕES MUNICIPAIS 2016;02/10/2016;M;ES;56057;ALFREDO CHAVES;56057;ALFREDO CHAVES;12;35;13;VEREADOR;25;Democratas;1;1171;-3;EEEF CAMILA MOTA;R. NELSON DA COSTA MELLO, S/ N
07/12/2023;14:25:26;2016;2;ELEIÇÃO ORDINÁRIA;1;220;ELEIÇÕES MUNICIPAIS 2016;02/10/2016;M;ES;56057;ALFREDO CHAVES;56057;ALFREDO CHAVES;12;35;13;VEREADOR;40;Partido Socialista Brasileiro;3;1171;-3;EEEF CAMILA MOTA;R. NELSON DA COSTA MELLO, S/ N
07/12/2023;14:25:26;2016;2;ELEIÇÃO ORDINÁRIA;1;220;ELEIÇÕES MUNICIPAIS 2016;02/10/2016;M;ES;56057;ALFREDO CHAVES;56057;ALFREDO CHAVES;12;35;13;VEREADOR;51;Partido Ecológico Nacional;1;1171;-3;EEEF CAMILA MOTA;R. NELSON DA COSTA MELLO, S/ N
07/12/2023;14:25:26;2016;2;ELEIÇÃO ORDINÁRIA;1;220;ELEIÇÕES MUNICIPAIS 2016;02/10/2016;M;ES;56057;ALFREDO CHAVES;56057;ALFREDO CHAVES;12;35;13;VEREADOR;55;Partido Social Democrático;1;1171;-3;EEEF CAMILA MOTA;R. NELSON DA COSTA MELLO, S/ N
07/12/2023;14:25:26;2016;2;ELEIÇÃO ORDINÁRIA;1;220;ELEIÇÕES MUNICIPAIS 2016;02/10/2016;M;ES;56057;ALFREDO CHAVES;56057;ALFREDO CHAVES;12;13;13;VEREADOR;11;Partido Progressista;1;1058;-3;EEEF ENGANO;R. PRINCIPAL, S/ Nº
07/12/2023;14:25:26;2016;2;ELEIÇÃO ORDINÁRIA;1;220;ELEIÇÕES MUNICIPAIS 2016;02/10/2016;M;ES;56057;ALFREDO CHAVES;56057;ALFREDO CHAVES;12;13;13;VEREADOR;12;Partido Democrático Trabalhista;1;1058;-3;EEEF ENGANO;R. PRINCIPAL, S/ Nº
07/12/2023;14:25:26;2016;2;ELEIÇÃO ORDINÁRIA;1;220;ELEIÇÕES MUNICIPAIS 2016;02/10/2016;M;ES;56057;ALFREDO CHAVES;56057;ALFREDO CHAVES;12;13;13;VEREADOR;15;Partido do Movimento Democrático Brasileiro;3;1058;-3;EEEF ENGANO;R. PRINCIPAL, S/ Nº
07/12/2023;14:25:26;2016;2;ELEIÇÃO ORDINÁRIA;1;220;ELEIÇÕES MUNICIPAIS 2016;02/10/2016;M;ES;56057;ALFREDO CHAVES;56057;ALFREDO CHAVES;12;13;13;VEREADOR;23;Partido Popular Socialista;1;1058;-3;EEEF ENGANO;R. PRINCIPAL, S/ Nº
07/12/2023;14:25:26;2016;2;ELEIÇÃO ORDINÁRIA;1;220;ELEIÇÕES MUNICIPAIS 2016;02/10/2016;M;ES;56057;ALFREDO CHAVES;56057;ALFREDO CHAVES;12;13;13;VEREADOR;40;Partido Socialista Brasileiro;3;1058;-3;EEEF ENGANO;R. PRINCIPAL, S/ Nº
07/12/2023;14:25:26;2016;2;ELEIÇÃO ORDINÁRIA;1;220;ELEIÇÕES MUNICIPAIS 2016;02/10/2016;M;ES;56057;ALFREDO CHAVES;56057;ALFREDO CHAVES;12;1;13;VEREADOR;15;Partido do Movimento Democrático Brasileiro;3;1015;-3;EEEF ANA ARAÚJO;R. EXPEDICIONARIO OSVALDO SAUDINO
07/12/2023;14:25:26;2016;2;ELEIÇÃO ORDINÁRIA;1;220;ELEIÇÕES MUNICIPAIS 2016;02/10/2016;M;ES;56057;ALFREDO CHAVES;56057;ALFREDO CHAVES;12;1;13;VEREADOR;20;Partido Social Cristão;1;1015;-3;EEEF ANA ARAÚJO;R. EXPEDICIONARIO OSVALDO SAUDINO
07/12/2023;14:25:26;2016;2;ELEIÇÃO ORDINÁRIA;1;220;ELEIÇÕES MUNICIPAIS 2016;02/10/2016;M;ES;56057;ALFREDO CHAVES;56057;ALFREDO CHAVES;12;1;13;VEREADOR;22;Partido da República;1;1015;-3;EEEF ANA ARAÚJO;R. EXPEDICIONARIO OSVALDO SAUDINO
07/12/2023;14:25:26;2016;2;ELEIÇÃO ORDINÁRIA;1;220;ELEIÇÕES MUNICIPAIS 2016;02/10/2016;M;ES;56057;ALFREDO CHAVES;56057;ALFREDO CHAVES;12;1;13;VEREADOR;23;Partido Popular Socialista;2;1015;-3;EEEF ANA ARAÚJO;R. EXPEDICIONARIO OSVALDO SAUDINO
07/12/2023;14:25:26;2016;2;ELEIÇÃO ORDINÁRIA;1;220;ELEIÇÕES MUNICIPAIS 2016;02/10/2016;M;ES;56057;ALFREDO CHAVES;56057;ALFREDO CHAVES;12;1;13;VEREADOR;25;Democratas;1;1015;-3;EEEF ANA ARAÚJO;R. EXPEDICIONARIO OSVALDO SAUDINO
07/12/2023;14:25:26;2016;2;ELEIÇÃO ORDINÁRIA;1;220;ELEIÇÕES MUNICIPAIS 2016;02/10/2016;M;ES;56057;ALFREDO CHAVES;56057;ALFREDO CHAVES;12;1;13;VEREADOR;40;Partido Socialista Brasileiro;6;1015;-3;EEEF ANA ARAÚJO;R. EXPEDICIONARIO OSVALDO SAUDINO
07/12/2023;14:25:26;2016;2;ELEIÇÃO ORDINÁRIA;1;220;ELEIÇÕES MUNICIPAIS 2016;02/10/2016;M;ES;56057;ALFREDO CHAVES;56057;ALFREDO CHAVES;12;31;13;VEREADOR;11;Partido Progressista;1;1171;-3;EEEF CAMILA MOTA;R. NELSON DA COSTA MELLO, S/ N
07/12/2023;14:25:26;2016;2;ELEIÇÃO ORDINÁRIA;1;220;ELEIÇÕES MUNICIPAIS 2016;02/10/2016;M;ES;56057;ALFREDO CHAVES;56057;ALFREDO CHAVES;12;31;13;VEREADOR;12;Partido Democrático Trabalhista;1;1171;-3;EEEF CAMILA MOTA;R. NELSON DA COSTA MELLO, S/ N
07/12/2023;14:25:26;2016;2;ELEIÇÃO ORDINÁRIA;1;220;ELEIÇÕES MUNICIPAIS 2016;02/10/2016;M;ES;56057;ALFREDO CHAVES;56057;ALFREDO CHAVES;12;31;13;VEREADOR;15;Partido do Movimento Democrático Brasileiro;4;1171;-3;EEEF CAMILA MOTA;R. NELSON DA COSTA MELLO, S/ N
07/12/2023;14:25:26;2016;2;ELEIÇÃO ORDINÁRIA;1;220;ELEIÇÕES MUNICIPAIS 2016;02/10/2016;M;ES;56057;ALFREDO CHAVES;56057;ALFREDO CHAVES;12;31;13;VEREADOR;19;Partido Trabalhista Nacional;1;1171;-3;EEEF CAMILA MOTA;R. NELSON DA COSTA MELLO, S/ N
07/12/2023;14:25:26;2016;2;ELEIÇÃO ORDINÁRIA;1;220;ELEIÇÕES MUNICIPAIS 2016;02/10/2016;M;ES;56057;ALFREDO CHAVES;56057;ALFREDO CHAVES;12;31;13;VEREADOR;20;Partido Social Cristão;1;1171;-3;EEEF CAMILA MOTA;R. NELSON DA COSTA MELLO, S/ N
07/12/2023;14:25:26;2016;2;ELEIÇÃO ORDINÁRIA;1;220;ELEIÇÕES MUNICIPAIS 2016;02/10/2016;M;ES;56057;ALFREDO CHAVES;56057;ALFREDO CHAVES;12;31;13;VEREADOR;23;Partido Popular Socialista;1;1171;-3;EEEF CAMILA MOTA;R. NELSON DA COSTA MELLO, S/ N
07/12/2023;14:25:26;2016;2;ELEIÇÃO ORDINÁRIA;1;220;ELEIÇÕES MUNICIPAIS 2016;02/10/2016;M;ES;56057;ALFREDO CHAVES;56057;ALFREDO CHAVES;12;31;13;VEREADOR;40;Partido Socialista Brasileiro;3;1171;-3;EEEF CAMILA MOTA;R. NELSON DA COSTA MELLO, S/ N
07/12/2023;14:25:26;2016;2;ELEIÇÃO ORDINÁRIA;1;220;ELEIÇÕES MUNICIPAIS 2016;02/10/2016;M;ES;56057;ALFREDO CHAVES;56057;ALFREDO CHAVES;12;21;13;VEREADOR;40123;CLEOMIR GOBBI BUBACK;2;1120;80000001029;EUE QUARTO TERRITÓRIO;R. PRINCIPAL , S/ Nº
07/12/2023;14:25:26;2016;2;ELEIÇÃO ORDINÁRIA;1;220;ELEIÇÕES MUNICIPAIS 2016;02/10/2016;M;ES;56057;ALFREDO CHAVES;56057;ALFREDO CHAVES;12;21;13;VEREADOR;19000;ITAGIBA AUGUSTO VIANA MATTOS;2;1120;80000001055;EUE QUARTO TERRITÓRIO;R. PRINCIPAL , S/ Nº
07/12/2023;14:25:26;2016;2;ELEIÇÃO ORDINÁRIA;1;220;ELEIÇÕES MUNICIPAIS 2016;02/10/2016;M;ES;56057;ALFREDO CHAVES;56057;ALFREDO CHAVES;12;21;13;VEREADOR;40789;ADILSON JOSE ROVETA;4;1120;80000001028;EUE QUARTO TERRITÓRIO;R. PRINCIPAL , S/ Nº
07/12/2023;14:25:26;2016;2;ELEIÇÃO ORDINÁRIA;1;220;ELEIÇÕES MUNICIPAIS 2016;02/10/2016;M;ES;56057;ALFREDO CHAVES;56057;ALFREDO CHAVES;12;21;11;PREFEITO;40;FERNANDO VIDEIRA LAFAYETTE;136;1120;80000001058;EUE QUARTO TERRITÓRIO;R. PRINCIPAL , S/ Nº
07/12/2023;14:25:26;2016;2;ELEIÇÃO ORDINÁRIA;1;220;ELEIÇÕES MUNICIPAIS 2016;02/10/2016;M;ES;56057;ALFREDO CHAVES;56057;ALFREDO CHAVES;12;21;13;VEREADOR;40456;SERAFINO ANTÔNIO SIMONI;2;1120;80000001024;EUE QUARTO TERRITÓRIO;R. PRINCIPAL , S/ Nº
07/12/2023;14:25:26;2016;2;ELEIÇÃO ORDINÁRIA;1;220;ELEIÇÕES MUNICIPAIS 2016;02/10/2016;M;ES;56057;ALFREDO CHAVES;56057;ALFREDO CHAVES;12;21;13;VEREADOR;15000;DANIEL ORLANDI;11;1120;80000001672;EUE QUARTO TERRITÓRIO;R. PRINCIPAL , S/ Nº
07/12/2023;14:25:26;2016;2;ELEIÇÃO ORDINÁRIA;1;220;ELEIÇÕES MUNICIPAIS 2016;02/10/2016;M;ES;56057;ALFREDO CHAVES;56057;ALFREDO CHAVES;12;21;13;VEREADOR;23111;FERNANDO ALVES;2;1120;80000001675;EUE QUARTO TERRITÓRIO;R. PRINCIPAL , S/ Nº
07/12/2023;14:25:26;2016;2;ELEIÇÃO ORDINÁRIA;1;220;ELEIÇÕES MUNICIPAIS 2016;02/10/2016;M;ES;56057;ALFREDO CHAVES;56057;ALFREDO CHAVES;12;21;13;VEREADOR;20789;JOSE MARIO DE ANDRADE FERREIRA;1;1120;80000001052;EUE QUARTO TERRITÓRIO;R. PRINCIPAL , S/ Nº
07/12/2023;14:25:26;2016;2;ELEIÇÃO ORDINÁRIA;1;220;ELEIÇÕES MUNICIPAIS 2016;02/10/2016;M;ES;56057;ALFREDO CHAVES;56057;ALFREDO CHAVES;12;21;13;VEREADOR;15311;NARCISO DE ABREU GRASSI;18;1120;80000001679;EUE QUARTO TERRITÓRIO;R. PRINCIPAL , S/ Nº
07/12/2023;14:25:26;2016;2;ELEIÇÃO ORDINÁRIA;1;220;ELEIÇÕES MUNICIPAIS 2016;02/10/2016;M;ES;56057;ALFREDO CHAVES;56057;ALFREDO CHAVES;12;21;13;VEREADOR;23666;PAULO MUNALDI;25;1120;80000001680;EUE QUARTO TERRITÓRIO;R. PRINCIPAL , S/ Nº
07/12/2023;14:25:26;2016;2;ELEIÇÃO ORDINÁRIA;1;220;ELEIÇÕES MUNICIPAIS 2016;02/10/2016;M;ES;56057;ALFREDO CHAVES;56057;ALFREDO CHAVES;12;21;13;VEREADOR;20333;MARCO ANTONIO MOZER;1;1120;80000001053;EUE QUARTO TERRITÓRIO;R. PRINCIPAL , S/ Nº
07/12/2023;14:25:26;2016;2;ELEIÇÃO ORDINÁRIA;1;220;ELEIÇÕES MUNICIPAIS 2016;02/10/2016;M;ES;56057;ALFREDO CHAVES;56057;ALFREDO CHAVES;12;21;11;PREFEITO;96;VOTO NULO;15;1120;-1;EUE QUARTO TERRITÓRIO;R. PRINCIPAL , S/ Nº
07/12/2023;14:25:26;2016;2;ELEIÇÃO ORDINÁRIA;1;220;ELEIÇÕES MUNICIPAIS 2016;02/10/2016;M;ES;56057;ALFREDO CHAVES;56057;ALFREDO CHAVES;12;21;13;VEREADOR;40400;DARCY MARCHIORI DE PAULA GAIGHER;5;1120;80000001025;EUE QUARTO TERRITÓRIO;R. PRINCIPAL , S/ Nº
07/12/2023;14:25:26;2016;2;ELEIÇÃO ORDINÁRIA;1;220;ELEIÇÕES MUNICIPAIS 2016;02/10/2016;M;ES;56057;ALFREDO CHAVES;56057;ALFREDO CHAVES;12;21;13;VEREADOR;43222;MARCIO DESTEFANI;1;1120;80000001056;EUE QUARTO TERRITÓRIO;R. PRINCIPAL , S/ Nº
07/12/2023;14:25:26;2016;2;ELEIÇÃO ORDINÁRIA;1;220;ELEIÇÕES MUNICIPAIS 2016;02/10/2016;M;ES;56057;ALFREDO CHAVES;56057;ALFREDO CHAVES;12;21;11;PREFEITO;95;VOTO BRANCO;6;1120;-1;EUE QUARTO TERRITÓRIO;R. PRINCIPAL , S/ Nº
07/12/2023;14:25:26;2016;2;ELEIÇÃO ORDINÁRIA;1;220;ELEIÇÕES MUNICIPAIS 2016;02/10/2016;M;ES;56057;ALFREDO CHAVES;56057;ALFREDO CHAVES;12;21;13;VEREADOR;40321;GILSON LUIZ BELLON;2;1120;80000001031;EUE QUARTO TERRITÓRIO;R. PRINCIPAL , S/ Nº
07/12/2023;14:25:26;2016;2;ELEIÇÃO ORDINÁRIA;1;220;ELEIÇÕES MUNICIPAIS 2016;02/10/2016;M;ES;56057;ALFREDO CHAVES;56057;ALFREDO CHAVES;12;21;13;VEREADOR;40444;PASCOAL GARCIA MARTINS;2;1120;80000001038;EUE QUARTO TERRITÓRIO;R. PRINCIPAL , S/ Nº
07/12/2023;14:25:26;2016;2;ELEIÇÃO ORDINÁRIA;1;220;ELEIÇÕES MUNICIPAIS 2016;02/10/2016;M;ES;56057;ALFREDO CHAVES;56057;ALFREDO CHAVES;12;21;13;VEREADOR;13610;NILSON HONORATO VANELI;2;1120;80000001650;EUE QUARTO TERRITÓRIO;R. PRINCIPAL , S/ Nº
07/12/2023;14:25:26;2016;2;ELEIÇÃO ORDINÁRIA;1;220;ELEIÇÕES MUNICIPAIS 2016;02/10/2016;M;ES;56057;ALFREDO CHAVES;56057;ALFREDO CHAVES;12;21;13;VEREADOR;40202;LAURO ALVES PEREIRA;1;1120;80000001034;EUE QUARTO TERRITÓRIO;R. PRINCIPAL , S/ Nº
07/12/2023;14:25:26;2016;2;ELEIÇÃO ORDINÁRIA;1;220;ELEIÇÕES MUNICIPAIS 2016;02/10/2016;M;ES;56057;ALFREDO CHAVES;56057;ALFREDO CHAVES;12;21;13;VEREADOR;11555;MARIA DOS ANJOS GAIGHER DE PAULA;2;1120;80000001044;EUE QUARTO TERRITÓRIO;R. PRINCIPAL , S/ Nº
07/12/2023;14:25:26;2016;2;ELEIÇÃO ORDINÁRIA;1;220;ELEIÇÕES MUNICIPAIS 2016;02/10/2016;M;ES;56057;ALFREDO CHAVES;56057;ALFREDO CHAVES;12;21;13;VEREADOR;40222;LUIZ JUNQUEIRA VIONEL;2;1120;80000001035;EUE QUARTO TERRITÓRIO;R. PRINCIPAL , S/ Nº
07/12/2023;14:25:26;2016;2;ELEIÇÃO ORDINÁRIA;1;220;ELEIÇÕES MUNICIPAIS 2016;02/10/2016;M;ES;56057;ALFREDO CHAVES;56057;ALFREDO CHAVES;12;21;13;VEREADOR;96;VOTO NULO;3;1120;-1;EUE QUARTO TERRITÓRIO;R. PRINCIPAL , S/ Nº
07/12/2023;14:25:26;2016;2;ELEIÇÃO ORDINÁRIA;1;220;ELEIÇÕES MUNICIPAIS 2016;02/10/2016;M;ES;56057;ALFREDO CHAVES;56057;ALFREDO CHAVES;12;21;13;VEREADOR;45000;JONAS NUNES SIMÕES;30;1120;80000001041;EUE QUARTO TERRITÓRIO;R. PRINCIPAL , S/ Nº
07/12/2023;14:25:26;2016;2;ELEIÇÃO ORDINÁRIA;1;220;ELEIÇÕES MUNICIPAIS 2016;02/10/2016;M;ES;56057;ALFREDO CHAVES;56057;ALFREDO CHAVES;12;21;13;VEREADOR;55000;SERGIO BIANCHI;82;1120;80000001684;EUE QUARTO TERRITÓRIO;R. PRINCIPAL , S/ Nº
07/12/2023;14:25:26;2016;2;ELEIÇÃO ORDINÁRIA;1;220;ELEIÇÕES MUNICIPAIS 2016;02/10/2016;M;ES;56057;ALFREDO CHAVES;56057;ALFREDO CHAVES;12;21;13;VEREADOR;25000;JANE CASTEGLIONE BETTCHER;1;1120;80000001642;EUE QUARTO TERRITÓRIO;R. PRINCIPAL , S/ Nº
07/12/2023;14:25:26;2016;2;ELEIÇÃO ORDINÁRIA;1;220;ELEIÇÕES MUNICIPAIS 2016;02/10/2016;M;ES;56057;ALFREDO CHAVES;56057;ALFREDO CHAVES;12;21;13;VEREADOR;23612;ANDRÉ SARTORI;27;1120;80000001669;EUE QUARTO TERRITÓRIO;R. PRINCIPAL , S/ Nº
07/12/2023;14:25:26;2016;2;ELEIÇÃO ORDINÁRIA;1;220;ELEIÇÕES MUNICIPAIS 2016;02/10/2016;M;ES;56057;ALFREDO CHAVES;56057;ALFREDO CHAVES;12;21;13;VEREADOR;23123;CÁSSIO COMINOTTI DO NASCIMENTO;9;1120;80000001671;EUE QUARTO TERRITÓRIO;R. PRINCIPAL , S/ Nº
07/12/2023;14:25:26;2016;2;ELEIÇÃO ORDINÁRIA;1;220;ELEIÇÕES MUNICIPAIS 2016;02/10/2016;M;ES;56057;ALFREDO CHAVES;56057;ALFREDO CHAVES;12;21;13;VEREADOR;11000;ROSANA MARIA CARDOSO TAVARES;1;1120;80000001047;EUE QUARTO TERRITÓRIO;R. PRINCIPAL , S/ Nº
07/12/2023;14:25:26;2016;2;ELEIÇÃO ORDINÁRIA;1;220;ELEIÇÕES MUNICIPAIS 2016;02/10/2016;M;ES;56057;ALFREDO CHAVES;56057;ALFREDO CHAVES;12;21;13;VEREADOR;33333;ELTON ANTERIO CARDOSO BISI;2;1120;80000001023;EUE QUARTO TERRITÓRIO;R. PRINCIPAL , S/ Nº
07/12/2023;14:25:26;2016;2;ELEIÇÃO ORDINÁRIA;1;220;ELEIÇÕES MUNICIPAIS 2016;02/10/2016;M;ES;56057;ALFREDO CHAVES;56057;ALFREDO CHAVES;12;21;13;VEREADOR;40000;NILTON CESAR BELMOK;47;1120;80000001037;EUE QUARTO TERRITÓRIO;R. PRINCIPAL , S/ Nº
07/12/2023;14:25:26;2016;2;ELEIÇÃO ORDINÁRIA;1;220;ELEIÇÕES MUNICIPAIS 2016;02/10/2016;M;ES;56057;ALFREDO CHAVES;56057;ALFREDO CHAVES;12;21;13;VEREADOR;11123;PRIMO ARMELINDO BERGAMI;7;1120;80000001046;EUE QUARTO TERRITÓRIO;R. PRINCIPAL , S/ Nº
07/12/2023;14:25:26;2016;2;ELEIÇÃO ORDINÁRIA;1;220;ELEIÇÕES MUNICIPAIS 2016;02/10/2016;M;ES;56057;ALFREDO CHAVES;56057;ALFREDO CHAVES;12;21;13;VEREADOR;11111;AMELIA DUARTE BEZERRA;1;1120;80000001043;EUE QUARTO TERRITÓRIO;R. PRINCIPAL , S/ Nº
07/12/2023;14:25:26;2016;2;ELEIÇÃO ORDINÁRIA;1;220;ELEIÇÕES MUNICIPAIS 2016;02/10/2016;M;ES;56057;ALFREDO CHAVES;56057;ALFREDO CHAVES;12;21;13;VEREADOR;51234;SIMÃO LOPES DOS SANTOS;1;1120;80000001645;EUE QUARTO TERRITÓRIO;R. PRINCIPAL , S/ Nº
07/12/2023;14:25:26;2016;2;ELEIÇÃO ORDINÁRIA;1;220;ELEIÇÕES MUNICIPAIS 2016;02/10/2016;M;ES;56057;ALFREDO CHAVES;56057;ALFREDO CHAVES;12;21;11;PREFEITO;15;RONALDO BIANCHI;174;1120;80000003215;EUE QUARTO TERRITÓRIO;R. PRINCIPAL , S/ Nº
07/12/2023;14:25:26;2016;2;ELEIÇÃO ORDINÁRIA;1;220;ELEIÇÕES MUNICIPAIS 2016;02/10/2016;M;ES;56057;ALFREDO CHAVES;56057;ALFREDO CHAVES;12;21;13;VEREADOR;40111;CHARLES GAIGHER;6;1120;80000001030;EUE QUARTO TERRITÓRIO;R. PRINCIPAL , S/ Nº
07/12/2023;14:25:26;2016;2;ELEIÇÃO ORDINÁRIA;1;220;ELEIÇÕES MUNICIPAIS 2016;02/10/2016;M;ES;56057;ALFREDO CHAVES;56057;ALFREDO CHAVES;12;21;13;VEREADOR;95;VOTO BRANCO;8;1120;-1;EUE QUARTO TERRITÓRIO;R. PRINCIPAL , S/ Nº
07/12/2023;14:25:26;2016;2;ELEIÇÃO ORDINÁRIA;1;220;ELEIÇÕES MUNICIPAIS 2016;02/10/2016;M;ES;56057;ALFREDO CHAVES;56057;ALFREDO CHAVES;12;8;13;VEREADOR;13123;JOSÉ DOMINGOS GOTTARDO;1;1023;80000001647;EEEFM CAMILA MOTA;R. NELSON DA COSTA MELLO, S/ N
07/12/2023;14:25:26;2016;2;ELEIÇÃO ORDINÁRIA;1;220;ELEIÇÕES MUNICIPAIS 2016;02/10/2016;M;ES;56057;ALFREDO CHAVES;56057;ALFREDO CHAVES;12;8;13;VEREADOR;19000;ITAGIBA AUGUSTO VIANA MATTOS;1;1023;80000001055;EEEFM CAMILA MOTA;R. NELSON DA COSTA MELLO, S/ N
07/12/2023;14:25:26;2016;2;ELEIÇÃO ORDINÁRIA;1;220;ELEIÇÕES MUNICIPAIS 2016;02/10/2016;M;ES;56057;ALFREDO CHAVES;56057;ALFREDO CHAVES;12;8;13;VEREADOR;40789;ADILSON JOSE ROVETA;1;1023;80000001028;EEEFM CAMILA MOTA;R. NELSON DA COSTA MELLO, S/ N
07/12/2023;14:25:26;2016;2;ELEIÇÃO ORDINÁRIA;1;220;ELEIÇÕES MUNICIPAIS 2016;02/10/2016;M;ES;56057;ALFREDO CHAVES;56057;ALFREDO CHAVES;12;8;11;PREFEITO;40;FERNANDO VIDEIRA LAFAYETTE;136;1023;80000001058;EEEFM CAMILA MOTA;R. NELSON DA COSTA MELLO, S/ N
07/12/2023;14:25:26;2016;2;ELEIÇÃO ORDINÁRIA;1;220;ELEIÇÕES MUNICIPAIS 2016;02/10/2016;M;ES;56057;ALFREDO CHAVES;56057;ALFREDO CHAVES;12;8;13;VEREADOR;23333;RENATO CARDOSO;1;1023;80000001681;EEEFM CAMILA MOTA;R. NELSON DA COSTA MELLO, S/ N
07/12/2023;14:25:26;2016;2;ELEIÇÃO ORDINÁRIA;1;220;ELEIÇÕES MUNICIPAIS 2016;02/10/2016;M;ES;56057;ALFREDO CHAVES;56057;ALFREDO CHAVES;12;8;13;VEREADOR;40456;SERAFINO ANTÔNIO SIMONI;1;1023;80000001024;EEEFM CAMILA MOTA;R. NELSON DA COSTA MELLO, S/ N
07/12/2023;14:25:26;2016;2;ELEIÇÃO ORDINÁRIA;1;220;ELEIÇÕES MUNICIPAIS 2016;02/10/2016;M;ES;56057;ALFREDO CHAVES;56057;ALFREDO CHAVES;12;8;13;VEREADOR;15000;DANIEL ORLANDI;10;1023;80000001672;EEEFM CAMILA MOTA;R. NELSON DA COSTA MELLO, S/ N
07/12/2023;14:25:26;2016;2;ELEIÇÃO ORDINÁRIA;1;220;ELEIÇÕES MUNICIPAIS 2016;02/10/2016;M;ES;56057;ALFREDO CHAVES;56057;ALFREDO CHAVES;12;8;13;VEREADOR;22222;JOAO LUIZ MONTEIRO;1;1023;80000001054;EEEFM CAMILA MOTA;R. NELSON DA COSTA MELLO, S/ N
07/12/2023;14:25:26;2016;2;ELEIÇÃO ORDINÁRIA;1;220;ELEIÇÕES MUNICIPAIS 2016;02/10/2016;M;ES;56057;ALFREDO CHAVES;56057;ALFREDO CHAVES;12;8;13;VEREADOR;23111;FERNANDO ALVES;8;1023;80000001675;EEEFM CAMILA MOTA;R. NELSON DA COSTA MELLO, S/ N
07/12/2023;14:25:26;2016;2;ELEIÇÃO ORDINÁRIA;1;220;ELEIÇÕES MUNICIPAIS 2016;02/10/2016;M;ES;56057;ALFREDO CHAVES;56057;ALFREDO CHAVES;12;8;13;VEREADOR;20789;JOSE MARIO DE ANDRADE FERREIRA;7;1023;80000001052;EEEFM CAMILA MOTA;R. NELSON DA COSTA MELLO, S/ N
07/12/2023;14:25:26;2016;2;ELEIÇÃO ORDINÁRIA;1;220;ELEIÇÕES MUNICIPAIS 2016;02/10/2016;M;ES;56057;ALFREDO CHAVES;56057;ALFREDO CHAVES;12;8;13;VEREADOR;15311;NARCISO DE ABREU GRASSI;17;1023;80000001679;EEEFM CAMILA MOTA;R. NELSON DA COSTA MELLO, S/ N
07/12/2023;14:25:26;2016;2;ELEIÇÃO ORDINÁRIA;1;220;ELEIÇÕES MUNICIPAIS 2016;02/10/2016;M;ES;56057;ALFREDO CHAVES;56057;ALFREDO CHAVES;12;8;13;VEREADOR;20123;IZAEL FERREIRA;1;1023;80000001051;EEEFM CAMILA MOTA;R. NELSON DA COSTA MELLO, S/ N
07/12/2023;14:25:26;2016;2;ELEIÇÃO ORDINÁRIA;1;220;ELEIÇÕES MUNICIPAIS 2016;02/10/2016;M;ES;56057;ALFREDO CHAVES;56057;ALFREDO CHAVES;12;8;13;VEREADOR;23666;PAULO MUNALDI;20;1023;80000001680;EEEFM CAMILA MOTA;R. NELSON DA COSTA MELLO, S/ N
07/12/2023;14:25:26;2016;2;ELEIÇÃO ORDINÁRIA;1;220;ELEIÇÕES MUNICIPAIS 2016;02/10/2016;M;ES;56057;ALFREDO CHAVES;56057;ALFREDO CHAVES;12;8;11;PREFEITO;96;VOTO NULO;15;1023;-1;EEEFM CAMILA MOTA;R. NELSON DA COSTA MELLO, S/ N
07/12/2023;14:25:26;2016;2;ELEIÇÃO ORDINÁRIA;1;220;ELEIÇÕES MUNICIPAIS 2016;02/10/2016;M;ES;56057;ALFREDO CHAVES;56057;ALFREDO CHAVES;12;8;13;VEREADOR;40400;DARCY MARCHIORI DE PAULA GAIGHER;16;1023;80000001025;EEEFM CAMILA MOTA;R. NELSON DA COSTA MELLO, S/ N
07/12/2023;14:25:26;2016;2;ELEIÇÃO ORDINÁRIA;1;220;ELEIÇÕES MUNICIPAIS 2016;02/10/2016;M;ES;56057;ALFREDO CHAVES;56057;ALFREDO CHAVES;12;8;13;VEREADOR;45123;EDIMAR VANELI;1;1023;80000001040;EEEFM CAMILA MOTA;R. NELSON DA COSTA MELLO, S/ N
07/12/2023;14:25:26;2016;2;ELEIÇÃO ORDINÁRIA;1;220;ELEIÇÕES MUNICIPAIS 2016;02/10/2016;M;ES;56057;ALFREDO CHAVES;56057;ALFREDO CHAVES;12;8;13;VEREADOR;11222;SANTE JOSÉ GRATIERI;1;1023;80000001048;EEEFM CAMILA MOTA;R. NELSON DA COSTA MELLO, S/ N
07/12/2023;14:25:26;2016;2;ELEIÇÃO ORDINÁRIA;1;220;ELEIÇÕES MUNICIPAIS 2016;02/10/2016;M;ES;56057;ALFREDO CHAVES;56057;ALFREDO CHAVES;12;8;11;PREFEITO;95;VOTO BRANCO;2;1023;-1;EEEFM CAMILA MOTA;R. NELSON DA COSTA MELLO, S/ N
07/12/2023;14:25:26;2016;2;ELEIÇÃO ORDINÁRIA;1;220;ELEIÇÕES MUNICIPAIS 2016;02/10/2016;M;ES;56057;ALFREDO CHAVES;56057;ALFREDO CHAVES;12;8;13;VEREADOR;40321;GILSON LUIZ BELLON;4;1023;80000001031;EEEFM CAMILA MOTA;R. NELSON DA COSTA MELLO, S/ N
07/12/2023;14:25:26;2016;2;ELEIÇÃO ORDINÁRIA;1;220;ELEIÇÕES MUNICIPAIS 2016;02/10/2016;M;ES;56057;ALFREDO CHAVES;56057;ALFREDO CHAVES;12;8;13;VEREADOR;40444;PASCOAL GARCIA MARTINS;2;1023;80000001038;EEEFM CAMILA MOTA;R. NELSON DA COSTA MELLO, S/ N
07/12/2023;14:25:26;2016;2;ELEIÇÃO ORDINÁRIA;1;220;ELEIÇÕES MUNICIPAIS 2016;02/10/2016;M;ES;56057;ALFREDO CHAVES;56057;ALFREDO CHAVES;12;8;13;VEREADOR;11964;MARIA MAGDALENA NASCIMENTO;1;1023;80000001045;EEEFM CAMILA MOTA;R. NELSON DA COSTA MELLO, S/ N
07/12/2023;14:25:26;2016;2;ELEIÇÃO ORDINÁRIA;1;220;ELEIÇÕES MUNICIPAIS 2016;02/10/2016;M;ES;56057;ALFREDO CHAVES;56057;ALFREDO CHAVES;12;8;13;VEREADOR;40202;LAURO ALVES PEREIRA;3;1023;80000001034;EEEFM CAMILA MOTA;R. NELSON DA COSTA MELLO, S/ N
07/12/2023;14:25:26;2016;2;ELEIÇÃO ORDINÁRIA;1;220;ELEIÇÕES MUNICIPAIS 2016;02/10/2016;M;ES;56057;ALFREDO CHAVES;56057;ALFREDO CHAVES;12;8;13;VEREADOR;11555;MARIA DOS ANJOS GAIGHER DE PAULA;2;1023;80000001044;EEEFM CAMILA MOTA;R. NELSON DA COSTA MELLO, S/ N
07/12/2023;14:25:26;2016;2;ELEIÇÃO ORDINÁRIA;1;220;ELEIÇÕES MUNICIPAIS 2016;02/10/2016;M;ES;56057;ALFREDO CHAVES;56057;ALFREDO CHAVES;12;8;13;VEREADOR;40222;LUIZ JUNQUEIRA VIONEL;5;1023;80000001035;EEEFM CAMILA MOTA;R. NELSON DA COSTA MELLO, S/ N
07/12/2023;14:25:26;2016;2;ELEIÇÃO ORDINÁRIA;1;220;ELEIÇÕES MUNICIPAIS 2016;02/10/2016;M;ES;56057;ALFREDO CHAVES;56057;ALFREDO CHAVES;12;8;13;VEREADOR;96;VOTO NULO;2;1023;-1;EEEFM CAMILA MOTA;R. NELSON DA COSTA MELLO, S/ N
07/12/2023;14:25:26;2016;2;ELEIÇÃO ORDINÁRIA;1;220;ELEIÇÕES MUNICIPAIS 2016;02/10/2016;M;ES;56057;ALFREDO CHAVES;56057;ALFREDO CHAVES;12;8;13;VEREADOR;45000;JONAS NUNES SIMÕES;30;1023;80000001041;EEEFM CAMILA MOTA;R. NELSON DA COSTA MELLO, S/ N
07/12/2023;14:25:26;2016;2;ELEIÇÃO ORDINÁRIA;1;220;ELEIÇÕES MUNICIPAIS 2016;02/10/2016;M;ES;56057;ALFREDO CHAVES;56057;ALFREDO CHAVES;12;8;13;VEREADOR;55000;SERGIO BIANCHI;14;1023;80000001684;EEEFM CAMILA MOTA;R. NELSON DA COSTA MELLO, S/ N
07/12/2023;14:25:26;2016;2;ELEIÇÃO ORDINÁRIA;1;220;ELEIÇÕES MUNICIPAIS 2016;02/10/2016;M;ES;56057;ALFREDO CHAVES;56057;ALFREDO CHAVES;12;8;13;VEREADOR;43123;RITA MARIA DESTEFANI;1;1023;80000001057;EEEFM CAMILA MOTA;R. NELSON DA COSTA MELLO, S/ N
07/12/2023;14:25:26;2016;2;ELEIÇÃO ORDINÁRIA;1;220;ELEIÇÕES MUNICIPAIS 2016;02/10/2016;M;ES;56057;ALFREDO CHAVES;56057;ALFREDO CHAVES;12;8;13;VEREADOR;40333;JAQUELINE FRANZOTTI DA SILVA;3;1023;80000001032;EEEFM CAMILA MOTA;R. NELSON DA COSTA MELLO, S/ N
07/12/2023;14:25:26;2016;2;ELEIÇÃO ORDINÁRIA;1;220;ELEIÇÕES MUNICIPAIS 2016;02/10/2016;M;ES;56057;ALFREDO CHAVES;56057;ALFREDO CHAVES;12;8;13;VEREADOR;25000;JANE CASTEGLIONE BETTCHER;15;1023;80000001642;EEEFM CAMILA MOTA;R. NELSON DA COSTA MELLO, S/ N
07/12/2023;14:25:26;2016;2;ELEIÇÃO ORDINÁRIA;1;220;ELEIÇÕES MUNICIPAIS 2016;02/10/2016;M;ES;56057;ALFREDO CHAVES;56057;ALFREDO CHAVES;12;8;13;VEREADOR;15666;ROGERIO FRANZOTTI;1;1023;80000001682;EEEFM CAMILA MOTA;R. NELSON DA COSTA MELLO, S/ N
07/12/2023;14:25:26;2016;2;ELEIÇÃO ORDINÁRIA;1;220;ELEIÇÕES MUNICIPAIS 2016;02/10/2016;M;ES;56057;ALFREDO CHAVES;56057;ALFREDO CHAVES;12;8;13;VEREADOR;40232;MARCIO CETTO;1;1023;80000001036;EEEFM CAMILA MOTA;R. NELSON DA COSTA MELLO, S/ N
07/12/2023;14:25:26;2016;2;ELEIÇÃO ORDINÁRIA;1;220;ELEIÇÕES MUNICIPAIS 2016;02/10/2016;M;ES;56057;ALFREDO CHAVES;56057;ALFREDO CHAVES;12;8;13;VEREADOR;23612;ANDRÉ SARTORI;14;1023;80000001669;EEEFM CAMILA MOTA;R. NELSON DA COSTA MELLO, S/ N
07/12/2023;14:25:26;2016;2;ELEIÇÃO ORDINÁRIA;1;220;ELEIÇÕES MUNICIPAIS 2016;02/10/2016;M;ES;56057;ALFREDO CHAVES;56057;ALFREDO CHAVES;12;8;13;VEREADOR;23123;CÁSSIO COMINOTTI DO NASCIMENTO;8;1023;80000001671;EEEFM CAMILA MOTA;R. NELSON DA COSTA MELLO, S/ N
07/12/2023;14:25:26;2016;2;ELEIÇÃO ORDINÁRIA;1;220;ELEIÇÕES MUNICIPAIS 2016;02/10/2016;M;ES;56057;ALFREDO CHAVES;56057;ALFREDO CHAVES;12;8;13;VEREADOR;11000;ROSANA MARIA CARDOSO TAVARES;2;1023;80000001047;EEEFM CAMILA MOTA;R. NELSON DA COSTA MELLO, S/ N
07/12/2023;14:25:26;2016;2;ELEIÇÃO ORDINÁRIA;1;220;ELEIÇÕES MUNICIPAIS 2016;02/10/2016;M;ES;56057;ALFREDO CHAVES;56057;ALFREDO CHAVES;12;13;13;VEREADOR;13123;JOSÉ DOMINGOS GOTTARDO;2;1058;80000001647;EEEF ENGANO;R. PRINCIPAL, S/ Nº
07/12/2023;14:25:26;2016;2;ELEIÇÃO ORDINÁRIA;1;220;ELEIÇÕES MUNICIPAIS 2016;02/10/2016;M;ES;56057;ALFREDO CHAVES;56057;ALFREDO CHAVES;12;13;11;PREFEITO;40;FERNANDO VIDEIRA LAFAYETTE;163;1058;80000001058;EEEF ENGANO;R. PRINCIPAL, S/ Nº
07/12/2023;14:25:26;2016;2;ELEIÇÃO ORDINÁRIA;1;220;ELEIÇÕES MUNICIPAIS 2016;02/10/2016;M;ES;56057;ALFREDO CHAVES;56057;ALFREDO CHAVES;12;13;13;VEREADOR;15555;HELENA MARIA FIORIN FAVERO;31;1058;80000001677;EEEF ENGANO;R. PRINCIPAL, S/ Nº
07/12/2023;14:25:26;2016;2;ELEIÇÃO ORDINÁRIA;1;220;ELEIÇÕES MUNICIPAIS 2016;02/10/2016;M;ES;56057;ALFREDO CHAVES;56057;ALFREDO CHAVES;12;13;13;VEREADOR;40456;SERAFINO ANTÔNIO SIMONI;3;1058;80000001024;EEEF ENGANO;R. PRINCIPAL, S/ Nº
07/12/2023;14:25:26;2016;2;ELEIÇÃO ORDINÁRIA;1;220;ELEIÇÕES MUNICIPAIS 2016;02/10/2016;M;ES;56057;ALFREDO CHAVES;56057;ALFREDO CHAVES;12;13;13;VEREADOR;15000;DANIEL ORLANDI;74;1058;80000001672;EEEF ENGANO;R. PRINCIPAL, S/ Nº
07/12/2023;14:25:26;2016;2;ELEIÇÃO ORDINÁRIA;1;220;ELEIÇÕES MUNICIPAIS 2016;02/10/2016;M;ES;56057;ALFREDO CHAVES;56057;ALFREDO CHAVES;12;13;13;VEREADOR;20789;JOSE MARIO DE ANDRADE FERREIRA;1;1058;80000001052;EEEF ENGANO;R. PRINCIPAL, S/ Nº
07/12/2023;14:25:26;2016;2;ELEIÇÃO ORDINÁRIA;1;220;ELEIÇÕES MUNICIPAIS 2016;02/10/2016;M;ES;56057;ALFREDO CHAVES;56057;ALFREDO CHAVES;12;13;13;VEREADOR;15311;NARCISO DE ABREU GRASSI;5;1058;80000001679;EEEF ENGANO;R. PRINCIPAL, S/ Nº
07/12/2023;14:25:26;2016;2;ELEIÇÃO ORDINÁRIA;1;220;ELEIÇÕES MUNICIPAIS 2016;02/10/2016;M;ES;56057;ALFREDO CHAVES;56057;ALFREDO CHAVES;12;13;13;VEREADOR;23666;PAULO MUNALDI;3;1058;80000001680;EEEF ENGANO;R. PRINCIPAL, S/ Nº
07/12/2023;14:25:26;2016;2;ELEIÇÃO ORDINÁRIA;1;220;ELEIÇÕES MUNICIPAIS 2016;02/10/2016;M;ES;56057;ALFREDO CHAVES;56057;ALFREDO CHAVES;12;13;11;PREFEITO;96;VOTO NULO;7;1058;-1;EEEF ENGANO;R. PRINCIPAL, S/ Nº
07/12/2023;14:25:26;2016;2;ELEIÇÃO ORDINÁRIA;1;220;ELEIÇÕES MUNICIPAIS 2016;02/10/2016;M;ES;56057;ALFREDO CHAVES;56057;ALFREDO CHAVES;12;13;13;VEREADOR;11222;SANTE JOSÉ GRATIERI;1;1058;80000001048;EEEF ENGANO;R. PRINCIPAL, S/ Nº
07/12/2023;14:25:26;2016;2;ELEIÇÃO ORDINÁRIA;1;220;ELEIÇÕES MUNICIPAIS 2016;02/10/2016;M;ES;56057;ALFREDO CHAVES;56057;ALFREDO CHAVES;12;13;11;PREFEITO;95;VOTO BRANCO;2;1058;-1;EEEF ENGANO;R. PRINCIPAL, S/ Nº
07/12/2023;14:25:26;2016;2;ELEIÇÃO ORDINÁRIA;1;220;ELEIÇÕES MUNICIPAIS 2016;02/10/2016;M;ES;56057;ALFREDO CHAVES;56057;ALFREDO CHAVES;12;13;13;VEREADOR;40321;GILSON LUIZ BELLON;6;1058;80000001031;EEEF ENGANO;R. PRINCIPAL, S/ Nº
07/12/2023;14:25:26;2016;2;ELEIÇÃO ORDINÁRIA;1;220;ELEIÇÕES MUNICIPAIS 2016;02/10/2016;M;ES;56057;ALFREDO CHAVES;56057;ALFREDO CHAVES;12;13;13;VEREADOR;40444;PASCOAL GARCIA MARTINS;4;1058;80000001038;EEEF ENGANO;R. PRINCIPAL, S/ Nº
07/12/2023;14:25:26;2016;2;ELEIÇÃO ORDINÁRIA;1;220;ELEIÇÕES MUNICIPAIS 2016;02/10/2016;M;ES;56057;ALFREDO CHAVES;56057;ALFREDO CHAVES;12;13;13;VEREADOR;40777;MARINALVA ALVES DA SILVA;1;1058;80000001027;EEEF ENGANO;R. PRINCIPAL, S/ Nº
07/12/2023;14:25:26;2016;2;ELEIÇÃO ORDINÁRIA;1;220;ELEIÇÕES MUNICIPAIS 2016;02/10/2016;M;ES;56057;ALFREDO CHAVES;56057;ALFREDO CHAVES;12;13;13;VEREADOR;13610;NILSON HONORATO VANELI;4;1058;80000001650;EEEF ENGANO;R. PRINCIPAL, S/ Nº
07/12/2023;14:25:26;2016;2;ELEIÇÃO ORDINÁRIA;1;220;ELEIÇÕES MUNICIPAIS 2016;02/10/2016;M;ES;56057;ALFREDO CHAVES;56057;ALFREDO CHAVES;12;13;13;VEREADOR;96;VOTO NULO;4;1058;-1;EEEF ENGANO;R. PRINCIPAL, S/ Nº
07/12/2023;14:25:26;2016;2;ELEIÇÃO ORDINÁRIA;1;220;ELEIÇÕES MUNICIPAIS 2016;02/10/2016;M;ES;56057;ALFREDO CHAVES;56057;ALFREDO CHAVES;12;13;13;VEREADOR;45000;JONAS NUNES SIMÕES;9;1058;80000001041;EEEF ENGANO;R. PRINCIPAL, S/ Nº
07/12/2023;14:25:26;2016;2;ELEIÇÃO ORDINÁRIA;1;220;ELEIÇÕES MUNICIPAIS 2016;02/10/2016;M;ES;56057;ALFREDO CHAVES;56057;ALFREDO CHAVES;12;13;13;VEREADOR;25000;JANE CASTEGLIONE BETTCHER;1;1058;80000001642;EEEF ENGANO;R. PRINCIPAL, S/ Nº
07/12/2023;14:25:26;2016;2;ELEIÇÃO ORDINÁRIA;1;220;ELEIÇÕES MUNICIPAIS 2016;02/10/2016;M;ES;56057;ALFREDO CHAVES;56057;ALFREDO CHAVES;12;13;13;VEREADOR;23612;ANDRÉ SARTORI;10;1058;80000001669;EEEF ENGANO;R. PRINCIPAL, S/ Nº
07/12/2023;14:25:26;2016;2;ELEIÇÃO ORDINÁRIA;1;220;ELEIÇÕES MUNICIPAIS 2016;02/10/2016;M;ES;56057;ALFREDO CHAVES;56057;ALFREDO CHAVES;12;13;13;VEREADOR;23123;CÁSSIO COMINOTTI DO NASCIMENTO;1;1058;80000001671;EEEF ENGANO;R. PRINCIPAL, S/ Nº
07/12/2023;14:25:26;2016;2;ELEIÇÃO ORDINÁRIA;1;220;ELEIÇÕES MUNICIPAIS 2016;02/10/2016;M;ES;56057;ALFREDO CHAVES;56057;ALFREDO CHAVES;12;13;13;VEREADOR;40000;NILTON CESAR BELMOK;12;1058;80000001037;EEEF ENGANO;R. PRINCIPAL, S/ Nº
07/12/2023;14:25:26;2016;2;ELEIÇÃO ORDINÁRIA;1;220;ELEIÇÕES MUNICIPAIS 2016;02/10/2016;M;ES;56057;ALFREDO CHAVES;56057;ALFREDO CHAVES;12;13;13;VEREADOR;11123;PRIMO ARMELINDO BERGAMI;18;1058;80000001046;EEEF ENGANO;R. PRINCIPAL, S/ Nº
07/12/2023;14:25:26;2016;2;ELEIÇÃO ORDINÁRIA;1;220;ELEIÇÕES MUNICIPAIS 2016;02/10/2016;M;ES;56057;ALFREDO CHAVES;56057;ALFREDO CHAVES;12;13;13;VEREADOR;12345;ARMANDO ZANATA INGLE RIBEIRO;10;1058;80000001643;EEEF ENGANO;R. PRINCIPAL, S/ Nº
07/12/2023;14:25:26;2016;2;ELEIÇÃO ORDINÁRIA;1;220;ELEIÇÕES MUNICIPAIS 2016;02/10/2016;M;ES;56057;ALFREDO CHAVES;56057;ALFREDO CHAVES;12;13;13;VEREADOR;40119;RENATA DA SILVA PRATES;1;1058;80000001039;EEEF ENGANO;R. PRINCIPAL, S/ Nº
07/12/2023;14:25:26;2016;2;ELEIÇÃO ORDINÁRIA;1;220;ELEIÇÕES MUNICIPAIS 2016;02/10/2016;M;ES;56057;ALFREDO CHAVES;56057;ALFREDO CHAVES;12;13;11;PREFEITO;15;RONALDO BIANCHI;148;1058;80000003215;EEEF ENGANO;R. PRINCIPAL, S/ Nº
07/12/2023;14:25:26;2016;2;ELEIÇÃO ORDINÁRIA;1;220;ELEIÇÕES MUNICIPAIS 2016;02/10/2016;M;ES;56057;ALFREDO CHAVES;56057;ALFREDO CHAVES;12;13;13;VEREADOR;51000;JACINTA LUCIA SCARPARO;5;1058;80000001646;EEEF ENGANO;R. PRINCIPAL, S/ Nº
07/12/2023;14:25:26;2016;2;ELEIÇÃO ORDINÁRIA;1;220;ELEIÇÕES MUNICIPAIS 2016;02/10/2016;M;ES;56057;ALFREDO CHAVES;56057;ALFREDO CHAVES;12;13;13;VEREADOR;40111;CHARLES GAIGHER;100;1058;80000001030;EEEF ENGANO;R. PRINCIPAL, S/ Nº
07/12/2023;14:25:26;2016;2;ELEIÇÃO ORDINÁRIA;1;220;ELEIÇÕES MUNICIPAIS 2016;02/10/2016;M;ES;56057;ALFREDO CHAVES;56057;ALFREDO CHAVES;12;13;13;VEREADOR;95;VOTO BRANCO;5;1058;-1;EEEF ENGANO;R. PRINCIPAL, S/ Nº
07/12/2023;14:25:26;2016;2;ELEIÇÃO ORDINÁRIA;1;220;ELEIÇÕES MUNICIPAIS 2016;02/10/2016;M;ES;56057;ALFREDO CHAVES;56057;ALFREDO CHAVES;12;23;13;VEREADOR;12;Partido Democrático Trabalhista;1;1139;-3;EEEF SAGRADA FAMÍLIA;R. PRINCIPAL, S/ Nº
07/12/2023;14:25:26;2016;2;ELEIÇÃO ORDINÁRIA;1;220;ELEIÇÕES MUNICIPAIS 2016;02/10/2016;M;ES;56057;ALFREDO CHAVES;56057;ALFREDO CHAVES;12;23;13;VEREADOR;15;Partido do Movimento Democrático Brasileiro;2;1139;-3;EEEF SAGRADA FAMÍLIA;R. PRINCIPAL, S/ Nº
07/12/2023;14:25:26;2016;2;ELEIÇÃO ORDINÁRIA;1;220;ELEIÇÕES MUNICIPAIS 2016;02/10/2016;M;ES;56057;ALFREDO CHAVES;56057;ALFREDO CHAVES;12;23;13;VEREADOR;22;Partido da República;1;1139;-3;EEEF SAGRADA FAMÍLIA;R. PRINCIPAL, S/ Nº
07/12/2023;14:25:26;2016;2;ELEIÇÃO ORDINÁRIA;1;220;ELEIÇÕES MUNICIPAIS 2016;02/10/2016;M;ES;56057;ALFREDO CHAVES;56057;ALFREDO CHAVES;12;23;13;VEREADOR;40;Partido Socialista Brasileiro;5;1139;-3;EEEF SAGRADA FAMÍLIA;R. PRINCIPAL, S/ Nº
07/12/2023;14:25:26;2016;2;ELEIÇÃO ORDINÁRIA;1;220;ELEIÇÕES MUNICIPAIS 2016;02/10/2016;M;ES;56057;ALFREDO CHAVES;56057;ALFREDO CHAVES;12;23;13;VEREADOR;45;Partido da Social Democracia Brasileira;1;1139;-3;EEEF SAGRADA FAMÍLIA;R. PRINCIPAL, S/ Nº
07/12/2023;14:25:26;2016;2;ELEIÇÃO ORDINÁRIA;1;220;ELEIÇÕES MUNICIPAIS 2016;02/10/2016;M;ES;56057;ALFREDO CHAVES;56057;ALFREDO CHAVES;12;4;13;VEREADOR;12;Partido Democrático Trabalhista;3;1015;-3;EEEF ANA ARAÚJO;R. EXPEDICIONARIO OSVALDO SAUDINO
07/12/2023;14:25:26;2016;2;ELEIÇÃO ORDINÁRIA;1;220;ELEIÇÕES MUNICIPAIS 2016;02/10/2016;M;ES;56057;ALFREDO CHAVES;56057;ALFREDO CHAVES;12;4;13;VEREADOR;15;Partido do Movimento Democrático Brasileiro;3;1015;-3;EEEF ANA ARAÚJO;R. EXPEDICIONARIO OSVALDO SAUDINO
07/12/2023;14:25:26;2016;2;ELEIÇÃO ORDINÁRIA;1;220;ELEIÇÕES MUNICIPAIS 2016;02/10/2016;M;ES;56057;ALFREDO CHAVES;56057;ALFREDO CHAVES;12;4;13;VEREADOR;22;Partido da República;2;1015;-3;EEEF ANA ARAÚJO;R. EXPEDICIONARIO OSVALDO SAUDINO
07/12/2023;14:25:26;2016;2;ELEIÇÃO ORDINÁRIA;1;220;ELEIÇÕES MUNICIPAIS 2016;02/10/2016;M;ES;56057;ALFREDO CHAVES;56057;ALFREDO CHAVES;12;4;13;VEREADOR;23;Partido Popular Socialista;1;1015;-3;EEEF ANA ARAÚJO;R. EXPEDICIONARIO OSVALDO SAUDINO
07/12/2023;14:25:26;2016;2;ELEIÇÃO ORDINÁRIA;1;220;ELEIÇÕES MUNICIPAIS 2016;02/10/2016;M;ES;56057;ALFREDO CHAVES;56057;ALFREDO CHAVES;12;4;13;VEREADOR;25;Democratas;2;1015;-3;EEEF ANA ARAÚJO;R. EXPEDICIONARIO OSVALDO SAUDINO
07/12/2023;14:25:26;2016;2;ELEIÇÃO ORDINÁRIA;1;220;ELEIÇÕES MUNICIPAIS 2016;02/10/2016;M;ES;56057;ALFREDO CHAVES;56057;ALFREDO CHAVES;12;4;13;VEREADOR;33;Partido da Mobilização Nacional;1;1015;-3;EEEF ANA ARAÚJO;R. EXPEDICIONARIO OSVALDO SAUDINO
07/12/2023;14:25:26;2016;2;ELEIÇÃO ORDINÁRIA;1;220;ELEIÇÕES MUNICIPAIS 2016;02/10/2016;M;ES;56057;ALFREDO CHAVES;56057;ALFREDO CHAVES;12;4;13;VEREADOR;40;Partido Socialista Brasileiro;11;1015;-3;EEEF ANA ARAÚJO;R. EXPEDICIONARIO OSVALDO SAUDINO
07/12/2023;14:25:26;2016;2;ELEIÇÃO ORDINÁRIA;1;220;ELEIÇÕES MUNICIPAIS 2016;02/10/2016;M;ES;56057;ALFREDO CHAVES;56057;ALFREDO CHAVES;12;4;13;VEREADOR;55;Partido Social Democrático;2;1015;-3;EEEF ANA ARAÚJO;R. EXPEDICIONARIO OSVALDO SAUDINO
07/12/2023;14:25:26;2016;2;ELEIÇÃO ORDINÁRIA;1;220;ELEIÇÕES MUNICIPAIS 2016;02/10/2016;M;ES;56057;ALFREDO CHAVES;56057;ALFREDO CHAVES;12;24;13;VEREADOR;12;Partido Democrático Trabalhista;2;1147;-3;EMEF SÃO BENTO DE URÂNIA;R. PRINCIPAL, S/ Nº
07/12/2023;14:25:26;2016;2;ELEIÇÃO ORDINÁRIA;1;220;ELEIÇÕES MUNICIPAIS 2016;02/10/2016;M;ES;56057;ALFREDO CHAVES;56057;ALFREDO CHAVES;12;24;13;VEREADOR;13;Partido dos Trabalhadores;1;1147;-3;EMEF SÃO BENTO DE URÂNIA;R. PRINCIPAL, S/ Nº
07/12/2023;14:25:26;2016;2;ELEIÇÃO ORDINÁRIA;1;220;ELEIÇÕES MUNICIPAIS 2016;02/10/2016;M;ES;56057;ALFREDO CHAVES;56057;ALFREDO CHAVES;12;24;13;VEREADOR;14;Partido Trabalhista Brasileiro;3;1147;-3;EMEF SÃO BENTO DE URÂNIA;R. PRINCIPAL, S/ Nº
07/12/2023;14:25:26;2016;2;ELEIÇÃO ORDINÁRIA;1;220;ELEIÇÕES MUNICIPAIS 2016;02/10/2016;M;ES;56057;ALFREDO CHAVES;56057;ALFREDO CHAVES;12;24;13;VEREADOR;15;Partido do Movimento Democrático Brasileiro;3;1147;-3;EMEF SÃO BENTO DE URÂNIA;R. PRINCIPAL, S/ Nº
07/12/2023;14:25:26;2016;2;ELEIÇÃO ORDINÁRIA;1;220;ELEIÇÕES MUNICIPAIS 2016;02/10/2016;M;ES;56057;ALFREDO CHAVES;56057;ALFREDO CHAVES;12;24;13;VEREADOR;22;Partido da República;1;1147;-3;EMEF SÃO BENTO DE URÂNIA;R. PRINCIPAL, S/ Nº
07/12/2023;14:25:26;2016;2;ELEIÇÃO ORDINÁRIA;1;220;ELEIÇÕES MUNICIPAIS 2016;02/10/2016;M;ES;56057;ALFREDO CHAVES;56057;ALFREDO CHAVES;12;24;13;VEREADOR;40;Partido Socialista Brasileiro;12;1147;-3;EMEF SÃO BENTO DE URÂNIA;R. PRINCIPAL, S/ Nº
07/12/2023;14:25:26;2016;2;ELEIÇÃO ORDINÁRIA;1;220;ELEIÇÕES MUNICIPAIS 2016;02/10/2016;M;ES;56057;ALFREDO CHAVES;56057;ALFREDO CHAVES;12;24;13;VEREADOR;45;Partido da Social Democracia Brasileira;3;1147;-3;EMEF SÃO BENTO DE URÂNIA;R. PRINCIPAL, S/ Nº
07/12/2023;14:25:26;2016;2;ELEIÇÃO ORDINÁRIA;1;220;ELEIÇÕES MUNICIPAIS 2016;02/10/2016;M;ES;56057;ALFREDO CHAVES;56057;ALFREDO CHAVES;12;28;13;VEREADOR;11;Partido Progressista;1;1074;-3;SALÃO DA IGREJA CATÓLICA DE IRIRITIMIRIM;R. PRINCIPAL, S/ N
07/12/2023;14:25:26;2016;2;ELEIÇÃO ORDINÁRIA;1;220;ELEIÇÕES MUNICIPAIS 2016;02/10/2016;M;ES;56057;ALFREDO CHAVES;56057;ALFREDO CHAVES;12;28;13;VEREADOR;15;Partido do Movimento Democrático Brasileiro;7;1074;-3;SALÃO DA IGREJA CATÓLICA DE IRIRITIMIRIM;R. PRINCIPAL, S/ N
07/12/2023;14:25:26;2016;2;ELEIÇÃO ORDINÁRIA;1;220;ELEIÇÕES MUNICIPAIS 2016;02/10/2016;M;ES;56057;ALFREDO CHAVES;56057;ALFREDO CHAVES;12;28;13;VEREADOR;40;Partido Socialista Brasileiro;6;1074;-3;SALÃO DA IGREJA CATÓLICA DE IRIRITIMIRIM;R. PRINCIPAL, S/ N
07/12/2023;14:25:26;2016;2;ELEIÇÃO ORDINÁRIA;1;220;ELEIÇÕES MUNICIPAIS 2016;02/10/2016;M;ES;56057;ALFREDO CHAVES;56057;ALFREDO CHAVES;12;17;13;VEREADOR;11;Partido Progressista;1;1090;-3;EPSG FELIPE MODOLO;R. PRINCIPAL, S/ N
07/12/2023;14:25:26;2016;2;ELEIÇÃO ORDINÁRIA;1;220;ELEIÇÕES MUNICIPAIS 2016;02/10/2016;M;ES;56057;ALFREDO CHAVES;56057;ALFREDO CHAVES;12;17;13;VEREADOR;13;Partido dos Trabalhadores;1;1090;-3;EPSG FELIPE MODOLO;R. PRINCIPAL, S/ N
07/12/2023;14:25:26;2016;2;ELEIÇÃO ORDINÁRIA;1;220;ELEIÇÕES MUNICIPAIS 2016;02/10/2016;M;ES;56057;ALFREDO CHAVES;56057;ALFREDO CHAVES;12;17;13;VEREADOR;15;Partido do Movimento Democrático Brasileiro;3;1090;-3;EPSG FELIPE MODOLO;R. PRINCIPAL, S/ N
07/12/2023;14:25:26;2016;2;ELEIÇÃO ORDINÁRIA;1;220;ELEIÇÕES MUNICIPAIS 2016;02/10/2016;M;ES;56057;ALFREDO CHAVES;56057;ALFREDO CHAVES;12;17;13;VEREADOR;40;Partido Socialista Brasileiro;3;1090;-3;EPSG FELIPE MODOLO;R. PRINCIPAL, S/ N
07/12/2023;14:25:26;2016;2;ELEIÇÃO ORDINÁRIA;1;220;ELEIÇÕES MUNICIPAIS 2016;02/10/2016;M;ES;56057;ALFREDO CHAVES;56057;ALFREDO CHAVES;12;33;13;VEREADOR;11;Partido Progressista;2;1171;-3;EEEF CAMILA MOTA;R. NELSON DA COSTA MELLO, S/ N
07/12/2023;14:25:26;2016;2;ELEIÇÃO ORDINÁRIA;1;220;ELEIÇÕES MUNICIPAIS 2016;02/10/2016;M;ES;56057;ALFREDO CHAVES;56057;ALFREDO CHAVES;12;33;13;VEREADOR;15;Partido do Movimento Democrático Brasileiro;4;1171;-3;EEEF CAMILA MOTA;R. NELSON DA COSTA MELLO, S/ N
07/12/2023;14:25:26;2016;2;ELEIÇÃO ORDINÁRIA;1;220;ELEIÇÕES MUNICIPAIS 2016;02/10/2016;M;ES;56057;ALFREDO CHAVES;56057;ALFREDO CHAVES;12;33;13;VEREADOR;23;Partido Popular Socialista;1;1171;-3;EEEF CAMILA MOTA;R. NELSON DA COSTA MELLO, S/ N
07/12/2023;14:25:26;2016;2;ELEIÇÃO ORDINÁRIA;1;220;ELEIÇÕES MUNICIPAIS 2016;02/10/2016;M;ES;56057;ALFREDO CHAVES;56057;ALFREDO CHAVES;12;33;13;VEREADOR;40;Partido Socialista Brasileiro;4;1171;-3;EEEF CAMILA MOTA;R. NELSON DA COSTA MELLO, S/ N
07/12/2023;14:25:26;2016;2;ELEIÇÃO ORDINÁRIA;1;220;ELEIÇÕES MUNICIPAIS 2016;02/10/2016;M;ES;56057;ALFREDO CHAVES;56057;ALFREDO CHAVES;12;30;13;VEREADOR;11;Partido Progressista;1;1171;-3;EEEF CAMILA MOTA;R. NELSON DA COSTA MELLO, S/ N
07/12/2023;14:25:26;2016;2;ELEIÇÃO ORDINÁRIA;1;220;ELEIÇÕES MUNICIPAIS 2016;02/10/2016;M;ES;56057;ALFREDO CHAVES;56057;ALFREDO CHAVES;12;30;13;VEREADOR;13;Partido dos Trabalhadores;1;1171;-3;EEEF CAMILA MOTA;R. NELSON DA COSTA MELLO, S/ N
07/12/2023;14:25:26;2016;2;ELEIÇÃO ORDINÁRIA;1;220;ELEIÇÕES MUNICIPAIS 2016;02/10/2016;M;ES;56057;ALFREDO CHAVES;56057;ALFREDO CHAVES;12;30;13;VEREADOR;15;Partido do Movimento Democrático Brasileiro;2;1171;-3;EEEF CAMILA MOTA;R. NELSON DA COSTA MELLO, S/ N
07/12/2023;14:25:26;2016;2;ELEIÇÃO ORDINÁRIA;1;220;ELEIÇÕES MUNICIPAIS 2016;02/10/2016;M;ES;56057;ALFREDO CHAVES;56057;ALFREDO CHAVES;12;30;13;VEREADOR;23;Partido Popular Socialista;1;1171;-3;EEEF CAMILA MOTA;R. NELSON DA COSTA MELLO, S/ N
07/12/2023;14:25:26;2016;2;ELEIÇÃO ORDINÁRIA;1;220;ELEIÇÕES MUNICIPAIS 2016;02/10/2016;M;ES;56057;ALFREDO CHAVES;56057;ALFREDO CHAVES;12;30;13;VEREADOR;40;Partido Socialista Brasileiro;2;1171;-3;EEEF CAMILA MOTA;R. NELSON DA COSTA MELLO, S/ N
07/12/2023;14:25:26;2016;2;ELEIÇÃO ORDINÁRIA;1;220;ELEIÇÕES MUNICIPAIS 2016;02/10/2016;M;ES;56057;ALFREDO CHAVES;56057;ALFREDO CHAVES;12;3;13;VEREADOR;11;Partido Progressista;1;1015;-3;EEEF ANA ARAÚJO;R. EXPEDICIONARIO OSVALDO SAUDINO
07/12/2023;14:25:26;2016;2;ELEIÇÃO ORDINÁRIA;1;220;ELEIÇÕES MUNICIPAIS 2016;02/10/2016;M;ES;56057;ALFREDO CHAVES;56057;ALFREDO CHAVES;12;3;13;VEREADOR;12;Partido Democrático Trabalhista;1;1015;-3;EEEF ANA ARAÚJO;R. EXPEDICIONARIO OSVALDO SAUDINO
07/12/2023;14:25:26;2016;2;ELEIÇÃO ORDINÁRIA;1;220;ELEIÇÕES MUNICIPAIS 2016;02/10/2016;M;ES;56057;ALFREDO CHAVES;56057;ALFREDO CHAVES;12;3;13;VEREADOR;13;Partido dos Trabalhadores;1;1015;-3;EEEF ANA ARAÚJO;R. EXPEDICIONARIO OSVALDO SAUDINO
07/12/2023;14:25:26;2016;2;ELEIÇÃO ORDINÁRIA;1;220;ELEIÇÕES MUNICIPAIS 2016;02/10/2016;M;ES;56057;ALFREDO CHAVES;56057;ALFREDO CHAVES;12;3;13;VEREADOR;15;Partido do Movimento Democrático Brasileiro;6;1015;-3;EEEF ANA ARAÚJO;R. EXPEDICIONARIO OSVALDO SAUDINO
07/12/2023;14:25:26;2016;2;ELEIÇÃO ORDINÁRIA;1;220;ELEIÇÕES MUNICIPAIS 2016;02/10/2016;M;ES;56057;ALFREDO CHAVES;56057;ALFREDO CHAVES;12;3;13;VEREADOR;40;Partido Socialista Brasileiro;10;1015;-3;EEEF ANA ARAÚJO;R. EXPEDICIONARIO OSVALDO SAUDINO
07/12/2023;14:25:26;2016;2;ELEIÇÃO ORDINÁRIA;1;220;ELEIÇÕES MUNICIPAIS 2016;02/10/2016;M;ES;56057;ALFREDO CHAVES;56057;ALFREDO CHAVES;12;3;13;VEREADOR;55;Partido Social Democrático;1;1015;-3;EEEF ANA ARAÚJO;R. EXPEDICIONARIO OSVALDO SAUDINO
07/12/2023;14:25:26;2016;2;ELEIÇÃO ORDINÁRIA;1;220;ELEIÇÕES MUNICIPAIS 2016;02/10/2016;M;ES;56057;ALFREDO CHAVES;56057;ALFREDO CHAVES;12;6;13;VEREADOR;40789;ADILSON JOSE ROVETA;2;1023;80000001028;EEEFM CAMILA MOTA;R. NELSON DA COSTA MELLO, S/ N
07/12/2023;14:25:26;2016;2;ELEIÇÃO ORDINÁRIA;1;220;ELEIÇÕES MUNICIPAIS 2016;02/10/2016;M;ES;56057;ALFREDO CHAVES;56057;ALFREDO CHAVES;12;6;11;PREFEITO;40;FERNANDO VIDEIRA LAFAYETTE;124;1023;80000001058;EEEFM CAMILA MOTA;R. NELSON DA COSTA MELLO, S/ N
07/12/2023;14:25:26;2016;2;ELEIÇÃO ORDINÁRIA;1;220;ELEIÇÕES MUNICIPAIS 2016;02/10/2016;M;ES;56057;ALFREDO CHAVES;56057;ALFREDO CHAVES;12;6;13;VEREADOR;15555;HELENA MARIA FIORIN FAVERO;4;1023;80000001677;EEEFM CAMILA MOTA;R. NELSON DA COSTA MELLO, S/ N
07/12/2023;14:25:26;2016;2;ELEIÇÃO ORDINÁRIA;1;220;ELEIÇÕES MUNICIPAIS 2016;02/10/2016;M;ES;56057;ALFREDO CHAVES;56057;ALFREDO CHAVES;12;6;13;VEREADOR;40456;SERAFINO ANTÔNIO SIMONI;1;1023;80000001024;EEEFM CAMILA MOTA;R. NELSON DA COSTA MELLO, S/ N
07/12/2023;14:25:26;2016;2;ELEIÇÃO ORDINÁRIA;1;220;ELEIÇÕES MUNICIPAIS 2016;02/10/2016;M;ES;56057;ALFREDO CHAVES;56057;ALFREDO CHAVES;12;6;13;VEREADOR;20555;ANGELO ARPINI;3;1023;80000001049;EEEFM CAMILA MOTA;R. NELSON DA COSTA MELLO, S/ N
07/12/2023;14:25:26;2016;2;ELEIÇÃO ORDINÁRIA;1;220;ELEIÇÕES MUNICIPAIS 2016;02/10/2016;M;ES;56057;ALFREDO CHAVES;56057;ALFREDO CHAVES;12;6;13;VEREADOR;15000;DANIEL ORLANDI;13;1023;80000001672;EEEFM CAMILA MOTA;R. NELSON DA COSTA MELLO, S/ N
07/12/2023;14:25:26;2016;2;ELEIÇÃO ORDINÁRIA;1;220;ELEIÇÕES MUNICIPAIS 2016;02/10/2016;M;ES;56057;ALFREDO CHAVES;56057;ALFREDO CHAVES;12;6;13;VEREADOR;23111;FERNANDO ALVES;8;1023;80000001675;EEEFM CAMILA MOTA;R. NELSON DA COSTA MELLO, S/ N
07/12/2023;14:25:26;2016;2;ELEIÇÃO ORDINÁRIA;1;220;ELEIÇÕES MUNICIPAIS 2016;02/10/2016;M;ES;56057;ALFREDO CHAVES;56057;ALFREDO CHAVES;12;6;13;VEREADOR;20789;JOSE MARIO DE ANDRADE FERREIRA;2;1023;80000001052;EEEFM CAMILA MOTA;R. NELSON DA COSTA MELLO, S/ N
07/12/2023;14:25:26;2016;2;ELEIÇÃO ORDINÁRIA;1;220;ELEIÇÕES MUNICIPAIS 2016;02/10/2016;M;ES;56057;ALFREDO CHAVES;56057;ALFREDO CHAVES;12;6;13;VEREADOR;15311;NARCISO DE ABREU GRASSI;19;1023;80000001679;EEEFM CAMILA MOTA;R. NELSON DA COSTA MELLO, S/ N
07/12/2023;14:25:26;2016;2;ELEIÇÃO ORDINÁRIA;1;220;ELEIÇÕES MUNICIPAIS 2016;02/10/2016;M;ES;56057;ALFREDO CHAVES;56057;ALFREDO CHAVES;12;6;13;VEREADOR;23666;PAULO MUNALDI;15;1023;80000001680;EEEFM CAMILA MOTA;R. NELSON DA COSTA MELLO, S/ N
07/12/2023;14:25:26;2016;2;ELEIÇÃO ORDINÁRIA;1;220;ELEIÇÕES MUNICIPAIS 2016;02/10/2016;M;ES;56057;ALFREDO CHAVES;56057;ALFREDO CHAVES;12;6;11;PREFEITO;96;VOTO NULO;11;1023;-1;EEEFM CAMILA MOTA;R. NELSON DA COSTA MELLO, S/ N
07/12/2023;14:25:26;2016;2;ELEIÇÃO ORDINÁRIA;1;220;ELEIÇÕES MUNICIPAIS 2016;02/10/2016;M;ES;56057;ALFREDO CHAVES;56057;ALFREDO CHAVES;12;6;13;VEREADOR;40400;DARCY MARCHIORI DE PAULA GAIGHER;15;1023;80000001025;EEEFM CAMILA MOTA;R. NELSON DA COSTA MELLO, S/ N
07/12/2023;14:25:26;2016;2;ELEIÇÃO ORDINÁRIA;1;220;ELEIÇÕES MUNICIPAIS 2016;02/10/2016;M;ES;56057;ALFREDO CHAVES;56057;ALFREDO CHAVES;12;6;13;VEREADOR;45123;EDIMAR VANELI;1;1023;80000001040;EEEFM CAMILA MOTA;R. NELSON DA COSTA MELLO, S/ N
07/12/2023;14:25:26;2016;2;ELEIÇÃO ORDINÁRIA;1;220;ELEIÇÕES MUNICIPAIS 2016;02/10/2016;M;ES;56057;ALFREDO CHAVES;56057;ALFREDO CHAVES;12;6;11;PREFEITO;95;VOTO BRANCO;1;1023;-1;EEEFM CAMILA MOTA;R. NELSON DA COSTA MELLO, S/ N
07/12/2023;14:25:26;2016;2;ELEIÇÃO ORDINÁRIA;1;220;ELEIÇÕES MUNICIPAIS 2016;02/10/2016;M;ES;56057;ALFREDO CHAVES;56057;ALFREDO CHAVES;12;6;13;VEREADOR;40321;GILSON LUIZ BELLON;1;1023;80000001031;EEEFM CAMILA MOTA;R. NELSON DA COSTA MELLO, S/ N
07/12/2023;14:25:26;2016;2;ELEIÇÃO ORDINÁRIA;1;220;ELEIÇÕES MUNICIPAIS 2016;02/10/2016;M;ES;56057;ALFREDO CHAVES;56057;ALFREDO CHAVES;12;6;13;VEREADOR;40444;PASCOAL GARCIA MARTINS;6;1023;80000001038;EEEFM CAMILA MOTA;R. NELSON DA COSTA MELLO, S/ N
07/12/2023;14:25:26;2016;2;ELEIÇÃO ORDINÁRIA;1;220;ELEIÇÕES MUNICIPAIS 2016;02/10/2016;M;ES;56057;ALFREDO CHAVES;56057;ALFREDO CHAVES;12;6;13;VEREADOR;40777;MARINALVA ALVES DA SILVA;1;1023;80000001027;EEEFM CAMILA MOTA;R. NELSON DA COSTA MELLO, S/ N
07/12/2023;14:25:26;2016;2;ELEIÇÃO ORDINÁRIA;1;220;ELEIÇÕES MUNICIPAIS 2016;02/10/2016;M;ES;56057;ALFREDO CHAVES;56057;ALFREDO CHAVES;12;6;13;VEREADOR;13610;NILSON HONORATO VANELI;1;1023;80000001650;EEEFM CAMILA MOTA;R. NELSON DA COSTA MELLO, S/ N
07/12/2023;14:25:26;2016;2;ELEIÇÃO ORDINÁRIA;1;220;ELEIÇÕES MUNICIPAIS 2016;02/10/2016;M;ES;56057;ALFREDO CHAVES;56057;ALFREDO CHAVES;12;6;13;VEREADOR;11964;MARIA MAGDALENA NASCIMENTO;1;1023;80000001045;EEEFM CAMILA MOTA;R. NELSON DA COSTA MELLO, S/ N
07/12/2023;14:25:26;2016;2;ELEIÇÃO ORDINÁRIA;1;220;ELEIÇÕES MUNICIPAIS 2016;02/10/2016;M;ES;56057;ALFREDO CHAVES;56057;ALFREDO CHAVES;12;6;13;VEREADOR;11555;MARIA DOS ANJOS GAIGHER DE PAULA;1;1023;80000001044;EEEFM CAMILA MOTA;R. NELSON DA COSTA MELLO, S/ N
07/12/2023;14:25:26;2016;2;ELEIÇÃO ORDINÁRIA;1;220;ELEIÇÕES MUNICIPAIS 2016;02/10/2016;M;ES;56057;ALFREDO CHAVES;56057;ALFREDO CHAVES;12;6;13;VEREADOR;90000;DULCIANE BRUNORO ESTEVES;1;1023;80000001022;EEEFM CAMILA MOTA;R. NELSON DA COSTA MELLO, S/ N
07/12/2023;14:25:26;2016;2;ELEIÇÃO ORDINÁRIA;1;220;ELEIÇÕES MUNICIPAIS 2016;02/10/2016;M;ES;56057;ALFREDO CHAVES;56057;ALFREDO CHAVES;12;6;13;VEREADOR;51200;ANTONIETA PETRI;1;1023;80000001649;EEEFM CAMILA MOTA;R. NELSON DA COSTA MELLO, S/ N
07/12/2023;14:25:26;2016;2;ELEIÇÃO ORDINÁRIA;1;220;ELEIÇÕES MUNICIPAIS 2016;02/10/2016;M;ES;56057;ALFREDO CHAVES;56057;ALFREDO CHAVES;12;6;13;VEREADOR;96;VOTO NULO;3;1023;-1;EEEFM CAMILA MOTA;R. NELSON DA COSTA MELLO, S/ N
07/12/2023;14:25:26;2016;2;ELEIÇÃO ORDINÁRIA;1;220;ELEIÇÕES MUNICIPAIS 2016;02/10/2016;M;ES;56057;ALFREDO CHAVES;56057;ALFREDO CHAVES;12;6;13;VEREADOR;18123;ERVAN CESAR;1;1023;80000001644;EEEFM CAMILA MOTA;R. NELSON DA COSTA MELLO, S/ N
07/12/2023;14:25:26;2016;2;ELEIÇÃO ORDINÁRIA;1;220;ELEIÇÕES MUNICIPAIS 2016;02/10/2016;M;ES;56057;ALFREDO CHAVES;56057;ALFREDO CHAVES;12;6;13;VEREADOR;45000;JONAS NUNES SIMÕES;27;1023;80000001041;EEEFM CAMILA MOTA;R. NELSON DA COSTA MELLO, S/ N
07/12/2023;14:25:26;2016;2;ELEIÇÃO ORDINÁRIA;1;220;ELEIÇÕES MUNICIPAIS 2016;02/10/2016;M;ES;56057;ALFREDO CHAVES;56057;ALFREDO CHAVES;12;6;13;VEREADOR;55000;SERGIO BIANCHI;10;1023;80000001684;EEEFM CAMILA MOTA;R. NELSON DA COSTA MELLO, S/ N
07/12/2023;14:25:26;2016;2;ELEIÇÃO ORDINÁRIA;1;220;ELEIÇÕES MUNICIPAIS 2016;02/10/2016;M;ES;56057;ALFREDO CHAVES;56057;ALFREDO CHAVES;12;6;13;VEREADOR;40333;JAQUELINE FRANZOTTI DA SILVA;3;1023;80000001032;EEEFM CAMILA MOTA;R. NELSON DA COSTA MELLO, S/ N
07/12/2023;14:25:26;2016;2;ELEIÇÃO ORDINÁRIA;1;220;ELEIÇÕES MUNICIPAIS 2016;02/10/2016;M;ES;56057;ALFREDO CHAVES;56057;ALFREDO CHAVES;12;6;13;VEREADOR;25000;JANE CASTEGLIONE BETTCHER;11;1023;80000001642;EEEFM CAMILA MOTA;R. NELSON DA COSTA MELLO, S/ N
07/12/2023;14:25:26;2016;2;ELEIÇÃO ORDINÁRIA;1;220;ELEIÇÕES MUNICIPAIS 2016;02/10/2016;M;ES;56057;ALFREDO CHAVES;56057;ALFREDO CHAVES;12;6;13;VEREADOR;15666;ROGERIO FRANZOTTI;1;1023;80000001682;EEEFM CAMILA MOTA;R. NELSON DA COSTA MELLO, S/ N
07/12/2023;14:25:26;2016;2;ELEIÇÃO ORDINÁRIA;1;220;ELEIÇÕES MUNICIPAIS 2016;02/10/2016;M;ES;56057;ALFREDO CHAVES;56057;ALFREDO CHAVES;12;6;13;VEREADOR;23612;ANDRÉ SARTORI;18;1023;80000001669;EEEFM CAMILA MOTA;R. NELSON DA COSTA MELLO, S/ N
07/12/2023;14:25:26;2016;2;ELEIÇÃO ORDINÁRIA;1;220;ELEIÇÕES MUNICIPAIS 2016;02/10/2016;M;ES;56057;ALFREDO CHAVES;56057;ALFREDO CHAVES;12;6;13;VEREADOR;23123;CÁSSIO COMINOTTI DO NASCIMENTO;6;1023;80000001671;EEEFM CAMILA MOTA;R. NELSON DA COSTA MELLO, S/ N
07/12/2023;14:25:26;2016;2;ELEIÇÃO ORDINÁRIA;1;220;ELEIÇÕES MUNICIPAIS 2016;02/10/2016;M;ES;56057;ALFREDO CHAVES;56057;ALFREDO CHAVES;12;6;13;VEREADOR;11000;ROSANA MARIA CARDOSO TAVARES;2;1023;80000001047;EEEFM CAMILA MOTA;R. NELSON DA COSTA MELLO, S/ N
07/12/2023;14:25:26;2016;2;ELEIÇÃO ORDINÁRIA;1;220;ELEIÇÕES MUNICIPAIS 2016;02/10/2016;M;ES;56057;ALFREDO CHAVES;56057;ALFREDO CHAVES;12;17;13;VEREADOR;13123;JOSÉ DOMINGOS GOTTARDO;25;1090;80000001647;EPSG FELIPE MODOLO;R. PRINCIPAL, S/ N
07/12/2023;14:25:26;2016;2;ELEIÇÃO ORDINÁRIA;1;220;ELEIÇÕES MUNICIPAIS 2016;02/10/2016;M;ES;56057;ALFREDO CHAVES;56057;ALFREDO CHAVES;12;17;13;VEREADOR;19000;ITAGIBA AUGUSTO VIANA MATTOS;3;1090;80000001055;EPSG FELIPE MODOLO;R. PRINCIPAL, S/ N
07/12/2023;14:25:26;2016;2;ELEIÇÃO ORDINÁRIA;1;220;ELEIÇÕES MUNICIPAIS 2016;02/10/2016;M;ES;56057;ALFREDO CHAVES;56057;ALFREDO CHAVES;12;17;13;VEREADOR;40789;ADILSON JOSE ROVETA;1;1090;80000001028;EPSG FELIPE MODOLO;R. PRINCIPAL, S/ N
07/12/2023;14:25:26;2016;2;ELEIÇÃO ORDINÁRIA;1;220;ELEIÇÕES MUNICIPAIS 2016;02/10/2016;M;ES;56057;ALFREDO CHAVES;56057;ALFREDO CHAVES;12;17;11;PREFEITO;40;FERNANDO VIDEIRA LAFAYETTE;104;1090;80000001058;EPSG FELIPE MODOLO;R. PRINCIPAL, S/ N
07/12/2023;14:25:26;2016;2;ELEIÇÃO ORDINÁRIA;1;220;ELEIÇÕES MUNICIPAIS 2016;02/10/2016;M;ES;56057;ALFREDO CHAVES;56057;ALFREDO CHAVES;12;17;13;VEREADOR;15555;HELENA MARIA FIORIN FAVERO;5;1090;80000001677;EPSG FELIPE MODOLO;R. PRINCIPAL, S/ N
07/12/2023;14:25:26;2016;2;ELEIÇÃO ORDINÁRIA;1;220;ELEIÇÕES MUNICIPAIS 2016;02/10/2016;M;ES;56057;ALFREDO CHAVES;56057;ALFREDO CHAVES;12;17;13;VEREADOR;23333;RENATO CARDOSO;1;1090;80000001681;EPSG FELIPE MODOLO;R. PRINCIPAL, S/ N
07/12/2023;14:25:26;2016;2;ELEIÇÃO ORDINÁRIA;1;220;ELEIÇÕES MUNICIPAIS 2016;02/10/2016;M;ES;56057;ALFREDO CHAVES;56057;ALFREDO CHAVES;12;17;13;VEREADOR;40456;SERAFINO ANTÔNIO SIMONI;4;1090;80000001024;EPSG FELIPE MODOLO;R. PRINCIPAL, S/ N
07/12/2023;14:25:26;2016;2;ELEIÇÃO ORDINÁRIA;1;220;ELEIÇÕES MUNICIPAIS 2016;02/10/2016;M;ES;56057;ALFREDO CHAVES;56057;ALFREDO CHAVES;12;17;13;VEREADOR;15000;DANIEL ORLANDI;17;1090;80000001672;EPSG FELIPE MODOLO;R. PRINCIPAL, S/ N
07/12/2023;14:25:26;2016;2;ELEIÇÃO ORDINÁRIA;1;220;ELEIÇÕES MUNICIPAIS 2016;02/10/2016;M;ES;56057;ALFREDO CHAVES;56057;ALFREDO CHAVES;12;17;13;VEREADOR;22222;JOAO LUIZ MONTEIRO;1;1090;80000001054;EPSG FELIPE MODOLO;R. PRINCIPAL, S/ N
07/12/2023;14:25:26;2016;2;ELEIÇÃO ORDINÁRIA;1;220;ELEIÇÕES MUNICIPAIS 2016;02/10/2016;M;ES;56057;ALFREDO CHAVES;56057;ALFREDO CHAVES;12;17;13;VEREADOR;20789;JOSE MARIO DE ANDRADE FERREIRA;2;1090;80000001052;EPSG FELIPE MODOLO;R. PRINCIPAL, S/ N
07/12/2023;14:25:26;2016;2;ELEIÇÃO ORDINÁRIA;1;220;ELEIÇÕES MUNICIPAIS 2016;02/10/2016;M;ES;56057;ALFREDO CHAVES;56057;ALFREDO CHAVES;12;17;13;VEREADOR;15311;NARCISO DE ABREU GRASSI;20;1090;80000001679;EPSG FELIPE MODOLO;R. PRINCIPAL, S/ N
07/12/2023;14:25:26;2016;2;ELEIÇÃO ORDINÁRIA;1;220;ELEIÇÕES MUNICIPAIS 2016;02/10/2016;M;ES;56057;ALFREDO CHAVES;56057;ALFREDO CHAVES;12;17;13;VEREADOR;20123;IZAEL FERREIRA;1;1090;80000001051;EPSG FELIPE MODOLO;R. PRINCIPAL, S/ N
07/12/2023;14:25:26;2016;2;ELEIÇÃO ORDINÁRIA;1;220;ELEIÇÕES MUNICIPAIS 2016;02/10/2016;M;ES;56057;ALFREDO CHAVES;56057;ALFREDO CHAVES;12;17;13;VEREADOR;23666;PAULO MUNALDI;6;1090;80000001680;EPSG FELIPE MODOLO;R. PRINCIPAL, S/ N
07/12/2023;14:25:26;2016;2;ELEIÇÃO ORDINÁRIA;1;220;ELEIÇÕES MUNICIPAIS 2016;02/10/2016;M;ES;56057;ALFREDO CHAVES;56057;ALFREDO CHAVES;12;17;11;PREFEITO;96;VOTO NULO;11;1090;-1;EPSG FELIPE MODOLO;R. PRINCIPAL, S/ N
07/12/2023;14:25:26;2016;2;ELEIÇÃO ORDINÁRIA;1;220;ELEIÇÕES MUNICIPAIS 2016;02/10/2016;M;ES;56057;ALFREDO CHAVES;56057;ALFREDO CHAVES;12;17;13;VEREADOR;40400;DARCY MARCHIORI DE PAULA GAIGHER;7;1090;80000001025;EPSG FELIPE MODOLO;R. PRINCIPAL, S/ N
07/12/2023;14:25:26;2016;2;ELEIÇÃO ORDINÁRIA;1;220;ELEIÇÕES MUNICIPAIS 2016;02/10/2016;M;ES;56057;ALFREDO CHAVES;56057;ALFREDO CHAVES;12;17;11;PREFEITO;95;VOTO BRANCO;7;1090;-1;EPSG FELIPE MODOLO;R. PRINCIPAL, S/ N
07/12/2023;14:25:26;2016;2;ELEIÇÃO ORDINÁRIA;1;220;ELEIÇÕES MUNICIPAIS 2016;02/10/2016;M;ES;56057;ALFREDO CHAVES;56057;ALFREDO CHAVES;12;17;13;VEREADOR;40321;GILSON LUIZ BELLON;57;1090;80000001031;EPSG FELIPE MODOLO;R. PRINCIPAL, S/ N
07/12/2023;14:25:26;2016;2;ELEIÇÃO ORDINÁRIA;1;220;ELEIÇÕES MUNICIPAIS 2016;02/10/2016;M;ES;56057;ALFREDO CHAVES;56057;ALFREDO CHAVES;12;17;13;VEREADOR;96;VOTO NULO;9;1090;-1;EPSG FELIPE MODOLO;R. PRINCIPAL, S/ N
07/12/2023;14:25:26;2016;2;ELEIÇÃO ORDINÁRIA;1;220;ELEIÇÕES MUNICIPAIS 2016;02/10/2016;M;ES;56057;ALFREDO CHAVES;56057;ALFREDO CHAVES;12;17;13;VEREADOR;45000;JONAS NUNES SIMÕES;2;1090;80000001041;EPSG FELIPE MODOLO;R. PRINCIPAL, S/ N
07/12/2023;14:25:26;2016;2;ELEIÇÃO ORDINÁRIA;1;220;ELEIÇÕES MUNICIPAIS 2016;02/10/2016;M;ES;56057;ALFREDO CHAVES;56057;ALFREDO CHAVES;12;17;13;VEREADOR;55000;SERGIO BIANCHI;1;1090;80000001684;EPSG FELIPE MODOLO;R. PRINCIPAL, S/ N
07/12/2023;14:25:26;2016;2;ELEIÇÃO ORDINÁRIA;1;220;ELEIÇÕES MUNICIPAIS 2016;02/10/2016;M;ES;56057;ALFREDO CHAVES;56057;ALFREDO CHAVES;12;17;13;VEREADOR;15666;ROGERIO FRANZOTTI;34;1090;80000001682;EPSG FELIPE MODOLO;R. PRINCIPAL, S/ N
07/12/2023;14:25:26;2016;2;ELEIÇÃO ORDINÁRIA;1;220;ELEIÇÕES MUNICIPAIS 2016;02/10/2016;M;ES;56057;ALFREDO CHAVES;56057;ALFREDO CHAVES;12;17;13;VEREADOR;23612;ANDRÉ SARTORI;16;1090;80000001669;EPSG FELIPE MODOLO;R. PRINCIPAL, S/ N
07/12/2023;14:25:26;2016;2;ELEIÇÃO ORDINÁRIA;1;220;ELEIÇÕES MUNICIPAIS 2016;02/10/2016;M;ES;56057;ALFREDO CHAVES;56057;ALFREDO CHAVES;12;17;13;VEREADOR;23123;CÁSSIO COMINOTTI DO NASCIMENTO;1;1090;80000001671;EPSG FELIPE MODOLO;R. PRINCIPAL, S/ N
07/12/2023;14:25:26;2016;2;ELEIÇÃO ORDINÁRIA;1;220;ELEIÇÕES MUNICIPAIS 2016;02/10/2016;M;ES;56057;ALFREDO CHAVES;56057;ALFREDO CHAVES;12;17;13;VEREADOR;40000;NILTON CESAR BELMOK;7;1090;80000001037;EPSG FELIPE MODOLO;R. PRINCIPAL, S/ N
07/12/2023;14:25:26;2016;2;ELEIÇÃO ORDINÁRIA;1;220;ELEIÇÕES MUNICIPAIS 2016;02/10/2016;M;ES;56057;ALFREDO CHAVES;56057;ALFREDO CHAVES;12;17;13;VEREADOR;11123;PRIMO ARMELINDO BERGAMI;3;1090;80000001046;EPSG FELIPE MODOLO;R. PRINCIPAL, S/ N
07/12/2023;14:25:26;2016;2;ELEIÇÃO ORDINÁRIA;1;220;ELEIÇÕES MUNICIPAIS 2016;02/10/2016;M;ES;56057;ALFREDO CHAVES;56057;ALFREDO CHAVES;12;17;13;VEREADOR;11111;AMELIA DUARTE BEZERRA;1;1090;80000001043;EPSG FELIPE MODOLO;R. PRINCIPAL, S/ N
07/12/2023;14:25:26;2016;2;ELEIÇÃO ORDINÁRIA;1;220;ELEIÇÕES MUNICIPAIS 2016;02/10/2016;M;ES;56057;ALFREDO CHAVES;56057;ALFREDO CHAVES;12;17;13;VEREADOR;12345;ARMANDO ZANATA INGLE RIBEIRO;13;1090;80000001643;EPSG FELIPE MODOLO;R. PRINCIPAL, S/ N
07/12/2023;14:25:26;2016;2;ELEIÇÃO ORDINÁRIA;1;220;ELEIÇÕES MUNICIPAIS 2016;02/10/2016;M;ES;56057;ALFREDO CHAVES;56057;ALFREDO CHAVES;12;17;13;VEREADOR;51234;SIMÃO LOPES DOS SANTOS;7;1090;80000001645;EPSG FELIPE MODOLO;R. PRINCIPAL, S/ N
07/12/2023;14:25:26;2016;2;ELEIÇÃO ORDINÁRIA;1;220;ELEIÇÕES MUNICIPAIS 2016;02/10/2016;M;ES;56057;ALFREDO CHAVES;56057;ALFREDO CHAVES;12;17;13;VEREADOR;40119;RENATA DA SILVA PRATES;1;1090;80000001039;EPSG FELIPE MODOLO;R. PRINCIPAL, S/ N
07/12/2023;14:25:26;2016;2;ELEIÇÃO ORDINÁRIA;1;220;ELEIÇÕES MUNICIPAIS 2016;02/10/2016;M;ES;56057;ALFREDO CHAVES;56057;ALFREDO CHAVES;12;17;11;PREFEITO;15;RONALDO BIANCHI;154;1090;80000003215;EPSG FELIPE MODOLO;R. PRINCIPAL, S/ N
07/12/2023;14:25:26;2016;2;ELEIÇÃO ORDINÁRIA;1;220;ELEIÇÕES MUNICIPAIS 2016;02/10/2016;M;ES;56057;ALFREDO CHAVES;56057;ALFREDO CHAVES;12;17;13;VEREADOR;51000;JACINTA LUCIA SCARPARO;2;1090;80000001646;EPSG FELIPE MODOLO;R. PRINCIPAL, S/ N
07/12/2023;14:25:26;2016;2;ELEIÇÃO ORDINÁRIA;1;220;ELEIÇÕES MUNICIPAIS 2016;02/10/2016;M;ES;56057;ALFREDO CHAVES;56057;ALFREDO CHAVES;12;17;13;VEREADOR;40111;CHARLES GAIGHER;16;1090;80000001030;EPSG FELIPE MODOLO;R. PRINCIPAL, S/ N
07/12/2023;14:25:26;2016;2;ELEIÇÃO ORDINÁRIA;1;220;ELEIÇÕES MUNICIPAIS 2016;02/10/2016;M;ES;56057;ALFREDO CHAVES;56057;ALFREDO CHAVES;12;17;13;VEREADOR;15100;JOSÉ MANOEL RODRIGUES FERREIRA;1;1090;80000001678;EPSG FELIPE MODOLO;R. PRINCIPAL, S/ N
07/12/2023;14:25:26;2016;2;ELEIÇÃO ORDINÁRIA;1;220;ELEIÇÕES MUNICIPAIS 2016;02/10/2016;M;ES;56057;ALFREDO CHAVES;56057;ALFREDO CHAVES;12;17;13;VEREADOR;95;VOTO BRANCO;4;1090;-1;EPSG FELIPE MODOLO;R. PRINCIPAL, S/ N
07/12/2023;14:25:26;2016;2;ELEIÇÃO ORDINÁRIA;1;220;ELEIÇÕES MUNICIPAIS 2016;02/10/2016;M;ES;56057;ALFREDO CHAVES;56057;ALFREDO CHAVES;12;11;13;VEREADOR;96;VOTO NULO;2;1040;-1;EEEF DE CRUBIXÁ;R. PRINCIPAL, S/ Nº
07/12/2023;14:25:26;2016;2;ELEIÇÃO ORDINÁRIA;1;220;ELEIÇÕES MUNICIPAIS 2016;02/10/2016;M;ES;56057;ALFREDO CHAVES;56057;ALFREDO CHAVES;12;11;13;VEREADOR;45000;JONAS NUNES SIMÕES;21;1040;80000001041;EEEF DE CRUBIXÁ;R. PRINCIPAL, S/ Nº
07/12/2023;14:25:26;2016;2;ELEIÇÃO ORDINÁRIA;1;220;ELEIÇÕES MUNICIPAIS 2016;02/10/2016;M;ES;56057;ALFREDO CHAVES;56057;ALFREDO CHAVES;12;11;13;VEREADOR;55000;SERGIO BIANCHI;4;1040;80000001684;EEEF DE CRUBIXÁ;R. PRINCIPAL, S/ Nº
07/12/2023;14:25:26;2016;2;ELEIÇÃO ORDINÁRIA;1;220;ELEIÇÕES MUNICIPAIS 2016;02/10/2016;M;ES;56057;ALFREDO CHAVES;56057;ALFREDO CHAVES;12;11;13;VEREADOR;25000;JANE CASTEGLIONE BETTCHER;1;1040;80000001642;EEEF DE CRUBIXÁ;R. PRINCIPAL, S/ Nº
07/12/2023;14:25:26;2016;2;ELEIÇÃO ORDINÁRIA;1;220;ELEIÇÕES MUNICIPAIS 2016;02/10/2016;M;ES;56057;ALFREDO CHAVES;56057;ALFREDO CHAVES;12;11;13;VEREADOR;15666;ROGERIO FRANZOTTI;1;1040;80000001682;EEEF DE CRUBIXÁ;R. PRINCIPAL, S/ Nº
07/12/2023;14:25:26;2016;2;ELEIÇÃO ORDINÁRIA;1;220;ELEIÇÕES MUNICIPAIS 2016;02/10/2016;M;ES;56057;ALFREDO CHAVES;56057;ALFREDO CHAVES;12;11;13;VEREADOR;23612;ANDRÉ SARTORI;14;1040;80000001669;EEEF DE CRUBIXÁ;R. PRINCIPAL, S/ Nº
07/12/2023;14:25:26;2016;2;ELEIÇÃO ORDINÁRIA;1;220;ELEIÇÕES MUNICIPAIS 2016;02/10/2016;M;ES;56057;ALFREDO CHAVES;56057;ALFREDO CHAVES;12;11;13;VEREADOR;23123;CÁSSIO COMINOTTI DO NASCIMENTO;1;1040;80000001671;EEEF DE CRUBIXÁ;R. PRINCIPAL, S/ Nº
07/12/2023;14:25:26;2016;2;ELEIÇÃO ORDINÁRIA;1;220;ELEIÇÕES MUNICIPAIS 2016;02/10/2016;M;ES;56057;ALFREDO CHAVES;56057;ALFREDO CHAVES;12;11;13;VEREADOR;33333;ELTON ANTERIO CARDOSO BISI;2;1040;80000001023;EEEF DE CRUBIXÁ;R. PRINCIPAL, S/ Nº
07/12/2023;14:25:26;2016;2;ELEIÇÃO ORDINÁRIA;1;220;ELEIÇÕES MUNICIPAIS 2016;02/10/2016;M;ES;56057;ALFREDO CHAVES;56057;ALFREDO CHAVES;12;11;13;VEREADOR;40000;NILTON CESAR BELMOK;7;1040;80000001037;EEEF DE CRUBIXÁ;R. PRINCIPAL, S/ Nº
07/12/2023;14:25:26;2016;2;ELEIÇÃO ORDINÁRIA;1;220;ELEIÇÕES MUNICIPAIS 2016;02/10/2016;M;ES;56057;ALFREDO CHAVES;56057;ALFREDO CHAVES;12;11;13;VEREADOR;11123;PRIMO ARMELINDO BERGAMI;62;1040;80000001046;EEEF DE CRUBIXÁ;R. PRINCIPAL, S/ Nº
07/12/2023;14:25:26;2016;2;ELEIÇÃO ORDINÁRIA;1;220;ELEIÇÕES MUNICIPAIS 2016;02/10/2016;M;ES;56057;ALFREDO CHAVES;56057;ALFREDO CHAVES;12;11;13;VEREADOR;12345;ARMANDO ZANATA INGLE RIBEIRO;6;1040;80000001643;EEEF DE CRUBIXÁ;R. PRINCIPAL, S/ Nº
07/12/2023;14:25:26;2016;2;ELEIÇÃO ORDINÁRIA;1;220;ELEIÇÕES MUNICIPAIS 2016;02/10/2016;M;ES;56057;ALFREDO CHAVES;56057;ALFREDO CHAVES;12;11;11;PREFEITO;15;RONALDO BIANCHI;98;1040;80000003215;EEEF DE CRUBIXÁ;R. PRINCIPAL, S/ Nº
07/12/2023;14:25:26;2016;2;ELEIÇÃO ORDINÁRIA;1;220;ELEIÇÕES MUNICIPAIS 2016;02/10/2016;M;ES;56057;ALFREDO CHAVES;56057;ALFREDO CHAVES;12;11;13;VEREADOR;51000;JACINTA LUCIA SCARPARO;27;1040;80000001646;EEEF DE CRUBIXÁ;R. PRINCIPAL, S/ Nº
07/12/2023;14:25:26;2016;2;ELEIÇÃO ORDINÁRIA;1;220;ELEIÇÕES MUNICIPAIS 2016;02/10/2016;M;ES;56057;ALFREDO CHAVES;56057;ALFREDO CHAVES;12;11;13;VEREADOR;40111;CHARLES GAIGHER;33;1040;80000001030;EEEF DE CRUBIXÁ;R. PRINCIPAL, S/ Nº
07/12/2023;14:25:26;2016;2;ELEIÇÃO ORDINÁRIA;1;220;ELEIÇÕES MUNICIPAIS 2016;02/10/2016;M;ES;56057;ALFREDO CHAVES;56057;ALFREDO CHAVES;12;11;13;VEREADOR;95;VOTO BRANCO;6;1040;-1;EEEF DE CRUBIXÁ;R. PRINCIPAL, S/ Nº
07/12/2023;14:25:26;2016;2;ELEIÇÃO ORDINÁRIA;1;220;ELEIÇÕES MUNICIPAIS 2016;02/10/2016;M;ES;56057;ALFREDO CHAVES;56057;ALFREDO CHAVES;12;16;13;VEREADOR;13123;JOSÉ DOMINGOS GOTTARDO;2;1082;80000001647;EMEF ALMERINDA BRUNORO;R. PRINCIPAL, S/ N
07/12/2023;14:25:26;2016;2;ELEIÇÃO ORDINÁRIA;1;220;ELEIÇÕES MUNICIPAIS 2016;02/10/2016;M;ES;56057;ALFREDO CHAVES;56057;ALFREDO CHAVES;12;16;11;PREFEITO;40;FERNANDO VIDEIRA LAFAYETTE;93;1082;80000001058;EMEF ALMERINDA BRUNORO;R. PRINCIPAL, S/ N
07/12/2023;14:25:26;2016;2;ELEIÇÃO ORDINÁRIA;1;220;ELEIÇÕES MUNICIPAIS 2016;02/10/2016;M;ES;56057;ALFREDO CHAVES;56057;ALFREDO CHAVES;12;16;13;VEREADOR;40456;SERAFINO ANTÔNIO SIMONI;5;1082;80000001024;EMEF ALMERINDA BRUNORO;R. PRINCIPAL, S/ N
07/12/2023;14:25:26;2016;2;ELEIÇÃO ORDINÁRIA;1;220;ELEIÇÕES MUNICIPAIS 2016;02/10/2016;M;ES;56057;ALFREDO CHAVES;56057;ALFREDO CHAVES;12;16;13;VEREADOR;15000;DANIEL ORLANDI;50;1082;80000001672;EMEF ALMERINDA BRUNORO;R. PRINCIPAL, S/ N
07/12/2023;14:25:26;2016;2;ELEIÇÃO ORDINÁRIA;1;220;ELEIÇÕES MUNICIPAIS 2016;02/10/2016;M;ES;56057;ALFREDO CHAVES;56057;ALFREDO CHAVES;12;16;13;VEREADOR;22222;JOAO LUIZ MONTEIRO;1;1082;80000001054;EMEF ALMERINDA BRUNORO;R. PRINCIPAL, S/ N
07/12/2023;14:25:26;2016;2;ELEIÇÃO ORDINÁRIA;1;220;ELEIÇÕES MUNICIPAIS 2016;02/10/2016;M;ES;56057;ALFREDO CHAVES;56057;ALFREDO CHAVES;12;16;13;VEREADOR;23111;FERNANDO ALVES;1;1082;80000001675;EMEF ALMERINDA BRUNORO;R. PRINCIPAL, S/ N
07/12/2023;14:25:26;2016;2;ELEIÇÃO ORDINÁRIA;1;220;ELEIÇÕES MUNICIPAIS 2016;02/10/2016;M;ES;56057;ALFREDO CHAVES;56057;ALFREDO CHAVES;12;16;13;VEREADOR;15311;NARCISO DE ABREU GRASSI;8;1082;80000001679;EMEF ALMERINDA BRUNORO;R. PRINCIPAL, S/ N
07/12/2023;14:25:26;2016;2;ELEIÇÃO ORDINÁRIA;1;220;ELEIÇÕES MUNICIPAIS 2016;02/10/2016;M;ES;56057;ALFREDO CHAVES;56057;ALFREDO CHAVES;12;16;13;VEREADOR;20123;IZAEL FERREIRA;1;1082;80000001051;EMEF ALMERINDA BRUNORO;R. PRINCIPAL, S/ N
07/12/2023;14:25:26;2016;2;ELEIÇÃO ORDINÁRIA;1;220;ELEIÇÕES MUNICIPAIS 2016;02/10/2016;M;ES;56057;ALFREDO CHAVES;56057;ALFREDO CHAVES;12;16;13;VEREADOR;23666;PAULO MUNALDI;3;1082;80000001680;EMEF ALMERINDA BRUNORO;R. PRINCIPAL, S/ N
07/12/2023;14:25:26;2016;2;ELEIÇÃO ORDINÁRIA;1;220;ELEIÇÕES MUNICIPAIS 2016;02/10/2016;M;ES;56057;ALFREDO CHAVES;56057;ALFREDO CHAVES;12;16;13;VEREADOR;40987;JOSIANE BOLDRINI;1;1082;80000001026;EMEF ALMERINDA BRUNORO;R. PRINCIPAL, S/ N
07/12/2023;14:25:26;2016;2;ELEIÇÃO ORDINÁRIA;1;220;ELEIÇÕES MUNICIPAIS 2016;02/10/2016;M;ES;56057;ALFREDO CHAVES;56057;ALFREDO CHAVES;12;16;13;VEREADOR;20333;MARCO ANTONIO MOZER;1;1082;80000001053;EMEF ALMERINDA BRUNORO;R. PRINCIPAL, S/ N
07/12/2023;14:25:26;2016;2;ELEIÇÃO ORDINÁRIA;1;220;ELEIÇÕES MUNICIPAIS 2016;02/10/2016;M;ES;56057;ALFREDO CHAVES;56057;ALFREDO CHAVES;12;16;11;PREFEITO;96;VOTO NULO;15;1082;-1;EMEF ALMERINDA BRUNORO;R. PRINCIPAL, S/ N
07/12/2023;14:25:26;2016;2;ELEIÇÃO ORDINÁRIA;1;220;ELEIÇÕES MUNICIPAIS 2016;02/10/2016;M;ES;56057;ALFREDO CHAVES;56057;ALFREDO CHAVES;12;16;13;VEREADOR;40400;DARCY MARCHIORI DE PAULA GAIGHER;9;1082;80000001025;EMEF ALMERINDA BRUNORO;R. PRINCIPAL, S/ N
07/12/2023;14:25:26;2016;2;ELEIÇÃO ORDINÁRIA;1;220;ELEIÇÕES MUNICIPAIS 2016;02/10/2016;M;ES;56057;ALFREDO CHAVES;56057;ALFREDO CHAVES;12;16;13;VEREADOR;45123;EDIMAR VANELI;1;1082;80000001040;EMEF ALMERINDA BRUNORO;R. PRINCIPAL, S/ N
07/12/2023;14:25:26;2016;2;ELEIÇÃO ORDINÁRIA;1;220;ELEIÇÕES MUNICIPAIS 2016;02/10/2016;M;ES;56057;ALFREDO CHAVES;56057;ALFREDO CHAVES;12;16;13;VEREADOR;40321;GILSON LUIZ BELLON;4;1082;80000001031;EMEF ALMERINDA BRUNORO;R. PRINCIPAL, S/ N
07/12/2023;14:25:26;2016;2;ELEIÇÃO ORDINÁRIA;1;220;ELEIÇÕES MUNICIPAIS 2016;02/10/2016;M;ES;56057;ALFREDO CHAVES;56057;ALFREDO CHAVES;12;16;13;VEREADOR;40444;PASCOAL GARCIA MARTINS;1;1082;80000001038;EMEF ALMERINDA BRUNORO;R. PRINCIPAL, S/ N
07/12/2023;14:25:26;2016;2;ELEIÇÃO ORDINÁRIA;1;220;ELEIÇÕES MUNICIPAIS 2016;02/10/2016;M;ES;56057;ALFREDO CHAVES;56057;ALFREDO CHAVES;12;16;11;PREFEITO;95;VOTO BRANCO;5;1082;-1;EMEF ALMERINDA BRUNORO;R. PRINCIPAL, S/ N
07/12/2023;14:25:26;2016;2;ELEIÇÃO ORDINÁRIA;1;220;ELEIÇÕES MUNICIPAIS 2016;02/10/2016;M;ES;56057;ALFREDO CHAVES;56057;ALFREDO CHAVES;12;16;13;VEREADOR;13610;NILSON HONORATO VANELI;1;1082;80000001650;EMEF ALMERINDA BRUNORO;R. PRINCIPAL, S/ N
07/12/2023;14:25:26;2016;2;ELEIÇÃO ORDINÁRIA;1;220;ELEIÇÕES MUNICIPAIS 2016;02/10/2016;M;ES;56057;ALFREDO CHAVES;56057;ALFREDO CHAVES;12;16;13;VEREADOR;40202;LAURO ALVES PEREIRA;3;1082;80000001034;EMEF ALMERINDA BRUNORO;R. PRINCIPAL, S/ N
07/12/2023;14:25:26;2016;2;ELEIÇÃO ORDINÁRIA;1;220;ELEIÇÕES MUNICIPAIS 2016;02/10/2016;M;ES;56057;ALFREDO CHAVES;56057;ALFREDO CHAVES;12;16;13;VEREADOR;40222;LUIZ JUNQUEIRA VIONEL;3;1082;80000001035;EMEF ALMERINDA BRUNORO;R. PRINCIPAL, S/ N
07/12/2023;14:25:26;2016;2;ELEIÇÃO ORDINÁRIA;1;220;ELEIÇÕES MUNICIPAIS 2016;02/10/2016;M;ES;56057;ALFREDO CHAVES;56057;ALFREDO CHAVES;12;16;13;VEREADOR;96;VOTO NULO;3;1082;-1;EMEF ALMERINDA BRUNORO;R. PRINCIPAL, S/ N
07/12/2023;14:25:26;2016;2;ELEIÇÃO ORDINÁRIA;1;220;ELEIÇÕES MUNICIPAIS 2016;02/10/2016;M;ES;56057;ALFREDO CHAVES;56057;ALFREDO CHAVES;12;16;13;VEREADOR;45000;JONAS NUNES SIMÕES;16;1082;80000001041;EMEF ALMERINDA BRUNORO;R. PRINCIPAL, S/ N
07/12/2023;14:25:26;2016;2;ELEIÇÃO ORDINÁRIA;1;220;ELEIÇÕES MUNICIPAIS 2016;02/10/2016;M;ES;56057;ALFREDO CHAVES;56057;ALFREDO CHAVES;12;16;13;VEREADOR;55000;SERGIO BIANCHI;2;1082;80000001684;EMEF ALMERINDA BRUNORO;R. PRINCIPAL, S/ N
07/12/2023;14:25:26;2016;2;ELEIÇÃO ORDINÁRIA;1;220;ELEIÇÕES MUNICIPAIS 2016;02/10/2016;M;ES;56057;ALFREDO CHAVES;56057;ALFREDO CHAVES;12;16;13;VEREADOR;40333;JAQUELINE FRANZOTTI DA SILVA;1;1082;80000001032;EMEF ALMERINDA BRUNORO;R. PRINCIPAL, S/ N
07/12/2023;14:25:26;2016;2;ELEIÇÃO ORDINÁRIA;1;220;ELEIÇÕES MUNICIPAIS 2016;02/10/2016;M;ES;56057;ALFREDO CHAVES;56057;ALFREDO CHAVES;12;16;13;VEREADOR;25000;JANE CASTEGLIONE BETTCHER;10;1082;80000001642;EMEF ALMERINDA BRUNORO;R. PRINCIPAL, S/ N
07/12/2023;14:25:26;2016;2;ELEIÇÃO ORDINÁRIA;1;220;ELEIÇÕES MUNICIPAIS 2016;02/10/2016;M;ES;56057;ALFREDO CHAVES;56057;ALFREDO CHAVES;12;16;13;VEREADOR;15666;ROGERIO FRANZOTTI;1;1082;80000001682;EMEF ALMERINDA BRUNORO;R. PRINCIPAL, S/ N
07/12/2023;14:25:26;2016;2;ELEIÇÃO ORDINÁRIA;1;220;ELEIÇÕES MUNICIPAIS 2016;02/10/2016;M;ES;56057;ALFREDO CHAVES;56057;ALFREDO CHAVES;12;16;13;VEREADOR;23612;ANDRÉ SARTORI;22;1082;80000001669;EMEF ALMERINDA BRUNORO;R. PRINCIPAL, S/ N
07/12/2023;14:25:26;2016;2;ELEIÇÃO ORDINÁRIA;1;220;ELEIÇÕES MUNICIPAIS 2016;02/10/2016;M;ES;56057;ALFREDO CHAVES;56057;ALFREDO CHAVES;12;16;13;VEREADOR;23123;CÁSSIO COMINOTTI DO NASCIMENTO;1;1082;80000001671;EMEF ALMERINDA BRUNORO;R. PRINCIPAL, S/ N
07/12/2023;14:25:26;2016;2;ELEIÇÃO ORDINÁRIA;1;220;ELEIÇÕES MUNICIPAIS 2016;02/10/2016;M;ES;56057;ALFREDO CHAVES;56057;ALFREDO CHAVES;12;16;13;VEREADOR;33333;ELTON ANTERIO CARDOSO BISI;9;1082;80000001023;EMEF ALMERINDA BRUNORO;R. PRINCIPAL, S/ N
07/12/2023;14:25:26;2016;2;ELEIÇÃO ORDINÁRIA;1;220;ELEIÇÕES MUNICIPAIS 2016;02/10/2016;M;ES;56057;ALFREDO CHAVES;56057;ALFREDO CHAVES;12;16;13;VEREADOR;40000;NILTON CESAR BELMOK;11;1082;80000001037;EMEF ALMERINDA BRUNORO;R. PRINCIPAL, S/ N
07/12/2023;14:25:26;2016;2;ELEIÇÃO ORDINÁRIA;1;220;ELEIÇÕES MUNICIPAIS 2016;02/10/2016;M;ES;56057;ALFREDO CHAVES;56057;ALFREDO CHAVES;12;16;13;VEREADOR;20000;GENECI LUIZ DOS SANTOS;2;1082;80000001050;EMEF ALMERINDA BRUNORO;R. PRINCIPAL, S/ N
07/12/2023;14:25:26;2016;2;ELEIÇÃO ORDINÁRIA;1;220;ELEIÇÕES MUNICIPAIS 2016;02/10/2016;M;ES;56057;ALFREDO CHAVES;56057;ALFREDO CHAVES;12;16;13;VEREADOR;11123;PRIMO ARMELINDO BERGAMI;15;1082;80000001046;EMEF ALMERINDA BRUNORO;R. PRINCIPAL, S/ N
07/12/2023;14:25:26;2016;2;ELEIÇÃO ORDINÁRIA;1;220;ELEIÇÕES MUNICIPAIS 2016;02/10/2016;M;ES;56057;ALFREDO CHAVES;56057;ALFREDO CHAVES;12;16;13;VEREADOR;12345;ARMANDO ZANATA INGLE RIBEIRO;9;1082;80000001643;EMEF ALMERINDA BRUNORO;R. PRINCIPAL, S/ N
07/12/2023;14:25:26;2016;2;ELEIÇÃO ORDINÁRIA;1;220;ELEIÇÕES MUNICIPAIS 2016;02/10/2016;M;ES;56057;ALFREDO CHAVES;56057;ALFREDO CHAVES;12;16;13;VEREADOR;51234;SIMÃO LOPES DOS SANTOS;3;1082;80000001645;EMEF ALMERINDA BRUNORO;R. PRINCIPAL, S/ N
07/12/2023;14:25:26;2016;2;ELEIÇÃO ORDINÁRIA;1;220;ELEIÇÕES MUNICIPAIS 2016;02/10/2016;M;ES;56057;ALFREDO CHAVES;56057;ALFREDO CHAVES;12;16;11;PREFEITO;15;RONALDO BIANCHI;119;1082;80000003215;EMEF ALMERINDA BRUNORO;R. PRINCIPAL, S/ N
07/12/2023;14:25:26;2016;2;ELEIÇÃO ORDINÁRIA;1;220;ELEIÇÕES MUNICIPAIS 2016;02/10/2016;M;ES;56057;ALFREDO CHAVES;56057;ALFREDO CHAVES;12;16;13;VEREADOR;40111;CHARLES GAIGHER;13;1082;80000001030;EMEF ALMERINDA BRUNORO;R. PRINCIPAL, S/ N
07/12/2023;14:25:26;2016;2;ELEIÇÃO ORDINÁRIA;1;220;ELEIÇÕES MUNICIPAIS 2016;02/10/2016;M;ES;56057;ALFREDO CHAVES;56057;ALFREDO CHAVES;12;16;13;VEREADOR;95;VOTO BRANCO;5;1082;-1;EMEF ALMERINDA BRUNORO;R. PRINCIPAL, S/ N
07/12/2023;14:25:26;2016;2;ELEIÇÃO ORDINÁRIA;1;220;ELEIÇÕES MUNICIPAIS 2016;02/10/2016;M;ES;56057;ALFREDO CHAVES;56057;ALFREDO CHAVES;12;11;13;VEREADOR;13123;JOSÉ DOMINGOS GOTTARDO;1;1040;80000001647;EEEF DE CRUBIXÁ;R. PRINCIPAL, S/ Nº
07/12/2023;14:25:26;2016;2;ELEIÇÃO ORDINÁRIA;1;220;ELEIÇÕES MUNICIPAIS 2016;02/10/2016;M;ES;56057;ALFREDO CHAVES;56057;ALFREDO CHAVES;12;11;13;VEREADOR;40123;CLEOMIR GOBBI BUBACK;2;1040;80000001029;EEEF DE CRUBIXÁ;R. PRINCIPAL, S/ Nº
07/12/2023;14:25:26;2016;2;ELEIÇÃO ORDINÁRIA;1;220;ELEIÇÕES MUNICIPAIS 2016;02/10/2016;M;ES;56057;ALFREDO CHAVES;56057;ALFREDO CHAVES;12;11;13;VEREADOR;40789;ADILSON JOSE ROVETA;6;1040;80000001028;EEEF DE CRUBIXÁ;R. PRINCIPAL, S/ Nº
07/12/2023;14:25:26;2016;2;ELEIÇÃO ORDINÁRIA;1;220;ELEIÇÕES MUNICIPAIS 2016;02/10/2016;M;ES;56057;ALFREDO CHAVES;56057;ALFREDO CHAVES;12;11;11;PREFEITO;40;FERNANDO VIDEIRA LAFAYETTE;161;1040;80000001058;EEEF DE CRUBIXÁ;R. PRINCIPAL, S/ Nº
07/12/2023;14:25:26;2016;2;ELEIÇÃO ORDINÁRIA;1;220;ELEIÇÕES MUNICIPAIS 2016;02/10/2016;M;ES;56057;ALFREDO CHAVES;56057;ALFREDO CHAVES;12;11;13;VEREADOR;15555;HELENA MARIA FIORIN FAVERO;1;1040;80000001677;EEEF DE CRUBIXÁ;R. PRINCIPAL, S/ Nº
07/12/2023;14:25:26;2016;2;ELEIÇÃO ORDINÁRIA;1;220;ELEIÇÕES MUNICIPAIS 2016;02/10/2016;M;ES;56057;ALFREDO CHAVES;56057;ALFREDO CHAVES;12;11;13;VEREADOR;40456;SERAFINO ANTÔNIO SIMONI;4;1040;80000001024;EEEF DE CRUBIXÁ;R. PRINCIPAL, S/ Nº
07/12/2023;14:25:26;2016;2;ELEIÇÃO ORDINÁRIA;1;220;ELEIÇÕES MUNICIPAIS 2016;02/10/2016;M;ES;56057;ALFREDO CHAVES;56057;ALFREDO CHAVES;12;11;13;VEREADOR;15000;DANIEL ORLANDI;31;1040;80000001672;EEEF DE CRUBIXÁ;R. PRINCIPAL, S/ Nº
07/12/2023;14:25:26;2016;2;ELEIÇÃO ORDINÁRIA;1;220;ELEIÇÕES MUNICIPAIS 2016;02/10/2016;M;ES;56057;ALFREDO CHAVES;56057;ALFREDO CHAVES;12;11;13;VEREADOR;20789;JOSE MARIO DE ANDRADE FERREIRA;2;1040;80000001052;EEEF DE CRUBIXÁ;R. PRINCIPAL, S/ Nº
07/12/2023;14:25:26;2016;2;ELEIÇÃO ORDINÁRIA;1;220;ELEIÇÕES MUNICIPAIS 2016;02/10/2016;M;ES;56057;ALFREDO CHAVES;56057;ALFREDO CHAVES;12;11;13;VEREADOR;15311;NARCISO DE ABREU GRASSI;16;1040;80000001679;EEEF DE CRUBIXÁ;R. PRINCIPAL, S/ Nº
07/12/2023;14:25:26;2016;2;ELEIÇÃO ORDINÁRIA;1;220;ELEIÇÕES MUNICIPAIS 2016;02/10/2016;M;ES;56057;ALFREDO CHAVES;56057;ALFREDO CHAVES;12;11;11;PREFEITO;96;VOTO NULO;9;1040;-1;EEEF DE CRUBIXÁ;R. PRINCIPAL, S/ Nº
07/12/2023;14:25:26;2016;2;ELEIÇÃO ORDINÁRIA;1;220;ELEIÇÕES MUNICIPAIS 2016;02/10/2016;M;ES;56057;ALFREDO CHAVES;56057;ALFREDO CHAVES;12;11;13;VEREADOR;40400;DARCY MARCHIORI DE PAULA GAIGHER;1;1040;80000001025;EEEF DE CRUBIXÁ;R. PRINCIPAL, S/ Nº
07/12/2023;14:25:26;2016;2;ELEIÇÃO ORDINÁRIA;1;220;ELEIÇÕES MUNICIPAIS 2016;02/10/2016;M;ES;56057;ALFREDO CHAVES;56057;ALFREDO CHAVES;12;11;13;VEREADOR;45123;EDIMAR VANELI;2;1040;80000001040;EEEF DE CRUBIXÁ;R. PRINCIPAL, S/ Nº
07/12/2023;14:25:26;2016;2;ELEIÇÃO ORDINÁRIA;1;220;ELEIÇÕES MUNICIPAIS 2016;02/10/2016;M;ES;56057;ALFREDO CHAVES;56057;ALFREDO CHAVES;12;11;13;VEREADOR;40321;GILSON LUIZ BELLON;4;1040;80000001031;EEEF DE CRUBIXÁ;R. PRINCIPAL, S/ Nº
07/12/2023;14:25:26;2016;2;ELEIÇÃO ORDINÁRIA;1;220;ELEIÇÕES MUNICIPAIS 2016;02/10/2016;M;ES;56057;ALFREDO CHAVES;56057;ALFREDO CHAVES;12;11;11;PREFEITO;95;VOTO BRANCO;3;1040;-1;EEEF DE CRUBIXÁ;R. PRINCIPAL, S/ Nº
07/12/2023;14:25:26;2016;2;ELEIÇÃO ORDINÁRIA;1;220;ELEIÇÕES MUNICIPAIS 2016;02/10/2016;M;ES;56057;ALFREDO CHAVES;56057;ALFREDO CHAVES;12;11;13;VEREADOR;13610;NILSON HONORATO VANELI;2;1040;80000001650;EEEF DE CRUBIXÁ;R. PRINCIPAL, S/ Nº
07/12/2023;14:25:26;2016;2;ELEIÇÃO ORDINÁRIA;1;220;ELEIÇÕES MUNICIPAIS 2016;02/10/2016;M;ES;56057;ALFREDO CHAVES;56057;ALFREDO CHAVES;12;11;13;VEREADOR;40202;LAURO ALVES PEREIRA;2;1040;80000001034;EEEF DE CRUBIXÁ;R. PRINCIPAL, S/ Nº
07/12/2023;14:25:26;2016;2;ELEIÇÃO ORDINÁRIA;1;220;ELEIÇÕES MUNICIPAIS 2016;02/10/2016;M;ES;56057;ALFREDO CHAVES;56057;ALFREDO CHAVES;12;40;13;VEREADOR;15;Partido do Movimento Democrático Brasileiro;2;1236;-3;NACCA-ANTIGO PETI;RUA THOMAZ COELHO, S/N AO LADO DA BIBLIOTECA MUNICIPAL
07/12/2023;14:25:26;2016;2;ELEIÇÃO ORDINÁRIA;1;220;ELEIÇÕES MUNICIPAIS 2016;02/10/2016;M;ES;56057;ALFREDO CHAVES;56057;ALFREDO CHAVES;12;40;13;VEREADOR;19;Partido Trabalhista Nacional;1;1236;-3;NACCA-ANTIGO PETI;RUA THOMAZ COELHO, S/N AO LADO DA BIBLIOTECA MUNICIPAL
07/12/2023;14:25:26;2016;2;ELEIÇÃO ORDINÁRIA;1;220;ELEIÇÕES MUNICIPAIS 2016;02/10/2016;M;ES;56057;ALFREDO CHAVES;56057;ALFREDO CHAVES;12;40;13;VEREADOR;22;Partido da República;1;1236;-3;NACCA-ANTIGO PETI;RUA THOMAZ COELHO, S/N AO LADO DA BIBLIOTECA MUNICIPAL
07/12/2023;14:25:26;2016;2;ELEIÇÃO ORDINÁRIA;1;220;ELEIÇÕES MUNICIPAIS 2016;02/10/2016;M;ES;56057;ALFREDO CHAVES;56057;ALFREDO CHAVES;12;40;13;VEREADOR;23;Partido Popular Socialista;1;1236;-3;NACCA-ANTIGO PETI;RUA THOMAZ COELHO, S/N AO LADO DA BIBLIOTECA MUNICIPAL
07/12/2023;14:25:26;2016;2;ELEIÇÃO ORDINÁRIA;1;220;ELEIÇÕES MUNICIPAIS 2016;02/10/2016;M;ES;56057;ALFREDO CHAVES;56057;ALFREDO CHAVES;12;40;13;VEREADOR;40;Partido Socialista Brasileiro;3;1236;-3;NACCA-ANTIGO PETI;RUA THOMAZ COELHO, S/N AO LADO DA BIBLIOTECA MUNICIPAL
07/12/2023;14:25:26;2016;2;ELEIÇÃO ORDINÁRIA;1;220;ELEIÇÕES MUNICIPAIS 2016;02/10/2016;M;ES;56057;ALFREDO CHAVES;56057;ALFREDO CHAVES;12;12;13;VEREADOR;23;Partido Popular Socialista;1;1058;-3;EEEF ENGANO;R. PRINCIPAL, S/ Nº
07/12/2023;14:25:26;2016;2;ELEIÇÃO ORDINÁRIA;1;220;ELEIÇÕES MUNICIPAIS 2016;02/10/2016;M;ES;56057;ALFREDO CHAVES;56057;ALFREDO CHAVES;12;12;13;VEREADOR;11;Partido Progressista;1;1058;-3;EEEF ENGANO;R. PRINCIPAL, S/ Nº
07/12/2023;14:25:26;2016;2;ELEIÇÃO ORDINÁRIA;1;220;ELEIÇÕES MUNICIPAIS 2016;02/10/2016;M;ES;56057;ALFREDO CHAVES;56057;ALFREDO CHAVES;12;12;13;VEREADOR;12;Partido Democrático Trabalhista;1;1058;-3;EEEF ENGANO;R. PRINCIPAL, S/ Nº
07/12/2023;14:25:26;2016;2;ELEIÇÃO ORDINÁRIA;1;220;ELEIÇÕES MUNICIPAIS 2016;02/10/2016;M;ES;56057;ALFREDO CHAVES;56057;ALFREDO CHAVES;12;12;13;VEREADOR;15;Partido do Movimento Democrático Brasileiro;5;1058;-3;EEEF ENGANO;R. PRINCIPAL, S/ Nº
07/12/2023;14:25:26;2016;2;ELEIÇÃO ORDINÁRIA;1;220;ELEIÇÕES MUNICIPAIS 2016;02/10/2016;M;ES;56057;ALFREDO CHAVES;56057;ALFREDO CHAVES;12;12;13;VEREADOR;40;Partido Socialista Brasileiro;2;1058;-3;EEEF ENGANO;R. PRINCIPAL, S/ Nº
07/12/2023;14:25:26;2016;2;ELEIÇÃO ORDINÁRIA;1;220;ELEIÇÕES MUNICIPAIS 2016;02/10/2016;M;ES;56057;ALFREDO CHAVES;56057;ALFREDO CHAVES;12;26;13;VEREADOR;15;Partido do Movimento Democrático Brasileiro;6;1163;-3;EEUEF VILA NOVA DE MARAVILHA;R. PRINCIPAL, S/ Nº
07/12/2023;14:25:26;2016;2;ELEIÇÃO ORDINÁRIA;1;220;ELEIÇÕES MUNICIPAIS 2016;02/10/2016;M;ES;56057;ALFREDO CHAVES;56057;ALFREDO CHAVES;12;26;13;VEREADOR;22;Partido da República;1;1163;-3;EEUEF VILA NOVA DE MARAVILHA;R. PRINCIPAL, S/ Nº
07/12/2023;14:25:26;2016;2;ELEIÇÃO ORDINÁRIA;1;220;ELEIÇÕES MUNICIPAIS 2016;02/10/2016;M;ES;56057;ALFREDO CHAVES;56057;ALFREDO CHAVES;12;26;13;VEREADOR;40;Partido Socialista Brasileiro;2;1163;-3;EEUEF VILA NOVA DE MARAVILHA;R. PRINCIPAL, S/ Nº
07/12/2023;14:25:26;2016;2;ELEIÇÃO ORDINÁRIA;1;220;ELEIÇÕES MUNICIPAIS 2016;02/10/2016;M;ES;56057;ALFREDO CHAVES;56057;ALFREDO CHAVES;12;40;13;VEREADOR;40123;CLEOMIR GOBBI BUBACK;1;1236;80000001029;NACCA-ANTIGO PETI;RUA THOMAZ COELHO, S/N AO LADO DA BIBLIOTECA MUNICIPAL
07/12/2023;14:25:26;2016;2;ELEIÇÃO ORDINÁRIA;1;220;ELEIÇÕES MUNICIPAIS 2016;02/10/2016;M;ES;56057;ALFREDO CHAVES;56057;ALFREDO CHAVES;12;40;13;VEREADOR;19000;ITAGIBA AUGUSTO VIANA MATTOS;2;1236;80000001055;NACCA-ANTIGO PETI;RUA THOMAZ COELHO, S/N AO LADO DA BIBLIOTECA MUNICIPAL
07/12/2023;14:25:26;2016;2;ELEIÇÃO ORDINÁRIA;1;220;ELEIÇÕES MUNICIPAIS 2016;02/10/2016;M;ES;56057;ALFREDO CHAVES;56057;ALFREDO CHAVES;12;40;13;VEREADOR;40789;ADILSON JOSE ROVETA;2;1236;80000001028;NACCA-ANTIGO PETI;RUA THOMAZ COELHO, S/N AO LADO DA BIBLIOTECA MUNICIPAL
07/12/2023;14:25:26;2016;2;ELEIÇÃO ORDINÁRIA;1;220;ELEIÇÕES MUNICIPAIS 2016;02/10/2016;M;ES;56057;ALFREDO CHAVES;56057;ALFREDO CHAVES;12;40;11;PREFEITO;40;FERNANDO VIDEIRA LAFAYETTE;167;1236;80000001058;NACCA-ANTIGO PETI;RUA THOMAZ COELHO, S/N AO LADO DA BIBLIOTECA MUNICIPAL
07/12/2023;14:25:26;2016;2;ELEIÇÃO ORDINÁRIA;1;220;ELEIÇÕES MUNICIPAIS 2016;02/10/2016;M;ES;56057;ALFREDO CHAVES;56057;ALFREDO CHAVES;12;40;13;VEREADOR;15555;HELENA MARIA FIORIN FAVERO;1;1236;80000001677;NACCA-ANTIGO PETI;RUA THOMAZ COELHO, S/N AO LADO DA BIBLIOTECA MUNICIPAL
07/12/2023;14:25:26;2016;2;ELEIÇÃO ORDINÁRIA;1;220;ELEIÇÕES MUNICIPAIS 2016;02/10/2016;M;ES;56057;ALFREDO CHAVES;56057;ALFREDO CHAVES;12;40;13;VEREADOR;23333;RENATO CARDOSO;1;1236;80000001681;NACCA-ANTIGO PETI;RUA THOMAZ COELHO, S/N AO LADO DA BIBLIOTECA MUNICIPAL
07/12/2023;14:25:26;2016;2;ELEIÇÃO ORDINÁRIA;1;220;ELEIÇÕES MUNICIPAIS 2016;02/10/2016;M;ES;56057;ALFREDO CHAVES;56057;ALFREDO CHAVES;12;40;13;VEREADOR;20555;ANGELO ARPINI;1;1236;80000001049;NACCA-ANTIGO PETI;RUA THOMAZ COELHO, S/N AO LADO DA BIBLIOTECA MUNICIPAL
07/12/2023;14:25:26;2016;2;ELEIÇÃO ORDINÁRIA;1;220;ELEIÇÕES MUNICIPAIS 2016;02/10/2016;M;ES;56057;ALFREDO CHAVES;56057;ALFREDO CHAVES;12;40;13;VEREADOR;15000;DANIEL ORLANDI;11;1236;80000001672;NACCA-ANTIGO PETI;RUA THOMAZ COELHO, S/N AO LADO DA BIBLIOTECA MUNICIPAL
07/12/2023;14:25:26;2016;2;ELEIÇÃO ORDINÁRIA;1;220;ELEIÇÕES MUNICIPAIS 2016;02/10/2016;M;ES;56057;ALFREDO CHAVES;56057;ALFREDO CHAVES;12;40;13;VEREADOR;22222;JOAO LUIZ MONTEIRO;1;1236;80000001054;NACCA-ANTIGO PETI;RUA THOMAZ COELHO, S/N AO LADO DA BIBLIOTECA MUNICIPAL
07/12/2023;14:25:26;2016;2;ELEIÇÃO ORDINÁRIA;1;220;ELEIÇÕES MUNICIPAIS 2016;02/10/2016;M;ES;56057;ALFREDO CHAVES;56057;ALFREDO CHAVES;12;40;13;VEREADOR;23111;FERNANDO ALVES;12;1236;80000001675;NACCA-ANTIGO PETI;RUA THOMAZ COELHO, S/N AO LADO DA BIBLIOTECA MUNICIPAL
07/12/2023;14:25:26;2016;2;ELEIÇÃO ORDINÁRIA;1;220;ELEIÇÕES MUNICIPAIS 2016;02/10/2016;M;ES;56057;ALFREDO CHAVES;56057;ALFREDO CHAVES;12;40;13;VEREADOR;20789;JOSE MARIO DE ANDRADE FERREIRA;17;1236;80000001052;NACCA-ANTIGO PETI;RUA THOMAZ COELHO, S/N AO LADO DA BIBLIOTECA MUNICIPAL
07/12/2023;14:25:26;2016;2;ELEIÇÃO ORDINÁRIA;1;220;ELEIÇÕES MUNICIPAIS 2016;02/10/2016;M;ES;56057;ALFREDO CHAVES;56057;ALFREDO CHAVES;12;40;13;VEREADOR;15311;NARCISO DE ABREU GRASSI;20;1236;80000001679;NACCA-ANTIGO PETI;RUA THOMAZ COELHO, S/N AO LADO DA BIBLIOTECA MUNICIPAL
07/12/2023;14:25:26;2016;2;ELEIÇÃO ORDINÁRIA;1;220;ELEIÇÕES MUNICIPAIS 2016;02/10/2016;M;ES;56057;ALFREDO CHAVES;56057;ALFREDO CHAVES;12;40;13;VEREADOR;23666;PAULO MUNALDI;10;1236;80000001680;NACCA-ANTIGO PETI;RUA THOMAZ COELHO, S/N AO LADO DA BIBLIOTECA MUNICIPAL
07/12/2023;14:25:26;2016;2;ELEIÇÃO ORDINÁRIA;1;220;ELEIÇÕES MUNICIPAIS 2016;02/10/2016;M;ES;56057;ALFREDO CHAVES;56057;ALFREDO CHAVES;12;40;13;VEREADOR;20333;MARCO ANTONIO MOZER;2;1236;80000001053;NACCA-ANTIGO PETI;RUA THOMAZ COELHO, S/N AO LADO DA BIBLIOTECA MUNICIPAL
07/12/2023;14:25:26;2016;2;ELEIÇÃO ORDINÁRIA;1;220;ELEIÇÕES MUNICIPAIS 2016;02/10/2016;M;ES;56057;ALFREDO CHAVES;56057;ALFREDO CHAVES;12;40;11;PREFEITO;96;VOTO NULO;6;1236;-1;NACCA-ANTIGO PETI;RUA THOMAZ COELHO, S/N AO LADO DA BIBLIOTECA MUNICIPAL
07/12/2023;14:25:26;2016;2;ELEIÇÃO ORDINÁRIA;1;220;ELEIÇÕES MUNICIPAIS 2016;02/10/2016;M;ES;56057;ALFREDO CHAVES;56057;ALFREDO CHAVES;12;40;13;VEREADOR;40400;DARCY MARCHIORI DE PAULA GAIGHER;21;1236;80000001025;NACCA-ANTIGO PETI;RUA THOMAZ COELHO, S/N AO LADO DA BIBLIOTECA MUNICIPAL
07/12/2023;14:25:26;2016;2;ELEIÇÃO ORDINÁRIA;1;220;ELEIÇÕES MUNICIPAIS 2016;02/10/2016;M;ES;56057;ALFREDO CHAVES;56057;ALFREDO CHAVES;12;40;13;VEREADOR;45123;EDIMAR VANELI;4;1236;80000001040;NACCA-ANTIGO PETI;RUA THOMAZ COELHO, S/N AO LADO DA BIBLIOTECA MUNICIPAL
07/12/2023;14:25:26;2016;2;ELEIÇÃO ORDINÁRIA;1;220;ELEIÇÕES MUNICIPAIS 2016;02/10/2016;M;ES;56057;ALFREDO CHAVES;56057;ALFREDO CHAVES;12;40;11;PREFEITO;95;VOTO BRANCO;2;1236;-1;NACCA-ANTIGO PETI;RUA THOMAZ COELHO, S/N AO LADO DA BIBLIOTECA MUNICIPAL
07/12/2023;14:25:26;2016;2;ELEIÇÃO ORDINÁRIA;1;220;ELEIÇÕES MUNICIPAIS 2016;02/10/2016;M;ES;56057;ALFREDO CHAVES;56057;ALFREDO CHAVES;12;40;13;VEREADOR;40321;GILSON LUIZ BELLON;3;1236;80000001031;NACCA-ANTIGO PETI;RUA THOMAZ COELHO, S/N AO LADO DA BIBLIOTECA MUNICIPAL
07/12/2023;14:25:26;2016;2;ELEIÇÃO ORDINÁRIA;1;220;ELEIÇÕES MUNICIPAIS 2016;02/10/2016;M;ES;56057;ALFREDO CHAVES;56057;ALFREDO CHAVES;12;40;13;VEREADOR;40444;PASCOAL GARCIA MARTINS;9;1236;80000001038;NACCA-ANTIGO PETI;RUA THOMAZ COELHO, S/N AO LADO DA BIBLIOTECA MUNICIPAL
07/12/2023;14:25:26;2016;2;ELEIÇÃO ORDINÁRIA;1;220;ELEIÇÕES MUNICIPAIS 2016;02/10/2016;M;ES;56057;ALFREDO CHAVES;56057;ALFREDO CHAVES;12;40;13;VEREADOR;13610;NILSON HONORATO VANELI;6;1236;80000001650;NACCA-ANTIGO PETI;RUA THOMAZ COELHO, S/N AO LADO DA BIBLIOTECA MUNICIPAL
07/12/2023;14:25:26;2016;2;ELEIÇÃO ORDINÁRIA;1;220;ELEIÇÕES MUNICIPAIS 2016;02/10/2016;M;ES;56057;ALFREDO CHAVES;56057;ALFREDO CHAVES;12;40;13;VEREADOR;11964;MARIA MAGDALENA NASCIMENTO;1;1236;80000001045;NACCA-ANTIGO PETI;RUA THOMAZ COELHO, S/N AO LADO DA BIBLIOTECA MUNICIPAL
07/12/2023;14:25:26;2016;2;ELEIÇÃO ORDINÁRIA;1;220;ELEIÇÕES MUNICIPAIS 2016;02/10/2016;M;ES;56057;ALFREDO CHAVES;56057;ALFREDO CHAVES;12;40;13;VEREADOR;40202;LAURO ALVES PEREIRA;1;1236;80000001034;NACCA-ANTIGO PETI;RUA THOMAZ COELHO, S/N AO LADO DA BIBLIOTECA MUNICIPAL
07/12/2023;14:25:26;2016;2;ELEIÇÃO ORDINÁRIA;1;220;ELEIÇÕES MUNICIPAIS 2016;02/10/2016;M;ES;56057;ALFREDO CHAVES;56057;ALFREDO CHAVES;12;40;13;VEREADOR;11555;MARIA DOS ANJOS GAIGHER DE PAULA;1;1236;80000001044;NACCA-ANTIGO PETI;RUA THOMAZ COELHO, S/N AO LADO DA BIBLIOTECA MUNICIPAL
07/12/2023;14:25:26;2016;2;ELEIÇÃO ORDINÁRIA;1;220;ELEIÇÕES MUNICIPAIS 2016;02/10/2016;M;ES;56057;ALFREDO CHAVES;56057;ALFREDO CHAVES;12;40;13;VEREADOR;96;VOTO NULO;4;1236;-1;NACCA-ANTIGO PETI;RUA THOMAZ COELHO, S/N AO LADO DA BIBLIOTECA MUNICIPAL
07/12/2023;14:25:26;2016;2;ELEIÇÃO ORDINÁRIA;1;220;ELEIÇÕES MUNICIPAIS 2016;02/10/2016;M;ES;56057;ALFREDO CHAVES;56057;ALFREDO CHAVES;12;40;13;VEREADOR;11666;ALESSANDRA TOBIAS DA SILVA GALLINA;2;1236;80000001042;NACCA-ANTIGO PETI;RUA THOMAZ COELHO, S/N AO LADO DA BIBLIOTECA MUNICIPAL
07/12/2023;14:25:26;2016;2;ELEIÇÃO ORDINÁRIA;1;220;ELEIÇÕES MUNICIPAIS 2016;02/10/2016;M;ES;56057;ALFREDO CHAVES;56057;ALFREDO CHAVES;12;40;13;VEREADOR;18123;ERVAN CESAR;4;1236;80000001644;NACCA-ANTIGO PETI;RUA THOMAZ COELHO, S/N AO LADO DA BIBLIOTECA MUNICIPAL
07/12/2023;14:25:26;2016;2;ELEIÇÃO ORDINÁRIA;1;220;ELEIÇÕES MUNICIPAIS 2016;02/10/2016;M;ES;56057;ALFREDO CHAVES;56057;ALFREDO CHAVES;12;40;13;VEREADOR;45000;JONAS NUNES SIMÕES;26;1236;80000001041;NACCA-ANTIGO PETI;RUA THOMAZ COELHO, S/N AO LADO DA BIBLIOTECA MUNICIPAL
07/12/2023;14:25:26;2016;2;ELEIÇÃO ORDINÁRIA;1;220;ELEIÇÕES MUNICIPAIS 2016;02/10/2016;M;ES;56057;ALFREDO CHAVES;56057;ALFREDO CHAVES;12;40;13;VEREADOR;55000;SERGIO BIANCHI;29;1236;80000001684;NACCA-ANTIGO PETI;RUA THOMAZ COELHO, S/N AO LADO DA BIBLIOTECA MUNICIPAL
07/12/2023;14:25:26;2016;2;ELEIÇÃO ORDINÁRIA;1;220;ELEIÇÕES MUNICIPAIS 2016;02/10/2016;M;ES;56057;ALFREDO CHAVES;56057;ALFREDO CHAVES;12;40;13;VEREADOR;43123;RITA MARIA DESTEFANI;1;1236;80000001057;NACCA-ANTIGO PETI;RUA THOMAZ COELHO, S/N AO LADO DA BIBLIOTECA MUNICIPAL
07/12/2023;14:25:26;2016;2;ELEIÇÃO ORDINÁRIA;1;220;ELEIÇÕES MUNICIPAIS 2016;02/10/2016;M;ES;56057;ALFREDO CHAVES;56057;ALFREDO CHAVES;12;40;13;VEREADOR;40333;JAQUELINE FRANZOTTI DA SILVA;1;1236;80000001032;NACCA-ANTIGO PETI;RUA THOMAZ COELHO, S/N AO LADO DA BIBLIOTECA MUNICIPAL
07/12/2023;14:25:26;2016;2;ELEIÇÃO ORDINÁRIA;1;220;ELEIÇÕES MUNICIPAIS 2016;02/10/2016;M;ES;56057;ALFREDO CHAVES;56057;ALFREDO CHAVES;12;40;13;VEREADOR;25000;JANE CASTEGLIONE BETTCHER;8;1236;80000001642;NACCA-ANTIGO PETI;RUA THOMAZ COELHO, S/N AO LADO DA BIBLIOTECA MUNICIPAL
07/12/2023;14:25:26;2016;2;ELEIÇÃO ORDINÁRIA;1;220;ELEIÇÕES MUNICIPAIS 2016;02/10/2016;M;ES;56057;ALFREDO CHAVES;56057;ALFREDO CHAVES;12;40;13;VEREADOR;40232;MARCIO CETTO;4;1236;80000001036;NACCA-ANTIGO PETI;RUA THOMAZ COELHO, S/N AO LADO DA BIBLIOTECA MUNICIPAL
07/12/2023;14:25:26;2016;2;ELEIÇÃO ORDINÁRIA;1;220;ELEIÇÕES MUNICIPAIS 2016;02/10/2016;M;ES;56057;ALFREDO CHAVES;56057;ALFREDO CHAVES;12;40;13;VEREADOR;23612;ANDRÉ SARTORI;16;1236;80000001669;NACCA-ANTIGO PETI;RUA THOMAZ COELHO, S/N AO LADO DA BIBLIOTECA MUNICIPAL
07/12/2023;14:25:26;2016;2;ELEIÇÃO ORDINÁRIA;1;220;ELEIÇÕES MUNICIPAIS 2016;02/10/2016;M;ES;56057;ALFREDO CHAVES;56057;ALFREDO CHAVES;12;40;13;VEREADOR;15123;EDSON ANTONIO REGIANI;1;1236;80000001673;NACCA-ANTIGO PETI;RUA THOMAZ COELHO, S/N AO LADO DA BIBLIOTECA MUNICIPAL
07/12/2023;14:25:26;2016;2;ELEIÇÃO ORDINÁRIA;1;220;ELEIÇÕES MUNICIPAIS 2016;02/10/2016;M;ES;56057;ALFREDO CHAVES;56057;ALFREDO CHAVES;12;40;13;VEREADOR;23123;CÁSSIO COMINOTTI DO NASCIMENTO;4;1236;80000001671;NACCA-ANTIGO PETI;RUA THOMAZ COELHO, S/N AO LADO DA BIBLIOTECA MUNICIPAL
07/12/2023;14:25:26;2016;2;ELEIÇÃO ORDINÁRIA;1;220;ELEIÇÕES MUNICIPAIS 2016;02/10/2016;M;ES;56057;ALFREDO CHAVES;56057;ALFREDO CHAVES;12;40;13;VEREADOR;33333;ELTON ANTERIO CARDOSO BISI;15;1236;80000001023;NACCA-ANTIGO PETI;RUA THOMAZ COELHO, S/N AO LADO DA BIBLIOTECA MUNICIPAL
07/12/2023;14:25:26;2016;2;ELEIÇÃO ORDINÁRIA;1;220;ELEIÇÕES MUNICIPAIS 2016;02/10/2016;M;ES;56057;ALFREDO CHAVES;56057;ALFREDO CHAVES;12;40;13;VEREADOR;40000;NILTON CESAR BELMOK;16;1236;80000001037;NACCA-ANTIGO PETI;RUA THOMAZ COELHO, S/N AO LADO DA BIBLIOTECA MUNICIPAL
07/12/2023;14:25:26;2016;2;ELEIÇÃO ORDINÁRIA;1;220;ELEIÇÕES MUNICIPAIS 2016;02/10/2016;M;ES;56057;ALFREDO CHAVES;56057;ALFREDO CHAVES;12;40;13;VEREADOR;11123;PRIMO ARMELINDO BERGAMI;3;1236;80000001046;NACCA-ANTIGO PETI;RUA THOMAZ COELHO, S/N AO LADO DA BIBLIOTECA MUNICIPAL
07/12/2023;14:25:26;2016;2;ELEIÇÃO ORDINÁRIA;1;220;ELEIÇÕES MUNICIPAIS 2016;02/10/2016;M;ES;56057;ALFREDO CHAVES;56057;ALFREDO CHAVES;12;40;13;VEREADOR;12345;ARMANDO ZANATA INGLE RIBEIRO;23;1236;80000001643;NACCA-ANTIGO PETI;RUA THOMAZ COELHO, S/N AO LADO DA BIBLIOTECA MUNICIPAL
07/12/2023;14:25:26;2016;2;ELEIÇÃO ORDINÁRIA;1;220;ELEIÇÕES MUNICIPAIS 2016;02/10/2016;M;ES;56057;ALFREDO CHAVES;56057;ALFREDO CHAVES;12;40;11;PREFEITO;15;RONALDO BIANCHI;142;1236;80000003215;NACCA-ANTIGO PETI;RUA THOMAZ COELHO, S/N AO LADO DA BIBLIOTECA MUNICIPAL
07/12/2023;14:25:26;2016;2;ELEIÇÃO ORDINÁRIA;1;220;ELEIÇÕES MUNICIPAIS 2016;02/10/2016;M;ES;56057;ALFREDO CHAVES;56057;ALFREDO CHAVES;12;40;13;VEREADOR;51000;JACINTA LUCIA SCARPARO;1;1236;80000001646;NACCA-ANTIGO PETI;RUA THOMAZ COELHO, S/N AO LADO DA BIBLIOTECA MUNICIPAL
07/12/2023;14:25:26;2016;2;ELEIÇÃO ORDINÁRIA;1;220;ELEIÇÕES MUNICIPAIS 2016;02/10/2016;M;ES;56057;ALFREDO CHAVES;56057;ALFREDO CHAVES;12;40;13;VEREADOR;40111;CHARLES GAIGHER;17;1236;80000001030;NACCA-ANTIGO PETI;RUA THOMAZ COELHO, S/N AO LADO DA BIBLIOTECA MUNICIPAL
07/12/2023;14:25:26;2016;2;ELEIÇÃO ORDINÁRIA;1;220;ELEIÇÕES MUNICIPAIS 2016;02/10/2016;M;ES;56057;ALFREDO CHAVES;56057;ALFREDO CHAVES;12;40;13;VEREADOR;15100;JOSÉ MANOEL RODRIGUES FERREIRA;1;1236;80000001678;NACCA-ANTIGO PETI;RUA THOMAZ COELHO, S/N AO LADO DA BIBLIOTECA MUNICIPAL
07/12/2023;14:25:26;2016;2;ELEIÇÃO ORDINÁRIA;1;220;ELEIÇÕES MUNICIPAIS 2016;02/10/2016;M;ES;56057;ALFREDO CHAVES;56057;ALFREDO CHAVES;12;40;13;VEREADOR;95;VOTO BRANCO;6;1236;-1;NACCA-ANTIGO PETI;RUA THOMAZ COELHO, S/N AO LADO DA BIBLIOTECA MUNICIPAL
07/12/2023;14:25:26;2016;2;ELEIÇÃO ORDINÁRIA;1;220;ELEIÇÕES MUNICIPAIS 2016;02/10/2016;M;ES;56057;ALFREDO CHAVES;56057;ALFREDO CHAVES;12;31;13;VEREADOR;13123;JOSÉ DOMINGOS GOTTARDO;1;1171;80000001647;EEEF CAMILA MOTA;R. NELSON DA COSTA MELLO, S/ N
07/12/2023;14:25:26;2016;2;ELEIÇÃO ORDINÁRIA;1;220;ELEIÇÕES MUNICIPAIS 2016;02/10/2016;M;ES;56057;ALFREDO CHAVES;56057;ALFREDO CHAVES;12;31;13;VEREADOR;40123;CLEOMIR GOBBI BUBACK;3;1171;80000001029;EEEF CAMILA MOTA;R. NELSON DA COSTA MELLO, S/ N
07/12/2023;14:25:26;2016;2;ELEIÇÃO ORDINÁRIA;1;220;ELEIÇÕES MUNICIPAIS 2016;02/10/2016;M;ES;56057;ALFREDO CHAVES;56057;ALFREDO CHAVES;12;31;13;VEREADOR;40789;ADILSON JOSE ROVETA;2;1171;80000001028;EEEF CAMILA MOTA;R. NELSON DA COSTA MELLO, S/ N
07/12/2023;14:25:26;2016;2;ELEIÇÃO ORDINÁRIA;1;220;ELEIÇÕES MUNICIPAIS 2016;02/10/2016;M;ES;56057;ALFREDO CHAVES;56057;ALFREDO CHAVES;12;31;11;PREFEITO;40;FERNANDO VIDEIRA LAFAYETTE;152;1171;80000001058;EEEF CAMILA MOTA;R. NELSON DA COSTA MELLO, S/ N
07/12/2023;14:25:26;2016;2;ELEIÇÃO ORDINÁRIA;1;220;ELEIÇÕES MUNICIPAIS 2016;02/10/2016;M;ES;56057;ALFREDO CHAVES;56057;ALFREDO CHAVES;12;31;13;VEREADOR;15555;HELENA MARIA FIORIN FAVERO;2;1171;80000001677;EEEF CAMILA MOTA;R. NELSON DA COSTA MELLO, S/ N
07/12/2023;14:25:26;2016;2;ELEIÇÃO ORDINÁRIA;1;220;ELEIÇÕES MUNICIPAIS 2016;02/10/2016;M;ES;56057;ALFREDO CHAVES;56057;ALFREDO CHAVES;12;31;13;VEREADOR;40456;SERAFINO ANTÔNIO SIMONI;1;1171;80000001024;EEEF CAMILA MOTA;R. NELSON DA COSTA MELLO, S/ N
07/12/2023;14:25:26;2016;2;ELEIÇÃO ORDINÁRIA;1;220;ELEIÇÕES MUNICIPAIS 2016;02/10/2016;M;ES;56057;ALFREDO CHAVES;56057;ALFREDO CHAVES;12;31;13;VEREADOR;23333;RENATO CARDOSO;9;1171;80000001681;EEEF CAMILA MOTA;R. NELSON DA COSTA MELLO, S/ N
07/12/2023;14:25:26;2016;2;ELEIÇÃO ORDINÁRIA;1;220;ELEIÇÕES MUNICIPAIS 2016;02/10/2016;M;ES;56057;ALFREDO CHAVES;56057;ALFREDO CHAVES;12;31;13;VEREADOR;20555;ANGELO ARPINI;2;1171;80000001049;EEEF CAMILA MOTA;R. NELSON DA COSTA MELLO, S/ N
07/12/2023;14:25:26;2016;2;ELEIÇÃO ORDINÁRIA;1;220;ELEIÇÕES MUNICIPAIS 2016;02/10/2016;M;ES;56057;ALFREDO CHAVES;56057;ALFREDO CHAVES;12;31;13;VEREADOR;15000;DANIEL ORLANDI;17;1171;80000001672;EEEF CAMILA MOTA;R. NELSON DA COSTA MELLO, S/ N
07/12/2023;14:25:26;2016;2;ELEIÇÃO ORDINÁRIA;1;220;ELEIÇÕES MUNICIPAIS 2016;02/10/2016;M;ES;56057;ALFREDO CHAVES;56057;ALFREDO CHAVES;12;31;13;VEREADOR;22222;JOAO LUIZ MONTEIRO;1;1171;80000001054;EEEF CAMILA MOTA;R. NELSON DA COSTA MELLO, S/ N
07/12/2023;14:25:26;2016;2;ELEIÇÃO ORDINÁRIA;1;220;ELEIÇÕES MUNICIPAIS 2016;02/10/2016;M;ES;56057;ALFREDO CHAVES;56057;ALFREDO CHAVES;12;31;13;VEREADOR;23111;FERNANDO ALVES;17;1171;80000001675;EEEF CAMILA MOTA;R. NELSON DA COSTA MELLO, S/ N
07/12/2023;14:25:26;2016;2;ELEIÇÃO ORDINÁRIA;1;220;ELEIÇÕES MUNICIPAIS 2016;02/10/2016;M;ES;56057;ALFREDO CHAVES;56057;ALFREDO CHAVES;12;31;13;VEREADOR;20789;JOSE MARIO DE ANDRADE FERREIRA;16;1171;80000001052;EEEF CAMILA MOTA;R. NELSON DA COSTA MELLO, S/ N
07/12/2023;14:25:26;2016;2;ELEIÇÃO ORDINÁRIA;1;220;ELEIÇÕES MUNICIPAIS 2016;02/10/2016;M;ES;56057;ALFREDO CHAVES;56057;ALFREDO CHAVES;12;31;13;VEREADOR;15311;NARCISO DE ABREU GRASSI;17;1171;80000001679;EEEF CAMILA MOTA;R. NELSON DA COSTA MELLO, S/ N
07/12/2023;14:25:26;2016;2;ELEIÇÃO ORDINÁRIA;1;220;ELEIÇÕES MUNICIPAIS 2016;02/10/2016;M;ES;56057;ALFREDO CHAVES;56057;ALFREDO CHAVES;12;31;13;VEREADOR;23666;PAULO MUNALDI;14;1171;80000001680;EEEF CAMILA MOTA;R. NELSON DA COSTA MELLO, S/ N
07/12/2023;14:25:26;2016;2;ELEIÇÃO ORDINÁRIA;1;220;ELEIÇÕES MUNICIPAIS 2016;02/10/2016;M;ES;56057;ALFREDO CHAVES;56057;ALFREDO CHAVES;12;31;13;VEREADOR;20333;MARCO ANTONIO MOZER;1;1171;80000001053;EEEF CAMILA MOTA;R. NELSON DA COSTA MELLO, S/ N
07/12/2023;14:25:26;2016;2;ELEIÇÃO ORDINÁRIA;1;220;ELEIÇÕES MUNICIPAIS 2016;02/10/2016;M;ES;56057;ALFREDO CHAVES;56057;ALFREDO CHAVES;12;31;11;PREFEITO;96;VOTO NULO;5;1171;-1;EEEF CAMILA MOTA;R. NELSON DA COSTA MELLO, S/ N
07/12/2023;14:25:26;2016;2;ELEIÇÃO ORDINÁRIA;1;220;ELEIÇÕES MUNICIPAIS 2016;02/10/2016;M;ES;56057;ALFREDO CHAVES;56057;ALFREDO CHAVES;12;31;13;VEREADOR;40400;DARCY MARCHIORI DE PAULA GAIGHER;15;1171;80000001025;EEEF CAMILA MOTA;R. NELSON DA COSTA MELLO, S/ N
07/12/2023;14:25:26;2016;2;ELEIÇÃO ORDINÁRIA;1;220;ELEIÇÕES MUNICIPAIS 2016;02/10/2016;M;ES;56057;ALFREDO CHAVES;56057;ALFREDO CHAVES;12;31;13;VEREADOR;43222;MARCIO DESTEFANI;2;1171;80000001056;EEEF CAMILA MOTA;R. NELSON DA COSTA MELLO, S/ N
07/12/2023;14:25:26;2016;2;ELEIÇÃO ORDINÁRIA;1;220;ELEIÇÕES MUNICIPAIS 2016;02/10/2016;M;ES;56057;ALFREDO CHAVES;56057;ALFREDO CHAVES;12;31;13;VEREADOR;45123;EDIMAR VANELI;1;1171;80000001040;EEEF CAMILA MOTA;R. NELSON DA COSTA MELLO, S/ N
07/12/2023;14:25:26;2016;2;ELEIÇÃO ORDINÁRIA;1;220;ELEIÇÕES MUNICIPAIS 2016;02/10/2016;M;ES;56057;ALFREDO CHAVES;56057;ALFREDO CHAVES;12;31;13;VEREADOR;11222;SANTE JOSÉ GRATIERI;1;1171;80000001048;EEEF CAMILA MOTA;R. NELSON DA COSTA MELLO, S/ N
07/12/2023;14:25:26;2016;2;ELEIÇÃO ORDINÁRIA;1;220;ELEIÇÕES MUNICIPAIS 2016;02/10/2016;M;ES;56057;ALFREDO CHAVES;56057;ALFREDO CHAVES;12;31;11;PREFEITO;95;VOTO BRANCO;4;1171;-1;EEEF CAMILA MOTA;R. NELSON DA COSTA MELLO, S/ N
07/12/2023;14:25:26;2016;2;ELEIÇÃO ORDINÁRIA;1;220;ELEIÇÕES MUNICIPAIS 2016;02/10/2016;M;ES;56057;ALFREDO CHAVES;56057;ALFREDO CHAVES;12;31;13;VEREADOR;40321;GILSON LUIZ BELLON;4;1171;80000001031;EEEF CAMILA MOTA;R. NELSON DA COSTA MELLO, S/ N
07/12/2023;14:25:26;2016;2;ELEIÇÃO ORDINÁRIA;1;220;ELEIÇÕES MUNICIPAIS 2016;02/10/2016;M;ES;56057;ALFREDO CHAVES;56057;ALFREDO CHAVES;12;31;13;VEREADOR;40444;PASCOAL GARCIA MARTINS;7;1171;80000001038;EEEF CAMILA MOTA;R. NELSON DA COSTA MELLO, S/ N
07/12/2023;14:25:26;2016;2;ELEIÇÃO ORDINÁRIA;1;220;ELEIÇÕES MUNICIPAIS 2016;02/10/2016;M;ES;56057;ALFREDO CHAVES;56057;ALFREDO CHAVES;12;31;13;VEREADOR;13610;NILSON HONORATO VANELI;1;1171;80000001650;EEEF CAMILA MOTA;R. NELSON DA COSTA MELLO, S/ N
07/12/2023;14:25:26;2016;2;ELEIÇÃO ORDINÁRIA;1;220;ELEIÇÕES MUNICIPAIS 2016;02/10/2016;M;ES;56057;ALFREDO CHAVES;56057;ALFREDO CHAVES;12;31;13;VEREADOR;11964;MARIA MAGDALENA NASCIMENTO;2;1171;80000001045;EEEF CAMILA MOTA;R. NELSON DA COSTA MELLO, S/ N
07/12/2023;14:25:26;2016;2;ELEIÇÃO ORDINÁRIA;1;220;ELEIÇÕES MUNICIPAIS 2016;02/10/2016;M;ES;56057;ALFREDO CHAVES;56057;ALFREDO CHAVES;12;31;13;VEREADOR;40202;LAURO ALVES PEREIRA;2;1171;80000001034;EEEF CAMILA MOTA;R. NELSON DA COSTA MELLO, S/ N
07/12/2023;14:25:26;2016;2;ELEIÇÃO ORDINÁRIA;1;220;ELEIÇÕES MUNICIPAIS 2016;02/10/2016;M;ES;56057;ALFREDO CHAVES;56057;ALFREDO CHAVES;12;31;13;VEREADOR;11555;MARIA DOS ANJOS GAIGHER DE PAULA;1;1171;80000001044;EEEF CAMILA MOTA;R. NELSON DA COSTA MELLO, S/ N
07/12/2023;14:25:26;2016;2;ELEIÇÃO ORDINÁRIA;1;220;ELEIÇÕES MUNICIPAIS 2016;02/10/2016;M;ES;56057;ALFREDO CHAVES;56057;ALFREDO CHAVES;12;31;13;VEREADOR;40222;LUIZ JUNQUEIRA VIONEL;1;1171;80000001035;EEEF CAMILA MOTA;R. NELSON DA COSTA MELLO, S/ N
07/12/2023;14:25:26;2016;2;ELEIÇÃO ORDINÁRIA;1;220;ELEIÇÕES MUNICIPAIS 2016;02/10/2016;M;ES;56057;ALFREDO CHAVES;56057;ALFREDO CHAVES;12;31;13;VEREADOR;90000;DULCIANE BRUNORO ESTEVES;1;1171;80000001022;EEEF CAMILA MOTA;R. NELSON DA COSTA MELLO, S/ N
07/12/2023;14:25:26;2016;2;ELEIÇÃO ORDINÁRIA;1;220;ELEIÇÕES MUNICIPAIS 2016;02/10/2016;M;ES;56057;ALFREDO CHAVES;56057;ALFREDO CHAVES;12;31;13;VEREADOR;51200;ANTONIETA PETRI;1;1171;80000001649;EEEF CAMILA MOTA;R. NELSON DA COSTA MELLO, S/ N
07/12/2023;14:25:26;2016;2;ELEIÇÃO ORDINÁRIA;1;220;ELEIÇÕES MUNICIPAIS 2016;02/10/2016;M;ES;56057;ALFREDO CHAVES;56057;ALFREDO CHAVES;12;31;13;VEREADOR;96;VOTO NULO;6;1171;-1;EEEF CAMILA MOTA;R. NELSON DA COSTA MELLO, S/ N
07/12/2023;14:25:26;2016;2;ELEIÇÃO ORDINÁRIA;1;220;ELEIÇÕES MUNICIPAIS 2016;02/10/2016;M;ES;56057;ALFREDO CHAVES;56057;ALFREDO CHAVES;12;31;13;VEREADOR;45000;JONAS NUNES SIMÕES;35;1171;80000001041;EEEF CAMILA MOTA;R. NELSON DA COSTA MELLO, S/ N
07/12/2023;14:25:26;2016;2;ELEIÇÃO ORDINÁRIA;1;220;ELEIÇÕES MUNICIPAIS 2016;02/10/2016;M;ES;56057;ALFREDO CHAVES;56057;ALFREDO CHAVES;12;31;13;VEREADOR;55000;SERGIO BIANCHI;20;1171;80000001684;EEEF CAMILA MOTA;R. NELSON DA COSTA MELLO, S/ N
07/12/2023;14:25:26;2016;2;ELEIÇÃO ORDINÁRIA;1;220;ELEIÇÕES MUNICIPAIS 2016;02/10/2016;M;ES;56057;ALFREDO CHAVES;56057;ALFREDO CHAVES;12;31;13;VEREADOR;43123;RITA MARIA DESTEFANI;1;1171;80000001057;EEEF CAMILA MOTA;R. NELSON DA COSTA MELLO, S/ N
07/12/2023;14:25:26;2016;2;ELEIÇÃO ORDINÁRIA;1;220;ELEIÇÕES MUNICIPAIS 2016;02/10/2016;M;ES;56057;ALFREDO CHAVES;56057;ALFREDO CHAVES;12;31;13;VEREADOR;40333;JAQUELINE FRANZOTTI DA SILVA;1;1171;80000001032;EEEF CAMILA MOTA;R. NELSON DA COSTA MELLO, S/ N
07/12/2023;14:25:26;2016;2;ELEIÇÃO ORDINÁRIA;1;220;ELEIÇÕES MUNICIPAIS 2016;02/10/2016;M;ES;56057;ALFREDO CHAVES;56057;ALFREDO CHAVES;12;31;13;VEREADOR;25000;JANE CASTEGLIONE BETTCHER;15;1171;80000001642;EEEF CAMILA MOTA;R. NELSON DA COSTA MELLO, S/ N
07/12/2023;14:25:26;2016;2;ELEIÇÃO ORDINÁRIA;1;220;ELEIÇÕES MUNICIPAIS 2016;02/10/2016;M;ES;56057;ALFREDO CHAVES;56057;ALFREDO CHAVES;12;31;13;VEREADOR;40232;MARCIO CETTO;2;1171;80000001036;EEEF CAMILA MOTA;R. NELSON DA COSTA MELLO, S/ N
07/12/2023;14:25:26;2016;2;ELEIÇÃO ORDINÁRIA;1;220;ELEIÇÕES MUNICIPAIS 2016;02/10/2016;M;ES;56057;ALFREDO CHAVES;56057;ALFREDO CHAVES;12;31;13;VEREADOR;23612;ANDRÉ SARTORI;18;1171;80000001669;EEEF CAMILA MOTA;R. NELSON DA COSTA MELLO, S/ N
07/12/2023;14:25:26;2016;2;ELEIÇÃO ORDINÁRIA;1;220;ELEIÇÕES MUNICIPAIS 2016;02/10/2016;M;ES;56057;ALFREDO CHAVES;56057;ALFREDO CHAVES;12;31;13;VEREADOR;23123;CÁSSIO COMINOTTI DO NASCIMENTO;14;1171;80000001671;EEEF CAMILA MOTA;R. NELSON DA COSTA MELLO, S/ N
07/12/2023;14:25:26;2016;2;ELEIÇÃO ORDINÁRIA;1;220;ELEIÇÕES MUNICIPAIS 2016;02/10/2016;M;ES;56057;ALFREDO CHAVES;56057;ALFREDO CHAVES;12;31;13;VEREADOR;11000;ROSANA MARIA CARDOSO TAVARES;1;1171;80000001047;EEEF CAMILA MOTA;R. NELSON DA COSTA MELLO, S/ N
07/12/2023;14:25:26;2016;2;ELEIÇÃO ORDINÁRIA;1;220;ELEIÇÕES MUNICIPAIS 2016;02/10/2016;M;ES;56057;ALFREDO CHAVES;56057;ALFREDO CHAVES;12;31;13;VEREADOR;33333;ELTON ANTERIO CARDOSO BISI;18;1171;80000001023;EEEF CAMILA MOTA;R. NELSON DA COSTA MELLO, S/ N
07/12/2023;14:25:26;2016;2;ELEIÇÃO ORDINÁRIA;1;220;ELEIÇÕES MUNICIPAIS 2016;02/10/2016;M;ES;56057;ALFREDO CHAVES;56057;ALFREDO CHAVES;12;31;13;VEREADOR;40000;NILTON CESAR BELMOK;12;1171;80000001037;EEEF CAMILA MOTA;R. NELSON DA COSTA MELLO, S/ N
07/12/2023;14:25:26;2016;2;ELEIÇÃO ORDINÁRIA;1;220;ELEIÇÕES MUNICIPAIS 2016;02/10/2016;M;ES;56057;ALFREDO CHAVES;56057;ALFREDO CHAVES;12;31;13;VEREADOR;11123;PRIMO ARMELINDO BERGAMI;5;1171;80000001046;EEEF CAMILA MOTA;R. NELSON DA COSTA MELLO, S/ N
07/12/2023;14:25:26;2016;2;ELEIÇÃO ORDINÁRIA;1;220;ELEIÇÕES MUNICIPAIS 2016;02/10/2016;M;ES;56057;ALFREDO CHAVES;56057;ALFREDO CHAVES;12;31;13;VEREADOR;12345;ARMANDO ZANATA INGLE RIBEIRO;16;1171;80000001643;EEEF CAMILA MOTA;R. NELSON DA COSTA MELLO, S/ N
07/12/2023;14:25:26;2016;2;ELEIÇÃO ORDINÁRIA;1;220;ELEIÇÕES MUNICIPAIS 2016;02/10/2016;M;ES;56057;ALFREDO CHAVES;56057;ALFREDO CHAVES;12;31;11;PREFEITO;15;RONALDO BIANCHI;175;1171;80000003215;EEEF CAMILA MOTA;R. NELSON DA COSTA MELLO, S/ N
07/12/2023;14:25:26;2016;2;ELEIÇÃO ORDINÁRIA;1;220;ELEIÇÕES MUNICIPAIS 2016;02/10/2016;M;ES;56057;ALFREDO CHAVES;56057;ALFREDO CHAVES;12;31;13;VEREADOR;51000;JACINTA LUCIA SCARPARO;3;1171;80000001646;EEEF CAMILA MOTA;R. NELSON DA COSTA MELLO, S/ N
07/12/2023;14:25:26;2016;2;ELEIÇÃO ORDINÁRIA;1;220;ELEIÇÕES MUNICIPAIS 2016;02/10/2016;M;ES;56057;ALFREDO CHAVES;56057;ALFREDO CHAVES;12;31;13;VEREADOR;40111;CHARLES GAIGHER;13;1171;80000001030;EEEF CAMILA MOTA;R. NELSON DA COSTA MELLO, S/ N
07/12/2023;14:25:26;2016;2;ELEIÇÃO ORDINÁRIA;1;220;ELEIÇÕES MUNICIPAIS 2016;02/10/2016;M;ES;56057;ALFREDO CHAVES;56057;ALFREDO CHAVES;12;31;13;VEREADOR;15100;JOSÉ MANOEL RODRIGUES FERREIRA;1;1171;80000001678;EEEF CAMILA MOTA;R. NELSON DA COSTA MELLO, S/ N
07/12/2023;14:25:26;2016;2;ELEIÇÃO ORDINÁRIA;1;220;ELEIÇÕES MUNICIPAIS 2016;02/10/2016;M;ES;56057;ALFREDO CHAVES;56057;ALFREDO CHAVES;12;31;13;VEREADOR;95;VOTO BRANCO;1;1171;-1;EEEF CAMILA MOTA;R. NELSON DA COSTA MELLO, S/ N
07/12/2023;14:25:26;2016;2;ELEIÇÃO ORDINÁRIA;1;220;ELEIÇÕES MUNICIPAIS 2016;02/10/2016;M;ES;56057;ALFREDO CHAVES;56057;ALFREDO CHAVES;12;8;13;VEREADOR;11;Partido Progressista;2;1023;-3;EEEFM CAMILA MOTA;R. NELSON DA COSTA MELLO, S/ N
07/12/2023;14:25:26;2016;2;ELEIÇÃO ORDINÁRIA;1;220;ELEIÇÕES MUNICIPAIS 2016;02/10/2016;M;ES;56057;ALFREDO CHAVES;56057;ALFREDO CHAVES;12;8;13;VEREADOR;12;Partido Democrático Trabalhista;2;1023;-3;EEEFM CAMILA MOTA;R. NELSON DA COSTA MELLO, S/ N
07/12/2023;14:25:26;2016;2;ELEIÇÃO ORDINÁRIA;1;220;ELEIÇÕES MUNICIPAIS 2016;02/10/2016;M;ES;56057;ALFREDO CHAVES;56057;ALFREDO CHAVES;12;8;13;VEREADOR;15;Partido do Movimento Democrático Brasileiro;6;1023;-3;EEEFM CAMILA MOTA;R. NELSON DA COSTA MELLO, S/ N
07/12/2023;14:25:26;2016;2;ELEIÇÃO ORDINÁRIA;1;220;ELEIÇÕES MUNICIPAIS 2016;02/10/2016;M;ES;56057;ALFREDO CHAVES;56057;ALFREDO CHAVES;12;8;13;VEREADOR;22;Partido da República;1;1023;-3;EEEFM CAMILA MOTA;R. NELSON DA COSTA MELLO, S/ N
07/12/2023;14:25:26;2016;2;ELEIÇÃO ORDINÁRIA;1;220;ELEIÇÕES MUNICIPAIS 2016;02/10/2016;M;ES;56057;ALFREDO CHAVES;56057;ALFREDO CHAVES;12;8;13;VEREADOR;33;Partido da Mobilização Nacional;1;1023;-3;EEEFM CAMILA MOTA;R. NELSON DA COSTA MELLO, S/ N
07/12/2023;14:25:26;2016;2;ELEIÇÃO ORDINÁRIA;1;220;ELEIÇÕES MUNICIPAIS 2016;02/10/2016;M;ES;56057;ALFREDO CHAVES;56057;ALFREDO CHAVES;12;8;13;VEREADOR;40;Partido Socialista Brasileiro;8;1023;-3;EEEFM CAMILA MOTA;R. NELSON DA COSTA MELLO, S/ N
07/12/2023;14:25:26;2016;2;ELEIÇÃO ORDINÁRIA;1;220;ELEIÇÕES MUNICIPAIS 2016;02/10/2016;M;ES;56057;ALFREDO CHAVES;56057;ALFREDO CHAVES;12;5;13;VEREADOR;13123;JOSÉ DOMINGOS GOTTARDO;3;1015;80000001647;EEEF ANA ARAÚJO;R. EXPEDICIONARIO OSVALDO SAUDINO
07/12/2023;14:25:26;2016;2;ELEIÇÃO ORDINÁRIA;1;220;ELEIÇÕES MUNICIPAIS 2016;02/10/2016;M;ES;56057;ALFREDO CHAVES;56057;ALFREDO CHAVES;12;5;13;VEREADOR;40123;CLEOMIR GOBBI BUBACK;1;1015;80000001029;EEEF ANA ARAÚJO;R. EXPEDICIONARIO OSVALDO SAUDINO
07/12/2023;14:25:26;2016;2;ELEIÇÃO ORDINÁRIA;1;220;ELEIÇÕES MUNICIPAIS 2016;02/10/2016;M;ES;56057;ALFREDO CHAVES;56057;ALFREDO CHAVES;12;5;13;VEREADOR;40789;ADILSON JOSE ROVETA;3;1015;80000001028;EEEF ANA ARAÚJO;R. EXPEDICIONARIO OSVALDO SAUDINO
07/12/2023;14:25:26;2016;2;ELEIÇÃO ORDINÁRIA;1;220;ELEIÇÕES MUNICIPAIS 2016;02/10/2016;M;ES;56057;ALFREDO CHAVES;56057;ALFREDO CHAVES;12;5;11;PREFEITO;40;FERNANDO VIDEIRA LAFAYETTE;137;1015;80000001058;EEEF ANA ARAÚJO;R. EXPEDICIONARIO OSVALDO SAUDINO
07/12/2023;14:25:26;2016;2;ELEIÇÃO ORDINÁRIA;1;220;ELEIÇÕES MUNICIPAIS 2016;02/10/2016;M;ES;56057;ALFREDO CHAVES;56057;ALFREDO CHAVES;12;5;13;VEREADOR;23333;RENATO CARDOSO;1;1015;80000001681;EEEF ANA ARAÚJO;R. EXPEDICIONARIO OSVALDO SAUDINO
07/12/2023;14:25:26;2016;2;ELEIÇÃO ORDINÁRIA;1;220;ELEIÇÕES MUNICIPAIS 2016;02/10/2016;M;ES;56057;ALFREDO CHAVES;56057;ALFREDO CHAVES;12;5;13;VEREADOR;40456;SERAFINO ANTÔNIO SIMONI;1;1015;80000001024;EEEF ANA ARAÚJO;R. EXPEDICIONARIO OSVALDO SAUDINO
07/12/2023;14:25:26;2016;2;ELEIÇÃO ORDINÁRIA;1;220;ELEIÇÕES MUNICIPAIS 2016;02/10/2016;M;ES;56057;ALFREDO CHAVES;56057;ALFREDO CHAVES;12;5;13;VEREADOR;20555;ANGELO ARPINI;3;1015;80000001049;EEEF ANA ARAÚJO;R. EXPEDICIONARIO OSVALDO SAUDINO
07/12/2023;14:25:26;2016;2;ELEIÇÃO ORDINÁRIA;1;220;ELEIÇÕES MUNICIPAIS 2016;02/10/2016;M;ES;56057;ALFREDO CHAVES;56057;ALFREDO CHAVES;12;5;13;VEREADOR;15000;DANIEL ORLANDI;15;1015;80000001672;EEEF ANA ARAÚJO;R. EXPEDICIONARIO OSVALDO SAUDINO
07/12/2023;14:25:26;2016;2;ELEIÇÃO ORDINÁRIA;1;220;ELEIÇÕES MUNICIPAIS 2016;02/10/2016;M;ES;56057;ALFREDO CHAVES;56057;ALFREDO CHAVES;12;5;13;VEREADOR;22222;JOAO LUIZ MONTEIRO;4;1015;80000001054;EEEF ANA ARAÚJO;R. EXPEDICIONARIO OSVALDO SAUDINO
07/12/2023;14:25:26;2016;2;ELEIÇÃO ORDINÁRIA;1;220;ELEIÇÕES MUNICIPAIS 2016;02/10/2016;M;ES;56057;ALFREDO CHAVES;56057;ALFREDO CHAVES;12;5;13;VEREADOR;23111;FERNANDO ALVES;11;1015;80000001675;EEEF ANA ARAÚJO;R. EXPEDICIONARIO OSVALDO SAUDINO
07/12/2023;14:25:26;2016;2;ELEIÇÃO ORDINÁRIA;1;220;ELEIÇÕES MUNICIPAIS 2016;02/10/2016;M;ES;56057;ALFREDO CHAVES;56057;ALFREDO CHAVES;12;5;13;VEREADOR;20789;JOSE MARIO DE ANDRADE FERREIRA;6;1015;80000001052;EEEF ANA ARAÚJO;R. EXPEDICIONARIO OSVALDO SAUDINO
07/12/2023;14:25:26;2016;2;ELEIÇÃO ORDINÁRIA;1;220;ELEIÇÕES MUNICIPAIS 2016;02/10/2016;M;ES;56057;ALFREDO CHAVES;56057;ALFREDO CHAVES;12;5;13;VEREADOR;15311;NARCISO DE ABREU GRASSI;21;1015;80000001679;EEEF ANA ARAÚJO;R. EXPEDICIONARIO OSVALDO SAUDINO
07/12/2023;14:25:26;2016;2;ELEIÇÃO ORDINÁRIA;1;220;ELEIÇÕES MUNICIPAIS 2016;02/10/2016;M;ES;56057;ALFREDO CHAVES;56057;ALFREDO CHAVES;12;5;13;VEREADOR;23666;PAULO MUNALDI;21;1015;80000001680;EEEF ANA ARAÚJO;R. EXPEDICIONARIO OSVALDO SAUDINO
07/12/2023;14:25:26;2016;2;ELEIÇÃO ORDINÁRIA;1;220;ELEIÇÕES MUNICIPAIS 2016;02/10/2016;M;ES;56057;ALFREDO CHAVES;56057;ALFREDO CHAVES;12;5;11;PREFEITO;96;VOTO NULO;9;1015;-1;EEEF ANA ARAÚJO;R. EXPEDICIONARIO OSVALDO SAUDINO
07/12/2023;14:25:26;2016;2;ELEIÇÃO ORDINÁRIA;1;220;ELEIÇÕES MUNICIPAIS 2016;02/10/2016;M;ES;56057;ALFREDO CHAVES;56057;ALFREDO CHAVES;12;5;13;VEREADOR;40400;DARCY MARCHIORI DE PAULA GAIGHER;20;1015;80000001025;EEEF ANA ARAÚJO;R. EXPEDICIONARIO OSVALDO SAUDINO
07/12/2023;14:25:26;2016;2;ELEIÇÃO ORDINÁRIA;1;220;ELEIÇÕES MUNICIPAIS 2016;02/10/2016;M;ES;56057;ALFREDO CHAVES;56057;ALFREDO CHAVES;12;5;13;VEREADOR;45123;EDIMAR VANELI;2;1015;80000001040;EEEF ANA ARAÚJO;R. EXPEDICIONARIO OSVALDO SAUDINO
07/12/2023;14:25:26;2016;2;ELEIÇÃO ORDINÁRIA;1;220;ELEIÇÕES MUNICIPAIS 2016;02/10/2016;M;ES;56057;ALFREDO CHAVES;56057;ALFREDO CHAVES;12;5;13;VEREADOR;11222;SANTE JOSÉ GRATIERI;2;1015;80000001048;EEEF ANA ARAÚJO;R. EXPEDICIONARIO OSVALDO SAUDINO
07/12/2023;14:25:26;2016;2;ELEIÇÃO ORDINÁRIA;1;220;ELEIÇÕES MUNICIPAIS 2016;02/10/2016;M;ES;56057;ALFREDO CHAVES;56057;ALFREDO CHAVES;12;5;11;PREFEITO;95;VOTO BRANCO;4;1015;-1;EEEF ANA ARAÚJO;R. EXPEDICIONARIO OSVALDO SAUDINO
07/12/2023;14:25:26;2016;2;ELEIÇÃO ORDINÁRIA;1;220;ELEIÇÕES MUNICIPAIS 2016;02/10/2016;M;ES;56057;ALFREDO CHAVES;56057;ALFREDO CHAVES;12;5;13;VEREADOR;40321;GILSON LUIZ BELLON;1;1015;80000001031;EEEF ANA ARAÚJO;R. EXPEDICIONARIO OSVALDO SAUDINO
07/12/2023;14:25:26;2016;2;ELEIÇÃO ORDINÁRIA;1;220;ELEIÇÕES MUNICIPAIS 2016;02/10/2016;M;ES;56057;ALFREDO CHAVES;56057;ALFREDO CHAVES;12;5;13;VEREADOR;40444;PASCOAL GARCIA MARTINS;5;1015;80000001038;EEEF ANA ARAÚJO;R. EXPEDICIONARIO OSVALDO SAUDINO
07/12/2023;14:25:26;2016;2;ELEIÇÃO ORDINÁRIA;1;220;ELEIÇÕES MUNICIPAIS 2016;02/10/2016;M;ES;56057;ALFREDO CHAVES;56057;ALFREDO CHAVES;12;5;13;VEREADOR;40777;MARINALVA ALVES DA SILVA;2;1015;80000001027;EEEF ANA ARAÚJO;R. EXPEDICIONARIO OSVALDO SAUDINO
07/12/2023;14:25:26;2016;2;ELEIÇÃO ORDINÁRIA;1;220;ELEIÇÕES MUNICIPAIS 2016;02/10/2016;M;ES;56057;ALFREDO CHAVES;56057;ALFREDO CHAVES;12;5;13;VEREADOR;13610;NILSON HONORATO VANELI;1;1015;80000001650;EEEF ANA ARAÚJO;R. EXPEDICIONARIO OSVALDO SAUDINO
07/12/2023;14:25:26;2016;2;ELEIÇÃO ORDINÁRIA;1;220;ELEIÇÕES MUNICIPAIS 2016;02/10/2016;M;ES;56057;ALFREDO CHAVES;56057;ALFREDO CHAVES;12;5;13;VEREADOR;11964;MARIA MAGDALENA NASCIMENTO;2;1015;80000001045;EEEF ANA ARAÚJO;R. EXPEDICIONARIO OSVALDO SAUDINO
07/12/2023;14:25:26;2016;2;ELEIÇÃO ORDINÁRIA;1;220;ELEIÇÕES MUNICIPAIS 2016;02/10/2016;M;ES;56057;ALFREDO CHAVES;56057;ALFREDO CHAVES;12;5;13;VEREADOR;40202;LAURO ALVES PEREIRA;1;1015;80000001034;EEEF ANA ARAÚJO;R. EXPEDICIONARIO OSVALDO SAUDINO
07/12/2023;14:25:26;2016;2;ELEIÇÃO ORDINÁRIA;1;220;ELEIÇÕES MUNICIPAIS 2016;02/10/2016;M;ES;56057;ALFREDO CHAVES;56057;ALFREDO CHAVES;12;5;13;VEREADOR;15500;CAROLINA BONELLA GRASSI;1;1015;80000001670;EEEF ANA ARAÚJO;R. EXPEDICIONARIO OSVALDO SAUDINO
07/12/2023;14:25:26;2016;2;ELEIÇÃO ORDINÁRIA;1;220;ELEIÇÕES MUNICIPAIS 2016;02/10/2016;M;ES;56057;ALFREDO CHAVES;56057;ALFREDO CHAVES;12;5;13;VEREADOR;40222;LUIZ JUNQUEIRA VIONEL;1;1015;80000001035;EEEF ANA ARAÚJO;R. EXPEDICIONARIO OSVALDO SAUDINO
07/12/2023;14:25:26;2016;2;ELEIÇÃO ORDINÁRIA;1;220;ELEIÇÕES MUNICIPAIS 2016;02/10/2016;M;ES;56057;ALFREDO CHAVES;56057;ALFREDO CHAVES;12;5;13;VEREADOR;90000;DULCIANE BRUNORO ESTEVES;2;1015;80000001022;EEEF ANA ARAÚJO;R. EXPEDICIONARIO OSVALDO SAUDINO
07/12/2023;14:25:26;2016;2;ELEIÇÃO ORDINÁRIA;1;220;ELEIÇÕES MUNICIPAIS 2016;02/10/2016;M;ES;56057;ALFREDO CHAVES;56057;ALFREDO CHAVES;12;5;13;VEREADOR;96;VOTO NULO;6;1015;-1;EEEF ANA ARAÚJO;R. EXPEDICIONARIO OSVALDO SAUDINO
07/12/2023;14:25:26;2016;2;ELEIÇÃO ORDINÁRIA;1;220;ELEIÇÕES MUNICIPAIS 2016;02/10/2016;M;ES;56057;ALFREDO CHAVES;56057;ALFREDO CHAVES;12;5;13;VEREADOR;11666;ALESSANDRA TOBIAS DA SILVA GALLINA;1;1015;80000001042;EEEF ANA ARAÚJO;R. EXPEDICIONARIO OSVALDO SAUDINO
07/12/2023;14:25:26;2016;2;ELEIÇÃO ORDINÁRIA;1;220;ELEIÇÕES MUNICIPAIS 2016;02/10/2016;M;ES;56057;ALFREDO CHAVES;56057;ALFREDO CHAVES;12;5;13;VEREADOR;18123;ERVAN CESAR;1;1015;80000001644;EEEF ANA ARAÚJO;R. EXPEDICIONARIO OSVALDO SAUDINO
07/12/2023;14:25:26;2016;2;ELEIÇÃO ORDINÁRIA;1;220;ELEIÇÕES MUNICIPAIS 2016;02/10/2016;M;ES;56057;ALFREDO CHAVES;56057;ALFREDO CHAVES;12;5;13;VEREADOR;45000;JONAS NUNES SIMÕES;30;1015;80000001041;EEEF ANA ARAÚJO;R. EXPEDICIONARIO OSVALDO SAUDINO
07/12/2023;14:25:26;2016;2;ELEIÇÃO ORDINÁRIA;1;220;ELEIÇÕES MUNICIPAIS 2016;02/10/2016;M;ES;56057;ALFREDO CHAVES;56057;ALFREDO CHAVES;12;5;13;VEREADOR;55000;SERGIO BIANCHI;15;1015;80000001684;EEEF ANA ARAÚJO;R. EXPEDICIONARIO OSVALDO SAUDINO
07/12/2023;14:25:26;2016;2;ELEIÇÃO ORDINÁRIA;1;220;ELEIÇÕES MUNICIPAIS 2016;02/10/2016;M;ES;56057;ALFREDO CHAVES;56057;ALFREDO CHAVES;12;5;13;VEREADOR;43123;RITA MARIA DESTEFANI;1;1015;80000001057;EEEF ANA ARAÚJO;R. EXPEDICIONARIO OSVALDO SAUDINO
07/12/2023;14:25:26;2016;2;ELEIÇÃO ORDINÁRIA;1;220;ELEIÇÕES MUNICIPAIS 2016;02/10/2016;M;ES;56057;ALFREDO CHAVES;56057;ALFREDO CHAVES;12;5;13;VEREADOR;40333;JAQUELINE FRANZOTTI DA SILVA;1;1015;80000001032;EEEF ANA ARAÚJO;R. EXPEDICIONARIO OSVALDO SAUDINO
07/12/2023;14:25:26;2016;2;ELEIÇÃO ORDINÁRIA;1;220;ELEIÇÕES MUNICIPAIS 2016;02/10/2016;M;ES;56057;ALFREDO CHAVES;56057;ALFREDO CHAVES;12;5;13;VEREADOR;25000;JANE CASTEGLIONE BETTCHER;7;1015;80000001642;EEEF ANA ARAÚJO;R. EXPEDICIONARIO OSVALDO SAUDINO
07/12/2023;14:25:26;2016;2;ELEIÇÃO ORDINÁRIA;1;220;ELEIÇÕES MUNICIPAIS 2016;02/10/2016;M;ES;56057;ALFREDO CHAVES;56057;ALFREDO CHAVES;12;5;13;VEREADOR;15666;ROGERIO FRANZOTTI;2;1015;80000001682;EEEF ANA ARAÚJO;R. EXPEDICIONARIO OSVALDO SAUDINO
07/12/2023;14:25:26;2016;2;ELEIÇÃO ORDINÁRIA;1;220;ELEIÇÕES MUNICIPAIS 2016;02/10/2016;M;ES;56057;ALFREDO CHAVES;56057;ALFREDO CHAVES;12;5;13;VEREADOR;40232;MARCIO CETTO;4;1015;80000001036;EEEF ANA ARAÚJO;R. EXPEDICIONARIO OSVALDO SAUDINO
07/12/2023;14:25:26;2016;2;ELEIÇÃO ORDINÁRIA;1;220;ELEIÇÕES MUNICIPAIS 2016;02/10/2016;M;ES;56057;ALFREDO CHAVES;56057;ALFREDO CHAVES;12;5;13;VEREADOR;23612;ANDRÉ SARTORI;14;1015;80000001669;EEEF ANA ARAÚJO;R. EXPEDICIONARIO OSVALDO SAUDINO
07/12/2023;14:25:26;2016;2;ELEIÇÃO ORDINÁRIA;1;220;ELEIÇÕES MUNICIPAIS 2016;02/10/2016;M;ES;56057;ALFREDO CHAVES;56057;ALFREDO CHAVES;12;5;13;VEREADOR;23123;CÁSSIO COMINOTTI DO NASCIMENTO;7;1015;80000001671;EEEF ANA ARAÚJO;R. EXPEDICIONARIO OSVALDO SAUDINO
07/12/2023;14:25:26;2016;2;ELEIÇÃO ORDINÁRIA;1;220;ELEIÇÕES MUNICIPAIS 2016;02/10/2016;M;ES;56057;ALFREDO CHAVES;56057;ALFREDO CHAVES;12;5;13;VEREADOR;11000;ROSANA MARIA CARDOSO TAVARES;3;1015;80000001047;EEEF ANA ARAÚJO;R. EXPEDICIONARIO OSVALDO SAUDINO
07/12/2023;14:25:26;2016;2;ELEIÇÃO ORDINÁRIA;1;220;ELEIÇÕES MUNICIPAIS 2016;02/10/2016;M;ES;56057;ALFREDO CHAVES;56057;ALFREDO CHAVES;12;5;13;VEREADOR;33333;ELTON ANTERIO CARDOSO BISI;11;1015;80000001023;EEEF ANA ARAÚJO;R. EXPEDICIONARIO OSVALDO SAUDINO
07/12/2023;14:25:26;2016;2;ELEIÇÃO ORDINÁRIA;1;220;ELEIÇÕES MUNICIPAIS 2016;02/10/2016;M;ES;56057;ALFREDO CHAVES;56057;ALFREDO CHAVES;12;5;13;VEREADOR;40000;NILTON CESAR BELMOK;9;1015;80000001037;EEEF ANA ARAÚJO;R. EXPEDICIONARIO OSVALDO SAUDINO
07/12/2023;14:25:26;2016;2;ELEIÇÃO ORDINÁRIA;1;220;ELEIÇÕES MUNICIPAIS 2016;02/10/2016;M;ES;56057;ALFREDO CHAVES;56057;ALFREDO CHAVES;12;5;13;VEREADOR;11123;PRIMO ARMELINDO BERGAMI;9;1015;80000001046;EEEF ANA ARAÚJO;R. EXPEDICIONARIO OSVALDO SAUDINO
07/12/2023;14:25:26;2016;2;ELEIÇÃO ORDINÁRIA;1;220;ELEIÇÕES MUNICIPAIS 2016;02/10/2016;M;ES;56057;ALFREDO CHAVES;56057;ALFREDO CHAVES;12;5;13;VEREADOR;12345;ARMANDO ZANATA INGLE RIBEIRO;21;1015;80000001643;EEEF ANA ARAÚJO;R. EXPEDICIONARIO OSVALDO SAUDINO
07/12/2023;14:25:26;2016;2;ELEIÇÃO ORDINÁRIA;1;220;ELEIÇÕES MUNICIPAIS 2016;02/10/2016;M;ES;56057;ALFREDO CHAVES;56057;ALFREDO CHAVES;12;5;11;PREFEITO;15;RONALDO BIANCHI;149;1015;80000003215;EEEF ANA ARAÚJO;R. EXPEDICIONARIO OSVALDO SAUDINO
07/12/2023;14:25:26;2016;2;ELEIÇÃO ORDINÁRIA;1;220;ELEIÇÕES MUNICIPAIS 2016;02/10/2016;M;ES;56057;ALFREDO CHAVES;56057;ALFREDO CHAVES;12;5;13;VEREADOR;51000;JACINTA LUCIA SCARPARO;1;1015;80000001646;EEEF ANA ARAÚJO;R. EXPEDICIONARIO OSVALDO SAUDINO
07/12/2023;14:25:26;2016;2;ELEIÇÃO ORDINÁRIA;1;220;ELEIÇÕES MUNICIPAIS 2016;02/10/2016;M;ES;56057;ALFREDO CHAVES;56057;ALFREDO CHAVES;12;5;13;VEREADOR;40111;CHARLES GAIGHER;7;1015;80000001030;EEEF ANA ARAÚJO;R. EXPEDICIONARIO OSVALDO SAUDINO
07/12/2023;14:25:26;2016;2;ELEIÇÃO ORDINÁRIA;1;220;ELEIÇÕES MUNICIPAIS 2016;02/10/2016;M;ES;56057;ALFREDO CHAVES;56057;ALFREDO CHAVES;12;5;13;VEREADOR;95;VOTO BRANCO;2;1015;-1;EEEF ANA ARAÚJO;R. EXPEDICIONARIO OSVALDO SAUDINO
07/12/2023;14:25:26;2016;2;ELEIÇÃO ORDINÁRIA;1;220;ELEIÇÕES MUNICIPAIS 2016;02/10/2016;M;ES;56057;ALFREDO CHAVES;56057;ALFREDO CHAVES;12;35;13;VEREADOR;13123;JOSÉ DOMINGOS GOTTARDO;2;1171;80000001647;EEEF CAMILA MOTA;R. NELSON DA COSTA MELLO, S/ N
07/12/2023;14:25:26;2016;2;ELEIÇÃO ORDINÁRIA;1;220;ELEIÇÕES MUNICIPAIS 2016;02/10/2016;M;ES;56057;ALFREDO CHAVES;56057;ALFREDO CHAVES;12;35;13;VEREADOR;19000;ITAGIBA AUGUSTO VIANA MATTOS;1;1171;80000001055;EEEF CAMILA MOTA;R. NELSON DA COSTA MELLO, S/ N
07/12/2023;14:25:26;2016;2;ELEIÇÃO ORDINÁRIA;1;220;ELEIÇÕES MUNICIPAIS 2016;02/10/2016;M;ES;56057;ALFREDO CHAVES;56057;ALFREDO CHAVES;12;35;13;VEREADOR;40789;ADILSON JOSE ROVETA;5;1171;80000001028;EEEF CAMILA MOTA;R. NELSON DA COSTA MELLO, S/ N
07/12/2023;14:25:26;2016;2;ELEIÇÃO ORDINÁRIA;1;220;ELEIÇÕES MUNICIPAIS 2016;02/10/2016;M;ES;56057;ALFREDO CHAVES;56057;ALFREDO CHAVES;12;35;11;PREFEITO;40;FERNANDO VIDEIRA LAFAYETTE;146;1171;80000001058;EEEF CAMILA MOTA;R. NELSON DA COSTA MELLO, S/ N
07/12/2023;14:25:26;2016;2;ELEIÇÃO ORDINÁRIA;1;220;ELEIÇÕES MUNICIPAIS 2016;02/10/2016;M;ES;56057;ALFREDO CHAVES;56057;ALFREDO CHAVES;12;35;13;VEREADOR;40456;SERAFINO ANTÔNIO SIMONI;1;1171;80000001024;EEEF CAMILA MOTA;R. NELSON DA COSTA MELLO, S/ N
07/12/2023;14:25:26;2016;2;ELEIÇÃO ORDINÁRIA;1;220;ELEIÇÕES MUNICIPAIS 2016;02/10/2016;M;ES;56057;ALFREDO CHAVES;56057;ALFREDO CHAVES;12;35;13;VEREADOR;20555;ANGELO ARPINI;4;1171;80000001049;EEEF CAMILA MOTA;R. NELSON DA COSTA MELLO, S/ N
07/12/2023;14:25:26;2016;2;ELEIÇÃO ORDINÁRIA;1;220;ELEIÇÕES MUNICIPAIS 2016;02/10/2016;M;ES;56057;ALFREDO CHAVES;56057;ALFREDO CHAVES;12;35;13;VEREADOR;15000;DANIEL ORLANDI;13;1171;80000001672;EEEF CAMILA MOTA;R. NELSON DA COSTA MELLO, S/ N
07/12/2023;14:25:26;2016;2;ELEIÇÃO ORDINÁRIA;1;220;ELEIÇÕES MUNICIPAIS 2016;02/10/2016;M;ES;56057;ALFREDO CHAVES;56057;ALFREDO CHAVES;12;35;13;VEREADOR;22222;JOAO LUIZ MONTEIRO;3;1171;80000001054;EEEF CAMILA MOTA;R. NELSON DA COSTA MELLO, S/ N
07/12/2023;14:25:26;2016;2;ELEIÇÃO ORDINÁRIA;1;220;ELEIÇÕES MUNICIPAIS 2016;02/10/2016;M;ES;56057;ALFREDO CHAVES;56057;ALFREDO CHAVES;12;35;13;VEREADOR;23111;FERNANDO ALVES;15;1171;80000001675;EEEF CAMILA MOTA;R. NELSON DA COSTA MELLO, S/ N
07/12/2023;14:25:26;2016;2;ELEIÇÃO ORDINÁRIA;1;220;ELEIÇÕES MUNICIPAIS 2016;02/10/2016;M;ES;56057;ALFREDO CHAVES;56057;ALFREDO CHAVES;12;35;13;VEREADOR;20789;JOSE MARIO DE ANDRADE FERREIRA;10;1171;80000001052;EEEF CAMILA MOTA;R. NELSON DA COSTA MELLO, S/ N
07/12/2023;14:25:26;2016;2;ELEIÇÃO ORDINÁRIA;1;220;ELEIÇÕES MUNICIPAIS 2016;02/10/2016;M;ES;56057;ALFREDO CHAVES;56057;ALFREDO CHAVES;12;35;13;VEREADOR;15311;NARCISO DE ABREU GRASSI;20;1171;80000001679;EEEF CAMILA MOTA;R. NELSON DA COSTA MELLO, S/ N
07/12/2023;14:25:26;2016;2;ELEIÇÃO ORDINÁRIA;1;220;ELEIÇÕES MUNICIPAIS 2016;02/10/2016;M;ES;56057;ALFREDO CHAVES;56057;ALFREDO CHAVES;12;35;13;VEREADOR;20123;IZAEL FERREIRA;1;1171;80000001051;EEEF CAMILA MOTA;R. NELSON DA COSTA MELLO, S/ N
07/12/2023;14:25:26;2016;2;ELEIÇÃO ORDINÁRIA;1;220;ELEIÇÕES MUNICIPAIS 2016;02/10/2016;M;ES;56057;ALFREDO CHAVES;56057;ALFREDO CHAVES;12;35;13;VEREADOR;23666;PAULO MUNALDI;7;1171;80000001680;EEEF CAMILA MOTA;R. NELSON DA COSTA MELLO, S/ N
07/12/2023;14:25:26;2016;2;ELEIÇÃO ORDINÁRIA;1;220;ELEIÇÕES MUNICIPAIS 2016;02/10/2016;M;ES;56057;ALFREDO CHAVES;56057;ALFREDO CHAVES;12;35;13;VEREADOR;20333;MARCO ANTONIO MOZER;3;1171;80000001053;EEEF CAMILA MOTA;R. NELSON DA COSTA MELLO, S/ N
07/12/2023;14:25:26;2016;2;ELEIÇÃO ORDINÁRIA;1;220;ELEIÇÕES MUNICIPAIS 2016;02/10/2016;M;ES;56057;ALFREDO CHAVES;56057;ALFREDO CHAVES;12;35;11;PREFEITO;96;VOTO NULO;7;1171;-1;EEEF CAMILA MOTA;R. NELSON DA COSTA MELLO, S/ N
07/12/2023;14:25:26;2016;2;ELEIÇÃO ORDINÁRIA;1;220;ELEIÇÕES MUNICIPAIS 2016;02/10/2016;M;ES;56057;ALFREDO CHAVES;56057;ALFREDO CHAVES;12;35;13;VEREADOR;40400;DARCY MARCHIORI DE PAULA GAIGHER;9;1171;80000001025;EEEF CAMILA MOTA;R. NELSON DA COSTA MELLO, S/ N
07/12/2023;14:25:26;2016;2;ELEIÇÃO ORDINÁRIA;1;220;ELEIÇÕES MUNICIPAIS 2016;02/10/2016;M;ES;56057;ALFREDO CHAVES;56057;ALFREDO CHAVES;12;35;13;VEREADOR;45123;EDIMAR VANELI;5;1171;80000001040;EEEF CAMILA MOTA;R. NELSON DA COSTA MELLO, S/ N
07/12/2023;14:25:26;2016;2;ELEIÇÃO ORDINÁRIA;1;220;ELEIÇÕES MUNICIPAIS 2016;02/10/2016;M;ES;56057;ALFREDO CHAVES;56057;ALFREDO CHAVES;12;35;13;VEREADOR;11222;SANTE JOSÉ GRATIERI;1;1171;80000001048;EEEF CAMILA MOTA;R. NELSON DA COSTA MELLO, S/ N
07/12/2023;14:25:26;2016;2;ELEIÇÃO ORDINÁRIA;1;220;ELEIÇÕES MUNICIPAIS 2016;02/10/2016;M;ES;56057;ALFREDO CHAVES;56057;ALFREDO CHAVES;12;35;11;PREFEITO;95;VOTO BRANCO;2;1171;-1;EEEF CAMILA MOTA;R. NELSON DA COSTA MELLO, S/ N
07/12/2023;14:25:26;2016;2;ELEIÇÃO ORDINÁRIA;1;220;ELEIÇÕES MUNICIPAIS 2016;02/10/2016;M;ES;56057;ALFREDO CHAVES;56057;ALFREDO CHAVES;12;35;13;VEREADOR;40321;GILSON LUIZ BELLON;4;1171;80000001031;EEEF CAMILA MOTA;R. NELSON DA COSTA MELLO, S/ N
07/12/2023;14:25:26;2016;2;ELEIÇÃO ORDINÁRIA;1;220;ELEIÇÕES MUNICIPAIS 2016;02/10/2016;M;ES;56057;ALFREDO CHAVES;56057;ALFREDO CHAVES;12;35;13;VEREADOR;40444;PASCOAL GARCIA MARTINS;7;1171;80000001038;EEEF CAMILA MOTA;R. NELSON DA COSTA MELLO, S/ N
07/12/2023;14:25:26;2016;2;ELEIÇÃO ORDINÁRIA;1;220;ELEIÇÕES MUNICIPAIS 2016;02/10/2016;M;ES;56057;ALFREDO CHAVES;56057;ALFREDO CHAVES;12;35;13;VEREADOR;13610;NILSON HONORATO VANELI;2;1171;80000001650;EEEF CAMILA MOTA;R. NELSON DA COSTA MELLO, S/ N
07/12/2023;14:25:26;2016;2;ELEIÇÃO ORDINÁRIA;1;220;ELEIÇÕES MUNICIPAIS 2016;02/10/2016;M;ES;56057;ALFREDO CHAVES;56057;ALFREDO CHAVES;12;35;13;VEREADOR;11964;MARIA MAGDALENA NASCIMENTO;2;1171;80000001045;EEEF CAMILA MOTA;R. NELSON DA COSTA MELLO, S/ N
07/12/2023;14:25:26;2016;2;ELEIÇÃO ORDINÁRIA;1;220;ELEIÇÕES MUNICIPAIS 2016;02/10/2016;M;ES;56057;ALFREDO CHAVES;56057;ALFREDO CHAVES;12;35;13;VEREADOR;40202;LAURO ALVES PEREIRA;1;1171;80000001034;EEEF CAMILA MOTA;R. NELSON DA COSTA MELLO, S/ N
07/12/2023;14:25:26;2016;2;ELEIÇÃO ORDINÁRIA;1;220;ELEIÇÕES MUNICIPAIS 2016;02/10/2016;M;ES;56057;ALFREDO CHAVES;56057;ALFREDO CHAVES;12;35;13;VEREADOR;15500;CAROLINA BONELLA GRASSI;2;1171;80000001670;EEEF CAMILA MOTA;R. NELSON DA COSTA MELLO, S/ N
07/12/2023;14:25:26;2016;2;ELEIÇÃO ORDINÁRIA;1;220;ELEIÇÕES MUNICIPAIS 2016;02/10/2016;M;ES;56057;ALFREDO CHAVES;56057;ALFREDO CHAVES;12;35;13;VEREADOR;11555;MARIA DOS ANJOS GAIGHER DE PAULA;4;1171;80000001044;EEEF CAMILA MOTA;R. NELSON DA COSTA MELLO, S/ N
07/12/2023;14:25:26;2016;2;ELEIÇÃO ORDINÁRIA;1;220;ELEIÇÕES MUNICIPAIS 2016;02/10/2016;M;ES;56057;ALFREDO CHAVES;56057;ALFREDO CHAVES;12;35;13;VEREADOR;40222;LUIZ JUNQUEIRA VIONEL;1;1171;80000001035;EEEF CAMILA MOTA;R. NELSON DA COSTA MELLO, S/ N
07/12/2023;14:25:26;2016;2;ELEIÇÃO ORDINÁRIA;1;220;ELEIÇÕES MUNICIPAIS 2016;02/10/2016;M;ES;56057;ALFREDO CHAVES;56057;ALFREDO CHAVES;12;35;13;VEREADOR;96;VOTO NULO;12;1171;-1;EEEF CAMILA MOTA;R. NELSON DA COSTA MELLO, S/ N
07/12/2023;14:25:26;2016;2;ELEIÇÃO ORDINÁRIA;1;220;ELEIÇÕES MUNICIPAIS 2016;02/10/2016;M;ES;56057;ALFREDO CHAVES;56057;ALFREDO CHAVES;12;35;13;VEREADOR;18123;ERVAN CESAR;1;1171;80000001644;EEEF CAMILA MOTA;R. NELSON DA COSTA MELLO, S/ N
07/12/2023;14:25:26;2016;2;ELEIÇÃO ORDINÁRIA;1;220;ELEIÇÕES MUNICIPAIS 2016;02/10/2016;M;ES;56057;ALFREDO CHAVES;56057;ALFREDO CHAVES;12;35;13;VEREADOR;45000;JONAS NUNES SIMÕES;23;1171;80000001041;EEEF CAMILA MOTA;R. NELSON DA COSTA MELLO, S/ N
07/12/2023;14:25:26;2016;2;ELEIÇÃO ORDINÁRIA;1;220;ELEIÇÕES MUNICIPAIS 2016;02/10/2016;M;ES;56057;ALFREDO CHAVES;56057;ALFREDO CHAVES;12;35;13;VEREADOR;55000;SERGIO BIANCHI;19;1171;80000001684;EEEF CAMILA MOTA;R. NELSON DA COSTA MELLO, S/ N
07/12/2023;14:25:26;2016;2;ELEIÇÃO ORDINÁRIA;1;220;ELEIÇÕES MUNICIPAIS 2016;02/10/2016;M;ES;56057;ALFREDO CHAVES;56057;ALFREDO CHAVES;12;35;13;VEREADOR;40333;JAQUELINE FRANZOTTI DA SILVA;1;1171;80000001032;EEEF CAMILA MOTA;R. NELSON DA COSTA MELLO, S/ N
07/12/2023;14:25:26;2016;2;ELEIÇÃO ORDINÁRIA;1;220;ELEIÇÕES MUNICIPAIS 2016;02/10/2016;M;ES;56057;ALFREDO CHAVES;56057;ALFREDO CHAVES;12;35;13;VEREADOR;25000;JANE CASTEGLIONE BETTCHER;16;1171;80000001642;EEEF CAMILA MOTA;R. NELSON DA COSTA MELLO, S/ N
07/12/2023;14:25:26;2016;2;ELEIÇÃO ORDINÁRIA;1;220;ELEIÇÕES MUNICIPAIS 2016;02/10/2016;M;ES;56057;ALFREDO CHAVES;56057;ALFREDO CHAVES;12;35;13;VEREADOR;40232;MARCIO CETTO;1;1171;80000001036;EEEF CAMILA MOTA;R. NELSON DA COSTA MELLO, S/ N
07/12/2023;14:25:26;2016;2;ELEIÇÃO ORDINÁRIA;1;220;ELEIÇÕES MUNICIPAIS 2016;02/10/2016;M;ES;56057;ALFREDO CHAVES;56057;ALFREDO CHAVES;12;35;13;VEREADOR;23612;ANDRÉ SARTORI;29;1171;80000001669;EEEF CAMILA MOTA;R. NELSON DA COSTA MELLO, S/ N
07/12/2023;14:25:26;2016;2;ELEIÇÃO ORDINÁRIA;1;220;ELEIÇÕES MUNICIPAIS 2016;02/10/2016;M;ES;56057;ALFREDO CHAVES;56057;ALFREDO CHAVES;12;35;13;VEREADOR;23123;CÁSSIO COMINOTTI DO NASCIMENTO;7;1171;80000001671;EEEF CAMILA MOTA;R. NELSON DA COSTA MELLO, S/ N
07/12/2023;14:25:26;2016;2;ELEIÇÃO ORDINÁRIA;1;220;ELEIÇÕES MUNICIPAIS 2016;02/10/2016;M;ES;56057;ALFREDO CHAVES;56057;ALFREDO CHAVES;12;35;13;VEREADOR;11000;ROSANA MARIA CARDOSO TAVARES;5;1171;80000001047;EEEF CAMILA MOTA;R. NELSON DA COSTA MELLO, S/ N
07/12/2023;14:25:26;2016;2;ELEIÇÃO ORDINÁRIA;1;220;ELEIÇÕES MUNICIPAIS 2016;02/10/2016;M;ES;56057;ALFREDO CHAVES;56057;ALFREDO CHAVES;12;35;13;VEREADOR;33333;ELTON ANTERIO CARDOSO BISI;25;1171;80000001023;EEEF CAMILA MOTA;R. NELSON DA COSTA MELLO, S/ N
07/12/2023;14:25:26;2016;2;ELEIÇÃO ORDINÁRIA;1;220;ELEIÇÕES MUNICIPAIS 2016;02/10/2016;M;ES;56057;ALFREDO CHAVES;56057;ALFREDO CHAVES;12;35;13;VEREADOR;40000;NILTON CESAR BELMOK;19;1171;80000001037;EEEF CAMILA MOTA;R. NELSON DA COSTA MELLO, S/ N
07/12/2023;14:25:26;2016;2;ELEIÇÃO ORDINÁRIA;1;220;ELEIÇÕES MUNICIPAIS 2016;02/10/2016;M;ES;56057;ALFREDO CHAVES;56057;ALFREDO CHAVES;12;35;13;VEREADOR;11123;PRIMO ARMELINDO BERGAMI;6;1171;80000001046;EEEF CAMILA MOTA;R. NELSON DA COSTA MELLO, S/ N
07/12/2023;14:25:26;2016;2;ELEIÇÃO ORDINÁRIA;1;220;ELEIÇÕES MUNICIPAIS 2016;02/10/2016;M;ES;56057;ALFREDO CHAVES;56057;ALFREDO CHAVES;12;35;13;VEREADOR;12345;ARMANDO ZANATA INGLE RIBEIRO;15;1171;80000001643;EEEF CAMILA MOTA;R. NELSON DA COSTA MELLO, S/ N
07/12/2023;14:25:26;2016;2;ELEIÇÃO ORDINÁRIA;1;220;ELEIÇÕES MUNICIPAIS 2016;02/10/2016;M;ES;56057;ALFREDO CHAVES;56057;ALFREDO CHAVES;12;35;13;VEREADOR;51234;SIMÃO LOPES DOS SANTOS;1;1171;80000001645;EEEF CAMILA MOTA;R. NELSON DA COSTA MELLO, S/ N
07/12/2023;14:25:26;2016;2;ELEIÇÃO ORDINÁRIA;1;220;ELEIÇÕES MUNICIPAIS 2016;02/10/2016;M;ES;56057;ALFREDO CHAVES;56057;ALFREDO CHAVES;12;35;13;VEREADOR;40119;RENATA DA SILVA PRATES;1;1171;80000001039;EEEF CAMILA MOTA;R. NELSON DA COSTA MELLO, S/ N
07/12/2023;14:25:26;2016;2;ELEIÇÃO ORDINÁRIA;1;220;ELEIÇÕES MUNICIPAIS 2016;02/10/2016;M;ES;56057;ALFREDO CHAVES;56057;ALFREDO CHAVES;12;35;11;PREFEITO;15;RONALDO BIANCHI;168;1171;80000003215;EEEF CAMILA MOTA;R. NELSON DA COSTA MELLO, S/ N
07/12/2023;14:25:26;2016;2;ELEIÇÃO ORDINÁRIA;1;220;ELEIÇÕES MUNICIPAIS 2016;02/10/2016;M;ES;56057;ALFREDO CHAVES;56057;ALFREDO CHAVES;12;35;13;VEREADOR;51000;JACINTA LUCIA SCARPARO;1;1171;80000001646;EEEF CAMILA MOTA;R. NELSON DA COSTA MELLO, S/ N
07/12/2023;14:25:26;2016;2;ELEIÇÃO ORDINÁRIA;1;220;ELEIÇÕES MUNICIPAIS 2016;02/10/2016;M;ES;56057;ALFREDO CHAVES;56057;ALFREDO CHAVES;12;35;13;VEREADOR;40111;CHARLES GAIGHER;3;1171;80000001030;EEEF CAMILA MOTA;R. NELSON DA COSTA MELLO, S/ N
07/12/2023;14:25:26;2016;2;ELEIÇÃO ORDINÁRIA;1;220;ELEIÇÕES MUNICIPAIS 2016;02/10/2016;M;ES;56057;ALFREDO CHAVES;56057;ALFREDO CHAVES;12;35;13;VEREADOR;15100;JOSÉ MANOEL RODRIGUES FERREIRA;1;1171;80000001678;EEEF CAMILA MOTA;R. NELSON DA COSTA MELLO, S/ N
07/12/2023;14:25:26;2016;2;ELEIÇÃO ORDINÁRIA;1;220;ELEIÇÕES MUNICIPAIS 2016;02/10/2016;M;ES;56057;ALFREDO CHAVES;56057;ALFREDO CHAVES;12;35;13;VEREADOR;95;VOTO BRANCO;1;1171;-1;EEEF CAMILA MOTA;R. NELSON DA COSTA MELLO, S/ N
07/12/2023;14:25:26;2016;2;ELEIÇÃO ORDINÁRIA;1;220;ELEIÇÕES MUNICIPAIS 2016;02/10/2016;M;ES;56057;ALFREDO CHAVES;56057;ALFREDO CHAVES;12;7;13;VEREADOR;40333;JAQUELINE FRANZOTTI DA SILVA;2;1171;80000001032;EEEF CAMILA MOTA;R. NELSON DA COSTA MELLO, S/ N
07/12/2023;14:25:26;2016;2;ELEIÇÃO ORDINÁRIA;1;220;ELEIÇÕES MUNICIPAIS 2016;02/10/2016;M;ES;56057;ALFREDO CHAVES;56057;ALFREDO CHAVES;12;7;13;VEREADOR;25000;JANE CASTEGLIONE BETTCHER;10;1171;80000001642;EEEF CAMILA MOTA;R. NELSON DA COSTA MELLO, S/ N
07/12/2023;14:25:26;2016;2;ELEIÇÃO ORDINÁRIA;1;220;ELEIÇÕES MUNICIPAIS 2016;02/10/2016;M;ES;56057;ALFREDO CHAVES;56057;ALFREDO CHAVES;12;7;13;VEREADOR;40232;MARCIO CETTO;2;1171;80000001036;EEEF CAMILA MOTA;R. NELSON DA COSTA MELLO, S/ N
07/12/2023;14:25:26;2016;2;ELEIÇÃO ORDINÁRIA;1;220;ELEIÇÕES MUNICIPAIS 2016;02/10/2016;M;ES;56057;ALFREDO CHAVES;56057;ALFREDO CHAVES;12;7;13;VEREADOR;23612;ANDRÉ SARTORI;19;1171;80000001669;EEEF CAMILA MOTA;R. NELSON DA COSTA MELLO, S/ N
07/12/2023;14:25:26;2016;2;ELEIÇÃO ORDINÁRIA;1;220;ELEIÇÕES MUNICIPAIS 2016;02/10/2016;M;ES;56057;ALFREDO CHAVES;56057;ALFREDO CHAVES;12;7;13;VEREADOR;23123;CÁSSIO COMINOTTI DO NASCIMENTO;8;1171;80000001671;EEEF CAMILA MOTA;R. NELSON DA COSTA MELLO, S/ N
07/12/2023;14:25:26;2016;2;ELEIÇÃO ORDINÁRIA;1;220;ELEIÇÕES MUNICIPAIS 2016;02/10/2016;M;ES;56057;ALFREDO CHAVES;56057;ALFREDO CHAVES;12;7;13;VEREADOR;11000;ROSANA MARIA CARDOSO TAVARES;2;1171;80000001047;EEEF CAMILA MOTA;R. NELSON DA COSTA MELLO, S/ N
07/12/2023;14:25:26;2016;2;ELEIÇÃO ORDINÁRIA;1;220;ELEIÇÕES MUNICIPAIS 2016;02/10/2016;M;ES;56057;ALFREDO CHAVES;56057;ALFREDO CHAVES;12;7;13;VEREADOR;33333;ELTON ANTERIO CARDOSO BISI;11;1171;80000001023;EEEF CAMILA MOTA;R. NELSON DA COSTA MELLO, S/ N
07/12/2023;14:25:26;2016;2;ELEIÇÃO ORDINÁRIA;1;220;ELEIÇÕES MUNICIPAIS 2016;02/10/2016;M;ES;56057;ALFREDO CHAVES;56057;ALFREDO CHAVES;12;7;13;VEREADOR;40000;NILTON CESAR BELMOK;11;1171;80000001037;EEEF CAMILA MOTA;R. NELSON DA COSTA MELLO, S/ N
07/12/2023;14:25:26;2016;2;ELEIÇÃO ORDINÁRIA;1;220;ELEIÇÕES MUNICIPAIS 2016;02/10/2016;M;ES;56057;ALFREDO CHAVES;56057;ALFREDO CHAVES;12;7;13;VEREADOR;11123;PRIMO ARMELINDO BERGAMI;1;1171;80000001046;EEEF CAMILA MOTA;R. NELSON DA COSTA MELLO, S/ N
07/12/2023;14:25:26;2016;2;ELEIÇÃO ORDINÁRIA;1;220;ELEIÇÕES MUNICIPAIS 2016;02/10/2016;M;ES;56057;ALFREDO CHAVES;56057;ALFREDO CHAVES;12;7;13;VEREADOR;12345;ARMANDO ZANATA INGLE RIBEIRO;11;1171;80000001643;EEEF CAMILA MOTA;R. NELSON DA COSTA MELLO, S/ N
07/12/2023;14:25:26;2016;2;ELEIÇÃO ORDINÁRIA;1;220;ELEIÇÕES MUNICIPAIS 2016;02/10/2016;M;ES;56057;ALFREDO CHAVES;56057;ALFREDO CHAVES;12;7;13;VEREADOR;40119;RENATA DA SILVA PRATES;1;1171;80000001039;EEEF CAMILA MOTA;R. NELSON DA COSTA MELLO, S/ N
07/12/2023;14:25:26;2016;2;ELEIÇÃO ORDINÁRIA;1;220;ELEIÇÕES MUNICIPAIS 2016;02/10/2016;M;ES;56057;ALFREDO CHAVES;56057;ALFREDO CHAVES;12;7;11;PREFEITO;15;RONALDO BIANCHI;134;1171;80000003215;EEEF CAMILA MOTA;R. NELSON DA COSTA MELLO, S/ N
07/12/2023;14:25:26;2016;2;ELEIÇÃO ORDINÁRIA;1;220;ELEIÇÕES MUNICIPAIS 2016;02/10/2016;M;ES;56057;ALFREDO CHAVES;56057;ALFREDO CHAVES;12;7;13;VEREADOR;40111;CHARLES GAIGHER;11;1171;80000001030;EEEF CAMILA MOTA;R. NELSON DA COSTA MELLO, S/ N
07/12/2023;14:25:26;2016;2;ELEIÇÃO ORDINÁRIA;1;220;ELEIÇÕES MUNICIPAIS 2016;02/10/2016;M;ES;56057;ALFREDO CHAVES;56057;ALFREDO CHAVES;12;7;13;VEREADOR;95;VOTO BRANCO;1;1171;-1;EEEF CAMILA MOTA;R. NELSON DA COSTA MELLO, S/ N
07/12/2023;14:25:26;2016;2;ELEIÇÃO ORDINÁRIA;1;220;ELEIÇÕES MUNICIPAIS 2016;02/10/2016;M;ES;56057;ALFREDO CHAVES;56057;ALFREDO CHAVES;12;10;13;VEREADOR;13123;JOSÉ DOMINGOS GOTTARDO;2;1040;80000001647;EEEF DE CRUBIXÁ;R. PRINCIPAL, S/ Nº
07/12/2023;14:25:26;2016;2;ELEIÇÃO ORDINÁRIA;1;220;ELEIÇÕES MUNICIPAIS 2016;02/10/2016;M;ES;56057;ALFREDO CHAVES;56057;ALFREDO CHAVES;12;10;13;VEREADOR;40789;ADILSON JOSE ROVETA;4;1040;80000001028;EEEF DE CRUBIXÁ;R. PRINCIPAL, S/ Nº
07/12/2023;14:25:26;2016;2;ELEIÇÃO ORDINÁRIA;1;220;ELEIÇÕES MUNICIPAIS 2016;02/10/2016;M;ES;56057;ALFREDO CHAVES;56057;ALFREDO CHAVES;12;10;11;PREFEITO;40;FERNANDO VIDEIRA LAFAYETTE;153;1040;80000001058;EEEF DE CRUBIXÁ;R. PRINCIPAL, S/ Nº
07/12/2023;14:25:26;2016;2;ELEIÇÃO ORDINÁRIA;1;220;ELEIÇÕES MUNICIPAIS 2016;02/10/2016;M;ES;56057;ALFREDO CHAVES;56057;ALFREDO CHAVES;12;10;13;VEREADOR;15555;HELENA MARIA FIORIN FAVERO;4;1040;80000001677;EEEF DE CRUBIXÁ;R. PRINCIPAL, S/ Nº
07/12/2023;14:25:26;2016;2;ELEIÇÃO ORDINÁRIA;1;220;ELEIÇÕES MUNICIPAIS 2016;02/10/2016;M;ES;56057;ALFREDO CHAVES;56057;ALFREDO CHAVES;12;10;13;VEREADOR;40456;SERAFINO ANTÔNIO SIMONI;5;1040;80000001024;EEEF DE CRUBIXÁ;R. PRINCIPAL, S/ Nº
07/12/2023;14:25:26;2016;2;ELEIÇÃO ORDINÁRIA;1;220;ELEIÇÕES MUNICIPAIS 2016;02/10/2016;M;ES;56057;ALFREDO CHAVES;56057;ALFREDO CHAVES;12;10;13;VEREADOR;15000;DANIEL ORLANDI;34;1040;80000001672;EEEF DE CRUBIXÁ;R. PRINCIPAL, S/ Nº
07/12/2023;14:25:26;2016;2;ELEIÇÃO ORDINÁRIA;1;220;ELEIÇÕES MUNICIPAIS 2016;02/10/2016;M;ES;56057;ALFREDO CHAVES;56057;ALFREDO CHAVES;12;10;13;VEREADOR;15311;NARCISO DE ABREU GRASSI;15;1040;80000001679;EEEF DE CRUBIXÁ;R. PRINCIPAL, S/ Nº
07/12/2023;14:25:26;2016;2;ELEIÇÃO ORDINÁRIA;1;220;ELEIÇÕES MUNICIPAIS 2016;02/10/2016;M;ES;56057;ALFREDO CHAVES;56057;ALFREDO CHAVES;12;10;13;VEREADOR;23666;PAULO MUNALDI;2;1040;80000001680;EEEF DE CRUBIXÁ;R. PRINCIPAL, S/ Nº
07/12/2023;14:25:26;2016;2;ELEIÇÃO ORDINÁRIA;1;220;ELEIÇÕES MUNICIPAIS 2016;02/10/2016;M;ES;56057;ALFREDO CHAVES;56057;ALFREDO CHAVES;12;10;13;VEREADOR;20333;MARCO ANTONIO MOZER;1;1040;80000001053;EEEF DE CRUBIXÁ;R. PRINCIPAL, S/ Nº
07/12/2023;14:25:26;2016;2;ELEIÇÃO ORDINÁRIA;1;220;ELEIÇÕES MUNICIPAIS 2016;02/10/2016;M;ES;56057;ALFREDO CHAVES;56057;ALFREDO CHAVES;12;10;11;PREFEITO;96;VOTO NULO;7;1040;-1;EEEF DE CRUBIXÁ;R. PRINCIPAL, S/ Nº
07/12/2023;14:25:26;2016;2;ELEIÇÃO ORDINÁRIA;1;220;ELEIÇÕES MUNICIPAIS 2016;02/10/2016;M;ES;56057;ALFREDO CHAVES;56057;ALFREDO CHAVES;12;10;13;VEREADOR;40400;DARCY MARCHIORI DE PAULA GAIGHER;1;1040;80000001025;EEEF DE CRUBIXÁ;R. PRINCIPAL, S/ Nº
07/12/2023;14:25:26;2016;2;ELEIÇÃO ORDINÁRIA;1;220;ELEIÇÕES MUNICIPAIS 2016;02/10/2016;M;ES;56057;ALFREDO CHAVES;56057;ALFREDO CHAVES;12;10;13;VEREADOR;45123;EDIMAR VANELI;9;1040;80000001040;EEEF DE CRUBIXÁ;R. PRINCIPAL, S/ Nº
07/12/2023;14:25:26;2016;2;ELEIÇÃO ORDINÁRIA;1;220;ELEIÇÕES MUNICIPAIS 2016;02/10/2016;M;ES;56057;ALFREDO CHAVES;56057;ALFREDO CHAVES;12;10;11;PREFEITO;95;VOTO BRANCO;4;1040;-1;EEEF DE CRUBIXÁ;R. PRINCIPAL, S/ Nº
07/12/2023;14:25:26;2016;2;ELEIÇÃO ORDINÁRIA;1;220;ELEIÇÕES MUNICIPAIS 2016;02/10/2016;M;ES;56057;ALFREDO CHAVES;56057;ALFREDO CHAVES;12;10;13;VEREADOR;40321;GILSON LUIZ BELLON;3;1040;80000001031;EEEF DE CRUBIXÁ;R. PRINCIPAL, S/ Nº
07/12/2023;14:25:26;2016;2;ELEIÇÃO ORDINÁRIA;1;220;ELEIÇÕES MUNICIPAIS 2016;02/10/2016;M;ES;56057;ALFREDO CHAVES;56057;ALFREDO CHAVES;12;10;13;VEREADOR;40444;PASCOAL GARCIA MARTINS;1;1040;80000001038;EEEF DE CRUBIXÁ;R. PRINCIPAL, S/ Nº
07/12/2023;14:25:26;2016;2;ELEIÇÃO ORDINÁRIA;1;220;ELEIÇÕES MUNICIPAIS 2016;02/10/2016;M;ES;56057;ALFREDO CHAVES;56057;ALFREDO CHAVES;12;10;13;VEREADOR;11964;MARIA MAGDALENA NASCIMENTO;2;1040;80000001045;EEEF DE CRUBIXÁ;R. PRINCIPAL, S/ Nº
07/12/2023;14:25:26;2016;2;ELEIÇÃO ORDINÁRIA;1;220;ELEIÇÕES MUNICIPAIS 2016;02/10/2016;M;ES;56057;ALFREDO CHAVES;56057;ALFREDO CHAVES;12;10;13;VEREADOR;40202;LAURO ALVES PEREIRA;3;1040;80000001034;EEEF DE CRUBIXÁ;R. PRINCIPAL, S/ Nº
07/12/2023;14:25:26;2016;2;ELEIÇÃO ORDINÁRIA;1;220;ELEIÇÕES MUNICIPAIS 2016;02/10/2016;M;ES;56057;ALFREDO CHAVES;56057;ALFREDO CHAVES;12;10;13;VEREADOR;96;VOTO NULO;4;1040;-1;EEEF DE CRUBIXÁ;R. PRINCIPAL, S/ Nº
07/12/2023;14:25:26;2016;2;ELEIÇÃO ORDINÁRIA;1;220;ELEIÇÕES MUNICIPAIS 2016;02/10/2016;M;ES;56057;ALFREDO CHAVES;56057;ALFREDO CHAVES;12;10;13;VEREADOR;45000;JONAS NUNES SIMÕES;22;1040;80000001041;EEEF DE CRUBIXÁ;R. PRINCIPAL, S/ Nº
07/12/2023;14:25:26;2016;2;ELEIÇÃO ORDINÁRIA;1;220;ELEIÇÕES MUNICIPAIS 2016;02/10/2016;M;ES;56057;ALFREDO CHAVES;56057;ALFREDO CHAVES;12;10;13;VEREADOR;55000;SERGIO BIANCHI;3;1040;80000001684;EEEF DE CRUBIXÁ;R. PRINCIPAL, S/ Nº
07/12/2023;14:25:26;2016;2;ELEIÇÃO ORDINÁRIA;1;220;ELEIÇÕES MUNICIPAIS 2016;02/10/2016;M;ES;56057;ALFREDO CHAVES;56057;ALFREDO CHAVES;12;10;13;VEREADOR;23612;ANDRÉ SARTORI;10;1040;80000001669;EEEF DE CRUBIXÁ;R. PRINCIPAL, S/ Nº
07/12/2023;14:25:26;2016;2;ELEIÇÃO ORDINÁRIA;1;220;ELEIÇÕES MUNICIPAIS 2016;02/10/2016;M;ES;56057;ALFREDO CHAVES;56057;ALFREDO CHAVES;12;10;13;VEREADOR;23123;CÁSSIO COMINOTTI DO NASCIMENTO;1;1040;80000001671;EEEF DE CRUBIXÁ;R. PRINCIPAL, S/ Nº
07/12/2023;14:25:26;2016;2;ELEIÇÃO ORDINÁRIA;1;220;ELEIÇÕES MUNICIPAIS 2016;02/10/2016;M;ES;56057;ALFREDO CHAVES;56057;ALFREDO CHAVES;12;10;13;VEREADOR;33333;ELTON ANTERIO CARDOSO BISI;3;1040;80000001023;EEEF DE CRUBIXÁ;R. PRINCIPAL, S/ Nº
07/12/2023;14:25:26;2016;2;ELEIÇÃO ORDINÁRIA;1;220;ELEIÇÕES MUNICIPAIS 2016;02/10/2016;M;ES;56057;ALFREDO CHAVES;56057;ALFREDO CHAVES;12;10;13;VEREADOR;40000;NILTON CESAR BELMOK;8;1040;80000001037;EEEF DE CRUBIXÁ;R. PRINCIPAL, S/ Nº
07/12/2023;14:25:26;2016;2;ELEIÇÃO ORDINÁRIA;1;220;ELEIÇÕES MUNICIPAIS 2016;02/10/2016;M;ES;56057;ALFREDO CHAVES;56057;ALFREDO CHAVES;12;10;13;VEREADOR;11123;PRIMO ARMELINDO BERGAMI;57;1040;80000001046;EEEF DE CRUBIXÁ;R. PRINCIPAL, S/ Nº
07/12/2023;14:25:26;2016;2;ELEIÇÃO ORDINÁRIA;1;220;ELEIÇÕES MUNICIPAIS 2016;02/10/2016;M;ES;56057;ALFREDO CHAVES;56057;ALFREDO CHAVES;12;10;13;VEREADOR;11111;AMELIA DUARTE BEZERRA;3;1040;80000001043;EEEF DE CRUBIXÁ;R. PRINCIPAL, S/ Nº
07/12/2023;14:25:26;2016;2;ELEIÇÃO ORDINÁRIA;1;220;ELEIÇÕES MUNICIPAIS 2016;02/10/2016;M;ES;56057;ALFREDO CHAVES;56057;ALFREDO CHAVES;12;10;13;VEREADOR;12345;ARMANDO ZANATA INGLE RIBEIRO;6;1040;80000001643;EEEF DE CRUBIXÁ;R. PRINCIPAL, S/ Nº
07/12/2023;14:25:26;2016;2;ELEIÇÃO ORDINÁRIA;1;220;ELEIÇÕES MUNICIPAIS 2016;02/10/2016;M;ES;56057;ALFREDO CHAVES;56057;ALFREDO CHAVES;12;10;11;PREFEITO;15;RONALDO BIANCHI;109;1040;80000003215;EEEF DE CRUBIXÁ;R. PRINCIPAL, S/ Nº
07/12/2023;14:25:26;2016;2;ELEIÇÃO ORDINÁRIA;1;220;ELEIÇÕES MUNICIPAIS 2016;02/10/2016;M;ES;56057;ALFREDO CHAVES;56057;ALFREDO CHAVES;12;10;13;VEREADOR;51000;JACINTA LUCIA SCARPARO;29;1040;80000001646;EEEF DE CRUBIXÁ;R. PRINCIPAL, S/ Nº
07/12/2023;14:25:26;2016;2;ELEIÇÃO ORDINÁRIA;1;220;ELEIÇÕES MUNICIPAIS 2016;02/10/2016;M;ES;56057;ALFREDO CHAVES;56057;ALFREDO CHAVES;12;10;13;VEREADOR;40111;CHARLES GAIGHER;25;1040;80000001030;EEEF DE CRUBIXÁ;R. PRINCIPAL, S/ Nº
07/12/2023;14:25:26;2016;2;ELEIÇÃO ORDINÁRIA;1;220;ELEIÇÕES MUNICIPAIS 2016;02/10/2016;M;ES;56057;ALFREDO CHAVES;56057;ALFREDO CHAVES;12;10;13;VEREADOR;15100;JOSÉ MANOEL RODRIGUES FERREIRA;1;1040;80000001678;EEEF DE CRUBIXÁ;R. PRINCIPAL, S/ Nº
07/12/2023;14:25:26;2016;2;ELEIÇÃO ORDINÁRIA;1;220;ELEIÇÕES MUNICIPAIS 2016;02/10/2016;M;ES;56057;ALFREDO CHAVES;56057;ALFREDO CHAVES;12;10;13;VEREADOR;95;VOTO BRANCO;3;1040;-1;EEEF DE CRUBIXÁ;R. PRINCIPAL, S/ Nº
07/12/2023;14:25:26;2016;2;ELEIÇÃO ORDINÁRIA;1;220;ELEIÇÕES MUNICIPAIS 2016;02/10/2016;M;ES;56057;ALFREDO CHAVES;56057;ALFREDO CHAVES;12;18;13;VEREADOR;33333;ELTON ANTERIO CARDOSO BISI;2;1090;80000001023;EPSG FELIPE MODOLO;R. PRINCIPAL, S/ N
07/12/2023;14:25:26;2016;2;ELEIÇÃO ORDINÁRIA;1;220;ELEIÇÕES MUNICIPAIS 2016;02/10/2016;M;ES;56057;ALFREDO CHAVES;56057;ALFREDO CHAVES;12;18;13;VEREADOR;40000;NILTON CESAR BELMOK;5;1090;80000001037;EPSG FELIPE MODOLO;R. PRINCIPAL, S/ N
07/12/2023;14:25:26;2016;2;ELEIÇÃO ORDINÁRIA;1;220;ELEIÇÕES MUNICIPAIS 2016;02/10/2016;M;ES;56057;ALFREDO CHAVES;56057;ALFREDO CHAVES;12;18;13;VEREADOR;11123;PRIMO ARMELINDO BERGAMI;6;1090;80000001046;EPSG FELIPE MODOLO;R. PRINCIPAL, S/ N
07/12/2023;14:25:26;2016;2;ELEIÇÃO ORDINÁRIA;1;220;ELEIÇÕES MUNICIPAIS 2016;02/10/2016;M;ES;56057;ALFREDO CHAVES;56057;ALFREDO CHAVES;12;18;13;VEREADOR;12345;ARMANDO ZANATA INGLE RIBEIRO;25;1090;80000001643;EPSG FELIPE MODOLO;R. PRINCIPAL, S/ N
07/12/2023;14:25:26;2016;2;ELEIÇÃO ORDINÁRIA;1;220;ELEIÇÕES MUNICIPAIS 2016;02/10/2016;M;ES;56057;ALFREDO CHAVES;56057;ALFREDO CHAVES;12;18;13;VEREADOR;51234;SIMÃO LOPES DOS SANTOS;7;1090;80000001645;EPSG FELIPE MODOLO;R. PRINCIPAL, S/ N
07/12/2023;14:25:26;2016;2;ELEIÇÃO ORDINÁRIA;1;220;ELEIÇÕES MUNICIPAIS 2016;02/10/2016;M;ES;56057;ALFREDO CHAVES;56057;ALFREDO CHAVES;12;18;11;PREFEITO;15;RONALDO BIANCHI;130;1090;80000003215;EPSG FELIPE MODOLO;R. PRINCIPAL, S/ N
07/12/2023;14:25:26;2016;2;ELEIÇÃO ORDINÁRIA;1;220;ELEIÇÕES MUNICIPAIS 2016;02/10/2016;M;ES;56057;ALFREDO CHAVES;56057;ALFREDO CHAVES;12;18;13;VEREADOR;40111;CHARLES GAIGHER;14;1090;80000001030;EPSG FELIPE MODOLO;R. PRINCIPAL, S/ N
07/12/2023;14:25:26;2016;2;ELEIÇÃO ORDINÁRIA;1;220;ELEIÇÕES MUNICIPAIS 2016;02/10/2016;M;ES;56057;ALFREDO CHAVES;56057;ALFREDO CHAVES;12;18;13;VEREADOR;95;VOTO BRANCO;2;1090;-1;EPSG FELIPE MODOLO;R. PRINCIPAL, S/ N
07/12/2023;14:25:26;2016;2;ELEIÇÃO ORDINÁRIA;1;220;ELEIÇÕES MUNICIPAIS 2016;02/10/2016;M;ES;56057;ALFREDO CHAVES;56057;ALFREDO CHAVES;12;20;13;VEREADOR;19000;ITAGIBA AUGUSTO VIANA MATTOS;6;1112;80000001055;SALÃO DA IGREJA CATÓLICA DE CACHOEIRA ALTA;R. PRINCIPAL, S/ N
07/12/2023;14:25:26;2016;2;ELEIÇÃO ORDINÁRIA;1;220;ELEIÇÕES MUNICIPAIS 2016;02/10/2016;M;ES;56057;ALFREDO CHAVES;56057;ALFREDO CHAVES;12;20;13;VEREADOR;40147;JUCIMARA NIQUETTE;1;1112;80000001033;SALÃO DA IGREJA CATÓLICA DE CACHOEIRA ALTA;R. PRINCIPAL, S/ N
07/12/2023;14:25:26;2016;2;ELEIÇÃO ORDINÁRIA;1;220;ELEIÇÕES MUNICIPAIS 2016;02/10/2016;M;ES;56057;ALFREDO CHAVES;56057;ALFREDO CHAVES;12;20;13;VEREADOR;40789;ADILSON JOSE ROVETA;1;1112;80000001028;SALÃO DA IGREJA CATÓLICA DE CACHOEIRA ALTA;R. PRINCIPAL, S/ N
07/12/2023;14:25:26;2016;2;ELEIÇÃO ORDINÁRIA;1;220;ELEIÇÕES MUNICIPAIS 2016;02/10/2016;M;ES;56057;ALFREDO CHAVES;56057;ALFREDO CHAVES;12;20;11;PREFEITO;40;FERNANDO VIDEIRA LAFAYETTE;169;1112;80000001058;SALÃO DA IGREJA CATÓLICA DE CACHOEIRA ALTA;R. PRINCIPAL, S/ N
07/12/2023;14:25:26;2016;2;ELEIÇÃO ORDINÁRIA;1;220;ELEIÇÕES MUNICIPAIS 2016;02/10/2016;M;ES;56057;ALFREDO CHAVES;56057;ALFREDO CHAVES;12;20;13;VEREADOR;40456;SERAFINO ANTÔNIO SIMONI;3;1112;80000001024;SALÃO DA IGREJA CATÓLICA DE CACHOEIRA ALTA;R. PRINCIPAL, S/ N
07/12/2023;14:25:26;2016;2;ELEIÇÃO ORDINÁRIA;1;220;ELEIÇÕES MUNICIPAIS 2016;02/10/2016;M;ES;56057;ALFREDO CHAVES;56057;ALFREDO CHAVES;12;20;13;VEREADOR;23333;RENATO CARDOSO;3;1112;80000001681;SALÃO DA IGREJA CATÓLICA DE CACHOEIRA ALTA;R. PRINCIPAL, S/ N
07/12/2023;14:25:26;2016;2;ELEIÇÃO ORDINÁRIA;1;220;ELEIÇÕES MUNICIPAIS 2016;02/10/2016;M;ES;56057;ALFREDO CHAVES;56057;ALFREDO CHAVES;12;20;13;VEREADOR;15000;DANIEL ORLANDI;7;1112;80000001672;SALÃO DA IGREJA CATÓLICA DE CACHOEIRA ALTA;R. PRINCIPAL, S/ N
07/12/2023;14:25:26;2016;2;ELEIÇÃO ORDINÁRIA;1;220;ELEIÇÕES MUNICIPAIS 2016;02/10/2016;M;ES;56057;ALFREDO CHAVES;56057;ALFREDO CHAVES;12;20;13;VEREADOR;23111;FERNANDO ALVES;2;1112;80000001675;SALÃO DA IGREJA CATÓLICA DE CACHOEIRA ALTA;R. PRINCIPAL, S/ N
07/12/2023;14:25:26;2016;2;ELEIÇÃO ORDINÁRIA;1;220;ELEIÇÕES MUNICIPAIS 2016;02/10/2016;M;ES;56057;ALFREDO CHAVES;56057;ALFREDO CHAVES;12;20;13;VEREADOR;20789;JOSE MARIO DE ANDRADE FERREIRA;14;1112;80000001052;SALÃO DA IGREJA CATÓLICA DE CACHOEIRA ALTA;R. PRINCIPAL, S/ N
07/12/2023;14:25:26;2016;2;ELEIÇÃO ORDINÁRIA;1;220;ELEIÇÕES MUNICIPAIS 2016;02/10/2016;M;ES;56057;ALFREDO CHAVES;56057;ALFREDO CHAVES;12;20;13;VEREADOR;15311;NARCISO DE ABREU GRASSI;22;1112;80000001679;SALÃO DA IGREJA CATÓLICA DE CACHOEIRA ALTA;R. PRINCIPAL, S/ N
07/12/2023;14:25:26;2016;2;ELEIÇÃO ORDINÁRIA;1;220;ELEIÇÕES MUNICIPAIS 2016;02/10/2016;M;ES;56057;ALFREDO CHAVES;56057;ALFREDO CHAVES;12;20;13;VEREADOR;23666;PAULO MUNALDI;11;1112;80000001680;SALÃO DA IGREJA CATÓLICA DE CACHOEIRA ALTA;R. PRINCIPAL, S/ N
07/12/2023;14:25:26;2016;2;ELEIÇÃO ORDINÁRIA;1;220;ELEIÇÕES MUNICIPAIS 2016;02/10/2016;M;ES;56057;ALFREDO CHAVES;56057;ALFREDO CHAVES;12;20;11;PREFEITO;96;VOTO NULO;8;1112;-1;SALÃO DA IGREJA CATÓLICA DE CACHOEIRA ALTA;R. PRINCIPAL, S/ N
07/12/2023;14:25:26;2016;2;ELEIÇÃO ORDINÁRIA;1;220;ELEIÇÕES MUNICIPAIS 2016;02/10/2016;M;ES;56057;ALFREDO CHAVES;56057;ALFREDO CHAVES;12;20;13;VEREADOR;40400;DARCY MARCHIORI DE PAULA GAIGHER;11;1112;80000001025;SALÃO DA IGREJA CATÓLICA DE CACHOEIRA ALTA;R. PRINCIPAL, S/ N
07/12/2023;14:25:26;2016;2;ELEIÇÃO ORDINÁRIA;1;220;ELEIÇÕES MUNICIPAIS 2016;02/10/2016;M;ES;56057;ALFREDO CHAVES;56057;ALFREDO CHAVES;12;20;13;VEREADOR;45123;EDIMAR VANELI;1;1112;80000001040;SALÃO DA IGREJA CATÓLICA DE CACHOEIRA ALTA;R. PRINCIPAL, S/ N
07/12/2023;14:25:26;2016;2;ELEIÇÃO ORDINÁRIA;1;220;ELEIÇÕES MUNICIPAIS 2016;02/10/2016;M;ES;56057;ALFREDO CHAVES;56057;ALFREDO CHAVES;12;20;11;PREFEITO;95;VOTO BRANCO;5;1112;-1;SALÃO DA IGREJA CATÓLICA DE CACHOEIRA ALTA;R. PRINCIPAL, S/ N
07/12/2023;14:25:26;2016;2;ELEIÇÃO ORDINÁRIA;1;220;ELEIÇÕES MUNICIPAIS 2016;02/10/2016;M;ES;56057;ALFREDO CHAVES;56057;ALFREDO CHAVES;12;20;13;VEREADOR;40321;GILSON LUIZ BELLON;5;1112;80000001031;SALÃO DA IGREJA CATÓLICA DE CACHOEIRA ALTA;R. PRINCIPAL, S/ N
07/12/2023;14:25:26;2016;2;ELEIÇÃO ORDINÁRIA;1;220;ELEIÇÕES MUNICIPAIS 2016;02/10/2016;M;ES;56057;ALFREDO CHAVES;56057;ALFREDO CHAVES;12;20;13;VEREADOR;40444;PASCOAL GARCIA MARTINS;3;1112;80000001038;SALÃO DA IGREJA CATÓLICA DE CACHOEIRA ALTA;R. PRINCIPAL, S/ N
07/12/2023;14:25:26;2016;2;ELEIÇÃO ORDINÁRIA;1;220;ELEIÇÕES MUNICIPAIS 2016;02/10/2016;M;ES;56057;ALFREDO CHAVES;56057;ALFREDO CHAVES;12;20;13;VEREADOR;40777;MARINALVA ALVES DA SILVA;2;1112;80000001027;SALÃO DA IGREJA CATÓLICA DE CACHOEIRA ALTA;R. PRINCIPAL, S/ N
07/12/2023;14:25:26;2016;2;ELEIÇÃO ORDINÁRIA;1;220;ELEIÇÕES MUNICIPAIS 2016;02/10/2016;M;ES;56057;ALFREDO CHAVES;56057;ALFREDO CHAVES;12;20;13;VEREADOR;11964;MARIA MAGDALENA NASCIMENTO;14;1112;80000001045;SALÃO DA IGREJA CATÓLICA DE CACHOEIRA ALTA;R. PRINCIPAL, S/ N
07/12/2023;14:25:26;2016;2;ELEIÇÃO ORDINÁRIA;1;220;ELEIÇÕES MUNICIPAIS 2016;02/10/2016;M;ES;56057;ALFREDO CHAVES;56057;ALFREDO CHAVES;12;20;13;VEREADOR;40202;LAURO ALVES PEREIRA;1;1112;80000001034;SALÃO DA IGREJA CATÓLICA DE CACHOEIRA ALTA;R. PRINCIPAL, S/ N
07/12/2023;14:25:26;2016;2;ELEIÇÃO ORDINÁRIA;1;220;ELEIÇÕES MUNICIPAIS 2016;02/10/2016;M;ES;56057;ALFREDO CHAVES;56057;ALFREDO CHAVES;12;20;13;VEREADOR;15500;CAROLINA BONELLA GRASSI;1;1112;80000001670;SALÃO DA IGREJA CATÓLICA DE CACHOEIRA ALTA;R. PRINCIPAL, S/ N
07/12/2023;14:25:26;2016;2;ELEIÇÃO ORDINÁRIA;1;220;ELEIÇÕES MUNICIPAIS 2016;02/10/2016;M;ES;56057;ALFREDO CHAVES;56057;ALFREDO CHAVES;12;20;13;VEREADOR;11555;MARIA DOS ANJOS GAIGHER DE PAULA;20;1112;80000001044;SALÃO DA IGREJA CATÓLICA DE CACHOEIRA ALTA;R. PRINCIPAL, S/ N
07/12/2023;14:25:26;2016;2;ELEIÇÃO ORDINÁRIA;1;220;ELEIÇÕES MUNICIPAIS 2016;02/10/2016;M;ES;56057;ALFREDO CHAVES;56057;ALFREDO CHAVES;12;20;13;VEREADOR;40222;LUIZ JUNQUEIRA VIONEL;6;1112;80000001035;SALÃO DA IGREJA CATÓLICA DE CACHOEIRA ALTA;R. PRINCIPAL, S/ N
07/12/2023;14:25:26;2016;2;ELEIÇÃO ORDINÁRIA;1;220;ELEIÇÕES MUNICIPAIS 2016;02/10/2016;M;ES;56057;ALFREDO CHAVES;56057;ALFREDO CHAVES;12;20;13;VEREADOR;96;VOTO NULO;6;1112;-1;SALÃO DA IGREJA CATÓLICA DE CACHOEIRA ALTA;R. PRINCIPAL, S/ N
07/12/2023;14:25:26;2016;2;ELEIÇÃO ORDINÁRIA;1;220;ELEIÇÕES MUNICIPAIS 2016;02/10/2016;M;ES;56057;ALFREDO CHAVES;56057;ALFREDO CHAVES;12;20;13;VEREADOR;18123;ERVAN CESAR;2;1112;80000001644;SALÃO DA IGREJA CATÓLICA DE CACHOEIRA ALTA;R. PRINCIPAL, S/ N
07/12/2023;14:25:26;2016;2;ELEIÇÃO ORDINÁRIA;1;220;ELEIÇÕES MUNICIPAIS 2016;02/10/2016;M;ES;56057;ALFREDO CHAVES;56057;ALFREDO CHAVES;12;20;13;VEREADOR;55000;SERGIO BIANCHI;9;1112;80000001684;SALÃO DA IGREJA CATÓLICA DE CACHOEIRA ALTA;R. PRINCIPAL, S/ N
07/12/2023;14:25:26;2016;2;ELEIÇÃO ORDINÁRIA;1;220;ELEIÇÕES MUNICIPAIS 2016;02/10/2016;M;ES;56057;ALFREDO CHAVES;56057;ALFREDO CHAVES;12;20;13;VEREADOR;45000;JONAS NUNES SIMÕES;36;1112;80000001041;SALÃO DA IGREJA CATÓLICA DE CACHOEIRA ALTA;R. PRINCIPAL, S/ N
07/12/2023;14:25:26;2016;2;ELEIÇÃO ORDINÁRIA;1;220;ELEIÇÕES MUNICIPAIS 2016;02/10/2016;M;ES;56057;ALFREDO CHAVES;56057;ALFREDO CHAVES;12;20;13;VEREADOR;25000;JANE CASTEGLIONE BETTCHER;8;1112;80000001642;SALÃO DA IGREJA CATÓLICA DE CACHOEIRA ALTA;R. PRINCIPAL, S/ N
07/12/2023;14:25:26;2016;2;ELEIÇÃO ORDINÁRIA;1;220;ELEIÇÕES MUNICIPAIS 2016;02/10/2016;M;ES;56057;ALFREDO CHAVES;56057;ALFREDO CHAVES;12;20;13;VEREADOR;40232;MARCIO CETTO;25;1112;80000001036;SALÃO DA IGREJA CATÓLICA DE CACHOEIRA ALTA;R. PRINCIPAL, S/ N
07/12/2023;14:25:26;2016;2;ELEIÇÃO ORDINÁRIA;1;220;ELEIÇÕES MUNICIPAIS 2016;02/10/2016;M;ES;56057;ALFREDO CHAVES;56057;ALFREDO CHAVES;12;20;13;VEREADOR;23612;ANDRÉ SARTORI;8;1112;80000001669;SALÃO DA IGREJA CATÓLICA DE CACHOEIRA ALTA;R. PRINCIPAL, S/ N
07/12/2023;14:25:26;2016;2;ELEIÇÃO ORDINÁRIA;1;220;ELEIÇÕES MUNICIPAIS 2016;02/10/2016;M;ES;56057;ALFREDO CHAVES;56057;ALFREDO CHAVES;12;20;13;VEREADOR;23123;CÁSSIO COMINOTTI DO NASCIMENTO;5;1112;80000001671;SALÃO DA IGREJA CATÓLICA DE CACHOEIRA ALTA;R. PRINCIPAL, S/ N
07/12/2023;14:25:26;2016;2;ELEIÇÃO ORDINÁRIA;1;220;ELEIÇÕES MUNICIPAIS 2016;02/10/2016;M;ES;56057;ALFREDO CHAVES;56057;ALFREDO CHAVES;12;20;13;VEREADOR;11000;ROSANA MARIA CARDOSO TAVARES;9;1112;80000001047;SALÃO DA IGREJA CATÓLICA DE CACHOEIRA ALTA;R. PRINCIPAL, S/ N
07/12/2023;14:25:26;2016;2;ELEIÇÃO ORDINÁRIA;1;220;ELEIÇÕES MUNICIPAIS 2016;02/10/2016;M;ES;56057;ALFREDO CHAVES;56057;ALFREDO CHAVES;12;20;13;VEREADOR;33333;ELTON ANTERIO CARDOSO BISI;10;1112;80000001023;SALÃO DA IGREJA CATÓLICA DE CACHOEIRA ALTA;R. PRINCIPAL, S/ N
07/12/2023;14:25:26;2016;2;ELEIÇÃO ORDINÁRIA;1;220;ELEIÇÕES MUNICIPAIS 2016;02/10/2016;M;ES;56057;ALFREDO CHAVES;56057;ALFREDO CHAVES;12;20;13;VEREADOR;40000;NILTON CESAR BELMOK;9;1112;80000001037;SALÃO DA IGREJA CATÓLICA DE CACHOEIRA ALTA;R. PRINCIPAL, S/ N
07/12/2023;14:25:26;2016;2;ELEIÇÃO ORDINÁRIA;1;220;ELEIÇÕES MUNICIPAIS 2016;02/10/2016;M;ES;56057;ALFREDO CHAVES;56057;ALFREDO CHAVES;12;20;13;VEREADOR;11123;PRIMO ARMELINDO BERGAMI;2;1112;80000001046;SALÃO DA IGREJA CATÓLICA DE CACHOEIRA ALTA;R. PRINCIPAL, S/ N
07/12/2023;14:25:26;2016;2;ELEIÇÃO ORDINÁRIA;1;220;ELEIÇÕES MUNICIPAIS 2016;02/10/2016;M;ES;56057;ALFREDO CHAVES;56057;ALFREDO CHAVES;12;20;13;VEREADOR;12345;ARMANDO ZANATA INGLE RIBEIRO;10;1112;80000001643;SALÃO DA IGREJA CATÓLICA DE CACHOEIRA ALTA;R. PRINCIPAL, S/ N
07/12/2023;14:25:26;2016;2;ELEIÇÃO ORDINÁRIA;1;220;ELEIÇÕES MUNICIPAIS 2016;02/10/2016;M;ES;56057;ALFREDO CHAVES;56057;ALFREDO CHAVES;12;20;11;PREFEITO;15;RONALDO BIANCHI;121;1112;80000003215;SALÃO DA IGREJA CATÓLICA DE CACHOEIRA ALTA;R. PRINCIPAL, S/ N
07/12/2023;14:25:26;2016;2;ELEIÇÃO ORDINÁRIA;1;220;ELEIÇÕES MUNICIPAIS 2016;02/10/2016;M;ES;56057;ALFREDO CHAVES;56057;ALFREDO CHAVES;12;20;13;VEREADOR;51000;JACINTA LUCIA SCARPARO;2;1112;80000001646;SALÃO DA IGREJA CATÓLICA DE CACHOEIRA ALTA;R. PRINCIPAL, S/ N
07/12/2023;14:25:26;2016;2;ELEIÇÃO ORDINÁRIA;1;220;ELEIÇÕES MUNICIPAIS 2016;02/10/2016;M;ES;56057;ALFREDO CHAVES;56057;ALFREDO CHAVES;12;20;13;VEREADOR;40111;CHARLES GAIGHER;8;1112;80000001030;SALÃO DA IGREJA CATÓLICA DE CACHOEIRA ALTA;R. PRINCIPAL, S/ N
07/12/2023;14:25:26;2016;2;ELEIÇÃO ORDINÁRIA;1;220;ELEIÇÕES MUNICIPAIS 2016;02/10/2016;M;ES;56057;ALFREDO CHAVES;56057;ALFREDO CHAVES;12;20;13;VEREADOR;15100;JOSÉ MANOEL RODRIGUES FERREIRA;5;1112;80000001678;SALÃO DA IGREJA CATÓLICA DE CACHOEIRA ALTA;R. PRINCIPAL, S/ N
07/12/2023;14:25:26;2016;2;ELEIÇÃO ORDINÁRIA;1;220;ELEIÇÕES MUNICIPAIS 2016;02/10/2016;M;ES;56057;ALFREDO CHAVES;56057;ALFREDO CHAVES;12;20;13;VEREADOR;95;VOTO BRANCO;4;1112;-1;SALÃO DA IGREJA CATÓLICA DE CACHOEIRA ALTA;R. PRINCIPAL, S/ N
07/12/2023;14:25:26;2016;2;ELEIÇÃO ORDINÁRIA;1;220;ELEIÇÕES MUNICIPAIS 2016;02/10/2016;M;ES;56057;ALFREDO CHAVES;56057;ALFREDO CHAVES;12;37;13;VEREADOR;13123;JOSÉ DOMINGOS GOTTARDO;2;1228;80000001647;CRECHE COMECINHO DE GENTE;AV. DARCY DE PAULA GAIGHER, S/N
07/12/2023;14:25:26;2016;2;ELEIÇÃO ORDINÁRIA;1;220;ELEIÇÕES MUNICIPAIS 2016;02/10/2016;M;ES;56057;ALFREDO CHAVES;56057;ALFREDO CHAVES;12;37;13;VEREADOR;19000;ITAGIBA AUGUSTO VIANA MATTOS;1;1228;80000001055;CRECHE COMECINHO DE GENTE;AV. DARCY DE PAULA GAIGHER, S/N
07/12/2023;14:25:26;2016;2;ELEIÇÃO ORDINÁRIA;1;220;ELEIÇÕES MUNICIPAIS 2016;02/10/2016;M;ES;56057;ALFREDO CHAVES;56057;ALFREDO CHAVES;12;37;13;VEREADOR;40789;ADILSON JOSE ROVETA;2;1228;80000001028;CRECHE COMECINHO DE GENTE;AV. DARCY DE PAULA GAIGHER, S/N
07/12/2023;14:25:26;2016;2;ELEIÇÃO ORDINÁRIA;1;220;ELEIÇÕES MUNICIPAIS 2016;02/10/2016;M;ES;56057;ALFREDO CHAVES;56057;ALFREDO CHAVES;12;37;11;PREFEITO;40;FERNANDO VIDEIRA LAFAYETTE;79;1228;80000001058;CRECHE COMECINHO DE GENTE;AV. DARCY DE PAULA GAIGHER, S/N
07/12/2023;14:25:26;2016;2;ELEIÇÃO ORDINÁRIA;1;220;ELEIÇÕES MUNICIPAIS 2016;02/10/2016;M;ES;56057;ALFREDO CHAVES;56057;ALFREDO CHAVES;12;37;13;VEREADOR;40456;SERAFINO ANTÔNIO SIMONI;3;1228;80000001024;CRECHE COMECINHO DE GENTE;AV. DARCY DE PAULA GAIGHER, S/N
07/12/2023;14:25:26;2016;2;ELEIÇÃO ORDINÁRIA;1;220;ELEIÇÕES MUNICIPAIS 2016;02/10/2016;M;ES;56057;ALFREDO CHAVES;56057;ALFREDO CHAVES;12;37;13;VEREADOR;15000;DANIEL ORLANDI;14;1228;80000001672;CRECHE COMECINHO DE GENTE;AV. DARCY DE PAULA GAIGHER, S/N
07/12/2023;14:25:26;2016;2;ELEIÇÃO ORDINÁRIA;1;220;ELEIÇÕES MUNICIPAIS 2016;02/10/2016;M;ES;56057;ALFREDO CHAVES;56057;ALFREDO CHAVES;12;37;13;VEREADOR;23111;FERNANDO ALVES;4;1228;80000001675;CRECHE COMECINHO DE GENTE;AV. DARCY DE PAULA GAIGHER, S/N
07/12/2023;14:25:26;2016;2;ELEIÇÃO ORDINÁRIA;1;220;ELEIÇÕES MUNICIPAIS 2016;02/10/2016;M;ES;56057;ALFREDO CHAVES;56057;ALFREDO CHAVES;12;37;13;VEREADOR;20789;JOSE MARIO DE ANDRADE FERREIRA;1;1228;80000001052;CRECHE COMECINHO DE GENTE;AV. DARCY DE PAULA GAIGHER, S/N
07/12/2023;14:25:26;2016;2;ELEIÇÃO ORDINÁRIA;1;220;ELEIÇÕES MUNICIPAIS 2016;02/10/2016;M;ES;56057;ALFREDO CHAVES;56057;ALFREDO CHAVES;12;37;13;VEREADOR;15311;NARCISO DE ABREU GRASSI;27;1228;80000001679;CRECHE COMECINHO DE GENTE;AV. DARCY DE PAULA GAIGHER, S/N
07/12/2023;14:25:26;2016;2;ELEIÇÃO ORDINÁRIA;1;220;ELEIÇÕES MUNICIPAIS 2016;02/10/2016;M;ES;56057;ALFREDO CHAVES;56057;ALFREDO CHAVES;12;37;13;VEREADOR;23666;PAULO MUNALDI;6;1228;80000001680;CRECHE COMECINHO DE GENTE;AV. DARCY DE PAULA GAIGHER, S/N
07/12/2023;14:25:26;2016;2;ELEIÇÃO ORDINÁRIA;1;220;ELEIÇÕES MUNICIPAIS 2016;02/10/2016;M;ES;56057;ALFREDO CHAVES;56057;ALFREDO CHAVES;12;37;11;PREFEITO;96;VOTO NULO;5;1228;-1;CRECHE COMECINHO DE GENTE;AV. DARCY DE PAULA GAIGHER, S/N
07/12/2023;14:25:26;2016;2;ELEIÇÃO ORDINÁRIA;1;220;ELEIÇÕES MUNICIPAIS 2016;02/10/2016;M;ES;56057;ALFREDO CHAVES;56057;ALFREDO CHAVES;12;37;13;VEREADOR;40400;DARCY MARCHIORI DE PAULA GAIGHER;11;1228;80000001025;CRECHE COMECINHO DE GENTE;AV. DARCY DE PAULA GAIGHER, S/N
07/12/2023;14:25:26;2016;2;ELEIÇÃO ORDINÁRIA;1;220;ELEIÇÕES MUNICIPAIS 2016;02/10/2016;M;ES;56057;ALFREDO CHAVES;56057;ALFREDO CHAVES;12;37;11;PREFEITO;95;VOTO BRANCO;2;1228;-1;CRECHE COMECINHO DE GENTE;AV. DARCY DE PAULA GAIGHER, S/N
07/12/2023;14:25:26;2016;2;ELEIÇÃO ORDINÁRIA;1;220;ELEIÇÕES MUNICIPAIS 2016;02/10/2016;M;ES;56057;ALFREDO CHAVES;56057;ALFREDO CHAVES;12;37;13;VEREADOR;40321;GILSON LUIZ BELLON;1;1228;80000001031;CRECHE COMECINHO DE GENTE;AV. DARCY DE PAULA GAIGHER, S/N
07/12/2023;14:25:26;2016;2;ELEIÇÃO ORDINÁRIA;1;220;ELEIÇÕES MUNICIPAIS 2016;02/10/2016;M;ES;56057;ALFREDO CHAVES;56057;ALFREDO CHAVES;12;37;13;VEREADOR;13610;NILSON HONORATO VANELI;1;1228;80000001650;CRECHE COMECINHO DE GENTE;AV. DARCY DE PAULA GAIGHER, S/N
07/12/2023;14:25:26;2016;2;ELEIÇÃO ORDINÁRIA;1;220;ELEIÇÕES MUNICIPAIS 2016;02/10/2016;M;ES;56057;ALFREDO CHAVES;56057;ALFREDO CHAVES;12;37;13;VEREADOR;40202;LAURO ALVES PEREIRA;2;1228;80000001034;CRECHE COMECINHO DE GENTE;AV. DARCY DE PAULA GAIGHER, S/N
07/12/2023;14:25:26;2016;2;ELEIÇÃO ORDINÁRIA;1;220;ELEIÇÕES MUNICIPAIS 2016;02/10/2016;M;ES;56057;ALFREDO CHAVES;56057;ALFREDO CHAVES;12;37;13;VEREADOR;15500;CAROLINA BONELLA GRASSI;1;1228;80000001670;CRECHE COMECINHO DE GENTE;AV. DARCY DE PAULA GAIGHER, S/N
07/12/2023;14:25:26;2016;2;ELEIÇÃO ORDINÁRIA;1;220;ELEIÇÕES MUNICIPAIS 2016;02/10/2016;M;ES;56057;ALFREDO CHAVES;56057;ALFREDO CHAVES;12;37;13;VEREADOR;96;VOTO NULO;4;1228;-1;CRECHE COMECINHO DE GENTE;AV. DARCY DE PAULA GAIGHER, S/N
07/12/2023;14:25:26;2016;2;ELEIÇÃO ORDINÁRIA;1;220;ELEIÇÕES MUNICIPAIS 2016;02/10/2016;M;ES;56057;ALFREDO CHAVES;56057;ALFREDO CHAVES;12;37;13;VEREADOR;23000;GIANNE SMARSARO;3;1228;80000001676;CRECHE COMECINHO DE GENTE;AV. DARCY DE PAULA GAIGHER, S/N
07/12/2023;14:25:26;2016;2;ELEIÇÃO ORDINÁRIA;1;220;ELEIÇÕES MUNICIPAIS 2016;02/10/2016;M;ES;56057;ALFREDO CHAVES;56057;ALFREDO CHAVES;12;37;13;VEREADOR;45000;JONAS NUNES SIMÕES;33;1228;80000001041;CRECHE COMECINHO DE GENTE;AV. DARCY DE PAULA GAIGHER, S/N
07/12/2023;14:25:26;2016;2;ELEIÇÃO ORDINÁRIA;1;220;ELEIÇÕES MUNICIPAIS 2016;02/10/2016;M;ES;56057;ALFREDO CHAVES;56057;ALFREDO CHAVES;12;37;13;VEREADOR;55000;SERGIO BIANCHI;6;1228;80000001684;CRECHE COMECINHO DE GENTE;AV. DARCY DE PAULA GAIGHER, S/N
07/12/2023;14:25:26;2016;2;ELEIÇÃO ORDINÁRIA;1;220;ELEIÇÕES MUNICIPAIS 2016;02/10/2016;M;ES;56057;ALFREDO CHAVES;56057;ALFREDO CHAVES;12;37;13;VEREADOR;25000;JANE CASTEGLIONE BETTCHER;1;1228;80000001642;CRECHE COMECINHO DE GENTE;AV. DARCY DE PAULA GAIGHER, S/N
07/12/2023;14:25:26;2016;2;ELEIÇÃO ORDINÁRIA;1;220;ELEIÇÕES MUNICIPAIS 2016;02/10/2016;M;ES;56057;ALFREDO CHAVES;56057;ALFREDO CHAVES;12;37;13;VEREADOR;40232;MARCIO CETTO;1;1228;80000001036;CRECHE COMECINHO DE GENTE;AV. DARCY DE PAULA GAIGHER, S/N
07/12/2023;14:25:26;2016;2;ELEIÇÃO ORDINÁRIA;1;220;ELEIÇÕES MUNICIPAIS 2016;02/10/2016;M;ES;56057;ALFREDO CHAVES;56057;ALFREDO CHAVES;12;37;13;VEREADOR;23612;ANDRÉ SARTORI;10;1228;80000001669;CRECHE COMECINHO DE GENTE;AV. DARCY DE PAULA GAIGHER, S/N
07/12/2023;14:25:26;2016;2;ELEIÇÃO ORDINÁRIA;1;220;ELEIÇÕES MUNICIPAIS 2016;02/10/2016;M;ES;56057;ALFREDO CHAVES;56057;ALFREDO CHAVES;12;37;13;VEREADOR;23123;CÁSSIO COMINOTTI DO NASCIMENTO;1;1228;80000001671;CRECHE COMECINHO DE GENTE;AV. DARCY DE PAULA GAIGHER, S/N
07/12/2023;14:25:26;2016;2;ELEIÇÃO ORDINÁRIA;1;220;ELEIÇÕES MUNICIPAIS 2016;02/10/2016;M;ES;56057;ALFREDO CHAVES;56057;ALFREDO CHAVES;12;37;13;VEREADOR;33333;ELTON ANTERIO CARDOSO BISI;5;1228;80000001023;CRECHE COMECINHO DE GENTE;AV. DARCY DE PAULA GAIGHER, S/N
07/12/2023;14:25:26;2016;2;ELEIÇÃO ORDINÁRIA;1;220;ELEIÇÕES MUNICIPAIS 2016;02/10/2016;M;ES;56057;ALFREDO CHAVES;56057;ALFREDO CHAVES;12;37;13;VEREADOR;40000;NILTON CESAR BELMOK;4;1228;80000001037;CRECHE COMECINHO DE GENTE;AV. DARCY DE PAULA GAIGHER, S/N
07/12/2023;14:25:26;2016;2;ELEIÇÃO ORDINÁRIA;1;220;ELEIÇÕES MUNICIPAIS 2016;02/10/2016;M;ES;56057;ALFREDO CHAVES;56057;ALFREDO CHAVES;12;37;13;VEREADOR;11123;PRIMO ARMELINDO BERGAMI;3;1228;80000001046;CRECHE COMECINHO DE GENTE;AV. DARCY DE PAULA GAIGHER, S/N
07/12/2023;14:25:26;2016;2;ELEIÇÃO ORDINÁRIA;1;220;ELEIÇÕES MUNICIPAIS 2016;02/10/2016;M;ES;56057;ALFREDO CHAVES;56057;ALFREDO CHAVES;12;37;13;VEREADOR;12345;ARMANDO ZANATA INGLE RIBEIRO;2;1228;80000001643;CRECHE COMECINHO DE GENTE;AV. DARCY DE PAULA GAIGHER, S/N
07/12/2023;14:25:26;2016;2;ELEIÇÃO ORDINÁRIA;1;220;ELEIÇÕES MUNICIPAIS 2016;02/10/2016;M;ES;56057;ALFREDO CHAVES;56057;ALFREDO CHAVES;12;37;13;VEREADOR;55311;ROSANGELA MARCIA ANSELMO;1;1228;80000001683;CRECHE COMECINHO DE GENTE;AV. DARCY DE PAULA GAIGHER, S/N
07/12/2023;14:25:26;2016;2;ELEIÇÃO ORDINÁRIA;1;220;ELEIÇÕES MUNICIPAIS 2016;02/10/2016;M;ES;56057;ALFREDO CHAVES;56057;ALFREDO CHAVES;12;37;11;PREFEITO;15;RONALDO BIANCHI;91;1228;80000003215;CRECHE COMECINHO DE GENTE;AV. DARCY DE PAULA GAIGHER, S/N
07/12/2023;14:25:26;2016;2;ELEIÇÃO ORDINÁRIA;1;220;ELEIÇÕES MUNICIPAIS 2016;02/10/2016;M;ES;56057;ALFREDO CHAVES;56057;ALFREDO CHAVES;12;37;13;VEREADOR;40111;CHARLES GAIGHER;11;1228;80000001030;CRECHE COMECINHO DE GENTE;AV. DARCY DE PAULA GAIGHER, S/N
07/12/2023;14:25:26;2016;2;ELEIÇÃO ORDINÁRIA;1;220;ELEIÇÕES MUNICIPAIS 2016;02/10/2016;M;ES;56057;ALFREDO CHAVES;56057;ALFREDO CHAVES;12;37;13;VEREADOR;15100;JOSÉ MANOEL RODRIGUES FERREIRA;3;1228;80000001678;CRECHE COMECINHO DE GENTE;AV. DARCY DE PAULA GAIGHER, S/N
07/12/2023;14:25:26;2016;2;ELEIÇÃO ORDINÁRIA;1;220;ELEIÇÕES MUNICIPAIS 2016;02/10/2016;M;ES;56057;ALFREDO CHAVES;56057;ALFREDO CHAVES;12;37;13;VEREADOR;95;VOTO BRANCO;1;1228;-1;CRECHE COMECINHO DE GENTE;AV. DARCY DE PAULA GAIGHER, S/N
07/12/2023;14:25:26;2016;2;ELEIÇÃO ORDINÁRIA;1;220;ELEIÇÕES MUNICIPAIS 2016;02/10/2016;M;ES;56057;ALFREDO CHAVES;56057;ALFREDO CHAVES;12;19;13;VEREADOR;11123;PRIMO ARMELINDO BERGAMI;4;1104;80000001046;SALÃO COMUNITÁRIO DE NOVA ESTRELA;R. PRINCIPAL, S/ Nº
07/12/2023;14:25:26;2016;2;ELEIÇÃO ORDINÁRIA;1;220;ELEIÇÕES MUNICIPAIS 2016;02/10/2016;M;ES;56057;ALFREDO CHAVES;56057;ALFREDO CHAVES;12;19;13;VEREADOR;12345;ARMANDO ZANATA INGLE RIBEIRO;1;1104;80000001643;SALÃO COMUNITÁRIO DE NOVA ESTRELA;R. PRINCIPAL, S/ Nº
07/12/2023;14:25:26;2016;2;ELEIÇÃO ORDINÁRIA;1;220;ELEIÇÕES MUNICIPAIS 2016;02/10/2016;M;ES;56057;ALFREDO CHAVES;56057;ALFREDO CHAVES;12;19;11;PREFEITO;15;RONALDO BIANCHI;88;1104;80000003215;SALÃO COMUNITÁRIO DE NOVA ESTRELA;R. PRINCIPAL, S/ Nº
07/12/2023;14:25:26;2016;2;ELEIÇÃO ORDINÁRIA;1;220;ELEIÇÕES MUNICIPAIS 2016;02/10/2016;M;ES;56057;ALFREDO CHAVES;56057;ALFREDO CHAVES;12;19;13;VEREADOR;51000;JACINTA LUCIA SCARPARO;2;1104;80000001646;SALÃO COMUNITÁRIO DE NOVA ESTRELA;R. PRINCIPAL, S/ Nº
07/12/2023;14:25:26;2016;2;ELEIÇÃO ORDINÁRIA;1;220;ELEIÇÕES MUNICIPAIS 2016;02/10/2016;M;ES;56057;ALFREDO CHAVES;56057;ALFREDO CHAVES;12;19;13;VEREADOR;40111;CHARLES GAIGHER;7;1104;80000001030;SALÃO COMUNITÁRIO DE NOVA ESTRELA;R. PRINCIPAL, S/ Nº
07/12/2023;14:25:26;2016;2;ELEIÇÃO ORDINÁRIA;1;220;ELEIÇÕES MUNICIPAIS 2016;02/10/2016;M;ES;56057;ALFREDO CHAVES;56057;ALFREDO CHAVES;12;19;13;VEREADOR;95;VOTO BRANCO;1;1104;-1;SALÃO COMUNITÁRIO DE NOVA ESTRELA;R. PRINCIPAL, S/ Nº
07/12/2023;14:25:26;2016;2;ELEIÇÃO ORDINÁRIA;1;220;ELEIÇÕES MUNICIPAIS 2016;02/10/2016;M;ES;56057;ALFREDO CHAVES;56057;ALFREDO CHAVES;12;18;13;VEREADOR;13123;JOSÉ DOMINGOS GOTTARDO;19;1090;80000001647;EPSG FELIPE MODOLO;R. PRINCIPAL, S/ N
07/12/2023;14:25:26;2016;2;ELEIÇÃO ORDINÁRIA;1;220;ELEIÇÕES MUNICIPAIS 2016;02/10/2016;M;ES;56057;ALFREDO CHAVES;56057;ALFREDO CHAVES;12;18;13;VEREADOR;40123;CLEOMIR GOBBI BUBACK;2;1090;80000001029;EPSG FELIPE MODOLO;R. PRINCIPAL, S/ N
07/12/2023;14:25:26;2016;2;ELEIÇÃO ORDINÁRIA;1;220;ELEIÇÕES MUNICIPAIS 2016;02/10/2016;M;ES;56057;ALFREDO CHAVES;56057;ALFREDO CHAVES;12;18;13;VEREADOR;19000;ITAGIBA AUGUSTO VIANA MATTOS;1;1090;80000001055;EPSG FELIPE MODOLO;R. PRINCIPAL, S/ N
07/12/2023;14:25:26;2016;2;ELEIÇÃO ORDINÁRIA;1;220;ELEIÇÕES MUNICIPAIS 2016;02/10/2016;M;ES;56057;ALFREDO CHAVES;56057;ALFREDO CHAVES;12;18;13;VEREADOR;40789;ADILSON JOSE ROVETA;1;1090;80000001028;EPSG FELIPE MODOLO;R. PRINCIPAL, S/ N
07/12/2023;14:25:26;2016;2;ELEIÇÃO ORDINÁRIA;1;220;ELEIÇÕES MUNICIPAIS 2016;02/10/2016;M;ES;56057;ALFREDO CHAVES;56057;ALFREDO CHAVES;12;18;11;PREFEITO;40;FERNANDO VIDEIRA LAFAYETTE;132;1090;80000001058;EPSG FELIPE MODOLO;R. PRINCIPAL, S/ N
07/12/2023;14:25:26;2016;2;ELEIÇÃO ORDINÁRIA;1;220;ELEIÇÕES MUNICIPAIS 2016;02/10/2016;M;ES;56057;ALFREDO CHAVES;56057;ALFREDO CHAVES;12;18;13;VEREADOR;15555;HELENA MARIA FIORIN FAVERO;2;1090;80000001677;EPSG FELIPE MODOLO;R. PRINCIPAL, S/ N
07/12/2023;14:25:26;2016;2;ELEIÇÃO ORDINÁRIA;1;220;ELEIÇÕES MUNICIPAIS 2016;02/10/2016;M;ES;56057;ALFREDO CHAVES;56057;ALFREDO CHAVES;12;18;13;VEREADOR;40456;SERAFINO ANTÔNIO SIMONI;1;1090;80000001024;EPSG FELIPE MODOLO;R. PRINCIPAL, S/ N
07/12/2023;14:25:26;2016;2;ELEIÇÃO ORDINÁRIA;1;220;ELEIÇÕES MUNICIPAIS 2016;02/10/2016;M;ES;56057;ALFREDO CHAVES;56057;ALFREDO CHAVES;12;18;13;VEREADOR;15000;DANIEL ORLANDI;11;1090;80000001672;EPSG FELIPE MODOLO;R. PRINCIPAL, S/ N
07/12/2023;14:25:26;2016;2;ELEIÇÃO ORDINÁRIA;1;220;ELEIÇÕES MUNICIPAIS 2016;02/10/2016;M;ES;56057;ALFREDO CHAVES;56057;ALFREDO CHAVES;12;18;13;VEREADOR;23111;FERNANDO ALVES;4;1090;80000001675;EPSG FELIPE MODOLO;R. PRINCIPAL, S/ N
07/12/2023;14:25:26;2016;2;ELEIÇÃO ORDINÁRIA;1;220;ELEIÇÕES MUNICIPAIS 2016;02/10/2016;M;ES;56057;ALFREDO CHAVES;56057;ALFREDO CHAVES;12;18;13;VEREADOR;20789;JOSE MARIO DE ANDRADE FERREIRA;4;1090;80000001052;EPSG FELIPE MODOLO;R. PRINCIPAL, S/ N
07/12/2023;14:25:26;2016;2;ELEIÇÃO ORDINÁRIA;1;220;ELEIÇÕES MUNICIPAIS 2016;02/10/2016;M;ES;56057;ALFREDO CHAVES;56057;ALFREDO CHAVES;12;18;13;VEREADOR;15311;NARCISO DE ABREU GRASSI;11;1090;80000001679;EPSG FELIPE MODOLO;R. PRINCIPAL, S/ N
07/12/2023;14:25:26;2016;2;ELEIÇÃO ORDINÁRIA;1;220;ELEIÇÕES MUNICIPAIS 2016;02/10/2016;M;ES;56057;ALFREDO CHAVES;56057;ALFREDO CHAVES;12;18;13;VEREADOR;23666;PAULO MUNALDI;3;1090;80000001680;EPSG FELIPE MODOLO;R. PRINCIPAL, S/ N
07/12/2023;14:25:26;2016;2;ELEIÇÃO ORDINÁRIA;1;220;ELEIÇÕES MUNICIPAIS 2016;02/10/2016;M;ES;56057;ALFREDO CHAVES;56057;ALFREDO CHAVES;12;18;11;PREFEITO;96;VOTO NULO;12;1090;-1;EPSG FELIPE MODOLO;R. PRINCIPAL, S/ N
07/12/2023;14:25:26;2016;2;ELEIÇÃO ORDINÁRIA;1;220;ELEIÇÕES MUNICIPAIS 2016;02/10/2016;M;ES;56057;ALFREDO CHAVES;56057;ALFREDO CHAVES;12;18;13;VEREADOR;40400;DARCY MARCHIORI DE PAULA GAIGHER;8;1090;80000001025;EPSG FELIPE MODOLO;R. PRINCIPAL, S/ N
07/12/2023;14:25:26;2016;2;ELEIÇÃO ORDINÁRIA;1;220;ELEIÇÕES MUNICIPAIS 2016;02/10/2016;M;ES;56057;ALFREDO CHAVES;56057;ALFREDO CHAVES;12;18;13;VEREADOR;11222;SANTE JOSÉ GRATIERI;2;1090;80000001048;EPSG FELIPE MODOLO;R. PRINCIPAL, S/ N
07/12/2023;14:25:26;2016;2;ELEIÇÃO ORDINÁRIA;1;220;ELEIÇÕES MUNICIPAIS 2016;02/10/2016;M;ES;56057;ALFREDO CHAVES;56057;ALFREDO CHAVES;12;18;11;PREFEITO;95;VOTO BRANCO;3;1090;-1;EPSG FELIPE MODOLO;R. PRINCIPAL, S/ N
07/12/2023;14:25:26;2016;2;ELEIÇÃO ORDINÁRIA;1;220;ELEIÇÕES MUNICIPAIS 2016;02/10/2016;M;ES;56057;ALFREDO CHAVES;56057;ALFREDO CHAVES;12;18;13;VEREADOR;40321;GILSON LUIZ BELLON;73;1090;80000001031;EPSG FELIPE MODOLO;R. PRINCIPAL, S/ N
07/12/2023;14:25:26;2016;2;ELEIÇÃO ORDINÁRIA;1;220;ELEIÇÕES MUNICIPAIS 2016;02/10/2016;M;ES;56057;ALFREDO CHAVES;56057;ALFREDO CHAVES;12;18;13;VEREADOR;40444;PASCOAL GARCIA MARTINS;1;1090;80000001038;EPSG FELIPE MODOLO;R. PRINCIPAL, S/ N
07/12/2023;14:25:26;2016;2;ELEIÇÃO ORDINÁRIA;1;220;ELEIÇÕES MUNICIPAIS 2016;02/10/2016;M;ES;56057;ALFREDO CHAVES;56057;ALFREDO CHAVES;12;18;13;VEREADOR;13610;NILSON HONORATO VANELI;1;1090;80000001650;EPSG FELIPE MODOLO;R. PRINCIPAL, S/ N
07/12/2023;14:25:26;2016;2;ELEIÇÃO ORDINÁRIA;1;220;ELEIÇÕES MUNICIPAIS 2016;02/10/2016;M;ES;56057;ALFREDO CHAVES;56057;ALFREDO CHAVES;12;18;13;VEREADOR;14555;LUIZ GONZAGA CIBIN;5;1090;80000001648;EPSG FELIPE MODOLO;R. PRINCIPAL, S/ N
07/12/2023;14:25:26;2016;2;ELEIÇÃO ORDINÁRIA;1;220;ELEIÇÕES MUNICIPAIS 2016;02/10/2016;M;ES;56057;ALFREDO CHAVES;56057;ALFREDO CHAVES;12;18;13;VEREADOR;96;VOTO NULO;8;1090;-1;EPSG FELIPE MODOLO;R. PRINCIPAL, S/ N
07/12/2023;14:25:26;2016;2;ELEIÇÃO ORDINÁRIA;1;220;ELEIÇÕES MUNICIPAIS 2016;02/10/2016;M;ES;56057;ALFREDO CHAVES;56057;ALFREDO CHAVES;12;18;13;VEREADOR;11666;ALESSANDRA TOBIAS DA SILVA GALLINA;1;1090;80000001042;EPSG FELIPE MODOLO;R. PRINCIPAL, S/ N
07/12/2023;14:25:26;2016;2;ELEIÇÃO ORDINÁRIA;1;220;ELEIÇÕES MUNICIPAIS 2016;02/10/2016;M;ES;56057;ALFREDO CHAVES;56057;ALFREDO CHAVES;12;18;13;VEREADOR;45000;JONAS NUNES SIMÕES;6;1090;80000001041;EPSG FELIPE MODOLO;R. PRINCIPAL, S/ N
07/12/2023;14:25:26;2016;2;ELEIÇÃO ORDINÁRIA;1;220;ELEIÇÕES MUNICIPAIS 2016;02/10/2016;M;ES;56057;ALFREDO CHAVES;56057;ALFREDO CHAVES;12;18;13;VEREADOR;55000;SERGIO BIANCHI;1;1090;80000001684;EPSG FELIPE MODOLO;R. PRINCIPAL, S/ N
07/12/2023;14:25:26;2016;2;ELEIÇÃO ORDINÁRIA;1;220;ELEIÇÕES MUNICIPAIS 2016;02/10/2016;M;ES;56057;ALFREDO CHAVES;56057;ALFREDO CHAVES;12;18;13;VEREADOR;15666;ROGERIO FRANZOTTI;31;1090;80000001682;EPSG FELIPE MODOLO;R. PRINCIPAL, S/ N
07/12/2023;14:25:26;2016;2;ELEIÇÃO ORDINÁRIA;1;220;ELEIÇÕES MUNICIPAIS 2016;02/10/2016;M;ES;56057;ALFREDO CHAVES;56057;ALFREDO CHAVES;12;18;13;VEREADOR;23612;ANDRÉ SARTORI;8;1090;80000001669;EPSG FELIPE MODOLO;R. PRINCIPAL, S/ N
07/12/2023;14:25:26;2016;2;ELEIÇÃO ORDINÁRIA;1;220;ELEIÇÕES MUNICIPAIS 2016;02/10/2016;M;ES;56057;ALFREDO CHAVES;56057;ALFREDO CHAVES;12;7;13;VEREADOR;13123;JOSÉ DOMINGOS GOTTARDO;2;1171;80000001647;EEEF CAMILA MOTA;R. NELSON DA COSTA MELLO, S/ N
07/12/2023;14:25:26;2016;2;ELEIÇÃO ORDINÁRIA;1;220;ELEIÇÕES MUNICIPAIS 2016;02/10/2016;M;ES;56057;ALFREDO CHAVES;56057;ALFREDO CHAVES;12;7;13;VEREADOR;40123;CLEOMIR GOBBI BUBACK;2;1171;80000001029;EEEF CAMILA MOTA;R. NELSON DA COSTA MELLO, S/ N
07/12/2023;14:25:26;2016;2;ELEIÇÃO ORDINÁRIA;1;220;ELEIÇÕES MUNICIPAIS 2016;02/10/2016;M;ES;56057;ALFREDO CHAVES;56057;ALFREDO CHAVES;12;7;13;VEREADOR;40789;ADILSON JOSE ROVETA;2;1171;80000001028;EEEF CAMILA MOTA;R. NELSON DA COSTA MELLO, S/ N
07/12/2023;14:25:26;2016;2;ELEIÇÃO ORDINÁRIA;1;220;ELEIÇÕES MUNICIPAIS 2016;02/10/2016;M;ES;56057;ALFREDO CHAVES;56057;ALFREDO CHAVES;12;7;11;PREFEITO;40;FERNANDO VIDEIRA LAFAYETTE;113;1171;80000001058;EEEF CAMILA MOTA;R. NELSON DA COSTA MELLO, S/ N
07/12/2023;14:25:26;2016;2;ELEIÇÃO ORDINÁRIA;1;220;ELEIÇÕES MUNICIPAIS 2016;02/10/2016;M;ES;56057;ALFREDO CHAVES;56057;ALFREDO CHAVES;12;7;13;VEREADOR;40456;SERAFINO ANTÔNIO SIMONI;3;1171;80000001024;EEEF CAMILA MOTA;R. NELSON DA COSTA MELLO, S/ N
07/12/2023;14:25:26;2016;2;ELEIÇÃO ORDINÁRIA;1;220;ELEIÇÕES MUNICIPAIS 2016;02/10/2016;M;ES;56057;ALFREDO CHAVES;56057;ALFREDO CHAVES;12;7;13;VEREADOR;23333;RENATO CARDOSO;1;1171;80000001681;EEEF CAMILA MOTA;R. NELSON DA COSTA MELLO, S/ N
07/12/2023;14:25:26;2016;2;ELEIÇÃO ORDINÁRIA;1;220;ELEIÇÕES MUNICIPAIS 2016;02/10/2016;M;ES;56057;ALFREDO CHAVES;56057;ALFREDO CHAVES;12;7;13;VEREADOR;20555;ANGELO ARPINI;5;1171;80000001049;EEEF CAMILA MOTA;R. NELSON DA COSTA MELLO, S/ N
07/12/2023;14:25:26;2016;2;ELEIÇÃO ORDINÁRIA;1;220;ELEIÇÕES MUNICIPAIS 2016;02/10/2016;M;ES;56057;ALFREDO CHAVES;56057;ALFREDO CHAVES;12;7;13;VEREADOR;15000;DANIEL ORLANDI;15;1171;80000001672;EEEF CAMILA MOTA;R. NELSON DA COSTA MELLO, S/ N
07/12/2023;14:25:26;2016;2;ELEIÇÃO ORDINÁRIA;1;220;ELEIÇÕES MUNICIPAIS 2016;02/10/2016;M;ES;56057;ALFREDO CHAVES;56057;ALFREDO CHAVES;12;7;13;VEREADOR;22222;JOAO LUIZ MONTEIRO;1;1171;80000001054;EEEF CAMILA MOTA;R. NELSON DA COSTA MELLO, S/ N
07/12/2023;14:25:26;2016;2;ELEIÇÃO ORDINÁRIA;1;220;ELEIÇÕES MUNICIPAIS 2016;02/10/2016;M;ES;56057;ALFREDO CHAVES;56057;ALFREDO CHAVES;12;7;13;VEREADOR;23111;FERNANDO ALVES;8;1171;80000001675;EEEF CAMILA MOTA;R. NELSON DA COSTA MELLO, S/ N
07/12/2023;14:25:26;2016;2;ELEIÇÃO ORDINÁRIA;1;220;ELEIÇÕES MUNICIPAIS 2016;02/10/2016;M;ES;56057;ALFREDO CHAVES;56057;ALFREDO CHAVES;12;7;13;VEREADOR;20789;JOSE MARIO DE ANDRADE FERREIRA;10;1171;80000001052;EEEF CAMILA MOTA;R. NELSON DA COSTA MELLO, S/ N
07/12/2023;14:25:26;2016;2;ELEIÇÃO ORDINÁRIA;1;220;ELEIÇÕES MUNICIPAIS 2016;02/10/2016;M;ES;56057;ALFREDO CHAVES;56057;ALFREDO CHAVES;12;7;13;VEREADOR;15311;NARCISO DE ABREU GRASSI;22;1171;80000001679;EEEF CAMILA MOTA;R. NELSON DA COSTA MELLO, S/ N
07/12/2023;14:25:26;2016;2;ELEIÇÃO ORDINÁRIA;1;220;ELEIÇÕES MUNICIPAIS 2016;02/10/2016;M;ES;56057;ALFREDO CHAVES;56057;ALFREDO CHAVES;12;7;13;VEREADOR;20123;IZAEL FERREIRA;1;1171;80000001051;EEEF CAMILA MOTA;R. NELSON DA COSTA MELLO, S/ N
07/12/2023;14:25:26;2016;2;ELEIÇÃO ORDINÁRIA;1;220;ELEIÇÕES MUNICIPAIS 2016;02/10/2016;M;ES;56057;ALFREDO CHAVES;56057;ALFREDO CHAVES;12;7;13;VEREADOR;23666;PAULO MUNALDI;16;1171;80000001680;EEEF CAMILA MOTA;R. NELSON DA COSTA MELLO, S/ N
07/12/2023;14:25:26;2016;2;ELEIÇÃO ORDINÁRIA;1;220;ELEIÇÕES MUNICIPAIS 2016;02/10/2016;M;ES;56057;ALFREDO CHAVES;56057;ALFREDO CHAVES;12;7;11;PREFEITO;96;VOTO NULO;23;1171;-1;EEEF CAMILA MOTA;R. NELSON DA COSTA MELLO, S/ N
07/12/2023;14:25:26;2016;2;ELEIÇÃO ORDINÁRIA;1;220;ELEIÇÕES MUNICIPAIS 2016;02/10/2016;M;ES;56057;ALFREDO CHAVES;56057;ALFREDO CHAVES;12;7;13;VEREADOR;40400;DARCY MARCHIORI DE PAULA GAIGHER;12;1171;80000001025;EEEF CAMILA MOTA;R. NELSON DA COSTA MELLO, S/ N
07/12/2023;14:25:26;2016;2;ELEIÇÃO ORDINÁRIA;1;220;ELEIÇÕES MUNICIPAIS 2016;02/10/2016;M;ES;56057;ALFREDO CHAVES;56057;ALFREDO CHAVES;12;7;13;VEREADOR;43222;MARCIO DESTEFANI;1;1171;80000001056;EEEF CAMILA MOTA;R. NELSON DA COSTA MELLO, S/ N
07/12/2023;14:25:26;2016;2;ELEIÇÃO ORDINÁRIA;1;220;ELEIÇÕES MUNICIPAIS 2016;02/10/2016;M;ES;56057;ALFREDO CHAVES;56057;ALFREDO CHAVES;12;7;13;VEREADOR;11222;SANTE JOSÉ GRATIERI;1;1171;80000001048;EEEF CAMILA MOTA;R. NELSON DA COSTA MELLO, S/ N
07/12/2023;14:25:26;2016;2;ELEIÇÃO ORDINÁRIA;1;220;ELEIÇÕES MUNICIPAIS 2016;02/10/2016;M;ES;56057;ALFREDO CHAVES;56057;ALFREDO CHAVES;12;7;13;VEREADOR;40444;PASCOAL GARCIA MARTINS;2;1171;80000001038;EEEF CAMILA MOTA;R. NELSON DA COSTA MELLO, S/ N
07/12/2023;14:25:26;2016;2;ELEIÇÃO ORDINÁRIA;1;220;ELEIÇÕES MUNICIPAIS 2016;02/10/2016;M;ES;56057;ALFREDO CHAVES;56057;ALFREDO CHAVES;12;7;11;PREFEITO;95;VOTO BRANCO;3;1171;-1;EEEF CAMILA MOTA;R. NELSON DA COSTA MELLO, S/ N
07/12/2023;14:25:26;2016;2;ELEIÇÃO ORDINÁRIA;1;220;ELEIÇÕES MUNICIPAIS 2016;02/10/2016;M;ES;56057;ALFREDO CHAVES;56057;ALFREDO CHAVES;12;7;13;VEREADOR;40777;MARINALVA ALVES DA SILVA;3;1171;80000001027;EEEF CAMILA MOTA;R. NELSON DA COSTA MELLO, S/ N
07/12/2023;14:25:26;2016;2;ELEIÇÃO ORDINÁRIA;1;220;ELEIÇÕES MUNICIPAIS 2016;02/10/2016;M;ES;56057;ALFREDO CHAVES;56057;ALFREDO CHAVES;12;7;13;VEREADOR;13610;NILSON HONORATO VANELI;3;1171;80000001650;EEEF CAMILA MOTA;R. NELSON DA COSTA MELLO, S/ N
07/12/2023;14:25:26;2016;2;ELEIÇÃO ORDINÁRIA;1;220;ELEIÇÕES MUNICIPAIS 2016;02/10/2016;M;ES;56057;ALFREDO CHAVES;56057;ALFREDO CHAVES;12;7;13;VEREADOR;40202;LAURO ALVES PEREIRA;2;1171;80000001034;EEEF CAMILA MOTA;R. NELSON DA COSTA MELLO, S/ N
07/12/2023;14:25:26;2016;2;ELEIÇÃO ORDINÁRIA;1;220;ELEIÇÕES MUNICIPAIS 2016;02/10/2016;M;ES;56057;ALFREDO CHAVES;56057;ALFREDO CHAVES;12;7;13;VEREADOR;40222;LUIZ JUNQUEIRA VIONEL;1;1171;80000001035;EEEF CAMILA MOTA;R. NELSON DA COSTA MELLO, S/ N
07/12/2023;14:25:26;2016;2;ELEIÇÃO ORDINÁRIA;1;220;ELEIÇÕES MUNICIPAIS 2016;02/10/2016;M;ES;56057;ALFREDO CHAVES;56057;ALFREDO CHAVES;12;7;13;VEREADOR;96;VOTO NULO;7;1171;-1;EEEF CAMILA MOTA;R. NELSON DA COSTA MELLO, S/ N
07/12/2023;14:25:26;2016;2;ELEIÇÃO ORDINÁRIA;1;220;ELEIÇÕES MUNICIPAIS 2016;02/10/2016;M;ES;56057;ALFREDO CHAVES;56057;ALFREDO CHAVES;12;7;13;VEREADOR;18123;ERVAN CESAR;1;1171;80000001644;EEEF CAMILA MOTA;R. NELSON DA COSTA MELLO, S/ N
07/12/2023;14:25:26;2016;2;ELEIÇÃO ORDINÁRIA;1;220;ELEIÇÕES MUNICIPAIS 2016;02/10/2016;M;ES;56057;ALFREDO CHAVES;56057;ALFREDO CHAVES;12;7;13;VEREADOR;45000;JONAS NUNES SIMÕES;27;1171;80000001041;EEEF CAMILA MOTA;R. NELSON DA COSTA MELLO, S/ N
07/12/2023;14:25:26;2016;2;ELEIÇÃO ORDINÁRIA;1;220;ELEIÇÕES MUNICIPAIS 2016;02/10/2016;M;ES;56057;ALFREDO CHAVES;56057;ALFREDO CHAVES;12;7;13;VEREADOR;55000;SERGIO BIANCHI;11;1171;80000001684;EEEF CAMILA MOTA;R. NELSON DA COSTA MELLO, S/ N
07/12/2023;14:25:26;2016;2;ELEIÇÃO ORDINÁRIA;1;220;ELEIÇÕES MUNICIPAIS 2016;02/10/2016;M;ES;56057;ALFREDO CHAVES;56057;ALFREDO CHAVES;12;22;13;VEREADOR;40123;CLEOMIR GOBBI BUBACK;2;1139;80000001029;EEEF SAGRADA FAMÍLIA;R. PRINCIPAL, S/ Nº
07/12/2023;14:25:26;2016;2;ELEIÇÃO ORDINÁRIA;1;220;ELEIÇÕES MUNICIPAIS 2016;02/10/2016;M;ES;56057;ALFREDO CHAVES;56057;ALFREDO CHAVES;12;22;13;VEREADOR;19000;ITAGIBA AUGUSTO VIANA MATTOS;1;1139;80000001055;EEEF SAGRADA FAMÍLIA;R. PRINCIPAL, S/ Nº
07/12/2023;14:25:26;2016;2;ELEIÇÃO ORDINÁRIA;1;220;ELEIÇÕES MUNICIPAIS 2016;02/10/2016;M;ES;56057;ALFREDO CHAVES;56057;ALFREDO CHAVES;12;22;13;VEREADOR;40147;JUCIMARA NIQUETTE;5;1139;80000001033;EEEF SAGRADA FAMÍLIA;R. PRINCIPAL, S/ Nº
07/12/2023;14:25:26;2016;2;ELEIÇÃO ORDINÁRIA;1;220;ELEIÇÕES MUNICIPAIS 2016;02/10/2016;M;ES;56057;ALFREDO CHAVES;56057;ALFREDO CHAVES;12;22;13;VEREADOR;40789;ADILSON JOSE ROVETA;54;1139;80000001028;EEEF SAGRADA FAMÍLIA;R. PRINCIPAL, S/ Nº
07/12/2023;14:25:26;2016;2;ELEIÇÃO ORDINÁRIA;1;220;ELEIÇÕES MUNICIPAIS 2016;02/10/2016;M;ES;56057;ALFREDO CHAVES;56057;ALFREDO CHAVES;12;22;11;PREFEITO;40;FERNANDO VIDEIRA LAFAYETTE;181;1139;80000001058;EEEF SAGRADA FAMÍLIA;R. PRINCIPAL, S/ Nº
07/12/2023;14:25:26;2016;2;ELEIÇÃO ORDINÁRIA;1;220;ELEIÇÕES MUNICIPAIS 2016;02/10/2016;M;ES;56057;ALFREDO CHAVES;56057;ALFREDO CHAVES;12;22;13;VEREADOR;40456;SERAFINO ANTÔNIO SIMONI;8;1139;80000001024;EEEF SAGRADA FAMÍLIA;R. PRINCIPAL, S/ Nº
07/12/2023;14:25:26;2016;2;ELEIÇÃO ORDINÁRIA;1;220;ELEIÇÕES MUNICIPAIS 2016;02/10/2016;M;ES;56057;ALFREDO CHAVES;56057;ALFREDO CHAVES;12;22;13;VEREADOR;20555;ANGELO ARPINI;11;1139;80000001049;EEEF SAGRADA FAMÍLIA;R. PRINCIPAL, S/ Nº
07/12/2023;14:25:26;2016;2;ELEIÇÃO ORDINÁRIA;1;220;ELEIÇÕES MUNICIPAIS 2016;02/10/2016;M;ES;56057;ALFREDO CHAVES;56057;ALFREDO CHAVES;12;22;13;VEREADOR;15000;DANIEL ORLANDI;2;1139;80000001672;EEEF SAGRADA FAMÍLIA;R. PRINCIPAL, S/ Nº
07/12/2023;14:25:26;2016;2;ELEIÇÃO ORDINÁRIA;1;220;ELEIÇÕES MUNICIPAIS 2016;02/10/2016;M;ES;56057;ALFREDO CHAVES;56057;ALFREDO CHAVES;12;22;13;VEREADOR;23111;FERNANDO ALVES;1;1139;80000001675;EEEF SAGRADA FAMÍLIA;R. PRINCIPAL, S/ Nº
07/12/2023;14:25:26;2016;2;ELEIÇÃO ORDINÁRIA;1;220;ELEIÇÕES MUNICIPAIS 2016;02/10/2016;M;ES;56057;ALFREDO CHAVES;56057;ALFREDO CHAVES;12;22;13;VEREADOR;20789;JOSE MARIO DE ANDRADE FERREIRA;1;1139;80000001052;EEEF SAGRADA FAMÍLIA;R. PRINCIPAL, S/ Nº
07/12/2023;14:25:26;2016;2;ELEIÇÃO ORDINÁRIA;1;220;ELEIÇÕES MUNICIPAIS 2016;02/10/2016;M;ES;56057;ALFREDO CHAVES;56057;ALFREDO CHAVES;12;22;13;VEREADOR;15311;NARCISO DE ABREU GRASSI;7;1139;80000001679;EEEF SAGRADA FAMÍLIA;R. PRINCIPAL, S/ Nº
07/12/2023;14:25:26;2016;2;ELEIÇÃO ORDINÁRIA;1;220;ELEIÇÕES MUNICIPAIS 2016;02/10/2016;M;ES;56057;ALFREDO CHAVES;56057;ALFREDO CHAVES;12;22;13;VEREADOR;23666;PAULO MUNALDI;24;1139;80000001680;EEEF SAGRADA FAMÍLIA;R. PRINCIPAL, S/ Nº
07/12/2023;14:25:26;2016;2;ELEIÇÃO ORDINÁRIA;1;220;ELEIÇÕES MUNICIPAIS 2016;02/10/2016;M;ES;56057;ALFREDO CHAVES;56057;ALFREDO CHAVES;12;22;13;VEREADOR;20333;MARCO ANTONIO MOZER;6;1139;80000001053;EEEF SAGRADA FAMÍLIA;R. PRINCIPAL, S/ Nº
07/12/2023;14:25:26;2016;2;ELEIÇÃO ORDINÁRIA;1;220;ELEIÇÕES MUNICIPAIS 2016;02/10/2016;M;ES;56057;ALFREDO CHAVES;56057;ALFREDO CHAVES;12;22;11;PREFEITO;96;VOTO NULO;9;1139;-1;EEEF SAGRADA FAMÍLIA;R. PRINCIPAL, S/ Nº
07/12/2023;14:25:26;2016;2;ELEIÇÃO ORDINÁRIA;1;220;ELEIÇÕES MUNICIPAIS 2016;02/10/2016;M;ES;56057;ALFREDO CHAVES;56057;ALFREDO CHAVES;12;22;13;VEREADOR;40400;DARCY MARCHIORI DE PAULA GAIGHER;2;1139;80000001025;EEEF SAGRADA FAMÍLIA;R. PRINCIPAL, S/ Nº
07/12/2023;14:25:26;2016;2;ELEIÇÃO ORDINÁRIA;1;220;ELEIÇÕES MUNICIPAIS 2016;02/10/2016;M;ES;56057;ALFREDO CHAVES;56057;ALFREDO CHAVES;12;22;13;VEREADOR;45123;EDIMAR VANELI;43;1139;80000001040;EEEF SAGRADA FAMÍLIA;R. PRINCIPAL, S/ Nº
07/12/2023;14:25:26;2016;2;ELEIÇÃO ORDINÁRIA;1;220;ELEIÇÕES MUNICIPAIS 2016;02/10/2016;M;ES;56057;ALFREDO CHAVES;56057;ALFREDO CHAVES;12;22;13;VEREADOR;40321;GILSON LUIZ BELLON;10;1139;80000001031;EEEF SAGRADA FAMÍLIA;R. PRINCIPAL, S/ Nº
07/12/2023;14:25:26;2016;2;ELEIÇÃO ORDINÁRIA;1;220;ELEIÇÕES MUNICIPAIS 2016;02/10/2016;M;ES;56057;ALFREDO CHAVES;56057;ALFREDO CHAVES;12;22;13;VEREADOR;40444;PASCOAL GARCIA MARTINS;3;1139;80000001038;EEEF SAGRADA FAMÍLIA;R. PRINCIPAL, S/ Nº
07/12/2023;14:25:26;2016;2;ELEIÇÃO ORDINÁRIA;1;220;ELEIÇÕES MUNICIPAIS 2016;02/10/2016;M;ES;56057;ALFREDO CHAVES;56057;ALFREDO CHAVES;12;22;11;PREFEITO;95;VOTO BRANCO;5;1139;-1;EEEF SAGRADA FAMÍLIA;R. PRINCIPAL, S/ Nº
07/12/2023;14:25:26;2016;2;ELEIÇÃO ORDINÁRIA;1;220;ELEIÇÕES MUNICIPAIS 2016;02/10/2016;M;ES;56057;ALFREDO CHAVES;56057;ALFREDO CHAVES;12;22;13;VEREADOR;13610;NILSON HONORATO VANELI;13;1139;80000001650;EEEF SAGRADA FAMÍLIA;R. PRINCIPAL, S/ Nº
07/12/2023;14:25:26;2016;2;ELEIÇÃO ORDINÁRIA;1;220;ELEIÇÕES MUNICIPAIS 2016;02/10/2016;M;ES;56057;ALFREDO CHAVES;56057;ALFREDO CHAVES;12;22;13;VEREADOR;40202;LAURO ALVES PEREIRA;27;1139;80000001034;EEEF SAGRADA FAMÍLIA;R. PRINCIPAL, S/ Nº
07/12/2023;14:25:26;2016;2;ELEIÇÃO ORDINÁRIA;1;220;ELEIÇÕES MUNICIPAIS 2016;02/10/2016;M;ES;56057;ALFREDO CHAVES;56057;ALFREDO CHAVES;12;22;13;VEREADOR;55111;ELIETE ARPINI BRUSCHI;1;1139;80000001674;EEEF SAGRADA FAMÍLIA;R. PRINCIPAL, S/ Nº
07/12/2023;14:25:26;2016;2;ELEIÇÃO ORDINÁRIA;1;220;ELEIÇÕES MUNICIPAIS 2016;02/10/2016;M;ES;56057;ALFREDO CHAVES;56057;ALFREDO CHAVES;12;22;13;VEREADOR;96;VOTO NULO;2;1139;-1;EEEF SAGRADA FAMÍLIA;R. PRINCIPAL, S/ Nº
07/12/2023;14:25:26;2016;2;ELEIÇÃO ORDINÁRIA;1;220;ELEIÇÕES MUNICIPAIS 2016;02/10/2016;M;ES;56057;ALFREDO CHAVES;56057;ALFREDO CHAVES;12;22;13;VEREADOR;45000;JONAS NUNES SIMÕES;10;1139;80000001041;EEEF SAGRADA FAMÍLIA;R. PRINCIPAL, S/ Nº
07/12/2023;14:25:26;2016;2;ELEIÇÃO ORDINÁRIA;1;220;ELEIÇÕES MUNICIPAIS 2016;02/10/2016;M;ES;56057;ALFREDO CHAVES;56057;ALFREDO CHAVES;12;22;13;VEREADOR;55000;SERGIO BIANCHI;15;1139;80000001684;EEEF SAGRADA FAMÍLIA;R. PRINCIPAL, S/ Nº
07/12/2023;14:25:26;2016;2;ELEIÇÃO ORDINÁRIA;1;220;ELEIÇÕES MUNICIPAIS 2016;02/10/2016;M;ES;56057;ALFREDO CHAVES;56057;ALFREDO CHAVES;12;22;13;VEREADOR;25000;JANE CASTEGLIONE BETTCHER;5;1139;80000001642;EEEF SAGRADA FAMÍLIA;R. PRINCIPAL, S/ Nº
07/12/2023;14:25:26;2016;2;ELEIÇÃO ORDINÁRIA;1;220;ELEIÇÕES MUNICIPAIS 2016;02/10/2016;M;ES;56057;ALFREDO CHAVES;56057;ALFREDO CHAVES;12;22;13;VEREADOR;15666;ROGERIO FRANZOTTI;1;1139;80000001682;EEEF SAGRADA FAMÍLIA;R. PRINCIPAL, S/ Nº
07/12/2023;14:25:26;2016;2;ELEIÇÃO ORDINÁRIA;1;220;ELEIÇÕES MUNICIPAIS 2016;02/10/2016;M;ES;56057;ALFREDO CHAVES;56057;ALFREDO CHAVES;12;22;13;VEREADOR;23612;ANDRÉ SARTORI;6;1139;80000001669;EEEF SAGRADA FAMÍLIA;R. PRINCIPAL, S/ Nº
07/12/2023;14:25:26;2016;2;ELEIÇÃO ORDINÁRIA;1;220;ELEIÇÕES MUNICIPAIS 2016;02/10/2016;M;ES;56057;ALFREDO CHAVES;56057;ALFREDO CHAVES;12;22;13;VEREADOR;15123;EDSON ANTONIO REGIANI;3;1139;80000001673;EEEF SAGRADA FAMÍLIA;R. PRINCIPAL, S/ Nº
07/12/2023;14:25:26;2016;2;ELEIÇÃO ORDINÁRIA;1;220;ELEIÇÕES MUNICIPAIS 2016;02/10/2016;M;ES;56057;ALFREDO CHAVES;56057;ALFREDO CHAVES;12;22;13;VEREADOR;33333;ELTON ANTERIO CARDOSO BISI;3;1139;80000001023;EEEF SAGRADA FAMÍLIA;R. PRINCIPAL, S/ Nº
07/12/2023;14:25:26;2016;2;ELEIÇÃO ORDINÁRIA;1;220;ELEIÇÕES MUNICIPAIS 2016;02/10/2016;M;ES;56057;ALFREDO CHAVES;56057;ALFREDO CHAVES;12;22;13;VEREADOR;40000;NILTON CESAR BELMOK;4;1139;80000001037;EEEF SAGRADA FAMÍLIA;R. PRINCIPAL, S/ Nº
07/12/2023;14:25:26;2016;2;ELEIÇÃO ORDINÁRIA;1;220;ELEIÇÕES MUNICIPAIS 2016;02/10/2016;M;ES;56057;ALFREDO CHAVES;56057;ALFREDO CHAVES;12;22;13;VEREADOR;12345;ARMANDO ZANATA INGLE RIBEIRO;12;1139;80000001643;EEEF SAGRADA FAMÍLIA;R. PRINCIPAL, S/ Nº
07/12/2023;14:25:26;2016;2;ELEIÇÃO ORDINÁRIA;1;220;ELEIÇÕES MUNICIPAIS 2016;02/10/2016;M;ES;56057;ALFREDO CHAVES;56057;ALFREDO CHAVES;12;22;11;PREFEITO;15;RONALDO BIANCHI;120;1139;80000003215;EEEF SAGRADA FAMÍLIA;R. PRINCIPAL, S/ Nº
07/12/2023;14:25:26;2016;2;ELEIÇÃO ORDINÁRIA;1;220;ELEIÇÕES MUNICIPAIS 2016;02/10/2016;M;ES;56057;ALFREDO CHAVES;56057;ALFREDO CHAVES;12;22;13;VEREADOR;40111;CHARLES GAIGHER;7;1139;80000001030;EEEF SAGRADA FAMÍLIA;R. PRINCIPAL, S/ Nº
07/12/2023;14:25:26;2016;2;ELEIÇÃO ORDINÁRIA;1;220;ELEIÇÕES MUNICIPAIS 2016;02/10/2016;M;ES;56057;ALFREDO CHAVES;56057;ALFREDO CHAVES;12;22;13;VEREADOR;95;VOTO BRANCO;7;1139;-1;EEEF SAGRADA FAMÍLIA;R. PRINCIPAL, S/ Nº
07/12/2023;14:25:26;2016;2;ELEIÇÃO ORDINÁRIA;1;220;ELEIÇÕES MUNICIPAIS 2016;02/10/2016;M;ES;56057;ALFREDO CHAVES;56057;ALFREDO CHAVES;12;19;13;VEREADOR;25000;JANE CASTEGLIONE BETTCHER;1;1104;80000001642;SALÃO COMUNITÁRIO DE NOVA ESTRELA;R. PRINCIPAL, S/ Nº
07/12/2023;14:25:26;2016;2;ELEIÇÃO ORDINÁRIA;1;220;ELEIÇÕES MUNICIPAIS 2016;02/10/2016;M;ES;56057;ALFREDO CHAVES;56057;ALFREDO CHAVES;12;19;13;VEREADOR;23612;ANDRÉ SARTORI;19;1104;80000001669;SALÃO COMUNITÁRIO DE NOVA ESTRELA;R. PRINCIPAL, S/ Nº
07/12/2023;14:25:26;2016;2;ELEIÇÃO ORDINÁRIA;1;220;ELEIÇÕES MUNICIPAIS 2016;02/10/2016;M;ES;56057;ALFREDO CHAVES;56057;ALFREDO CHAVES;12;19;13;VEREADOR;23123;CÁSSIO COMINOTTI DO NASCIMENTO;2;1104;80000001671;SALÃO COMUNITÁRIO DE NOVA ESTRELA;R. PRINCIPAL, S/ Nº
07/12/2023;14:25:26;2016;2;ELEIÇÃO ORDINÁRIA;1;220;ELEIÇÕES MUNICIPAIS 2016;02/10/2016;M;ES;56057;ALFREDO CHAVES;56057;ALFREDO CHAVES;12;19;13;VEREADOR;33333;ELTON ANTERIO CARDOSO BISI;3;1104;80000001023;SALÃO COMUNITÁRIO DE NOVA ESTRELA;R. PRINCIPAL, S/ Nº
07/12/2023;14:25:26;2016;2;ELEIÇÃO ORDINÁRIA;1;220;ELEIÇÕES MUNICIPAIS 2016;02/10/2016;M;ES;56057;ALFREDO CHAVES;56057;ALFREDO CHAVES;12;19;13;VEREADOR;40000;NILTON CESAR BELMOK;55;1104;80000001037;SALÃO COMUNITÁRIO DE NOVA ESTRELA;R. PRINCIPAL, S/ Nº
07/12/2023;14:25:26;2016;2;ELEIÇÃO ORDINÁRIA;1;220;ELEIÇÕES MUNICIPAIS 2016;02/10/2016;M;ES;56057;ALFREDO CHAVES;56057;ALFREDO CHAVES;12;28;13;VEREADOR;40123;CLEOMIR GOBBI BUBACK;9;1074;80000001029;SALÃO DA IGREJA CATÓLICA DE IRIRITIMIRIM;R. PRINCIPAL, S/ N
07/12/2023;14:25:26;2016;2;ELEIÇÃO ORDINÁRIA;1;220;ELEIÇÕES MUNICIPAIS 2016;02/10/2016;M;ES;56057;ALFREDO CHAVES;56057;ALFREDO CHAVES;12;28;13;VEREADOR;40789;ADILSON JOSE ROVETA;1;1074;80000001028;SALÃO DA IGREJA CATÓLICA DE IRIRITIMIRIM;R. PRINCIPAL, S/ N
07/12/2023;14:25:26;2016;2;ELEIÇÃO ORDINÁRIA;1;220;ELEIÇÕES MUNICIPAIS 2016;02/10/2016;M;ES;56057;ALFREDO CHAVES;56057;ALFREDO CHAVES;12;28;11;PREFEITO;40;FERNANDO VIDEIRA LAFAYETTE;89;1074;80000001058;SALÃO DA IGREJA CATÓLICA DE IRIRITIMIRIM;R. PRINCIPAL, S/ N
07/12/2023;14:25:26;2016;2;ELEIÇÃO ORDINÁRIA;1;220;ELEIÇÕES MUNICIPAIS 2016;02/10/2016;M;ES;56057;ALFREDO CHAVES;56057;ALFREDO CHAVES;12;28;13;VEREADOR;15555;HELENA MARIA FIORIN FAVERO;2;1074;80000001677;SALÃO DA IGREJA CATÓLICA DE IRIRITIMIRIM;R. PRINCIPAL, S/ N
07/12/2023;14:25:26;2016;2;ELEIÇÃO ORDINÁRIA;1;220;ELEIÇÕES MUNICIPAIS 2016;02/10/2016;M;ES;56057;ALFREDO CHAVES;56057;ALFREDO CHAVES;12;28;13;VEREADOR;23333;RENATO CARDOSO;3;1074;80000001681;SALÃO DA IGREJA CATÓLICA DE IRIRITIMIRIM;R. PRINCIPAL, S/ N
07/12/2023;14:25:26;2016;2;ELEIÇÃO ORDINÁRIA;1;220;ELEIÇÕES MUNICIPAIS 2016;02/10/2016;M;ES;56057;ALFREDO CHAVES;56057;ALFREDO CHAVES;12;28;13;VEREADOR;40456;SERAFINO ANTÔNIO SIMONI;6;1074;80000001024;SALÃO DA IGREJA CATÓLICA DE IRIRITIMIRIM;R. PRINCIPAL, S/ N
07/12/2023;14:25:26;2016;2;ELEIÇÃO ORDINÁRIA;1;220;ELEIÇÕES MUNICIPAIS 2016;02/10/2016;M;ES;56057;ALFREDO CHAVES;56057;ALFREDO CHAVES;12;28;13;VEREADOR;20555;ANGELO ARPINI;1;1074;80000001049;SALÃO DA IGREJA CATÓLICA DE IRIRITIMIRIM;R. PRINCIPAL, S/ N
07/12/2023;14:25:26;2016;2;ELEIÇÃO ORDINÁRIA;1;220;ELEIÇÕES MUNICIPAIS 2016;02/10/2016;M;ES;56057;ALFREDO CHAVES;56057;ALFREDO CHAVES;12;28;13;VEREADOR;15000;DANIEL ORLANDI;4;1074;80000001672;SALÃO DA IGREJA CATÓLICA DE IRIRITIMIRIM;R. PRINCIPAL, S/ N
07/12/2023;14:25:26;2016;2;ELEIÇÃO ORDINÁRIA;1;220;ELEIÇÕES MUNICIPAIS 2016;02/10/2016;M;ES;56057;ALFREDO CHAVES;56057;ALFREDO CHAVES;12;28;13;VEREADOR;23111;FERNANDO ALVES;2;1074;80000001675;SALÃO DA IGREJA CATÓLICA DE IRIRITIMIRIM;R. PRINCIPAL, S/ N
07/12/2023;14:25:26;2016;2;ELEIÇÃO ORDINÁRIA;1;220;ELEIÇÕES MUNICIPAIS 2016;02/10/2016;M;ES;56057;ALFREDO CHAVES;56057;ALFREDO CHAVES;12;28;13;VEREADOR;15311;NARCISO DE ABREU GRASSI;12;1074;80000001679;SALÃO DA IGREJA CATÓLICA DE IRIRITIMIRIM;R. PRINCIPAL, S/ N
07/12/2023;14:25:26;2016;2;ELEIÇÃO ORDINÁRIA;1;220;ELEIÇÕES MUNICIPAIS 2016;02/10/2016;M;ES;56057;ALFREDO CHAVES;56057;ALFREDO CHAVES;12;28;13;VEREADOR;20123;IZAEL FERREIRA;5;1074;80000001051;SALÃO DA IGREJA CATÓLICA DE IRIRITIMIRIM;R. PRINCIPAL, S/ N
07/12/2023;14:25:26;2016;2;ELEIÇÃO ORDINÁRIA;1;220;ELEIÇÕES MUNICIPAIS 2016;02/10/2016;M;ES;56057;ALFREDO CHAVES;56057;ALFREDO CHAVES;12;28;13;VEREADOR;23666;PAULO MUNALDI;10;1074;80000001680;SALÃO DA IGREJA CATÓLICA DE IRIRITIMIRIM;R. PRINCIPAL, S/ N
07/12/2023;14:25:26;2016;2;ELEIÇÃO ORDINÁRIA;1;220;ELEIÇÕES MUNICIPAIS 2016;02/10/2016;M;ES;56057;ALFREDO CHAVES;56057;ALFREDO CHAVES;12;28;11;PREFEITO;96;VOTO NULO;3;1074;-1;SALÃO DA IGREJA CATÓLICA DE IRIRITIMIRIM;R. PRINCIPAL, S/ N
07/12/2023;14:25:26;2016;2;ELEIÇÃO ORDINÁRIA;1;220;ELEIÇÕES MUNICIPAIS 2016;02/10/2016;M;ES;56057;ALFREDO CHAVES;56057;ALFREDO CHAVES;12;28;13;VEREADOR;40400;DARCY MARCHIORI DE PAULA GAIGHER;4;1074;80000001025;SALÃO DA IGREJA CATÓLICA DE IRIRITIMIRIM;R. PRINCIPAL, S/ N
07/12/2023;14:25:26;2016;2;ELEIÇÃO ORDINÁRIA;1;220;ELEIÇÕES MUNICIPAIS 2016;02/10/2016;M;ES;56057;ALFREDO CHAVES;56057;ALFREDO CHAVES;12;28;13;VEREADOR;45123;EDIMAR VANELI;2;1074;80000001040;SALÃO DA IGREJA CATÓLICA DE IRIRITIMIRIM;R. PRINCIPAL, S/ N
07/12/2023;14:25:26;2016;2;ELEIÇÃO ORDINÁRIA;1;220;ELEIÇÕES MUNICIPAIS 2016;02/10/2016;M;ES;56057;ALFREDO CHAVES;56057;ALFREDO CHAVES;12;28;13;VEREADOR;40321;GILSON LUIZ BELLON;25;1074;80000001031;SALÃO DA IGREJA CATÓLICA DE IRIRITIMIRIM;R. PRINCIPAL, S/ N
07/12/2023;14:25:26;2016;2;ELEIÇÃO ORDINÁRIA;1;220;ELEIÇÕES MUNICIPAIS 2016;02/10/2016;M;ES;56057;ALFREDO CHAVES;56057;ALFREDO CHAVES;12;28;11;PREFEITO;95;VOTO BRANCO;3;1074;-1;SALÃO DA IGREJA CATÓLICA DE IRIRITIMIRIM;R. PRINCIPAL, S/ N
07/12/2023;14:25:26;2016;2;ELEIÇÃO ORDINÁRIA;1;220;ELEIÇÕES MUNICIPAIS 2016;02/10/2016;M;ES;56057;ALFREDO CHAVES;56057;ALFREDO CHAVES;12;28;13;VEREADOR;40444;PASCOAL GARCIA MARTINS;1;1074;80000001038;SALÃO DA IGREJA CATÓLICA DE IRIRITIMIRIM;R. PRINCIPAL, S/ N
07/12/2023;14:25:26;2016;2;ELEIÇÃO ORDINÁRIA;1;220;ELEIÇÕES MUNICIPAIS 2016;02/10/2016;M;ES;56057;ALFREDO CHAVES;56057;ALFREDO CHAVES;12;28;13;VEREADOR;40222;LUIZ JUNQUEIRA VIONEL;6;1074;80000001035;SALÃO DA IGREJA CATÓLICA DE IRIRITIMIRIM;R. PRINCIPAL, S/ N
07/12/2023;14:25:26;2016;2;ELEIÇÃO ORDINÁRIA;1;220;ELEIÇÕES MUNICIPAIS 2016;02/10/2016;M;ES;56057;ALFREDO CHAVES;56057;ALFREDO CHAVES;12;28;13;VEREADOR;96;VOTO NULO;1;1074;-1;SALÃO DA IGREJA CATÓLICA DE IRIRITIMIRIM;R. PRINCIPAL, S/ N
07/12/2023;14:25:26;2016;2;ELEIÇÃO ORDINÁRIA;1;220;ELEIÇÕES MUNICIPAIS 2016;02/10/2016;M;ES;56057;ALFREDO CHAVES;56057;ALFREDO CHAVES;12;28;13;VEREADOR;23000;GIANNE SMARSARO;1;1074;80000001676;SALÃO DA IGREJA CATÓLICA DE IRIRITIMIRIM;R. PRINCIPAL, S/ N
07/12/2023;14:25:26;2016;2;ELEIÇÃO ORDINÁRIA;1;220;ELEIÇÕES MUNICIPAIS 2016;02/10/2016;M;ES;56057;ALFREDO CHAVES;56057;ALFREDO CHAVES;12;28;13;VEREADOR;45000;JONAS NUNES SIMÕES;14;1074;80000001041;SALÃO DA IGREJA CATÓLICA DE IRIRITIMIRIM;R. PRINCIPAL, S/ N
07/12/2023;14:25:26;2016;2;ELEIÇÃO ORDINÁRIA;1;220;ELEIÇÕES MUNICIPAIS 2016;02/10/2016;M;ES;56057;ALFREDO CHAVES;56057;ALFREDO CHAVES;12;28;13;VEREADOR;55000;SERGIO BIANCHI;4;1074;80000001684;SALÃO DA IGREJA CATÓLICA DE IRIRITIMIRIM;R. PRINCIPAL, S/ N
07/12/2023;14:25:26;2016;2;ELEIÇÃO ORDINÁRIA;1;220;ELEIÇÕES MUNICIPAIS 2016;02/10/2016;M;ES;56057;ALFREDO CHAVES;56057;ALFREDO CHAVES;12;28;13;VEREADOR;25000;JANE CASTEGLIONE BETTCHER;3;1074;80000001642;SALÃO DA IGREJA CATÓLICA DE IRIRITIMIRIM;R. PRINCIPAL, S/ N
07/12/2023;14:25:26;2016;2;ELEIÇÃO ORDINÁRIA;1;220;ELEIÇÕES MUNICIPAIS 2016;02/10/2016;M;ES;56057;ALFREDO CHAVES;56057;ALFREDO CHAVES;12;28;13;VEREADOR;15666;ROGERIO FRANZOTTI;4;1074;80000001682;SALÃO DA IGREJA CATÓLICA DE IRIRITIMIRIM;R. PRINCIPAL, S/ N
07/12/2023;14:25:26;2016;2;ELEIÇÃO ORDINÁRIA;1;220;ELEIÇÕES MUNICIPAIS 2016;02/10/2016;M;ES;56057;ALFREDO CHAVES;56057;ALFREDO CHAVES;12;28;13;VEREADOR;23612;ANDRÉ SARTORI;18;1074;80000001669;SALÃO DA IGREJA CATÓLICA DE IRIRITIMIRIM;R. PRINCIPAL, S/ N
07/12/2023;14:25:26;2016;2;ELEIÇÃO ORDINÁRIA;1;220;ELEIÇÕES MUNICIPAIS 2016;02/10/2016;M;ES;56057;ALFREDO CHAVES;56057;ALFREDO CHAVES;12;28;13;VEREADOR;15123;EDSON ANTONIO REGIANI;3;1074;80000001673;SALÃO DA IGREJA CATÓLICA DE IRIRITIMIRIM;R. PRINCIPAL, S/ N
07/12/2023;14:25:26;2016;2;ELEIÇÃO ORDINÁRIA;1;220;ELEIÇÕES MUNICIPAIS 2016;02/10/2016;M;ES;56057;ALFREDO CHAVES;56057;ALFREDO CHAVES;12;28;13;VEREADOR;33333;ELTON ANTERIO CARDOSO BISI;6;1074;80000001023;SALÃO DA IGREJA CATÓLICA DE IRIRITIMIRIM;R. PRINCIPAL, S/ N
07/12/2023;14:25:26;2016;2;ELEIÇÃO ORDINÁRIA;1;220;ELEIÇÕES MUNICIPAIS 2016;02/10/2016;M;ES;56057;ALFREDO CHAVES;56057;ALFREDO CHAVES;12;28;13;VEREADOR;40000;NILTON CESAR BELMOK;3;1074;80000001037;SALÃO DA IGREJA CATÓLICA DE IRIRITIMIRIM;R. PRINCIPAL, S/ N
07/12/2023;14:25:26;2016;2;ELEIÇÃO ORDINÁRIA;1;220;ELEIÇÕES MUNICIPAIS 2016;02/10/2016;M;ES;56057;ALFREDO CHAVES;56057;ALFREDO CHAVES;12;28;13;VEREADOR;11123;PRIMO ARMELINDO BERGAMI;2;1074;80000001046;SALÃO DA IGREJA CATÓLICA DE IRIRITIMIRIM;R. PRINCIPAL, S/ N
07/12/2023;14:25:26;2016;2;ELEIÇÃO ORDINÁRIA;1;220;ELEIÇÕES MUNICIPAIS 2016;02/10/2016;M;ES;56057;ALFREDO CHAVES;56057;ALFREDO CHAVES;12;28;13;VEREADOR;12345;ARMANDO ZANATA INGLE RIBEIRO;11;1074;80000001643;SALÃO DA IGREJA CATÓLICA DE IRIRITIMIRIM;R. PRINCIPAL, S/ N
07/12/2023;14:25:26;2016;2;ELEIÇÃO ORDINÁRIA;1;220;ELEIÇÕES MUNICIPAIS 2016;02/10/2016;M;ES;56057;ALFREDO CHAVES;56057;ALFREDO CHAVES;12;28;13;VEREADOR;51234;SIMÃO LOPES DOS SANTOS;5;1074;80000001645;SALÃO DA IGREJA CATÓLICA DE IRIRITIMIRIM;R. PRINCIPAL, S/ N
07/12/2023;14:25:26;2016;2;ELEIÇÃO ORDINÁRIA;1;220;ELEIÇÕES MUNICIPAIS 2016;02/10/2016;M;ES;56057;ALFREDO CHAVES;56057;ALFREDO CHAVES;12;28;11;PREFEITO;15;RONALDO BIANCHI;105;1074;80000003215;SALÃO DA IGREJA CATÓLICA DE IRIRITIMIRIM;R. PRINCIPAL, S/ N
07/12/2023;14:25:26;2016;2;ELEIÇÃO ORDINÁRIA;1;220;ELEIÇÕES MUNICIPAIS 2016;02/10/2016;M;ES;56057;ALFREDO CHAVES;56057;ALFREDO CHAVES;12;28;13;VEREADOR;51000;JACINTA LUCIA SCARPARO;2;1074;80000001646;SALÃO DA IGREJA CATÓLICA DE IRIRITIMIRIM;R. PRINCIPAL, S/ N
07/12/2023;14:25:26;2016;2;ELEIÇÃO ORDINÁRIA;1;220;ELEIÇÕES MUNICIPAIS 2016;02/10/2016;M;ES;56057;ALFREDO CHAVES;56057;ALFREDO CHAVES;12;28;13;VEREADOR;40111;CHARLES GAIGHER;9;1074;80000001030;SALÃO DA IGREJA CATÓLICA DE IRIRITIMIRIM;R. PRINCIPAL, S/ N
07/12/2023;14:25:26;2016;2;ELEIÇÃO ORDINÁRIA;1;220;ELEIÇÕES MUNICIPAIS 2016;02/10/2016;M;ES;56057;ALFREDO CHAVES;56057;ALFREDO CHAVES;12;28;13;VEREADOR;95;VOTO BRANCO;7;1074;-1;SALÃO DA IGREJA CATÓLICA DE IRIRITIMIRIM;R. PRINCIPAL, S/ N
07/12/2023;14:25:26;2016;2;ELEIÇÃO ORDINÁRIA;1;220;ELEIÇÕES MUNICIPAIS 2016;02/10/2016;M;ES;56057;ALFREDO CHAVES;56057;ALFREDO CHAVES;12;3;13;VEREADOR;13123;JOSÉ DOMINGOS GOTTARDO;2;1015;80000001647;EEEF ANA ARAÚJO;R. EXPEDICIONARIO OSVALDO SAUDINO
07/12/2023;14:25:26;2016;2;ELEIÇÃO ORDINÁRIA;1;220;ELEIÇÕES MUNICIPAIS 2016;02/10/2016;M;ES;56057;ALFREDO CHAVES;56057;ALFREDO CHAVES;12;3;13;VEREADOR;40123;CLEOMIR GOBBI BUBACK;2;1015;80000001029;EEEF ANA ARAÚJO;R. EXPEDICIONARIO OSVALDO SAUDINO
07/12/2023;14:25:26;2016;2;ELEIÇÃO ORDINÁRIA;1;220;ELEIÇÕES MUNICIPAIS 2016;02/10/2016;M;ES;56057;ALFREDO CHAVES;56057;ALFREDO CHAVES;12;3;13;VEREADOR;19000;ITAGIBA AUGUSTO VIANA MATTOS;1;1015;80000001055;EEEF ANA ARAÚJO;R. EXPEDICIONARIO OSVALDO SAUDINO
07/12/2023;14:25:26;2016;2;ELEIÇÃO ORDINÁRIA;1;220;ELEIÇÕES MUNICIPAIS 2016;02/10/2016;M;ES;56057;ALFREDO CHAVES;56057;ALFREDO CHAVES;12;3;13;VEREADOR;40789;ADILSON JOSE ROVETA;3;1015;80000001028;EEEF ANA ARAÚJO;R. EXPEDICIONARIO OSVALDO SAUDINO
07/12/2023;14:25:26;2016;2;ELEIÇÃO ORDINÁRIA;1;220;ELEIÇÕES MUNICIPAIS 2016;02/10/2016;M;ES;56057;ALFREDO CHAVES;56057;ALFREDO CHAVES;12;3;11;PREFEITO;40;FERNANDO VIDEIRA LAFAYETTE;156;1015;80000001058;EEEF ANA ARAÚJO;R. EXPEDICIONARIO OSVALDO SAUDINO
07/12/2023;14:25:26;2016;2;ELEIÇÃO ORDINÁRIA;1;220;ELEIÇÕES MUNICIPAIS 2016;02/10/2016;M;ES;56057;ALFREDO CHAVES;56057;ALFREDO CHAVES;12;3;13;VEREADOR;15555;HELENA MARIA FIORIN FAVERO;2;1015;80000001677;EEEF ANA ARAÚJO;R. EXPEDICIONARIO OSVALDO SAUDINO
07/12/2023;14:25:26;2016;2;ELEIÇÃO ORDINÁRIA;1;220;ELEIÇÕES MUNICIPAIS 2016;02/10/2016;M;ES;56057;ALFREDO CHAVES;56057;ALFREDO CHAVES;12;3;13;VEREADOR;40456;SERAFINO ANTÔNIO SIMONI;3;1015;80000001024;EEEF ANA ARAÚJO;R. EXPEDICIONARIO OSVALDO SAUDINO
07/12/2023;14:25:26;2016;2;ELEIÇÃO ORDINÁRIA;1;220;ELEIÇÕES MUNICIPAIS 2016;02/10/2016;M;ES;56057;ALFREDO CHAVES;56057;ALFREDO CHAVES;12;3;13;VEREADOR;20555;ANGELO ARPINI;2;1015;80000001049;EEEF ANA ARAÚJO;R. EXPEDICIONARIO OSVALDO SAUDINO
07/12/2023;14:25:26;2016;2;ELEIÇÃO ORDINÁRIA;1;220;ELEIÇÕES MUNICIPAIS 2016;02/10/2016;M;ES;56057;ALFREDO CHAVES;56057;ALFREDO CHAVES;12;3;13;VEREADOR;15000;DANIEL ORLANDI;7;1015;80000001672;EEEF ANA ARAÚJO;R. EXPEDICIONARIO OSVALDO SAUDINO
07/12/2023;14:25:26;2016;2;ELEIÇÃO ORDINÁRIA;1;220;ELEIÇÕES MUNICIPAIS 2016;02/10/2016;M;ES;56057;ALFREDO CHAVES;56057;ALFREDO CHAVES;12;3;13;VEREADOR;22222;JOAO LUIZ MONTEIRO;1;1015;80000001054;EEEF ANA ARAÚJO;R. EXPEDICIONARIO OSVALDO SAUDINO
07/12/2023;14:25:26;2016;2;ELEIÇÃO ORDINÁRIA;1;220;ELEIÇÕES MUNICIPAIS 2016;02/10/2016;M;ES;56057;ALFREDO CHAVES;56057;ALFREDO CHAVES;12;3;13;VEREADOR;23111;FERNANDO ALVES;12;1015;80000001675;EEEF ANA ARAÚJO;R. EXPEDICIONARIO OSVALDO SAUDINO
07/12/2023;14:25:26;2016;2;ELEIÇÃO ORDINÁRIA;1;220;ELEIÇÕES MUNICIPAIS 2016;02/10/2016;M;ES;56057;ALFREDO CHAVES;56057;ALFREDO CHAVES;12;3;13;VEREADOR;20789;JOSE MARIO DE ANDRADE FERREIRA;7;1015;80000001052;EEEF ANA ARAÚJO;R. EXPEDICIONARIO OSVALDO SAUDINO
07/12/2023;14:25:26;2016;2;ELEIÇÃO ORDINÁRIA;1;220;ELEIÇÕES MUNICIPAIS 2016;02/10/2016;M;ES;56057;ALFREDO CHAVES;56057;ALFREDO CHAVES;12;3;13;VEREADOR;15311;NARCISO DE ABREU GRASSI;21;1015;80000001679;EEEF ANA ARAÚJO;R. EXPEDICIONARIO OSVALDO SAUDINO
07/12/2023;14:25:26;2016;2;ELEIÇÃO ORDINÁRIA;1;220;ELEIÇÕES MUNICIPAIS 2016;02/10/2016;M;ES;56057;ALFREDO CHAVES;56057;ALFREDO CHAVES;12;3;13;VEREADOR;23666;PAULO MUNALDI;22;1015;80000001680;EEEF ANA ARAÚJO;R. EXPEDICIONARIO OSVALDO SAUDINO
07/12/2023;14:25:26;2016;2;ELEIÇÃO ORDINÁRIA;1;220;ELEIÇÕES MUNICIPAIS 2016;02/10/2016;M;ES;56057;ALFREDO CHAVES;56057;ALFREDO CHAVES;12;3;11;PREFEITO;96;VOTO NULO;11;1015;-1;EEEF ANA ARAÚJO;R. EXPEDICIONARIO OSVALDO SAUDINO
07/12/2023;14:25:26;2016;2;ELEIÇÃO ORDINÁRIA;1;220;ELEIÇÕES MUNICIPAIS 2016;02/10/2016;M;ES;56057;ALFREDO CHAVES;56057;ALFREDO CHAVES;12;3;13;VEREADOR;40400;DARCY MARCHIORI DE PAULA GAIGHER;10;1015;80000001025;EEEF ANA ARAÚJO;R. EXPEDICIONARIO OSVALDO SAUDINO
07/12/2023;14:25:26;2016;2;ELEIÇÃO ORDINÁRIA;1;220;ELEIÇÕES MUNICIPAIS 2016;02/10/2016;M;ES;56057;ALFREDO CHAVES;56057;ALFREDO CHAVES;12;3;13;VEREADOR;45123;EDIMAR VANELI;3;1015;80000001040;EEEF ANA ARAÚJO;R. EXPEDICIONARIO OSVALDO SAUDINO
07/12/2023;14:25:26;2016;2;ELEIÇÃO ORDINÁRIA;1;220;ELEIÇÕES MUNICIPAIS 2016;02/10/2016;M;ES;56057;ALFREDO CHAVES;56057;ALFREDO CHAVES;12;3;13;VEREADOR;11222;SANTE JOSÉ GRATIERI;2;1015;80000001048;EEEF ANA ARAÚJO;R. EXPEDICIONARIO OSVALDO SAUDINO
07/12/2023;14:25:26;2016;2;ELEIÇÃO ORDINÁRIA;1;220;ELEIÇÕES MUNICIPAIS 2016;02/10/2016;M;ES;56057;ALFREDO CHAVES;56057;ALFREDO CHAVES;12;3;11;PREFEITO;95;VOTO BRANCO;5;1015;-1;EEEF ANA ARAÚJO;R. EXPEDICIONARIO OSVALDO SAUDINO
07/12/2023;14:25:26;2016;2;ELEIÇÃO ORDINÁRIA;1;220;ELEIÇÕES MUNICIPAIS 2016;02/10/2016;M;ES;56057;ALFREDO CHAVES;56057;ALFREDO CHAVES;12;3;13;VEREADOR;40321;GILSON LUIZ BELLON;7;1015;80000001031;EEEF ANA ARAÚJO;R. EXPEDICIONARIO OSVALDO SAUDINO
07/12/2023;14:25:26;2016;2;ELEIÇÃO ORDINÁRIA;1;220;ELEIÇÕES MUNICIPAIS 2016;02/10/2016;M;ES;56057;ALFREDO CHAVES;56057;ALFREDO CHAVES;12;3;13;VEREADOR;40444;PASCOAL GARCIA MARTINS;10;1015;80000001038;EEEF ANA ARAÚJO;R. EXPEDICIONARIO OSVALDO SAUDINO
07/12/2023;14:25:26;2016;2;ELEIÇÃO ORDINÁRIA;1;220;ELEIÇÕES MUNICIPAIS 2016;02/10/2016;M;ES;56057;ALFREDO CHAVES;56057;ALFREDO CHAVES;12;3;13;VEREADOR;40777;MARINALVA ALVES DA SILVA;1;1015;80000001027;EEEF ANA ARAÚJO;R. EXPEDICIONARIO OSVALDO SAUDINO
07/12/2023;14:25:26;2016;2;ELEIÇÃO ORDINÁRIA;1;220;ELEIÇÕES MUNICIPAIS 2016;02/10/2016;M;ES;56057;ALFREDO CHAVES;56057;ALFREDO CHAVES;12;3;13;VEREADOR;13610;NILSON HONORATO VANELI;1;1015;80000001650;EEEF ANA ARAÚJO;R. EXPEDICIONARIO OSVALDO SAUDINO
07/12/2023;14:25:26;2016;2;ELEIÇÃO ORDINÁRIA;1;220;ELEIÇÕES MUNICIPAIS 2016;02/10/2016;M;ES;56057;ALFREDO CHAVES;56057;ALFREDO CHAVES;12;3;13;VEREADOR;11964;MARIA MAGDALENA NASCIMENTO;2;1015;80000001045;EEEF ANA ARAÚJO;R. EXPEDICIONARIO OSVALDO SAUDINO
07/12/2023;14:25:26;2016;2;ELEIÇÃO ORDINÁRIA;1;220;ELEIÇÕES MUNICIPAIS 2016;02/10/2016;M;ES;56057;ALFREDO CHAVES;56057;ALFREDO CHAVES;12;3;13;VEREADOR;40202;LAURO ALVES PEREIRA;2;1015;80000001034;EEEF ANA ARAÚJO;R. EXPEDICIONARIO OSVALDO SAUDINO
07/12/2023;14:25:26;2016;2;ELEIÇÃO ORDINÁRIA;1;220;ELEIÇÕES MUNICIPAIS 2016;02/10/2016;M;ES;56057;ALFREDO CHAVES;56057;ALFREDO CHAVES;12;3;13;VEREADOR;15500;CAROLINA BONELLA GRASSI;1;1015;80000001670;EEEF ANA ARAÚJO;R. EXPEDICIONARIO OSVALDO SAUDINO
07/12/2023;14:25:26;2016;2;ELEIÇÃO ORDINÁRIA;1;220;ELEIÇÕES MUNICIPAIS 2016;02/10/2016;M;ES;56057;ALFREDO CHAVES;56057;ALFREDO CHAVES;12;3;13;VEREADOR;11555;MARIA DOS ANJOS GAIGHER DE PAULA;3;1015;80000001044;EEEF ANA ARAÚJO;R. EXPEDICIONARIO OSVALDO SAUDINO
07/12/2023;14:25:26;2016;2;ELEIÇÃO ORDINÁRIA;1;220;ELEIÇÕES MUNICIPAIS 2016;02/10/2016;M;ES;56057;ALFREDO CHAVES;56057;ALFREDO CHAVES;12;3;13;VEREADOR;40222;LUIZ JUNQUEIRA VIONEL;1;1015;80000001035;EEEF ANA ARAÚJO;R. EXPEDICIONARIO OSVALDO SAUDINO
07/12/2023;14:25:26;2016;2;ELEIÇÃO ORDINÁRIA;1;220;ELEIÇÕES MUNICIPAIS 2016;02/10/2016;M;ES;56057;ALFREDO CHAVES;56057;ALFREDO CHAVES;12;3;13;VEREADOR;96;VOTO NULO;6;1015;-1;EEEF ANA ARAÚJO;R. EXPEDICIONARIO OSVALDO SAUDINO
07/12/2023;14:25:26;2016;2;ELEIÇÃO ORDINÁRIA;1;220;ELEIÇÕES MUNICIPAIS 2016;02/10/2016;M;ES;56057;ALFREDO CHAVES;56057;ALFREDO CHAVES;12;3;13;VEREADOR;18123;ERVAN CESAR;2;1015;80000001644;EEEF ANA ARAÚJO;R. EXPEDICIONARIO OSVALDO SAUDINO
07/12/2023;14:25:26;2016;2;ELEIÇÃO ORDINÁRIA;1;220;ELEIÇÕES MUNICIPAIS 2016;02/10/2016;M;ES;56057;ALFREDO CHAVES;56057;ALFREDO CHAVES;12;3;13;VEREADOR;45000;JONAS NUNES SIMÕES;42;1015;80000001041;EEEF ANA ARAÚJO;R. EXPEDICIONARIO OSVALDO SAUDINO
07/12/2023;14:25:26;2016;2;ELEIÇÃO ORDINÁRIA;1;220;ELEIÇÕES MUNICIPAIS 2016;02/10/2016;M;ES;56057;ALFREDO CHAVES;56057;ALFREDO CHAVES;12;3;13;VEREADOR;55000;SERGIO BIANCHI;16;1015;80000001684;EEEF ANA ARAÚJO;R. EXPEDICIONARIO OSVALDO SAUDINO
07/12/2023;14:25:26;2016;2;ELEIÇÃO ORDINÁRIA;1;220;ELEIÇÕES MUNICIPAIS 2016;02/10/2016;M;ES;56057;ALFREDO CHAVES;56057;ALFREDO CHAVES;12;3;13;VEREADOR;40333;JAQUELINE FRANZOTTI DA SILVA;4;1015;80000001032;EEEF ANA ARAÚJO;R. EXPEDICIONARIO OSVALDO SAUDINO
07/12/2023;14:25:26;2016;2;ELEIÇÃO ORDINÁRIA;1;220;ELEIÇÕES MUNICIPAIS 2016;02/10/2016;M;ES;56057;ALFREDO CHAVES;56057;ALFREDO CHAVES;12;3;13;VEREADOR;25000;JANE CASTEGLIONE BETTCHER;9;1015;80000001642;EEEF ANA ARAÚJO;R. EXPEDICIONARIO OSVALDO SAUDINO
07/12/2023;14:25:26;2016;2;ELEIÇÃO ORDINÁRIA;1;220;ELEIÇÕES MUNICIPAIS 2016;02/10/2016;M;ES;56057;ALFREDO CHAVES;56057;ALFREDO CHAVES;12;3;13;VEREADOR;15666;ROGERIO FRANZOTTI;4;1015;80000001682;EEEF ANA ARAÚJO;R. EXPEDICIONARIO OSVALDO SAUDINO
07/12/2023;14:25:26;2016;2;ELEIÇÃO ORDINÁRIA;1;220;ELEIÇÕES MUNICIPAIS 2016;02/10/2016;M;ES;56057;ALFREDO CHAVES;56057;ALFREDO CHAVES;12;3;13;VEREADOR;23612;ANDRÉ SARTORI;26;1015;80000001669;EEEF ANA ARAÚJO;R. EXPEDICIONARIO OSVALDO SAUDINO
07/12/2023;14:25:26;2016;2;ELEIÇÃO ORDINÁRIA;1;220;ELEIÇÕES MUNICIPAIS 2016;02/10/2016;M;ES;56057;ALFREDO CHAVES;56057;ALFREDO CHAVES;12;3;13;VEREADOR;40232;MARCIO CETTO;2;1015;80000001036;EEEF ANA ARAÚJO;R. EXPEDICIONARIO OSVALDO SAUDINO
07/12/2023;14:25:26;2016;2;ELEIÇÃO ORDINÁRIA;1;220;ELEIÇÕES MUNICIPAIS 2016;02/10/2016;M;ES;56057;ALFREDO CHAVES;56057;ALFREDO CHAVES;12;3;13;VEREADOR;23123;CÁSSIO COMINOTTI DO NASCIMENTO;7;1015;80000001671;EEEF ANA ARAÚJO;R. EXPEDICIONARIO OSVALDO SAUDINO
07/12/2023;14:25:26;2016;2;ELEIÇÃO ORDINÁRIA;1;220;ELEIÇÕES MUNICIPAIS 2016;02/10/2016;M;ES;56057;ALFREDO CHAVES;56057;ALFREDO CHAVES;12;3;13;VEREADOR;11000;ROSANA MARIA CARDOSO TAVARES;1;1015;80000001047;EEEF ANA ARAÚJO;R. EXPEDICIONARIO OSVALDO SAUDINO
07/12/2023;14:25:26;2016;2;ELEIÇÃO ORDINÁRIA;1;220;ELEIÇÕES MUNICIPAIS 2016;02/10/2016;M;ES;56057;ALFREDO CHAVES;56057;ALFREDO CHAVES;12;3;13;VEREADOR;33333;ELTON ANTERIO CARDOSO BISI;8;1015;80000001023;EEEF ANA ARAÚJO;R. EXPEDICIONARIO OSVALDO SAUDINO
07/12/2023;14:25:26;2016;2;ELEIÇÃO ORDINÁRIA;1;220;ELEIÇÕES MUNICIPAIS 2016;02/10/2016;M;ES;56057;ALFREDO CHAVES;56057;ALFREDO CHAVES;12;3;13;VEREADOR;40000;NILTON CESAR BELMOK;7;1015;80000001037;EEEF ANA ARAÚJO;R. EXPEDICIONARIO OSVALDO SAUDINO
07/12/2023;14:25:26;2016;2;ELEIÇÃO ORDINÁRIA;1;220;ELEIÇÕES MUNICIPAIS 2016;02/10/2016;M;ES;56057;ALFREDO CHAVES;56057;ALFREDO CHAVES;12;3;13;VEREADOR;20000;GENECI LUIZ DOS SANTOS;1;1015;80000001050;EEEF ANA ARAÚJO;R. EXPEDICIONARIO OSVALDO SAUDINO
07/12/2023;14:25:26;2016;2;ELEIÇÃO ORDINÁRIA;1;220;ELEIÇÕES MUNICIPAIS 2016;02/10/2016;M;ES;56057;ALFREDO CHAVES;56057;ALFREDO CHAVES;12;3;13;VEREADOR;11123;PRIMO ARMELINDO BERGAMI;8;1015;80000001046;EEEF ANA ARAÚJO;R. EXPEDICIONARIO OSVALDO SAUDINO
07/12/2023;14:25:26;2016;2;ELEIÇÃO ORDINÁRIA;1;220;ELEIÇÕES MUNICIPAIS 2016;02/10/2016;M;ES;56057;ALFREDO CHAVES;56057;ALFREDO CHAVES;12;3;13;VEREADOR;12345;ARMANDO ZANATA INGLE RIBEIRO;12;1015;80000001643;EEEF ANA ARAÚJO;R. EXPEDICIONARIO OSVALDO SAUDINO
07/12/2023;14:25:26;2016;2;ELEIÇÃO ORDINÁRIA;1;220;ELEIÇÕES MUNICIPAIS 2016;02/10/2016;M;ES;56057;ALFREDO CHAVES;56057;ALFREDO CHAVES;12;3;13;VEREADOR;40119;RENATA DA SILVA PRATES;1;1015;80000001039;EEEF ANA ARAÚJO;R. EXPEDICIONARIO OSVALDO SAUDINO
07/12/2023;14:25:26;2016;2;ELEIÇÃO ORDINÁRIA;1;220;ELEIÇÕES MUNICIPAIS 2016;02/10/2016;M;ES;56057;ALFREDO CHAVES;56057;ALFREDO CHAVES;12;3;11;PREFEITO;15;RONALDO BIANCHI;145;1015;80000003215;EEEF ANA ARAÚJO;R. EXPEDICIONARIO OSVALDO SAUDINO
07/12/2023;14:25:26;2016;2;ELEIÇÃO ORDINÁRIA;1;220;ELEIÇÕES MUNICIPAIS 2016;02/10/2016;M;ES;56057;ALFREDO CHAVES;56057;ALFREDO CHAVES;12;3;13;VEREADOR;51000;JACINTA LUCIA SCARPARO;2;1015;80000001646;EEEF ANA ARAÚJO;R. EXPEDICIONARIO OSVALDO SAUDINO
07/12/2023;14:25:26;2016;2;ELEIÇÃO ORDINÁRIA;1;220;ELEIÇÕES MUNICIPAIS 2016;02/10/2016;M;ES;56057;ALFREDO CHAVES;56057;ALFREDO CHAVES;12;3;13;VEREADOR;40111;CHARLES GAIGHER;9;1015;80000001030;EEEF ANA ARAÚJO;R. EXPEDICIONARIO OSVALDO SAUDINO
07/12/2023;14:25:26;2016;2;ELEIÇÃO ORDINÁRIA;1;220;ELEIÇÕES MUNICIPAIS 2016;02/10/2016;M;ES;56057;ALFREDO CHAVES;56057;ALFREDO CHAVES;12;3;13;VEREADOR;95;VOTO BRANCO;2;1015;-1;EEEF ANA ARAÚJO;R. EXPEDICIONARIO OSVALDO SAUDINO
07/12/2023;14:25:26;2016;2;ELEIÇÃO ORDINÁRIA;1;220;ELEIÇÕES MUNICIPAIS 2016;02/10/2016;M;ES;56057;ALFREDO CHAVES;56057;ALFREDO CHAVES;12;29;11;PREFEITO;15;RONALDO BIANCHI;119;1147;80000003215;EMEF SÃO BENTO DE URÂNIA;R. PRINCIPAL, S/ Nº
07/12/2023;14:25:26;2016;2;ELEIÇÃO ORDINÁRIA;1;220;ELEIÇÕES MUNICIPAIS 2016;02/10/2016;M;ES;56057;ALFREDO CHAVES;56057;ALFREDO CHAVES;12;29;13;VEREADOR;40111;CHARLES GAIGHER;6;1147;80000001030;EMEF SÃO BENTO DE URÂNIA;R. PRINCIPAL, S/ Nº
07/12/2023;14:25:26;2016;2;ELEIÇÃO ORDINÁRIA;1;220;ELEIÇÕES MUNICIPAIS 2016;02/10/2016;M;ES;56057;ALFREDO CHAVES;56057;ALFREDO CHAVES;12;29;13;VEREADOR;95;VOTO BRANCO;7;1147;-1;EMEF SÃO BENTO DE URÂNIA;R. PRINCIPAL, S/ Nº
07/12/2023;14:25:26;2016;2;ELEIÇÃO ORDINÁRIA;1;220;ELEIÇÕES MUNICIPAIS 2016;02/10/2016;M;ES;56057;ALFREDO CHAVES;56057;ALFREDO CHAVES;12;14;13;VEREADOR;40123;CLEOMIR GOBBI BUBACK;22;1066;80000001029;SALÃO DA IGREJA CATÓLICA DE SÃO BENTO DE BATATAL;RUA PRINCIPAL, S/ N
07/12/2023;14:25:26;2016;2;ELEIÇÃO ORDINÁRIA;1;220;ELEIÇÕES MUNICIPAIS 2016;02/10/2016;M;ES;56057;ALFREDO CHAVES;56057;ALFREDO CHAVES;12;14;13;VEREADOR;40789;ADILSON JOSE ROVETA;2;1066;80000001028;SALÃO DA IGREJA CATÓLICA DE SÃO BENTO DE BATATAL;RUA PRINCIPAL, S/ N
07/12/2023;14:25:26;2016;2;ELEIÇÃO ORDINÁRIA;1;220;ELEIÇÕES MUNICIPAIS 2016;02/10/2016;M;ES;56057;ALFREDO CHAVES;56057;ALFREDO CHAVES;12;14;11;PREFEITO;40;FERNANDO VIDEIRA LAFAYETTE;102;1066;80000001058;SALÃO DA IGREJA CATÓLICA DE SÃO BENTO DE BATATAL;RUA PRINCIPAL, S/ N
07/12/2023;14:25:26;2016;2;ELEIÇÃO ORDINÁRIA;1;220;ELEIÇÕES MUNICIPAIS 2016;02/10/2016;M;ES;56057;ALFREDO CHAVES;56057;ALFREDO CHAVES;12;14;13;VEREADOR;15555;HELENA MARIA FIORIN FAVERO;1;1066;80000001677;SALÃO DA IGREJA CATÓLICA DE SÃO BENTO DE BATATAL;RUA PRINCIPAL, S/ N
07/12/2023;14:25:26;2016;2;ELEIÇÃO ORDINÁRIA;1;220;ELEIÇÕES MUNICIPAIS 2016;02/10/2016;M;ES;56057;ALFREDO CHAVES;56057;ALFREDO CHAVES;12;14;13;VEREADOR;23333;RENATO CARDOSO;2;1066;80000001681;SALÃO DA IGREJA CATÓLICA DE SÃO BENTO DE BATATAL;RUA PRINCIPAL, S/ N
07/12/2023;14:25:26;2016;2;ELEIÇÃO ORDINÁRIA;1;220;ELEIÇÕES MUNICIPAIS 2016;02/10/2016;M;ES;56057;ALFREDO CHAVES;56057;ALFREDO CHAVES;12;14;13;VEREADOR;40456;SERAFINO ANTÔNIO SIMONI;10;1066;80000001024;SALÃO DA IGREJA CATÓLICA DE SÃO BENTO DE BATATAL;RUA PRINCIPAL, S/ N
07/12/2023;14:25:26;2016;2;ELEIÇÃO ORDINÁRIA;1;220;ELEIÇÕES MUNICIPAIS 2016;02/10/2016;M;ES;56057;ALFREDO CHAVES;56057;ALFREDO CHAVES;12;14;13;VEREADOR;20555;ANGELO ARPINI;1;1066;80000001049;SALÃO DA IGREJA CATÓLICA DE SÃO BENTO DE BATATAL;RUA PRINCIPAL, S/ N
07/12/2023;14:25:26;2016;2;ELEIÇÃO ORDINÁRIA;1;220;ELEIÇÕES MUNICIPAIS 2016;02/10/2016;M;ES;56057;ALFREDO CHAVES;56057;ALFREDO CHAVES;12;14;13;VEREADOR;15000;DANIEL ORLANDI;5;1066;80000001672;SALÃO DA IGREJA CATÓLICA DE SÃO BENTO DE BATATAL;RUA PRINCIPAL, S/ N
07/12/2023;14:25:26;2016;2;ELEIÇÃO ORDINÁRIA;1;220;ELEIÇÕES MUNICIPAIS 2016;02/10/2016;M;ES;56057;ALFREDO CHAVES;56057;ALFREDO CHAVES;12;14;13;VEREADOR;23111;FERNANDO ALVES;2;1066;80000001675;SALÃO DA IGREJA CATÓLICA DE SÃO BENTO DE BATATAL;RUA PRINCIPAL, S/ N
07/12/2023;14:25:26;2016;2;ELEIÇÃO ORDINÁRIA;1;220;ELEIÇÕES MUNICIPAIS 2016;02/10/2016;M;ES;56057;ALFREDO CHAVES;56057;ALFREDO CHAVES;12;14;13;VEREADOR;20789;JOSE MARIO DE ANDRADE FERREIRA;1;1066;80000001052;SALÃO DA IGREJA CATÓLICA DE SÃO BENTO DE BATATAL;RUA PRINCIPAL, S/ N
07/12/2023;14:25:26;2016;2;ELEIÇÃO ORDINÁRIA;1;220;ELEIÇÕES MUNICIPAIS 2016;02/10/2016;M;ES;56057;ALFREDO CHAVES;56057;ALFREDO CHAVES;12;14;13;VEREADOR;15311;NARCISO DE ABREU GRASSI;27;1066;80000001679;SALÃO DA IGREJA CATÓLICA DE SÃO BENTO DE BATATAL;RUA PRINCIPAL, S/ N
07/12/2023;14:25:26;2016;2;ELEIÇÃO ORDINÁRIA;1;220;ELEIÇÕES MUNICIPAIS 2016;02/10/2016;M;ES;56057;ALFREDO CHAVES;56057;ALFREDO CHAVES;12;14;13;VEREADOR;20123;IZAEL FERREIRA;1;1066;80000001051;SALÃO DA IGREJA CATÓLICA DE SÃO BENTO DE BATATAL;RUA PRINCIPAL, S/ N
07/12/2023;14:25:26;2016;2;ELEIÇÃO ORDINÁRIA;1;220;ELEIÇÕES MUNICIPAIS 2016;02/10/2016;M;ES;56057;ALFREDO CHAVES;56057;ALFREDO CHAVES;12;14;13;VEREADOR;23666;PAULO MUNALDI;4;1066;80000001680;SALÃO DA IGREJA CATÓLICA DE SÃO BENTO DE BATATAL;RUA PRINCIPAL, S/ N
07/12/2023;14:25:26;2016;2;ELEIÇÃO ORDINÁRIA;1;220;ELEIÇÕES MUNICIPAIS 2016;02/10/2016;M;ES;56057;ALFREDO CHAVES;56057;ALFREDO CHAVES;12;14;11;PREFEITO;96;VOTO NULO;10;1066;-1;SALÃO DA IGREJA CATÓLICA DE SÃO BENTO DE BATATAL;RUA PRINCIPAL, S/ N
07/12/2023;14:25:26;2016;2;ELEIÇÃO ORDINÁRIA;1;220;ELEIÇÕES MUNICIPAIS 2016;02/10/2016;M;ES;56057;ALFREDO CHAVES;56057;ALFREDO CHAVES;12;14;13;VEREADOR;40400;DARCY MARCHIORI DE PAULA GAIGHER;3;1066;80000001025;SALÃO DA IGREJA CATÓLICA DE SÃO BENTO DE BATATAL;RUA PRINCIPAL, S/ N
07/12/2023;14:25:26;2016;2;ELEIÇÃO ORDINÁRIA;1;220;ELEIÇÕES MUNICIPAIS 2016;02/10/2016;M;ES;56057;ALFREDO CHAVES;56057;ALFREDO CHAVES;12;14;13;VEREADOR;45123;EDIMAR VANELI;1;1066;80000001040;SALÃO DA IGREJA CATÓLICA DE SÃO BENTO DE BATATAL;RUA PRINCIPAL, S/ N
07/12/2023;14:25:26;2016;2;ELEIÇÃO ORDINÁRIA;1;220;ELEIÇÕES MUNICIPAIS 2016;02/10/2016;M;ES;56057;ALFREDO CHAVES;56057;ALFREDO CHAVES;12;14;11;PREFEITO;95;VOTO BRANCO;3;1066;-1;SALÃO DA IGREJA CATÓLICA DE SÃO BENTO DE BATATAL;RUA PRINCIPAL, S/ N
07/12/2023;14:25:26;2016;2;ELEIÇÃO ORDINÁRIA;1;220;ELEIÇÕES MUNICIPAIS 2016;02/10/2016;M;ES;56057;ALFREDO CHAVES;56057;ALFREDO CHAVES;12;14;13;VEREADOR;40444;PASCOAL GARCIA MARTINS;1;1066;80000001038;SALÃO DA IGREJA CATÓLICA DE SÃO BENTO DE BATATAL;RUA PRINCIPAL, S/ N
07/12/2023;14:25:26;2016;2;ELEIÇÃO ORDINÁRIA;1;220;ELEIÇÕES MUNICIPAIS 2016;02/10/2016;M;ES;56057;ALFREDO CHAVES;56057;ALFREDO CHAVES;12;14;13;VEREADOR;13610;NILSON HONORATO VANELI;1;1066;80000001650;SALÃO DA IGREJA CATÓLICA DE SÃO BENTO DE BATATAL;RUA PRINCIPAL, S/ N
07/12/2023;14:25:26;2016;2;ELEIÇÃO ORDINÁRIA;1;220;ELEIÇÕES MUNICIPAIS 2016;02/10/2016;M;ES;56057;ALFREDO CHAVES;56057;ALFREDO CHAVES;12;14;13;VEREADOR;96;VOTO NULO;3;1066;-1;SALÃO DA IGREJA CATÓLICA DE SÃO BENTO DE BATATAL;RUA PRINCIPAL, S/ N
07/12/2023;14:25:26;2016;2;ELEIÇÃO ORDINÁRIA;1;220;ELEIÇÕES MUNICIPAIS 2016;02/10/2016;M;ES;56057;ALFREDO CHAVES;56057;ALFREDO CHAVES;12;14;13;VEREADOR;18123;ERVAN CESAR;3;1066;80000001644;SALÃO DA IGREJA CATÓLICA DE SÃO BENTO DE BATATAL;RUA PRINCIPAL, S/ N
07/12/2023;14:25:26;2016;2;ELEIÇÃO ORDINÁRIA;1;220;ELEIÇÕES MUNICIPAIS 2016;02/10/2016;M;ES;56057;ALFREDO CHAVES;56057;ALFREDO CHAVES;12;14;13;VEREADOR;45000;JONAS NUNES SIMÕES;16;1066;80000001041;SALÃO DA IGREJA CATÓLICA DE SÃO BENTO DE BATATAL;RUA PRINCIPAL, S/ N
07/12/2023;14:25:26;2016;2;ELEIÇÃO ORDINÁRIA;1;220;ELEIÇÕES MUNICIPAIS 2016;02/10/2016;M;ES;56057;ALFREDO CHAVES;56057;ALFREDO CHAVES;12;14;13;VEREADOR;55000;SERGIO BIANCHI;6;1066;80000001684;SALÃO DA IGREJA CATÓLICA DE SÃO BENTO DE BATATAL;RUA PRINCIPAL, S/ N
07/12/2023;14:25:26;2016;2;ELEIÇÃO ORDINÁRIA;1;220;ELEIÇÕES MUNICIPAIS 2016;02/10/2016;M;ES;56057;ALFREDO CHAVES;56057;ALFREDO CHAVES;12;14;13;VEREADOR;23612;ANDRÉ SARTORI;7;1066;80000001669;SALÃO DA IGREJA CATÓLICA DE SÃO BENTO DE BATATAL;RUA PRINCIPAL, S/ N
07/12/2023;14:25:26;2016;2;ELEIÇÃO ORDINÁRIA;1;220;ELEIÇÕES MUNICIPAIS 2016;02/10/2016;M;ES;56057;ALFREDO CHAVES;56057;ALFREDO CHAVES;12;14;13;VEREADOR;15123;EDSON ANTONIO REGIANI;10;1066;80000001673;SALÃO DA IGREJA CATÓLICA DE SÃO BENTO DE BATATAL;RUA PRINCIPAL, S/ N
07/12/2023;14:25:26;2016;2;ELEIÇÃO ORDINÁRIA;1;220;ELEIÇÕES MUNICIPAIS 2016;02/10/2016;M;ES;56057;ALFREDO CHAVES;56057;ALFREDO CHAVES;12;14;13;VEREADOR;23123;CÁSSIO COMINOTTI DO NASCIMENTO;1;1066;80000001671;SALÃO DA IGREJA CATÓLICA DE SÃO BENTO DE BATATAL;RUA PRINCIPAL, S/ N
07/12/2023;14:25:26;2016;2;ELEIÇÃO ORDINÁRIA;1;220;ELEIÇÕES MUNICIPAIS 2016;02/10/2016;M;ES;56057;ALFREDO CHAVES;56057;ALFREDO CHAVES;12;14;13;VEREADOR;40000;NILTON CESAR BELMOK;23;1066;80000001037;SALÃO DA IGREJA CATÓLICA DE SÃO BENTO DE BATATAL;RUA PRINCIPAL, S/ N
07/12/2023;14:25:26;2016;2;ELEIÇÃO ORDINÁRIA;1;220;ELEIÇÕES MUNICIPAIS 2016;02/10/2016;M;ES;56057;ALFREDO CHAVES;56057;ALFREDO CHAVES;12;14;13;VEREADOR;11123;PRIMO ARMELINDO BERGAMI;21;1066;80000001046;SALÃO DA IGREJA CATÓLICA DE SÃO BENTO DE BATATAL;RUA PRINCIPAL, S/ N
07/12/2023;14:25:26;2016;2;ELEIÇÃO ORDINÁRIA;1;220;ELEIÇÕES MUNICIPAIS 2016;02/10/2016;M;ES;56057;ALFREDO CHAVES;56057;ALFREDO CHAVES;12;14;13;VEREADOR;12345;ARMANDO ZANATA INGLE RIBEIRO;12;1066;80000001643;SALÃO DA IGREJA CATÓLICA DE SÃO BENTO DE BATATAL;RUA PRINCIPAL, S/ N
07/12/2023;14:25:26;2016;2;ELEIÇÃO ORDINÁRIA;1;220;ELEIÇÕES MUNICIPAIS 2016;02/10/2016;M;ES;56057;ALFREDO CHAVES;56057;ALFREDO CHAVES;12;14;11;PREFEITO;15;RONALDO BIANCHI;99;1066;80000003215;SALÃO DA IGREJA CATÓLICA DE SÃO BENTO DE BATATAL;RUA PRINCIPAL, S/ N
07/12/2023;14:25:26;2016;2;ELEIÇÃO ORDINÁRIA;1;220;ELEIÇÕES MUNICIPAIS 2016;02/10/2016;M;ES;56057;ALFREDO CHAVES;56057;ALFREDO CHAVES;12;14;13;VEREADOR;40111;CHARLES GAIGHER;8;1066;80000001030;SALÃO DA IGREJA CATÓLICA DE SÃO BENTO DE BATATAL;RUA PRINCIPAL, S/ N
07/12/2023;14:25:26;2016;2;ELEIÇÃO ORDINÁRIA;1;220;ELEIÇÕES MUNICIPAIS 2016;02/10/2016;M;ES;56057;ALFREDO CHAVES;56057;ALFREDO CHAVES;12;14;13;VEREADOR;95;VOTO BRANCO;4;1066;-1;SALÃO DA IGREJA CATÓLICA DE SÃO BENTO DE BATATAL;RUA PRINCIPAL, S/ N
07/12/2023;14:25:26;2016;2;ELEIÇÃO ORDINÁRIA;1;220;ELEIÇÕES MUNICIPAIS 2016;02/10/2016;M;ES;56057;ALFREDO CHAVES;56057;ALFREDO CHAVES;12;2;13;VEREADOR;12;Partido Democrático Trabalhista;1;1015;-3;EEEF ANA ARAÚJO;R. EXPEDICIONARIO OSVALDO SAUDINO
07/12/2023;14:25:26;2016;2;ELEIÇÃO ORDINÁRIA;1;220;ELEIÇÕES MUNICIPAIS 2016;02/10/2016;M;ES;56057;ALFREDO CHAVES;56057;ALFREDO CHAVES;12;2;13;VEREADOR;15;Partido do Movimento Democrático Brasileiro;3;1015;-3;EEEF ANA ARAÚJO;R. EXPEDICIONARIO OSVALDO SAUDINO
07/12/2023;14:25:26;2016;2;ELEIÇÃO ORDINÁRIA;1;220;ELEIÇÕES MUNICIPAIS 2016;02/10/2016;M;ES;56057;ALFREDO CHAVES;56057;ALFREDO CHAVES;12;2;13;VEREADOR;22;Partido da República;1;1015;-3;EEEF ANA ARAÚJO;R. EXPEDICIONARIO OSVALDO SAUDINO
07/12/2023;14:25:26;2016;2;ELEIÇÃO ORDINÁRIA;1;220;ELEIÇÕES MUNICIPAIS 2016;02/10/2016;M;ES;56057;ALFREDO CHAVES;56057;ALFREDO CHAVES;12;2;13;VEREADOR;23;Partido Popular Socialista;1;1015;-3;EEEF ANA ARAÚJO;R. EXPEDICIONARIO OSVALDO SAUDINO
07/12/2023;14:25:26;2016;2;ELEIÇÃO ORDINÁRIA;1;220;ELEIÇÕES MUNICIPAIS 2016;02/10/2016;M;ES;56057;ALFREDO CHAVES;56057;ALFREDO CHAVES;12;2;13;VEREADOR;25;Democratas;2;1015;-3;EEEF ANA ARAÚJO;R. EXPEDICIONARIO OSVALDO SAUDINO
07/12/2023;14:25:26;2016;2;ELEIÇÃO ORDINÁRIA;1;220;ELEIÇÕES MUNICIPAIS 2016;02/10/2016;M;ES;56057;ALFREDO CHAVES;56057;ALFREDO CHAVES;12;2;13;VEREADOR;40;Partido Socialista Brasileiro;9;1015;-3;EEEF ANA ARAÚJO;R. EXPEDICIONARIO OSVALDO SAUDINO
07/12/2023;14:25:26;2016;2;ELEIÇÃO ORDINÁRIA;1;220;ELEIÇÕES MUNICIPAIS 2016;02/10/2016;M;ES;56057;ALFREDO CHAVES;56057;ALFREDO CHAVES;12;2;13;VEREADOR;11;Partido Progressista;1;1015;-3;EEEF ANA ARAÚJO;R. EXPEDICIONARIO OSVALDO SAUDINO
07/12/2023;14:25:26;2016;2;ELEIÇÃO ORDINÁRIA;1;220;ELEIÇÕES MUNICIPAIS 2016;02/10/2016;M;ES;56057;ALFREDO CHAVES;56057;ALFREDO CHAVES;12;34;13;VEREADOR;11;Partido Progressista;1;1171;-3;EEEF CAMILA MOTA;R. NELSON DA COSTA MELLO, S/ N
07/12/2023;14:25:26;2016;2;ELEIÇÃO ORDINÁRIA;1;220;ELEIÇÕES MUNICIPAIS 2016;02/10/2016;M;ES;56057;ALFREDO CHAVES;56057;ALFREDO CHAVES;12;34;13;VEREADOR;14;Partido Trabalhista Brasileiro;2;1171;-3;EEEF CAMILA MOTA;R. NELSON DA COSTA MELLO, S/ N
07/12/2023;14:25:26;2016;2;ELEIÇÃO ORDINÁRIA;1;220;ELEIÇÕES MUNICIPAIS 2016;02/10/2016;M;ES;56057;ALFREDO CHAVES;56057;ALFREDO CHAVES;12;34;13;VEREADOR;15;Partido do Movimento Democrático Brasileiro;2;1171;-3;EEEF CAMILA MOTA;R. NELSON DA COSTA MELLO, S/ N
07/12/2023;14:25:26;2016;2;ELEIÇÃO ORDINÁRIA;1;220;ELEIÇÕES MUNICIPAIS 2016;02/10/2016;M;ES;56057;ALFREDO CHAVES;56057;ALFREDO CHAVES;12;34;13;VEREADOR;23;Partido Popular Socialista;1;1171;-3;EEEF CAMILA MOTA;R. NELSON DA COSTA MELLO, S/ N
07/12/2023;14:25:26;2016;2;ELEIÇÃO ORDINÁRIA;1;220;ELEIÇÕES MUNICIPAIS 2016;02/10/2016;M;ES;56057;ALFREDO CHAVES;56057;ALFREDO CHAVES;12;34;13;VEREADOR;40;Partido Socialista Brasileiro;6;1171;-3;EEEF CAMILA MOTA;R. NELSON DA COSTA MELLO, S/ N
07/12/2023;14:25:26;2016;2;ELEIÇÃO ORDINÁRIA;1;220;ELEIÇÕES MUNICIPAIS 2016;02/10/2016;M;ES;56057;ALFREDO CHAVES;56057;ALFREDO CHAVES;12;34;13;VEREADOR;55;Partido Social Democrático;1;1171;-3;EEEF CAMILA MOTA;R. NELSON DA COSTA MELLO, S/ N
07/12/2023;14:25:26;2016;2;ELEIÇÃO ORDINÁRIA;1;220;ELEIÇÕES MUNICIPAIS 2016;02/10/2016;M;ES;56057;ALFREDO CHAVES;56057;ALFREDO CHAVES;12;19;13;VEREADOR;15;Partido do Movimento Democrático Brasileiro;1;1104;-3;SALÃO COMUNITÁRIO DE NOVA ESTRELA;R. PRINCIPAL, S/ Nº
07/12/2023;14:25:26;2016;2;ELEIÇÃO ORDINÁRIA;1;220;ELEIÇÕES MUNICIPAIS 2016;02/10/2016;M;ES;56057;ALFREDO CHAVES;56057;ALFREDO CHAVES;12;19;13;VEREADOR;23;Partido Popular Socialista;1;1104;-3;SALÃO COMUNITÁRIO DE NOVA ESTRELA;R. PRINCIPAL, S/ Nº
07/12/2023;14:25:26;2016;2;ELEIÇÃO ORDINÁRIA;1;220;ELEIÇÕES MUNICIPAIS 2016;02/10/2016;M;ES;56057;ALFREDO CHAVES;56057;ALFREDO CHAVES;12;19;13;VEREADOR;40;Partido Socialista Brasileiro;2;1104;-3;SALÃO COMUNITÁRIO DE NOVA ESTRELA;R. PRINCIPAL, S/ Nº
07/12/2023;14:25:26;2016;2;ELEIÇÃO ORDINÁRIA;1;220;ELEIÇÕES MUNICIPAIS 2016;02/10/2016;M;ES;56057;ALFREDO CHAVES;56057;ALFREDO CHAVES;12;19;13;VEREADOR;45;Partido da Social Democracia Brasileira;1;1104;-3;SALÃO COMUNITÁRIO DE NOVA ESTRELA;R. PRINCIPAL, S/ Nº
07/12/2023;14:25:26;2016;2;ELEIÇÃO ORDINÁRIA;1;220;ELEIÇÕES MUNICIPAIS 2016;02/10/2016;M;ES;56057;ALFREDO CHAVES;56057;ALFREDO CHAVES;12;19;13;VEREADOR;13610;NILSON HONORATO VANELI;2;1104;80000001650;SALÃO COMUNITÁRIO DE NOVA ESTRELA;R. PRINCIPAL, S/ Nº
07/12/2023;14:25:26;2016;2;ELEIÇÃO ORDINÁRIA;1;220;ELEIÇÕES MUNICIPAIS 2016;02/10/2016;M;ES;56057;ALFREDO CHAVES;56057;ALFREDO CHAVES;12;19;13;VEREADOR;11964;MARIA MAGDALENA NASCIMENTO;5;1104;80000001045;SALÃO COMUNITÁRIO DE NOVA ESTRELA;R. PRINCIPAL, S/ Nº
07/12/2023;14:25:26;2016;2;ELEIÇÃO ORDINÁRIA;1;220;ELEIÇÕES MUNICIPAIS 2016;02/10/2016;M;ES;56057;ALFREDO CHAVES;56057;ALFREDO CHAVES;12;19;13;VEREADOR;40202;LAURO ALVES PEREIRA;1;1104;80000001034;SALÃO COMUNITÁRIO DE NOVA ESTRELA;R. PRINCIPAL, S/ Nº
07/12/2023;14:25:26;2016;2;ELEIÇÃO ORDINÁRIA;1;220;ELEIÇÕES MUNICIPAIS 2016;02/10/2016;M;ES;56057;ALFREDO CHAVES;56057;ALFREDO CHAVES;12;19;13;VEREADOR;96;VOTO NULO;2;1104;-1;SALÃO COMUNITÁRIO DE NOVA ESTRELA;R. PRINCIPAL, S/ Nº
07/12/2023;14:25:26;2016;2;ELEIÇÃO ORDINÁRIA;1;220;ELEIÇÕES MUNICIPAIS 2016;02/10/2016;M;ES;56057;ALFREDO CHAVES;56057;ALFREDO CHAVES;12;19;13;VEREADOR;45000;JONAS NUNES SIMÕES;11;1104;80000001041;SALÃO COMUNITÁRIO DE NOVA ESTRELA;R. PRINCIPAL, S/ Nº
07/12/2023;14:25:26;2016;2;ELEIÇÃO ORDINÁRIA;1;220;ELEIÇÕES MUNICIPAIS 2016;02/10/2016;M;ES;56057;ALFREDO CHAVES;56057;ALFREDO CHAVES;12;19;13;VEREADOR;55000;SERGIO BIANCHI;8;1104;80000001684;SALÃO COMUNITÁRIO DE NOVA ESTRELA;R. PRINCIPAL, S/ Nº
07/12/2023;14:25:26;2016;2;ELEIÇÃO ORDINÁRIA;1;220;ELEIÇÕES MUNICIPAIS 2016;02/10/2016;M;ES;56057;ALFREDO CHAVES;56057;ALFREDO CHAVES;12;15;13;VEREADOR;13123;JOSÉ DOMINGOS GOTTARDO;2;1074;80000001647;SALÃO DA IGREJA CATÓLICA DE IRIRITIMIRIM;R. PRINCIPAL, S/ N
07/12/2023;14:25:26;2016;2;ELEIÇÃO ORDINÁRIA;1;220;ELEIÇÕES MUNICIPAIS 2016;02/10/2016;M;ES;56057;ALFREDO CHAVES;56057;ALFREDO CHAVES;12;15;13;VEREADOR;40123;CLEOMIR GOBBI BUBACK;8;1074;80000001029;SALÃO DA IGREJA CATÓLICA DE IRIRITIMIRIM;R. PRINCIPAL, S/ N
07/12/2023;14:25:26;2016;2;ELEIÇÃO ORDINÁRIA;1;220;ELEIÇÕES MUNICIPAIS 2016;02/10/2016;M;ES;56057;ALFREDO CHAVES;56057;ALFREDO CHAVES;12;15;13;VEREADOR;19000;ITAGIBA AUGUSTO VIANA MATTOS;1;1074;80000001055;SALÃO DA IGREJA CATÓLICA DE IRIRITIMIRIM;R. PRINCIPAL, S/ N
07/12/2023;14:25:26;2016;2;ELEIÇÃO ORDINÁRIA;1;220;ELEIÇÕES MUNICIPAIS 2016;02/10/2016;M;ES;56057;ALFREDO CHAVES;56057;ALFREDO CHAVES;12;15;11;PREFEITO;40;FERNANDO VIDEIRA LAFAYETTE;97;1074;80000001058;SALÃO DA IGREJA CATÓLICA DE IRIRITIMIRIM;R. PRINCIPAL, S/ N
07/12/2023;14:25:26;2016;2;ELEIÇÃO ORDINÁRIA;1;220;ELEIÇÕES MUNICIPAIS 2016;02/10/2016;M;ES;56057;ALFREDO CHAVES;56057;ALFREDO CHAVES;12;15;13;VEREADOR;15555;HELENA MARIA FIORIN FAVERO;3;1074;80000001677;SALÃO DA IGREJA CATÓLICA DE IRIRITIMIRIM;R. PRINCIPAL, S/ N
07/12/2023;14:25:26;2016;2;ELEIÇÃO ORDINÁRIA;1;220;ELEIÇÕES MUNICIPAIS 2016;02/10/2016;M;ES;56057;ALFREDO CHAVES;56057;ALFREDO CHAVES;12;15;13;VEREADOR;40456;SERAFINO ANTÔNIO SIMONI;5;1074;80000001024;SALÃO DA IGREJA CATÓLICA DE IRIRITIMIRIM;R. PRINCIPAL, S/ N
07/12/2023;14:25:26;2016;2;ELEIÇÃO ORDINÁRIA;1;220;ELEIÇÕES MUNICIPAIS 2016;02/10/2016;M;ES;56057;ALFREDO CHAVES;56057;ALFREDO CHAVES;12;15;13;VEREADOR;20555;ANGELO ARPINI;1;1074;80000001049;SALÃO DA IGREJA CATÓLICA DE IRIRITIMIRIM;R. PRINCIPAL, S/ N
07/12/2023;14:25:26;2016;2;ELEIÇÃO ORDINÁRIA;1;220;ELEIÇÕES MUNICIPAIS 2016;02/10/2016;M;ES;56057;ALFREDO CHAVES;56057;ALFREDO CHAVES;12;15;13;VEREADOR;15000;DANIEL ORLANDI;14;1074;80000001672;SALÃO DA IGREJA CATÓLICA DE IRIRITIMIRIM;R. PRINCIPAL, S/ N
07/12/2023;14:25:26;2016;2;ELEIÇÃO ORDINÁRIA;1;220;ELEIÇÕES MUNICIPAIS 2016;02/10/2016;M;ES;56057;ALFREDO CHAVES;56057;ALFREDO CHAVES;12;15;13;VEREADOR;20789;JOSE MARIO DE ANDRADE FERREIRA;1;1074;80000001052;SALÃO DA IGREJA CATÓLICA DE IRIRITIMIRIM;R. PRINCIPAL, S/ N
07/12/2023;14:25:26;2016;2;ELEIÇÃO ORDINÁRIA;1;220;ELEIÇÕES MUNICIPAIS 2016;02/10/2016;M;ES;56057;ALFREDO CHAVES;56057;ALFREDO CHAVES;12;15;13;VEREADOR;15311;NARCISO DE ABREU GRASSI;17;1074;80000001679;SALÃO DA IGREJA CATÓLICA DE IRIRITIMIRIM;R. PRINCIPAL, S/ N
07/12/2023;14:25:26;2016;2;ELEIÇÃO ORDINÁRIA;1;220;ELEIÇÕES MUNICIPAIS 2016;02/10/2016;M;ES;56057;ALFREDO CHAVES;56057;ALFREDO CHAVES;12;15;13;VEREADOR;20123;IZAEL FERREIRA;6;1074;80000001051;SALÃO DA IGREJA CATÓLICA DE IRIRITIMIRIM;R. PRINCIPAL, S/ N
07/12/2023;14:25:26;2016;2;ELEIÇÃO ORDINÁRIA;1;220;ELEIÇÕES MUNICIPAIS 2016;02/10/2016;M;ES;56057;ALFREDO CHAVES;56057;ALFREDO CHAVES;12;15;13;VEREADOR;23666;PAULO MUNALDI;7;1074;80000001680;SALÃO DA IGREJA CATÓLICA DE IRIRITIMIRIM;R. PRINCIPAL, S/ N
07/12/2023;14:25:26;2016;2;ELEIÇÃO ORDINÁRIA;1;220;ELEIÇÕES MUNICIPAIS 2016;02/10/2016;M;ES;56057;ALFREDO CHAVES;56057;ALFREDO CHAVES;12;15;13;VEREADOR;20333;MARCO ANTONIO MOZER;1;1074;80000001053;SALÃO DA IGREJA CATÓLICA DE IRIRITIMIRIM;R. PRINCIPAL, S/ N
07/12/2023;14:25:26;2016;2;ELEIÇÃO ORDINÁRIA;1;220;ELEIÇÕES MUNICIPAIS 2016;02/10/2016;M;ES;56057;ALFREDO CHAVES;56057;ALFREDO CHAVES;12;15;13;VEREADOR;40400;DARCY MARCHIORI DE PAULA GAIGHER;3;1074;80000001025;SALÃO DA IGREJA CATÓLICA DE IRIRITIMIRIM;R. PRINCIPAL, S/ N
07/12/2023;14:25:26;2016;2;ELEIÇÃO ORDINÁRIA;1;220;ELEIÇÕES MUNICIPAIS 2016;02/10/2016;M;ES;56057;ALFREDO CHAVES;56057;ALFREDO CHAVES;12;15;11;PREFEITO;96;VOTO NULO;8;1074;-1;SALÃO DA IGREJA CATÓLICA DE IRIRITIMIRIM;R. PRINCIPAL, S/ N
07/12/2023;14:25:26;2016;2;ELEIÇÃO ORDINÁRIA;1;220;ELEIÇÕES MUNICIPAIS 2016;02/10/2016;M;ES;56057;ALFREDO CHAVES;56057;ALFREDO CHAVES;12;15;13;VEREADOR;45123;EDIMAR VANELI;2;1074;80000001040;SALÃO DA IGREJA CATÓLICA DE IRIRITIMIRIM;R. PRINCIPAL, S/ N
07/12/2023;14:25:26;2016;2;ELEIÇÃO ORDINÁRIA;1;220;ELEIÇÕES MUNICIPAIS 2016;02/10/2016;M;ES;56057;ALFREDO CHAVES;56057;ALFREDO CHAVES;12;15;11;PREFEITO;95;VOTO BRANCO;7;1074;-1;SALÃO DA IGREJA CATÓLICA DE IRIRITIMIRIM;R. PRINCIPAL, S/ N
07/12/2023;14:25:26;2016;2;ELEIÇÃO ORDINÁRIA;1;220;ELEIÇÕES MUNICIPAIS 2016;02/10/2016;M;ES;56057;ALFREDO CHAVES;56057;ALFREDO CHAVES;12;15;13;VEREADOR;40321;GILSON LUIZ BELLON;27;1074;80000001031;SALÃO DA IGREJA CATÓLICA DE IRIRITIMIRIM;R. PRINCIPAL, S/ N
07/12/2023;14:25:26;2016;2;ELEIÇÃO ORDINÁRIA;1;220;ELEIÇÕES MUNICIPAIS 2016;02/10/2016;M;ES;56057;ALFREDO CHAVES;56057;ALFREDO CHAVES;12;15;13;VEREADOR;40222;LUIZ JUNQUEIRA VIONEL;1;1074;80000001035;SALÃO DA IGREJA CATÓLICA DE IRIRITIMIRIM;R. PRINCIPAL, S/ N
07/12/2023;14:25:26;2016;2;ELEIÇÃO ORDINÁRIA;1;220;ELEIÇÕES MUNICIPAIS 2016;02/10/2016;M;ES;56057;ALFREDO CHAVES;56057;ALFREDO CHAVES;12;15;13;VEREADOR;96;VOTO NULO;9;1074;-1;SALÃO DA IGREJA CATÓLICA DE IRIRITIMIRIM;R. PRINCIPAL, S/ N
07/12/2023;14:25:26;2016;2;ELEIÇÃO ORDINÁRIA;1;220;ELEIÇÕES MUNICIPAIS 2016;02/10/2016;M;ES;56057;ALFREDO CHAVES;56057;ALFREDO CHAVES;12;15;13;VEREADOR;23000;GIANNE SMARSARO;1;1074;80000001676;SALÃO DA IGREJA CATÓLICA DE IRIRITIMIRIM;R. PRINCIPAL, S/ N
07/12/2023;14:25:26;2016;2;ELEIÇÃO ORDINÁRIA;1;220;ELEIÇÕES MUNICIPAIS 2016;02/10/2016;M;ES;56057;ALFREDO CHAVES;56057;ALFREDO CHAVES;12;15;13;VEREADOR;45000;JONAS NUNES SIMÕES;12;1074;80000001041;SALÃO DA IGREJA CATÓLICA DE IRIRITIMIRIM;R. PRINCIPAL, S/ N
07/12/2023;14:25:26;2016;2;ELEIÇÃO ORDINÁRIA;1;220;ELEIÇÕES MUNICIPAIS 2016;02/10/2016;M;ES;56057;ALFREDO CHAVES;56057;ALFREDO CHAVES;12;15;13;VEREADOR;55000;SERGIO BIANCHI;4;1074;80000001684;SALÃO DA IGREJA CATÓLICA DE IRIRITIMIRIM;R. PRINCIPAL, S/ N
07/12/2023;14:25:26;2016;2;ELEIÇÃO ORDINÁRIA;1;220;ELEIÇÕES MUNICIPAIS 2016;02/10/2016;M;ES;56057;ALFREDO CHAVES;56057;ALFREDO CHAVES;12;15;13;VEREADOR;25000;JANE CASTEGLIONE BETTCHER;2;1074;80000001642;SALÃO DA IGREJA CATÓLICA DE IRIRITIMIRIM;R. PRINCIPAL, S/ N
07/12/2023;14:25:26;2016;2;ELEIÇÃO ORDINÁRIA;1;220;ELEIÇÕES MUNICIPAIS 2016;02/10/2016;M;ES;56057;ALFREDO CHAVES;56057;ALFREDO CHAVES;12;15;13;VEREADOR;15666;ROGERIO FRANZOTTI;5;1074;80000001682;SALÃO DA IGREJA CATÓLICA DE IRIRITIMIRIM;R. PRINCIPAL, S/ N
07/12/2023;14:25:26;2016;2;ELEIÇÃO ORDINÁRIA;1;220;ELEIÇÕES MUNICIPAIS 2016;02/10/2016;M;ES;56057;ALFREDO CHAVES;56057;ALFREDO CHAVES;12;15;13;VEREADOR;23612;ANDRÉ SARTORI;10;1074;80000001669;SALÃO DA IGREJA CATÓLICA DE IRIRITIMIRIM;R. PRINCIPAL, S/ N
07/12/2023;14:25:26;2016;2;ELEIÇÃO ORDINÁRIA;1;220;ELEIÇÕES MUNICIPAIS 2016;02/10/2016;M;ES;56057;ALFREDO CHAVES;56057;ALFREDO CHAVES;12;15;13;VEREADOR;15123;EDSON ANTONIO REGIANI;2;1074;80000001673;SALÃO DA IGREJA CATÓLICA DE IRIRITIMIRIM;R. PRINCIPAL, S/ N
07/12/2023;14:25:26;2016;2;ELEIÇÃO ORDINÁRIA;1;220;ELEIÇÕES MUNICIPAIS 2016;02/10/2016;M;ES;56057;ALFREDO CHAVES;56057;ALFREDO CHAVES;12;15;13;VEREADOR;33333;ELTON ANTERIO CARDOSO BISI;2;1074;80000001023;SALÃO DA IGREJA CATÓLICA DE IRIRITIMIRIM;R. PRINCIPAL, S/ N
07/12/2023;14:25:26;2016;2;ELEIÇÃO ORDINÁRIA;1;220;ELEIÇÕES MUNICIPAIS 2016;02/10/2016;M;ES;56057;ALFREDO CHAVES;56057;ALFREDO CHAVES;12;15;13;VEREADOR;40000;NILTON CESAR BELMOK;2;1074;80000001037;SALÃO DA IGREJA CATÓLICA DE IRIRITIMIRIM;R. PRINCIPAL, S/ N
07/12/2023;14:25:26;2016;2;ELEIÇÃO ORDINÁRIA;1;220;ELEIÇÕES MUNICIPAIS 2016;02/10/2016;M;ES;56057;ALFREDO CHAVES;56057;ALFREDO CHAVES;12;15;13;VEREADOR;11111;AMELIA DUARTE BEZERRA;1;1074;80000001043;SALÃO DA IGREJA CATÓLICA DE IRIRITIMIRIM;R. PRINCIPAL, S/ N
07/12/2023;14:25:26;2016;2;ELEIÇÃO ORDINÁRIA;1;220;ELEIÇÕES MUNICIPAIS 2016;02/10/2016;M;ES;56057;ALFREDO CHAVES;56057;ALFREDO CHAVES;12;15;13;VEREADOR;12345;ARMANDO ZANATA INGLE RIBEIRO;4;1074;80000001643;SALÃO DA IGREJA CATÓLICA DE IRIRITIMIRIM;R. PRINCIPAL, S/ N
07/12/2023;14:25:26;2016;2;ELEIÇÃO ORDINÁRIA;1;220;ELEIÇÕES MUNICIPAIS 2016;02/10/2016;M;ES;56057;ALFREDO CHAVES;56057;ALFREDO CHAVES;12;15;13;VEREADOR;51234;SIMÃO LOPES DOS SANTOS;4;1074;80000001645;SALÃO DA IGREJA CATÓLICA DE IRIRITIMIRIM;R. PRINCIPAL, S/ N
07/12/2023;14:25:26;2016;2;ELEIÇÃO ORDINÁRIA;1;220;ELEIÇÕES MUNICIPAIS 2016;02/10/2016;M;ES;56057;ALFREDO CHAVES;56057;ALFREDO CHAVES;12;15;11;PREFEITO;15;RONALDO BIANCHI;79;1074;80000003215;SALÃO DA IGREJA CATÓLICA DE IRIRITIMIRIM;R. PRINCIPAL, S/ N
07/12/2023;14:25:26;2016;2;ELEIÇÃO ORDINÁRIA;1;220;ELEIÇÕES MUNICIPAIS 2016;02/10/2016;M;ES;56057;ALFREDO CHAVES;56057;ALFREDO CHAVES;12;15;13;VEREADOR;40111;CHARLES GAIGHER;7;1074;80000001030;SALÃO DA IGREJA CATÓLICA DE IRIRITIMIRIM;R. PRINCIPAL, S/ N
07/12/2023;14:25:26;2016;2;ELEIÇÃO ORDINÁRIA;1;220;ELEIÇÕES MUNICIPAIS 2016;02/10/2016;M;ES;56057;ALFREDO CHAVES;56057;ALFREDO CHAVES;12;15;13;VEREADOR;95;VOTO BRANCO;12;1074;-1;SALÃO DA IGREJA CATÓLICA DE IRIRITIMIRIM;R. PRINCIPAL, S/ N
07/12/2023;14:25:26;2016;2;ELEIÇÃO ORDINÁRIA;1;220;ELEIÇÕES MUNICIPAIS 2016;02/10/2016;M;ES;56057;ALFREDO CHAVES;56057;ALFREDO CHAVES;12;26;13;VEREADOR;14555;LUIZ GONZAGA CIBIN;4;1163;80000001648;EEUEF VILA NOVA DE MARAVILHA;R. PRINCIPAL, S/ Nº
07/12/2023;14:25:26;2016;2;ELEIÇÃO ORDINÁRIA;1;220;ELEIÇÕES MUNICIPAIS 2016;02/10/2016;M;ES;56057;ALFREDO CHAVES;56057;ALFREDO CHAVES;12;26;13;VEREADOR;96;VOTO NULO;1;1163;-1;EEUEF VILA NOVA DE MARAVILHA;R. PRINCIPAL, S/ Nº
07/12/2023;14:25:26;2016;2;ELEIÇÃO ORDINÁRIA;1;220;ELEIÇÕES MUNICIPAIS 2016;02/10/2016;M;ES;56057;ALFREDO CHAVES;56057;ALFREDO CHAVES;12;26;13;VEREADOR;25000;JANE CASTEGLIONE BETTCHER;1;1163;80000001642;EEUEF VILA NOVA DE MARAVILHA;R. PRINCIPAL, S/ Nº
07/12/2023;14:25:26;2016;2;ELEIÇÃO ORDINÁRIA;1;220;ELEIÇÕES MUNICIPAIS 2016;02/10/2016;M;ES;56057;ALFREDO CHAVES;56057;ALFREDO CHAVES;12;26;13;VEREADOR;23612;ANDRÉ SARTORI;14;1163;80000001669;EEUEF VILA NOVA DE MARAVILHA;R. PRINCIPAL, S/ Nº
07/12/2023;14:25:26;2016;2;ELEIÇÃO ORDINÁRIA;1;220;ELEIÇÕES MUNICIPAIS 2016;02/10/2016;M;ES;56057;ALFREDO CHAVES;56057;ALFREDO CHAVES;12;26;13;VEREADOR;23123;CÁSSIO COMINOTTI DO NASCIMENTO;8;1163;80000001671;EEUEF VILA NOVA DE MARAVILHA;R. PRINCIPAL, S/ Nº
07/12/2023;14:25:26;2016;2;ELEIÇÃO ORDINÁRIA;1;220;ELEIÇÕES MUNICIPAIS 2016;02/10/2016;M;ES;56057;ALFREDO CHAVES;56057;ALFREDO CHAVES;12;26;13;VEREADOR;11123;PRIMO ARMELINDO BERGAMI;23;1163;80000001046;EEUEF VILA NOVA DE MARAVILHA;R. PRINCIPAL, S/ Nº
07/12/2023;14:25:26;2016;2;ELEIÇÃO ORDINÁRIA;1;220;ELEIÇÕES MUNICIPAIS 2016;02/10/2016;M;ES;56057;ALFREDO CHAVES;56057;ALFREDO CHAVES;12;26;13;VEREADOR;12345;ARMANDO ZANATA INGLE RIBEIRO;2;1163;80000001643;EEUEF VILA NOVA DE MARAVILHA;R. PRINCIPAL, S/ Nº
07/12/2023;14:25:26;2016;2;ELEIÇÃO ORDINÁRIA;1;220;ELEIÇÕES MUNICIPAIS 2016;02/10/2016;M;ES;56057;ALFREDO CHAVES;56057;ALFREDO CHAVES;12;26;11;PREFEITO;15;RONALDO BIANCHI;85;1163;80000003215;EEUEF VILA NOVA DE MARAVILHA;R. PRINCIPAL, S/ Nº
07/12/2023;14:25:26;2016;2;ELEIÇÃO ORDINÁRIA;1;220;ELEIÇÕES MUNICIPAIS 2016;02/10/2016;M;ES;56057;ALFREDO CHAVES;56057;ALFREDO CHAVES;12;26;13;VEREADOR;40111;CHARLES GAIGHER;31;1163;80000001030;EEUEF VILA NOVA DE MARAVILHA;R. PRINCIPAL, S/ Nº
07/12/2023;14:25:26;2016;2;ELEIÇÃO ORDINÁRIA;1;220;ELEIÇÕES MUNICIPAIS 2016;02/10/2016;M;ES;56057;ALFREDO CHAVES;56057;ALFREDO CHAVES;12;26;13;VEREADOR;95;VOTO BRANCO;4;1163;-1;EEUEF VILA NOVA DE MARAVILHA;R. PRINCIPAL, S/ Nº
07/12/2023;14:25:26;2016;2;ELEIÇÃO ORDINÁRIA;1;220;ELEIÇÕES MUNICIPAIS 2016;02/10/2016;M;ES;56057;ALFREDO CHAVES;56057;ALFREDO CHAVES;12;29;13;VEREADOR;40789;ADILSON JOSE ROVETA;1;1147;80000001028;EMEF SÃO BENTO DE URÂNIA;R. PRINCIPAL, S/ Nº
07/12/2023;14:25:26;2016;2;ELEIÇÃO ORDINÁRIA;1;220;ELEIÇÕES MUNICIPAIS 2016;02/10/2016;M;ES;56057;ALFREDO CHAVES;56057;ALFREDO CHAVES;12;29;11;PREFEITO;40;FERNANDO VIDEIRA LAFAYETTE;143;1147;80000001058;EMEF SÃO BENTO DE URÂNIA;R. PRINCIPAL, S/ Nº
07/12/2023;14:25:26;2016;2;ELEIÇÃO ORDINÁRIA;1;220;ELEIÇÕES MUNICIPAIS 2016;02/10/2016;M;ES;56057;ALFREDO CHAVES;56057;ALFREDO CHAVES;12;29;13;VEREADOR;15555;HELENA MARIA FIORIN FAVERO;1;1147;80000001677;EMEF SÃO BENTO DE URÂNIA;R. PRINCIPAL, S/ Nº
07/12/2023;14:25:26;2016;2;ELEIÇÃO ORDINÁRIA;1;220;ELEIÇÕES MUNICIPAIS 2016;02/10/2016;M;ES;56057;ALFREDO CHAVES;56057;ALFREDO CHAVES;12;29;13;VEREADOR;40456;SERAFINO ANTÔNIO SIMONI;92;1147;80000001024;EMEF SÃO BENTO DE URÂNIA;R. PRINCIPAL, S/ Nº
07/12/2023;14:25:26;2016;2;ELEIÇÃO ORDINÁRIA;1;220;ELEIÇÕES MUNICIPAIS 2016;02/10/2016;M;ES;56057;ALFREDO CHAVES;56057;ALFREDO CHAVES;12;29;13;VEREADOR;20789;JOSE MARIO DE ANDRADE FERREIRA;1;1147;80000001052;EMEF SÃO BENTO DE URÂNIA;R. PRINCIPAL, S/ Nº
07/12/2023;14:25:26;2016;2;ELEIÇÃO ORDINÁRIA;1;220;ELEIÇÕES MUNICIPAIS 2016;02/10/2016;M;ES;56057;ALFREDO CHAVES;56057;ALFREDO CHAVES;12;29;13;VEREADOR;15311;NARCISO DE ABREU GRASSI;8;1147;80000001679;EMEF SÃO BENTO DE URÂNIA;R. PRINCIPAL, S/ Nº
07/12/2023;14:25:26;2016;2;ELEIÇÃO ORDINÁRIA;1;220;ELEIÇÕES MUNICIPAIS 2016;02/10/2016;M;ES;56057;ALFREDO CHAVES;56057;ALFREDO CHAVES;12;29;13;VEREADOR;23666;PAULO MUNALDI;3;1147;80000001680;EMEF SÃO BENTO DE URÂNIA;R. PRINCIPAL, S/ Nº
07/12/2023;14:25:26;2016;2;ELEIÇÃO ORDINÁRIA;1;220;ELEIÇÕES MUNICIPAIS 2016;02/10/2016;M;ES;56057;ALFREDO CHAVES;56057;ALFREDO CHAVES;12;29;11;PREFEITO;96;VOTO NULO;27;1147;-1;EMEF SÃO BENTO DE URÂNIA;R. PRINCIPAL, S/ Nº
07/12/2023;14:25:26;2016;2;ELEIÇÃO ORDINÁRIA;1;220;ELEIÇÕES MUNICIPAIS 2016;02/10/2016;M;ES;56057;ALFREDO CHAVES;56057;ALFREDO CHAVES;12;29;13;VEREADOR;40400;DARCY MARCHIORI DE PAULA GAIGHER;3;1147;80000001025;EMEF SÃO BENTO DE URÂNIA;R. PRINCIPAL, S/ Nº
07/12/2023;14:25:26;2016;2;ELEIÇÃO ORDINÁRIA;1;220;ELEIÇÕES MUNICIPAIS 2016;02/10/2016;M;ES;56057;ALFREDO CHAVES;56057;ALFREDO CHAVES;12;29;13;VEREADOR;11222;SANTE JOSÉ GRATIERI;77;1147;80000001048;EMEF SÃO BENTO DE URÂNIA;R. PRINCIPAL, S/ Nº
07/12/2023;14:25:26;2016;2;ELEIÇÃO ORDINÁRIA;1;220;ELEIÇÕES MUNICIPAIS 2016;02/10/2016;M;ES;56057;ALFREDO CHAVES;56057;ALFREDO CHAVES;12;29;11;PREFEITO;95;VOTO BRANCO;17;1147;-1;EMEF SÃO BENTO DE URÂNIA;R. PRINCIPAL, S/ Nº
07/12/2023;14:25:26;2016;2;ELEIÇÃO ORDINÁRIA;1;220;ELEIÇÕES MUNICIPAIS 2016;02/10/2016;M;ES;56057;ALFREDO CHAVES;56057;ALFREDO CHAVES;12;29;13;VEREADOR;40321;GILSON LUIZ BELLON;1;1147;80000001031;EMEF SÃO BENTO DE URÂNIA;R. PRINCIPAL, S/ Nº
07/12/2023;14:25:26;2016;2;ELEIÇÃO ORDINÁRIA;1;220;ELEIÇÕES MUNICIPAIS 2016;02/10/2016;M;ES;56057;ALFREDO CHAVES;56057;ALFREDO CHAVES;12;29;13;VEREADOR;14555;LUIZ GONZAGA CIBIN;43;1147;80000001648;EMEF SÃO BENTO DE URÂNIA;R. PRINCIPAL, S/ Nº
07/12/2023;14:25:26;2016;2;ELEIÇÃO ORDINÁRIA;1;220;ELEIÇÕES MUNICIPAIS 2016;02/10/2016;M;ES;56057;ALFREDO CHAVES;56057;ALFREDO CHAVES;12;29;13;VEREADOR;96;VOTO NULO;20;1147;-1;EMEF SÃO BENTO DE URÂNIA;R. PRINCIPAL, S/ Nº
07/12/2023;14:25:26;2016;2;ELEIÇÃO ORDINÁRIA;1;220;ELEIÇÕES MUNICIPAIS 2016;02/10/2016;M;ES;56057;ALFREDO CHAVES;56057;ALFREDO CHAVES;12;29;13;VEREADOR;18123;ERVAN CESAR;1;1147;80000001644;EMEF SÃO BENTO DE URÂNIA;R. PRINCIPAL, S/ Nº
07/12/2023;14:25:26;2016;2;ELEIÇÃO ORDINÁRIA;1;220;ELEIÇÕES MUNICIPAIS 2016;02/10/2016;M;ES;56057;ALFREDO CHAVES;56057;ALFREDO CHAVES;12;29;13;VEREADOR;45000;JONAS NUNES SIMÕES;4;1147;80000001041;EMEF SÃO BENTO DE URÂNIA;R. PRINCIPAL, S/ Nº
07/12/2023;14:25:26;2016;2;ELEIÇÃO ORDINÁRIA;1;220;ELEIÇÕES MUNICIPAIS 2016;02/10/2016;M;ES;56057;ALFREDO CHAVES;56057;ALFREDO CHAVES;12;29;13;VEREADOR;43123;RITA MARIA DESTEFANI;1;1147;80000001057;EMEF SÃO BENTO DE URÂNIA;R. PRINCIPAL, S/ Nº
07/12/2023;14:25:26;2016;2;ELEIÇÃO ORDINÁRIA;1;220;ELEIÇÕES MUNICIPAIS 2016;02/10/2016;M;ES;56057;ALFREDO CHAVES;56057;ALFREDO CHAVES;12;29;13;VEREADOR;25000;JANE CASTEGLIONE BETTCHER;3;1147;80000001642;EMEF SÃO BENTO DE URÂNIA;R. PRINCIPAL, S/ Nº
07/12/2023;14:25:26;2016;2;ELEIÇÃO ORDINÁRIA;1;220;ELEIÇÕES MUNICIPAIS 2016;02/10/2016;M;ES;56057;ALFREDO CHAVES;56057;ALFREDO CHAVES;12;29;13;VEREADOR;23612;ANDRÉ SARTORI;8;1147;80000001669;EMEF SÃO BENTO DE URÂNIA;R. PRINCIPAL, S/ Nº
07/12/2023;14:25:26;2016;2;ELEIÇÃO ORDINÁRIA;1;220;ELEIÇÕES MUNICIPAIS 2016;02/10/2016;M;ES;56057;ALFREDO CHAVES;56057;ALFREDO CHAVES;12;29;13;VEREADOR;40000;NILTON CESAR BELMOK;6;1147;80000001037;EMEF SÃO BENTO DE URÂNIA;R. PRINCIPAL, S/ Nº
07/12/2023;14:25:26;2016;2;ELEIÇÃO ORDINÁRIA;1;220;ELEIÇÕES MUNICIPAIS 2016;02/10/2016;M;ES;56057;ALFREDO CHAVES;56057;ALFREDO CHAVES;12;30;13;VEREADOR;40123;CLEOMIR GOBBI BUBACK;1;1171;80000001029;EEEF CAMILA MOTA;R. NELSON DA COSTA MELLO, S/ N
07/12/2023;14:25:26;2016;2;ELEIÇÃO ORDINÁRIA;1;220;ELEIÇÕES MUNICIPAIS 2016;02/10/2016;M;ES;56057;ALFREDO CHAVES;56057;ALFREDO CHAVES;12;30;13;VEREADOR;19000;ITAGIBA AUGUSTO VIANA MATTOS;1;1171;80000001055;EEEF CAMILA MOTA;R. NELSON DA COSTA MELLO, S/ N
07/12/2023;14:25:26;2016;2;ELEIÇÃO ORDINÁRIA;1;220;ELEIÇÕES MUNICIPAIS 2016;02/10/2016;M;ES;56057;ALFREDO CHAVES;56057;ALFREDO CHAVES;12;30;13;VEREADOR;40789;ADILSON JOSE ROVETA;3;1171;80000001028;EEEF CAMILA MOTA;R. NELSON DA COSTA MELLO, S/ N
07/12/2023;14:25:26;2016;2;ELEIÇÃO ORDINÁRIA;1;220;ELEIÇÕES MUNICIPAIS 2016;02/10/2016;M;ES;56057;ALFREDO CHAVES;56057;ALFREDO CHAVES;12;30;11;PREFEITO;40;FERNANDO VIDEIRA LAFAYETTE;185;1171;80000001058;EEEF CAMILA MOTA;R. NELSON DA COSTA MELLO, S/ N
07/12/2023;14:25:26;2016;2;ELEIÇÃO ORDINÁRIA;1;220;ELEIÇÕES MUNICIPAIS 2016;02/10/2016;M;ES;56057;ALFREDO CHAVES;56057;ALFREDO CHAVES;12;30;13;VEREADOR;15555;HELENA MARIA FIORIN FAVERO;5;1171;80000001677;EEEF CAMILA MOTA;R. NELSON DA COSTA MELLO, S/ N
07/12/2023;14:25:26;2016;2;ELEIÇÃO ORDINÁRIA;1;220;ELEIÇÕES MUNICIPAIS 2016;02/10/2016;M;ES;56057;ALFREDO CHAVES;56057;ALFREDO CHAVES;12;30;13;VEREADOR;40456;SERAFINO ANTÔNIO SIMONI;1;1171;80000001024;EEEF CAMILA MOTA;R. NELSON DA COSTA MELLO, S/ N
07/12/2023;14:25:26;2016;2;ELEIÇÃO ORDINÁRIA;1;220;ELEIÇÕES MUNICIPAIS 2016;02/10/2016;M;ES;56057;ALFREDO CHAVES;56057;ALFREDO CHAVES;12;30;13;VEREADOR;20555;ANGELO ARPINI;5;1171;80000001049;EEEF CAMILA MOTA;R. NELSON DA COSTA MELLO, S/ N
07/12/2023;14:25:26;2016;2;ELEIÇÃO ORDINÁRIA;1;220;ELEIÇÕES MUNICIPAIS 2016;02/10/2016;M;ES;56057;ALFREDO CHAVES;56057;ALFREDO CHAVES;12;30;13;VEREADOR;15000;DANIEL ORLANDI;8;1171;80000001672;EEEF CAMILA MOTA;R. NELSON DA COSTA MELLO, S/ N
07/12/2023;14:25:26;2016;2;ELEIÇÃO ORDINÁRIA;1;220;ELEIÇÕES MUNICIPAIS 2016;02/10/2016;M;ES;56057;ALFREDO CHAVES;56057;ALFREDO CHAVES;12;30;13;VEREADOR;22222;JOAO LUIZ MONTEIRO;5;1171;80000001054;EEEF CAMILA MOTA;R. NELSON DA COSTA MELLO, S/ N
07/12/2023;14:25:26;2016;2;ELEIÇÃO ORDINÁRIA;1;220;ELEIÇÕES MUNICIPAIS 2016;02/10/2016;M;ES;56057;ALFREDO CHAVES;56057;ALFREDO CHAVES;12;30;13;VEREADOR;23111;FERNANDO ALVES;16;1171;80000001675;EEEF CAMILA MOTA;R. NELSON DA COSTA MELLO, S/ N
07/12/2023;14:25:26;2016;2;ELEIÇÃO ORDINÁRIA;1;220;ELEIÇÕES MUNICIPAIS 2016;02/10/2016;M;ES;56057;ALFREDO CHAVES;56057;ALFREDO CHAVES;12;30;13;VEREADOR;20789;JOSE MARIO DE ANDRADE FERREIRA;11;1171;80000001052;EEEF CAMILA MOTA;R. NELSON DA COSTA MELLO, S/ N
07/12/2023;14:25:26;2016;2;ELEIÇÃO ORDINÁRIA;1;220;ELEIÇÕES MUNICIPAIS 2016;02/10/2016;M;ES;56057;ALFREDO CHAVES;56057;ALFREDO CHAVES;12;30;13;VEREADOR;15311;NARCISO DE ABREU GRASSI;23;1171;80000001679;EEEF CAMILA MOTA;R. NELSON DA COSTA MELLO, S/ N
07/12/2023;14:25:26;2016;2;ELEIÇÃO ORDINÁRIA;1;220;ELEIÇÕES MUNICIPAIS 2016;02/10/2016;M;ES;56057;ALFREDO CHAVES;56057;ALFREDO CHAVES;12;30;13;VEREADOR;20123;IZAEL FERREIRA;1;1171;80000001051;EEEF CAMILA MOTA;R. NELSON DA COSTA MELLO, S/ N
07/12/2023;14:25:26;2016;2;ELEIÇÃO ORDINÁRIA;1;220;ELEIÇÕES MUNICIPAIS 2016;02/10/2016;M;ES;56057;ALFREDO CHAVES;56057;ALFREDO CHAVES;12;30;13;VEREADOR;23666;PAULO MUNALDI;14;1171;80000001680;EEEF CAMILA MOTA;R. NELSON DA COSTA MELLO, S/ N
07/12/2023;14:25:26;2016;2;ELEIÇÃO ORDINÁRIA;1;220;ELEIÇÕES MUNICIPAIS 2016;02/10/2016;M;ES;56057;ALFREDO CHAVES;56057;ALFREDO CHAVES;12;30;13;VEREADOR;20333;MARCO ANTONIO MOZER;3;1171;80000001053;EEEF CAMILA MOTA;R. NELSON DA COSTA MELLO, S/ N
07/12/2023;14:25:26;2016;2;ELEIÇÃO ORDINÁRIA;1;220;ELEIÇÕES MUNICIPAIS 2016;02/10/2016;M;ES;56057;ALFREDO CHAVES;56057;ALFREDO CHAVES;12;30;11;PREFEITO;96;VOTO NULO;9;1171;-1;EEEF CAMILA MOTA;R. NELSON DA COSTA MELLO, S/ N
07/12/2023;14:25:26;2016;2;ELEIÇÃO ORDINÁRIA;1;220;ELEIÇÕES MUNICIPAIS 2016;02/10/2016;M;ES;56057;ALFREDO CHAVES;56057;ALFREDO CHAVES;12;30;13;VEREADOR;40400;DARCY MARCHIORI DE PAULA GAIGHER;20;1171;80000001025;EEEF CAMILA MOTA;R. NELSON DA COSTA MELLO, S/ N
07/12/2023;14:25:26;2016;2;ELEIÇÃO ORDINÁRIA;1;220;ELEIÇÕES MUNICIPAIS 2016;02/10/2016;M;ES;56057;ALFREDO CHAVES;56057;ALFREDO CHAVES;12;30;13;VEREADOR;45123;EDIMAR VANELI;4;1171;80000001040;EEEF CAMILA MOTA;R. NELSON DA COSTA MELLO, S/ N
07/12/2023;14:25:26;2016;2;ELEIÇÃO ORDINÁRIA;1;220;ELEIÇÕES MUNICIPAIS 2016;02/10/2016;M;ES;56057;ALFREDO CHAVES;56057;ALFREDO CHAVES;12;30;13;VEREADOR;11222;SANTE JOSÉ GRATIERI;1;1171;80000001048;EEEF CAMILA MOTA;R. NELSON DA COSTA MELLO, S/ N
07/12/2023;14:25:26;2016;2;ELEIÇÃO ORDINÁRIA;1;220;ELEIÇÕES MUNICIPAIS 2016;02/10/2016;M;ES;56057;ALFREDO CHAVES;56057;ALFREDO CHAVES;12;30;13;VEREADOR;40321;GILSON LUIZ BELLON;9;1171;80000001031;EEEF CAMILA MOTA;R. NELSON DA COSTA MELLO, S/ N
07/12/2023;14:25:26;2016;2;ELEIÇÃO ORDINÁRIA;1;220;ELEIÇÕES MUNICIPAIS 2016;02/10/2016;M;ES;56057;ALFREDO CHAVES;56057;ALFREDO CHAVES;12;30;13;VEREADOR;40444;PASCOAL GARCIA MARTINS;7;1171;80000001038;EEEF CAMILA MOTA;R. NELSON DA COSTA MELLO, S/ N
07/12/2023;14:25:26;2016;2;ELEIÇÃO ORDINÁRIA;1;220;ELEIÇÕES MUNICIPAIS 2016;02/10/2016;M;ES;56057;ALFREDO CHAVES;56057;ALFREDO CHAVES;12;30;13;VEREADOR;13610;NILSON HONORATO VANELI;1;1171;80000001650;EEEF CAMILA MOTA;R. NELSON DA COSTA MELLO, S/ N
07/12/2023;14:25:26;2016;2;ELEIÇÃO ORDINÁRIA;1;220;ELEIÇÕES MUNICIPAIS 2016;02/10/2016;M;ES;56057;ALFREDO CHAVES;56057;ALFREDO CHAVES;12;30;13;VEREADOR;11964;MARIA MAGDALENA NASCIMENTO;1;1171;80000001045;EEEF CAMILA MOTA;R. NELSON DA COSTA MELLO, S/ N
07/12/2023;14:25:26;2016;2;ELEIÇÃO ORDINÁRIA;1;220;ELEIÇÕES MUNICIPAIS 2016;02/10/2016;M;ES;56057;ALFREDO CHAVES;56057;ALFREDO CHAVES;12;30;13;VEREADOR;40202;LAURO ALVES PEREIRA;2;1171;80000001034;EEEF CAMILA MOTA;R. NELSON DA COSTA MELLO, S/ N
07/12/2023;14:25:26;2016;2;ELEIÇÃO ORDINÁRIA;1;220;ELEIÇÕES MUNICIPAIS 2016;02/10/2016;M;ES;56057;ALFREDO CHAVES;56057;ALFREDO CHAVES;12;30;13;VEREADOR;40222;LUIZ JUNQUEIRA VIONEL;4;1171;80000001035;EEEF CAMILA MOTA;R. NELSON DA COSTA MELLO, S/ N
07/12/2023;14:25:26;2016;2;ELEIÇÃO ORDINÁRIA;1;220;ELEIÇÕES MUNICIPAIS 2016;02/10/2016;M;ES;56057;ALFREDO CHAVES;56057;ALFREDO CHAVES;12;30;13;VEREADOR;96;VOTO NULO;6;1171;-1;EEEF CAMILA MOTA;R. NELSON DA COSTA MELLO, S/ N
07/12/2023;14:25:26;2016;2;ELEIÇÃO ORDINÁRIA;1;220;ELEIÇÕES MUNICIPAIS 2016;02/10/2016;M;ES;56057;ALFREDO CHAVES;56057;ALFREDO CHAVES;12;30;13;VEREADOR;23000;GIANNE SMARSARO;1;1171;80000001676;EEEF CAMILA MOTA;R. NELSON DA COSTA MELLO, S/ N
07/12/2023;14:25:26;2016;2;ELEIÇÃO ORDINÁRIA;1;220;ELEIÇÕES MUNICIPAIS 2016;02/10/2016;M;ES;56057;ALFREDO CHAVES;56057;ALFREDO CHAVES;12;30;13;VEREADOR;18123;ERVAN CESAR;2;1171;80000001644;EEEF CAMILA MOTA;R. NELSON DA COSTA MELLO, S/ N
07/12/2023;14:25:26;2016;2;ELEIÇÃO ORDINÁRIA;1;220;ELEIÇÕES MUNICIPAIS 2016;02/10/2016;M;ES;56057;ALFREDO CHAVES;56057;ALFREDO CHAVES;12;30;13;VEREADOR;45000;JONAS NUNES SIMÕES;37;1171;80000001041;EEEF CAMILA MOTA;R. NELSON DA COSTA MELLO, S/ N
07/12/2023;14:25:26;2016;2;ELEIÇÃO ORDINÁRIA;1;220;ELEIÇÕES MUNICIPAIS 2016;02/10/2016;M;ES;56057;ALFREDO CHAVES;56057;ALFREDO CHAVES;12;30;13;VEREADOR;55000;SERGIO BIANCHI;17;1171;80000001684;EEEF CAMILA MOTA;R. NELSON DA COSTA MELLO, S/ N
07/12/2023;14:25:26;2016;2;ELEIÇÃO ORDINÁRIA;1;220;ELEIÇÕES MUNICIPAIS 2016;02/10/2016;M;ES;56057;ALFREDO CHAVES;56057;ALFREDO CHAVES;12;30;13;VEREADOR;25000;JANE CASTEGLIONE BETTCHER;11;1171;80000001642;EEEF CAMILA MOTA;R. NELSON DA COSTA MELLO, S/ N
07/12/2023;14:25:26;2016;2;ELEIÇÃO ORDINÁRIA;1;220;ELEIÇÕES MUNICIPAIS 2016;02/10/2016;M;ES;56057;ALFREDO CHAVES;56057;ALFREDO CHAVES;12;30;13;VEREADOR;40232;MARCIO CETTO;2;1171;80000001036;EEEF CAMILA MOTA;R. NELSON DA COSTA MELLO, S/ N
07/12/2023;14:25:26;2016;2;ELEIÇÃO ORDINÁRIA;1;220;ELEIÇÕES MUNICIPAIS 2016;02/10/2016;M;ES;56057;ALFREDO CHAVES;56057;ALFREDO CHAVES;12;30;13;VEREADOR;23612;ANDRÉ SARTORI;21;1171;80000001669;EEEF CAMILA MOTA;R. NELSON DA COSTA MELLO, S/ N
07/12/2023;14:25:26;2016;2;ELEIÇÃO ORDINÁRIA;1;220;ELEIÇÕES MUNICIPAIS 2016;02/10/2016;M;ES;56057;ALFREDO CHAVES;56057;ALFREDO CHAVES;12;30;13;VEREADOR;23123;CÁSSIO COMINOTTI DO NASCIMENTO;6;1171;80000001671;EEEF CAMILA MOTA;R. NELSON DA COSTA MELLO, S/ N
07/12/2023;14:25:26;2016;2;ELEIÇÃO ORDINÁRIA;1;220;ELEIÇÕES MUNICIPAIS 2016;02/10/2016;M;ES;56057;ALFREDO CHAVES;56057;ALFREDO CHAVES;12;30;13;VEREADOR;11000;ROSANA MARIA CARDOSO TAVARES;3;1171;80000001047;EEEF CAMILA MOTA;R. NELSON DA COSTA MELLO, S/ N
07/12/2023;14:25:26;2016;2;ELEIÇÃO ORDINÁRIA;1;220;ELEIÇÕES MUNICIPAIS 2016;02/10/2016;M;ES;56057;ALFREDO CHAVES;56057;ALFREDO CHAVES;12;30;13;VEREADOR;33333;ELTON ANTERIO CARDOSO BISI;12;1171;80000001023;EEEF CAMILA MOTA;R. NELSON DA COSTA MELLO, S/ N
07/12/2023;14:25:26;2016;2;ELEIÇÃO ORDINÁRIA;1;220;ELEIÇÕES MUNICIPAIS 2016;02/10/2016;M;ES;56057;ALFREDO CHAVES;56057;ALFREDO CHAVES;12;30;13;VEREADOR;40000;NILTON CESAR BELMOK;22;1171;80000001037;EEEF CAMILA MOTA;R. NELSON DA COSTA MELLO, S/ N
07/12/2023;14:25:26;2016;2;ELEIÇÃO ORDINÁRIA;1;220;ELEIÇÕES MUNICIPAIS 2016;02/10/2016;M;ES;56057;ALFREDO CHAVES;56057;ALFREDO CHAVES;12;30;13;VEREADOR;11123;PRIMO ARMELINDO BERGAMI;7;1171;80000001046;EEEF CAMILA MOTA;R. NELSON DA COSTA MELLO, S/ N
07/12/2023;14:25:26;2016;2;ELEIÇÃO ORDINÁRIA;1;220;ELEIÇÕES MUNICIPAIS 2016;02/10/2016;M;ES;56057;ALFREDO CHAVES;56057;ALFREDO CHAVES;12;30;13;VEREADOR;12345;ARMANDO ZANATA INGLE RIBEIRO;15;1171;80000001643;EEEF CAMILA MOTA;R. NELSON DA COSTA MELLO, S/ N
07/12/2023;14:25:26;2016;2;ELEIÇÃO ORDINÁRIA;1;220;ELEIÇÕES MUNICIPAIS 2016;02/10/2016;M;ES;56057;ALFREDO CHAVES;56057;ALFREDO CHAVES;12;30;11;PREFEITO;15;RONALDO BIANCHI;142;1171;80000003215;EEEF CAMILA MOTA;R. NELSON DA COSTA MELLO, S/ N
07/12/2023;14:25:26;2016;2;ELEIÇÃO ORDINÁRIA;1;220;ELEIÇÕES MUNICIPAIS 2016;02/10/2016;M;ES;56057;ALFREDO CHAVES;56057;ALFREDO CHAVES;12;30;13;VEREADOR;51000;JACINTA LUCIA SCARPARO;1;1171;80000001646;EEEF CAMILA MOTA;R. NELSON DA COSTA MELLO, S/ N
07/12/2023;14:25:26;2016;2;ELEIÇÃO ORDINÁRIA;1;220;ELEIÇÕES MUNICIPAIS 2016;02/10/2016;M;ES;56057;ALFREDO CHAVES;56057;ALFREDO CHAVES;12;30;13;VEREADOR;40111;CHARLES GAIGHER;17;1171;80000001030;EEEF CAMILA MOTA;R. NELSON DA COSTA MELLO, S/ N
07/12/2023;14:25:26;2016;2;ELEIÇÃO ORDINÁRIA;1;220;ELEIÇÕES MUNICIPAIS 2016;02/10/2016;M;ES;56057;ALFREDO CHAVES;56057;ALFREDO CHAVES;12;30;13;VEREADOR;95;VOTO BRANCO;3;1171;-1;EEEF CAMILA MOTA;R. NELSON DA COSTA MELLO, S/ N
