DT_GERACAO;HH_GERACAO;ANO_ELEICAO;CD_TIPO_ELEICAO;NM_TIPO_ELEICAO;NR_TURNO;CD_ELEICAO;DS_ELEICAO;DT_ELEICAO;TP_ABRANGENCIA;SG_UF;SG_UE;NM_UE;CD_MUNICIPIO;NM_MUNICIPIO;NR_ZONA;NR_SECAO;CD_CARGO;DS_CARGO;NR_VOTAVEL;NM_VOTAVEL;QT_VOTOS;NR_LOCAL_VOTACAO
27/07/2021;17:04:35;2012;2;Eleição Ordinária;1;47;ELEIÇÃO MUNICIPAL 2012;07/10/2012;M;ES;56057;ALFREDO CHAVES;56057;ALFREDO CHAVES;12;1;11;Prefeito;40;ROBERTO FORTUNATO FIORIN;165;1015
27/07/2021;17:04:35;2012;2;Eleição Ordinária;1;47;ELEIÇÃO MUNICIPAL 2012;07/10/2012;M;ES;56057;ALFREDO CHAVES;56057;ALFREDO CHAVES;12;1;11;Prefeito;55;SERGIO BIANCHI;86;1015
27/07/2021;17:04:35;2012;2;Eleição Ordinária;1;47;ELEIÇÃO MUNICIPAL 2012;07/10/2012;M;ES;56057;ALFREDO CHAVES;56057;ALFREDO CHAVES;12;1;11;Prefeito;95;VOTO BRANCO;17;1015
27/07/2021;17:04:35;2012;2;Eleição Ordinária;1;47;ELEIÇÃO MUNICIPAL 2012;07/10/2012;M;ES;56057;ALFREDO CHAVES;56057;ALFREDO CHAVES;12;1;11;Prefeito;96;VOTO NULO;20;1015
27/07/2021;17:04:35;2012;2;Eleição Ordinária;1;47;ELEIÇÃO MUNICIPAL 2012;07/10/2012;M;ES;56057;ALFREDO CHAVES;56057;ALFREDO CHAVES;12;1;13;Vereador;23444;AGENOR LORENZON;1;1015
27/07/2021;17:04:35;2012;2;Eleição Ordinária;1;47;ELEIÇÃO MUNICIPAL 2012;07/10/2012;M;ES;56057;ALFREDO CHAVES;56057;ALFREDO CHAVES;12;1;13;Vereador;15555;ALMIR ANTONIO FAVERO;2;1015
27/07/2021;17:04:35;2012;2;Eleição Ordinária;1;47;ELEIÇÃO MUNICIPAL 2012;07/10/2012;M;ES;56057;ALFREDO CHAVES;56057;ALFREDO CHAVES;12;1;13;Vereador;23612;ANDRÉ SARTORI;19;1015
27/07/2021;17:04:35;2012;2;Eleição Ordinária;1;47;ELEIÇÃO MUNICIPAL 2012;07/10/2012;M;ES;56057;ALFREDO CHAVES;56057;ALFREDO CHAVES;12;1;13;Vereador;40444;ANGELA MARIA VOLPONI FURLAN;2;1015
27/07/2021;17:04:35;2012;2;Eleição Ordinária;1;47;ELEIÇÃO MUNICIPAL 2012;07/10/2012;M;ES;56057;ALFREDO CHAVES;56057;ALFREDO CHAVES;12;1;13;Vereador;11234;ANGELO ARPINI;3;1015
27/07/2021;17:04:35;2012;2;Eleição Ordinária;1;47;ELEIÇÃO MUNICIPAL 2012;07/10/2012;M;ES;56057;ALFREDO CHAVES;56057;ALFREDO CHAVES;12;1;13;Vereador;12345;ARMANDO ZANATA INGLE RIBEIRO;12;1015
27/07/2021;17:04:35;2012;2;Eleição Ordinária;1;47;ELEIÇÃO MUNICIPAL 2012;07/10/2012;M;ES;56057;ALFREDO CHAVES;56057;ALFREDO CHAVES;12;1;13;Vereador;11567;AUXILIADORA ROSA;2;1015
27/07/2021;17:04:35;2012;2;Eleição Ordinária;1;47;ELEIÇÃO MUNICIPAL 2012;07/10/2012;M;ES;56057;ALFREDO CHAVES;56057;ALFREDO CHAVES;12;1;13;Vereador;40111;CHARLES GAIGHER;12;1015
27/07/2021;17:04:35;2012;2;Eleição Ordinária;1;47;ELEIÇÃO MUNICIPAL 2012;07/10/2012;M;ES;56057;ALFREDO CHAVES;56057;ALFREDO CHAVES;12;1;13;Vereador;40123;CLEOMIR GOBBI BUBACK;1;1015
27/07/2021;17:04:35;2012;2;Eleição Ordinária;1;47;ELEIÇÃO MUNICIPAL 2012;07/10/2012;M;ES;56057;ALFREDO CHAVES;56057;ALFREDO CHAVES;12;1;13;Vereador;40333;DARCI ESCANDIAN;13;1015
27/07/2021;17:04:35;2012;2;Eleição Ordinária;1;47;ELEIÇÃO MUNICIPAL 2012;07/10/2012;M;ES;56057;ALFREDO CHAVES;56057;ALFREDO CHAVES;12;1;13;Vereador;40000;DULCIANE BRUNORO ESTEVES;4;1015
27/07/2021;17:04:35;2012;2;Eleição Ordinária;1;47;ELEIÇÃO MUNICIPAL 2012;07/10/2012;M;ES;56057;ALFREDO CHAVES;56057;ALFREDO CHAVES;12;1;13;Vereador;14678;DULCINO PERUZZO;4;1015
27/07/2021;17:04:35;2012;2;Eleição Ordinária;1;47;ELEIÇÃO MUNICIPAL 2012;07/10/2012;M;ES;56057;ALFREDO CHAVES;56057;ALFREDO CHAVES;12;1;13;Vereador;40555;EDEVANILDE GORETI BREDA;5;1015
27/07/2021;17:04:35;2012;2;Eleição Ordinária;1;47;ELEIÇÃO MUNICIPAL 2012;07/10/2012;M;ES;56057;ALFREDO CHAVES;56057;ALFREDO CHAVES;12;1;13;Vereador;10123;ELISAEL DOS SANTOS FERREIRA;4;1015
27/07/2021;17:04:35;2012;2;Eleição Ordinária;1;47;ELEIÇÃO MUNICIPAL 2012;07/10/2012;M;ES;56057;ALFREDO CHAVES;56057;ALFREDO CHAVES;12;1;13;Vereador;11789;ELIZETE MARIA FURLAN;1;1015
27/07/2021;17:04:35;2012;2;Eleição Ordinária;1;47;ELEIÇÃO MUNICIPAL 2012;07/10/2012;M;ES;56057;ALFREDO CHAVES;56057;ALFREDO CHAVES;12;1;13;Vereador;14214;ERTA DE PAULA GAIGHER;7;1015
27/07/2021;17:04:35;2012;2;Eleição Ordinária;1;47;ELEIÇÃO MUNICIPAL 2012;07/10/2012;M;ES;56057;ALFREDO CHAVES;56057;ALFREDO CHAVES;12;1;13;Vereador;40222;FERNANDO ALVES;58;1015
27/07/2021;17:04:35;2012;2;Eleição Ordinária;1;47;ELEIÇÃO MUNICIPAL 2012;07/10/2012;M;ES;56057;ALFREDO CHAVES;56057;ALFREDO CHAVES;12;1;13;Vereador;55555;GERALDO BAYER;3;1015
27/07/2021;17:04:35;2012;2;Eleição Ordinária;1;47;ELEIÇÃO MUNICIPAL 2012;07/10/2012;M;ES;56057;ALFREDO CHAVES;56057;ALFREDO CHAVES;12;1;13;Vereador;40321;GILSON LUIZ BELLON;3;1015
27/07/2021;17:04:35;2012;2;Eleição Ordinária;1;47;ELEIÇÃO MUNICIPAL 2012;07/10/2012;M;ES;56057;ALFREDO CHAVES;56057;ALFREDO CHAVES;12;1;13;Vereador;22123;JAMIR PIETRALONGA;4;1015
27/07/2021;17:04:35;2012;2;Eleição Ordinária;1;47;ELEIÇÃO MUNICIPAL 2012;07/10/2012;M;ES;56057;ALFREDO CHAVES;56057;ALFREDO CHAVES;12;1;13;Vereador;45000;JONAS NUNES SIMÕES;11;1015
27/07/2021;17:04:35;2012;2;Eleição Ordinária;1;47;ELEIÇÃO MUNICIPAL 2012;07/10/2012;M;ES;56057;ALFREDO CHAVES;56057;ALFREDO CHAVES;12;1;13;Vereador;12333;JOSE CARLOS CRAVEIRO CAMPOS;1;1015
27/07/2021;17:04:35;2012;2;Eleição Ordinária;1;47;ELEIÇÃO MUNICIPAL 2012;07/10/2012;M;ES;56057;ALFREDO CHAVES;56057;ALFREDO CHAVES;12;1;13;Vereador;11345;JOSÉ ALVES PEREIRA;3;1015
27/07/2021;17:04:35;2012;2;Eleição Ordinária;1;47;ELEIÇÃO MUNICIPAL 2012;07/10/2012;M;ES;56057;ALFREDO CHAVES;56057;ALFREDO CHAVES;12;1;13;Vereador;55030;JOSÉ ARLINDO PETERLE;1;1015
27/07/2021;17:04:35;2012;2;Eleição Ordinária;1;47;ELEIÇÃO MUNICIPAL 2012;07/10/2012;M;ES;56057;ALFREDO CHAVES;56057;ALFREDO CHAVES;12;1;13;Vereador;13366;JOSÉ DOMINGOS GOTTARDO;2;1015
27/07/2021;17:04:35;2012;2;Eleição Ordinária;1;47;ELEIÇÃO MUNICIPAL 2012;07/10/2012;M;ES;56057;ALFREDO CHAVES;56057;ALFREDO CHAVES;12;1;13;Vereador;40789;JOÃO BOSCO COSTA;11;1015
27/07/2021;17:04:35;2012;2;Eleição Ordinária;1;47;ELEIÇÃO MUNICIPAL 2012;07/10/2012;M;ES;56057;ALFREDO CHAVES;56057;ALFREDO CHAVES;12;1;13;Vereador;11333;MARCO ANTONIO MOZER;3;1015
27/07/2021;17:04:35;2012;2;Eleição Ordinária;1;47;ELEIÇÃO MUNICIPAL 2012;07/10/2012;M;ES;56057;ALFREDO CHAVES;56057;ALFREDO CHAVES;12;1;13;Vereador;11100;MARIA DA PENHA SQUASANTE CAVATI;3;1015
27/07/2021;17:04:35;2012;2;Eleição Ordinária;1;47;ELEIÇÃO MUNICIPAL 2012;07/10/2012;M;ES;56057;ALFREDO CHAVES;56057;ALFREDO CHAVES;12;1;13;Vereador;40777;MARINALVA STEFANON;6;1015
27/07/2021;17:04:35;2012;2;Eleição Ordinária;1;47;ELEIÇÃO MUNICIPAL 2012;07/10/2012;M;ES;56057;ALFREDO CHAVES;56057;ALFREDO CHAVES;12;1;13;Vereador;15311;NARCIZO DE ABREU GRASSI;20;1015
27/07/2021;17:04:35;2012;2;Eleição Ordinária;1;47;ELEIÇÃO MUNICIPAL 2012;07/10/2012;M;ES;56057;ALFREDO CHAVES;56057;ALFREDO CHAVES;12;1;13;Vereador;25100;ORLANDO OSS;1;1015
27/07/2021;17:04:35;2012;2;Eleição Ordinária;1;47;ELEIÇÃO MUNICIPAL 2012;07/10/2012;M;ES;56057;ALFREDO CHAVES;56057;ALFREDO CHAVES;12;1;13;Vereador;22;PARTIDO DA REPÚBLICA;1;1015
27/07/2021;17:04:35;2012;2;Eleição Ordinária;1;47;ELEIÇÃO MUNICIPAL 2012;07/10/2012;M;ES;56057;ALFREDO CHAVES;56057;ALFREDO CHAVES;12;1;13;Vereador;45;PARTIDO DA SOCIAL DEMOCRACIA BRASILEIRA;1;1015
27/07/2021;17:04:35;2012;2;Eleição Ordinária;1;47;ELEIÇÃO MUNICIPAL 2012;07/10/2012;M;ES;56057;ALFREDO CHAVES;56057;ALFREDO CHAVES;12;1;13;Vereador;12;PARTIDO DEMOCRÁTICO TRABALHISTA;1;1015
27/07/2021;17:04:35;2012;2;Eleição Ordinária;1;47;ELEIÇÃO MUNICIPAL 2012;07/10/2012;M;ES;56057;ALFREDO CHAVES;56057;ALFREDO CHAVES;12;1;13;Vereador;15;PARTIDO DO MOVIMENTO DEMOCRÁTICO BRASILEIRO;1;1015
27/07/2021;17:04:35;2012;2;Eleição Ordinária;1;47;ELEIÇÃO MUNICIPAL 2012;07/10/2012;M;ES;56057;ALFREDO CHAVES;56057;ALFREDO CHAVES;12;1;13;Vereador;13;PARTIDO DOS TRABALHADORES;1;1015
27/07/2021;17:04:35;2012;2;Eleição Ordinária;1;47;ELEIÇÃO MUNICIPAL 2012;07/10/2012;M;ES;56057;ALFREDO CHAVES;56057;ALFREDO CHAVES;12;1;13;Vereador;55;PARTIDO SOCIAL DEMOCRÁTICO;4;1015
27/07/2021;17:04:35;2012;2;Eleição Ordinária;1;47;ELEIÇÃO MUNICIPAL 2012;07/10/2012;M;ES;56057;ALFREDO CHAVES;56057;ALFREDO CHAVES;12;1;13;Vereador;40;PARTIDO SOCIALISTA BRASILEIRO;4;1015
27/07/2021;17:04:35;2012;2;Eleição Ordinária;1;47;ELEIÇÃO MUNICIPAL 2012;07/10/2012;M;ES;56057;ALFREDO CHAVES;56057;ALFREDO CHAVES;12;1;13;Vereador;14;PARTIDO TRABALHISTA BRASILEIRO;1;1015
27/07/2021;17:04:35;2012;2;Eleição Ordinária;1;47;ELEIÇÃO MUNICIPAL 2012;07/10/2012;M;ES;56057;ALFREDO CHAVES;56057;ALFREDO CHAVES;12;1;13;Vereador;23666;PAULO MUNALDI;26;1015
27/07/2021;17:04:35;2012;2;Eleição Ordinária;1;47;ELEIÇÃO MUNICIPAL 2012;07/10/2012;M;ES;56057;ALFREDO CHAVES;56057;ALFREDO CHAVES;12;1;13;Vereador;11123;PRIMO ARMELINDO BERGAMI;8;1015
27/07/2021;17:04:35;2012;2;Eleição Ordinária;1;47;ELEIÇÃO MUNICIPAL 2012;07/10/2012;M;ES;56057;ALFREDO CHAVES;56057;ALFREDO CHAVES;12;1;13;Vereador;25666;RAINOR BREDA;2;1015
27/07/2021;17:04:35;2012;2;Eleição Ordinária;1;47;ELEIÇÃO MUNICIPAL 2012;07/10/2012;M;ES;56057;ALFREDO CHAVES;56057;ALFREDO CHAVES;12;1;13;Vereador;23333;RENATO CARDOSO;1;1015
27/07/2021;17:04:35;2012;2;Eleição Ordinária;1;47;ELEIÇÃO MUNICIPAL 2012;07/10/2012;M;ES;56057;ALFREDO CHAVES;56057;ALFREDO CHAVES;12;1;13;Vereador;40456;SERAFINO ANTONIO SIMONI;2;1015
27/07/2021;17:04:35;2012;2;Eleição Ordinária;1;47;ELEIÇÃO MUNICIPAL 2012;07/10/2012;M;ES;56057;ALFREDO CHAVES;56057;ALFREDO CHAVES;12;1;13;Vereador;95;VOTO BRANCO;11;1015
27/07/2021;17:04:35;2012;2;Eleição Ordinária;1;47;ELEIÇÃO MUNICIPAL 2012;07/10/2012;M;ES;56057;ALFREDO CHAVES;56057;ALFREDO CHAVES;12;1;13;Vereador;96;VOTO NULO;2;1015
27/07/2021;17:04:35;2012;2;Eleição Ordinária;1;47;ELEIÇÃO MUNICIPAL 2012;07/10/2012;M;ES;56057;ALFREDO CHAVES;56057;ALFREDO CHAVES;12;2;11;Prefeito;40;ROBERTO FORTUNATO FIORIN;155;1015
27/07/2021;17:04:35;2012;2;Eleição Ordinária;1;47;ELEIÇÃO MUNICIPAL 2012;07/10/2012;M;ES;56057;ALFREDO CHAVES;56057;ALFREDO CHAVES;12;2;11;Prefeito;55;SERGIO BIANCHI;129;1015
27/07/2021;17:04:35;2012;2;Eleição Ordinária;1;47;ELEIÇÃO MUNICIPAL 2012;07/10/2012;M;ES;56057;ALFREDO CHAVES;56057;ALFREDO CHAVES;12;2;11;Prefeito;95;VOTO BRANCO;10;1015
27/07/2021;17:04:35;2012;2;Eleição Ordinária;1;47;ELEIÇÃO MUNICIPAL 2012;07/10/2012;M;ES;56057;ALFREDO CHAVES;56057;ALFREDO CHAVES;12;2;11;Prefeito;96;VOTO NULO;19;1015
27/07/2021;17:04:35;2012;2;Eleição Ordinária;1;47;ELEIÇÃO MUNICIPAL 2012;07/10/2012;M;ES;56057;ALFREDO CHAVES;56057;ALFREDO CHAVES;12;2;13;Vereador;23612;ANDRÉ SARTORI;12;1015
27/07/2021;17:04:35;2012;2;Eleição Ordinária;1;47;ELEIÇÃO MUNICIPAL 2012;07/10/2012;M;ES;56057;ALFREDO CHAVES;56057;ALFREDO CHAVES;12;2;13;Vereador;40444;ANGELA MARIA VOLPONI FURLAN;2;1015
27/07/2021;17:04:35;2012;2;Eleição Ordinária;1;47;ELEIÇÃO MUNICIPAL 2012;07/10/2012;M;ES;56057;ALFREDO CHAVES;56057;ALFREDO CHAVES;12;2;13;Vereador;11234;ANGELO ARPINI;8;1015
27/07/2021;17:04:35;2012;2;Eleição Ordinária;1;47;ELEIÇÃO MUNICIPAL 2012;07/10/2012;M;ES;56057;ALFREDO CHAVES;56057;ALFREDO CHAVES;12;2;13;Vereador;12345;ARMANDO ZANATA INGLE RIBEIRO;16;1015
27/07/2021;17:04:35;2012;2;Eleição Ordinária;1;47;ELEIÇÃO MUNICIPAL 2012;07/10/2012;M;ES;56057;ALFREDO CHAVES;56057;ALFREDO CHAVES;12;2;13;Vereador;11567;AUXILIADORA ROSA;1;1015
27/07/2021;17:04:35;2012;2;Eleição Ordinária;1;47;ELEIÇÃO MUNICIPAL 2012;07/10/2012;M;ES;56057;ALFREDO CHAVES;56057;ALFREDO CHAVES;12;2;13;Vereador;40111;CHARLES GAIGHER;13;1015
27/07/2021;17:04:35;2012;2;Eleição Ordinária;1;47;ELEIÇÃO MUNICIPAL 2012;07/10/2012;M;ES;56057;ALFREDO CHAVES;56057;ALFREDO CHAVES;12;2;13;Vereador;40333;DARCI ESCANDIAN;7;1015
27/07/2021;17:04:35;2012;2;Eleição Ordinária;1;47;ELEIÇÃO MUNICIPAL 2012;07/10/2012;M;ES;56057;ALFREDO CHAVES;56057;ALFREDO CHAVES;12;2;13;Vereador;13131;DOMINGOS MAROTTO;1;1015
27/07/2021;17:04:35;2012;2;Eleição Ordinária;1;47;ELEIÇÃO MUNICIPAL 2012;07/10/2012;M;ES;56057;ALFREDO CHAVES;56057;ALFREDO CHAVES;12;2;13;Vereador;40000;DULCIANE BRUNORO ESTEVES;6;1015
27/07/2021;17:04:35;2012;2;Eleição Ordinária;1;47;ELEIÇÃO MUNICIPAL 2012;07/10/2012;M;ES;56057;ALFREDO CHAVES;56057;ALFREDO CHAVES;12;2;13;Vereador;14678;DULCINO PERUZZO;7;1015
27/07/2021;17:04:35;2012;2;Eleição Ordinária;1;47;ELEIÇÃO MUNICIPAL 2012;07/10/2012;M;ES;56057;ALFREDO CHAVES;56057;ALFREDO CHAVES;12;2;13;Vereador;40555;EDEVANILDE GORETI BREDA;1;1015
27/07/2021;17:04:35;2012;2;Eleição Ordinária;1;47;ELEIÇÃO MUNICIPAL 2012;07/10/2012;M;ES;56057;ALFREDO CHAVES;56057;ALFREDO CHAVES;12;2;13;Vereador;10123;ELISAEL DOS SANTOS FERREIRA;9;1015
27/07/2021;17:04:35;2012;2;Eleição Ordinária;1;47;ELEIÇÃO MUNICIPAL 2012;07/10/2012;M;ES;56057;ALFREDO CHAVES;56057;ALFREDO CHAVES;12;2;13;Vereador;11789;ELIZETE MARIA FURLAN;3;1015
27/07/2021;17:04:35;2012;2;Eleição Ordinária;1;47;ELEIÇÃO MUNICIPAL 2012;07/10/2012;M;ES;56057;ALFREDO CHAVES;56057;ALFREDO CHAVES;12;2;13;Vereador;14214;ERTA DE PAULA GAIGHER;6;1015
27/07/2021;17:04:35;2012;2;Eleição Ordinária;1;47;ELEIÇÃO MUNICIPAL 2012;07/10/2012;M;ES;56057;ALFREDO CHAVES;56057;ALFREDO CHAVES;12;2;13;Vereador;10000;FABIO BUZZETE LOURENÇO;1;1015
27/07/2021;17:04:35;2012;2;Eleição Ordinária;1;47;ELEIÇÃO MUNICIPAL 2012;07/10/2012;M;ES;56057;ALFREDO CHAVES;56057;ALFREDO CHAVES;12;2;13;Vereador;40222;FERNANDO ALVES;57;1015
27/07/2021;17:04:35;2012;2;Eleição Ordinária;1;47;ELEIÇÃO MUNICIPAL 2012;07/10/2012;M;ES;56057;ALFREDO CHAVES;56057;ALFREDO CHAVES;12;2;13;Vereador;55555;GERALDO BAYER;2;1015
27/07/2021;17:04:35;2012;2;Eleição Ordinária;1;47;ELEIÇÃO MUNICIPAL 2012;07/10/2012;M;ES;56057;ALFREDO CHAVES;56057;ALFREDO CHAVES;12;2;13;Vereador;40321;GILSON LUIZ BELLON;2;1015
27/07/2021;17:04:35;2012;2;Eleição Ordinária;1;47;ELEIÇÃO MUNICIPAL 2012;07/10/2012;M;ES;56057;ALFREDO CHAVES;56057;ALFREDO CHAVES;12;2;13;Vereador;22123;JAMIR PIETRALONGA;5;1015
27/07/2021;17:04:35;2012;2;Eleição Ordinária;1;47;ELEIÇÃO MUNICIPAL 2012;07/10/2012;M;ES;56057;ALFREDO CHAVES;56057;ALFREDO CHAVES;12;2;13;Vereador;45000;JONAS NUNES SIMÕES;23;1015
27/07/2021;17:04:35;2012;2;Eleição Ordinária;1;47;ELEIÇÃO MUNICIPAL 2012;07/10/2012;M;ES;56057;ALFREDO CHAVES;56057;ALFREDO CHAVES;12;2;13;Vereador;40789;JOÃO BOSCO COSTA;14;1015
27/07/2021;17:04:35;2012;2;Eleição Ordinária;1;47;ELEIÇÃO MUNICIPAL 2012;07/10/2012;M;ES;56057;ALFREDO CHAVES;56057;ALFREDO CHAVES;12;2;13;Vereador;11333;MARCO ANTONIO MOZER;1;1015
27/07/2021;17:04:35;2012;2;Eleição Ordinária;1;47;ELEIÇÃO MUNICIPAL 2012;07/10/2012;M;ES;56057;ALFREDO CHAVES;56057;ALFREDO CHAVES;12;2;13;Vereador;11100;MARIA DA PENHA SQUASANTE CAVATI;8;1015
27/07/2021;17:04:35;2012;2;Eleição Ordinária;1;47;ELEIÇÃO MUNICIPAL 2012;07/10/2012;M;ES;56057;ALFREDO CHAVES;56057;ALFREDO CHAVES;12;2;13;Vereador;10222;MARIA SILVIA COSTA MONTEIRO;1;1015
27/07/2021;17:04:35;2012;2;Eleição Ordinária;1;47;ELEIÇÃO MUNICIPAL 2012;07/10/2012;M;ES;56057;ALFREDO CHAVES;56057;ALFREDO CHAVES;12;2;13;Vereador;40777;MARINALVA STEFANON;6;1015
27/07/2021;17:04:35;2012;2;Eleição Ordinária;1;47;ELEIÇÃO MUNICIPAL 2012;07/10/2012;M;ES;56057;ALFREDO CHAVES;56057;ALFREDO CHAVES;12;2;13;Vereador;15311;NARCIZO DE ABREU GRASSI;25;1015
27/07/2021;17:04:35;2012;2;Eleição Ordinária;1;47;ELEIÇÃO MUNICIPAL 2012;07/10/2012;M;ES;56057;ALFREDO CHAVES;56057;ALFREDO CHAVES;12;2;13;Vereador;25100;ORLANDO OSS;1;1015
27/07/2021;17:04:35;2012;2;Eleição Ordinária;1;47;ELEIÇÃO MUNICIPAL 2012;07/10/2012;M;ES;56057;ALFREDO CHAVES;56057;ALFREDO CHAVES;12;2;13;Vereador;22;PARTIDO DA REPÚBLICA;2;1015
27/07/2021;17:04:35;2012;2;Eleição Ordinária;1;47;ELEIÇÃO MUNICIPAL 2012;07/10/2012;M;ES;56057;ALFREDO CHAVES;56057;ALFREDO CHAVES;12;2;13;Vereador;40;PARTIDO SOCIALISTA BRASILEIRO;5;1015
27/07/2021;17:04:35;2012;2;Eleição Ordinária;1;47;ELEIÇÃO MUNICIPAL 2012;07/10/2012;M;ES;56057;ALFREDO CHAVES;56057;ALFREDO CHAVES;12;2;13;Vereador;23666;PAULO MUNALDI;35;1015
27/07/2021;17:04:35;2012;2;Eleição Ordinária;1;47;ELEIÇÃO MUNICIPAL 2012;07/10/2012;M;ES;56057;ALFREDO CHAVES;56057;ALFREDO CHAVES;12;2;13;Vereador;11123;PRIMO ARMELINDO BERGAMI;9;1015
27/07/2021;17:04:35;2012;2;Eleição Ordinária;1;47;ELEIÇÃO MUNICIPAL 2012;07/10/2012;M;ES;56057;ALFREDO CHAVES;56057;ALFREDO CHAVES;12;2;13;Vereador;25666;RAINOR BREDA;4;1015
27/07/2021;17:04:35;2012;2;Eleição Ordinária;1;47;ELEIÇÃO MUNICIPAL 2012;07/10/2012;M;ES;56057;ALFREDO CHAVES;56057;ALFREDO CHAVES;12;2;13;Vereador;23333;RENATO CARDOSO;3;1015
27/07/2021;17:04:35;2012;2;Eleição Ordinária;1;47;ELEIÇÃO MUNICIPAL 2012;07/10/2012;M;ES;56057;ALFREDO CHAVES;56057;ALFREDO CHAVES;12;2;13;Vereador;45123;RITA MARIA DESTEFANI;2;1015
27/07/2021;17:04:35;2012;2;Eleição Ordinária;1;47;ELEIÇÃO MUNICIPAL 2012;07/10/2012;M;ES;56057;ALFREDO CHAVES;56057;ALFREDO CHAVES;12;2;13;Vereador;23777;VANDENÉZIA PEREIRA SANTIAGO CASALE;1;1015
27/07/2021;17:04:35;2012;2;Eleição Ordinária;1;47;ELEIÇÃO MUNICIPAL 2012;07/10/2012;M;ES;56057;ALFREDO CHAVES;56057;ALFREDO CHAVES;12;2;13;Vereador;95;VOTO BRANCO;9;1015
27/07/2021;17:04:35;2012;2;Eleição Ordinária;1;47;ELEIÇÃO MUNICIPAL 2012;07/10/2012;M;ES;56057;ALFREDO CHAVES;56057;ALFREDO CHAVES;12;2;13;Vereador;96;VOTO NULO;5;1015
27/07/2021;17:04:35;2012;2;Eleição Ordinária;1;47;ELEIÇÃO MUNICIPAL 2012;07/10/2012;M;ES;56057;ALFREDO CHAVES;56057;ALFREDO CHAVES;12;3;11;Prefeito;40;ROBERTO FORTUNATO FIORIN;155;1015
27/07/2021;17:04:35;2012;2;Eleição Ordinária;1;47;ELEIÇÃO MUNICIPAL 2012;07/10/2012;M;ES;56057;ALFREDO CHAVES;56057;ALFREDO CHAVES;12;3;11;Prefeito;55;SERGIO BIANCHI;122;1015
27/07/2021;17:04:35;2012;2;Eleição Ordinária;1;47;ELEIÇÃO MUNICIPAL 2012;07/10/2012;M;ES;56057;ALFREDO CHAVES;56057;ALFREDO CHAVES;12;3;11;Prefeito;95;VOTO BRANCO;14;1015
27/07/2021;17:04:35;2012;2;Eleição Ordinária;1;47;ELEIÇÃO MUNICIPAL 2012;07/10/2012;M;ES;56057;ALFREDO CHAVES;56057;ALFREDO CHAVES;12;3;11;Prefeito;96;VOTO NULO;24;1015
27/07/2021;17:04:35;2012;2;Eleição Ordinária;1;47;ELEIÇÃO MUNICIPAL 2012;07/10/2012;M;ES;56057;ALFREDO CHAVES;56057;ALFREDO CHAVES;12;3;13;Vereador;23444;AGENOR LORENZON;2;1015
27/07/2021;17:04:35;2012;2;Eleição Ordinária;1;47;ELEIÇÃO MUNICIPAL 2012;07/10/2012;M;ES;56057;ALFREDO CHAVES;56057;ALFREDO CHAVES;12;3;13;Vereador;15555;ALMIR ANTONIO FAVERO;2;1015
27/07/2021;17:04:35;2012;2;Eleição Ordinária;1;47;ELEIÇÃO MUNICIPAL 2012;07/10/2012;M;ES;56057;ALFREDO CHAVES;56057;ALFREDO CHAVES;12;3;13;Vereador;23612;ANDRÉ SARTORI;18;1015
27/07/2021;17:04:35;2012;2;Eleição Ordinária;1;47;ELEIÇÃO MUNICIPAL 2012;07/10/2012;M;ES;56057;ALFREDO CHAVES;56057;ALFREDO CHAVES;12;3;13;Vereador;40444;ANGELA MARIA VOLPONI FURLAN;6;1015
27/07/2021;17:04:35;2012;2;Eleição Ordinária;1;47;ELEIÇÃO MUNICIPAL 2012;07/10/2012;M;ES;56057;ALFREDO CHAVES;56057;ALFREDO CHAVES;12;3;13;Vereador;11234;ANGELO ARPINI;6;1015
27/07/2021;17:04:35;2012;2;Eleição Ordinária;1;47;ELEIÇÃO MUNICIPAL 2012;07/10/2012;M;ES;56057;ALFREDO CHAVES;56057;ALFREDO CHAVES;12;3;13;Vereador;12345;ARMANDO ZANATA INGLE RIBEIRO;10;1015
27/07/2021;17:04:35;2012;2;Eleição Ordinária;1;47;ELEIÇÃO MUNICIPAL 2012;07/10/2012;M;ES;56057;ALFREDO CHAVES;56057;ALFREDO CHAVES;12;3;13;Vereador;40111;CHARLES GAIGHER;11;1015
27/07/2021;17:04:35;2012;2;Eleição Ordinária;1;47;ELEIÇÃO MUNICIPAL 2012;07/10/2012;M;ES;56057;ALFREDO CHAVES;56057;ALFREDO CHAVES;12;3;13;Vereador;40123;CLEOMIR GOBBI BUBACK;1;1015
27/07/2021;17:04:35;2012;2;Eleição Ordinária;1;47;ELEIÇÃO MUNICIPAL 2012;07/10/2012;M;ES;56057;ALFREDO CHAVES;56057;ALFREDO CHAVES;12;3;13;Vereador;40333;DARCI ESCANDIAN;10;1015
27/07/2021;17:04:35;2012;2;Eleição Ordinária;1;47;ELEIÇÃO MUNICIPAL 2012;07/10/2012;M;ES;56057;ALFREDO CHAVES;56057;ALFREDO CHAVES;12;3;13;Vereador;25;DEMOCRATAS;1;1015
27/07/2021;17:04:35;2012;2;Eleição Ordinária;1;47;ELEIÇÃO MUNICIPAL 2012;07/10/2012;M;ES;56057;ALFREDO CHAVES;56057;ALFREDO CHAVES;12;3;13;Vereador;13131;DOMINGOS MAROTTO;3;1015
27/07/2021;17:04:35;2012;2;Eleição Ordinária;1;47;ELEIÇÃO MUNICIPAL 2012;07/10/2012;M;ES;56057;ALFREDO CHAVES;56057;ALFREDO CHAVES;12;3;13;Vereador;40000;DULCIANE BRUNORO ESTEVES;2;1015
27/07/2021;17:04:35;2012;2;Eleição Ordinária;1;47;ELEIÇÃO MUNICIPAL 2012;07/10/2012;M;ES;56057;ALFREDO CHAVES;56057;ALFREDO CHAVES;12;3;13;Vereador;14678;DULCINO PERUZZO;1;1015
27/07/2021;17:04:35;2012;2;Eleição Ordinária;1;47;ELEIÇÃO MUNICIPAL 2012;07/10/2012;M;ES;56057;ALFREDO CHAVES;56057;ALFREDO CHAVES;12;3;13;Vereador;40555;EDEVANILDE GORETI BREDA;2;1015
27/07/2021;17:04:35;2012;2;Eleição Ordinária;1;47;ELEIÇÃO MUNICIPAL 2012;07/10/2012;M;ES;56057;ALFREDO CHAVES;56057;ALFREDO CHAVES;12;3;13;Vereador;11456;EDSON ANTONIO REGIANI;1;1015
27/07/2021;17:04:35;2012;2;Eleição Ordinária;1;47;ELEIÇÃO MUNICIPAL 2012;07/10/2012;M;ES;56057;ALFREDO CHAVES;56057;ALFREDO CHAVES;12;3;13;Vereador;10123;ELISAEL DOS SANTOS FERREIRA;5;1015
27/07/2021;17:04:35;2012;2;Eleição Ordinária;1;47;ELEIÇÃO MUNICIPAL 2012;07/10/2012;M;ES;56057;ALFREDO CHAVES;56057;ALFREDO CHAVES;12;3;13;Vereador;11789;ELIZETE MARIA FURLAN;5;1015
27/07/2021;17:04:35;2012;2;Eleição Ordinária;1;47;ELEIÇÃO MUNICIPAL 2012;07/10/2012;M;ES;56057;ALFREDO CHAVES;56057;ALFREDO CHAVES;12;3;13;Vereador;14214;ERTA DE PAULA GAIGHER;3;1015
27/07/2021;17:04:35;2012;2;Eleição Ordinária;1;47;ELEIÇÃO MUNICIPAL 2012;07/10/2012;M;ES;56057;ALFREDO CHAVES;56057;ALFREDO CHAVES;12;3;13;Vereador;10000;FABIO BUZZETE LOURENÇO;2;1015
27/07/2021;17:04:35;2012;2;Eleição Ordinária;1;47;ELEIÇÃO MUNICIPAL 2012;07/10/2012;M;ES;56057;ALFREDO CHAVES;56057;ALFREDO CHAVES;12;3;13;Vereador;40222;FERNANDO ALVES;61;1015
27/07/2021;17:04:35;2012;2;Eleição Ordinária;1;47;ELEIÇÃO MUNICIPAL 2012;07/10/2012;M;ES;56057;ALFREDO CHAVES;56057;ALFREDO CHAVES;12;3;13;Vereador;55555;GERALDO BAYER;5;1015
27/07/2021;17:04:35;2012;2;Eleição Ordinária;1;47;ELEIÇÃO MUNICIPAL 2012;07/10/2012;M;ES;56057;ALFREDO CHAVES;56057;ALFREDO CHAVES;12;3;13;Vereador;40321;GILSON LUIZ BELLON;3;1015
27/07/2021;17:04:35;2012;2;Eleição Ordinária;1;47;ELEIÇÃO MUNICIPAL 2012;07/10/2012;M;ES;56057;ALFREDO CHAVES;56057;ALFREDO CHAVES;12;3;13;Vereador;22123;JAMIR PIETRALONGA;9;1015
27/07/2021;17:04:35;2012;2;Eleição Ordinária;1;47;ELEIÇÃO MUNICIPAL 2012;07/10/2012;M;ES;56057;ALFREDO CHAVES;56057;ALFREDO CHAVES;12;3;13;Vereador;45000;JONAS NUNES SIMÕES;17;1015
27/07/2021;17:04:35;2012;2;Eleição Ordinária;1;47;ELEIÇÃO MUNICIPAL 2012;07/10/2012;M;ES;56057;ALFREDO CHAVES;56057;ALFREDO CHAVES;12;3;13;Vereador;11345;JOSÉ ALVES PEREIRA;2;1015
27/07/2021;17:04:35;2012;2;Eleição Ordinária;1;47;ELEIÇÃO MUNICIPAL 2012;07/10/2012;M;ES;56057;ALFREDO CHAVES;56057;ALFREDO CHAVES;12;3;13;Vereador;55030;JOSÉ ARLINDO PETERLE;1;1015
27/07/2021;17:04:35;2012;2;Eleição Ordinária;1;47;ELEIÇÃO MUNICIPAL 2012;07/10/2012;M;ES;56057;ALFREDO CHAVES;56057;ALFREDO CHAVES;12;3;13;Vereador;13366;JOSÉ DOMINGOS GOTTARDO;1;1015
27/07/2021;17:04:35;2012;2;Eleição Ordinária;1;47;ELEIÇÃO MUNICIPAL 2012;07/10/2012;M;ES;56057;ALFREDO CHAVES;56057;ALFREDO CHAVES;12;3;13;Vereador;40789;JOÃO BOSCO COSTA;8;1015
27/07/2021;17:04:35;2012;2;Eleição Ordinária;1;47;ELEIÇÃO MUNICIPAL 2012;07/10/2012;M;ES;56057;ALFREDO CHAVES;56057;ALFREDO CHAVES;12;3;13;Vereador;11333;MARCO ANTONIO MOZER;2;1015
27/07/2021;17:04:35;2012;2;Eleição Ordinária;1;47;ELEIÇÃO MUNICIPAL 2012;07/10/2012;M;ES;56057;ALFREDO CHAVES;56057;ALFREDO CHAVES;12;3;13;Vereador;11100;MARIA DA PENHA SQUASANTE CAVATI;1;1015
27/07/2021;17:04:35;2012;2;Eleição Ordinária;1;47;ELEIÇÃO MUNICIPAL 2012;07/10/2012;M;ES;56057;ALFREDO CHAVES;56057;ALFREDO CHAVES;12;3;13;Vereador;10222;MARIA SILVIA COSTA MONTEIRO;1;1015
27/07/2021;17:04:35;2012;2;Eleição Ordinária;1;47;ELEIÇÃO MUNICIPAL 2012;07/10/2012;M;ES;56057;ALFREDO CHAVES;56057;ALFREDO CHAVES;12;3;13;Vereador;40777;MARINALVA STEFANON;7;1015
27/07/2021;17:04:35;2012;2;Eleição Ordinária;1;47;ELEIÇÃO MUNICIPAL 2012;07/10/2012;M;ES;56057;ALFREDO CHAVES;56057;ALFREDO CHAVES;12;3;13;Vereador;15311;NARCIZO DE ABREU GRASSI;29;1015
27/07/2021;17:04:35;2012;2;Eleição Ordinária;1;47;ELEIÇÃO MUNICIPAL 2012;07/10/2012;M;ES;56057;ALFREDO CHAVES;56057;ALFREDO CHAVES;12;3;13;Vereador;25100;ORLANDO OSS;2;1015
27/07/2021;17:04:35;2012;2;Eleição Ordinária;1;47;ELEIÇÃO MUNICIPAL 2012;07/10/2012;M;ES;56057;ALFREDO CHAVES;56057;ALFREDO CHAVES;12;3;13;Vereador;22;PARTIDO DA REPÚBLICA;3;1015
27/07/2021;17:04:35;2012;2;Eleição Ordinária;1;47;ELEIÇÃO MUNICIPAL 2012;07/10/2012;M;ES;56057;ALFREDO CHAVES;56057;ALFREDO CHAVES;12;3;13;Vereador;45;PARTIDO DA SOCIAL DEMOCRACIA BRASILEIRA;1;1015
27/07/2021;17:04:35;2012;2;Eleição Ordinária;1;47;ELEIÇÃO MUNICIPAL 2012;07/10/2012;M;ES;56057;ALFREDO CHAVES;56057;ALFREDO CHAVES;12;3;13;Vereador;12;PARTIDO DEMOCRÁTICO TRABALHISTA;1;1015
27/07/2021;17:04:35;2012;2;Eleição Ordinária;1;47;ELEIÇÃO MUNICIPAL 2012;07/10/2012;M;ES;56057;ALFREDO CHAVES;56057;ALFREDO CHAVES;12;3;13;Vereador;13;PARTIDO DOS TRABALHADORES;1;1015
27/07/2021;17:04:35;2012;2;Eleição Ordinária;1;47;ELEIÇÃO MUNICIPAL 2012;07/10/2012;M;ES;56057;ALFREDO CHAVES;56057;ALFREDO CHAVES;12;3;13;Vereador;23;PARTIDO POPULAR SOCIALISTA;1;1015
27/07/2021;17:04:35;2012;2;Eleição Ordinária;1;47;ELEIÇÃO MUNICIPAL 2012;07/10/2012;M;ES;56057;ALFREDO CHAVES;56057;ALFREDO CHAVES;12;3;13;Vereador;11;PARTIDO PROGRESSISTA;3;1015
27/07/2021;17:04:35;2012;2;Eleição Ordinária;1;47;ELEIÇÃO MUNICIPAL 2012;07/10/2012;M;ES;56057;ALFREDO CHAVES;56057;ALFREDO CHAVES;12;3;13;Vereador;10;PARTIDO REPUBLICANO BRASILEIRO;1;1015
27/07/2021;17:04:35;2012;2;Eleição Ordinária;1;47;ELEIÇÃO MUNICIPAL 2012;07/10/2012;M;ES;56057;ALFREDO CHAVES;56057;ALFREDO CHAVES;12;3;13;Vereador;55;PARTIDO SOCIAL DEMOCRÁTICO;2;1015
27/07/2021;17:04:35;2012;2;Eleição Ordinária;1;47;ELEIÇÃO MUNICIPAL 2012;07/10/2012;M;ES;56057;ALFREDO CHAVES;56057;ALFREDO CHAVES;12;3;13;Vereador;40;PARTIDO SOCIALISTA BRASILEIRO;7;1015
27/07/2021;17:04:35;2012;2;Eleição Ordinária;1;47;ELEIÇÃO MUNICIPAL 2012;07/10/2012;M;ES;56057;ALFREDO CHAVES;56057;ALFREDO CHAVES;12;3;13;Vereador;14;PARTIDO TRABALHISTA BRASILEIRO;1;1015
27/07/2021;17:04:35;2012;2;Eleição Ordinária;1;47;ELEIÇÃO MUNICIPAL 2012;07/10/2012;M;ES;56057;ALFREDO CHAVES;56057;ALFREDO CHAVES;12;3;13;Vereador;23666;PAULO MUNALDI;30;1015
27/07/2021;17:04:35;2012;2;Eleição Ordinária;1;47;ELEIÇÃO MUNICIPAL 2012;07/10/2012;M;ES;56057;ALFREDO CHAVES;56057;ALFREDO CHAVES;12;3;13;Vereador;11123;PRIMO ARMELINDO BERGAMI;6;1015
27/07/2021;17:04:35;2012;2;Eleição Ordinária;1;47;ELEIÇÃO MUNICIPAL 2012;07/10/2012;M;ES;56057;ALFREDO CHAVES;56057;ALFREDO CHAVES;12;3;13;Vereador;25666;RAINOR BREDA;2;1015
27/07/2021;17:04:35;2012;2;Eleição Ordinária;1;47;ELEIÇÃO MUNICIPAL 2012;07/10/2012;M;ES;56057;ALFREDO CHAVES;56057;ALFREDO CHAVES;12;3;13;Vereador;23333;RENATO CARDOSO;3;1015
27/07/2021;17:04:35;2012;2;Eleição Ordinária;1;47;ELEIÇÃO MUNICIPAL 2012;07/10/2012;M;ES;56057;ALFREDO CHAVES;56057;ALFREDO CHAVES;12;3;13;Vereador;40456;SERAFINO ANTONIO SIMONI;1;1015
27/07/2021;17:04:35;2012;2;Eleição Ordinária;1;47;ELEIÇÃO MUNICIPAL 2012;07/10/2012;M;ES;56057;ALFREDO CHAVES;56057;ALFREDO CHAVES;12;3;13;Vereador;13123;SIMÃO LOPES DOS SANTOS;1;1015
27/07/2021;17:04:35;2012;2;Eleição Ordinária;1;47;ELEIÇÃO MUNICIPAL 2012;07/10/2012;M;ES;56057;ALFREDO CHAVES;56057;ALFREDO CHAVES;12;3;13;Vereador;95;VOTO BRANCO;4;1015
27/07/2021;17:04:35;2012;2;Eleição Ordinária;1;47;ELEIÇÃO MUNICIPAL 2012;07/10/2012;M;ES;56057;ALFREDO CHAVES;56057;ALFREDO CHAVES;12;3;13;Vereador;96;VOTO NULO;7;1015
27/07/2021;17:04:35;2012;2;Eleição Ordinária;1;47;ELEIÇÃO MUNICIPAL 2012;07/10/2012;M;ES;56057;ALFREDO CHAVES;56057;ALFREDO CHAVES;12;4;11;Prefeito;40;ROBERTO FORTUNATO FIORIN;161;1015
27/07/2021;17:04:35;2012;2;Eleição Ordinária;1;47;ELEIÇÃO MUNICIPAL 2012;07/10/2012;M;ES;56057;ALFREDO CHAVES;56057;ALFREDO CHAVES;12;4;11;Prefeito;55;SERGIO BIANCHI;120;1015
27/07/2021;17:04:35;2012;2;Eleição Ordinária;1;47;ELEIÇÃO MUNICIPAL 2012;07/10/2012;M;ES;56057;ALFREDO CHAVES;56057;ALFREDO CHAVES;12;4;11;Prefeito;95;VOTO BRANCO;13;1015
27/07/2021;17:04:35;2012;2;Eleição Ordinária;1;47;ELEIÇÃO MUNICIPAL 2012;07/10/2012;M;ES;56057;ALFREDO CHAVES;56057;ALFREDO CHAVES;12;4;11;Prefeito;96;VOTO NULO;22;1015
27/07/2021;17:04:35;2012;2;Eleição Ordinária;1;47;ELEIÇÃO MUNICIPAL 2012;07/10/2012;M;ES;56057;ALFREDO CHAVES;56057;ALFREDO CHAVES;12;4;13;Vereador;23444;AGENOR LORENZON;1;1015
27/07/2021;17:04:35;2012;2;Eleição Ordinária;1;47;ELEIÇÃO MUNICIPAL 2012;07/10/2012;M;ES;56057;ALFREDO CHAVES;56057;ALFREDO CHAVES;12;4;13;Vereador;15555;ALMIR ANTONIO FAVERO;1;1015
27/07/2021;17:04:35;2012;2;Eleição Ordinária;1;47;ELEIÇÃO MUNICIPAL 2012;07/10/2012;M;ES;56057;ALFREDO CHAVES;56057;ALFREDO CHAVES;12;4;13;Vereador;23612;ANDRÉ SARTORI;19;1015
27/07/2021;17:04:35;2012;2;Eleição Ordinária;1;47;ELEIÇÃO MUNICIPAL 2012;07/10/2012;M;ES;56057;ALFREDO CHAVES;56057;ALFREDO CHAVES;12;4;13;Vereador;40444;ANGELA MARIA VOLPONI FURLAN;5;1015
27/07/2021;17:04:35;2012;2;Eleição Ordinária;1;47;ELEIÇÃO MUNICIPAL 2012;07/10/2012;M;ES;56057;ALFREDO CHAVES;56057;ALFREDO CHAVES;12;4;13;Vereador;11234;ANGELO ARPINI;12;1015
27/07/2021;17:04:35;2012;2;Eleição Ordinária;1;47;ELEIÇÃO MUNICIPAL 2012;07/10/2012;M;ES;56057;ALFREDO CHAVES;56057;ALFREDO CHAVES;12;4;13;Vereador;12345;ARMANDO ZANATA INGLE RIBEIRO;14;1015
27/07/2021;17:04:35;2012;2;Eleição Ordinária;1;47;ELEIÇÃO MUNICIPAL 2012;07/10/2012;M;ES;56057;ALFREDO CHAVES;56057;ALFREDO CHAVES;12;4;13;Vereador;11567;AUXILIADORA ROSA;1;1015
27/07/2021;17:04:35;2012;2;Eleição Ordinária;1;47;ELEIÇÃO MUNICIPAL 2012;07/10/2012;M;ES;56057;ALFREDO CHAVES;56057;ALFREDO CHAVES;12;4;13;Vereador;40111;CHARLES GAIGHER;5;1015
27/07/2021;17:04:35;2012;2;Eleição Ordinária;1;47;ELEIÇÃO MUNICIPAL 2012;07/10/2012;M;ES;56057;ALFREDO CHAVES;56057;ALFREDO CHAVES;12;4;13;Vereador;40123;CLEOMIR GOBBI BUBACK;1;1015
27/07/2021;17:04:35;2012;2;Eleição Ordinária;1;47;ELEIÇÃO MUNICIPAL 2012;07/10/2012;M;ES;56057;ALFREDO CHAVES;56057;ALFREDO CHAVES;12;4;13;Vereador;40333;DARCI ESCANDIAN;15;1015
27/07/2021;17:04:35;2012;2;Eleição Ordinária;1;47;ELEIÇÃO MUNICIPAL 2012;07/10/2012;M;ES;56057;ALFREDO CHAVES;56057;ALFREDO CHAVES;12;4;13;Vereador;13131;DOMINGOS MAROTTO;2;1015
27/07/2021;17:04:35;2012;2;Eleição Ordinária;1;47;ELEIÇÃO MUNICIPAL 2012;07/10/2012;M;ES;56057;ALFREDO CHAVES;56057;ALFREDO CHAVES;12;4;13;Vereador;40000;DULCIANE BRUNORO ESTEVES;1;1015
27/07/2021;17:04:35;2012;2;Eleição Ordinária;1;47;ELEIÇÃO MUNICIPAL 2012;07/10/2012;M;ES;56057;ALFREDO CHAVES;56057;ALFREDO CHAVES;12;4;13;Vereador;40555;EDEVANILDE GORETI BREDA;2;1015
27/07/2021;17:04:35;2012;2;Eleição Ordinária;1;47;ELEIÇÃO MUNICIPAL 2012;07/10/2012;M;ES;56057;ALFREDO CHAVES;56057;ALFREDO CHAVES;12;4;13;Vereador;10123;ELISAEL DOS SANTOS FERREIRA;10;1015
27/07/2021;17:04:35;2012;2;Eleição Ordinária;1;47;ELEIÇÃO MUNICIPAL 2012;07/10/2012;M;ES;56057;ALFREDO CHAVES;56057;ALFREDO CHAVES;12;4;13;Vereador;11789;ELIZETE MARIA FURLAN;1;1015
27/07/2021;17:04:35;2012;2;Eleição Ordinária;1;47;ELEIÇÃO MUNICIPAL 2012;07/10/2012;M;ES;56057;ALFREDO CHAVES;56057;ALFREDO CHAVES;12;4;13;Vereador;14214;ERTA DE PAULA GAIGHER;11;1015
27/07/2021;17:04:35;2012;2;Eleição Ordinária;1;47;ELEIÇÃO MUNICIPAL 2012;07/10/2012;M;ES;56057;ALFREDO CHAVES;56057;ALFREDO CHAVES;12;4;13;Vereador;10000;FABIO BUZZETE LOURENÇO;2;1015
27/07/2021;17:04:35;2012;2;Eleição Ordinária;1;47;ELEIÇÃO MUNICIPAL 2012;07/10/2012;M;ES;56057;ALFREDO CHAVES;56057;ALFREDO CHAVES;12;4;13;Vereador;40222;FERNANDO ALVES;48;1015
27/07/2021;17:04:35;2012;2;Eleição Ordinária;1;47;ELEIÇÃO MUNICIPAL 2012;07/10/2012;M;ES;56057;ALFREDO CHAVES;56057;ALFREDO CHAVES;12;4;13;Vereador;55555;GERALDO BAYER;5;1015
27/07/2021;17:04:35;2012;2;Eleição Ordinária;1;47;ELEIÇÃO MUNICIPAL 2012;07/10/2012;M;ES;56057;ALFREDO CHAVES;56057;ALFREDO CHAVES;12;4;13;Vereador;40321;GILSON LUIZ BELLON;3;1015
27/07/2021;17:04:35;2012;2;Eleição Ordinária;1;47;ELEIÇÃO MUNICIPAL 2012;07/10/2012;M;ES;56057;ALFREDO CHAVES;56057;ALFREDO CHAVES;12;4;13;Vereador;22123;JAMIR PIETRALONGA;9;1015
27/07/2021;17:04:35;2012;2;Eleição Ordinária;1;47;ELEIÇÃO MUNICIPAL 2012;07/10/2012;M;ES;56057;ALFREDO CHAVES;56057;ALFREDO CHAVES;12;4;13;Vereador;45000;JONAS NUNES SIMÕES;13;1015
27/07/2021;17:04:35;2012;2;Eleição Ordinária;1;47;ELEIÇÃO MUNICIPAL 2012;07/10/2012;M;ES;56057;ALFREDO CHAVES;56057;ALFREDO CHAVES;12;4;13;Vereador;12333;JOSE CARLOS CRAVEIRO CAMPOS;3;1015
27/07/2021;17:04:35;2012;2;Eleição Ordinária;1;47;ELEIÇÃO MUNICIPAL 2012;07/10/2012;M;ES;56057;ALFREDO CHAVES;56057;ALFREDO CHAVES;12;4;13;Vereador;55030;JOSÉ ARLINDO PETERLE;2;1015
27/07/2021;17:04:35;2012;2;Eleição Ordinária;1;47;ELEIÇÃO MUNICIPAL 2012;07/10/2012;M;ES;56057;ALFREDO CHAVES;56057;ALFREDO CHAVES;12;4;13;Vereador;40789;JOÃO BOSCO COSTA;8;1015
27/07/2021;17:04:35;2012;2;Eleição Ordinária;1;47;ELEIÇÃO MUNICIPAL 2012;07/10/2012;M;ES;56057;ALFREDO CHAVES;56057;ALFREDO CHAVES;12;4;13;Vereador;11333;MARCO ANTONIO MOZER;4;1015
27/07/2021;17:04:35;2012;2;Eleição Ordinária;1;47;ELEIÇÃO MUNICIPAL 2012;07/10/2012;M;ES;56057;ALFREDO CHAVES;56057;ALFREDO CHAVES;12;4;13;Vereador;11100;MARIA DA PENHA SQUASANTE CAVATI;4;1015
27/07/2021;17:04:35;2012;2;Eleição Ordinária;1;47;ELEIÇÃO MUNICIPAL 2012;07/10/2012;M;ES;56057;ALFREDO CHAVES;56057;ALFREDO CHAVES;12;4;13;Vereador;10222;MARIA SILVIA COSTA MONTEIRO;1;1015
27/07/2021;17:04:35;2012;2;Eleição Ordinária;1;47;ELEIÇÃO MUNICIPAL 2012;07/10/2012;M;ES;56057;ALFREDO CHAVES;56057;ALFREDO CHAVES;12;4;13;Vereador;40777;MARINALVA STEFANON;14;1015
27/07/2021;17:04:35;2012;2;Eleição Ordinária;1;47;ELEIÇÃO MUNICIPAL 2012;07/10/2012;M;ES;56057;ALFREDO CHAVES;56057;ALFREDO CHAVES;12;4;13;Vereador;15311;NARCIZO DE ABREU GRASSI;23;1015
27/07/2021;17:04:35;2012;2;Eleição Ordinária;1;47;ELEIÇÃO MUNICIPAL 2012;07/10/2012;M;ES;56057;ALFREDO CHAVES;56057;ALFREDO CHAVES;12;4;13;Vereador;25100;ORLANDO OSS;1;1015
27/07/2021;17:04:35;2012;2;Eleição Ordinária;1;47;ELEIÇÃO MUNICIPAL 2012;07/10/2012;M;ES;56057;ALFREDO CHAVES;56057;ALFREDO CHAVES;12;4;13;Vereador;22;PARTIDO DA REPÚBLICA;2;1015
27/07/2021;17:04:35;2012;2;Eleição Ordinária;1;47;ELEIÇÃO MUNICIPAL 2012;07/10/2012;M;ES;56057;ALFREDO CHAVES;56057;ALFREDO CHAVES;12;4;13;Vereador;12;PARTIDO DEMOCRÁTICO TRABALHISTA;1;1015
27/07/2021;17:04:35;2012;2;Eleição Ordinária;1;47;ELEIÇÃO MUNICIPAL 2012;07/10/2012;M;ES;56057;ALFREDO CHAVES;56057;ALFREDO CHAVES;12;4;13;Vereador;23;PARTIDO POPULAR SOCIALISTA;2;1015
27/07/2021;17:04:35;2012;2;Eleição Ordinária;1;47;ELEIÇÃO MUNICIPAL 2012;07/10/2012;M;ES;56057;ALFREDO CHAVES;56057;ALFREDO CHAVES;12;4;13;Vereador;11;PARTIDO PROGRESSISTA;2;1015
27/07/2021;17:04:35;2012;2;Eleição Ordinária;1;47;ELEIÇÃO MUNICIPAL 2012;07/10/2012;M;ES;56057;ALFREDO CHAVES;56057;ALFREDO CHAVES;12;4;13;Vereador;10;PARTIDO REPUBLICANO BRASILEIRO;1;1015
27/07/2021;17:04:35;2012;2;Eleição Ordinária;1;47;ELEIÇÃO MUNICIPAL 2012;07/10/2012;M;ES;56057;ALFREDO CHAVES;56057;ALFREDO CHAVES;12;4;13;Vereador;55;PARTIDO SOCIAL DEMOCRÁTICO;3;1015
27/07/2021;17:04:35;2012;2;Eleição Ordinária;1;47;ELEIÇÃO MUNICIPAL 2012;07/10/2012;M;ES;56057;ALFREDO CHAVES;56057;ALFREDO CHAVES;12;4;13;Vereador;40;PARTIDO SOCIALISTA BRASILEIRO;11;1015
27/07/2021;17:04:35;2012;2;Eleição Ordinária;1;47;ELEIÇÃO MUNICIPAL 2012;07/10/2012;M;ES;56057;ALFREDO CHAVES;56057;ALFREDO CHAVES;12;4;13;Vereador;23666;PAULO MUNALDI;29;1015
27/07/2021;17:04:35;2012;2;Eleição Ordinária;1;47;ELEIÇÃO MUNICIPAL 2012;07/10/2012;M;ES;56057;ALFREDO CHAVES;56057;ALFREDO CHAVES;12;4;13;Vereador;11123;PRIMO ARMELINDO BERGAMI;8;1015
27/07/2021;17:04:35;2012;2;Eleição Ordinária;1;47;ELEIÇÃO MUNICIPAL 2012;07/10/2012;M;ES;56057;ALFREDO CHAVES;56057;ALFREDO CHAVES;12;4;13;Vereador;25666;RAINOR BREDA;2;1015
27/07/2021;17:04:35;2012;2;Eleição Ordinária;1;47;ELEIÇÃO MUNICIPAL 2012;07/10/2012;M;ES;56057;ALFREDO CHAVES;56057;ALFREDO CHAVES;12;4;13;Vereador;40456;SERAFINO ANTONIO SIMONI;1;1015
27/07/2021;17:04:35;2012;2;Eleição Ordinária;1;47;ELEIÇÃO MUNICIPAL 2012;07/10/2012;M;ES;56057;ALFREDO CHAVES;56057;ALFREDO CHAVES;12;4;13;Vereador;23777;VANDENÉZIA PEREIRA SANTIAGO CASALE;1;1015
27/07/2021;17:04:35;2012;2;Eleição Ordinária;1;47;ELEIÇÃO MUNICIPAL 2012;07/10/2012;M;ES;56057;ALFREDO CHAVES;56057;ALFREDO CHAVES;12;4;13;Vereador;14123;VANILDO FREGONASSI;1;1015
27/07/2021;17:04:35;2012;2;Eleição Ordinária;1;47;ELEIÇÃO MUNICIPAL 2012;07/10/2012;M;ES;56057;ALFREDO CHAVES;56057;ALFREDO CHAVES;12;4;13;Vereador;95;VOTO BRANCO;5;1015
27/07/2021;17:04:35;2012;2;Eleição Ordinária;1;47;ELEIÇÃO MUNICIPAL 2012;07/10/2012;M;ES;56057;ALFREDO CHAVES;56057;ALFREDO CHAVES;12;4;13;Vereador;96;VOTO NULO;6;1015
27/07/2021;17:04:35;2012;2;Eleição Ordinária;1;47;ELEIÇÃO MUNICIPAL 2012;07/10/2012;M;ES;56057;ALFREDO CHAVES;56057;ALFREDO CHAVES;12;5;11;Prefeito;40;ROBERTO FORTUNATO FIORIN;131;1015
27/07/2021;17:04:35;2012;2;Eleição Ordinária;1;47;ELEIÇÃO MUNICIPAL 2012;07/10/2012;M;ES;56057;ALFREDO CHAVES;56057;ALFREDO CHAVES;12;5;11;Prefeito;55;SERGIO BIANCHI;90;1015
27/07/2021;17:04:35;2012;2;Eleição Ordinária;1;47;ELEIÇÃO MUNICIPAL 2012;07/10/2012;M;ES;56057;ALFREDO CHAVES;56057;ALFREDO CHAVES;12;5;11;Prefeito;95;VOTO BRANCO;13;1015
27/07/2021;17:04:35;2012;2;Eleição Ordinária;1;47;ELEIÇÃO MUNICIPAL 2012;07/10/2012;M;ES;56057;ALFREDO CHAVES;56057;ALFREDO CHAVES;12;5;11;Prefeito;96;VOTO NULO;24;1015
27/07/2021;17:04:35;2012;2;Eleição Ordinária;1;47;ELEIÇÃO MUNICIPAL 2012;07/10/2012;M;ES;56057;ALFREDO CHAVES;56057;ALFREDO CHAVES;12;5;13;Vereador;23444;AGENOR LORENZON;1;1015
27/07/2021;17:04:35;2012;2;Eleição Ordinária;1;47;ELEIÇÃO MUNICIPAL 2012;07/10/2012;M;ES;56057;ALFREDO CHAVES;56057;ALFREDO CHAVES;12;5;13;Vereador;23612;ANDRÉ SARTORI;15;1015
27/07/2021;17:04:35;2012;2;Eleição Ordinária;1;47;ELEIÇÃO MUNICIPAL 2012;07/10/2012;M;ES;56057;ALFREDO CHAVES;56057;ALFREDO CHAVES;12;5;13;Vereador;40444;ANGELA MARIA VOLPONI FURLAN;1;1015
27/07/2021;17:04:35;2012;2;Eleição Ordinária;1;47;ELEIÇÃO MUNICIPAL 2012;07/10/2012;M;ES;56057;ALFREDO CHAVES;56057;ALFREDO CHAVES;12;5;13;Vereador;11234;ANGELO ARPINI;4;1015
27/07/2021;17:04:35;2012;2;Eleição Ordinária;1;47;ELEIÇÃO MUNICIPAL 2012;07/10/2012;M;ES;56057;ALFREDO CHAVES;56057;ALFREDO CHAVES;12;5;13;Vereador;12345;ARMANDO ZANATA INGLE RIBEIRO;10;1015
27/07/2021;17:04:35;2012;2;Eleição Ordinária;1;47;ELEIÇÃO MUNICIPAL 2012;07/10/2012;M;ES;56057;ALFREDO CHAVES;56057;ALFREDO CHAVES;12;5;13;Vereador;11567;AUXILIADORA ROSA;1;1015
27/07/2021;17:04:35;2012;2;Eleição Ordinária;1;47;ELEIÇÃO MUNICIPAL 2012;07/10/2012;M;ES;56057;ALFREDO CHAVES;56057;ALFREDO CHAVES;12;5;13;Vereador;40111;CHARLES GAIGHER;8;1015
27/07/2021;17:04:35;2012;2;Eleição Ordinária;1;47;ELEIÇÃO MUNICIPAL 2012;07/10/2012;M;ES;56057;ALFREDO CHAVES;56057;ALFREDO CHAVES;12;5;13;Vereador;40123;CLEOMIR GOBBI BUBACK;1;1015
27/07/2021;17:04:35;2012;2;Eleição Ordinária;1;47;ELEIÇÃO MUNICIPAL 2012;07/10/2012;M;ES;56057;ALFREDO CHAVES;56057;ALFREDO CHAVES;12;5;13;Vereador;40333;DARCI ESCANDIAN;8;1015
27/07/2021;17:04:35;2012;2;Eleição Ordinária;1;47;ELEIÇÃO MUNICIPAL 2012;07/10/2012;M;ES;56057;ALFREDO CHAVES;56057;ALFREDO CHAVES;12;5;13;Vereador;40000;DULCIANE BRUNORO ESTEVES;3;1015
27/07/2021;17:04:35;2012;2;Eleição Ordinária;1;47;ELEIÇÃO MUNICIPAL 2012;07/10/2012;M;ES;56057;ALFREDO CHAVES;56057;ALFREDO CHAVES;12;5;13;Vereador;14678;DULCINO PERUZZO;2;1015
27/07/2021;17:04:35;2012;2;Eleição Ordinária;1;47;ELEIÇÃO MUNICIPAL 2012;07/10/2012;M;ES;56057;ALFREDO CHAVES;56057;ALFREDO CHAVES;12;5;13;Vereador;40555;EDEVANILDE GORETI BREDA;5;1015
27/07/2021;17:04:35;2012;2;Eleição Ordinária;1;47;ELEIÇÃO MUNICIPAL 2012;07/10/2012;M;ES;56057;ALFREDO CHAVES;56057;ALFREDO CHAVES;12;5;13;Vereador;11456;EDSON ANTONIO REGIANI;2;1015
27/07/2021;17:04:35;2012;2;Eleição Ordinária;1;47;ELEIÇÃO MUNICIPAL 2012;07/10/2012;M;ES;56057;ALFREDO CHAVES;56057;ALFREDO CHAVES;12;5;13;Vereador;10123;ELISAEL DOS SANTOS FERREIRA;8;1015
27/07/2021;17:04:35;2012;2;Eleição Ordinária;1;47;ELEIÇÃO MUNICIPAL 2012;07/10/2012;M;ES;56057;ALFREDO CHAVES;56057;ALFREDO CHAVES;12;5;13;Vereador;11789;ELIZETE MARIA FURLAN;7;1015
27/07/2021;17:04:35;2012;2;Eleição Ordinária;1;47;ELEIÇÃO MUNICIPAL 2012;07/10/2012;M;ES;56057;ALFREDO CHAVES;56057;ALFREDO CHAVES;12;5;13;Vereador;14214;ERTA DE PAULA GAIGHER;5;1015
27/07/2021;17:04:35;2012;2;Eleição Ordinária;1;47;ELEIÇÃO MUNICIPAL 2012;07/10/2012;M;ES;56057;ALFREDO CHAVES;56057;ALFREDO CHAVES;12;5;13;Vereador;10000;FABIO BUZZETE LOURENÇO;2;1015
27/07/2021;17:04:35;2012;2;Eleição Ordinária;1;47;ELEIÇÃO MUNICIPAL 2012;07/10/2012;M;ES;56057;ALFREDO CHAVES;56057;ALFREDO CHAVES;12;5;13;Vereador;40222;FERNANDO ALVES;39;1015
27/07/2021;17:04:35;2012;2;Eleição Ordinária;1;47;ELEIÇÃO MUNICIPAL 2012;07/10/2012;M;ES;56057;ALFREDO CHAVES;56057;ALFREDO CHAVES;12;5;13;Vereador;55555;GERALDO BAYER;3;1015
27/07/2021;17:04:35;2012;2;Eleição Ordinária;1;47;ELEIÇÃO MUNICIPAL 2012;07/10/2012;M;ES;56057;ALFREDO CHAVES;56057;ALFREDO CHAVES;12;5;13;Vereador;40321;GILSON LUIZ BELLON;4;1015
27/07/2021;17:04:35;2012;2;Eleição Ordinária;1;47;ELEIÇÃO MUNICIPAL 2012;07/10/2012;M;ES;56057;ALFREDO CHAVES;56057;ALFREDO CHAVES;12;5;13;Vereador;22123;JAMIR PIETRALONGA;3;1015
27/07/2021;17:04:35;2012;2;Eleição Ordinária;1;47;ELEIÇÃO MUNICIPAL 2012;07/10/2012;M;ES;56057;ALFREDO CHAVES;56057;ALFREDO CHAVES;12;5;13;Vereador;45000;JONAS NUNES SIMÕES;14;1015
27/07/2021;17:04:35;2012;2;Eleição Ordinária;1;47;ELEIÇÃO MUNICIPAL 2012;07/10/2012;M;ES;56057;ALFREDO CHAVES;56057;ALFREDO CHAVES;12;5;13;Vereador;12333;JOSE CARLOS CRAVEIRO CAMPOS;1;1015
27/07/2021;17:04:35;2012;2;Eleição Ordinária;1;47;ELEIÇÃO MUNICIPAL 2012;07/10/2012;M;ES;56057;ALFREDO CHAVES;56057;ALFREDO CHAVES;12;5;13;Vereador;40789;JOÃO BOSCO COSTA;8;1015
27/07/2021;17:04:35;2012;2;Eleição Ordinária;1;47;ELEIÇÃO MUNICIPAL 2012;07/10/2012;M;ES;56057;ALFREDO CHAVES;56057;ALFREDO CHAVES;12;5;13;Vereador;11333;MARCO ANTONIO MOZER;2;1015
27/07/2021;17:04:35;2012;2;Eleição Ordinária;1;47;ELEIÇÃO MUNICIPAL 2012;07/10/2012;M;ES;56057;ALFREDO CHAVES;56057;ALFREDO CHAVES;12;5;13;Vereador;11100;MARIA DA PENHA SQUASANTE CAVATI;2;1015
27/07/2021;17:04:35;2012;2;Eleição Ordinária;1;47;ELEIÇÃO MUNICIPAL 2012;07/10/2012;M;ES;56057;ALFREDO CHAVES;56057;ALFREDO CHAVES;12;5;13;Vereador;10222;MARIA SILVIA COSTA MONTEIRO;1;1015
27/07/2021;17:04:35;2012;2;Eleição Ordinária;1;47;ELEIÇÃO MUNICIPAL 2012;07/10/2012;M;ES;56057;ALFREDO CHAVES;56057;ALFREDO CHAVES;12;5;13;Vereador;40777;MARINALVA STEFANON;6;1015
27/07/2021;17:04:35;2012;2;Eleição Ordinária;1;47;ELEIÇÃO MUNICIPAL 2012;07/10/2012;M;ES;56057;ALFREDO CHAVES;56057;ALFREDO CHAVES;12;5;13;Vereador;15311;NARCIZO DE ABREU GRASSI;27;1015
27/07/2021;17:04:35;2012;2;Eleição Ordinária;1;47;ELEIÇÃO MUNICIPAL 2012;07/10/2012;M;ES;56057;ALFREDO CHAVES;56057;ALFREDO CHAVES;12;5;13;Vereador;25100;ORLANDO OSS;1;1015
27/07/2021;17:04:35;2012;2;Eleição Ordinária;1;47;ELEIÇÃO MUNICIPAL 2012;07/10/2012;M;ES;56057;ALFREDO CHAVES;56057;ALFREDO CHAVES;12;5;13;Vereador;22;PARTIDO DA REPÚBLICA;1;1015
27/07/2021;17:04:35;2012;2;Eleição Ordinária;1;47;ELEIÇÃO MUNICIPAL 2012;07/10/2012;M;ES;56057;ALFREDO CHAVES;56057;ALFREDO CHAVES;12;5;13;Vereador;12;PARTIDO DEMOCRÁTICO TRABALHISTA;1;1015
27/07/2021;17:04:35;2012;2;Eleição Ordinária;1;47;ELEIÇÃO MUNICIPAL 2012;07/10/2012;M;ES;56057;ALFREDO CHAVES;56057;ALFREDO CHAVES;12;5;13;Vereador;11;PARTIDO PROGRESSISTA;1;1015
27/07/2021;17:04:35;2012;2;Eleição Ordinária;1;47;ELEIÇÃO MUNICIPAL 2012;07/10/2012;M;ES;56057;ALFREDO CHAVES;56057;ALFREDO CHAVES;12;5;13;Vereador;55;PARTIDO SOCIAL DEMOCRÁTICO;1;1015
27/07/2021;17:04:35;2012;2;Eleição Ordinária;1;47;ELEIÇÃO MUNICIPAL 2012;07/10/2012;M;ES;56057;ALFREDO CHAVES;56057;ALFREDO CHAVES;12;5;13;Vereador;40;PARTIDO SOCIALISTA BRASILEIRO;4;1015
27/07/2021;17:04:35;2012;2;Eleição Ordinária;1;47;ELEIÇÃO MUNICIPAL 2012;07/10/2012;M;ES;56057;ALFREDO CHAVES;56057;ALFREDO CHAVES;12;5;13;Vereador;23666;PAULO MUNALDI;30;1015
27/07/2021;17:04:35;2012;2;Eleição Ordinária;1;47;ELEIÇÃO MUNICIPAL 2012;07/10/2012;M;ES;56057;ALFREDO CHAVES;56057;ALFREDO CHAVES;12;5;13;Vereador;11123;PRIMO ARMELINDO BERGAMI;7;1015
27/07/2021;17:04:35;2012;2;Eleição Ordinária;1;47;ELEIÇÃO MUNICIPAL 2012;07/10/2012;M;ES;56057;ALFREDO CHAVES;56057;ALFREDO CHAVES;12;5;13;Vereador;25666;RAINOR BREDA;1;1015
27/07/2021;17:04:35;2012;2;Eleição Ordinária;1;47;ELEIÇÃO MUNICIPAL 2012;07/10/2012;M;ES;56057;ALFREDO CHAVES;56057;ALFREDO CHAVES;12;5;13;Vereador;23333;RENATO CARDOSO;3;1015
27/07/2021;17:04:35;2012;2;Eleição Ordinária;1;47;ELEIÇÃO MUNICIPAL 2012;07/10/2012;M;ES;56057;ALFREDO CHAVES;56057;ALFREDO CHAVES;12;5;13;Vereador;45123;RITA MARIA DESTEFANI;1;1015
27/07/2021;17:04:35;2012;2;Eleição Ordinária;1;47;ELEIÇÃO MUNICIPAL 2012;07/10/2012;M;ES;56057;ALFREDO CHAVES;56057;ALFREDO CHAVES;12;5;13;Vereador;40456;SERAFINO ANTONIO SIMONI;1;1015
27/07/2021;17:04:35;2012;2;Eleição Ordinária;1;47;ELEIÇÃO MUNICIPAL 2012;07/10/2012;M;ES;56057;ALFREDO CHAVES;56057;ALFREDO CHAVES;12;5;13;Vereador;13123;SIMÃO LOPES DOS SANTOS;1;1015
27/07/2021;17:04:35;2012;2;Eleição Ordinária;1;47;ELEIÇÃO MUNICIPAL 2012;07/10/2012;M;ES;56057;ALFREDO CHAVES;56057;ALFREDO CHAVES;12;5;13;Vereador;95;VOTO BRANCO;4;1015
27/07/2021;17:04:35;2012;2;Eleição Ordinária;1;47;ELEIÇÃO MUNICIPAL 2012;07/10/2012;M;ES;56057;ALFREDO CHAVES;56057;ALFREDO CHAVES;12;5;13;Vereador;96;VOTO NULO;8;1015
27/07/2021;17:04:35;2012;2;Eleição Ordinária;1;47;ELEIÇÃO MUNICIPAL 2012;07/10/2012;M;ES;56057;ALFREDO CHAVES;56057;ALFREDO CHAVES;12;6;11;Prefeito;40;ROBERTO FORTUNATO FIORIN;143;1023
27/07/2021;17:04:35;2012;2;Eleição Ordinária;1;47;ELEIÇÃO MUNICIPAL 2012;07/10/2012;M;ES;56057;ALFREDO CHAVES;56057;ALFREDO CHAVES;12;6;11;Prefeito;55;SERGIO BIANCHI;115;1023
27/07/2021;17:04:35;2012;2;Eleição Ordinária;1;47;ELEIÇÃO MUNICIPAL 2012;07/10/2012;M;ES;56057;ALFREDO CHAVES;56057;ALFREDO CHAVES;12;6;11;Prefeito;95;VOTO BRANCO;15;1023
27/07/2021;17:04:35;2012;2;Eleição Ordinária;1;47;ELEIÇÃO MUNICIPAL 2012;07/10/2012;M;ES;56057;ALFREDO CHAVES;56057;ALFREDO CHAVES;12;6;11;Prefeito;96;VOTO NULO;19;1023
27/07/2021;17:04:35;2012;2;Eleição Ordinária;1;47;ELEIÇÃO MUNICIPAL 2012;07/10/2012;M;ES;56057;ALFREDO CHAVES;56057;ALFREDO CHAVES;12;6;13;Vereador;15555;ALMIR ANTONIO FAVERO;3;1023
27/07/2021;17:04:35;2012;2;Eleição Ordinária;1;47;ELEIÇÃO MUNICIPAL 2012;07/10/2012;M;ES;56057;ALFREDO CHAVES;56057;ALFREDO CHAVES;12;6;13;Vereador;23612;ANDRÉ SARTORI;17;1023
27/07/2021;17:04:35;2012;2;Eleição Ordinária;1;47;ELEIÇÃO MUNICIPAL 2012;07/10/2012;M;ES;56057;ALFREDO CHAVES;56057;ALFREDO CHAVES;12;6;13;Vereador;40444;ANGELA MARIA VOLPONI FURLAN;2;1023
27/07/2021;17:04:35;2012;2;Eleição Ordinária;1;47;ELEIÇÃO MUNICIPAL 2012;07/10/2012;M;ES;56057;ALFREDO CHAVES;56057;ALFREDO CHAVES;12;6;13;Vereador;11234;ANGELO ARPINI;5;1023
27/07/2021;17:04:35;2012;2;Eleição Ordinária;1;47;ELEIÇÃO MUNICIPAL 2012;07/10/2012;M;ES;56057;ALFREDO CHAVES;56057;ALFREDO CHAVES;12;6;13;Vereador;14777;ANTONIETA PETRI DE ALMEIDA;1;1023
27/07/2021;17:04:35;2012;2;Eleição Ordinária;1;47;ELEIÇÃO MUNICIPAL 2012;07/10/2012;M;ES;56057;ALFREDO CHAVES;56057;ALFREDO CHAVES;12;6;13;Vereador;12345;ARMANDO ZANATA INGLE RIBEIRO;9;1023
27/07/2021;17:04:35;2012;2;Eleição Ordinária;1;47;ELEIÇÃO MUNICIPAL 2012;07/10/2012;M;ES;56057;ALFREDO CHAVES;56057;ALFREDO CHAVES;12;6;13;Vereador;40111;CHARLES GAIGHER;11;1023
27/07/2021;17:04:35;2012;2;Eleição Ordinária;1;47;ELEIÇÃO MUNICIPAL 2012;07/10/2012;M;ES;56057;ALFREDO CHAVES;56057;ALFREDO CHAVES;12;6;13;Vereador;40333;DARCI ESCANDIAN;9;1023
27/07/2021;17:04:35;2012;2;Eleição Ordinária;1;47;ELEIÇÃO MUNICIPAL 2012;07/10/2012;M;ES;56057;ALFREDO CHAVES;56057;ALFREDO CHAVES;12;6;13;Vereador;13131;DOMINGOS MAROTTO;2;1023
27/07/2021;17:04:35;2012;2;Eleição Ordinária;1;47;ELEIÇÃO MUNICIPAL 2012;07/10/2012;M;ES;56057;ALFREDO CHAVES;56057;ALFREDO CHAVES;12;6;13;Vereador;40000;DULCIANE BRUNORO ESTEVES;3;1023
27/07/2021;17:04:35;2012;2;Eleição Ordinária;1;47;ELEIÇÃO MUNICIPAL 2012;07/10/2012;M;ES;56057;ALFREDO CHAVES;56057;ALFREDO CHAVES;12;6;13;Vereador;14678;DULCINO PERUZZO;6;1023
27/07/2021;17:04:35;2012;2;Eleição Ordinária;1;47;ELEIÇÃO MUNICIPAL 2012;07/10/2012;M;ES;56057;ALFREDO CHAVES;56057;ALFREDO CHAVES;12;6;13;Vereador;40555;EDEVANILDE GORETI BREDA;4;1023
27/07/2021;17:04:35;2012;2;Eleição Ordinária;1;47;ELEIÇÃO MUNICIPAL 2012;07/10/2012;M;ES;56057;ALFREDO CHAVES;56057;ALFREDO CHAVES;12;6;13;Vereador;10123;ELISAEL DOS SANTOS FERREIRA;3;1023
27/07/2021;17:04:35;2012;2;Eleição Ordinária;1;47;ELEIÇÃO MUNICIPAL 2012;07/10/2012;M;ES;56057;ALFREDO CHAVES;56057;ALFREDO CHAVES;12;6;13;Vereador;11789;ELIZETE MARIA FURLAN;4;1023
27/07/2021;17:04:35;2012;2;Eleição Ordinária;1;47;ELEIÇÃO MUNICIPAL 2012;07/10/2012;M;ES;56057;ALFREDO CHAVES;56057;ALFREDO CHAVES;12;6;13;Vereador;14214;ERTA DE PAULA GAIGHER;2;1023
27/07/2021;17:04:35;2012;2;Eleição Ordinária;1;47;ELEIÇÃO MUNICIPAL 2012;07/10/2012;M;ES;56057;ALFREDO CHAVES;56057;ALFREDO CHAVES;12;6;13;Vereador;10000;FABIO BUZZETE LOURENÇO;4;1023
27/07/2021;17:04:35;2012;2;Eleição Ordinária;1;47;ELEIÇÃO MUNICIPAL 2012;07/10/2012;M;ES;56057;ALFREDO CHAVES;56057;ALFREDO CHAVES;12;6;13;Vereador;40222;FERNANDO ALVES;55;1023
27/07/2021;17:04:35;2012;2;Eleição Ordinária;1;47;ELEIÇÃO MUNICIPAL 2012;07/10/2012;M;ES;56057;ALFREDO CHAVES;56057;ALFREDO CHAVES;12;6;13;Vereador;55555;GERALDO BAYER;4;1023
27/07/2021;17:04:35;2012;2;Eleição Ordinária;1;47;ELEIÇÃO MUNICIPAL 2012;07/10/2012;M;ES;56057;ALFREDO CHAVES;56057;ALFREDO CHAVES;12;6;13;Vereador;40321;GILSON LUIZ BELLON;1;1023
27/07/2021;17:04:35;2012;2;Eleição Ordinária;1;47;ELEIÇÃO MUNICIPAL 2012;07/10/2012;M;ES;56057;ALFREDO CHAVES;56057;ALFREDO CHAVES;12;6;13;Vereador;22123;JAMIR PIETRALONGA;7;1023
27/07/2021;17:04:35;2012;2;Eleição Ordinária;1;47;ELEIÇÃO MUNICIPAL 2012;07/10/2012;M;ES;56057;ALFREDO CHAVES;56057;ALFREDO CHAVES;12;6;13;Vereador;45000;JONAS NUNES SIMÕES;17;1023
27/07/2021;17:04:35;2012;2;Eleição Ordinária;1;47;ELEIÇÃO MUNICIPAL 2012;07/10/2012;M;ES;56057;ALFREDO CHAVES;56057;ALFREDO CHAVES;12;6;13;Vereador;13366;JOSÉ DOMINGOS GOTTARDO;1;1023
27/07/2021;17:04:35;2012;2;Eleição Ordinária;1;47;ELEIÇÃO MUNICIPAL 2012;07/10/2012;M;ES;56057;ALFREDO CHAVES;56057;ALFREDO CHAVES;12;6;13;Vereador;40789;JOÃO BOSCO COSTA;9;1023
27/07/2021;17:04:35;2012;2;Eleição Ordinária;1;47;ELEIÇÃO MUNICIPAL 2012;07/10/2012;M;ES;56057;ALFREDO CHAVES;56057;ALFREDO CHAVES;12;6;13;Vereador;11333;MARCO ANTONIO MOZER;4;1023
27/07/2021;17:04:35;2012;2;Eleição Ordinária;1;47;ELEIÇÃO MUNICIPAL 2012;07/10/2012;M;ES;56057;ALFREDO CHAVES;56057;ALFREDO CHAVES;12;6;13;Vereador;11100;MARIA DA PENHA SQUASANTE CAVATI;5;1023
27/07/2021;17:04:35;2012;2;Eleição Ordinária;1;47;ELEIÇÃO MUNICIPAL 2012;07/10/2012;M;ES;56057;ALFREDO CHAVES;56057;ALFREDO CHAVES;12;6;13;Vereador;40777;MARINALVA STEFANON;3;1023
27/07/2021;17:04:35;2012;2;Eleição Ordinária;1;47;ELEIÇÃO MUNICIPAL 2012;07/10/2012;M;ES;56057;ALFREDO CHAVES;56057;ALFREDO CHAVES;12;6;13;Vereador;15311;NARCIZO DE ABREU GRASSI;25;1023
27/07/2021;17:04:35;2012;2;Eleição Ordinária;1;47;ELEIÇÃO MUNICIPAL 2012;07/10/2012;M;ES;56057;ALFREDO CHAVES;56057;ALFREDO CHAVES;12;6;13;Vereador;25100;ORLANDO OSS;2;1023
27/07/2021;17:04:35;2012;2;Eleição Ordinária;1;47;ELEIÇÃO MUNICIPAL 2012;07/10/2012;M;ES;56057;ALFREDO CHAVES;56057;ALFREDO CHAVES;12;6;13;Vereador;22;PARTIDO DA REPÚBLICA;3;1023
27/07/2021;17:04:35;2012;2;Eleição Ordinária;1;47;ELEIÇÃO MUNICIPAL 2012;07/10/2012;M;ES;56057;ALFREDO CHAVES;56057;ALFREDO CHAVES;12;6;13;Vereador;23;PARTIDO POPULAR SOCIALISTA;2;1023
27/07/2021;17:04:35;2012;2;Eleição Ordinária;1;47;ELEIÇÃO MUNICIPAL 2012;07/10/2012;M;ES;56057;ALFREDO CHAVES;56057;ALFREDO CHAVES;12;6;13;Vereador;55;PARTIDO SOCIAL DEMOCRÁTICO;5;1023
27/07/2021;17:04:35;2012;2;Eleição Ordinária;1;47;ELEIÇÃO MUNICIPAL 2012;07/10/2012;M;ES;56057;ALFREDO CHAVES;56057;ALFREDO CHAVES;12;6;13;Vereador;40;PARTIDO SOCIALISTA BRASILEIRO;6;1023
27/07/2021;17:04:35;2012;2;Eleição Ordinária;1;47;ELEIÇÃO MUNICIPAL 2012;07/10/2012;M;ES;56057;ALFREDO CHAVES;56057;ALFREDO CHAVES;12;6;13;Vereador;23666;PAULO MUNALDI;30;1023
27/07/2021;17:04:35;2012;2;Eleição Ordinária;1;47;ELEIÇÃO MUNICIPAL 2012;07/10/2012;M;ES;56057;ALFREDO CHAVES;56057;ALFREDO CHAVES;12;6;13;Vereador;11123;PRIMO ARMELINDO BERGAMI;6;1023
27/07/2021;17:04:35;2012;2;Eleição Ordinária;1;47;ELEIÇÃO MUNICIPAL 2012;07/10/2012;M;ES;56057;ALFREDO CHAVES;56057;ALFREDO CHAVES;12;6;13;Vereador;25666;RAINOR BREDA;1;1023
27/07/2021;17:04:35;2012;2;Eleição Ordinária;1;47;ELEIÇÃO MUNICIPAL 2012;07/10/2012;M;ES;56057;ALFREDO CHAVES;56057;ALFREDO CHAVES;12;6;13;Vereador;23333;RENATO CARDOSO;3;1023
27/07/2021;17:04:35;2012;2;Eleição Ordinária;1;47;ELEIÇÃO MUNICIPAL 2012;07/10/2012;M;ES;56057;ALFREDO CHAVES;56057;ALFREDO CHAVES;12;6;13;Vereador;13123;SIMÃO LOPES DOS SANTOS;4;1023
27/07/2021;17:04:35;2012;2;Eleição Ordinária;1;47;ELEIÇÃO MUNICIPAL 2012;07/10/2012;M;ES;56057;ALFREDO CHAVES;56057;ALFREDO CHAVES;12;6;13;Vereador;95;VOTO BRANCO;6;1023
27/07/2021;17:04:35;2012;2;Eleição Ordinária;1;47;ELEIÇÃO MUNICIPAL 2012;07/10/2012;M;ES;56057;ALFREDO CHAVES;56057;ALFREDO CHAVES;12;6;13;Vereador;96;VOTO NULO;8;1023
27/07/2021;17:04:35;2012;2;Eleição Ordinária;1;47;ELEIÇÃO MUNICIPAL 2012;07/10/2012;M;ES;56057;ALFREDO CHAVES;56057;ALFREDO CHAVES;12;7;11;Prefeito;40;ROBERTO FORTUNATO FIORIN;148;1023
27/07/2021;17:04:35;2012;2;Eleição Ordinária;1;47;ELEIÇÃO MUNICIPAL 2012;07/10/2012;M;ES;56057;ALFREDO CHAVES;56057;ALFREDO CHAVES;12;7;11;Prefeito;55;SERGIO BIANCHI;124;1023
27/07/2021;17:04:35;2012;2;Eleição Ordinária;1;47;ELEIÇÃO MUNICIPAL 2012;07/10/2012;M;ES;56057;ALFREDO CHAVES;56057;ALFREDO CHAVES;12;7;11;Prefeito;95;VOTO BRANCO;18;1023
27/07/2021;17:04:35;2012;2;Eleição Ordinária;1;47;ELEIÇÃO MUNICIPAL 2012;07/10/2012;M;ES;56057;ALFREDO CHAVES;56057;ALFREDO CHAVES;12;7;11;Prefeito;96;VOTO NULO;17;1023
27/07/2021;17:04:35;2012;2;Eleição Ordinária;1;47;ELEIÇÃO MUNICIPAL 2012;07/10/2012;M;ES;56057;ALFREDO CHAVES;56057;ALFREDO CHAVES;12;7;13;Vereador;23444;AGENOR LORENZON;1;1023
27/07/2021;17:04:35;2012;2;Eleição Ordinária;1;47;ELEIÇÃO MUNICIPAL 2012;07/10/2012;M;ES;56057;ALFREDO CHAVES;56057;ALFREDO CHAVES;12;7;13;Vereador;15555;ALMIR ANTONIO FAVERO;1;1023
27/07/2021;17:04:35;2012;2;Eleição Ordinária;1;47;ELEIÇÃO MUNICIPAL 2012;07/10/2012;M;ES;56057;ALFREDO CHAVES;56057;ALFREDO CHAVES;12;7;13;Vereador;23612;ANDRÉ SARTORI;25;1023
27/07/2021;17:04:35;2012;2;Eleição Ordinária;1;47;ELEIÇÃO MUNICIPAL 2012;07/10/2012;M;ES;56057;ALFREDO CHAVES;56057;ALFREDO CHAVES;12;7;13;Vereador;40444;ANGELA MARIA VOLPONI FURLAN;1;1023
27/07/2021;17:04:35;2012;2;Eleição Ordinária;1;47;ELEIÇÃO MUNICIPAL 2012;07/10/2012;M;ES;56057;ALFREDO CHAVES;56057;ALFREDO CHAVES;12;7;13;Vereador;11234;ANGELO ARPINI;9;1023
27/07/2021;17:04:35;2012;2;Eleição Ordinária;1;47;ELEIÇÃO MUNICIPAL 2012;07/10/2012;M;ES;56057;ALFREDO CHAVES;56057;ALFREDO CHAVES;12;7;13;Vereador;12345;ARMANDO ZANATA INGLE RIBEIRO;13;1023
27/07/2021;17:04:35;2012;2;Eleição Ordinária;1;47;ELEIÇÃO MUNICIPAL 2012;07/10/2012;M;ES;56057;ALFREDO CHAVES;56057;ALFREDO CHAVES;12;7;13;Vereador;40111;CHARLES GAIGHER;9;1023
27/07/2021;17:04:35;2012;2;Eleição Ordinária;1;47;ELEIÇÃO MUNICIPAL 2012;07/10/2012;M;ES;56057;ALFREDO CHAVES;56057;ALFREDO CHAVES;12;7;13;Vereador;40123;CLEOMIR GOBBI BUBACK;4;1023
27/07/2021;17:04:35;2012;2;Eleição Ordinária;1;47;ELEIÇÃO MUNICIPAL 2012;07/10/2012;M;ES;56057;ALFREDO CHAVES;56057;ALFREDO CHAVES;12;7;13;Vereador;40333;DARCI ESCANDIAN;7;1023
27/07/2021;17:04:35;2012;2;Eleição Ordinária;1;47;ELEIÇÃO MUNICIPAL 2012;07/10/2012;M;ES;56057;ALFREDO CHAVES;56057;ALFREDO CHAVES;12;7;13;Vereador;13131;DOMINGOS MAROTTO;2;1023
27/07/2021;17:04:35;2012;2;Eleição Ordinária;1;47;ELEIÇÃO MUNICIPAL 2012;07/10/2012;M;ES;56057;ALFREDO CHAVES;56057;ALFREDO CHAVES;12;7;13;Vereador;23555;DOMINGOS SAVIO DALLECRODE;1;1023
27/07/2021;17:04:35;2012;2;Eleição Ordinária;1;47;ELEIÇÃO MUNICIPAL 2012;07/10/2012;M;ES;56057;ALFREDO CHAVES;56057;ALFREDO CHAVES;12;7;13;Vereador;14678;DULCINO PERUZZO;5;1023
27/07/2021;17:04:35;2012;2;Eleição Ordinária;1;47;ELEIÇÃO MUNICIPAL 2012;07/10/2012;M;ES;56057;ALFREDO CHAVES;56057;ALFREDO CHAVES;12;7;13;Vereador;10123;ELISAEL DOS SANTOS FERREIRA;8;1023
27/07/2021;17:04:35;2012;2;Eleição Ordinária;1;47;ELEIÇÃO MUNICIPAL 2012;07/10/2012;M;ES;56057;ALFREDO CHAVES;56057;ALFREDO CHAVES;12;7;13;Vereador;11789;ELIZETE MARIA FURLAN;1;1023
27/07/2021;17:04:35;2012;2;Eleição Ordinária;1;47;ELEIÇÃO MUNICIPAL 2012;07/10/2012;M;ES;56057;ALFREDO CHAVES;56057;ALFREDO CHAVES;12;7;13;Vereador;14214;ERTA DE PAULA GAIGHER;8;1023
27/07/2021;17:04:35;2012;2;Eleição Ordinária;1;47;ELEIÇÃO MUNICIPAL 2012;07/10/2012;M;ES;56057;ALFREDO CHAVES;56057;ALFREDO CHAVES;12;7;13;Vereador;10000;FABIO BUZZETE LOURENÇO;3;1023
27/07/2021;17:04:35;2012;2;Eleição Ordinária;1;47;ELEIÇÃO MUNICIPAL 2012;07/10/2012;M;ES;56057;ALFREDO CHAVES;56057;ALFREDO CHAVES;12;7;13;Vereador;40222;FERNANDO ALVES;55;1023
27/07/2021;17:04:35;2012;2;Eleição Ordinária;1;47;ELEIÇÃO MUNICIPAL 2012;07/10/2012;M;ES;56057;ALFREDO CHAVES;56057;ALFREDO CHAVES;12;7;13;Vereador;55555;GERALDO BAYER;3;1023
27/07/2021;17:04:35;2012;2;Eleição Ordinária;1;47;ELEIÇÃO MUNICIPAL 2012;07/10/2012;M;ES;56057;ALFREDO CHAVES;56057;ALFREDO CHAVES;12;7;13;Vereador;40321;GILSON LUIZ BELLON;1;1023
27/07/2021;17:04:35;2012;2;Eleição Ordinária;1;47;ELEIÇÃO MUNICIPAL 2012;07/10/2012;M;ES;56057;ALFREDO CHAVES;56057;ALFREDO CHAVES;12;7;13;Vereador;22123;JAMIR PIETRALONGA;11;1023
27/07/2021;17:04:35;2012;2;Eleição Ordinária;1;47;ELEIÇÃO MUNICIPAL 2012;07/10/2012;M;ES;56057;ALFREDO CHAVES;56057;ALFREDO CHAVES;12;7;13;Vereador;45000;JONAS NUNES SIMÕES;11;1023
27/07/2021;17:04:35;2012;2;Eleição Ordinária;1;47;ELEIÇÃO MUNICIPAL 2012;07/10/2012;M;ES;56057;ALFREDO CHAVES;56057;ALFREDO CHAVES;12;7;13;Vereador;12333;JOSE CARLOS CRAVEIRO CAMPOS;2;1023
27/07/2021;17:04:35;2012;2;Eleição Ordinária;1;47;ELEIÇÃO MUNICIPAL 2012;07/10/2012;M;ES;56057;ALFREDO CHAVES;56057;ALFREDO CHAVES;12;7;13;Vereador;11345;JOSÉ ALVES PEREIRA;1;1023
27/07/2021;17:04:35;2012;2;Eleição Ordinária;1;47;ELEIÇÃO MUNICIPAL 2012;07/10/2012;M;ES;56057;ALFREDO CHAVES;56057;ALFREDO CHAVES;12;7;13;Vereador;40789;JOÃO BOSCO COSTA;10;1023
27/07/2021;17:04:35;2012;2;Eleição Ordinária;1;47;ELEIÇÃO MUNICIPAL 2012;07/10/2012;M;ES;56057;ALFREDO CHAVES;56057;ALFREDO CHAVES;12;7;13;Vereador;11333;MARCO ANTONIO MOZER;3;1023
27/07/2021;17:04:35;2012;2;Eleição Ordinária;1;47;ELEIÇÃO MUNICIPAL 2012;07/10/2012;M;ES;56057;ALFREDO CHAVES;56057;ALFREDO CHAVES;12;7;13;Vereador;11100;MARIA DA PENHA SQUASANTE CAVATI;7;1023
27/07/2021;17:04:35;2012;2;Eleição Ordinária;1;47;ELEIÇÃO MUNICIPAL 2012;07/10/2012;M;ES;56057;ALFREDO CHAVES;56057;ALFREDO CHAVES;12;7;13;Vereador;10222;MARIA SILVIA COSTA MONTEIRO;1;1023
27/07/2021;17:04:35;2012;2;Eleição Ordinária;1;47;ELEIÇÃO MUNICIPAL 2012;07/10/2012;M;ES;56057;ALFREDO CHAVES;56057;ALFREDO CHAVES;12;7;13;Vereador;40777;MARINALVA STEFANON;3;1023
27/07/2021;17:04:35;2012;2;Eleição Ordinária;1;47;ELEIÇÃO MUNICIPAL 2012;07/10/2012;M;ES;56057;ALFREDO CHAVES;56057;ALFREDO CHAVES;12;7;13;Vereador;15311;NARCIZO DE ABREU GRASSI;22;1023
27/07/2021;17:04:35;2012;2;Eleição Ordinária;1;47;ELEIÇÃO MUNICIPAL 2012;07/10/2012;M;ES;56057;ALFREDO CHAVES;56057;ALFREDO CHAVES;12;7;13;Vereador;25100;ORLANDO OSS;4;1023
27/07/2021;17:04:35;2012;2;Eleição Ordinária;1;47;ELEIÇÃO MUNICIPAL 2012;07/10/2012;M;ES;56057;ALFREDO CHAVES;56057;ALFREDO CHAVES;12;7;13;Vereador;22;PARTIDO DA REPÚBLICA;3;1023
27/07/2021;17:04:35;2012;2;Eleição Ordinária;1;47;ELEIÇÃO MUNICIPAL 2012;07/10/2012;M;ES;56057;ALFREDO CHAVES;56057;ALFREDO CHAVES;12;7;13;Vereador;45;PARTIDO DA SOCIAL DEMOCRACIA BRASILEIRA;1;1023
27/07/2021;17:04:35;2012;2;Eleição Ordinária;1;47;ELEIÇÃO MUNICIPAL 2012;07/10/2012;M;ES;56057;ALFREDO CHAVES;56057;ALFREDO CHAVES;12;7;13;Vereador;13;PARTIDO DOS TRABALHADORES;1;1023
27/07/2021;17:04:35;2012;2;Eleição Ordinária;1;47;ELEIÇÃO MUNICIPAL 2012;07/10/2012;M;ES;56057;ALFREDO CHAVES;56057;ALFREDO CHAVES;12;7;13;Vereador;23;PARTIDO POPULAR SOCIALISTA;3;1023
27/07/2021;17:04:35;2012;2;Eleição Ordinária;1;47;ELEIÇÃO MUNICIPAL 2012;07/10/2012;M;ES;56057;ALFREDO CHAVES;56057;ALFREDO CHAVES;12;7;13;Vereador;55;PARTIDO SOCIAL DEMOCRÁTICO;2;1023
27/07/2021;17:04:35;2012;2;Eleição Ordinária;1;47;ELEIÇÃO MUNICIPAL 2012;07/10/2012;M;ES;56057;ALFREDO CHAVES;56057;ALFREDO CHAVES;12;7;13;Vereador;40;PARTIDO SOCIALISTA BRASILEIRO;9;1023
27/07/2021;17:04:35;2012;2;Eleição Ordinária;1;47;ELEIÇÃO MUNICIPAL 2012;07/10/2012;M;ES;56057;ALFREDO CHAVES;56057;ALFREDO CHAVES;12;7;13;Vereador;23666;PAULO MUNALDI;31;1023
27/07/2021;17:04:35;2012;2;Eleição Ordinária;1;47;ELEIÇÃO MUNICIPAL 2012;07/10/2012;M;ES;56057;ALFREDO CHAVES;56057;ALFREDO CHAVES;12;7;13;Vereador;11123;PRIMO ARMELINDO BERGAMI;2;1023
27/07/2021;17:04:35;2012;2;Eleição Ordinária;1;47;ELEIÇÃO MUNICIPAL 2012;07/10/2012;M;ES;56057;ALFREDO CHAVES;56057;ALFREDO CHAVES;12;7;13;Vereador;25666;RAINOR BREDA;1;1023
27/07/2021;17:04:35;2012;2;Eleição Ordinária;1;47;ELEIÇÃO MUNICIPAL 2012;07/10/2012;M;ES;56057;ALFREDO CHAVES;56057;ALFREDO CHAVES;12;7;13;Vereador;23333;RENATO CARDOSO;3;1023
27/07/2021;17:04:35;2012;2;Eleição Ordinária;1;47;ELEIÇÃO MUNICIPAL 2012;07/10/2012;M;ES;56057;ALFREDO CHAVES;56057;ALFREDO CHAVES;12;7;13;Vereador;40456;SERAFINO ANTONIO SIMONI;1;1023
27/07/2021;17:04:35;2012;2;Eleição Ordinária;1;47;ELEIÇÃO MUNICIPAL 2012;07/10/2012;M;ES;56057;ALFREDO CHAVES;56057;ALFREDO CHAVES;12;7;13;Vereador;13123;SIMÃO LOPES DOS SANTOS;1;1023
27/07/2021;17:04:35;2012;2;Eleição Ordinária;1;47;ELEIÇÃO MUNICIPAL 2012;07/10/2012;M;ES;56057;ALFREDO CHAVES;56057;ALFREDO CHAVES;12;7;13;Vereador;23123;SUELEN ENDLICH ALVES;1;1023
27/07/2021;17:04:35;2012;2;Eleição Ordinária;1;47;ELEIÇÃO MUNICIPAL 2012;07/10/2012;M;ES;56057;ALFREDO CHAVES;56057;ALFREDO CHAVES;12;7;13;Vereador;23777;VANDENÉZIA PEREIRA SANTIAGO CASALE;1;1023
27/07/2021;17:04:35;2012;2;Eleição Ordinária;1;47;ELEIÇÃO MUNICIPAL 2012;07/10/2012;M;ES;56057;ALFREDO CHAVES;56057;ALFREDO CHAVES;12;7;13;Vereador;14123;VANILDO FREGONASSI;1;1023
27/07/2021;17:04:35;2012;2;Eleição Ordinária;1;47;ELEIÇÃO MUNICIPAL 2012;07/10/2012;M;ES;56057;ALFREDO CHAVES;56057;ALFREDO CHAVES;12;7;13;Vereador;95;VOTO BRANCO;9;1023
27/07/2021;17:04:35;2012;2;Eleição Ordinária;1;47;ELEIÇÃO MUNICIPAL 2012;07/10/2012;M;ES;56057;ALFREDO CHAVES;56057;ALFREDO CHAVES;12;7;13;Vereador;96;VOTO NULO;5;1023
27/07/2021;17:04:35;2012;2;Eleição Ordinária;1;47;ELEIÇÃO MUNICIPAL 2012;07/10/2012;M;ES;56057;ALFREDO CHAVES;56057;ALFREDO CHAVES;12;8;11;Prefeito;40;ROBERTO FORTUNATO FIORIN;160;1023
27/07/2021;17:04:35;2012;2;Eleição Ordinária;1;47;ELEIÇÃO MUNICIPAL 2012;07/10/2012;M;ES;56057;ALFREDO CHAVES;56057;ALFREDO CHAVES;12;8;11;Prefeito;55;SERGIO BIANCHI;101;1023
27/07/2021;17:04:35;2012;2;Eleição Ordinária;1;47;ELEIÇÃO MUNICIPAL 2012;07/10/2012;M;ES;56057;ALFREDO CHAVES;56057;ALFREDO CHAVES;12;8;11;Prefeito;95;VOTO BRANCO;19;1023
27/07/2021;17:04:35;2012;2;Eleição Ordinária;1;47;ELEIÇÃO MUNICIPAL 2012;07/10/2012;M;ES;56057;ALFREDO CHAVES;56057;ALFREDO CHAVES;12;8;11;Prefeito;96;VOTO NULO;25;1023
27/07/2021;17:04:35;2012;2;Eleição Ordinária;1;47;ELEIÇÃO MUNICIPAL 2012;07/10/2012;M;ES;56057;ALFREDO CHAVES;56057;ALFREDO CHAVES;12;8;13;Vereador;23444;AGENOR LORENZON;1;1023
27/07/2021;17:04:35;2012;2;Eleição Ordinária;1;47;ELEIÇÃO MUNICIPAL 2012;07/10/2012;M;ES;56057;ALFREDO CHAVES;56057;ALFREDO CHAVES;12;8;13;Vereador;15555;ALMIR ANTONIO FAVERO;2;1023
27/07/2021;17:04:35;2012;2;Eleição Ordinária;1;47;ELEIÇÃO MUNICIPAL 2012;07/10/2012;M;ES;56057;ALFREDO CHAVES;56057;ALFREDO CHAVES;12;8;13;Vereador;23612;ANDRÉ SARTORI;18;1023
27/07/2021;17:04:35;2012;2;Eleição Ordinária;1;47;ELEIÇÃO MUNICIPAL 2012;07/10/2012;M;ES;56057;ALFREDO CHAVES;56057;ALFREDO CHAVES;12;8;13;Vereador;40444;ANGELA MARIA VOLPONI FURLAN;3;1023
27/07/2021;17:04:35;2012;2;Eleição Ordinária;1;47;ELEIÇÃO MUNICIPAL 2012;07/10/2012;M;ES;56057;ALFREDO CHAVES;56057;ALFREDO CHAVES;12;8;13;Vereador;11234;ANGELO ARPINI;6;1023
27/07/2021;17:04:35;2012;2;Eleição Ordinária;1;47;ELEIÇÃO MUNICIPAL 2012;07/10/2012;M;ES;56057;ALFREDO CHAVES;56057;ALFREDO CHAVES;12;8;13;Vereador;12345;ARMANDO ZANATA INGLE RIBEIRO;11;1023
27/07/2021;17:04:35;2012;2;Eleição Ordinária;1;47;ELEIÇÃO MUNICIPAL 2012;07/10/2012;M;ES;56057;ALFREDO CHAVES;56057;ALFREDO CHAVES;12;8;13;Vereador;40111;CHARLES GAIGHER;12;1023
27/07/2021;17:04:35;2012;2;Eleição Ordinária;1;47;ELEIÇÃO MUNICIPAL 2012;07/10/2012;M;ES;56057;ALFREDO CHAVES;56057;ALFREDO CHAVES;12;8;13;Vereador;40123;CLEOMIR GOBBI BUBACK;1;1023
27/07/2021;17:04:35;2012;2;Eleição Ordinária;1;47;ELEIÇÃO MUNICIPAL 2012;07/10/2012;M;ES;56057;ALFREDO CHAVES;56057;ALFREDO CHAVES;12;8;13;Vereador;40333;DARCI ESCANDIAN;15;1023
27/07/2021;17:04:35;2012;2;Eleição Ordinária;1;47;ELEIÇÃO MUNICIPAL 2012;07/10/2012;M;ES;56057;ALFREDO CHAVES;56057;ALFREDO CHAVES;12;8;13;Vereador;13131;DOMINGOS MAROTTO;3;1023
27/07/2021;17:04:35;2012;2;Eleição Ordinária;1;47;ELEIÇÃO MUNICIPAL 2012;07/10/2012;M;ES;56057;ALFREDO CHAVES;56057;ALFREDO CHAVES;12;8;13;Vereador;40000;DULCIANE BRUNORO ESTEVES;2;1023
27/07/2021;17:04:35;2012;2;Eleição Ordinária;1;47;ELEIÇÃO MUNICIPAL 2012;07/10/2012;M;ES;56057;ALFREDO CHAVES;56057;ALFREDO CHAVES;12;8;13;Vereador;14678;DULCINO PERUZZO;5;1023
27/07/2021;17:04:35;2012;2;Eleição Ordinária;1;47;ELEIÇÃO MUNICIPAL 2012;07/10/2012;M;ES;56057;ALFREDO CHAVES;56057;ALFREDO CHAVES;12;8;13;Vereador;40555;EDEVANILDE GORETI BREDA;2;1023
27/07/2021;17:04:35;2012;2;Eleição Ordinária;1;47;ELEIÇÃO MUNICIPAL 2012;07/10/2012;M;ES;56057;ALFREDO CHAVES;56057;ALFREDO CHAVES;12;8;13;Vereador;10123;ELISAEL DOS SANTOS FERREIRA;4;1023
27/07/2021;17:04:35;2012;2;Eleição Ordinária;1;47;ELEIÇÃO MUNICIPAL 2012;07/10/2012;M;ES;56057;ALFREDO CHAVES;56057;ALFREDO CHAVES;12;8;13;Vereador;11789;ELIZETE MARIA FURLAN;4;1023
27/07/2021;17:04:35;2012;2;Eleição Ordinária;1;47;ELEIÇÃO MUNICIPAL 2012;07/10/2012;M;ES;56057;ALFREDO CHAVES;56057;ALFREDO CHAVES;12;8;13;Vereador;14214;ERTA DE PAULA GAIGHER;3;1023
27/07/2021;17:04:35;2012;2;Eleição Ordinária;1;47;ELEIÇÃO MUNICIPAL 2012;07/10/2012;M;ES;56057;ALFREDO CHAVES;56057;ALFREDO CHAVES;12;8;13;Vereador;10000;FABIO BUZZETE LOURENÇO;2;1023
27/07/2021;17:04:35;2012;2;Eleição Ordinária;1;47;ELEIÇÃO MUNICIPAL 2012;07/10/2012;M;ES;56057;ALFREDO CHAVES;56057;ALFREDO CHAVES;12;8;13;Vereador;40222;FERNANDO ALVES;47;1023
27/07/2021;17:04:35;2012;2;Eleição Ordinária;1;47;ELEIÇÃO MUNICIPAL 2012;07/10/2012;M;ES;56057;ALFREDO CHAVES;56057;ALFREDO CHAVES;12;8;13;Vereador;55555;GERALDO BAYER;2;1023
27/07/2021;17:04:35;2012;2;Eleição Ordinária;1;47;ELEIÇÃO MUNICIPAL 2012;07/10/2012;M;ES;56057;ALFREDO CHAVES;56057;ALFREDO CHAVES;12;8;13;Vereador;40321;GILSON LUIZ BELLON;3;1023
27/07/2021;17:04:35;2012;2;Eleição Ordinária;1;47;ELEIÇÃO MUNICIPAL 2012;07/10/2012;M;ES;56057;ALFREDO CHAVES;56057;ALFREDO CHAVES;12;8;13;Vereador;22123;JAMIR PIETRALONGA;7;1023
27/07/2021;17:04:35;2012;2;Eleição Ordinária;1;47;ELEIÇÃO MUNICIPAL 2012;07/10/2012;M;ES;56057;ALFREDO CHAVES;56057;ALFREDO CHAVES;12;8;13;Vereador;45000;JONAS NUNES SIMÕES;20;1023
27/07/2021;17:04:35;2012;2;Eleição Ordinária;1;47;ELEIÇÃO MUNICIPAL 2012;07/10/2012;M;ES;56057;ALFREDO CHAVES;56057;ALFREDO CHAVES;12;8;13;Vereador;12333;JOSE CARLOS CRAVEIRO CAMPOS;2;1023
27/07/2021;17:04:35;2012;2;Eleição Ordinária;1;47;ELEIÇÃO MUNICIPAL 2012;07/10/2012;M;ES;56057;ALFREDO CHAVES;56057;ALFREDO CHAVES;12;8;13;Vereador;40789;JOÃO BOSCO COSTA;8;1023
27/07/2021;17:04:35;2012;2;Eleição Ordinária;1;47;ELEIÇÃO MUNICIPAL 2012;07/10/2012;M;ES;56057;ALFREDO CHAVES;56057;ALFREDO CHAVES;12;8;13;Vereador;11100;MARIA DA PENHA SQUASANTE CAVATI;3;1023
27/07/2021;17:04:35;2012;2;Eleição Ordinária;1;47;ELEIÇÃO MUNICIPAL 2012;07/10/2012;M;ES;56057;ALFREDO CHAVES;56057;ALFREDO CHAVES;12;8;13;Vereador;10222;MARIA SILVIA COSTA MONTEIRO;3;1023
27/07/2021;17:04:35;2012;2;Eleição Ordinária;1;47;ELEIÇÃO MUNICIPAL 2012;07/10/2012;M;ES;56057;ALFREDO CHAVES;56057;ALFREDO CHAVES;12;8;13;Vereador;40777;MARINALVA STEFANON;9;1023
27/07/2021;17:04:35;2012;2;Eleição Ordinária;1;47;ELEIÇÃO MUNICIPAL 2012;07/10/2012;M;ES;56057;ALFREDO CHAVES;56057;ALFREDO CHAVES;12;8;13;Vereador;15311;NARCIZO DE ABREU GRASSI;23;1023
27/07/2021;17:04:35;2012;2;Eleição Ordinária;1;47;ELEIÇÃO MUNICIPAL 2012;07/10/2012;M;ES;56057;ALFREDO CHAVES;56057;ALFREDO CHAVES;12;8;13;Vereador;25100;ORLANDO OSS;3;1023
27/07/2021;17:04:35;2012;2;Eleição Ordinária;1;47;ELEIÇÃO MUNICIPAL 2012;07/10/2012;M;ES;56057;ALFREDO CHAVES;56057;ALFREDO CHAVES;12;8;13;Vereador;45;PARTIDO DA SOCIAL DEMOCRACIA BRASILEIRA;1;1023
27/07/2021;17:04:35;2012;2;Eleição Ordinária;1;47;ELEIÇÃO MUNICIPAL 2012;07/10/2012;M;ES;56057;ALFREDO CHAVES;56057;ALFREDO CHAVES;12;8;13;Vereador;12;PARTIDO DEMOCRÁTICO TRABALHISTA;2;1023
27/07/2021;17:04:35;2012;2;Eleição Ordinária;1;47;ELEIÇÃO MUNICIPAL 2012;07/10/2012;M;ES;56057;ALFREDO CHAVES;56057;ALFREDO CHAVES;12;8;13;Vereador;11;PARTIDO PROGRESSISTA;1;1023
27/07/2021;17:04:35;2012;2;Eleição Ordinária;1;47;ELEIÇÃO MUNICIPAL 2012;07/10/2012;M;ES;56057;ALFREDO CHAVES;56057;ALFREDO CHAVES;12;8;13;Vereador;10;PARTIDO REPUBLICANO BRASILEIRO;1;1023
27/07/2021;17:04:35;2012;2;Eleição Ordinária;1;47;ELEIÇÃO MUNICIPAL 2012;07/10/2012;M;ES;56057;ALFREDO CHAVES;56057;ALFREDO CHAVES;12;8;13;Vereador;55;PARTIDO SOCIAL DEMOCRÁTICO;3;1023
27/07/2021;17:04:35;2012;2;Eleição Ordinária;1;47;ELEIÇÃO MUNICIPAL 2012;07/10/2012;M;ES;56057;ALFREDO CHAVES;56057;ALFREDO CHAVES;12;8;13;Vereador;40;PARTIDO SOCIALISTA BRASILEIRO;10;1023
27/07/2021;17:04:35;2012;2;Eleição Ordinária;1;47;ELEIÇÃO MUNICIPAL 2012;07/10/2012;M;ES;56057;ALFREDO CHAVES;56057;ALFREDO CHAVES;12;8;13;Vereador;23666;PAULO MUNALDI;32;1023
27/07/2021;17:04:35;2012;2;Eleição Ordinária;1;47;ELEIÇÃO MUNICIPAL 2012;07/10/2012;M;ES;56057;ALFREDO CHAVES;56057;ALFREDO CHAVES;12;8;13;Vereador;11123;PRIMO ARMELINDO BERGAMI;6;1023
27/07/2021;17:04:35;2012;2;Eleição Ordinária;1;47;ELEIÇÃO MUNICIPAL 2012;07/10/2012;M;ES;56057;ALFREDO CHAVES;56057;ALFREDO CHAVES;12;8;13;Vereador;25666;RAINOR BREDA;4;1023
27/07/2021;17:04:35;2012;2;Eleição Ordinária;1;47;ELEIÇÃO MUNICIPAL 2012;07/10/2012;M;ES;56057;ALFREDO CHAVES;56057;ALFREDO CHAVES;12;8;13;Vereador;23333;RENATO CARDOSO;2;1023
27/07/2021;17:04:35;2012;2;Eleição Ordinária;1;47;ELEIÇÃO MUNICIPAL 2012;07/10/2012;M;ES;56057;ALFREDO CHAVES;56057;ALFREDO CHAVES;12;8;13;Vereador;45123;RITA MARIA DESTEFANI;1;1023
27/07/2021;17:04:35;2012;2;Eleição Ordinária;1;47;ELEIÇÃO MUNICIPAL 2012;07/10/2012;M;ES;56057;ALFREDO CHAVES;56057;ALFREDO CHAVES;12;8;13;Vereador;11000;SERGIO AUGUSTO ROVEDA;1;1023
27/07/2021;17:04:35;2012;2;Eleição Ordinária;1;47;ELEIÇÃO MUNICIPAL 2012;07/10/2012;M;ES;56057;ALFREDO CHAVES;56057;ALFREDO CHAVES;12;8;13;Vereador;55000;SYLVAN FERREIRA;1;1023
27/07/2021;17:04:35;2012;2;Eleição Ordinária;1;47;ELEIÇÃO MUNICIPAL 2012;07/10/2012;M;ES;56057;ALFREDO CHAVES;56057;ALFREDO CHAVES;12;8;13;Vereador;95;VOTO BRANCO;8;1023
27/07/2021;17:04:35;2012;2;Eleição Ordinária;1;47;ELEIÇÃO MUNICIPAL 2012;07/10/2012;M;ES;56057;ALFREDO CHAVES;56057;ALFREDO CHAVES;12;8;13;Vereador;96;VOTO NULO;8;1023
27/07/2021;17:04:35;2012;2;Eleição Ordinária;1;47;ELEIÇÃO MUNICIPAL 2012;07/10/2012;M;ES;56057;ALFREDO CHAVES;56057;ALFREDO CHAVES;12;9;11;Prefeito;40;ROBERTO FORTUNATO FIORIN;213;1031
27/07/2021;17:04:35;2012;2;Eleição Ordinária;1;47;ELEIÇÃO MUNICIPAL 2012;07/10/2012;M;ES;56057;ALFREDO CHAVES;56057;ALFREDO CHAVES;12;9;11;Prefeito;55;SERGIO BIANCHI;22;1031
27/07/2021;17:04:35;2012;2;Eleição Ordinária;1;47;ELEIÇÃO MUNICIPAL 2012;07/10/2012;M;ES;56057;ALFREDO CHAVES;56057;ALFREDO CHAVES;12;9;11;Prefeito;95;VOTO BRANCO;20;1031
27/07/2021;17:04:35;2012;2;Eleição Ordinária;1;47;ELEIÇÃO MUNICIPAL 2012;07/10/2012;M;ES;56057;ALFREDO CHAVES;56057;ALFREDO CHAVES;12;9;11;Prefeito;96;VOTO NULO;18;1031
27/07/2021;17:04:35;2012;2;Eleição Ordinária;1;47;ELEIÇÃO MUNICIPAL 2012;07/10/2012;M;ES;56057;ALFREDO CHAVES;56057;ALFREDO CHAVES;12;9;13;Vereador;23444;AGENOR LORENZON;4;1031
27/07/2021;17:04:35;2012;2;Eleição Ordinária;1;47;ELEIÇÃO MUNICIPAL 2012;07/10/2012;M;ES;56057;ALFREDO CHAVES;56057;ALFREDO CHAVES;12;9;13;Vereador;12345;ARMANDO ZANATA INGLE RIBEIRO;1;1031
27/07/2021;17:04:35;2012;2;Eleição Ordinária;1;47;ELEIÇÃO MUNICIPAL 2012;07/10/2012;M;ES;56057;ALFREDO CHAVES;56057;ALFREDO CHAVES;12;9;13;Vereador;40111;CHARLES GAIGHER;4;1031
27/07/2021;17:04:35;2012;2;Eleição Ordinária;1;47;ELEIÇÃO MUNICIPAL 2012;07/10/2012;M;ES;56057;ALFREDO CHAVES;56057;ALFREDO CHAVES;12;9;13;Vereador;40123;CLEOMIR GOBBI BUBACK;116;1031
27/07/2021;17:04:35;2012;2;Eleição Ordinária;1;47;ELEIÇÃO MUNICIPAL 2012;07/10/2012;M;ES;56057;ALFREDO CHAVES;56057;ALFREDO CHAVES;12;9;13;Vereador;40333;DARCI ESCANDIAN;5;1031
27/07/2021;17:04:35;2012;2;Eleição Ordinária;1;47;ELEIÇÃO MUNICIPAL 2012;07/10/2012;M;ES;56057;ALFREDO CHAVES;56057;ALFREDO CHAVES;12;9;13;Vereador;11456;EDSON ANTONIO REGIANI;58;1031
27/07/2021;17:04:35;2012;2;Eleição Ordinária;1;47;ELEIÇÃO MUNICIPAL 2012;07/10/2012;M;ES;56057;ALFREDO CHAVES;56057;ALFREDO CHAVES;12;9;13;Vereador;10123;ELISAEL DOS SANTOS FERREIRA;2;1031
27/07/2021;17:04:35;2012;2;Eleição Ordinária;1;47;ELEIÇÃO MUNICIPAL 2012;07/10/2012;M;ES;56057;ALFREDO CHAVES;56057;ALFREDO CHAVES;12;9;13;Vereador;11789;ELIZETE MARIA FURLAN;1;1031
27/07/2021;17:04:35;2012;2;Eleição Ordinária;1;47;ELEIÇÃO MUNICIPAL 2012;07/10/2012;M;ES;56057;ALFREDO CHAVES;56057;ALFREDO CHAVES;12;9;13;Vereador;55555;GERALDO BAYER;1;1031
27/07/2021;17:04:35;2012;2;Eleição Ordinária;1;47;ELEIÇÃO MUNICIPAL 2012;07/10/2012;M;ES;56057;ALFREDO CHAVES;56057;ALFREDO CHAVES;12;9;13;Vereador;40321;GILSON LUIZ BELLON;4;1031
27/07/2021;17:04:35;2012;2;Eleição Ordinária;1;47;ELEIÇÃO MUNICIPAL 2012;07/10/2012;M;ES;56057;ALFREDO CHAVES;56057;ALFREDO CHAVES;12;9;13;Vereador;22123;JAMIR PIETRALONGA;1;1031
27/07/2021;17:04:35;2012;2;Eleição Ordinária;1;47;ELEIÇÃO MUNICIPAL 2012;07/10/2012;M;ES;56057;ALFREDO CHAVES;56057;ALFREDO CHAVES;12;9;13;Vereador;40789;JOÃO BOSCO COSTA;8;1031
27/07/2021;17:04:35;2012;2;Eleição Ordinária;1;47;ELEIÇÃO MUNICIPAL 2012;07/10/2012;M;ES;56057;ALFREDO CHAVES;56057;ALFREDO CHAVES;12;9;13;Vereador;14666;LUCIANA DAS CHAGAS REGIANI;1;1031
27/07/2021;17:04:35;2012;2;Eleição Ordinária;1;47;ELEIÇÃO MUNICIPAL 2012;07/10/2012;M;ES;56057;ALFREDO CHAVES;56057;ALFREDO CHAVES;12;9;13;Vereador;11100;MARIA DA PENHA SQUASANTE CAVATI;5;1031
27/07/2021;17:04:35;2012;2;Eleição Ordinária;1;47;ELEIÇÃO MUNICIPAL 2012;07/10/2012;M;ES;56057;ALFREDO CHAVES;56057;ALFREDO CHAVES;12;9;13;Vereador;15311;NARCIZO DE ABREU GRASSI;3;1031
27/07/2021;17:04:35;2012;2;Eleição Ordinária;1;47;ELEIÇÃO MUNICIPAL 2012;07/10/2012;M;ES;56057;ALFREDO CHAVES;56057;ALFREDO CHAVES;12;9;13;Vereador;12;PARTIDO DEMOCRÁTICO TRABALHISTA;2;1031
27/07/2021;17:04:35;2012;2;Eleição Ordinária;1;47;ELEIÇÃO MUNICIPAL 2012;07/10/2012;M;ES;56057;ALFREDO CHAVES;56057;ALFREDO CHAVES;12;9;13;Vereador;11;PARTIDO PROGRESSISTA;2;1031
27/07/2021;17:04:35;2012;2;Eleição Ordinária;1;47;ELEIÇÃO MUNICIPAL 2012;07/10/2012;M;ES;56057;ALFREDO CHAVES;56057;ALFREDO CHAVES;12;9;13;Vereador;55;PARTIDO SOCIAL DEMOCRÁTICO;1;1031
27/07/2021;17:04:35;2012;2;Eleição Ordinária;1;47;ELEIÇÃO MUNICIPAL 2012;07/10/2012;M;ES;56057;ALFREDO CHAVES;56057;ALFREDO CHAVES;12;9;13;Vereador;40;PARTIDO SOCIALISTA BRASILEIRO;16;1031
27/07/2021;17:04:35;2012;2;Eleição Ordinária;1;47;ELEIÇÃO MUNICIPAL 2012;07/10/2012;M;ES;56057;ALFREDO CHAVES;56057;ALFREDO CHAVES;12;9;13;Vereador;23666;PAULO MUNALDI;2;1031
27/07/2021;17:04:35;2012;2;Eleição Ordinária;1;47;ELEIÇÃO MUNICIPAL 2012;07/10/2012;M;ES;56057;ALFREDO CHAVES;56057;ALFREDO CHAVES;12;9;13;Vereador;11123;PRIMO ARMELINDO BERGAMI;5;1031
27/07/2021;17:04:35;2012;2;Eleição Ordinária;1;47;ELEIÇÃO MUNICIPAL 2012;07/10/2012;M;ES;56057;ALFREDO CHAVES;56057;ALFREDO CHAVES;12;9;13;Vereador;40456;SERAFINO ANTONIO SIMONI;5;1031
27/07/2021;17:04:35;2012;2;Eleição Ordinária;1;47;ELEIÇÃO MUNICIPAL 2012;07/10/2012;M;ES;56057;ALFREDO CHAVES;56057;ALFREDO CHAVES;12;9;13;Vereador;11000;SERGIO AUGUSTO ROVEDA;1;1031
27/07/2021;17:04:35;2012;2;Eleição Ordinária;1;47;ELEIÇÃO MUNICIPAL 2012;07/10/2012;M;ES;56057;ALFREDO CHAVES;56057;ALFREDO CHAVES;12;9;13;Vereador;95;VOTO BRANCO;18;1031
27/07/2021;17:04:35;2012;2;Eleição Ordinária;1;47;ELEIÇÃO MUNICIPAL 2012;07/10/2012;M;ES;56057;ALFREDO CHAVES;56057;ALFREDO CHAVES;12;9;13;Vereador;96;VOTO NULO;7;1031
27/07/2021;17:04:35;2012;2;Eleição Ordinária;1;47;ELEIÇÃO MUNICIPAL 2012;07/10/2012;M;ES;56057;ALFREDO CHAVES;56057;ALFREDO CHAVES;12;10;11;Prefeito;40;ROBERTO FORTUNATO FIORIN;191;1040
27/07/2021;17:04:35;2012;2;Eleição Ordinária;1;47;ELEIÇÃO MUNICIPAL 2012;07/10/2012;M;ES;56057;ALFREDO CHAVES;56057;ALFREDO CHAVES;12;10;11;Prefeito;55;SERGIO BIANCHI;54;1040
27/07/2021;17:04:35;2012;2;Eleição Ordinária;1;47;ELEIÇÃO MUNICIPAL 2012;07/10/2012;M;ES;56057;ALFREDO CHAVES;56057;ALFREDO CHAVES;12;10;11;Prefeito;95;VOTO BRANCO;22;1040
27/07/2021;17:04:35;2012;2;Eleição Ordinária;1;47;ELEIÇÃO MUNICIPAL 2012;07/10/2012;M;ES;56057;ALFREDO CHAVES;56057;ALFREDO CHAVES;12;10;11;Prefeito;96;VOTO NULO;8;1040
27/07/2021;17:04:35;2012;2;Eleição Ordinária;1;47;ELEIÇÃO MUNICIPAL 2012;07/10/2012;M;ES;56057;ALFREDO CHAVES;56057;ALFREDO CHAVES;12;10;13;Vereador;15555;ALMIR ANTONIO FAVERO;14;1040
27/07/2021;17:04:35;2012;2;Eleição Ordinária;1;47;ELEIÇÃO MUNICIPAL 2012;07/10/2012;M;ES;56057;ALFREDO CHAVES;56057;ALFREDO CHAVES;12;10;13;Vereador;23612;ANDRÉ SARTORI;13;1040
27/07/2021;17:04:35;2012;2;Eleição Ordinária;1;47;ELEIÇÃO MUNICIPAL 2012;07/10/2012;M;ES;56057;ALFREDO CHAVES;56057;ALFREDO CHAVES;12;10;13;Vereador;12345;ARMANDO ZANATA INGLE RIBEIRO;10;1040
27/07/2021;17:04:35;2012;2;Eleição Ordinária;1;47;ELEIÇÃO MUNICIPAL 2012;07/10/2012;M;ES;56057;ALFREDO CHAVES;56057;ALFREDO CHAVES;12;10;13;Vereador;40111;CHARLES GAIGHER;14;1040
27/07/2021;17:04:35;2012;2;Eleição Ordinária;1;47;ELEIÇÃO MUNICIPAL 2012;07/10/2012;M;ES;56057;ALFREDO CHAVES;56057;ALFREDO CHAVES;12;10;13;Vereador;40333;DARCI ESCANDIAN;1;1040
27/07/2021;17:04:35;2012;2;Eleição Ordinária;1;47;ELEIÇÃO MUNICIPAL 2012;07/10/2012;M;ES;56057;ALFREDO CHAVES;56057;ALFREDO CHAVES;12;10;13;Vereador;23555;DOMINGOS SAVIO DALLECRODE;22;1040
27/07/2021;17:04:35;2012;2;Eleição Ordinária;1;47;ELEIÇÃO MUNICIPAL 2012;07/10/2012;M;ES;56057;ALFREDO CHAVES;56057;ALFREDO CHAVES;12;10;13;Vereador;40555;EDEVANILDE GORETI BREDA;4;1040
27/07/2021;17:04:35;2012;2;Eleição Ordinária;1;47;ELEIÇÃO MUNICIPAL 2012;07/10/2012;M;ES;56057;ALFREDO CHAVES;56057;ALFREDO CHAVES;12;10;13;Vereador;15678;ELIAS JOSÉ SARTORI;4;1040
27/07/2021;17:04:35;2012;2;Eleição Ordinária;1;47;ELEIÇÃO MUNICIPAL 2012;07/10/2012;M;ES;56057;ALFREDO CHAVES;56057;ALFREDO CHAVES;12;10;13;Vereador;40222;FERNANDO ALVES;5;1040
27/07/2021;17:04:35;2012;2;Eleição Ordinária;1;47;ELEIÇÃO MUNICIPAL 2012;07/10/2012;M;ES;56057;ALFREDO CHAVES;56057;ALFREDO CHAVES;12;10;13;Vereador;55555;GERALDO BAYER;5;1040
27/07/2021;17:04:35;2012;2;Eleição Ordinária;1;47;ELEIÇÃO MUNICIPAL 2012;07/10/2012;M;ES;56057;ALFREDO CHAVES;56057;ALFREDO CHAVES;12;10;13;Vereador;22123;JAMIR PIETRALONGA;9;1040
27/07/2021;17:04:35;2012;2;Eleição Ordinária;1;47;ELEIÇÃO MUNICIPAL 2012;07/10/2012;M;ES;56057;ALFREDO CHAVES;56057;ALFREDO CHAVES;12;10;13;Vereador;45000;JONAS NUNES SIMÕES;16;1040
27/07/2021;17:04:35;2012;2;Eleição Ordinária;1;47;ELEIÇÃO MUNICIPAL 2012;07/10/2012;M;ES;56057;ALFREDO CHAVES;56057;ALFREDO CHAVES;12;10;13;Vereador;12333;JOSE CARLOS CRAVEIRO CAMPOS;3;1040
27/07/2021;17:04:35;2012;2;Eleição Ordinária;1;47;ELEIÇÃO MUNICIPAL 2012;07/10/2012;M;ES;56057;ALFREDO CHAVES;56057;ALFREDO CHAVES;12;10;13;Vereador;13366;JOSÉ DOMINGOS GOTTARDO;5;1040
27/07/2021;17:04:35;2012;2;Eleição Ordinária;1;47;ELEIÇÃO MUNICIPAL 2012;07/10/2012;M;ES;56057;ALFREDO CHAVES;56057;ALFREDO CHAVES;12;10;13;Vereador;40789;JOÃO BOSCO COSTA;1;1040
27/07/2021;17:04:35;2012;2;Eleição Ordinária;1;47;ELEIÇÃO MUNICIPAL 2012;07/10/2012;M;ES;56057;ALFREDO CHAVES;56057;ALFREDO CHAVES;12;10;13;Vereador;11333;MARCO ANTONIO MOZER;9;1040
27/07/2021;17:04:35;2012;2;Eleição Ordinária;1;47;ELEIÇÃO MUNICIPAL 2012;07/10/2012;M;ES;56057;ALFREDO CHAVES;56057;ALFREDO CHAVES;12;10;13;Vereador;15311;NARCIZO DE ABREU GRASSI;21;1040
27/07/2021;17:04:35;2012;2;Eleição Ordinária;1;47;ELEIÇÃO MUNICIPAL 2012;07/10/2012;M;ES;56057;ALFREDO CHAVES;56057;ALFREDO CHAVES;12;10;13;Vereador;22;PARTIDO DA REPÚBLICA;1;1040
27/07/2021;17:04:35;2012;2;Eleição Ordinária;1;47;ELEIÇÃO MUNICIPAL 2012;07/10/2012;M;ES;56057;ALFREDO CHAVES;56057;ALFREDO CHAVES;12;10;13;Vereador;15;PARTIDO DO MOVIMENTO DEMOCRÁTICO BRASILEIRO;1;1040
27/07/2021;17:04:35;2012;2;Eleição Ordinária;1;47;ELEIÇÃO MUNICIPAL 2012;07/10/2012;M;ES;56057;ALFREDO CHAVES;56057;ALFREDO CHAVES;12;10;13;Vereador;13;PARTIDO DOS TRABALHADORES;1;1040
27/07/2021;17:04:35;2012;2;Eleição Ordinária;1;47;ELEIÇÃO MUNICIPAL 2012;07/10/2012;M;ES;56057;ALFREDO CHAVES;56057;ALFREDO CHAVES;12;10;13;Vereador;23;PARTIDO POPULAR SOCIALISTA;1;1040
27/07/2021;17:04:35;2012;2;Eleição Ordinária;1;47;ELEIÇÃO MUNICIPAL 2012;07/10/2012;M;ES;56057;ALFREDO CHAVES;56057;ALFREDO CHAVES;12;10;13;Vereador;11;PARTIDO PROGRESSISTA;2;1040
27/07/2021;17:04:35;2012;2;Eleição Ordinária;1;47;ELEIÇÃO MUNICIPAL 2012;07/10/2012;M;ES;56057;ALFREDO CHAVES;56057;ALFREDO CHAVES;12;10;13;Vereador;55;PARTIDO SOCIAL DEMOCRÁTICO;1;1040
27/07/2021;17:04:35;2012;2;Eleição Ordinária;1;47;ELEIÇÃO MUNICIPAL 2012;07/10/2012;M;ES;56057;ALFREDO CHAVES;56057;ALFREDO CHAVES;12;10;13;Vereador;40;PARTIDO SOCIALISTA BRASILEIRO;4;1040
27/07/2021;17:04:35;2012;2;Eleição Ordinária;1;47;ELEIÇÃO MUNICIPAL 2012;07/10/2012;M;ES;56057;ALFREDO CHAVES;56057;ALFREDO CHAVES;12;10;13;Vereador;23666;PAULO MUNALDI;9;1040
27/07/2021;17:04:35;2012;2;Eleição Ordinária;1;47;ELEIÇÃO MUNICIPAL 2012;07/10/2012;M;ES;56057;ALFREDO CHAVES;56057;ALFREDO CHAVES;12;10;13;Vereador;11123;PRIMO ARMELINDO BERGAMI;76;1040
27/07/2021;17:04:35;2012;2;Eleição Ordinária;1;47;ELEIÇÃO MUNICIPAL 2012;07/10/2012;M;ES;56057;ALFREDO CHAVES;56057;ALFREDO CHAVES;12;10;13;Vereador;25666;RAINOR BREDA;3;1040
27/07/2021;17:04:35;2012;2;Eleição Ordinária;1;47;ELEIÇÃO MUNICIPAL 2012;07/10/2012;M;ES;56057;ALFREDO CHAVES;56057;ALFREDO CHAVES;12;10;13;Vereador;23333;RENATO CARDOSO;1;1040
27/07/2021;17:04:35;2012;2;Eleição Ordinária;1;47;ELEIÇÃO MUNICIPAL 2012;07/10/2012;M;ES;56057;ALFREDO CHAVES;56057;ALFREDO CHAVES;12;10;13;Vereador;40456;SERAFINO ANTONIO SIMONI;1;1040
27/07/2021;17:04:35;2012;2;Eleição Ordinária;1;47;ELEIÇÃO MUNICIPAL 2012;07/10/2012;M;ES;56057;ALFREDO CHAVES;56057;ALFREDO CHAVES;12;10;13;Vereador;13123;SIMÃO LOPES DOS SANTOS;1;1040
27/07/2021;17:04:35;2012;2;Eleição Ordinária;1;47;ELEIÇÃO MUNICIPAL 2012;07/10/2012;M;ES;56057;ALFREDO CHAVES;56057;ALFREDO CHAVES;12;10;13;Vereador;14123;VANILDO FREGONASSI;1;1040
27/07/2021;17:04:35;2012;2;Eleição Ordinária;1;47;ELEIÇÃO MUNICIPAL 2012;07/10/2012;M;ES;56057;ALFREDO CHAVES;56057;ALFREDO CHAVES;12;10;13;Vereador;95;VOTO BRANCO;12;1040
27/07/2021;17:04:35;2012;2;Eleição Ordinária;1;47;ELEIÇÃO MUNICIPAL 2012;07/10/2012;M;ES;56057;ALFREDO CHAVES;56057;ALFREDO CHAVES;12;10;13;Vereador;96;VOTO NULO;4;1040
27/07/2021;17:04:35;2012;2;Eleição Ordinária;1;47;ELEIÇÃO MUNICIPAL 2012;07/10/2012;M;ES;56057;ALFREDO CHAVES;56057;ALFREDO CHAVES;12;11;11;Prefeito;40;ROBERTO FORTUNATO FIORIN;179;1040
27/07/2021;17:04:35;2012;2;Eleição Ordinária;1;47;ELEIÇÃO MUNICIPAL 2012;07/10/2012;M;ES;56057;ALFREDO CHAVES;56057;ALFREDO CHAVES;12;11;11;Prefeito;55;SERGIO BIANCHI;67;1040
27/07/2021;17:04:35;2012;2;Eleição Ordinária;1;47;ELEIÇÃO MUNICIPAL 2012;07/10/2012;M;ES;56057;ALFREDO CHAVES;56057;ALFREDO CHAVES;12;11;11;Prefeito;95;VOTO BRANCO;21;1040
27/07/2021;17:04:35;2012;2;Eleição Ordinária;1;47;ELEIÇÃO MUNICIPAL 2012;07/10/2012;M;ES;56057;ALFREDO CHAVES;56057;ALFREDO CHAVES;12;11;11;Prefeito;96;VOTO NULO;9;1040
27/07/2021;17:04:35;2012;2;Eleição Ordinária;1;47;ELEIÇÃO MUNICIPAL 2012;07/10/2012;M;ES;56057;ALFREDO CHAVES;56057;ALFREDO CHAVES;12;11;13;Vereador;15555;ALMIR ANTONIO FAVERO;16;1040
27/07/2021;17:04:35;2012;2;Eleição Ordinária;1;47;ELEIÇÃO MUNICIPAL 2012;07/10/2012;M;ES;56057;ALFREDO CHAVES;56057;ALFREDO CHAVES;12;11;13;Vereador;23612;ANDRÉ SARTORI;6;1040
27/07/2021;17:04:35;2012;2;Eleição Ordinária;1;47;ELEIÇÃO MUNICIPAL 2012;07/10/2012;M;ES;56057;ALFREDO CHAVES;56057;ALFREDO CHAVES;12;11;13;Vereador;11234;ANGELO ARPINI;1;1040
27/07/2021;17:04:35;2012;2;Eleição Ordinária;1;47;ELEIÇÃO MUNICIPAL 2012;07/10/2012;M;ES;56057;ALFREDO CHAVES;56057;ALFREDO CHAVES;12;11;13;Vereador;12345;ARMANDO ZANATA INGLE RIBEIRO;7;1040
27/07/2021;17:04:35;2012;2;Eleição Ordinária;1;47;ELEIÇÃO MUNICIPAL 2012;07/10/2012;M;ES;56057;ALFREDO CHAVES;56057;ALFREDO CHAVES;12;11;13;Vereador;40111;CHARLES GAIGHER;25;1040
27/07/2021;17:04:35;2012;2;Eleição Ordinária;1;47;ELEIÇÃO MUNICIPAL 2012;07/10/2012;M;ES;56057;ALFREDO CHAVES;56057;ALFREDO CHAVES;12;11;13;Vereador;40123;CLEOMIR GOBBI BUBACK;1;1040
27/07/2021;17:04:35;2012;2;Eleição Ordinária;1;47;ELEIÇÃO MUNICIPAL 2012;07/10/2012;M;ES;56057;ALFREDO CHAVES;56057;ALFREDO CHAVES;12;11;13;Vereador;40333;DARCI ESCANDIAN;1;1040
27/07/2021;17:04:35;2012;2;Eleição Ordinária;1;47;ELEIÇÃO MUNICIPAL 2012;07/10/2012;M;ES;56057;ALFREDO CHAVES;56057;ALFREDO CHAVES;12;11;13;Vereador;23555;DOMINGOS SAVIO DALLECRODE;20;1040
27/07/2021;17:04:35;2012;2;Eleição Ordinária;1;47;ELEIÇÃO MUNICIPAL 2012;07/10/2012;M;ES;56057;ALFREDO CHAVES;56057;ALFREDO CHAVES;12;11;13;Vereador;40000;DULCIANE BRUNORO ESTEVES;2;1040
27/07/2021;17:04:35;2012;2;Eleição Ordinária;1;47;ELEIÇÃO MUNICIPAL 2012;07/10/2012;M;ES;56057;ALFREDO CHAVES;56057;ALFREDO CHAVES;12;11;13;Vereador;14678;DULCINO PERUZZO;2;1040
27/07/2021;17:04:35;2012;2;Eleição Ordinária;1;47;ELEIÇÃO MUNICIPAL 2012;07/10/2012;M;ES;56057;ALFREDO CHAVES;56057;ALFREDO CHAVES;12;11;13;Vereador;40555;EDEVANILDE GORETI BREDA;6;1040
27/07/2021;17:04:35;2012;2;Eleição Ordinária;1;47;ELEIÇÃO MUNICIPAL 2012;07/10/2012;M;ES;56057;ALFREDO CHAVES;56057;ALFREDO CHAVES;12;11;13;Vereador;15678;ELIAS JOSÉ SARTORI;1;1040
27/07/2021;17:04:35;2012;2;Eleição Ordinária;1;47;ELEIÇÃO MUNICIPAL 2012;07/10/2012;M;ES;56057;ALFREDO CHAVES;56057;ALFREDO CHAVES;12;11;13;Vereador;11789;ELIZETE MARIA FURLAN;1;1040
27/07/2021;17:04:35;2012;2;Eleição Ordinária;1;47;ELEIÇÃO MUNICIPAL 2012;07/10/2012;M;ES;56057;ALFREDO CHAVES;56057;ALFREDO CHAVES;12;11;13;Vereador;40222;FERNANDO ALVES;2;1040
27/07/2021;17:04:35;2012;2;Eleição Ordinária;1;47;ELEIÇÃO MUNICIPAL 2012;07/10/2012;M;ES;56057;ALFREDO CHAVES;56057;ALFREDO CHAVES;12;11;13;Vereador;55555;GERALDO BAYER;4;1040
27/07/2021;17:04:35;2012;2;Eleição Ordinária;1;47;ELEIÇÃO MUNICIPAL 2012;07/10/2012;M;ES;56057;ALFREDO CHAVES;56057;ALFREDO CHAVES;12;11;13;Vereador;40321;GILSON LUIZ BELLON;1;1040
27/07/2021;17:04:35;2012;2;Eleição Ordinária;1;47;ELEIÇÃO MUNICIPAL 2012;07/10/2012;M;ES;56057;ALFREDO CHAVES;56057;ALFREDO CHAVES;12;11;13;Vereador;22123;JAMIR PIETRALONGA;5;1040
27/07/2021;17:04:35;2012;2;Eleição Ordinária;1;47;ELEIÇÃO MUNICIPAL 2012;07/10/2012;M;ES;56057;ALFREDO CHAVES;56057;ALFREDO CHAVES;12;11;13;Vereador;45000;JONAS NUNES SIMÕES;18;1040
27/07/2021;17:04:35;2012;2;Eleição Ordinária;1;47;ELEIÇÃO MUNICIPAL 2012;07/10/2012;M;ES;56057;ALFREDO CHAVES;56057;ALFREDO CHAVES;12;11;13;Vereador;13366;JOSÉ DOMINGOS GOTTARDO;6;1040
27/07/2021;17:04:35;2012;2;Eleição Ordinária;1;47;ELEIÇÃO MUNICIPAL 2012;07/10/2012;M;ES;56057;ALFREDO CHAVES;56057;ALFREDO CHAVES;12;11;13;Vereador;11333;MARCO ANTONIO MOZER;6;1040
27/07/2021;17:04:35;2012;2;Eleição Ordinária;1;47;ELEIÇÃO MUNICIPAL 2012;07/10/2012;M;ES;56057;ALFREDO CHAVES;56057;ALFREDO CHAVES;12;11;13;Vereador;40777;MARINALVA STEFANON;1;1040
27/07/2021;17:04:35;2012;2;Eleição Ordinária;1;47;ELEIÇÃO MUNICIPAL 2012;07/10/2012;M;ES;56057;ALFREDO CHAVES;56057;ALFREDO CHAVES;12;11;13;Vereador;15311;NARCIZO DE ABREU GRASSI;39;1040
27/07/2021;17:04:35;2012;2;Eleição Ordinária;1;47;ELEIÇÃO MUNICIPAL 2012;07/10/2012;M;ES;56057;ALFREDO CHAVES;56057;ALFREDO CHAVES;12;11;13;Vereador;45;PARTIDO DA SOCIAL DEMOCRACIA BRASILEIRA;1;1040
27/07/2021;17:04:35;2012;2;Eleição Ordinária;1;47;ELEIÇÃO MUNICIPAL 2012;07/10/2012;M;ES;56057;ALFREDO CHAVES;56057;ALFREDO CHAVES;12;11;13;Vereador;15;PARTIDO DO MOVIMENTO DEMOCRÁTICO BRASILEIRO;1;1040
27/07/2021;17:04:35;2012;2;Eleição Ordinária;1;47;ELEIÇÃO MUNICIPAL 2012;07/10/2012;M;ES;56057;ALFREDO CHAVES;56057;ALFREDO CHAVES;12;11;13;Vereador;11;PARTIDO PROGRESSISTA;2;1040
27/07/2021;17:04:35;2012;2;Eleição Ordinária;1;47;ELEIÇÃO MUNICIPAL 2012;07/10/2012;M;ES;56057;ALFREDO CHAVES;56057;ALFREDO CHAVES;12;11;13;Vereador;55;PARTIDO SOCIAL DEMOCRÁTICO;1;1040
27/07/2021;17:04:35;2012;2;Eleição Ordinária;1;47;ELEIÇÃO MUNICIPAL 2012;07/10/2012;M;ES;56057;ALFREDO CHAVES;56057;ALFREDO CHAVES;12;11;13;Vereador;40;PARTIDO SOCIALISTA BRASILEIRO;5;1040
27/07/2021;17:04:35;2012;2;Eleição Ordinária;1;47;ELEIÇÃO MUNICIPAL 2012;07/10/2012;M;ES;56057;ALFREDO CHAVES;56057;ALFREDO CHAVES;12;11;13;Vereador;23666;PAULO MUNALDI;6;1040
27/07/2021;17:04:35;2012;2;Eleição Ordinária;1;47;ELEIÇÃO MUNICIPAL 2012;07/10/2012;M;ES;56057;ALFREDO CHAVES;56057;ALFREDO CHAVES;12;11;13;Vereador;11123;PRIMO ARMELINDO BERGAMI;74;1040
27/07/2021;17:04:35;2012;2;Eleição Ordinária;1;47;ELEIÇÃO MUNICIPAL 2012;07/10/2012;M;ES;56057;ALFREDO CHAVES;56057;ALFREDO CHAVES;12;11;13;Vereador;25666;RAINOR BREDA;3;1040
27/07/2021;17:04:35;2012;2;Eleição Ordinária;1;47;ELEIÇÃO MUNICIPAL 2012;07/10/2012;M;ES;56057;ALFREDO CHAVES;56057;ALFREDO CHAVES;12;11;13;Vereador;40456;SERAFINO ANTONIO SIMONI;1;1040
27/07/2021;17:04:35;2012;2;Eleição Ordinária;1;47;ELEIÇÃO MUNICIPAL 2012;07/10/2012;M;ES;56057;ALFREDO CHAVES;56057;ALFREDO CHAVES;12;11;13;Vereador;23123;SUELEN ENDLICH ALVES;1;1040
27/07/2021;17:04:35;2012;2;Eleição Ordinária;1;47;ELEIÇÃO MUNICIPAL 2012;07/10/2012;M;ES;56057;ALFREDO CHAVES;56057;ALFREDO CHAVES;12;11;13;Vereador;14123;VANILDO FREGONASSI;1;1040
27/07/2021;17:04:35;2012;2;Eleição Ordinária;1;47;ELEIÇÃO MUNICIPAL 2012;07/10/2012;M;ES;56057;ALFREDO CHAVES;56057;ALFREDO CHAVES;12;11;13;Vereador;95;VOTO BRANCO;6;1040
27/07/2021;17:04:35;2012;2;Eleição Ordinária;1;47;ELEIÇÃO MUNICIPAL 2012;07/10/2012;M;ES;56057;ALFREDO CHAVES;56057;ALFREDO CHAVES;12;11;13;Vereador;96;VOTO NULO;3;1040
27/07/2021;17:04:35;2012;2;Eleição Ordinária;1;47;ELEIÇÃO MUNICIPAL 2012;07/10/2012;M;ES;56057;ALFREDO CHAVES;56057;ALFREDO CHAVES;12;12;11;Prefeito;40;ROBERTO FORTUNATO FIORIN;192;1058
27/07/2021;17:04:35;2012;2;Eleição Ordinária;1;47;ELEIÇÃO MUNICIPAL 2012;07/10/2012;M;ES;56057;ALFREDO CHAVES;56057;ALFREDO CHAVES;12;12;11;Prefeito;55;SERGIO BIANCHI;107;1058
27/07/2021;17:04:35;2012;2;Eleição Ordinária;1;47;ELEIÇÃO MUNICIPAL 2012;07/10/2012;M;ES;56057;ALFREDO CHAVES;56057;ALFREDO CHAVES;12;12;11;Prefeito;95;VOTO BRANCO;6;1058
27/07/2021;17:04:35;2012;2;Eleição Ordinária;1;47;ELEIÇÃO MUNICIPAL 2012;07/10/2012;M;ES;56057;ALFREDO CHAVES;56057;ALFREDO CHAVES;12;12;11;Prefeito;96;VOTO NULO;17;1058
27/07/2021;17:04:35;2012;2;Eleição Ordinária;1;47;ELEIÇÃO MUNICIPAL 2012;07/10/2012;M;ES;56057;ALFREDO CHAVES;56057;ALFREDO CHAVES;12;12;13;Vereador;23444;AGENOR LORENZON;1;1058
27/07/2021;17:04:35;2012;2;Eleição Ordinária;1;47;ELEIÇÃO MUNICIPAL 2012;07/10/2012;M;ES;56057;ALFREDO CHAVES;56057;ALFREDO CHAVES;12;12;13;Vereador;15555;ALMIR ANTONIO FAVERO;103;1058
27/07/2021;17:04:35;2012;2;Eleição Ordinária;1;47;ELEIÇÃO MUNICIPAL 2012;07/10/2012;M;ES;56057;ALFREDO CHAVES;56057;ALFREDO CHAVES;12;12;13;Vereador;23612;ANDRÉ SARTORI;9;1058
27/07/2021;17:04:35;2012;2;Eleição Ordinária;1;47;ELEIÇÃO MUNICIPAL 2012;07/10/2012;M;ES;56057;ALFREDO CHAVES;56057;ALFREDO CHAVES;12;12;13;Vereador;12345;ARMANDO ZANATA INGLE RIBEIRO;10;1058
27/07/2021;17:04:35;2012;2;Eleição Ordinária;1;47;ELEIÇÃO MUNICIPAL 2012;07/10/2012;M;ES;56057;ALFREDO CHAVES;56057;ALFREDO CHAVES;12;12;13;Vereador;11567;AUXILIADORA ROSA;1;1058
27/07/2021;17:04:35;2012;2;Eleição Ordinária;1;47;ELEIÇÃO MUNICIPAL 2012;07/10/2012;M;ES;56057;ALFREDO CHAVES;56057;ALFREDO CHAVES;12;12;13;Vereador;40111;CHARLES GAIGHER;93;1058
27/07/2021;17:04:35;2012;2;Eleição Ordinária;1;47;ELEIÇÃO MUNICIPAL 2012;07/10/2012;M;ES;56057;ALFREDO CHAVES;56057;ALFREDO CHAVES;12;12;13;Vereador;13131;DOMINGOS MAROTTO;4;1058
27/07/2021;17:04:35;2012;2;Eleição Ordinária;1;47;ELEIÇÃO MUNICIPAL 2012;07/10/2012;M;ES;56057;ALFREDO CHAVES;56057;ALFREDO CHAVES;12;12;13;Vereador;15678;ELIAS JOSÉ SARTORI;3;1058
27/07/2021;17:04:35;2012;2;Eleição Ordinária;1;47;ELEIÇÃO MUNICIPAL 2012;07/10/2012;M;ES;56057;ALFREDO CHAVES;56057;ALFREDO CHAVES;12;12;13;Vereador;11789;ELIZETE MARIA FURLAN;2;1058
27/07/2021;17:04:35;2012;2;Eleição Ordinária;1;47;ELEIÇÃO MUNICIPAL 2012;07/10/2012;M;ES;56057;ALFREDO CHAVES;56057;ALFREDO CHAVES;12;12;13;Vereador;14214;ERTA DE PAULA GAIGHER;1;1058
27/07/2021;17:04:35;2012;2;Eleição Ordinária;1;47;ELEIÇÃO MUNICIPAL 2012;07/10/2012;M;ES;56057;ALFREDO CHAVES;56057;ALFREDO CHAVES;12;12;13;Vereador;40222;FERNANDO ALVES;4;1058
27/07/2021;17:04:35;2012;2;Eleição Ordinária;1;47;ELEIÇÃO MUNICIPAL 2012;07/10/2012;M;ES;56057;ALFREDO CHAVES;56057;ALFREDO CHAVES;12;12;13;Vereador;55555;GERALDO BAYER;5;1058
27/07/2021;17:04:35;2012;2;Eleição Ordinária;1;47;ELEIÇÃO MUNICIPAL 2012;07/10/2012;M;ES;56057;ALFREDO CHAVES;56057;ALFREDO CHAVES;12;12;13;Vereador;40321;GILSON LUIZ BELLON;2;1058
27/07/2021;17:04:35;2012;2;Eleição Ordinária;1;47;ELEIÇÃO MUNICIPAL 2012;07/10/2012;M;ES;56057;ALFREDO CHAVES;56057;ALFREDO CHAVES;12;12;13;Vereador;22123;JAMIR PIETRALONGA;3;1058
27/07/2021;17:04:35;2012;2;Eleição Ordinária;1;47;ELEIÇÃO MUNICIPAL 2012;07/10/2012;M;ES;56057;ALFREDO CHAVES;56057;ALFREDO CHAVES;12;12;13;Vereador;45789;JOAO BOSCO COSTA JUNIOR;1;1058
27/07/2021;17:04:35;2012;2;Eleição Ordinária;1;47;ELEIÇÃO MUNICIPAL 2012;07/10/2012;M;ES;56057;ALFREDO CHAVES;56057;ALFREDO CHAVES;12;12;13;Vereador;45000;JONAS NUNES SIMÕES;4;1058
27/07/2021;17:04:35;2012;2;Eleição Ordinária;1;47;ELEIÇÃO MUNICIPAL 2012;07/10/2012;M;ES;56057;ALFREDO CHAVES;56057;ALFREDO CHAVES;12;12;13;Vereador;12333;JOSE CARLOS CRAVEIRO CAMPOS;2;1058
27/07/2021;17:04:35;2012;2;Eleição Ordinária;1;47;ELEIÇÃO MUNICIPAL 2012;07/10/2012;M;ES;56057;ALFREDO CHAVES;56057;ALFREDO CHAVES;12;12;13;Vereador;13366;JOSÉ DOMINGOS GOTTARDO;1;1058
27/07/2021;17:04:35;2012;2;Eleição Ordinária;1;47;ELEIÇÃO MUNICIPAL 2012;07/10/2012;M;ES;56057;ALFREDO CHAVES;56057;ALFREDO CHAVES;12;12;13;Vereador;40789;JOÃO BOSCO COSTA;8;1058
27/07/2021;17:04:35;2012;2;Eleição Ordinária;1;47;ELEIÇÃO MUNICIPAL 2012;07/10/2012;M;ES;56057;ALFREDO CHAVES;56057;ALFREDO CHAVES;12;12;13;Vereador;11100;MARIA DA PENHA SQUASANTE CAVATI;1;1058
27/07/2021;17:04:35;2012;2;Eleição Ordinária;1;47;ELEIÇÃO MUNICIPAL 2012;07/10/2012;M;ES;56057;ALFREDO CHAVES;56057;ALFREDO CHAVES;12;12;13;Vereador;40777;MARINALVA STEFANON;2;1058
27/07/2021;17:04:35;2012;2;Eleição Ordinária;1;47;ELEIÇÃO MUNICIPAL 2012;07/10/2012;M;ES;56057;ALFREDO CHAVES;56057;ALFREDO CHAVES;12;12;13;Vereador;15311;NARCIZO DE ABREU GRASSI;11;1058
27/07/2021;17:04:35;2012;2;Eleição Ordinária;1;47;ELEIÇÃO MUNICIPAL 2012;07/10/2012;M;ES;56057;ALFREDO CHAVES;56057;ALFREDO CHAVES;12;12;13;Vereador;45;PARTIDO DA SOCIAL DEMOCRACIA BRASILEIRA;1;1058
27/07/2021;17:04:35;2012;2;Eleição Ordinária;1;47;ELEIÇÃO MUNICIPAL 2012;07/10/2012;M;ES;56057;ALFREDO CHAVES;56057;ALFREDO CHAVES;12;12;13;Vereador;15;PARTIDO DO MOVIMENTO DEMOCRÁTICO BRASILEIRO;2;1058
27/07/2021;17:04:35;2012;2;Eleição Ordinária;1;47;ELEIÇÃO MUNICIPAL 2012;07/10/2012;M;ES;56057;ALFREDO CHAVES;56057;ALFREDO CHAVES;12;12;13;Vereador;23;PARTIDO POPULAR SOCIALISTA;1;1058
27/07/2021;17:04:35;2012;2;Eleição Ordinária;1;47;ELEIÇÃO MUNICIPAL 2012;07/10/2012;M;ES;56057;ALFREDO CHAVES;56057;ALFREDO CHAVES;12;12;13;Vereador;55;PARTIDO SOCIAL DEMOCRÁTICO;2;1058
27/07/2021;17:04:35;2012;2;Eleição Ordinária;1;47;ELEIÇÃO MUNICIPAL 2012;07/10/2012;M;ES;56057;ALFREDO CHAVES;56057;ALFREDO CHAVES;12;12;13;Vereador;40;PARTIDO SOCIALISTA BRASILEIRO;2;1058
27/07/2021;17:04:35;2012;2;Eleição Ordinária;1;47;ELEIÇÃO MUNICIPAL 2012;07/10/2012;M;ES;56057;ALFREDO CHAVES;56057;ALFREDO CHAVES;12;12;13;Vereador;14;PARTIDO TRABALHISTA BRASILEIRO;1;1058
27/07/2021;17:04:35;2012;2;Eleição Ordinária;1;47;ELEIÇÃO MUNICIPAL 2012;07/10/2012;M;ES;56057;ALFREDO CHAVES;56057;ALFREDO CHAVES;12;12;13;Vereador;23666;PAULO MUNALDI;6;1058
27/07/2021;17:04:35;2012;2;Eleição Ordinária;1;47;ELEIÇÃO MUNICIPAL 2012;07/10/2012;M;ES;56057;ALFREDO CHAVES;56057;ALFREDO CHAVES;12;12;13;Vereador;11123;PRIMO ARMELINDO BERGAMI;22;1058
27/07/2021;17:04:35;2012;2;Eleição Ordinária;1;47;ELEIÇÃO MUNICIPAL 2012;07/10/2012;M;ES;56057;ALFREDO CHAVES;56057;ALFREDO CHAVES;12;12;13;Vereador;23333;RENATO CARDOSO;3;1058
27/07/2021;17:04:35;2012;2;Eleição Ordinária;1;47;ELEIÇÃO MUNICIPAL 2012;07/10/2012;M;ES;56057;ALFREDO CHAVES;56057;ALFREDO CHAVES;12;12;13;Vereador;40456;SERAFINO ANTONIO SIMONI;2;1058
27/07/2021;17:04:35;2012;2;Eleição Ordinária;1;47;ELEIÇÃO MUNICIPAL 2012;07/10/2012;M;ES;56057;ALFREDO CHAVES;56057;ALFREDO CHAVES;12;12;13;Vereador;11000;SERGIO AUGUSTO ROVEDA;1;1058
27/07/2021;17:04:35;2012;2;Eleição Ordinária;1;47;ELEIÇÃO MUNICIPAL 2012;07/10/2012;M;ES;56057;ALFREDO CHAVES;56057;ALFREDO CHAVES;12;12;13;Vereador;13123;SIMÃO LOPES DOS SANTOS;4;1058
27/07/2021;17:04:35;2012;2;Eleição Ordinária;1;47;ELEIÇÃO MUNICIPAL 2012;07/10/2012;M;ES;56057;ALFREDO CHAVES;56057;ALFREDO CHAVES;12;12;13;Vereador;95;VOTO BRANCO;1;1058
27/07/2021;17:04:35;2012;2;Eleição Ordinária;1;47;ELEIÇÃO MUNICIPAL 2012;07/10/2012;M;ES;56057;ALFREDO CHAVES;56057;ALFREDO CHAVES;12;12;13;Vereador;96;VOTO NULO;3;1058
27/07/2021;17:04:35;2012;2;Eleição Ordinária;1;47;ELEIÇÃO MUNICIPAL 2012;07/10/2012;M;ES;56057;ALFREDO CHAVES;56057;ALFREDO CHAVES;12;13;11;Prefeito;40;ROBERTO FORTUNATO FIORIN;213;1058
27/07/2021;17:04:35;2012;2;Eleição Ordinária;1;47;ELEIÇÃO MUNICIPAL 2012;07/10/2012;M;ES;56057;ALFREDO CHAVES;56057;ALFREDO CHAVES;12;13;11;Prefeito;55;SERGIO BIANCHI;97;1058
27/07/2021;17:04:35;2012;2;Eleição Ordinária;1;47;ELEIÇÃO MUNICIPAL 2012;07/10/2012;M;ES;56057;ALFREDO CHAVES;56057;ALFREDO CHAVES;12;13;11;Prefeito;95;VOTO BRANCO;10;1058
27/07/2021;17:04:35;2012;2;Eleição Ordinária;1;47;ELEIÇÃO MUNICIPAL 2012;07/10/2012;M;ES;56057;ALFREDO CHAVES;56057;ALFREDO CHAVES;12;13;11;Prefeito;96;VOTO NULO;10;1058
27/07/2021;17:04:35;2012;2;Eleição Ordinária;1;47;ELEIÇÃO MUNICIPAL 2012;07/10/2012;M;ES;56057;ALFREDO CHAVES;56057;ALFREDO CHAVES;12;13;13;Vereador;23444;AGENOR LORENZON;1;1058
27/07/2021;17:04:35;2012;2;Eleição Ordinária;1;47;ELEIÇÃO MUNICIPAL 2012;07/10/2012;M;ES;56057;ALFREDO CHAVES;56057;ALFREDO CHAVES;12;13;13;Vereador;15555;ALMIR ANTONIO FAVERO;96;1058
27/07/2021;17:04:35;2012;2;Eleição Ordinária;1;47;ELEIÇÃO MUNICIPAL 2012;07/10/2012;M;ES;56057;ALFREDO CHAVES;56057;ALFREDO CHAVES;12;13;13;Vereador;23612;ANDRÉ SARTORI;1;1058
27/07/2021;17:04:35;2012;2;Eleição Ordinária;1;47;ELEIÇÃO MUNICIPAL 2012;07/10/2012;M;ES;56057;ALFREDO CHAVES;56057;ALFREDO CHAVES;12;13;13;Vereador;40444;ANGELA MARIA VOLPONI FURLAN;1;1058
27/07/2021;17:04:35;2012;2;Eleição Ordinária;1;47;ELEIÇÃO MUNICIPAL 2012;07/10/2012;M;ES;56057;ALFREDO CHAVES;56057;ALFREDO CHAVES;12;13;13;Vereador;12345;ARMANDO ZANATA INGLE RIBEIRO;13;1058
27/07/2021;17:04:35;2012;2;Eleição Ordinária;1;47;ELEIÇÃO MUNICIPAL 2012;07/10/2012;M;ES;56057;ALFREDO CHAVES;56057;ALFREDO CHAVES;12;13;13;Vereador;40111;CHARLES GAIGHER;98;1058
27/07/2021;17:04:35;2012;2;Eleição Ordinária;1;47;ELEIÇÃO MUNICIPAL 2012;07/10/2012;M;ES;56057;ALFREDO CHAVES;56057;ALFREDO CHAVES;12;13;13;Vereador;13131;DOMINGOS MAROTTO;2;1058
27/07/2021;17:04:35;2012;2;Eleição Ordinária;1;47;ELEIÇÃO MUNICIPAL 2012;07/10/2012;M;ES;56057;ALFREDO CHAVES;56057;ALFREDO CHAVES;12;13;13;Vereador;23555;DOMINGOS SAVIO DALLECRODE;1;1058
27/07/2021;17:04:35;2012;2;Eleição Ordinária;1;47;ELEIÇÃO MUNICIPAL 2012;07/10/2012;M;ES;56057;ALFREDO CHAVES;56057;ALFREDO CHAVES;12;13;13;Vereador;15678;ELIAS JOSÉ SARTORI;6;1058
27/07/2021;17:04:35;2012;2;Eleição Ordinária;1;47;ELEIÇÃO MUNICIPAL 2012;07/10/2012;M;ES;56057;ALFREDO CHAVES;56057;ALFREDO CHAVES;12;13;13;Vereador;14214;ERTA DE PAULA GAIGHER;1;1058
27/07/2021;17:04:35;2012;2;Eleição Ordinária;1;47;ELEIÇÃO MUNICIPAL 2012;07/10/2012;M;ES;56057;ALFREDO CHAVES;56057;ALFREDO CHAVES;12;13;13;Vereador;40222;FERNANDO ALVES;3;1058
27/07/2021;17:04:35;2012;2;Eleição Ordinária;1;47;ELEIÇÃO MUNICIPAL 2012;07/10/2012;M;ES;56057;ALFREDO CHAVES;56057;ALFREDO CHAVES;12;13;13;Vereador;55555;GERALDO BAYER;4;1058
27/07/2021;17:04:35;2012;2;Eleição Ordinária;1;47;ELEIÇÃO MUNICIPAL 2012;07/10/2012;M;ES;56057;ALFREDO CHAVES;56057;ALFREDO CHAVES;12;13;13;Vereador;40321;GILSON LUIZ BELLON;7;1058
27/07/2021;17:04:35;2012;2;Eleição Ordinária;1;47;ELEIÇÃO MUNICIPAL 2012;07/10/2012;M;ES;56057;ALFREDO CHAVES;56057;ALFREDO CHAVES;12;13;13;Vereador;22123;JAMIR PIETRALONGA;1;1058
27/07/2021;17:04:35;2012;2;Eleição Ordinária;1;47;ELEIÇÃO MUNICIPAL 2012;07/10/2012;M;ES;56057;ALFREDO CHAVES;56057;ALFREDO CHAVES;12;13;13;Vereador;45000;JONAS NUNES SIMÕES;5;1058
27/07/2021;17:04:35;2012;2;Eleição Ordinária;1;47;ELEIÇÃO MUNICIPAL 2012;07/10/2012;M;ES;56057;ALFREDO CHAVES;56057;ALFREDO CHAVES;12;13;13;Vereador;12333;JOSE CARLOS CRAVEIRO CAMPOS;2;1058
27/07/2021;17:04:35;2012;2;Eleição Ordinária;1;47;ELEIÇÃO MUNICIPAL 2012;07/10/2012;M;ES;56057;ALFREDO CHAVES;56057;ALFREDO CHAVES;12;13;13;Vereador;13366;JOSÉ DOMINGOS GOTTARDO;6;1058
27/07/2021;17:04:35;2012;2;Eleição Ordinária;1;47;ELEIÇÃO MUNICIPAL 2012;07/10/2012;M;ES;56057;ALFREDO CHAVES;56057;ALFREDO CHAVES;12;13;13;Vereador;40789;JOÃO BOSCO COSTA;12;1058
27/07/2021;17:04:35;2012;2;Eleição Ordinária;1;47;ELEIÇÃO MUNICIPAL 2012;07/10/2012;M;ES;56057;ALFREDO CHAVES;56057;ALFREDO CHAVES;12;13;13;Vereador;40777;MARINALVA STEFANON;2;1058
27/07/2021;17:04:35;2012;2;Eleição Ordinária;1;47;ELEIÇÃO MUNICIPAL 2012;07/10/2012;M;ES;56057;ALFREDO CHAVES;56057;ALFREDO CHAVES;12;13;13;Vereador;15311;NARCIZO DE ABREU GRASSI;10;1058
27/07/2021;17:04:35;2012;2;Eleição Ordinária;1;47;ELEIÇÃO MUNICIPAL 2012;07/10/2012;M;ES;56057;ALFREDO CHAVES;56057;ALFREDO CHAVES;12;13;13;Vereador;12;PARTIDO DEMOCRÁTICO TRABALHISTA;1;1058
27/07/2021;17:04:35;2012;2;Eleição Ordinária;1;47;ELEIÇÃO MUNICIPAL 2012;07/10/2012;M;ES;56057;ALFREDO CHAVES;56057;ALFREDO CHAVES;12;13;13;Vereador;15;PARTIDO DO MOVIMENTO DEMOCRÁTICO BRASILEIRO;2;1058
27/07/2021;17:04:35;2012;2;Eleição Ordinária;1;47;ELEIÇÃO MUNICIPAL 2012;07/10/2012;M;ES;56057;ALFREDO CHAVES;56057;ALFREDO CHAVES;12;13;13;Vereador;13;PARTIDO DOS TRABALHADORES;1;1058
27/07/2021;17:04:35;2012;2;Eleição Ordinária;1;47;ELEIÇÃO MUNICIPAL 2012;07/10/2012;M;ES;56057;ALFREDO CHAVES;56057;ALFREDO CHAVES;12;13;13;Vereador;11;PARTIDO PROGRESSISTA;3;1058
27/07/2021;17:04:35;2012;2;Eleição Ordinária;1;47;ELEIÇÃO MUNICIPAL 2012;07/10/2012;M;ES;56057;ALFREDO CHAVES;56057;ALFREDO CHAVES;12;13;13;Vereador;55;PARTIDO SOCIAL DEMOCRÁTICO;3;1058
27/07/2021;17:04:35;2012;2;Eleição Ordinária;1;47;ELEIÇÃO MUNICIPAL 2012;07/10/2012;M;ES;56057;ALFREDO CHAVES;56057;ALFREDO CHAVES;12;13;13;Vereador;40;PARTIDO SOCIALISTA BRASILEIRO;1;1058
27/07/2021;17:04:35;2012;2;Eleição Ordinária;1;47;ELEIÇÃO MUNICIPAL 2012;07/10/2012;M;ES;56057;ALFREDO CHAVES;56057;ALFREDO CHAVES;12;13;13;Vereador;23666;PAULO MUNALDI;8;1058
27/07/2021;17:04:35;2012;2;Eleição Ordinária;1;47;ELEIÇÃO MUNICIPAL 2012;07/10/2012;M;ES;56057;ALFREDO CHAVES;56057;ALFREDO CHAVES;12;13;13;Vereador;11123;PRIMO ARMELINDO BERGAMI;20;1058
27/07/2021;17:04:35;2012;2;Eleição Ordinária;1;47;ELEIÇÃO MUNICIPAL 2012;07/10/2012;M;ES;56057;ALFREDO CHAVES;56057;ALFREDO CHAVES;12;13;13;Vereador;40456;SERAFINO ANTONIO SIMONI;2;1058
27/07/2021;17:04:35;2012;2;Eleição Ordinária;1;47;ELEIÇÃO MUNICIPAL 2012;07/10/2012;M;ES;56057;ALFREDO CHAVES;56057;ALFREDO CHAVES;12;13;13;Vereador;13123;SIMÃO LOPES DOS SANTOS;5;1058
27/07/2021;17:04:35;2012;2;Eleição Ordinária;1;47;ELEIÇÃO MUNICIPAL 2012;07/10/2012;M;ES;56057;ALFREDO CHAVES;56057;ALFREDO CHAVES;12;13;13;Vereador;95;VOTO BRANCO;3;1058
27/07/2021;17:04:35;2012;2;Eleição Ordinária;1;47;ELEIÇÃO MUNICIPAL 2012;07/10/2012;M;ES;56057;ALFREDO CHAVES;56057;ALFREDO CHAVES;12;13;13;Vereador;96;VOTO NULO;9;1058
27/07/2021;17:04:35;2012;2;Eleição Ordinária;1;47;ELEIÇÃO MUNICIPAL 2012;07/10/2012;M;ES;56057;ALFREDO CHAVES;56057;ALFREDO CHAVES;12;14;11;Prefeito;40;ROBERTO FORTUNATO FIORIN;121;1066
27/07/2021;17:04:35;2012;2;Eleição Ordinária;1;47;ELEIÇÃO MUNICIPAL 2012;07/10/2012;M;ES;56057;ALFREDO CHAVES;56057;ALFREDO CHAVES;12;14;11;Prefeito;55;SERGIO BIANCHI;81;1066
27/07/2021;17:04:35;2012;2;Eleição Ordinária;1;47;ELEIÇÃO MUNICIPAL 2012;07/10/2012;M;ES;56057;ALFREDO CHAVES;56057;ALFREDO CHAVES;12;14;11;Prefeito;95;VOTO BRANCO;5;1066
27/07/2021;17:04:35;2012;2;Eleição Ordinária;1;47;ELEIÇÃO MUNICIPAL 2012;07/10/2012;M;ES;56057;ALFREDO CHAVES;56057;ALFREDO CHAVES;12;14;11;Prefeito;96;VOTO NULO;9;1066
27/07/2021;17:04:35;2012;2;Eleição Ordinária;1;47;ELEIÇÃO MUNICIPAL 2012;07/10/2012;M;ES;56057;ALFREDO CHAVES;56057;ALFREDO CHAVES;12;14;13;Vereador;23444;AGENOR LORENZON;15;1066
27/07/2021;17:04:35;2012;2;Eleição Ordinária;1;47;ELEIÇÃO MUNICIPAL 2012;07/10/2012;M;ES;56057;ALFREDO CHAVES;56057;ALFREDO CHAVES;12;14;13;Vereador;15555;ALMIR ANTONIO FAVERO;1;1066
27/07/2021;17:04:35;2012;2;Eleição Ordinária;1;47;ELEIÇÃO MUNICIPAL 2012;07/10/2012;M;ES;56057;ALFREDO CHAVES;56057;ALFREDO CHAVES;12;14;13;Vereador;23612;ANDRÉ SARTORI;9;1066
27/07/2021;17:04:35;2012;2;Eleição Ordinária;1;47;ELEIÇÃO MUNICIPAL 2012;07/10/2012;M;ES;56057;ALFREDO CHAVES;56057;ALFREDO CHAVES;12;14;13;Vereador;11234;ANGELO ARPINI;2;1066
27/07/2021;17:04:35;2012;2;Eleição Ordinária;1;47;ELEIÇÃO MUNICIPAL 2012;07/10/2012;M;ES;56057;ALFREDO CHAVES;56057;ALFREDO CHAVES;12;14;13;Vereador;12345;ARMANDO ZANATA INGLE RIBEIRO;2;1066
27/07/2021;17:04:35;2012;2;Eleição Ordinária;1;47;ELEIÇÃO MUNICIPAL 2012;07/10/2012;M;ES;56057;ALFREDO CHAVES;56057;ALFREDO CHAVES;12;14;13;Vereador;11567;AUXILIADORA ROSA;1;1066
27/07/2021;17:04:35;2012;2;Eleição Ordinária;1;47;ELEIÇÃO MUNICIPAL 2012;07/10/2012;M;ES;56057;ALFREDO CHAVES;56057;ALFREDO CHAVES;12;14;13;Vereador;40111;CHARLES GAIGHER;2;1066
27/07/2021;17:04:35;2012;2;Eleição Ordinária;1;47;ELEIÇÃO MUNICIPAL 2012;07/10/2012;M;ES;56057;ALFREDO CHAVES;56057;ALFREDO CHAVES;12;14;13;Vereador;40123;CLEOMIR GOBBI BUBACK;16;1066
27/07/2021;17:04:35;2012;2;Eleição Ordinária;1;47;ELEIÇÃO MUNICIPAL 2012;07/10/2012;M;ES;56057;ALFREDO CHAVES;56057;ALFREDO CHAVES;12;14;13;Vereador;40333;DARCI ESCANDIAN;1;1066
27/07/2021;17:04:35;2012;2;Eleição Ordinária;1;47;ELEIÇÃO MUNICIPAL 2012;07/10/2012;M;ES;56057;ALFREDO CHAVES;56057;ALFREDO CHAVES;12;14;13;Vereador;13131;DOMINGOS MAROTTO;5;1066
27/07/2021;17:04:35;2012;2;Eleição Ordinária;1;47;ELEIÇÃO MUNICIPAL 2012;07/10/2012;M;ES;56057;ALFREDO CHAVES;56057;ALFREDO CHAVES;12;14;13;Vereador;40555;EDEVANILDE GORETI BREDA;10;1066
27/07/2021;17:04:35;2012;2;Eleição Ordinária;1;47;ELEIÇÃO MUNICIPAL 2012;07/10/2012;M;ES;56057;ALFREDO CHAVES;56057;ALFREDO CHAVES;12;14;13;Vereador;11456;EDSON ANTONIO REGIANI;18;1066
27/07/2021;17:04:35;2012;2;Eleição Ordinária;1;47;ELEIÇÃO MUNICIPAL 2012;07/10/2012;M;ES;56057;ALFREDO CHAVES;56057;ALFREDO CHAVES;12;14;13;Vereador;10123;ELISAEL DOS SANTOS FERREIRA;3;1066
27/07/2021;17:04:35;2012;2;Eleição Ordinária;1;47;ELEIÇÃO MUNICIPAL 2012;07/10/2012;M;ES;56057;ALFREDO CHAVES;56057;ALFREDO CHAVES;12;14;13;Vereador;11789;ELIZETE MARIA FURLAN;1;1066
27/07/2021;17:04:35;2012;2;Eleição Ordinária;1;47;ELEIÇÃO MUNICIPAL 2012;07/10/2012;M;ES;56057;ALFREDO CHAVES;56057;ALFREDO CHAVES;12;14;13;Vereador;40222;FERNANDO ALVES;1;1066
27/07/2021;17:04:35;2012;2;Eleição Ordinária;1;47;ELEIÇÃO MUNICIPAL 2012;07/10/2012;M;ES;56057;ALFREDO CHAVES;56057;ALFREDO CHAVES;12;14;13;Vereador;55555;GERALDO BAYER;4;1066
27/07/2021;17:04:35;2012;2;Eleição Ordinária;1;47;ELEIÇÃO MUNICIPAL 2012;07/10/2012;M;ES;56057;ALFREDO CHAVES;56057;ALFREDO CHAVES;12;14;13;Vereador;22123;JAMIR PIETRALONGA;2;1066
27/07/2021;17:04:35;2012;2;Eleição Ordinária;1;47;ELEIÇÃO MUNICIPAL 2012;07/10/2012;M;ES;56057;ALFREDO CHAVES;56057;ALFREDO CHAVES;12;14;13;Vereador;45000;JONAS NUNES SIMÕES;7;1066
27/07/2021;17:04:35;2012;2;Eleição Ordinária;1;47;ELEIÇÃO MUNICIPAL 2012;07/10/2012;M;ES;56057;ALFREDO CHAVES;56057;ALFREDO CHAVES;12;14;13;Vereador;12333;JOSE CARLOS CRAVEIRO CAMPOS;5;1066
27/07/2021;17:04:35;2012;2;Eleição Ordinária;1;47;ELEIÇÃO MUNICIPAL 2012;07/10/2012;M;ES;56057;ALFREDO CHAVES;56057;ALFREDO CHAVES;12;14;13;Vereador;11345;JOSÉ ALVES PEREIRA;2;1066
27/07/2021;17:04:35;2012;2;Eleição Ordinária;1;47;ELEIÇÃO MUNICIPAL 2012;07/10/2012;M;ES;56057;ALFREDO CHAVES;56057;ALFREDO CHAVES;12;14;13;Vereador;40789;JOÃO BOSCO COSTA;4;1066
27/07/2021;17:04:35;2012;2;Eleição Ordinária;1;47;ELEIÇÃO MUNICIPAL 2012;07/10/2012;M;ES;56057;ALFREDO CHAVES;56057;ALFREDO CHAVES;12;14;13;Vereador;11333;MARCO ANTONIO MOZER;1;1066
27/07/2021;17:04:35;2012;2;Eleição Ordinária;1;47;ELEIÇÃO MUNICIPAL 2012;07/10/2012;M;ES;56057;ALFREDO CHAVES;56057;ALFREDO CHAVES;12;14;13;Vereador;11100;MARIA DA PENHA SQUASANTE CAVATI;11;1066
27/07/2021;17:04:35;2012;2;Eleição Ordinária;1;47;ELEIÇÃO MUNICIPAL 2012;07/10/2012;M;ES;56057;ALFREDO CHAVES;56057;ALFREDO CHAVES;12;14;13;Vereador;40777;MARINALVA STEFANON;4;1066
27/07/2021;17:04:35;2012;2;Eleição Ordinária;1;47;ELEIÇÃO MUNICIPAL 2012;07/10/2012;M;ES;56057;ALFREDO CHAVES;56057;ALFREDO CHAVES;12;14;13;Vereador;15311;NARCIZO DE ABREU GRASSI;40;1066
27/07/2021;17:04:35;2012;2;Eleição Ordinária;1;47;ELEIÇÃO MUNICIPAL 2012;07/10/2012;M;ES;56057;ALFREDO CHAVES;56057;ALFREDO CHAVES;12;14;13;Vereador;22;PARTIDO DA REPÚBLICA;5;1066
27/07/2021;17:04:35;2012;2;Eleição Ordinária;1;47;ELEIÇÃO MUNICIPAL 2012;07/10/2012;M;ES;56057;ALFREDO CHAVES;56057;ALFREDO CHAVES;12;14;13;Vereador;15;PARTIDO DO MOVIMENTO DEMOCRÁTICO BRASILEIRO;1;1066
27/07/2021;17:04:35;2012;2;Eleição Ordinária;1;47;ELEIÇÃO MUNICIPAL 2012;07/10/2012;M;ES;56057;ALFREDO CHAVES;56057;ALFREDO CHAVES;12;14;13;Vereador;11;PARTIDO PROGRESSISTA;5;1066
27/07/2021;17:04:35;2012;2;Eleição Ordinária;1;47;ELEIÇÃO MUNICIPAL 2012;07/10/2012;M;ES;56057;ALFREDO CHAVES;56057;ALFREDO CHAVES;12;14;13;Vereador;55;PARTIDO SOCIAL DEMOCRÁTICO;3;1066
27/07/2021;17:04:35;2012;2;Eleição Ordinária;1;47;ELEIÇÃO MUNICIPAL 2012;07/10/2012;M;ES;56057;ALFREDO CHAVES;56057;ALFREDO CHAVES;12;14;13;Vereador;40;PARTIDO SOCIALISTA BRASILEIRO;6;1066
27/07/2021;17:04:35;2012;2;Eleição Ordinária;1;47;ELEIÇÃO MUNICIPAL 2012;07/10/2012;M;ES;56057;ALFREDO CHAVES;56057;ALFREDO CHAVES;12;14;13;Vereador;23666;PAULO MUNALDI;5;1066
27/07/2021;17:04:35;2012;2;Eleição Ordinária;1;47;ELEIÇÃO MUNICIPAL 2012;07/10/2012;M;ES;56057;ALFREDO CHAVES;56057;ALFREDO CHAVES;12;14;13;Vereador;11123;PRIMO ARMELINDO BERGAMI;13;1066
27/07/2021;17:04:35;2012;2;Eleição Ordinária;1;47;ELEIÇÃO MUNICIPAL 2012;07/10/2012;M;ES;56057;ALFREDO CHAVES;56057;ALFREDO CHAVES;12;14;13;Vereador;23333;RENATO CARDOSO;1;1066
27/07/2021;17:04:35;2012;2;Eleição Ordinária;1;47;ELEIÇÃO MUNICIPAL 2012;07/10/2012;M;ES;56057;ALFREDO CHAVES;56057;ALFREDO CHAVES;12;14;13;Vereador;40456;SERAFINO ANTONIO SIMONI;3;1066
27/07/2021;17:04:35;2012;2;Eleição Ordinária;1;47;ELEIÇÃO MUNICIPAL 2012;07/10/2012;M;ES;56057;ALFREDO CHAVES;56057;ALFREDO CHAVES;12;14;13;Vereador;11000;SERGIO AUGUSTO ROVEDA;1;1066
27/07/2021;17:04:35;2012;2;Eleição Ordinária;1;47;ELEIÇÃO MUNICIPAL 2012;07/10/2012;M;ES;56057;ALFREDO CHAVES;56057;ALFREDO CHAVES;12;14;13;Vereador;13123;SIMÃO LOPES DOS SANTOS;3;1066
27/07/2021;17:04:35;2012;2;Eleição Ordinária;1;47;ELEIÇÃO MUNICIPAL 2012;07/10/2012;M;ES;56057;ALFREDO CHAVES;56057;ALFREDO CHAVES;12;14;13;Vereador;95;VOTO BRANCO;1;1066
27/07/2021;17:04:35;2012;2;Eleição Ordinária;1;47;ELEIÇÃO MUNICIPAL 2012;07/10/2012;M;ES;56057;ALFREDO CHAVES;56057;ALFREDO CHAVES;12;14;13;Vereador;96;VOTO NULO;2;1066
27/07/2021;17:04:35;2012;2;Eleição Ordinária;1;47;ELEIÇÃO MUNICIPAL 2012;07/10/2012;M;ES;56057;ALFREDO CHAVES;56057;ALFREDO CHAVES;12;15;11;Prefeito;40;ROBERTO FORTUNATO FIORIN;234;1074
27/07/2021;17:04:35;2012;2;Eleição Ordinária;1;47;ELEIÇÃO MUNICIPAL 2012;07/10/2012;M;ES;56057;ALFREDO CHAVES;56057;ALFREDO CHAVES;12;15;11;Prefeito;55;SERGIO BIANCHI;123;1074
27/07/2021;17:04:35;2012;2;Eleição Ordinária;1;47;ELEIÇÃO MUNICIPAL 2012;07/10/2012;M;ES;56057;ALFREDO CHAVES;56057;ALFREDO CHAVES;12;15;11;Prefeito;95;VOTO BRANCO;22;1074
27/07/2021;17:04:35;2012;2;Eleição Ordinária;1;47;ELEIÇÃO MUNICIPAL 2012;07/10/2012;M;ES;56057;ALFREDO CHAVES;56057;ALFREDO CHAVES;12;15;11;Prefeito;96;VOTO NULO;15;1074
27/07/2021;17:04:35;2012;2;Eleição Ordinária;1;47;ELEIÇÃO MUNICIPAL 2012;07/10/2012;M;ES;56057;ALFREDO CHAVES;56057;ALFREDO CHAVES;12;15;13;Vereador;23444;AGENOR LORENZON;66;1074
27/07/2021;17:04:35;2012;2;Eleição Ordinária;1;47;ELEIÇÃO MUNICIPAL 2012;07/10/2012;M;ES;56057;ALFREDO CHAVES;56057;ALFREDO CHAVES;12;15;13;Vereador;23612;ANDRÉ SARTORI;19;1074
27/07/2021;17:04:35;2012;2;Eleição Ordinária;1;47;ELEIÇÃO MUNICIPAL 2012;07/10/2012;M;ES;56057;ALFREDO CHAVES;56057;ALFREDO CHAVES;12;15;13;Vereador;40444;ANGELA MARIA VOLPONI FURLAN;1;1074
27/07/2021;17:04:35;2012;2;Eleição Ordinária;1;47;ELEIÇÃO MUNICIPAL 2012;07/10/2012;M;ES;56057;ALFREDO CHAVES;56057;ALFREDO CHAVES;12;15;13;Vereador;11234;ANGELO ARPINI;2;1074
27/07/2021;17:04:35;2012;2;Eleição Ordinária;1;47;ELEIÇÃO MUNICIPAL 2012;07/10/2012;M;ES;56057;ALFREDO CHAVES;56057;ALFREDO CHAVES;12;15;13;Vereador;12345;ARMANDO ZANATA INGLE RIBEIRO;7;1074
27/07/2021;17:04:35;2012;2;Eleição Ordinária;1;47;ELEIÇÃO MUNICIPAL 2012;07/10/2012;M;ES;56057;ALFREDO CHAVES;56057;ALFREDO CHAVES;12;15;13;Vereador;40111;CHARLES GAIGHER;6;1074
27/07/2021;17:04:35;2012;2;Eleição Ordinária;1;47;ELEIÇÃO MUNICIPAL 2012;07/10/2012;M;ES;56057;ALFREDO CHAVES;56057;ALFREDO CHAVES;12;15;13;Vereador;40123;CLEOMIR GOBBI BUBACK;8;1074
27/07/2021;17:04:35;2012;2;Eleição Ordinária;1;47;ELEIÇÃO MUNICIPAL 2012;07/10/2012;M;ES;56057;ALFREDO CHAVES;56057;ALFREDO CHAVES;12;15;13;Vereador;40333;DARCI ESCANDIAN;3;1074
27/07/2021;17:04:35;2012;2;Eleição Ordinária;1;47;ELEIÇÃO MUNICIPAL 2012;07/10/2012;M;ES;56057;ALFREDO CHAVES;56057;ALFREDO CHAVES;12;15;13;Vereador;13131;DOMINGOS MAROTTO;2;1074
27/07/2021;17:04:35;2012;2;Eleição Ordinária;1;47;ELEIÇÃO MUNICIPAL 2012;07/10/2012;M;ES;56057;ALFREDO CHAVES;56057;ALFREDO CHAVES;12;15;13;Vereador;23555;DOMINGOS SAVIO DALLECRODE;1;1074
27/07/2021;17:04:35;2012;2;Eleição Ordinária;1;47;ELEIÇÃO MUNICIPAL 2012;07/10/2012;M;ES;56057;ALFREDO CHAVES;56057;ALFREDO CHAVES;12;15;13;Vereador;40555;EDEVANILDE GORETI BREDA;3;1074
27/07/2021;17:04:35;2012;2;Eleição Ordinária;1;47;ELEIÇÃO MUNICIPAL 2012;07/10/2012;M;ES;56057;ALFREDO CHAVES;56057;ALFREDO CHAVES;12;15;13;Vereador;11456;EDSON ANTONIO REGIANI;6;1074
27/07/2021;17:04:35;2012;2;Eleição Ordinária;1;47;ELEIÇÃO MUNICIPAL 2012;07/10/2012;M;ES;56057;ALFREDO CHAVES;56057;ALFREDO CHAVES;12;15;13;Vereador;15678;ELIAS JOSÉ SARTORI;1;1074
27/07/2021;17:04:35;2012;2;Eleição Ordinária;1;47;ELEIÇÃO MUNICIPAL 2012;07/10/2012;M;ES;56057;ALFREDO CHAVES;56057;ALFREDO CHAVES;12;15;13;Vereador;10000;FABIO BUZZETE LOURENÇO;1;1074
27/07/2021;17:04:35;2012;2;Eleição Ordinária;1;47;ELEIÇÃO MUNICIPAL 2012;07/10/2012;M;ES;56057;ALFREDO CHAVES;56057;ALFREDO CHAVES;12;15;13;Vereador;40222;FERNANDO ALVES;1;1074
27/07/2021;17:04:35;2012;2;Eleição Ordinária;1;47;ELEIÇÃO MUNICIPAL 2012;07/10/2012;M;ES;56057;ALFREDO CHAVES;56057;ALFREDO CHAVES;12;15;13;Vereador;55555;GERALDO BAYER;8;1074
27/07/2021;17:04:35;2012;2;Eleição Ordinária;1;47;ELEIÇÃO MUNICIPAL 2012;07/10/2012;M;ES;56057;ALFREDO CHAVES;56057;ALFREDO CHAVES;12;15;13;Vereador;40321;GILSON LUIZ BELLON;62;1074
27/07/2021;17:04:35;2012;2;Eleição Ordinária;1;47;ELEIÇÃO MUNICIPAL 2012;07/10/2012;M;ES;56057;ALFREDO CHAVES;56057;ALFREDO CHAVES;12;15;13;Vereador;45000;JONAS NUNES SIMÕES;3;1074
27/07/2021;17:04:35;2012;2;Eleição Ordinária;1;47;ELEIÇÃO MUNICIPAL 2012;07/10/2012;M;ES;56057;ALFREDO CHAVES;56057;ALFREDO CHAVES;12;15;13;Vereador;12333;JOSE CARLOS CRAVEIRO CAMPOS;3;1074
27/07/2021;17:04:35;2012;2;Eleição Ordinária;1;47;ELEIÇÃO MUNICIPAL 2012;07/10/2012;M;ES;56057;ALFREDO CHAVES;56057;ALFREDO CHAVES;12;15;13;Vereador;13366;JOSÉ DOMINGOS GOTTARDO;9;1074
27/07/2021;17:04:35;2012;2;Eleição Ordinária;1;47;ELEIÇÃO MUNICIPAL 2012;07/10/2012;M;ES;56057;ALFREDO CHAVES;56057;ALFREDO CHAVES;12;15;13;Vereador;40789;JOÃO BOSCO COSTA;20;1074
27/07/2021;17:04:35;2012;2;Eleição Ordinária;1;47;ELEIÇÃO MUNICIPAL 2012;07/10/2012;M;ES;56057;ALFREDO CHAVES;56057;ALFREDO CHAVES;12;15;13;Vereador;14666;LUCIANA DAS CHAGAS REGIANI;2;1074
27/07/2021;17:04:35;2012;2;Eleição Ordinária;1;47;ELEIÇÃO MUNICIPAL 2012;07/10/2012;M;ES;56057;ALFREDO CHAVES;56057;ALFREDO CHAVES;12;15;13;Vereador;11333;MARCO ANTONIO MOZER;14;1074
27/07/2021;17:04:35;2012;2;Eleição Ordinária;1;47;ELEIÇÃO MUNICIPAL 2012;07/10/2012;M;ES;56057;ALFREDO CHAVES;56057;ALFREDO CHAVES;12;15;13;Vereador;11100;MARIA DA PENHA SQUASANTE CAVATI;2;1074
27/07/2021;17:04:35;2012;2;Eleição Ordinária;1;47;ELEIÇÃO MUNICIPAL 2012;07/10/2012;M;ES;56057;ALFREDO CHAVES;56057;ALFREDO CHAVES;12;15;13;Vereador;40777;MARINALVA STEFANON;5;1074
27/07/2021;17:04:35;2012;2;Eleição Ordinária;1;47;ELEIÇÃO MUNICIPAL 2012;07/10/2012;M;ES;56057;ALFREDO CHAVES;56057;ALFREDO CHAVES;12;15;13;Vereador;15311;NARCIZO DE ABREU GRASSI;8;1074
27/07/2021;17:04:35;2012;2;Eleição Ordinária;1;47;ELEIÇÃO MUNICIPAL 2012;07/10/2012;M;ES;56057;ALFREDO CHAVES;56057;ALFREDO CHAVES;12;15;13;Vereador;12;PARTIDO DEMOCRÁTICO TRABALHISTA;1;1074
27/07/2021;17:04:35;2012;2;Eleição Ordinária;1;47;ELEIÇÃO MUNICIPAL 2012;07/10/2012;M;ES;56057;ALFREDO CHAVES;56057;ALFREDO CHAVES;12;15;13;Vereador;13;PARTIDO DOS TRABALHADORES;2;1074
27/07/2021;17:04:35;2012;2;Eleição Ordinária;1;47;ELEIÇÃO MUNICIPAL 2012;07/10/2012;M;ES;56057;ALFREDO CHAVES;56057;ALFREDO CHAVES;12;15;13;Vereador;23;PARTIDO POPULAR SOCIALISTA;1;1074
27/07/2021;17:04:35;2012;2;Eleição Ordinária;1;47;ELEIÇÃO MUNICIPAL 2012;07/10/2012;M;ES;56057;ALFREDO CHAVES;56057;ALFREDO CHAVES;12;15;13;Vereador;11;PARTIDO PROGRESSISTA;1;1074
27/07/2021;17:04:35;2012;2;Eleição Ordinária;1;47;ELEIÇÃO MUNICIPAL 2012;07/10/2012;M;ES;56057;ALFREDO CHAVES;56057;ALFREDO CHAVES;12;15;13;Vereador;10;PARTIDO REPUBLICANO BRASILEIRO;3;1074
27/07/2021;17:04:35;2012;2;Eleição Ordinária;1;47;ELEIÇÃO MUNICIPAL 2012;07/10/2012;M;ES;56057;ALFREDO CHAVES;56057;ALFREDO CHAVES;12;15;13;Vereador;55;PARTIDO SOCIAL DEMOCRÁTICO;4;1074
27/07/2021;17:04:35;2012;2;Eleição Ordinária;1;47;ELEIÇÃO MUNICIPAL 2012;07/10/2012;M;ES;56057;ALFREDO CHAVES;56057;ALFREDO CHAVES;12;15;13;Vereador;40;PARTIDO SOCIALISTA BRASILEIRO;13;1074
27/07/2021;17:04:35;2012;2;Eleição Ordinária;1;47;ELEIÇÃO MUNICIPAL 2012;07/10/2012;M;ES;56057;ALFREDO CHAVES;56057;ALFREDO CHAVES;12;15;13;Vereador;23666;PAULO MUNALDI;22;1074
27/07/2021;17:04:35;2012;2;Eleição Ordinária;1;47;ELEIÇÃO MUNICIPAL 2012;07/10/2012;M;ES;56057;ALFREDO CHAVES;56057;ALFREDO CHAVES;12;15;13;Vereador;11123;PRIMO ARMELINDO BERGAMI;1;1074
27/07/2021;17:04:35;2012;2;Eleição Ordinária;1;47;ELEIÇÃO MUNICIPAL 2012;07/10/2012;M;ES;56057;ALFREDO CHAVES;56057;ALFREDO CHAVES;12;15;13;Vereador;25666;RAINOR BREDA;1;1074
27/07/2021;17:04:35;2012;2;Eleição Ordinária;1;47;ELEIÇÃO MUNICIPAL 2012;07/10/2012;M;ES;56057;ALFREDO CHAVES;56057;ALFREDO CHAVES;12;15;13;Vereador;23333;RENATO CARDOSO;1;1074
27/07/2021;17:04:35;2012;2;Eleição Ordinária;1;47;ELEIÇÃO MUNICIPAL 2012;07/10/2012;M;ES;56057;ALFREDO CHAVES;56057;ALFREDO CHAVES;12;15;13;Vereador;40456;SERAFINO ANTONIO SIMONI;6;1074
27/07/2021;17:04:35;2012;2;Eleição Ordinária;1;47;ELEIÇÃO MUNICIPAL 2012;07/10/2012;M;ES;56057;ALFREDO CHAVES;56057;ALFREDO CHAVES;12;15;13;Vereador;11000;SERGIO AUGUSTO ROVEDA;47;1074
27/07/2021;17:04:35;2012;2;Eleição Ordinária;1;47;ELEIÇÃO MUNICIPAL 2012;07/10/2012;M;ES;56057;ALFREDO CHAVES;56057;ALFREDO CHAVES;12;15;13;Vereador;13123;SIMÃO LOPES DOS SANTOS;11;1074
27/07/2021;17:04:35;2012;2;Eleição Ordinária;1;47;ELEIÇÃO MUNICIPAL 2012;07/10/2012;M;ES;56057;ALFREDO CHAVES;56057;ALFREDO CHAVES;12;15;13;Vereador;95;VOTO BRANCO;9;1074
27/07/2021;17:04:35;2012;2;Eleição Ordinária;1;47;ELEIÇÃO MUNICIPAL 2012;07/10/2012;M;ES;56057;ALFREDO CHAVES;56057;ALFREDO CHAVES;12;15;13;Vereador;96;VOTO NULO;8;1074
27/07/2021;17:04:35;2012;2;Eleição Ordinária;1;47;ELEIÇÃO MUNICIPAL 2012;07/10/2012;M;ES;56057;ALFREDO CHAVES;56057;ALFREDO CHAVES;12;16;11;Prefeito;40;ROBERTO FORTUNATO FIORIN;116;1082
27/07/2021;17:04:35;2012;2;Eleição Ordinária;1;47;ELEIÇÃO MUNICIPAL 2012;07/10/2012;M;ES;56057;ALFREDO CHAVES;56057;ALFREDO CHAVES;12;16;11;Prefeito;55;SERGIO BIANCHI;71;1082
27/07/2021;17:04:35;2012;2;Eleição Ordinária;1;47;ELEIÇÃO MUNICIPAL 2012;07/10/2012;M;ES;56057;ALFREDO CHAVES;56057;ALFREDO CHAVES;12;16;11;Prefeito;95;VOTO BRANCO;15;1082
27/07/2021;17:04:35;2012;2;Eleição Ordinária;1;47;ELEIÇÃO MUNICIPAL 2012;07/10/2012;M;ES;56057;ALFREDO CHAVES;56057;ALFREDO CHAVES;12;16;11;Prefeito;96;VOTO NULO;18;1082
27/07/2021;17:04:35;2012;2;Eleição Ordinária;1;47;ELEIÇÃO MUNICIPAL 2012;07/10/2012;M;ES;56057;ALFREDO CHAVES;56057;ALFREDO CHAVES;12;16;13;Vereador;23444;AGENOR LORENZON;11;1082
27/07/2021;17:04:35;2012;2;Eleição Ordinária;1;47;ELEIÇÃO MUNICIPAL 2012;07/10/2012;M;ES;56057;ALFREDO CHAVES;56057;ALFREDO CHAVES;12;16;13;Vereador;15555;ALMIR ANTONIO FAVERO;2;1082
27/07/2021;17:04:35;2012;2;Eleição Ordinária;1;47;ELEIÇÃO MUNICIPAL 2012;07/10/2012;M;ES;56057;ALFREDO CHAVES;56057;ALFREDO CHAVES;12;16;13;Vereador;23612;ANDRÉ SARTORI;22;1082
27/07/2021;17:04:35;2012;2;Eleição Ordinária;1;47;ELEIÇÃO MUNICIPAL 2012;07/10/2012;M;ES;56057;ALFREDO CHAVES;56057;ALFREDO CHAVES;12;16;13;Vereador;11234;ANGELO ARPINI;3;1082
27/07/2021;17:04:35;2012;2;Eleição Ordinária;1;47;ELEIÇÃO MUNICIPAL 2012;07/10/2012;M;ES;56057;ALFREDO CHAVES;56057;ALFREDO CHAVES;12;16;13;Vereador;12345;ARMANDO ZANATA INGLE RIBEIRO;5;1082
27/07/2021;17:04:35;2012;2;Eleição Ordinária;1;47;ELEIÇÃO MUNICIPAL 2012;07/10/2012;M;ES;56057;ALFREDO CHAVES;56057;ALFREDO CHAVES;12;16;13;Vereador;11567;AUXILIADORA ROSA;21;1082
27/07/2021;17:04:35;2012;2;Eleição Ordinária;1;47;ELEIÇÃO MUNICIPAL 2012;07/10/2012;M;ES;56057;ALFREDO CHAVES;56057;ALFREDO CHAVES;12;16;13;Vereador;40111;CHARLES GAIGHER;12;1082
27/07/2021;17:04:35;2012;2;Eleição Ordinária;1;47;ELEIÇÃO MUNICIPAL 2012;07/10/2012;M;ES;56057;ALFREDO CHAVES;56057;ALFREDO CHAVES;12;16;13;Vereador;40333;DARCI ESCANDIAN;5;1082
27/07/2021;17:04:35;2012;2;Eleição Ordinária;1;47;ELEIÇÃO MUNICIPAL 2012;07/10/2012;M;ES;56057;ALFREDO CHAVES;56057;ALFREDO CHAVES;12;16;13;Vereador;23555;DOMINGOS SAVIO DALLECRODE;2;1082
27/07/2021;17:04:35;2012;2;Eleição Ordinária;1;47;ELEIÇÃO MUNICIPAL 2012;07/10/2012;M;ES;56057;ALFREDO CHAVES;56057;ALFREDO CHAVES;12;16;13;Vereador;40000;DULCIANE BRUNORO ESTEVES;3;1082
27/07/2021;17:04:35;2012;2;Eleição Ordinária;1;47;ELEIÇÃO MUNICIPAL 2012;07/10/2012;M;ES;56057;ALFREDO CHAVES;56057;ALFREDO CHAVES;12;16;13;Vereador;40555;EDEVANILDE GORETI BREDA;1;1082
27/07/2021;17:04:35;2012;2;Eleição Ordinária;1;47;ELEIÇÃO MUNICIPAL 2012;07/10/2012;M;ES;56057;ALFREDO CHAVES;56057;ALFREDO CHAVES;12;16;13;Vereador;11456;EDSON ANTONIO REGIANI;3;1082
27/07/2021;17:04:35;2012;2;Eleição Ordinária;1;47;ELEIÇÃO MUNICIPAL 2012;07/10/2012;M;ES;56057;ALFREDO CHAVES;56057;ALFREDO CHAVES;12;16;13;Vereador;10123;ELISAEL DOS SANTOS FERREIRA;1;1082
27/07/2021;17:04:35;2012;2;Eleição Ordinária;1;47;ELEIÇÃO MUNICIPAL 2012;07/10/2012;M;ES;56057;ALFREDO CHAVES;56057;ALFREDO CHAVES;12;16;13;Vereador;11789;ELIZETE MARIA FURLAN;2;1082
27/07/2021;17:04:35;2012;2;Eleição Ordinária;1;47;ELEIÇÃO MUNICIPAL 2012;07/10/2012;M;ES;56057;ALFREDO CHAVES;56057;ALFREDO CHAVES;12;16;13;Vereador;40222;FERNANDO ALVES;4;1082
27/07/2021;17:04:35;2012;2;Eleição Ordinária;1;47;ELEIÇÃO MUNICIPAL 2012;07/10/2012;M;ES;56057;ALFREDO CHAVES;56057;ALFREDO CHAVES;12;16;13;Vereador;40321;GILSON LUIZ BELLON;14;1082
27/07/2021;17:04:35;2012;2;Eleição Ordinária;1;47;ELEIÇÃO MUNICIPAL 2012;07/10/2012;M;ES;56057;ALFREDO CHAVES;56057;ALFREDO CHAVES;12;16;13;Vereador;22123;JAMIR PIETRALONGA;1;1082
27/07/2021;17:04:35;2012;2;Eleição Ordinária;1;47;ELEIÇÃO MUNICIPAL 2012;07/10/2012;M;ES;56057;ALFREDO CHAVES;56057;ALFREDO CHAVES;12;16;13;Vereador;45000;JONAS NUNES SIMÕES;10;1082
27/07/2021;17:04:35;2012;2;Eleição Ordinária;1;47;ELEIÇÃO MUNICIPAL 2012;07/10/2012;M;ES;56057;ALFREDO CHAVES;56057;ALFREDO CHAVES;12;16;13;Vereador;13366;JOSÉ DOMINGOS GOTTARDO;9;1082
27/07/2021;17:04:35;2012;2;Eleição Ordinária;1;47;ELEIÇÃO MUNICIPAL 2012;07/10/2012;M;ES;56057;ALFREDO CHAVES;56057;ALFREDO CHAVES;12;16;13;Vereador;40789;JOÃO BOSCO COSTA;2;1082
27/07/2021;17:04:35;2012;2;Eleição Ordinária;1;47;ELEIÇÃO MUNICIPAL 2012;07/10/2012;M;ES;56057;ALFREDO CHAVES;56057;ALFREDO CHAVES;12;16;13;Vereador;11333;MARCO ANTONIO MOZER;9;1082
27/07/2021;17:04:35;2012;2;Eleição Ordinária;1;47;ELEIÇÃO MUNICIPAL 2012;07/10/2012;M;ES;56057;ALFREDO CHAVES;56057;ALFREDO CHAVES;12;16;13;Vereador;40777;MARINALVA STEFANON;4;1082
27/07/2021;17:04:35;2012;2;Eleição Ordinária;1;47;ELEIÇÃO MUNICIPAL 2012;07/10/2012;M;ES;56057;ALFREDO CHAVES;56057;ALFREDO CHAVES;12;16;13;Vereador;15311;NARCIZO DE ABREU GRASSI;11;1082
27/07/2021;17:04:35;2012;2;Eleição Ordinária;1;47;ELEIÇÃO MUNICIPAL 2012;07/10/2012;M;ES;56057;ALFREDO CHAVES;56057;ALFREDO CHAVES;12;16;13;Vereador;22;PARTIDO DA REPÚBLICA;1;1082
27/07/2021;17:04:35;2012;2;Eleição Ordinária;1;47;ELEIÇÃO MUNICIPAL 2012;07/10/2012;M;ES;56057;ALFREDO CHAVES;56057;ALFREDO CHAVES;12;16;13;Vereador;12;PARTIDO DEMOCRÁTICO TRABALHISTA;1;1082
27/07/2021;17:04:35;2012;2;Eleição Ordinária;1;47;ELEIÇÃO MUNICIPAL 2012;07/10/2012;M;ES;56057;ALFREDO CHAVES;56057;ALFREDO CHAVES;12;16;13;Vereador;11;PARTIDO PROGRESSISTA;2;1082
27/07/2021;17:04:35;2012;2;Eleição Ordinária;1;47;ELEIÇÃO MUNICIPAL 2012;07/10/2012;M;ES;56057;ALFREDO CHAVES;56057;ALFREDO CHAVES;12;16;13;Vereador;55;PARTIDO SOCIAL DEMOCRÁTICO;2;1082
27/07/2021;17:04:35;2012;2;Eleição Ordinária;1;47;ELEIÇÃO MUNICIPAL 2012;07/10/2012;M;ES;56057;ALFREDO CHAVES;56057;ALFREDO CHAVES;12;16;13;Vereador;40;PARTIDO SOCIALISTA BRASILEIRO;7;1082
27/07/2021;17:04:35;2012;2;Eleição Ordinária;1;47;ELEIÇÃO MUNICIPAL 2012;07/10/2012;M;ES;56057;ALFREDO CHAVES;56057;ALFREDO CHAVES;12;16;13;Vereador;14;PARTIDO TRABALHISTA BRASILEIRO;1;1082
27/07/2021;17:04:35;2012;2;Eleição Ordinária;1;47;ELEIÇÃO MUNICIPAL 2012;07/10/2012;M;ES;56057;ALFREDO CHAVES;56057;ALFREDO CHAVES;12;16;13;Vereador;23666;PAULO MUNALDI;8;1082
27/07/2021;17:04:35;2012;2;Eleição Ordinária;1;47;ELEIÇÃO MUNICIPAL 2012;07/10/2012;M;ES;56057;ALFREDO CHAVES;56057;ALFREDO CHAVES;12;16;13;Vereador;11123;PRIMO ARMELINDO BERGAMI;13;1082
27/07/2021;17:04:35;2012;2;Eleição Ordinária;1;47;ELEIÇÃO MUNICIPAL 2012;07/10/2012;M;ES;56057;ALFREDO CHAVES;56057;ALFREDO CHAVES;12;16;13;Vereador;25666;RAINOR BREDA;3;1082
27/07/2021;17:04:35;2012;2;Eleição Ordinária;1;47;ELEIÇÃO MUNICIPAL 2012;07/10/2012;M;ES;56057;ALFREDO CHAVES;56057;ALFREDO CHAVES;12;16;13;Vereador;40456;SERAFINO ANTONIO SIMONI;2;1082
27/07/2021;17:04:35;2012;2;Eleição Ordinária;1;47;ELEIÇÃO MUNICIPAL 2012;07/10/2012;M;ES;56057;ALFREDO CHAVES;56057;ALFREDO CHAVES;12;16;13;Vereador;11000;SERGIO AUGUSTO ROVEDA;3;1082
27/07/2021;17:04:35;2012;2;Eleição Ordinária;1;47;ELEIÇÃO MUNICIPAL 2012;07/10/2012;M;ES;56057;ALFREDO CHAVES;56057;ALFREDO CHAVES;12;16;13;Vereador;13123;SIMÃO LOPES DOS SANTOS;7;1082
27/07/2021;17:04:35;2012;2;Eleição Ordinária;1;47;ELEIÇÃO MUNICIPAL 2012;07/10/2012;M;ES;56057;ALFREDO CHAVES;56057;ALFREDO CHAVES;12;16;13;Vereador;23777;VANDENÉZIA PEREIRA SANTIAGO CASALE;1;1082
27/07/2021;17:04:35;2012;2;Eleição Ordinária;1;47;ELEIÇÃO MUNICIPAL 2012;07/10/2012;M;ES;56057;ALFREDO CHAVES;56057;ALFREDO CHAVES;12;16;13;Vereador;95;VOTO BRANCO;7;1082
27/07/2021;17:04:35;2012;2;Eleição Ordinária;1;47;ELEIÇÃO MUNICIPAL 2012;07/10/2012;M;ES;56057;ALFREDO CHAVES;56057;ALFREDO CHAVES;12;16;13;Vereador;96;VOTO NULO;5;1082
27/07/2021;17:04:35;2012;2;Eleição Ordinária;1;47;ELEIÇÃO MUNICIPAL 2012;07/10/2012;M;ES;56057;ALFREDO CHAVES;56057;ALFREDO CHAVES;12;17;11;Prefeito;40;ROBERTO FORTUNATO FIORIN;131;1090
27/07/2021;17:04:35;2012;2;Eleição Ordinária;1;47;ELEIÇÃO MUNICIPAL 2012;07/10/2012;M;ES;56057;ALFREDO CHAVES;56057;ALFREDO CHAVES;12;17;11;Prefeito;55;SERGIO BIANCHI;120;1090
27/07/2021;17:04:35;2012;2;Eleição Ordinária;1;47;ELEIÇÃO MUNICIPAL 2012;07/10/2012;M;ES;56057;ALFREDO CHAVES;56057;ALFREDO CHAVES;12;17;11;Prefeito;95;VOTO BRANCO;11;1090
27/07/2021;17:04:35;2012;2;Eleição Ordinária;1;47;ELEIÇÃO MUNICIPAL 2012;07/10/2012;M;ES;56057;ALFREDO CHAVES;56057;ALFREDO CHAVES;12;17;11;Prefeito;96;VOTO NULO;10;1090
27/07/2021;17:04:35;2012;2;Eleição Ordinária;1;47;ELEIÇÃO MUNICIPAL 2012;07/10/2012;M;ES;56057;ALFREDO CHAVES;56057;ALFREDO CHAVES;12;17;13;Vereador;23444;AGENOR LORENZON;12;1090
27/07/2021;17:04:35;2012;2;Eleição Ordinária;1;47;ELEIÇÃO MUNICIPAL 2012;07/10/2012;M;ES;56057;ALFREDO CHAVES;56057;ALFREDO CHAVES;12;17;13;Vereador;11666;ALESSANDRA TOBIAS DA SILVA;1;1090
27/07/2021;17:04:35;2012;2;Eleição Ordinária;1;47;ELEIÇÃO MUNICIPAL 2012;07/10/2012;M;ES;56057;ALFREDO CHAVES;56057;ALFREDO CHAVES;12;17;13;Vereador;15555;ALMIR ANTONIO FAVERO;3;1090
27/07/2021;17:04:35;2012;2;Eleição Ordinária;1;47;ELEIÇÃO MUNICIPAL 2012;07/10/2012;M;ES;56057;ALFREDO CHAVES;56057;ALFREDO CHAVES;12;17;13;Vereador;23612;ANDRÉ SARTORI;13;1090
27/07/2021;17:04:35;2012;2;Eleição Ordinária;1;47;ELEIÇÃO MUNICIPAL 2012;07/10/2012;M;ES;56057;ALFREDO CHAVES;56057;ALFREDO CHAVES;12;17;13;Vereador;11234;ANGELO ARPINI;1;1090
27/07/2021;17:04:35;2012;2;Eleição Ordinária;1;47;ELEIÇÃO MUNICIPAL 2012;07/10/2012;M;ES;56057;ALFREDO CHAVES;56057;ALFREDO CHAVES;12;17;13;Vereador;12345;ARMANDO ZANATA INGLE RIBEIRO;1;1090
27/07/2021;17:04:35;2012;2;Eleição Ordinária;1;47;ELEIÇÃO MUNICIPAL 2012;07/10/2012;M;ES;56057;ALFREDO CHAVES;56057;ALFREDO CHAVES;12;17;13;Vereador;11567;AUXILIADORA ROSA;1;1090
27/07/2021;17:04:35;2012;2;Eleição Ordinária;1;47;ELEIÇÃO MUNICIPAL 2012;07/10/2012;M;ES;56057;ALFREDO CHAVES;56057;ALFREDO CHAVES;12;17;13;Vereador;40111;CHARLES GAIGHER;13;1090
27/07/2021;17:04:35;2012;2;Eleição Ordinária;1;47;ELEIÇÃO MUNICIPAL 2012;07/10/2012;M;ES;56057;ALFREDO CHAVES;56057;ALFREDO CHAVES;12;17;13;Vereador;40123;CLEOMIR GOBBI BUBACK;1;1090
27/07/2021;17:04:35;2012;2;Eleição Ordinária;1;47;ELEIÇÃO MUNICIPAL 2012;07/10/2012;M;ES;56057;ALFREDO CHAVES;56057;ALFREDO CHAVES;12;17;13;Vereador;13131;DOMINGOS MAROTTO;14;1090
27/07/2021;17:04:35;2012;2;Eleição Ordinária;1;47;ELEIÇÃO MUNICIPAL 2012;07/10/2012;M;ES;56057;ALFREDO CHAVES;56057;ALFREDO CHAVES;12;17;13;Vereador;15678;ELIAS JOSÉ SARTORI;7;1090
27/07/2021;17:04:35;2012;2;Eleição Ordinária;1;47;ELEIÇÃO MUNICIPAL 2012;07/10/2012;M;ES;56057;ALFREDO CHAVES;56057;ALFREDO CHAVES;12;17;13;Vereador;11789;ELIZETE MARIA FURLAN;3;1090
27/07/2021;17:04:35;2012;2;Eleição Ordinária;1;47;ELEIÇÃO MUNICIPAL 2012;07/10/2012;M;ES;56057;ALFREDO CHAVES;56057;ALFREDO CHAVES;12;17;13;Vereador;14214;ERTA DE PAULA GAIGHER;1;1090
27/07/2021;17:04:35;2012;2;Eleição Ordinária;1;47;ELEIÇÃO MUNICIPAL 2012;07/10/2012;M;ES;56057;ALFREDO CHAVES;56057;ALFREDO CHAVES;12;17;13;Vereador;40222;FERNANDO ALVES;1;1090
27/07/2021;17:04:35;2012;2;Eleição Ordinária;1;47;ELEIÇÃO MUNICIPAL 2012;07/10/2012;M;ES;56057;ALFREDO CHAVES;56057;ALFREDO CHAVES;12;17;13;Vereador;40321;GILSON LUIZ BELLON;66;1090
27/07/2021;17:04:35;2012;2;Eleição Ordinária;1;47;ELEIÇÃO MUNICIPAL 2012;07/10/2012;M;ES;56057;ALFREDO CHAVES;56057;ALFREDO CHAVES;12;17;13;Vereador;22123;JAMIR PIETRALONGA;2;1090
27/07/2021;17:04:35;2012;2;Eleição Ordinária;1;47;ELEIÇÃO MUNICIPAL 2012;07/10/2012;M;ES;56057;ALFREDO CHAVES;56057;ALFREDO CHAVES;12;17;13;Vereador;45000;JONAS NUNES SIMÕES;1;1090
27/07/2021;17:04:35;2012;2;Eleição Ordinária;1;47;ELEIÇÃO MUNICIPAL 2012;07/10/2012;M;ES;56057;ALFREDO CHAVES;56057;ALFREDO CHAVES;12;17;13;Vereador;55030;JOSÉ ARLINDO PETERLE;1;1090
27/07/2021;17:04:35;2012;2;Eleição Ordinária;1;47;ELEIÇÃO MUNICIPAL 2012;07/10/2012;M;ES;56057;ALFREDO CHAVES;56057;ALFREDO CHAVES;12;17;13;Vereador;13366;JOSÉ DOMINGOS GOTTARDO;52;1090
27/07/2021;17:04:35;2012;2;Eleição Ordinária;1;47;ELEIÇÃO MUNICIPAL 2012;07/10/2012;M;ES;56057;ALFREDO CHAVES;56057;ALFREDO CHAVES;12;17;13;Vereador;40789;JOÃO BOSCO COSTA;7;1090
27/07/2021;17:04:35;2012;2;Eleição Ordinária;1;47;ELEIÇÃO MUNICIPAL 2012;07/10/2012;M;ES;56057;ALFREDO CHAVES;56057;ALFREDO CHAVES;12;17;13;Vereador;11333;MARCO ANTONIO MOZER;3;1090
27/07/2021;17:04:35;2012;2;Eleição Ordinária;1;47;ELEIÇÃO MUNICIPAL 2012;07/10/2012;M;ES;56057;ALFREDO CHAVES;56057;ALFREDO CHAVES;12;17;13;Vereador;11100;MARIA DA PENHA SQUASANTE CAVATI;1;1090
27/07/2021;17:04:35;2012;2;Eleição Ordinária;1;47;ELEIÇÃO MUNICIPAL 2012;07/10/2012;M;ES;56057;ALFREDO CHAVES;56057;ALFREDO CHAVES;12;17;13;Vereador;40777;MARINALVA STEFANON;5;1090
27/07/2021;17:04:35;2012;2;Eleição Ordinária;1;47;ELEIÇÃO MUNICIPAL 2012;07/10/2012;M;ES;56057;ALFREDO CHAVES;56057;ALFREDO CHAVES;12;17;13;Vereador;15311;NARCIZO DE ABREU GRASSI;10;1090
27/07/2021;17:04:35;2012;2;Eleição Ordinária;1;47;ELEIÇÃO MUNICIPAL 2012;07/10/2012;M;ES;56057;ALFREDO CHAVES;56057;ALFREDO CHAVES;12;17;13;Vereador;22;PARTIDO DA REPÚBLICA;1;1090
27/07/2021;17:04:35;2012;2;Eleição Ordinária;1;47;ELEIÇÃO MUNICIPAL 2012;07/10/2012;M;ES;56057;ALFREDO CHAVES;56057;ALFREDO CHAVES;12;17;13;Vereador;13;PARTIDO DOS TRABALHADORES;2;1090
27/07/2021;17:04:35;2012;2;Eleição Ordinária;1;47;ELEIÇÃO MUNICIPAL 2012;07/10/2012;M;ES;56057;ALFREDO CHAVES;56057;ALFREDO CHAVES;12;17;13;Vereador;11;PARTIDO PROGRESSISTA;1;1090
27/07/2021;17:04:35;2012;2;Eleição Ordinária;1;47;ELEIÇÃO MUNICIPAL 2012;07/10/2012;M;ES;56057;ALFREDO CHAVES;56057;ALFREDO CHAVES;12;17;13;Vereador;55;PARTIDO SOCIAL DEMOCRÁTICO;3;1090
27/07/2021;17:04:35;2012;2;Eleição Ordinária;1;47;ELEIÇÃO MUNICIPAL 2012;07/10/2012;M;ES;56057;ALFREDO CHAVES;56057;ALFREDO CHAVES;12;17;13;Vereador;40;PARTIDO SOCIALISTA BRASILEIRO;2;1090
27/07/2021;17:04:35;2012;2;Eleição Ordinária;1;47;ELEIÇÃO MUNICIPAL 2012;07/10/2012;M;ES;56057;ALFREDO CHAVES;56057;ALFREDO CHAVES;12;17;13;Vereador;23666;PAULO MUNALDI;6;1090
27/07/2021;17:04:35;2012;2;Eleição Ordinária;1;47;ELEIÇÃO MUNICIPAL 2012;07/10/2012;M;ES;56057;ALFREDO CHAVES;56057;ALFREDO CHAVES;12;17;13;Vereador;11123;PRIMO ARMELINDO BERGAMI;4;1090
27/07/2021;17:04:35;2012;2;Eleição Ordinária;1;47;ELEIÇÃO MUNICIPAL 2012;07/10/2012;M;ES;56057;ALFREDO CHAVES;56057;ALFREDO CHAVES;12;17;13;Vereador;25666;RAINOR BREDA;4;1090
27/07/2021;17:04:35;2012;2;Eleição Ordinária;1;47;ELEIÇÃO MUNICIPAL 2012;07/10/2012;M;ES;56057;ALFREDO CHAVES;56057;ALFREDO CHAVES;12;17;13;Vereador;23333;RENATO CARDOSO;1;1090
27/07/2021;17:04:35;2012;2;Eleição Ordinária;1;47;ELEIÇÃO MUNICIPAL 2012;07/10/2012;M;ES;56057;ALFREDO CHAVES;56057;ALFREDO CHAVES;12;17;13;Vereador;40456;SERAFINO ANTONIO SIMONI;2;1090
27/07/2021;17:04:35;2012;2;Eleição Ordinária;1;47;ELEIÇÃO MUNICIPAL 2012;07/10/2012;M;ES;56057;ALFREDO CHAVES;56057;ALFREDO CHAVES;12;17;13;Vereador;11000;SERGIO AUGUSTO ROVEDA;6;1090
27/07/2021;17:04:35;2012;2;Eleição Ordinária;1;47;ELEIÇÃO MUNICIPAL 2012;07/10/2012;M;ES;56057;ALFREDO CHAVES;56057;ALFREDO CHAVES;12;17;13;Vereador;13123;SIMÃO LOPES DOS SANTOS;8;1090
27/07/2021;17:04:35;2012;2;Eleição Ordinária;1;47;ELEIÇÃO MUNICIPAL 2012;07/10/2012;M;ES;56057;ALFREDO CHAVES;56057;ALFREDO CHAVES;12;17;13;Vereador;95;VOTO BRANCO;5;1090
27/07/2021;17:04:35;2012;2;Eleição Ordinária;1;47;ELEIÇÃO MUNICIPAL 2012;07/10/2012;M;ES;56057;ALFREDO CHAVES;56057;ALFREDO CHAVES;12;17;13;Vereador;96;VOTO NULO;7;1090
27/07/2021;17:04:35;2012;2;Eleição Ordinária;1;47;ELEIÇÃO MUNICIPAL 2012;07/10/2012;M;ES;56057;ALFREDO CHAVES;56057;ALFREDO CHAVES;12;18;11;Prefeito;40;ROBERTO FORTUNATO FIORIN;148;1090
27/07/2021;17:04:35;2012;2;Eleição Ordinária;1;47;ELEIÇÃO MUNICIPAL 2012;07/10/2012;M;ES;56057;ALFREDO CHAVES;56057;ALFREDO CHAVES;12;18;11;Prefeito;55;SERGIO BIANCHI;93;1090
27/07/2021;17:04:35;2012;2;Eleição Ordinária;1;47;ELEIÇÃO MUNICIPAL 2012;07/10/2012;M;ES;56057;ALFREDO CHAVES;56057;ALFREDO CHAVES;12;18;11;Prefeito;95;VOTO BRANCO;6;1090
27/07/2021;17:04:35;2012;2;Eleição Ordinária;1;47;ELEIÇÃO MUNICIPAL 2012;07/10/2012;M;ES;56057;ALFREDO CHAVES;56057;ALFREDO CHAVES;12;18;11;Prefeito;96;VOTO NULO;12;1090
27/07/2021;17:04:35;2012;2;Eleição Ordinária;1;47;ELEIÇÃO MUNICIPAL 2012;07/10/2012;M;ES;56057;ALFREDO CHAVES;56057;ALFREDO CHAVES;12;18;13;Vereador;23444;AGENOR LORENZON;10;1090
27/07/2021;17:04:35;2012;2;Eleição Ordinária;1;47;ELEIÇÃO MUNICIPAL 2012;07/10/2012;M;ES;56057;ALFREDO CHAVES;56057;ALFREDO CHAVES;12;18;13;Vereador;11666;ALESSANDRA TOBIAS DA SILVA;2;1090
27/07/2021;17:04:35;2012;2;Eleição Ordinária;1;47;ELEIÇÃO MUNICIPAL 2012;07/10/2012;M;ES;56057;ALFREDO CHAVES;56057;ALFREDO CHAVES;12;18;13;Vereador;15555;ALMIR ANTONIO FAVERO;2;1090
27/07/2021;17:04:35;2012;2;Eleição Ordinária;1;47;ELEIÇÃO MUNICIPAL 2012;07/10/2012;M;ES;56057;ALFREDO CHAVES;56057;ALFREDO CHAVES;12;18;13;Vereador;23612;ANDRÉ SARTORI;10;1090
27/07/2021;17:04:35;2012;2;Eleição Ordinária;1;47;ELEIÇÃO MUNICIPAL 2012;07/10/2012;M;ES;56057;ALFREDO CHAVES;56057;ALFREDO CHAVES;12;18;13;Vereador;40111;CHARLES GAIGHER;12;1090
27/07/2021;17:04:35;2012;2;Eleição Ordinária;1;47;ELEIÇÃO MUNICIPAL 2012;07/10/2012;M;ES;56057;ALFREDO CHAVES;56057;ALFREDO CHAVES;12;18;13;Vereador;40333;DARCI ESCANDIAN;1;1090
27/07/2021;17:04:35;2012;2;Eleição Ordinária;1;47;ELEIÇÃO MUNICIPAL 2012;07/10/2012;M;ES;56057;ALFREDO CHAVES;56057;ALFREDO CHAVES;12;18;13;Vereador;13131;DOMINGOS MAROTTO;10;1090
27/07/2021;17:04:35;2012;2;Eleição Ordinária;1;47;ELEIÇÃO MUNICIPAL 2012;07/10/2012;M;ES;56057;ALFREDO CHAVES;56057;ALFREDO CHAVES;12;18;13;Vereador;40555;EDEVANILDE GORETI BREDA;1;1090
27/07/2021;17:04:35;2012;2;Eleição Ordinária;1;47;ELEIÇÃO MUNICIPAL 2012;07/10/2012;M;ES;56057;ALFREDO CHAVES;56057;ALFREDO CHAVES;12;18;13;Vereador;15678;ELIAS JOSÉ SARTORI;4;1090
27/07/2021;17:04:35;2012;2;Eleição Ordinária;1;47;ELEIÇÃO MUNICIPAL 2012;07/10/2012;M;ES;56057;ALFREDO CHAVES;56057;ALFREDO CHAVES;12;18;13;Vereador;11789;ELIZETE MARIA FURLAN;2;1090
27/07/2021;17:04:35;2012;2;Eleição Ordinária;1;47;ELEIÇÃO MUNICIPAL 2012;07/10/2012;M;ES;56057;ALFREDO CHAVES;56057;ALFREDO CHAVES;12;18;13;Vereador;14214;ERTA DE PAULA GAIGHER;3;1090
27/07/2021;17:04:35;2012;2;Eleição Ordinária;1;47;ELEIÇÃO MUNICIPAL 2012;07/10/2012;M;ES;56057;ALFREDO CHAVES;56057;ALFREDO CHAVES;12;18;13;Vereador;40222;FERNANDO ALVES;2;1090
27/07/2021;17:04:35;2012;2;Eleição Ordinária;1;47;ELEIÇÃO MUNICIPAL 2012;07/10/2012;M;ES;56057;ALFREDO CHAVES;56057;ALFREDO CHAVES;12;18;13;Vereador;55555;GERALDO BAYER;3;1090
27/07/2021;17:04:35;2012;2;Eleição Ordinária;1;47;ELEIÇÃO MUNICIPAL 2012;07/10/2012;M;ES;56057;ALFREDO CHAVES;56057;ALFREDO CHAVES;12;18;13;Vereador;40321;GILSON LUIZ BELLON;93;1090
27/07/2021;17:04:35;2012;2;Eleição Ordinária;1;47;ELEIÇÃO MUNICIPAL 2012;07/10/2012;M;ES;56057;ALFREDO CHAVES;56057;ALFREDO CHAVES;12;18;13;Vereador;45000;JONAS NUNES SIMÕES;1;1090
27/07/2021;17:04:35;2012;2;Eleição Ordinária;1;47;ELEIÇÃO MUNICIPAL 2012;07/10/2012;M;ES;56057;ALFREDO CHAVES;56057;ALFREDO CHAVES;12;18;13;Vereador;13366;JOSÉ DOMINGOS GOTTARDO;43;1090
27/07/2021;17:04:35;2012;2;Eleição Ordinária;1;47;ELEIÇÃO MUNICIPAL 2012;07/10/2012;M;ES;56057;ALFREDO CHAVES;56057;ALFREDO CHAVES;12;18;13;Vereador;40789;JOÃO BOSCO COSTA;4;1090
27/07/2021;17:04:35;2012;2;Eleição Ordinária;1;47;ELEIÇÃO MUNICIPAL 2012;07/10/2012;M;ES;56057;ALFREDO CHAVES;56057;ALFREDO CHAVES;12;18;13;Vereador;11333;MARCO ANTONIO MOZER;4;1090
27/07/2021;17:04:35;2012;2;Eleição Ordinária;1;47;ELEIÇÃO MUNICIPAL 2012;07/10/2012;M;ES;56057;ALFREDO CHAVES;56057;ALFREDO CHAVES;12;18;13;Vereador;40777;MARINALVA STEFANON;2;1090
27/07/2021;17:04:35;2012;2;Eleição Ordinária;1;47;ELEIÇÃO MUNICIPAL 2012;07/10/2012;M;ES;56057;ALFREDO CHAVES;56057;ALFREDO CHAVES;12;18;13;Vereador;15311;NARCIZO DE ABREU GRASSI;12;1090
27/07/2021;17:04:35;2012;2;Eleição Ordinária;1;47;ELEIÇÃO MUNICIPAL 2012;07/10/2012;M;ES;56057;ALFREDO CHAVES;56057;ALFREDO CHAVES;12;18;13;Vereador;12;PARTIDO DEMOCRÁTICO TRABALHISTA;2;1090
27/07/2021;17:04:35;2012;2;Eleição Ordinária;1;47;ELEIÇÃO MUNICIPAL 2012;07/10/2012;M;ES;56057;ALFREDO CHAVES;56057;ALFREDO CHAVES;12;18;13;Vereador;13;PARTIDO DOS TRABALHADORES;1;1090
27/07/2021;17:04:35;2012;2;Eleição Ordinária;1;47;ELEIÇÃO MUNICIPAL 2012;07/10/2012;M;ES;56057;ALFREDO CHAVES;56057;ALFREDO CHAVES;12;18;13;Vereador;23;PARTIDO POPULAR SOCIALISTA;1;1090
27/07/2021;17:04:35;2012;2;Eleição Ordinária;1;47;ELEIÇÃO MUNICIPAL 2012;07/10/2012;M;ES;56057;ALFREDO CHAVES;56057;ALFREDO CHAVES;12;18;13;Vereador;11;PARTIDO PROGRESSISTA;1;1090
27/07/2021;17:04:35;2012;2;Eleição Ordinária;1;47;ELEIÇÃO MUNICIPAL 2012;07/10/2012;M;ES;56057;ALFREDO CHAVES;56057;ALFREDO CHAVES;12;18;13;Vereador;55;PARTIDO SOCIAL DEMOCRÁTICO;4;1090
27/07/2021;17:04:35;2012;2;Eleição Ordinária;1;47;ELEIÇÃO MUNICIPAL 2012;07/10/2012;M;ES;56057;ALFREDO CHAVES;56057;ALFREDO CHAVES;12;18;13;Vereador;40;PARTIDO SOCIALISTA BRASILEIRO;4;1090
27/07/2021;17:04:35;2012;2;Eleição Ordinária;1;47;ELEIÇÃO MUNICIPAL 2012;07/10/2012;M;ES;56057;ALFREDO CHAVES;56057;ALFREDO CHAVES;12;18;13;Vereador;23666;PAULO MUNALDI;1;1090
27/07/2021;17:04:35;2012;2;Eleição Ordinária;1;47;ELEIÇÃO MUNICIPAL 2012;07/10/2012;M;ES;56057;ALFREDO CHAVES;56057;ALFREDO CHAVES;12;18;13;Vereador;11123;PRIMO ARMELINDO BERGAMI;3;1090
27/07/2021;17:04:35;2012;2;Eleição Ordinária;1;47;ELEIÇÃO MUNICIPAL 2012;07/10/2012;M;ES;56057;ALFREDO CHAVES;56057;ALFREDO CHAVES;12;18;13;Vereador;25666;RAINOR BREDA;1;1090
27/07/2021;17:04:35;2012;2;Eleição Ordinária;1;47;ELEIÇÃO MUNICIPAL 2012;07/10/2012;M;ES;56057;ALFREDO CHAVES;56057;ALFREDO CHAVES;12;18;13;Vereador;40456;SERAFINO ANTONIO SIMONI;1;1090
27/07/2021;17:04:35;2012;2;Eleição Ordinária;1;47;ELEIÇÃO MUNICIPAL 2012;07/10/2012;M;ES;56057;ALFREDO CHAVES;56057;ALFREDO CHAVES;12;18;13;Vereador;11000;SERGIO AUGUSTO ROVEDA;1;1090
27/07/2021;17:04:35;2012;2;Eleição Ordinária;1;47;ELEIÇÃO MUNICIPAL 2012;07/10/2012;M;ES;56057;ALFREDO CHAVES;56057;ALFREDO CHAVES;12;18;13;Vereador;13123;SIMÃO LOPES DOS SANTOS;9;1090
27/07/2021;17:04:35;2012;2;Eleição Ordinária;1;47;ELEIÇÃO MUNICIPAL 2012;07/10/2012;M;ES;56057;ALFREDO CHAVES;56057;ALFREDO CHAVES;12;18;13;Vereador;95;VOTO BRANCO;3;1090
27/07/2021;17:04:35;2012;2;Eleição Ordinária;1;47;ELEIÇÃO MUNICIPAL 2012;07/10/2012;M;ES;56057;ALFREDO CHAVES;56057;ALFREDO CHAVES;12;18;13;Vereador;96;VOTO NULO;6;1090
27/07/2021;17:04:35;2012;2;Eleição Ordinária;1;47;ELEIÇÃO MUNICIPAL 2012;07/10/2012;M;ES;56057;ALFREDO CHAVES;56057;ALFREDO CHAVES;12;19;11;Prefeito;40;ROBERTO FORTUNATO FIORIN;105;1104
27/07/2021;17:04:35;2012;2;Eleição Ordinária;1;47;ELEIÇÃO MUNICIPAL 2012;07/10/2012;M;ES;56057;ALFREDO CHAVES;56057;ALFREDO CHAVES;12;19;11;Prefeito;55;SERGIO BIANCHI;65;1104
27/07/2021;17:04:35;2012;2;Eleição Ordinária;1;47;ELEIÇÃO MUNICIPAL 2012;07/10/2012;M;ES;56057;ALFREDO CHAVES;56057;ALFREDO CHAVES;12;19;11;Prefeito;95;VOTO BRANCO;5;1104
27/07/2021;17:04:35;2012;2;Eleição Ordinária;1;47;ELEIÇÃO MUNICIPAL 2012;07/10/2012;M;ES;56057;ALFREDO CHAVES;56057;ALFREDO CHAVES;12;19;11;Prefeito;96;VOTO NULO;7;1104
27/07/2021;17:04:35;2012;2;Eleição Ordinária;1;47;ELEIÇÃO MUNICIPAL 2012;07/10/2012;M;ES;56057;ALFREDO CHAVES;56057;ALFREDO CHAVES;12;19;13;Vereador;15555;ALMIR ANTONIO FAVERO;3;1104
27/07/2021;17:04:35;2012;2;Eleição Ordinária;1;47;ELEIÇÃO MUNICIPAL 2012;07/10/2012;M;ES;56057;ALFREDO CHAVES;56057;ALFREDO CHAVES;12;19;13;Vereador;23612;ANDRÉ SARTORI;21;1104
27/07/2021;17:04:35;2012;2;Eleição Ordinária;1;47;ELEIÇÃO MUNICIPAL 2012;07/10/2012;M;ES;56057;ALFREDO CHAVES;56057;ALFREDO CHAVES;12;19;13;Vereador;12345;ARMANDO ZANATA INGLE RIBEIRO;1;1104
27/07/2021;17:04:35;2012;2;Eleição Ordinária;1;47;ELEIÇÃO MUNICIPAL 2012;07/10/2012;M;ES;56057;ALFREDO CHAVES;56057;ALFREDO CHAVES;12;19;13;Vereador;40111;CHARLES GAIGHER;1;1104
27/07/2021;17:04:35;2012;2;Eleição Ordinária;1;47;ELEIÇÃO MUNICIPAL 2012;07/10/2012;M;ES;56057;ALFREDO CHAVES;56057;ALFREDO CHAVES;12;19;13;Vereador;11789;ELIZETE MARIA FURLAN;3;1104
27/07/2021;17:04:35;2012;2;Eleição Ordinária;1;47;ELEIÇÃO MUNICIPAL 2012;07/10/2012;M;ES;56057;ALFREDO CHAVES;56057;ALFREDO CHAVES;12;19;13;Vereador;14214;ERTA DE PAULA GAIGHER;2;1104
27/07/2021;17:04:35;2012;2;Eleição Ordinária;1;47;ELEIÇÃO MUNICIPAL 2012;07/10/2012;M;ES;56057;ALFREDO CHAVES;56057;ALFREDO CHAVES;12;19;13;Vereador;10000;FABIO BUZZETE LOURENÇO;2;1104
27/07/2021;17:04:35;2012;2;Eleição Ordinária;1;47;ELEIÇÃO MUNICIPAL 2012;07/10/2012;M;ES;56057;ALFREDO CHAVES;56057;ALFREDO CHAVES;12;19;13;Vereador;40222;FERNANDO ALVES;5;1104
27/07/2021;17:04:35;2012;2;Eleição Ordinária;1;47;ELEIÇÃO MUNICIPAL 2012;07/10/2012;M;ES;56057;ALFREDO CHAVES;56057;ALFREDO CHAVES;12;19;13;Vereador;55555;GERALDO BAYER;4;1104
27/07/2021;17:04:35;2012;2;Eleição Ordinária;1;47;ELEIÇÃO MUNICIPAL 2012;07/10/2012;M;ES;56057;ALFREDO CHAVES;56057;ALFREDO CHAVES;12;19;13;Vereador;22123;JAMIR PIETRALONGA;63;1104
27/07/2021;17:04:35;2012;2;Eleição Ordinária;1;47;ELEIÇÃO MUNICIPAL 2012;07/10/2012;M;ES;56057;ALFREDO CHAVES;56057;ALFREDO CHAVES;12;19;13;Vereador;45000;JONAS NUNES SIMÕES;4;1104
27/07/2021;17:04:35;2012;2;Eleição Ordinária;1;47;ELEIÇÃO MUNICIPAL 2012;07/10/2012;M;ES;56057;ALFREDO CHAVES;56057;ALFREDO CHAVES;12;19;13;Vereador;40789;JOÃO BOSCO COSTA;8;1104
27/07/2021;17:04:35;2012;2;Eleição Ordinária;1;47;ELEIÇÃO MUNICIPAL 2012;07/10/2012;M;ES;56057;ALFREDO CHAVES;56057;ALFREDO CHAVES;12;19;13;Vereador;11333;MARCO ANTONIO MOZER;4;1104
27/07/2021;17:04:35;2012;2;Eleição Ordinária;1;47;ELEIÇÃO MUNICIPAL 2012;07/10/2012;M;ES;56057;ALFREDO CHAVES;56057;ALFREDO CHAVES;12;19;13;Vereador;40777;MARINALVA STEFANON;2;1104
27/07/2021;17:04:35;2012;2;Eleição Ordinária;1;47;ELEIÇÃO MUNICIPAL 2012;07/10/2012;M;ES;56057;ALFREDO CHAVES;56057;ALFREDO CHAVES;12;19;13;Vereador;15311;NARCIZO DE ABREU GRASSI;26;1104
27/07/2021;17:04:35;2012;2;Eleição Ordinária;1;47;ELEIÇÃO MUNICIPAL 2012;07/10/2012;M;ES;56057;ALFREDO CHAVES;56057;ALFREDO CHAVES;12;19;13;Vereador;22;PARTIDO DA REPÚBLICA;2;1104
27/07/2021;17:04:35;2012;2;Eleição Ordinária;1;47;ELEIÇÃO MUNICIPAL 2012;07/10/2012;M;ES;56057;ALFREDO CHAVES;56057;ALFREDO CHAVES;12;19;13;Vereador;15;PARTIDO DO MOVIMENTO DEMOCRÁTICO BRASILEIRO;1;1104
27/07/2021;17:04:35;2012;2;Eleição Ordinária;1;47;ELEIÇÃO MUNICIPAL 2012;07/10/2012;M;ES;56057;ALFREDO CHAVES;56057;ALFREDO CHAVES;12;19;13;Vereador;55;PARTIDO SOCIAL DEMOCRÁTICO;1;1104
27/07/2021;17:04:35;2012;2;Eleição Ordinária;1;47;ELEIÇÃO MUNICIPAL 2012;07/10/2012;M;ES;56057;ALFREDO CHAVES;56057;ALFREDO CHAVES;12;19;13;Vereador;40;PARTIDO SOCIALISTA BRASILEIRO;2;1104
27/07/2021;17:04:35;2012;2;Eleição Ordinária;1;47;ELEIÇÃO MUNICIPAL 2012;07/10/2012;M;ES;56057;ALFREDO CHAVES;56057;ALFREDO CHAVES;12;19;13;Vereador;23666;PAULO MUNALDI;15;1104
27/07/2021;17:04:35;2012;2;Eleição Ordinária;1;47;ELEIÇÃO MUNICIPAL 2012;07/10/2012;M;ES;56057;ALFREDO CHAVES;56057;ALFREDO CHAVES;12;19;13;Vereador;11123;PRIMO ARMELINDO BERGAMI;7;1104
27/07/2021;17:04:35;2012;2;Eleição Ordinária;1;47;ELEIÇÃO MUNICIPAL 2012;07/10/2012;M;ES;56057;ALFREDO CHAVES;56057;ALFREDO CHAVES;12;19;13;Vereador;25666;RAINOR BREDA;1;1104
27/07/2021;17:04:35;2012;2;Eleição Ordinária;1;47;ELEIÇÃO MUNICIPAL 2012;07/10/2012;M;ES;56057;ALFREDO CHAVES;56057;ALFREDO CHAVES;12;19;13;Vereador;96;VOTO NULO;4;1104
27/07/2021;17:04:35;2012;2;Eleição Ordinária;1;47;ELEIÇÃO MUNICIPAL 2012;07/10/2012;M;ES;56057;ALFREDO CHAVES;56057;ALFREDO CHAVES;12;20;11;Prefeito;40;ROBERTO FORTUNATO FIORIN;192;1112
27/07/2021;17:04:35;2012;2;Eleição Ordinária;1;47;ELEIÇÃO MUNICIPAL 2012;07/10/2012;M;ES;56057;ALFREDO CHAVES;56057;ALFREDO CHAVES;12;20;11;Prefeito;55;SERGIO BIANCHI;86;1112
27/07/2021;17:04:35;2012;2;Eleição Ordinária;1;47;ELEIÇÃO MUNICIPAL 2012;07/10/2012;M;ES;56057;ALFREDO CHAVES;56057;ALFREDO CHAVES;12;20;11;Prefeito;95;VOTO BRANCO;11;1112
27/07/2021;17:04:35;2012;2;Eleição Ordinária;1;47;ELEIÇÃO MUNICIPAL 2012;07/10/2012;M;ES;56057;ALFREDO CHAVES;56057;ALFREDO CHAVES;12;20;11;Prefeito;96;VOTO NULO;5;1112
27/07/2021;17:04:35;2012;2;Eleição Ordinária;1;47;ELEIÇÃO MUNICIPAL 2012;07/10/2012;M;ES;56057;ALFREDO CHAVES;56057;ALFREDO CHAVES;12;20;13;Vereador;23612;ANDRÉ SARTORI;13;1112
27/07/2021;17:04:35;2012;2;Eleição Ordinária;1;47;ELEIÇÃO MUNICIPAL 2012;07/10/2012;M;ES;56057;ALFREDO CHAVES;56057;ALFREDO CHAVES;12;20;13;Vereador;40444;ANGELA MARIA VOLPONI FURLAN;1;1112
27/07/2021;17:04:35;2012;2;Eleição Ordinária;1;47;ELEIÇÃO MUNICIPAL 2012;07/10/2012;M;ES;56057;ALFREDO CHAVES;56057;ALFREDO CHAVES;12;20;13;Vereador;11234;ANGELO ARPINI;1;1112
27/07/2021;17:04:35;2012;2;Eleição Ordinária;1;47;ELEIÇÃO MUNICIPAL 2012;07/10/2012;M;ES;56057;ALFREDO CHAVES;56057;ALFREDO CHAVES;12;20;13;Vereador;12345;ARMANDO ZANATA INGLE RIBEIRO;5;1112
27/07/2021;17:04:35;2012;2;Eleição Ordinária;1;47;ELEIÇÃO MUNICIPAL 2012;07/10/2012;M;ES;56057;ALFREDO CHAVES;56057;ALFREDO CHAVES;12;20;13;Vereador;40111;CHARLES GAIGHER;7;1112
27/07/2021;17:04:35;2012;2;Eleição Ordinária;1;47;ELEIÇÃO MUNICIPAL 2012;07/10/2012;M;ES;56057;ALFREDO CHAVES;56057;ALFREDO CHAVES;12;20;13;Vereador;40333;DARCI ESCANDIAN;125;1112
27/07/2021;17:04:35;2012;2;Eleição Ordinária;1;47;ELEIÇÃO MUNICIPAL 2012;07/10/2012;M;ES;56057;ALFREDO CHAVES;56057;ALFREDO CHAVES;12;20;13;Vereador;13131;DOMINGOS MAROTTO;1;1112
27/07/2021;17:04:35;2012;2;Eleição Ordinária;1;47;ELEIÇÃO MUNICIPAL 2012;07/10/2012;M;ES;56057;ALFREDO CHAVES;56057;ALFREDO CHAVES;12;20;13;Vereador;40555;EDEVANILDE GORETI BREDA;3;1112
27/07/2021;17:04:35;2012;2;Eleição Ordinária;1;47;ELEIÇÃO MUNICIPAL 2012;07/10/2012;M;ES;56057;ALFREDO CHAVES;56057;ALFREDO CHAVES;12;20;13;Vereador;10123;ELISAEL DOS SANTOS FERREIRA;14;1112
27/07/2021;17:04:35;2012;2;Eleição Ordinária;1;47;ELEIÇÃO MUNICIPAL 2012;07/10/2012;M;ES;56057;ALFREDO CHAVES;56057;ALFREDO CHAVES;12;20;13;Vereador;11789;ELIZETE MARIA FURLAN;3;1112
27/07/2021;17:04:35;2012;2;Eleição Ordinária;1;47;ELEIÇÃO MUNICIPAL 2012;07/10/2012;M;ES;56057;ALFREDO CHAVES;56057;ALFREDO CHAVES;12;20;13;Vereador;14214;ERTA DE PAULA GAIGHER;1;1112
27/07/2021;17:04:35;2012;2;Eleição Ordinária;1;47;ELEIÇÃO MUNICIPAL 2012;07/10/2012;M;ES;56057;ALFREDO CHAVES;56057;ALFREDO CHAVES;12;20;13;Vereador;10000;FABIO BUZZETE LOURENÇO;2;1112
27/07/2021;17:04:35;2012;2;Eleição Ordinária;1;47;ELEIÇÃO MUNICIPAL 2012;07/10/2012;M;ES;56057;ALFREDO CHAVES;56057;ALFREDO CHAVES;12;20;13;Vereador;40222;FERNANDO ALVES;8;1112
27/07/2021;17:04:35;2012;2;Eleição Ordinária;1;47;ELEIÇÃO MUNICIPAL 2012;07/10/2012;M;ES;56057;ALFREDO CHAVES;56057;ALFREDO CHAVES;12;20;13;Vereador;22123;JAMIR PIETRALONGA;3;1112
27/07/2021;17:04:35;2012;2;Eleição Ordinária;1;47;ELEIÇÃO MUNICIPAL 2012;07/10/2012;M;ES;56057;ALFREDO CHAVES;56057;ALFREDO CHAVES;12;20;13;Vereador;45000;JONAS NUNES SIMÕES;10;1112
27/07/2021;17:04:35;2012;2;Eleição Ordinária;1;47;ELEIÇÃO MUNICIPAL 2012;07/10/2012;M;ES;56057;ALFREDO CHAVES;56057;ALFREDO CHAVES;12;20;13;Vereador;40789;JOÃO BOSCO COSTA;1;1112
27/07/2021;17:04:35;2012;2;Eleição Ordinária;1;47;ELEIÇÃO MUNICIPAL 2012;07/10/2012;M;ES;56057;ALFREDO CHAVES;56057;ALFREDO CHAVES;12;20;13;Vereador;11333;MARCO ANTONIO MOZER;2;1112
27/07/2021;17:04:35;2012;2;Eleição Ordinária;1;47;ELEIÇÃO MUNICIPAL 2012;07/10/2012;M;ES;56057;ALFREDO CHAVES;56057;ALFREDO CHAVES;12;20;13;Vereador;11100;MARIA DA PENHA SQUASANTE CAVATI;3;1112
27/07/2021;17:04:35;2012;2;Eleição Ordinária;1;47;ELEIÇÃO MUNICIPAL 2012;07/10/2012;M;ES;56057;ALFREDO CHAVES;56057;ALFREDO CHAVES;12;20;13;Vereador;40777;MARINALVA STEFANON;2;1112
27/07/2021;17:04:35;2012;2;Eleição Ordinária;1;47;ELEIÇÃO MUNICIPAL 2012;07/10/2012;M;ES;56057;ALFREDO CHAVES;56057;ALFREDO CHAVES;12;20;13;Vereador;15311;NARCIZO DE ABREU GRASSI;44;1112
27/07/2021;17:04:35;2012;2;Eleição Ordinária;1;47;ELEIÇÃO MUNICIPAL 2012;07/10/2012;M;ES;56057;ALFREDO CHAVES;56057;ALFREDO CHAVES;12;20;13;Vereador;25100;ORLANDO OSS;1;1112
27/07/2021;17:04:35;2012;2;Eleição Ordinária;1;47;ELEIÇÃO MUNICIPAL 2012;07/10/2012;M;ES;56057;ALFREDO CHAVES;56057;ALFREDO CHAVES;12;20;13;Vereador;45;PARTIDO DA SOCIAL DEMOCRACIA BRASILEIRA;1;1112
27/07/2021;17:04:35;2012;2;Eleição Ordinária;1;47;ELEIÇÃO MUNICIPAL 2012;07/10/2012;M;ES;56057;ALFREDO CHAVES;56057;ALFREDO CHAVES;12;20;13;Vereador;15;PARTIDO DO MOVIMENTO DEMOCRÁTICO BRASILEIRO;1;1112
27/07/2021;17:04:35;2012;2;Eleição Ordinária;1;47;ELEIÇÃO MUNICIPAL 2012;07/10/2012;M;ES;56057;ALFREDO CHAVES;56057;ALFREDO CHAVES;12;20;13;Vereador;23;PARTIDO POPULAR SOCIALISTA;1;1112
27/07/2021;17:04:35;2012;2;Eleição Ordinária;1;47;ELEIÇÃO MUNICIPAL 2012;07/10/2012;M;ES;56057;ALFREDO CHAVES;56057;ALFREDO CHAVES;12;20;13;Vereador;55;PARTIDO SOCIAL DEMOCRÁTICO;2;1112
27/07/2021;17:04:35;2012;2;Eleição Ordinária;1;47;ELEIÇÃO MUNICIPAL 2012;07/10/2012;M;ES;56057;ALFREDO CHAVES;56057;ALFREDO CHAVES;12;20;13;Vereador;40;PARTIDO SOCIALISTA BRASILEIRO;5;1112
27/07/2021;17:04:35;2012;2;Eleição Ordinária;1;47;ELEIÇÃO MUNICIPAL 2012;07/10/2012;M;ES;56057;ALFREDO CHAVES;56057;ALFREDO CHAVES;12;20;13;Vereador;23666;PAULO MUNALDI;16;1112
27/07/2021;17:04:35;2012;2;Eleição Ordinária;1;47;ELEIÇÃO MUNICIPAL 2012;07/10/2012;M;ES;56057;ALFREDO CHAVES;56057;ALFREDO CHAVES;12;20;13;Vereador;11123;PRIMO ARMELINDO BERGAMI;4;1112
27/07/2021;17:04:35;2012;2;Eleição Ordinária;1;47;ELEIÇÃO MUNICIPAL 2012;07/10/2012;M;ES;56057;ALFREDO CHAVES;56057;ALFREDO CHAVES;12;20;13;Vereador;25666;RAINOR BREDA;2;1112
27/07/2021;17:04:35;2012;2;Eleição Ordinária;1;47;ELEIÇÃO MUNICIPAL 2012;07/10/2012;M;ES;56057;ALFREDO CHAVES;56057;ALFREDO CHAVES;12;20;13;Vereador;23333;RENATO CARDOSO;5;1112
27/07/2021;17:04:35;2012;2;Eleição Ordinária;1;47;ELEIÇÃO MUNICIPAL 2012;07/10/2012;M;ES;56057;ALFREDO CHAVES;56057;ALFREDO CHAVES;12;20;13;Vereador;95;VOTO BRANCO;4;1112
27/07/2021;17:04:35;2012;2;Eleição Ordinária;1;47;ELEIÇÃO MUNICIPAL 2012;07/10/2012;M;ES;56057;ALFREDO CHAVES;56057;ALFREDO CHAVES;12;20;13;Vereador;96;VOTO NULO;3;1112
27/07/2021;17:04:35;2012;2;Eleição Ordinária;1;47;ELEIÇÃO MUNICIPAL 2012;07/10/2012;M;ES;56057;ALFREDO CHAVES;56057;ALFREDO CHAVES;12;21;11;Prefeito;40;ROBERTO FORTUNATO FIORIN;88;1120
27/07/2021;17:04:35;2012;2;Eleição Ordinária;1;47;ELEIÇÃO MUNICIPAL 2012;07/10/2012;M;ES;56057;ALFREDO CHAVES;56057;ALFREDO CHAVES;12;21;11;Prefeito;55;SERGIO BIANCHI;214;1120
27/07/2021;17:04:35;2012;2;Eleição Ordinária;1;47;ELEIÇÃO MUNICIPAL 2012;07/10/2012;M;ES;56057;ALFREDO CHAVES;56057;ALFREDO CHAVES;12;21;11;Prefeito;95;VOTO BRANCO;9;1120
27/07/2021;17:04:35;2012;2;Eleição Ordinária;1;47;ELEIÇÃO MUNICIPAL 2012;07/10/2012;M;ES;56057;ALFREDO CHAVES;56057;ALFREDO CHAVES;12;21;11;Prefeito;96;VOTO NULO;15;1120
27/07/2021;17:04:35;2012;2;Eleição Ordinária;1;47;ELEIÇÃO MUNICIPAL 2012;07/10/2012;M;ES;56057;ALFREDO CHAVES;56057;ALFREDO CHAVES;12;21;13;Vereador;23444;AGENOR LORENZON;7;1120
27/07/2021;17:04:35;2012;2;Eleição Ordinária;1;47;ELEIÇÃO MUNICIPAL 2012;07/10/2012;M;ES;56057;ALFREDO CHAVES;56057;ALFREDO CHAVES;12;21;13;Vereador;23612;ANDRÉ SARTORI;42;1120
27/07/2021;17:04:35;2012;2;Eleição Ordinária;1;47;ELEIÇÃO MUNICIPAL 2012;07/10/2012;M;ES;56057;ALFREDO CHAVES;56057;ALFREDO CHAVES;12;21;13;Vereador;40444;ANGELA MARIA VOLPONI FURLAN;1;1120
27/07/2021;17:04:35;2012;2;Eleição Ordinária;1;47;ELEIÇÃO MUNICIPAL 2012;07/10/2012;M;ES;56057;ALFREDO CHAVES;56057;ALFREDO CHAVES;12;21;13;Vereador;11234;ANGELO ARPINI;1;1120
27/07/2021;17:04:35;2012;2;Eleição Ordinária;1;47;ELEIÇÃO MUNICIPAL 2012;07/10/2012;M;ES;56057;ALFREDO CHAVES;56057;ALFREDO CHAVES;12;21;13;Vereador;12345;ARMANDO ZANATA INGLE RIBEIRO;6;1120
27/07/2021;17:04:35;2012;2;Eleição Ordinária;1;47;ELEIÇÃO MUNICIPAL 2012;07/10/2012;M;ES;56057;ALFREDO CHAVES;56057;ALFREDO CHAVES;12;21;13;Vereador;40111;CHARLES GAIGHER;6;1120
27/07/2021;17:04:35;2012;2;Eleição Ordinária;1;47;ELEIÇÃO MUNICIPAL 2012;07/10/2012;M;ES;56057;ALFREDO CHAVES;56057;ALFREDO CHAVES;12;21;13;Vereador;40333;DARCI ESCANDIAN;4;1120
27/07/2021;17:04:35;2012;2;Eleição Ordinária;1;47;ELEIÇÃO MUNICIPAL 2012;07/10/2012;M;ES;56057;ALFREDO CHAVES;56057;ALFREDO CHAVES;12;21;13;Vereador;25;DEMOCRATAS;1;1120
27/07/2021;17:04:35;2012;2;Eleição Ordinária;1;47;ELEIÇÃO MUNICIPAL 2012;07/10/2012;M;ES;56057;ALFREDO CHAVES;56057;ALFREDO CHAVES;12;21;13;Vereador;14678;DULCINO PERUZZO;3;1120
27/07/2021;17:04:35;2012;2;Eleição Ordinária;1;47;ELEIÇÃO MUNICIPAL 2012;07/10/2012;M;ES;56057;ALFREDO CHAVES;56057;ALFREDO CHAVES;12;21;13;Vereador;40555;EDEVANILDE GORETI BREDA;6;1120
27/07/2021;17:04:35;2012;2;Eleição Ordinária;1;47;ELEIÇÃO MUNICIPAL 2012;07/10/2012;M;ES;56057;ALFREDO CHAVES;56057;ALFREDO CHAVES;12;21;13;Vereador;11456;EDSON ANTONIO REGIANI;5;1120
27/07/2021;17:04:35;2012;2;Eleição Ordinária;1;47;ELEIÇÃO MUNICIPAL 2012;07/10/2012;M;ES;56057;ALFREDO CHAVES;56057;ALFREDO CHAVES;12;21;13;Vereador;11789;ELIZETE MARIA FURLAN;8;1120
27/07/2021;17:04:35;2012;2;Eleição Ordinária;1;47;ELEIÇÃO MUNICIPAL 2012;07/10/2012;M;ES;56057;ALFREDO CHAVES;56057;ALFREDO CHAVES;12;21;13;Vereador;10000;FABIO BUZZETE LOURENÇO;1;1120
27/07/2021;17:04:35;2012;2;Eleição Ordinária;1;47;ELEIÇÃO MUNICIPAL 2012;07/10/2012;M;ES;56057;ALFREDO CHAVES;56057;ALFREDO CHAVES;12;21;13;Vereador;40222;FERNANDO ALVES;5;1120
27/07/2021;17:04:35;2012;2;Eleição Ordinária;1;47;ELEIÇÃO MUNICIPAL 2012;07/10/2012;M;ES;56057;ALFREDO CHAVES;56057;ALFREDO CHAVES;12;21;13;Vereador;55555;GERALDO BAYER;2;1120
27/07/2021;17:04:35;2012;2;Eleição Ordinária;1;47;ELEIÇÃO MUNICIPAL 2012;07/10/2012;M;ES;56057;ALFREDO CHAVES;56057;ALFREDO CHAVES;12;21;13;Vereador;40321;GILSON LUIZ BELLON;1;1120
27/07/2021;17:04:35;2012;2;Eleição Ordinária;1;47;ELEIÇÃO MUNICIPAL 2012;07/10/2012;M;ES;56057;ALFREDO CHAVES;56057;ALFREDO CHAVES;12;21;13;Vereador;22123;JAMIR PIETRALONGA;10;1120
27/07/2021;17:04:35;2012;2;Eleição Ordinária;1;47;ELEIÇÃO MUNICIPAL 2012;07/10/2012;M;ES;56057;ALFREDO CHAVES;56057;ALFREDO CHAVES;12;21;13;Vereador;45000;JONAS NUNES SIMÕES;30;1120
27/07/2021;17:04:35;2012;2;Eleição Ordinária;1;47;ELEIÇÃO MUNICIPAL 2012;07/10/2012;M;ES;56057;ALFREDO CHAVES;56057;ALFREDO CHAVES;12;21;13;Vereador;55030;JOSÉ ARLINDO PETERLE;1;1120
27/07/2021;17:04:35;2012;2;Eleição Ordinária;1;47;ELEIÇÃO MUNICIPAL 2012;07/10/2012;M;ES;56057;ALFREDO CHAVES;56057;ALFREDO CHAVES;12;21;13;Vereador;40789;JOÃO BOSCO COSTA;7;1120
27/07/2021;17:04:35;2012;2;Eleição Ordinária;1;47;ELEIÇÃO MUNICIPAL 2012;07/10/2012;M;ES;56057;ALFREDO CHAVES;56057;ALFREDO CHAVES;12;21;13;Vereador;11333;MARCO ANTONIO MOZER;2;1120
27/07/2021;17:04:35;2012;2;Eleição Ordinária;1;47;ELEIÇÃO MUNICIPAL 2012;07/10/2012;M;ES;56057;ALFREDO CHAVES;56057;ALFREDO CHAVES;12;21;13;Vereador;11100;MARIA DA PENHA SQUASANTE CAVATI;1;1120
27/07/2021;17:04:35;2012;2;Eleição Ordinária;1;47;ELEIÇÃO MUNICIPAL 2012;07/10/2012;M;ES;56057;ALFREDO CHAVES;56057;ALFREDO CHAVES;12;21;13;Vereador;40777;MARINALVA STEFANON;1;1120
27/07/2021;17:04:35;2012;2;Eleição Ordinária;1;47;ELEIÇÃO MUNICIPAL 2012;07/10/2012;M;ES;56057;ALFREDO CHAVES;56057;ALFREDO CHAVES;12;21;13;Vereador;15311;NARCIZO DE ABREU GRASSI;24;1120
27/07/2021;17:04:35;2012;2;Eleição Ordinária;1;47;ELEIÇÃO MUNICIPAL 2012;07/10/2012;M;ES;56057;ALFREDO CHAVES;56057;ALFREDO CHAVES;12;21;13;Vereador;25100;ORLANDO OSS;25;1120
27/07/2021;17:04:35;2012;2;Eleição Ordinária;1;47;ELEIÇÃO MUNICIPAL 2012;07/10/2012;M;ES;56057;ALFREDO CHAVES;56057;ALFREDO CHAVES;12;21;13;Vereador;22;PARTIDO DA REPÚBLICA;1;1120
27/07/2021;17:04:35;2012;2;Eleição Ordinária;1;47;ELEIÇÃO MUNICIPAL 2012;07/10/2012;M;ES;56057;ALFREDO CHAVES;56057;ALFREDO CHAVES;12;21;13;Vereador;45;PARTIDO DA SOCIAL DEMOCRACIA BRASILEIRA;2;1120
27/07/2021;17:04:35;2012;2;Eleição Ordinária;1;47;ELEIÇÃO MUNICIPAL 2012;07/10/2012;M;ES;56057;ALFREDO CHAVES;56057;ALFREDO CHAVES;12;21;13;Vereador;12;PARTIDO DEMOCRÁTICO TRABALHISTA;1;1120
27/07/2021;17:04:35;2012;2;Eleição Ordinária;1;47;ELEIÇÃO MUNICIPAL 2012;07/10/2012;M;ES;56057;ALFREDO CHAVES;56057;ALFREDO CHAVES;12;21;13;Vereador;15;PARTIDO DO MOVIMENTO DEMOCRÁTICO BRASILEIRO;2;1120
27/07/2021;17:04:35;2012;2;Eleição Ordinária;1;47;ELEIÇÃO MUNICIPAL 2012;07/10/2012;M;ES;56057;ALFREDO CHAVES;56057;ALFREDO CHAVES;12;21;13;Vereador;13;PARTIDO DOS TRABALHADORES;1;1120
27/07/2021;17:04:35;2012;2;Eleição Ordinária;1;47;ELEIÇÃO MUNICIPAL 2012;07/10/2012;M;ES;56057;ALFREDO CHAVES;56057;ALFREDO CHAVES;12;21;13;Vereador;23;PARTIDO POPULAR SOCIALISTA;7;1120
27/07/2021;17:04:35;2012;2;Eleição Ordinária;1;47;ELEIÇÃO MUNICIPAL 2012;07/10/2012;M;ES;56057;ALFREDO CHAVES;56057;ALFREDO CHAVES;12;21;13;Vereador;11;PARTIDO PROGRESSISTA;3;1120
27/07/2021;17:04:35;2012;2;Eleição Ordinária;1;47;ELEIÇÃO MUNICIPAL 2012;07/10/2012;M;ES;56057;ALFREDO CHAVES;56057;ALFREDO CHAVES;12;21;13;Vereador;55;PARTIDO SOCIAL DEMOCRÁTICO;8;1120
27/07/2021;17:04:35;2012;2;Eleição Ordinária;1;47;ELEIÇÃO MUNICIPAL 2012;07/10/2012;M;ES;56057;ALFREDO CHAVES;56057;ALFREDO CHAVES;12;21;13;Vereador;40;PARTIDO SOCIALISTA BRASILEIRO;6;1120
27/07/2021;17:04:35;2012;2;Eleição Ordinária;1;47;ELEIÇÃO MUNICIPAL 2012;07/10/2012;M;ES;56057;ALFREDO CHAVES;56057;ALFREDO CHAVES;12;21;13;Vereador;23666;PAULO MUNALDI;62;1120
27/07/2021;17:04:35;2012;2;Eleição Ordinária;1;47;ELEIÇÃO MUNICIPAL 2012;07/10/2012;M;ES;56057;ALFREDO CHAVES;56057;ALFREDO CHAVES;12;21;13;Vereador;11123;PRIMO ARMELINDO BERGAMI;8;1120
27/07/2021;17:04:35;2012;2;Eleição Ordinária;1;47;ELEIÇÃO MUNICIPAL 2012;07/10/2012;M;ES;56057;ALFREDO CHAVES;56057;ALFREDO CHAVES;12;21;13;Vereador;13123;SIMÃO LOPES DOS SANTOS;2;1120
27/07/2021;17:04:35;2012;2;Eleição Ordinária;1;47;ELEIÇÃO MUNICIPAL 2012;07/10/2012;M;ES;56057;ALFREDO CHAVES;56057;ALFREDO CHAVES;12;21;13;Vereador;23777;VANDENÉZIA PEREIRA SANTIAGO CASALE;1;1120
27/07/2021;17:04:35;2012;2;Eleição Ordinária;1;47;ELEIÇÃO MUNICIPAL 2012;07/10/2012;M;ES;56057;ALFREDO CHAVES;56057;ALFREDO CHAVES;12;21;13;Vereador;95;VOTO BRANCO;10;1120
27/07/2021;17:04:35;2012;2;Eleição Ordinária;1;47;ELEIÇÃO MUNICIPAL 2012;07/10/2012;M;ES;56057;ALFREDO CHAVES;56057;ALFREDO CHAVES;12;21;13;Vereador;96;VOTO NULO;12;1120
27/07/2021;17:04:35;2012;2;Eleição Ordinária;1;47;ELEIÇÃO MUNICIPAL 2012;07/10/2012;M;ES;56057;ALFREDO CHAVES;56057;ALFREDO CHAVES;12;22;11;Prefeito;40;ROBERTO FORTUNATO FIORIN;200;1139
27/07/2021;17:04:35;2012;2;Eleição Ordinária;1;47;ELEIÇÃO MUNICIPAL 2012;07/10/2012;M;ES;56057;ALFREDO CHAVES;56057;ALFREDO CHAVES;12;22;11;Prefeito;55;SERGIO BIANCHI;82;1139
27/07/2021;17:04:35;2012;2;Eleição Ordinária;1;47;ELEIÇÃO MUNICIPAL 2012;07/10/2012;M;ES;56057;ALFREDO CHAVES;56057;ALFREDO CHAVES;12;22;11;Prefeito;95;VOTO BRANCO;20;1139
27/07/2021;17:04:35;2012;2;Eleição Ordinária;1;47;ELEIÇÃO MUNICIPAL 2012;07/10/2012;M;ES;56057;ALFREDO CHAVES;56057;ALFREDO CHAVES;12;22;11;Prefeito;96;VOTO NULO;13;1139
27/07/2021;17:04:35;2012;2;Eleição Ordinária;1;47;ELEIÇÃO MUNICIPAL 2012;07/10/2012;M;ES;56057;ALFREDO CHAVES;56057;ALFREDO CHAVES;12;22;13;Vereador;23612;ANDRÉ SARTORI;8;1139
27/07/2021;17:04:35;2012;2;Eleição Ordinária;1;47;ELEIÇÃO MUNICIPAL 2012;07/10/2012;M;ES;56057;ALFREDO CHAVES;56057;ALFREDO CHAVES;12;22;13;Vereador;11234;ANGELO ARPINI;21;1139
27/07/2021;17:04:35;2012;2;Eleição Ordinária;1;47;ELEIÇÃO MUNICIPAL 2012;07/10/2012;M;ES;56057;ALFREDO CHAVES;56057;ALFREDO CHAVES;12;22;13;Vereador;12345;ARMANDO ZANATA INGLE RIBEIRO;9;1139
27/07/2021;17:04:35;2012;2;Eleição Ordinária;1;47;ELEIÇÃO MUNICIPAL 2012;07/10/2012;M;ES;56057;ALFREDO CHAVES;56057;ALFREDO CHAVES;12;22;13;Vereador;40111;CHARLES GAIGHER;5;1139
27/07/2021;17:04:35;2012;2;Eleição Ordinária;1;47;ELEIÇÃO MUNICIPAL 2012;07/10/2012;M;ES;56057;ALFREDO CHAVES;56057;ALFREDO CHAVES;12;22;13;Vereador;40123;CLEOMIR GOBBI BUBACK;1;1139
27/07/2021;17:04:35;2012;2;Eleição Ordinária;1;47;ELEIÇÃO MUNICIPAL 2012;07/10/2012;M;ES;56057;ALFREDO CHAVES;56057;ALFREDO CHAVES;12;22;13;Vereador;40333;DARCI ESCANDIAN;3;1139
27/07/2021;17:04:35;2012;2;Eleição Ordinária;1;47;ELEIÇÃO MUNICIPAL 2012;07/10/2012;M;ES;56057;ALFREDO CHAVES;56057;ALFREDO CHAVES;12;22;13;Vereador;14678;DULCINO PERUZZO;4;1139
27/07/2021;17:04:35;2012;2;Eleição Ordinária;1;47;ELEIÇÃO MUNICIPAL 2012;07/10/2012;M;ES;56057;ALFREDO CHAVES;56057;ALFREDO CHAVES;12;22;13;Vereador;40555;EDEVANILDE GORETI BREDA;3;1139
27/07/2021;17:04:35;2012;2;Eleição Ordinária;1;47;ELEIÇÃO MUNICIPAL 2012;07/10/2012;M;ES;56057;ALFREDO CHAVES;56057;ALFREDO CHAVES;12;22;13;Vereador;14214;ERTA DE PAULA GAIGHER;2;1139
27/07/2021;17:04:35;2012;2;Eleição Ordinária;1;47;ELEIÇÃO MUNICIPAL 2012;07/10/2012;M;ES;56057;ALFREDO CHAVES;56057;ALFREDO CHAVES;12;22;13;Vereador;40222;FERNANDO ALVES;7;1139
27/07/2021;17:04:35;2012;2;Eleição Ordinária;1;47;ELEIÇÃO MUNICIPAL 2012;07/10/2012;M;ES;56057;ALFREDO CHAVES;56057;ALFREDO CHAVES;12;22;13;Vereador;55555;GERALDO BAYER;1;1139
27/07/2021;17:04:35;2012;2;Eleição Ordinária;1;47;ELEIÇÃO MUNICIPAL 2012;07/10/2012;M;ES;56057;ALFREDO CHAVES;56057;ALFREDO CHAVES;12;22;13;Vereador;40321;GILSON LUIZ BELLON;3;1139
27/07/2021;17:04:35;2012;2;Eleição Ordinária;1;47;ELEIÇÃO MUNICIPAL 2012;07/10/2012;M;ES;56057;ALFREDO CHAVES;56057;ALFREDO CHAVES;12;22;13;Vereador;45789;JOAO BOSCO COSTA JUNIOR;1;1139
27/07/2021;17:04:35;2012;2;Eleição Ordinária;1;47;ELEIÇÃO MUNICIPAL 2012;07/10/2012;M;ES;56057;ALFREDO CHAVES;56057;ALFREDO CHAVES;12;22;13;Vereador;45000;JONAS NUNES SIMÕES;8;1139
27/07/2021;17:04:35;2012;2;Eleição Ordinária;1;47;ELEIÇÃO MUNICIPAL 2012;07/10/2012;M;ES;56057;ALFREDO CHAVES;56057;ALFREDO CHAVES;12;22;13;Vereador;11345;JOSÉ ALVES PEREIRA;5;1139
27/07/2021;17:04:35;2012;2;Eleição Ordinária;1;47;ELEIÇÃO MUNICIPAL 2012;07/10/2012;M;ES;56057;ALFREDO CHAVES;56057;ALFREDO CHAVES;12;22;13;Vereador;55030;JOSÉ ARLINDO PETERLE;32;1139
27/07/2021;17:04:35;2012;2;Eleição Ordinária;1;47;ELEIÇÃO MUNICIPAL 2012;07/10/2012;M;ES;56057;ALFREDO CHAVES;56057;ALFREDO CHAVES;12;22;13;Vereador;40789;JOÃO BOSCO COSTA;110;1139
27/07/2021;17:04:35;2012;2;Eleição Ordinária;1;47;ELEIÇÃO MUNICIPAL 2012;07/10/2012;M;ES;56057;ALFREDO CHAVES;56057;ALFREDO CHAVES;12;22;13;Vereador;40147;JUCIMARA CANDIDO NICHETI;6;1139
27/07/2021;17:04:35;2012;2;Eleição Ordinária;1;47;ELEIÇÃO MUNICIPAL 2012;07/10/2012;M;ES;56057;ALFREDO CHAVES;56057;ALFREDO CHAVES;12;22;13;Vereador;11333;MARCO ANTONIO MOZER;8;1139
27/07/2021;17:04:35;2012;2;Eleição Ordinária;1;47;ELEIÇÃO MUNICIPAL 2012;07/10/2012;M;ES;56057;ALFREDO CHAVES;56057;ALFREDO CHAVES;12;22;13;Vereador;11100;MARIA DA PENHA SQUASANTE CAVATI;2;1139
27/07/2021;17:04:35;2012;2;Eleição Ordinária;1;47;ELEIÇÃO MUNICIPAL 2012;07/10/2012;M;ES;56057;ALFREDO CHAVES;56057;ALFREDO CHAVES;12;22;13;Vereador;15311;NARCIZO DE ABREU GRASSI;17;1139
27/07/2021;17:04:35;2012;2;Eleição Ordinária;1;47;ELEIÇÃO MUNICIPAL 2012;07/10/2012;M;ES;56057;ALFREDO CHAVES;56057;ALFREDO CHAVES;12;22;13;Vereador;22;PARTIDO DA REPÚBLICA;1;1139
27/07/2021;17:04:35;2012;2;Eleição Ordinária;1;47;ELEIÇÃO MUNICIPAL 2012;07/10/2012;M;ES;56057;ALFREDO CHAVES;56057;ALFREDO CHAVES;12;22;13;Vereador;45;PARTIDO DA SOCIAL DEMOCRACIA BRASILEIRA;1;1139
27/07/2021;17:04:35;2012;2;Eleição Ordinária;1;47;ELEIÇÃO MUNICIPAL 2012;07/10/2012;M;ES;56057;ALFREDO CHAVES;56057;ALFREDO CHAVES;12;22;13;Vereador;12;PARTIDO DEMOCRÁTICO TRABALHISTA;2;1139
27/07/2021;17:04:35;2012;2;Eleição Ordinária;1;47;ELEIÇÃO MUNICIPAL 2012;07/10/2012;M;ES;56057;ALFREDO CHAVES;56057;ALFREDO CHAVES;12;22;13;Vereador;23;PARTIDO POPULAR SOCIALISTA;1;1139
27/07/2021;17:04:35;2012;2;Eleição Ordinária;1;47;ELEIÇÃO MUNICIPAL 2012;07/10/2012;M;ES;56057;ALFREDO CHAVES;56057;ALFREDO CHAVES;12;22;13;Vereador;55;PARTIDO SOCIAL DEMOCRÁTICO;5;1139
27/07/2021;17:04:35;2012;2;Eleição Ordinária;1;47;ELEIÇÃO MUNICIPAL 2012;07/10/2012;M;ES;56057;ALFREDO CHAVES;56057;ALFREDO CHAVES;12;22;13;Vereador;40;PARTIDO SOCIALISTA BRASILEIRO;9;1139
27/07/2021;17:04:35;2012;2;Eleição Ordinária;1;47;ELEIÇÃO MUNICIPAL 2012;07/10/2012;M;ES;56057;ALFREDO CHAVES;56057;ALFREDO CHAVES;12;22;13;Vereador;23666;PAULO MUNALDI;22;1139
27/07/2021;17:04:35;2012;2;Eleição Ordinária;1;47;ELEIÇÃO MUNICIPAL 2012;07/10/2012;M;ES;56057;ALFREDO CHAVES;56057;ALFREDO CHAVES;12;22;13;Vereador;25666;RAINOR BREDA;1;1139
27/07/2021;17:04:35;2012;2;Eleição Ordinária;1;47;ELEIÇÃO MUNICIPAL 2012;07/10/2012;M;ES;56057;ALFREDO CHAVES;56057;ALFREDO CHAVES;12;22;13;Vereador;23333;RENATO CARDOSO;4;1139
27/07/2021;17:04:35;2012;2;Eleição Ordinária;1;47;ELEIÇÃO MUNICIPAL 2012;07/10/2012;M;ES;56057;ALFREDO CHAVES;56057;ALFREDO CHAVES;12;22;13;Vereador;13123;SIMÃO LOPES DOS SANTOS;4;1139
27/07/2021;17:04:35;2012;2;Eleição Ordinária;1;47;ELEIÇÃO MUNICIPAL 2012;07/10/2012;M;ES;56057;ALFREDO CHAVES;56057;ALFREDO CHAVES;12;22;13;Vereador;95;VOTO BRANCO;3;1139
27/07/2021;17:04:35;2012;2;Eleição Ordinária;1;47;ELEIÇÃO MUNICIPAL 2012;07/10/2012;M;ES;56057;ALFREDO CHAVES;56057;ALFREDO CHAVES;12;22;13;Vereador;96;VOTO NULO;6;1139
27/07/2021;17:04:35;2012;2;Eleição Ordinária;1;47;ELEIÇÃO MUNICIPAL 2012;07/10/2012;M;ES;56057;ALFREDO CHAVES;56057;ALFREDO CHAVES;12;23;11;Prefeito;40;ROBERTO FORTUNATO FIORIN;203;1139
27/07/2021;17:04:35;2012;2;Eleição Ordinária;1;47;ELEIÇÃO MUNICIPAL 2012;07/10/2012;M;ES;56057;ALFREDO CHAVES;56057;ALFREDO CHAVES;12;23;11;Prefeito;55;SERGIO BIANCHI;93;1139
27/07/2021;17:04:35;2012;2;Eleição Ordinária;1;47;ELEIÇÃO MUNICIPAL 2012;07/10/2012;M;ES;56057;ALFREDO CHAVES;56057;ALFREDO CHAVES;12;23;11;Prefeito;95;VOTO BRANCO;13;1139
27/07/2021;17:04:35;2012;2;Eleição Ordinária;1;47;ELEIÇÃO MUNICIPAL 2012;07/10/2012;M;ES;56057;ALFREDO CHAVES;56057;ALFREDO CHAVES;12;23;11;Prefeito;96;VOTO NULO;15;1139
27/07/2021;17:04:35;2012;2;Eleição Ordinária;1;47;ELEIÇÃO MUNICIPAL 2012;07/10/2012;M;ES;56057;ALFREDO CHAVES;56057;ALFREDO CHAVES;12;23;13;Vereador;23444;AGENOR LORENZON;1;1139
27/07/2021;17:04:35;2012;2;Eleição Ordinária;1;47;ELEIÇÃO MUNICIPAL 2012;07/10/2012;M;ES;56057;ALFREDO CHAVES;56057;ALFREDO CHAVES;12;23;13;Vereador;23612;ANDRÉ SARTORI;6;1139
27/07/2021;17:04:35;2012;2;Eleição Ordinária;1;47;ELEIÇÃO MUNICIPAL 2012;07/10/2012;M;ES;56057;ALFREDO CHAVES;56057;ALFREDO CHAVES;12;23;13;Vereador;40444;ANGELA MARIA VOLPONI FURLAN;1;1139
27/07/2021;17:04:35;2012;2;Eleição Ordinária;1;47;ELEIÇÃO MUNICIPAL 2012;07/10/2012;M;ES;56057;ALFREDO CHAVES;56057;ALFREDO CHAVES;12;23;13;Vereador;11234;ANGELO ARPINI;33;1139
27/07/2021;17:04:35;2012;2;Eleição Ordinária;1;47;ELEIÇÃO MUNICIPAL 2012;07/10/2012;M;ES;56057;ALFREDO CHAVES;56057;ALFREDO CHAVES;12;23;13;Vereador;12345;ARMANDO ZANATA INGLE RIBEIRO;11;1139
27/07/2021;17:04:35;2012;2;Eleição Ordinária;1;47;ELEIÇÃO MUNICIPAL 2012;07/10/2012;M;ES;56057;ALFREDO CHAVES;56057;ALFREDO CHAVES;12;23;13;Vereador;40111;CHARLES GAIGHER;4;1139
27/07/2021;17:04:35;2012;2;Eleição Ordinária;1;47;ELEIÇÃO MUNICIPAL 2012;07/10/2012;M;ES;56057;ALFREDO CHAVES;56057;ALFREDO CHAVES;12;23;13;Vereador;40000;DULCIANE BRUNORO ESTEVES;1;1139
27/07/2021;17:04:35;2012;2;Eleição Ordinária;1;47;ELEIÇÃO MUNICIPAL 2012;07/10/2012;M;ES;56057;ALFREDO CHAVES;56057;ALFREDO CHAVES;12;23;13;Vereador;14678;DULCINO PERUZZO;7;1139
27/07/2021;17:04:35;2012;2;Eleição Ordinária;1;47;ELEIÇÃO MUNICIPAL 2012;07/10/2012;M;ES;56057;ALFREDO CHAVES;56057;ALFREDO CHAVES;12;23;13;Vereador;14214;ERTA DE PAULA GAIGHER;3;1139
27/07/2021;17:04:35;2012;2;Eleição Ordinária;1;47;ELEIÇÃO MUNICIPAL 2012;07/10/2012;M;ES;56057;ALFREDO CHAVES;56057;ALFREDO CHAVES;12;23;13;Vereador;10000;FABIO BUZZETE LOURENÇO;4;1139
27/07/2021;17:04:35;2012;2;Eleição Ordinária;1;47;ELEIÇÃO MUNICIPAL 2012;07/10/2012;M;ES;56057;ALFREDO CHAVES;56057;ALFREDO CHAVES;12;23;13;Vereador;40222;FERNANDO ALVES;6;1139
27/07/2021;17:04:35;2012;2;Eleição Ordinária;1;47;ELEIÇÃO MUNICIPAL 2012;07/10/2012;M;ES;56057;ALFREDO CHAVES;56057;ALFREDO CHAVES;12;23;13;Vereador;55555;GERALDO BAYER;2;1139
27/07/2021;17:04:35;2012;2;Eleição Ordinária;1;47;ELEIÇÃO MUNICIPAL 2012;07/10/2012;M;ES;56057;ALFREDO CHAVES;56057;ALFREDO CHAVES;12;23;13;Vereador;40321;GILSON LUIZ BELLON;1;1139
27/07/2021;17:04:35;2012;2;Eleição Ordinária;1;47;ELEIÇÃO MUNICIPAL 2012;07/10/2012;M;ES;56057;ALFREDO CHAVES;56057;ALFREDO CHAVES;12;23;13;Vereador;45000;JONAS NUNES SIMÕES;6;1139
27/07/2021;17:04:35;2012;2;Eleição Ordinária;1;47;ELEIÇÃO MUNICIPAL 2012;07/10/2012;M;ES;56057;ALFREDO CHAVES;56057;ALFREDO CHAVES;12;23;13;Vereador;12333;JOSE CARLOS CRAVEIRO CAMPOS;1;1139
27/07/2021;17:04:35;2012;2;Eleição Ordinária;1;47;ELEIÇÃO MUNICIPAL 2012;07/10/2012;M;ES;56057;ALFREDO CHAVES;56057;ALFREDO CHAVES;12;23;13;Vereador;11345;JOSÉ ALVES PEREIRA;4;1139
27/07/2021;17:04:35;2012;2;Eleição Ordinária;1;47;ELEIÇÃO MUNICIPAL 2012;07/10/2012;M;ES;56057;ALFREDO CHAVES;56057;ALFREDO CHAVES;12;23;13;Vereador;55030;JOSÉ ARLINDO PETERLE;26;1139
27/07/2021;17:04:35;2012;2;Eleição Ordinária;1;47;ELEIÇÃO MUNICIPAL 2012;07/10/2012;M;ES;56057;ALFREDO CHAVES;56057;ALFREDO CHAVES;12;23;13;Vereador;40789;JOÃO BOSCO COSTA;118;1139
27/07/2021;17:04:35;2012;2;Eleição Ordinária;1;47;ELEIÇÃO MUNICIPAL 2012;07/10/2012;M;ES;56057;ALFREDO CHAVES;56057;ALFREDO CHAVES;12;23;13;Vereador;40147;JUCIMARA CANDIDO NICHETI;2;1139
27/07/2021;17:04:35;2012;2;Eleição Ordinária;1;47;ELEIÇÃO MUNICIPAL 2012;07/10/2012;M;ES;56057;ALFREDO CHAVES;56057;ALFREDO CHAVES;12;23;13;Vereador;11333;MARCO ANTONIO MOZER;9;1139
27/07/2021;17:04:35;2012;2;Eleição Ordinária;1;47;ELEIÇÃO MUNICIPAL 2012;07/10/2012;M;ES;56057;ALFREDO CHAVES;56057;ALFREDO CHAVES;12;23;13;Vereador;11100;MARIA DA PENHA SQUASANTE CAVATI;3;1139
27/07/2021;17:04:35;2012;2;Eleição Ordinária;1;47;ELEIÇÃO MUNICIPAL 2012;07/10/2012;M;ES;56057;ALFREDO CHAVES;56057;ALFREDO CHAVES;12;23;13;Vereador;15311;NARCIZO DE ABREU GRASSI;21;1139
27/07/2021;17:04:35;2012;2;Eleição Ordinária;1;47;ELEIÇÃO MUNICIPAL 2012;07/10/2012;M;ES;56057;ALFREDO CHAVES;56057;ALFREDO CHAVES;12;23;13;Vereador;25100;ORLANDO OSS;1;1139
27/07/2021;17:04:35;2012;2;Eleição Ordinária;1;47;ELEIÇÃO MUNICIPAL 2012;07/10/2012;M;ES;56057;ALFREDO CHAVES;56057;ALFREDO CHAVES;12;23;13;Vereador;12;PARTIDO DEMOCRÁTICO TRABALHISTA;1;1139
27/07/2021;17:04:35;2012;2;Eleição Ordinária;1;47;ELEIÇÃO MUNICIPAL 2012;07/10/2012;M;ES;56057;ALFREDO CHAVES;56057;ALFREDO CHAVES;12;23;13;Vereador;13;PARTIDO DOS TRABALHADORES;1;1139
27/07/2021;17:04:35;2012;2;Eleição Ordinária;1;47;ELEIÇÃO MUNICIPAL 2012;07/10/2012;M;ES;56057;ALFREDO CHAVES;56057;ALFREDO CHAVES;12;23;13;Vereador;55;PARTIDO SOCIAL DEMOCRÁTICO;4;1139
27/07/2021;17:04:35;2012;2;Eleição Ordinária;1;47;ELEIÇÃO MUNICIPAL 2012;07/10/2012;M;ES;56057;ALFREDO CHAVES;56057;ALFREDO CHAVES;12;23;13;Vereador;40;PARTIDO SOCIALISTA BRASILEIRO;4;1139
27/07/2021;17:04:35;2012;2;Eleição Ordinária;1;47;ELEIÇÃO MUNICIPAL 2012;07/10/2012;M;ES;56057;ALFREDO CHAVES;56057;ALFREDO CHAVES;12;23;13;Vereador;23666;PAULO MUNALDI;27;1139
27/07/2021;17:04:35;2012;2;Eleição Ordinária;1;47;ELEIÇÃO MUNICIPAL 2012;07/10/2012;M;ES;56057;ALFREDO CHAVES;56057;ALFREDO CHAVES;12;23;13;Vereador;11123;PRIMO ARMELINDO BERGAMI;3;1139
27/07/2021;17:04:35;2012;2;Eleição Ordinária;1;47;ELEIÇÃO MUNICIPAL 2012;07/10/2012;M;ES;56057;ALFREDO CHAVES;56057;ALFREDO CHAVES;12;23;13;Vereador;23333;RENATO CARDOSO;1;1139
27/07/2021;17:04:35;2012;2;Eleição Ordinária;1;47;ELEIÇÃO MUNICIPAL 2012;07/10/2012;M;ES;56057;ALFREDO CHAVES;56057;ALFREDO CHAVES;12;23;13;Vereador;13123;SIMÃO LOPES DOS SANTOS;4;1139
27/07/2021;17:04:35;2012;2;Eleição Ordinária;1;47;ELEIÇÃO MUNICIPAL 2012;07/10/2012;M;ES;56057;ALFREDO CHAVES;56057;ALFREDO CHAVES;12;23;13;Vereador;96;VOTO NULO;8;1139
27/07/2021;17:04:35;2012;2;Eleição Ordinária;1;47;ELEIÇÃO MUNICIPAL 2012;07/10/2012;M;ES;56057;ALFREDO CHAVES;56057;ALFREDO CHAVES;12;24;11;Prefeito;40;ROBERTO FORTUNATO FIORIN;188;1147
27/07/2021;17:04:35;2012;2;Eleição Ordinária;1;47;ELEIÇÃO MUNICIPAL 2012;07/10/2012;M;ES;56057;ALFREDO CHAVES;56057;ALFREDO CHAVES;12;24;11;Prefeito;55;SERGIO BIANCHI;32;1147
27/07/2021;17:04:35;2012;2;Eleição Ordinária;1;47;ELEIÇÃO MUNICIPAL 2012;07/10/2012;M;ES;56057;ALFREDO CHAVES;56057;ALFREDO CHAVES;12;24;11;Prefeito;95;VOTO BRANCO;26;1147
27/07/2021;17:04:35;2012;2;Eleição Ordinária;1;47;ELEIÇÃO MUNICIPAL 2012;07/10/2012;M;ES;56057;ALFREDO CHAVES;56057;ALFREDO CHAVES;12;24;11;Prefeito;96;VOTO NULO;11;1147
27/07/2021;17:04:35;2012;2;Eleição Ordinária;1;47;ELEIÇÃO MUNICIPAL 2012;07/10/2012;M;ES;56057;ALFREDO CHAVES;56057;ALFREDO CHAVES;12;24;13;Vereador;12345;ARMANDO ZANATA INGLE RIBEIRO;1;1147
27/07/2021;17:04:35;2012;2;Eleição Ordinária;1;47;ELEIÇÃO MUNICIPAL 2012;07/10/2012;M;ES;56057;ALFREDO CHAVES;56057;ALFREDO CHAVES;12;24;13;Vereador;40111;CHARLES GAIGHER;3;1147
27/07/2021;17:04:35;2012;2;Eleição Ordinária;1;47;ELEIÇÃO MUNICIPAL 2012;07/10/2012;M;ES;56057;ALFREDO CHAVES;56057;ALFREDO CHAVES;12;24;13;Vereador;40333;DARCI ESCANDIAN;1;1147
27/07/2021;17:04:35;2012;2;Eleição Ordinária;1;47;ELEIÇÃO MUNICIPAL 2012;07/10/2012;M;ES;56057;ALFREDO CHAVES;56057;ALFREDO CHAVES;12;24;13;Vereador;13131;DOMINGOS MAROTTO;1;1147
27/07/2021;17:04:35;2012;2;Eleição Ordinária;1;47;ELEIÇÃO MUNICIPAL 2012;07/10/2012;M;ES;56057;ALFREDO CHAVES;56057;ALFREDO CHAVES;12;24;13;Vereador;40000;DULCIANE BRUNORO ESTEVES;2;1147
27/07/2021;17:04:35;2012;2;Eleição Ordinária;1;47;ELEIÇÃO MUNICIPAL 2012;07/10/2012;M;ES;56057;ALFREDO CHAVES;56057;ALFREDO CHAVES;12;24;13;Vereador;10123;ELISAEL DOS SANTOS FERREIRA;1;1147
27/07/2021;17:04:35;2012;2;Eleição Ordinária;1;47;ELEIÇÃO MUNICIPAL 2012;07/10/2012;M;ES;56057;ALFREDO CHAVES;56057;ALFREDO CHAVES;12;24;13;Vereador;15500;ELSON ANTONIO DENADAI;27;1147
27/07/2021;17:04:35;2012;2;Eleição Ordinária;1;47;ELEIÇÃO MUNICIPAL 2012;07/10/2012;M;ES;56057;ALFREDO CHAVES;56057;ALFREDO CHAVES;12;24;13;Vereador;14214;ERTA DE PAULA GAIGHER;1;1147
27/07/2021;17:04:35;2012;2;Eleição Ordinária;1;47;ELEIÇÃO MUNICIPAL 2012;07/10/2012;M;ES;56057;ALFREDO CHAVES;56057;ALFREDO CHAVES;12;24;13;Vereador;40222;FERNANDO ALVES;1;1147
27/07/2021;17:04:35;2012;2;Eleição Ordinária;1;47;ELEIÇÃO MUNICIPAL 2012;07/10/2012;M;ES;56057;ALFREDO CHAVES;56057;ALFREDO CHAVES;12;24;13;Vereador;55555;GERALDO BAYER;6;1147
27/07/2021;17:04:35;2012;2;Eleição Ordinária;1;47;ELEIÇÃO MUNICIPAL 2012;07/10/2012;M;ES;56057;ALFREDO CHAVES;56057;ALFREDO CHAVES;12;24;13;Vereador;40321;GILSON LUIZ BELLON;2;1147
27/07/2021;17:04:35;2012;2;Eleição Ordinária;1;47;ELEIÇÃO MUNICIPAL 2012;07/10/2012;M;ES;56057;ALFREDO CHAVES;56057;ALFREDO CHAVES;12;24;13;Vereador;22123;JAMIR PIETRALONGA;7;1147
27/07/2021;17:04:35;2012;2;Eleição Ordinária;1;47;ELEIÇÃO MUNICIPAL 2012;07/10/2012;M;ES;56057;ALFREDO CHAVES;56057;ALFREDO CHAVES;12;24;13;Vereador;12333;JOSE CARLOS CRAVEIRO CAMPOS;1;1147
27/07/2021;17:04:35;2012;2;Eleição Ordinária;1;47;ELEIÇÃO MUNICIPAL 2012;07/10/2012;M;ES;56057;ALFREDO CHAVES;56057;ALFREDO CHAVES;12;24;13;Vereador;11333;MARCO ANTONIO MOZER;1;1147
27/07/2021;17:04:35;2012;2;Eleição Ordinária;1;47;ELEIÇÃO MUNICIPAL 2012;07/10/2012;M;ES;56057;ALFREDO CHAVES;56057;ALFREDO CHAVES;12;24;13;Vereador;15311;NARCIZO DE ABREU GRASSI;10;1147
27/07/2021;17:04:35;2012;2;Eleição Ordinária;1;47;ELEIÇÃO MUNICIPAL 2012;07/10/2012;M;ES;56057;ALFREDO CHAVES;56057;ALFREDO CHAVES;12;24;13;Vereador;22;PARTIDO DA REPÚBLICA;1;1147
27/07/2021;17:04:35;2012;2;Eleição Ordinária;1;47;ELEIÇÃO MUNICIPAL 2012;07/10/2012;M;ES;56057;ALFREDO CHAVES;56057;ALFREDO CHAVES;12;24;13;Vereador;45;PARTIDO DA SOCIAL DEMOCRACIA BRASILEIRA;1;1147
27/07/2021;17:04:35;2012;2;Eleição Ordinária;1;47;ELEIÇÃO MUNICIPAL 2012;07/10/2012;M;ES;56057;ALFREDO CHAVES;56057;ALFREDO CHAVES;12;24;13;Vereador;12;PARTIDO DEMOCRÁTICO TRABALHISTA;1;1147
27/07/2021;17:04:35;2012;2;Eleição Ordinária;1;47;ELEIÇÃO MUNICIPAL 2012;07/10/2012;M;ES;56057;ALFREDO CHAVES;56057;ALFREDO CHAVES;12;24;13;Vereador;55;PARTIDO SOCIAL DEMOCRÁTICO;2;1147
27/07/2021;17:04:35;2012;2;Eleição Ordinária;1;47;ELEIÇÃO MUNICIPAL 2012;07/10/2012;M;ES;56057;ALFREDO CHAVES;56057;ALFREDO CHAVES;12;24;13;Vereador;40;PARTIDO SOCIALISTA BRASILEIRO;13;1147
27/07/2021;17:04:35;2012;2;Eleição Ordinária;1;47;ELEIÇÃO MUNICIPAL 2012;07/10/2012;M;ES;56057;ALFREDO CHAVES;56057;ALFREDO CHAVES;12;24;13;Vereador;11123;PRIMO ARMELINDO BERGAMI;1;1147
27/07/2021;17:04:35;2012;2;Eleição Ordinária;1;47;ELEIÇÃO MUNICIPAL 2012;07/10/2012;M;ES;56057;ALFREDO CHAVES;56057;ALFREDO CHAVES;12;24;13;Vereador;40456;SERAFINO ANTONIO SIMONI;153;1147
27/07/2021;17:04:35;2012;2;Eleição Ordinária;1;47;ELEIÇÃO MUNICIPAL 2012;07/10/2012;M;ES;56057;ALFREDO CHAVES;56057;ALFREDO CHAVES;12;24;13;Vereador;95;VOTO BRANCO;16;1147
27/07/2021;17:04:35;2012;2;Eleição Ordinária;1;47;ELEIÇÃO MUNICIPAL 2012;07/10/2012;M;ES;56057;ALFREDO CHAVES;56057;ALFREDO CHAVES;12;24;13;Vereador;96;VOTO NULO;4;1147
27/07/2021;17:04:35;2012;2;Eleição Ordinária;1;47;ELEIÇÃO MUNICIPAL 2012;07/10/2012;M;ES;56057;ALFREDO CHAVES;56057;ALFREDO CHAVES;12;25;11;Prefeito;40;ROBERTO FORTUNATO FIORIN;231;1155
27/07/2021;17:04:35;2012;2;Eleição Ordinária;1;47;ELEIÇÃO MUNICIPAL 2012;07/10/2012;M;ES;56057;ALFREDO CHAVES;56057;ALFREDO CHAVES;12;25;11;Prefeito;55;SERGIO BIANCHI;33;1155
27/07/2021;17:04:35;2012;2;Eleição Ordinária;1;47;ELEIÇÃO MUNICIPAL 2012;07/10/2012;M;ES;56057;ALFREDO CHAVES;56057;ALFREDO CHAVES;12;25;11;Prefeito;95;VOTO BRANCO;9;1155
27/07/2021;17:04:35;2012;2;Eleição Ordinária;1;47;ELEIÇÃO MUNICIPAL 2012;07/10/2012;M;ES;56057;ALFREDO CHAVES;56057;ALFREDO CHAVES;12;25;11;Prefeito;96;VOTO NULO;17;1155
27/07/2021;17:04:35;2012;2;Eleição Ordinária;1;47;ELEIÇÃO MUNICIPAL 2012;07/10/2012;M;ES;56057;ALFREDO CHAVES;56057;ALFREDO CHAVES;12;25;13;Vereador;23444;AGENOR LORENZON;6;1155
27/07/2021;17:04:35;2012;2;Eleição Ordinária;1;47;ELEIÇÃO MUNICIPAL 2012;07/10/2012;M;ES;56057;ALFREDO CHAVES;56057;ALFREDO CHAVES;12;25;13;Vereador;15555;ALMIR ANTONIO FAVERO;7;1155
27/07/2021;17:04:35;2012;2;Eleição Ordinária;1;47;ELEIÇÃO MUNICIPAL 2012;07/10/2012;M;ES;56057;ALFREDO CHAVES;56057;ALFREDO CHAVES;12;25;13;Vereador;23612;ANDRÉ SARTORI;6;1155
27/07/2021;17:04:35;2012;2;Eleição Ordinária;1;47;ELEIÇÃO MUNICIPAL 2012;07/10/2012;M;ES;56057;ALFREDO CHAVES;56057;ALFREDO CHAVES;12;25;13;Vereador;11234;ANGELO ARPINI;1;1155
27/07/2021;17:04:35;2012;2;Eleição Ordinária;1;47;ELEIÇÃO MUNICIPAL 2012;07/10/2012;M;ES;56057;ALFREDO CHAVES;56057;ALFREDO CHAVES;12;25;13;Vereador;12345;ARMANDO ZANATA INGLE RIBEIRO;4;1155
27/07/2021;17:04:35;2012;2;Eleição Ordinária;1;47;ELEIÇÃO MUNICIPAL 2012;07/10/2012;M;ES;56057;ALFREDO CHAVES;56057;ALFREDO CHAVES;12;25;13;Vereador;11567;AUXILIADORA ROSA;1;1155
27/07/2021;17:04:35;2012;2;Eleição Ordinária;1;47;ELEIÇÃO MUNICIPAL 2012;07/10/2012;M;ES;56057;ALFREDO CHAVES;56057;ALFREDO CHAVES;12;25;13;Vereador;40111;CHARLES GAIGHER;18;1155
27/07/2021;17:04:35;2012;2;Eleição Ordinária;1;47;ELEIÇÃO MUNICIPAL 2012;07/10/2012;M;ES;56057;ALFREDO CHAVES;56057;ALFREDO CHAVES;12;25;13;Vereador;40333;DARCI ESCANDIAN;12;1155
27/07/2021;17:04:35;2012;2;Eleição Ordinária;1;47;ELEIÇÃO MUNICIPAL 2012;07/10/2012;M;ES;56057;ALFREDO CHAVES;56057;ALFREDO CHAVES;12;25;13;Vereador;13131;DOMINGOS MAROTTO;10;1155
27/07/2021;17:04:35;2012;2;Eleição Ordinária;1;47;ELEIÇÃO MUNICIPAL 2012;07/10/2012;M;ES;56057;ALFREDO CHAVES;56057;ALFREDO CHAVES;12;25;13;Vereador;40555;EDEVANILDE GORETI BREDA;3;1155
27/07/2021;17:04:35;2012;2;Eleição Ordinária;1;47;ELEIÇÃO MUNICIPAL 2012;07/10/2012;M;ES;56057;ALFREDO CHAVES;56057;ALFREDO CHAVES;12;25;13;Vereador;11789;ELIZETE MARIA FURLAN;1;1155
27/07/2021;17:04:35;2012;2;Eleição Ordinária;1;47;ELEIÇÃO MUNICIPAL 2012;07/10/2012;M;ES;56057;ALFREDO CHAVES;56057;ALFREDO CHAVES;12;25;13;Vereador;40222;FERNANDO ALVES;3;1155
27/07/2021;17:04:35;2012;2;Eleição Ordinária;1;47;ELEIÇÃO MUNICIPAL 2012;07/10/2012;M;ES;56057;ALFREDO CHAVES;56057;ALFREDO CHAVES;12;25;13;Vereador;55555;GERALDO BAYER;7;1155
27/07/2021;17:04:35;2012;2;Eleição Ordinária;1;47;ELEIÇÃO MUNICIPAL 2012;07/10/2012;M;ES;56057;ALFREDO CHAVES;56057;ALFREDO CHAVES;12;25;13;Vereador;40321;GILSON LUIZ BELLON;69;1155
27/07/2021;17:04:35;2012;2;Eleição Ordinária;1;47;ELEIÇÃO MUNICIPAL 2012;07/10/2012;M;ES;56057;ALFREDO CHAVES;56057;ALFREDO CHAVES;12;25;13;Vereador;22123;JAMIR PIETRALONGA;7;1155
27/07/2021;17:04:35;2012;2;Eleição Ordinária;1;47;ELEIÇÃO MUNICIPAL 2012;07/10/2012;M;ES;56057;ALFREDO CHAVES;56057;ALFREDO CHAVES;12;25;13;Vereador;13366;JOSÉ DOMINGOS GOTTARDO;5;1155
27/07/2021;17:04:35;2012;2;Eleição Ordinária;1;47;ELEIÇÃO MUNICIPAL 2012;07/10/2012;M;ES;56057;ALFREDO CHAVES;56057;ALFREDO CHAVES;12;25;13;Vereador;40789;JOÃO BOSCO COSTA;12;1155
27/07/2021;17:04:35;2012;2;Eleição Ordinária;1;47;ELEIÇÃO MUNICIPAL 2012;07/10/2012;M;ES;56057;ALFREDO CHAVES;56057;ALFREDO CHAVES;12;25;13;Vereador;14666;LUCIANA DAS CHAGAS REGIANI;1;1155
27/07/2021;17:04:35;2012;2;Eleição Ordinária;1;47;ELEIÇÃO MUNICIPAL 2012;07/10/2012;M;ES;56057;ALFREDO CHAVES;56057;ALFREDO CHAVES;12;25;13;Vereador;11333;MARCO ANTONIO MOZER;1;1155
27/07/2021;17:04:35;2012;2;Eleição Ordinária;1;47;ELEIÇÃO MUNICIPAL 2012;07/10/2012;M;ES;56057;ALFREDO CHAVES;56057;ALFREDO CHAVES;12;25;13;Vereador;11100;MARIA DA PENHA SQUASANTE CAVATI;4;1155
27/07/2021;17:04:35;2012;2;Eleição Ordinária;1;47;ELEIÇÃO MUNICIPAL 2012;07/10/2012;M;ES;56057;ALFREDO CHAVES;56057;ALFREDO CHAVES;12;25;13;Vereador;15311;NARCIZO DE ABREU GRASSI;7;1155
27/07/2021;17:04:35;2012;2;Eleição Ordinária;1;47;ELEIÇÃO MUNICIPAL 2012;07/10/2012;M;ES;56057;ALFREDO CHAVES;56057;ALFREDO CHAVES;12;25;13;Vereador;12;PARTIDO DEMOCRÁTICO TRABALHISTA;2;1155
27/07/2021;17:04:35;2012;2;Eleição Ordinária;1;47;ELEIÇÃO MUNICIPAL 2012;07/10/2012;M;ES;56057;ALFREDO CHAVES;56057;ALFREDO CHAVES;12;25;13;Vereador;15;PARTIDO DO MOVIMENTO DEMOCRÁTICO BRASILEIRO;1;1155
27/07/2021;17:04:35;2012;2;Eleição Ordinária;1;47;ELEIÇÃO MUNICIPAL 2012;07/10/2012;M;ES;56057;ALFREDO CHAVES;56057;ALFREDO CHAVES;12;25;13;Vereador;11;PARTIDO PROGRESSISTA;1;1155
27/07/2021;17:04:35;2012;2;Eleição Ordinária;1;47;ELEIÇÃO MUNICIPAL 2012;07/10/2012;M;ES;56057;ALFREDO CHAVES;56057;ALFREDO CHAVES;12;25;13;Vereador;10;PARTIDO REPUBLICANO BRASILEIRO;1;1155
27/07/2021;17:04:35;2012;2;Eleição Ordinária;1;47;ELEIÇÃO MUNICIPAL 2012;07/10/2012;M;ES;56057;ALFREDO CHAVES;56057;ALFREDO CHAVES;12;25;13;Vereador;55;PARTIDO SOCIAL DEMOCRÁTICO;3;1155
27/07/2021;17:04:35;2012;2;Eleição Ordinária;1;47;ELEIÇÃO MUNICIPAL 2012;07/10/2012;M;ES;56057;ALFREDO CHAVES;56057;ALFREDO CHAVES;12;25;13;Vereador;40;PARTIDO SOCIALISTA BRASILEIRO;11;1155
27/07/2021;17:04:35;2012;2;Eleição Ordinária;1;47;ELEIÇÃO MUNICIPAL 2012;07/10/2012;M;ES;56057;ALFREDO CHAVES;56057;ALFREDO CHAVES;12;25;13;Vereador;23666;PAULO MUNALDI;2;1155
27/07/2021;17:04:35;2012;2;Eleição Ordinária;1;47;ELEIÇÃO MUNICIPAL 2012;07/10/2012;M;ES;56057;ALFREDO CHAVES;56057;ALFREDO CHAVES;12;25;13;Vereador;11123;PRIMO ARMELINDO BERGAMI;7;1155
27/07/2021;17:04:35;2012;2;Eleição Ordinária;1;47;ELEIÇÃO MUNICIPAL 2012;07/10/2012;M;ES;56057;ALFREDO CHAVES;56057;ALFREDO CHAVES;12;25;13;Vereador;25666;RAINOR BREDA;7;1155
27/07/2021;17:04:35;2012;2;Eleição Ordinária;1;47;ELEIÇÃO MUNICIPAL 2012;07/10/2012;M;ES;56057;ALFREDO CHAVES;56057;ALFREDO CHAVES;12;25;13;Vereador;40456;SERAFINO ANTONIO SIMONI;39;1155
27/07/2021;17:04:35;2012;2;Eleição Ordinária;1;47;ELEIÇÃO MUNICIPAL 2012;07/10/2012;M;ES;56057;ALFREDO CHAVES;56057;ALFREDO CHAVES;12;25;13;Vereador;11000;SERGIO AUGUSTO ROVEDA;20;1155
27/07/2021;17:04:35;2012;2;Eleição Ordinária;1;47;ELEIÇÃO MUNICIPAL 2012;07/10/2012;M;ES;56057;ALFREDO CHAVES;56057;ALFREDO CHAVES;12;25;13;Vereador;95;VOTO BRANCO;2;1155
27/07/2021;17:04:35;2012;2;Eleição Ordinária;1;47;ELEIÇÃO MUNICIPAL 2012;07/10/2012;M;ES;56057;ALFREDO CHAVES;56057;ALFREDO CHAVES;12;25;13;Vereador;96;VOTO NULO;9;1155
27/07/2021;17:04:35;2012;2;Eleição Ordinária;1;47;ELEIÇÃO MUNICIPAL 2012;07/10/2012;M;ES;56057;ALFREDO CHAVES;56057;ALFREDO CHAVES;12;26;11;Prefeito;40;ROBERTO FORTUNATO FIORIN;141;1163
27/07/2021;17:04:35;2012;2;Eleição Ordinária;1;47;ELEIÇÃO MUNICIPAL 2012;07/10/2012;M;ES;56057;ALFREDO CHAVES;56057;ALFREDO CHAVES;12;26;11;Prefeito;55;SERGIO BIANCHI;19;1163
27/07/2021;17:04:35;2012;2;Eleição Ordinária;1;47;ELEIÇÃO MUNICIPAL 2012;07/10/2012;M;ES;56057;ALFREDO CHAVES;56057;ALFREDO CHAVES;12;26;11;Prefeito;95;VOTO BRANCO;7;1163
27/07/2021;17:04:35;2012;2;Eleição Ordinária;1;47;ELEIÇÃO MUNICIPAL 2012;07/10/2012;M;ES;56057;ALFREDO CHAVES;56057;ALFREDO CHAVES;12;26;11;Prefeito;96;VOTO NULO;5;1163
27/07/2021;17:04:35;2012;2;Eleição Ordinária;1;47;ELEIÇÃO MUNICIPAL 2012;07/10/2012;M;ES;56057;ALFREDO CHAVES;56057;ALFREDO CHAVES;12;26;13;Vereador;15555;ALMIR ANTONIO FAVERO;12;1163
27/07/2021;17:04:35;2012;2;Eleição Ordinária;1;47;ELEIÇÃO MUNICIPAL 2012;07/10/2012;M;ES;56057;ALFREDO CHAVES;56057;ALFREDO CHAVES;12;26;13;Vereador;40111;CHARLES GAIGHER;12;1163
27/07/2021;17:04:35;2012;2;Eleição Ordinária;1;47;ELEIÇÃO MUNICIPAL 2012;07/10/2012;M;ES;56057;ALFREDO CHAVES;56057;ALFREDO CHAVES;12;26;13;Vereador;40333;DARCI ESCANDIAN;4;1163
27/07/2021;17:04:35;2012;2;Eleição Ordinária;1;47;ELEIÇÃO MUNICIPAL 2012;07/10/2012;M;ES;56057;ALFREDO CHAVES;56057;ALFREDO CHAVES;12;26;13;Vereador;13131;DOMINGOS MAROTTO;2;1163
27/07/2021;17:04:35;2012;2;Eleição Ordinária;1;47;ELEIÇÃO MUNICIPAL 2012;07/10/2012;M;ES;56057;ALFREDO CHAVES;56057;ALFREDO CHAVES;12;26;13;Vereador;40000;DULCIANE BRUNORO ESTEVES;1;1163
27/07/2021;17:04:35;2012;2;Eleição Ordinária;1;47;ELEIÇÃO MUNICIPAL 2012;07/10/2012;M;ES;56057;ALFREDO CHAVES;56057;ALFREDO CHAVES;12;26;13;Vereador;15678;ELIAS JOSÉ SARTORI;75;1163
27/07/2021;17:04:35;2012;2;Eleição Ordinária;1;47;ELEIÇÃO MUNICIPAL 2012;07/10/2012;M;ES;56057;ALFREDO CHAVES;56057;ALFREDO CHAVES;12;26;13;Vereador;11789;ELIZETE MARIA FURLAN;1;1163
27/07/2021;17:04:35;2012;2;Eleição Ordinária;1;47;ELEIÇÃO MUNICIPAL 2012;07/10/2012;M;ES;56057;ALFREDO CHAVES;56057;ALFREDO CHAVES;12;26;13;Vereador;14214;ERTA DE PAULA GAIGHER;3;1163
27/07/2021;17:04:35;2012;2;Eleição Ordinária;1;47;ELEIÇÃO MUNICIPAL 2012;07/10/2012;M;ES;56057;ALFREDO CHAVES;56057;ALFREDO CHAVES;12;26;13;Vereador;40321;GILSON LUIZ BELLON;12;1163
27/07/2021;17:04:35;2012;2;Eleição Ordinária;1;47;ELEIÇÃO MUNICIPAL 2012;07/10/2012;M;ES;56057;ALFREDO CHAVES;56057;ALFREDO CHAVES;12;26;13;Vereador;22123;JAMIR PIETRALONGA;2;1163
27/07/2021;17:04:35;2012;2;Eleição Ordinária;1;47;ELEIÇÃO MUNICIPAL 2012;07/10/2012;M;ES;56057;ALFREDO CHAVES;56057;ALFREDO CHAVES;12;26;13;Vereador;12333;JOSE CARLOS CRAVEIRO CAMPOS;1;1163
27/07/2021;17:04:35;2012;2;Eleição Ordinária;1;47;ELEIÇÃO MUNICIPAL 2012;07/10/2012;M;ES;56057;ALFREDO CHAVES;56057;ALFREDO CHAVES;12;26;13;Vereador;13366;JOSÉ DOMINGOS GOTTARDO;1;1163
27/07/2021;17:04:35;2012;2;Eleição Ordinária;1;47;ELEIÇÃO MUNICIPAL 2012;07/10/2012;M;ES;56057;ALFREDO CHAVES;56057;ALFREDO CHAVES;12;26;13;Vereador;40789;JOÃO BOSCO COSTA;4;1163
27/07/2021;17:04:35;2012;2;Eleição Ordinária;1;47;ELEIÇÃO MUNICIPAL 2012;07/10/2012;M;ES;56057;ALFREDO CHAVES;56057;ALFREDO CHAVES;12;26;13;Vereador;15311;NARCIZO DE ABREU GRASSI;7;1163
27/07/2021;17:04:35;2012;2;Eleição Ordinária;1;47;ELEIÇÃO MUNICIPAL 2012;07/10/2012;M;ES;56057;ALFREDO CHAVES;56057;ALFREDO CHAVES;12;26;13;Vereador;15;PARTIDO DO MOVIMENTO DEMOCRÁTICO BRASILEIRO;1;1163
27/07/2021;17:04:35;2012;2;Eleição Ordinária;1;47;ELEIÇÃO MUNICIPAL 2012;07/10/2012;M;ES;56057;ALFREDO CHAVES;56057;ALFREDO CHAVES;12;26;13;Vereador;11;PARTIDO PROGRESSISTA;2;1163
27/07/2021;17:04:35;2012;2;Eleição Ordinária;1;47;ELEIÇÃO MUNICIPAL 2012;07/10/2012;M;ES;56057;ALFREDO CHAVES;56057;ALFREDO CHAVES;12;26;13;Vereador;55;PARTIDO SOCIAL DEMOCRÁTICO;2;1163
27/07/2021;17:04:35;2012;2;Eleição Ordinária;1;47;ELEIÇÃO MUNICIPAL 2012;07/10/2012;M;ES;56057;ALFREDO CHAVES;56057;ALFREDO CHAVES;12;26;13;Vereador;40;PARTIDO SOCIALISTA BRASILEIRO;4;1163
27/07/2021;17:04:35;2012;2;Eleição Ordinária;1;47;ELEIÇÃO MUNICIPAL 2012;07/10/2012;M;ES;56057;ALFREDO CHAVES;56057;ALFREDO CHAVES;12;26;13;Vereador;11123;PRIMO ARMELINDO BERGAMI;10;1163
27/07/2021;17:04:35;2012;2;Eleição Ordinária;1;47;ELEIÇÃO MUNICIPAL 2012;07/10/2012;M;ES;56057;ALFREDO CHAVES;56057;ALFREDO CHAVES;12;26;13;Vereador;25666;RAINOR BREDA;2;1163
27/07/2021;17:04:35;2012;2;Eleição Ordinária;1;47;ELEIÇÃO MUNICIPAL 2012;07/10/2012;M;ES;56057;ALFREDO CHAVES;56057;ALFREDO CHAVES;12;26;13;Vereador;40456;SERAFINO ANTONIO SIMONI;8;1163
27/07/2021;17:04:35;2012;2;Eleição Ordinária;1;47;ELEIÇÃO MUNICIPAL 2012;07/10/2012;M;ES;56057;ALFREDO CHAVES;56057;ALFREDO CHAVES;12;26;13;Vereador;11000;SERGIO AUGUSTO ROVEDA;1;1163
27/07/2021;17:04:35;2012;2;Eleição Ordinária;1;47;ELEIÇÃO MUNICIPAL 2012;07/10/2012;M;ES;56057;ALFREDO CHAVES;56057;ALFREDO CHAVES;12;26;13;Vereador;13123;SIMÃO LOPES DOS SANTOS;2;1163
27/07/2021;17:04:35;2012;2;Eleição Ordinária;1;47;ELEIÇÃO MUNICIPAL 2012;07/10/2012;M;ES;56057;ALFREDO CHAVES;56057;ALFREDO CHAVES;12;26;13;Vereador;95;VOTO BRANCO;1;1163
27/07/2021;17:04:35;2012;2;Eleição Ordinária;1;47;ELEIÇÃO MUNICIPAL 2012;07/10/2012;M;ES;56057;ALFREDO CHAVES;56057;ALFREDO CHAVES;12;26;13;Vereador;96;VOTO NULO;2;1163
27/07/2021;17:04:35;2012;2;Eleição Ordinária;1;47;ELEIÇÃO MUNICIPAL 2012;07/10/2012;M;ES;56057;ALFREDO CHAVES;56057;ALFREDO CHAVES;12;27;11;Prefeito;40;ROBERTO FORTUNATO FIORIN;174;1171
27/07/2021;17:04:35;2012;2;Eleição Ordinária;1;47;ELEIÇÃO MUNICIPAL 2012;07/10/2012;M;ES;56057;ALFREDO CHAVES;56057;ALFREDO CHAVES;12;27;11;Prefeito;55;SERGIO BIANCHI;138;1171
27/07/2021;17:04:35;2012;2;Eleição Ordinária;1;47;ELEIÇÃO MUNICIPAL 2012;07/10/2012;M;ES;56057;ALFREDO CHAVES;56057;ALFREDO CHAVES;12;27;11;Prefeito;95;VOTO BRANCO;16;1171
27/07/2021;17:04:35;2012;2;Eleição Ordinária;1;47;ELEIÇÃO MUNICIPAL 2012;07/10/2012;M;ES;56057;ALFREDO CHAVES;56057;ALFREDO CHAVES;12;27;11;Prefeito;96;VOTO NULO;21;1171
27/07/2021;17:04:35;2012;2;Eleição Ordinária;1;47;ELEIÇÃO MUNICIPAL 2012;07/10/2012;M;ES;56057;ALFREDO CHAVES;56057;ALFREDO CHAVES;12;27;13;Vereador;11666;ALESSANDRA TOBIAS DA SILVA;1;1171
27/07/2021;17:04:35;2012;2;Eleição Ordinária;1;47;ELEIÇÃO MUNICIPAL 2012;07/10/2012;M;ES;56057;ALFREDO CHAVES;56057;ALFREDO CHAVES;12;27;13;Vereador;15555;ALMIR ANTONIO FAVERO;2;1171
27/07/2021;17:04:35;2012;2;Eleição Ordinária;1;47;ELEIÇÃO MUNICIPAL 2012;07/10/2012;M;ES;56057;ALFREDO CHAVES;56057;ALFREDO CHAVES;12;27;13;Vereador;23612;ANDRÉ SARTORI;34;1171
27/07/2021;17:04:35;2012;2;Eleição Ordinária;1;47;ELEIÇÃO MUNICIPAL 2012;07/10/2012;M;ES;56057;ALFREDO CHAVES;56057;ALFREDO CHAVES;12;27;13;Vereador;40444;ANGELA MARIA VOLPONI FURLAN;2;1171
27/07/2021;17:04:35;2012;2;Eleição Ordinária;1;47;ELEIÇÃO MUNICIPAL 2012;07/10/2012;M;ES;56057;ALFREDO CHAVES;56057;ALFREDO CHAVES;12;27;13;Vereador;11234;ANGELO ARPINI;8;1171
27/07/2021;17:04:35;2012;2;Eleição Ordinária;1;47;ELEIÇÃO MUNICIPAL 2012;07/10/2012;M;ES;56057;ALFREDO CHAVES;56057;ALFREDO CHAVES;12;27;13;Vereador;12345;ARMANDO ZANATA INGLE RIBEIRO;14;1171
27/07/2021;17:04:35;2012;2;Eleição Ordinária;1;47;ELEIÇÃO MUNICIPAL 2012;07/10/2012;M;ES;56057;ALFREDO CHAVES;56057;ALFREDO CHAVES;12;27;13;Vereador;40111;CHARLES GAIGHER;6;1171
27/07/2021;17:04:35;2012;2;Eleição Ordinária;1;47;ELEIÇÃO MUNICIPAL 2012;07/10/2012;M;ES;56057;ALFREDO CHAVES;56057;ALFREDO CHAVES;12;27;13;Vereador;40333;DARCI ESCANDIAN;16;1171
27/07/2021;17:04:35;2012;2;Eleição Ordinária;1;47;ELEIÇÃO MUNICIPAL 2012;07/10/2012;M;ES;56057;ALFREDO CHAVES;56057;ALFREDO CHAVES;12;27;13;Vereador;13131;DOMINGOS MAROTTO;1;1171
27/07/2021;17:04:35;2012;2;Eleição Ordinária;1;47;ELEIÇÃO MUNICIPAL 2012;07/10/2012;M;ES;56057;ALFREDO CHAVES;56057;ALFREDO CHAVES;12;27;13;Vereador;40555;EDEVANILDE GORETI BREDA;5;1171
27/07/2021;17:04:35;2012;2;Eleição Ordinária;1;47;ELEIÇÃO MUNICIPAL 2012;07/10/2012;M;ES;56057;ALFREDO CHAVES;56057;ALFREDO CHAVES;12;27;13;Vereador;10123;ELISAEL DOS SANTOS FERREIRA;5;1171
27/07/2021;17:04:35;2012;2;Eleição Ordinária;1;47;ELEIÇÃO MUNICIPAL 2012;07/10/2012;M;ES;56057;ALFREDO CHAVES;56057;ALFREDO CHAVES;12;27;13;Vereador;11789;ELIZETE MARIA FURLAN;3;1171
27/07/2021;17:04:35;2012;2;Eleição Ordinária;1;47;ELEIÇÃO MUNICIPAL 2012;07/10/2012;M;ES;56057;ALFREDO CHAVES;56057;ALFREDO CHAVES;12;27;13;Vereador;14214;ERTA DE PAULA GAIGHER;4;1171
27/07/2021;17:04:35;2012;2;Eleição Ordinária;1;47;ELEIÇÃO MUNICIPAL 2012;07/10/2012;M;ES;56057;ALFREDO CHAVES;56057;ALFREDO CHAVES;12;27;13;Vereador;10000;FABIO BUZZETE LOURENÇO;8;1171
27/07/2021;17:04:35;2012;2;Eleição Ordinária;1;47;ELEIÇÃO MUNICIPAL 2012;07/10/2012;M;ES;56057;ALFREDO CHAVES;56057;ALFREDO CHAVES;12;27;13;Vereador;40222;FERNANDO ALVES;65;1171
27/07/2021;17:04:35;2012;2;Eleição Ordinária;1;47;ELEIÇÃO MUNICIPAL 2012;07/10/2012;M;ES;56057;ALFREDO CHAVES;56057;ALFREDO CHAVES;12;27;13;Vereador;55555;GERALDO BAYER;2;1171
27/07/2021;17:04:35;2012;2;Eleição Ordinária;1;47;ELEIÇÃO MUNICIPAL 2012;07/10/2012;M;ES;56057;ALFREDO CHAVES;56057;ALFREDO CHAVES;12;27;13;Vereador;40321;GILSON LUIZ BELLON;2;1171
27/07/2021;17:04:35;2012;2;Eleição Ordinária;1;47;ELEIÇÃO MUNICIPAL 2012;07/10/2012;M;ES;56057;ALFREDO CHAVES;56057;ALFREDO CHAVES;12;27;13;Vereador;22123;JAMIR PIETRALONGA;7;1171
27/07/2021;17:04:35;2012;2;Eleição Ordinária;1;47;ELEIÇÃO MUNICIPAL 2012;07/10/2012;M;ES;56057;ALFREDO CHAVES;56057;ALFREDO CHAVES;12;27;13;Vereador;45000;JONAS NUNES SIMÕES;20;1171
27/07/2021;17:04:35;2012;2;Eleição Ordinária;1;47;ELEIÇÃO MUNICIPAL 2012;07/10/2012;M;ES;56057;ALFREDO CHAVES;56057;ALFREDO CHAVES;12;27;13;Vereador;55030;JOSÉ ARLINDO PETERLE;2;1171
27/07/2021;17:04:35;2012;2;Eleição Ordinária;1;47;ELEIÇÃO MUNICIPAL 2012;07/10/2012;M;ES;56057;ALFREDO CHAVES;56057;ALFREDO CHAVES;12;27;13;Vereador;13366;JOSÉ DOMINGOS GOTTARDO;1;1171
27/07/2021;17:04:35;2012;2;Eleição Ordinária;1;47;ELEIÇÃO MUNICIPAL 2012;07/10/2012;M;ES;56057;ALFREDO CHAVES;56057;ALFREDO CHAVES;12;27;13;Vereador;40789;JOÃO BOSCO COSTA;14;1171
27/07/2021;17:04:35;2012;2;Eleição Ordinária;1;47;ELEIÇÃO MUNICIPAL 2012;07/10/2012;M;ES;56057;ALFREDO CHAVES;56057;ALFREDO CHAVES;12;27;13;Vereador;11333;MARCO ANTONIO MOZER;2;1171
27/07/2021;17:04:35;2012;2;Eleição Ordinária;1;47;ELEIÇÃO MUNICIPAL 2012;07/10/2012;M;ES;56057;ALFREDO CHAVES;56057;ALFREDO CHAVES;12;27;13;Vereador;11100;MARIA DA PENHA SQUASANTE CAVATI;6;1171
27/07/2021;17:04:35;2012;2;Eleição Ordinária;1;47;ELEIÇÃO MUNICIPAL 2012;07/10/2012;M;ES;56057;ALFREDO CHAVES;56057;ALFREDO CHAVES;12;27;13;Vereador;10222;MARIA SILVIA COSTA MONTEIRO;2;1171
27/07/2021;17:04:35;2012;2;Eleição Ordinária;1;47;ELEIÇÃO MUNICIPAL 2012;07/10/2012;M;ES;56057;ALFREDO CHAVES;56057;ALFREDO CHAVES;12;27;13;Vereador;40777;MARINALVA STEFANON;1;1171
27/07/2021;17:04:35;2012;2;Eleição Ordinária;1;47;ELEIÇÃO MUNICIPAL 2012;07/10/2012;M;ES;56057;ALFREDO CHAVES;56057;ALFREDO CHAVES;12;27;13;Vereador;15311;NARCIZO DE ABREU GRASSI;29;1171
27/07/2021;17:04:35;2012;2;Eleição Ordinária;1;47;ELEIÇÃO MUNICIPAL 2012;07/10/2012;M;ES;56057;ALFREDO CHAVES;56057;ALFREDO CHAVES;12;27;13;Vereador;25100;ORLANDO OSS;2;1171
27/07/2021;17:04:35;2012;2;Eleição Ordinária;1;47;ELEIÇÃO MUNICIPAL 2012;07/10/2012;M;ES;56057;ALFREDO CHAVES;56057;ALFREDO CHAVES;12;27;13;Vereador;22;PARTIDO DA REPÚBLICA;3;1171
27/07/2021;17:04:35;2012;2;Eleição Ordinária;1;47;ELEIÇÃO MUNICIPAL 2012;07/10/2012;M;ES;56057;ALFREDO CHAVES;56057;ALFREDO CHAVES;12;27;13;Vereador;45;PARTIDO DA SOCIAL DEMOCRACIA BRASILEIRA;1;1171
27/07/2021;17:04:35;2012;2;Eleição Ordinária;1;47;ELEIÇÃO MUNICIPAL 2012;07/10/2012;M;ES;56057;ALFREDO CHAVES;56057;ALFREDO CHAVES;12;27;13;Vereador;12;PARTIDO DEMOCRÁTICO TRABALHISTA;1;1171
27/07/2021;17:04:35;2012;2;Eleição Ordinária;1;47;ELEIÇÃO MUNICIPAL 2012;07/10/2012;M;ES;56057;ALFREDO CHAVES;56057;ALFREDO CHAVES;12;27;13;Vereador;23;PARTIDO POPULAR SOCIALISTA;2;1171
27/07/2021;17:04:35;2012;2;Eleição Ordinária;1;47;ELEIÇÃO MUNICIPAL 2012;07/10/2012;M;ES;56057;ALFREDO CHAVES;56057;ALFREDO CHAVES;12;27;13;Vereador;11;PARTIDO PROGRESSISTA;2;1171
27/07/2021;17:04:35;2012;2;Eleição Ordinária;1;47;ELEIÇÃO MUNICIPAL 2012;07/10/2012;M;ES;56057;ALFREDO CHAVES;56057;ALFREDO CHAVES;12;27;13;Vereador;40;PARTIDO SOCIALISTA BRASILEIRO;4;1171
27/07/2021;17:04:35;2012;2;Eleição Ordinária;1;47;ELEIÇÃO MUNICIPAL 2012;07/10/2012;M;ES;56057;ALFREDO CHAVES;56057;ALFREDO CHAVES;12;27;13;Vereador;14;PARTIDO TRABALHISTA BRASILEIRO;2;1171
27/07/2021;17:04:35;2012;2;Eleição Ordinária;1;47;ELEIÇÃO MUNICIPAL 2012;07/10/2012;M;ES;56057;ALFREDO CHAVES;56057;ALFREDO CHAVES;12;27;13;Vereador;23666;PAULO MUNALDI;29;1171
27/07/2021;17:04:35;2012;2;Eleição Ordinária;1;47;ELEIÇÃO MUNICIPAL 2012;07/10/2012;M;ES;56057;ALFREDO CHAVES;56057;ALFREDO CHAVES;12;27;13;Vereador;11123;PRIMO ARMELINDO BERGAMI;7;1171
27/07/2021;17:04:35;2012;2;Eleição Ordinária;1;47;ELEIÇÃO MUNICIPAL 2012;07/10/2012;M;ES;56057;ALFREDO CHAVES;56057;ALFREDO CHAVES;12;27;13;Vereador;25666;RAINOR BREDA;1;1171
27/07/2021;17:04:35;2012;2;Eleição Ordinária;1;47;ELEIÇÃO MUNICIPAL 2012;07/10/2012;M;ES;56057;ALFREDO CHAVES;56057;ALFREDO CHAVES;12;27;13;Vereador;23333;RENATO CARDOSO;9;1171
27/07/2021;17:04:35;2012;2;Eleição Ordinária;1;47;ELEIÇÃO MUNICIPAL 2012;07/10/2012;M;ES;56057;ALFREDO CHAVES;56057;ALFREDO CHAVES;12;27;13;Vereador;40456;SERAFINO ANTONIO SIMONI;1;1171
27/07/2021;17:04:35;2012;2;Eleição Ordinária;1;47;ELEIÇÃO MUNICIPAL 2012;07/10/2012;M;ES;56057;ALFREDO CHAVES;56057;ALFREDO CHAVES;12;27;13;Vereador;11000;SERGIO AUGUSTO ROVEDA;1;1171
27/07/2021;17:04:35;2012;2;Eleição Ordinária;1;47;ELEIÇÃO MUNICIPAL 2012;07/10/2012;M;ES;56057;ALFREDO CHAVES;56057;ALFREDO CHAVES;12;27;13;Vereador;13123;SIMÃO LOPES DOS SANTOS;3;1171
27/07/2021;17:04:35;2012;2;Eleição Ordinária;1;47;ELEIÇÃO MUNICIPAL 2012;07/10/2012;M;ES;56057;ALFREDO CHAVES;56057;ALFREDO CHAVES;12;27;13;Vereador;23777;VANDENÉZIA PEREIRA SANTIAGO CASALE;1;1171
27/07/2021;17:04:35;2012;2;Eleição Ordinária;1;47;ELEIÇÃO MUNICIPAL 2012;07/10/2012;M;ES;56057;ALFREDO CHAVES;56057;ALFREDO CHAVES;12;27;13;Vereador;14123;VANILDO FREGONASSI;6;1171
27/07/2021;17:04:35;2012;2;Eleição Ordinária;1;47;ELEIÇÃO MUNICIPAL 2012;07/10/2012;M;ES;56057;ALFREDO CHAVES;56057;ALFREDO CHAVES;12;27;13;Vereador;95;VOTO BRANCO;4;1171
27/07/2021;17:04:35;2012;2;Eleição Ordinária;1;47;ELEIÇÃO MUNICIPAL 2012;07/10/2012;M;ES;56057;ALFREDO CHAVES;56057;ALFREDO CHAVES;12;27;13;Vereador;96;VOTO NULO;8;1171
27/07/2021;17:04:35;2012;2;Eleição Ordinária;1;47;ELEIÇÃO MUNICIPAL 2012;07/10/2012;M;ES;56057;ALFREDO CHAVES;56057;ALFREDO CHAVES;12;29;11;Prefeito;40;ROBERTO FORTUNATO FIORIN;215;1147
27/07/2021;17:04:35;2012;2;Eleição Ordinária;1;47;ELEIÇÃO MUNICIPAL 2012;07/10/2012;M;ES;56057;ALFREDO CHAVES;56057;ALFREDO CHAVES;12;29;11;Prefeito;55;SERGIO BIANCHI;26;1147
27/07/2021;17:04:35;2012;2;Eleição Ordinária;1;47;ELEIÇÃO MUNICIPAL 2012;07/10/2012;M;ES;56057;ALFREDO CHAVES;56057;ALFREDO CHAVES;12;29;11;Prefeito;95;VOTO BRANCO;17;1147
27/07/2021;17:04:35;2012;2;Eleição Ordinária;1;47;ELEIÇÃO MUNICIPAL 2012;07/10/2012;M;ES;56057;ALFREDO CHAVES;56057;ALFREDO CHAVES;12;29;11;Prefeito;96;VOTO NULO;15;1147
27/07/2021;17:04:35;2012;2;Eleição Ordinária;1;47;ELEIÇÃO MUNICIPAL 2012;07/10/2012;M;ES;56057;ALFREDO CHAVES;56057;ALFREDO CHAVES;12;29;13;Vereador;15555;ALMIR ANTONIO FAVERO;1;1147
27/07/2021;17:04:35;2012;2;Eleição Ordinária;1;47;ELEIÇÃO MUNICIPAL 2012;07/10/2012;M;ES;56057;ALFREDO CHAVES;56057;ALFREDO CHAVES;12;29;13;Vereador;12345;ARMANDO ZANATA INGLE RIBEIRO;6;1147
27/07/2021;17:04:35;2012;2;Eleição Ordinária;1;47;ELEIÇÃO MUNICIPAL 2012;07/10/2012;M;ES;56057;ALFREDO CHAVES;56057;ALFREDO CHAVES;12;29;13;Vereador;40111;CHARLES GAIGHER;3;1147
27/07/2021;17:04:35;2012;2;Eleição Ordinária;1;47;ELEIÇÃO MUNICIPAL 2012;07/10/2012;M;ES;56057;ALFREDO CHAVES;56057;ALFREDO CHAVES;12;29;13;Vereador;25;DEMOCRATAS;1;1147
27/07/2021;17:04:35;2012;2;Eleição Ordinária;1;47;ELEIÇÃO MUNICIPAL 2012;07/10/2012;M;ES;56057;ALFREDO CHAVES;56057;ALFREDO CHAVES;12;29;13;Vereador;10123;ELISAEL DOS SANTOS FERREIRA;1;1147
27/07/2021;17:04:35;2012;2;Eleição Ordinária;1;47;ELEIÇÃO MUNICIPAL 2012;07/10/2012;M;ES;56057;ALFREDO CHAVES;56057;ALFREDO CHAVES;12;29;13;Vereador;15500;ELSON ANTONIO DENADAI;33;1147
27/07/2021;17:04:35;2012;2;Eleição Ordinária;1;47;ELEIÇÃO MUNICIPAL 2012;07/10/2012;M;ES;56057;ALFREDO CHAVES;56057;ALFREDO CHAVES;12;29;13;Vereador;55555;GERALDO BAYER;6;1147
27/07/2021;17:04:35;2012;2;Eleição Ordinária;1;47;ELEIÇÃO MUNICIPAL 2012;07/10/2012;M;ES;56057;ALFREDO CHAVES;56057;ALFREDO CHAVES;12;29;13;Vereador;40321;GILSON LUIZ BELLON;2;1147
27/07/2021;17:04:35;2012;2;Eleição Ordinária;1;47;ELEIÇÃO MUNICIPAL 2012;07/10/2012;M;ES;56057;ALFREDO CHAVES;56057;ALFREDO CHAVES;12;29;13;Vereador;22123;JAMIR PIETRALONGA;3;1147
27/07/2021;17:04:35;2012;2;Eleição Ordinária;1;47;ELEIÇÃO MUNICIPAL 2012;07/10/2012;M;ES;56057;ALFREDO CHAVES;56057;ALFREDO CHAVES;12;29;13;Vereador;13366;JOSÉ DOMINGOS GOTTARDO;1;1147
27/07/2021;17:04:35;2012;2;Eleição Ordinária;1;47;ELEIÇÃO MUNICIPAL 2012;07/10/2012;M;ES;56057;ALFREDO CHAVES;56057;ALFREDO CHAVES;12;29;13;Vereador;40789;JOÃO BOSCO COSTA;2;1147
27/07/2021;17:04:35;2012;2;Eleição Ordinária;1;47;ELEIÇÃO MUNICIPAL 2012;07/10/2012;M;ES;56057;ALFREDO CHAVES;56057;ALFREDO CHAVES;12;29;13;Vereador;11333;MARCO ANTONIO MOZER;2;1147
27/07/2021;17:04:35;2012;2;Eleição Ordinária;1;47;ELEIÇÃO MUNICIPAL 2012;07/10/2012;M;ES;56057;ALFREDO CHAVES;56057;ALFREDO CHAVES;12;29;13;Vereador;15311;NARCIZO DE ABREU GRASSI;7;1147
27/07/2021;17:04:35;2012;2;Eleição Ordinária;1;47;ELEIÇÃO MUNICIPAL 2012;07/10/2012;M;ES;56057;ALFREDO CHAVES;56057;ALFREDO CHAVES;12;29;13;Vereador;45;PARTIDO DA SOCIAL DEMOCRACIA BRASILEIRA;1;1147
27/07/2021;17:04:35;2012;2;Eleição Ordinária;1;47;ELEIÇÃO MUNICIPAL 2012;07/10/2012;M;ES;56057;ALFREDO CHAVES;56057;ALFREDO CHAVES;12;29;13;Vereador;15;PARTIDO DO MOVIMENTO DEMOCRÁTICO BRASILEIRO;2;1147
27/07/2021;17:04:35;2012;2;Eleição Ordinária;1;47;ELEIÇÃO MUNICIPAL 2012;07/10/2012;M;ES;56057;ALFREDO CHAVES;56057;ALFREDO CHAVES;12;29;13;Vereador;55;PARTIDO SOCIAL DEMOCRÁTICO;1;1147
27/07/2021;17:04:35;2012;2;Eleição Ordinária;1;47;ELEIÇÃO MUNICIPAL 2012;07/10/2012;M;ES;56057;ALFREDO CHAVES;56057;ALFREDO CHAVES;12;29;13;Vereador;40;PARTIDO SOCIALISTA BRASILEIRO;10;1147
27/07/2021;17:04:35;2012;2;Eleição Ordinária;1;47;ELEIÇÃO MUNICIPAL 2012;07/10/2012;M;ES;56057;ALFREDO CHAVES;56057;ALFREDO CHAVES;12;29;13;Vereador;23666;PAULO MUNALDI;2;1147
27/07/2021;17:04:35;2012;2;Eleição Ordinária;1;47;ELEIÇÃO MUNICIPAL 2012;07/10/2012;M;ES;56057;ALFREDO CHAVES;56057;ALFREDO CHAVES;12;29;13;Vereador;11123;PRIMO ARMELINDO BERGAMI;2;1147
27/07/2021;17:04:35;2012;2;Eleição Ordinária;1;47;ELEIÇÃO MUNICIPAL 2012;07/10/2012;M;ES;56057;ALFREDO CHAVES;56057;ALFREDO CHAVES;12;29;13;Vereador;40456;SERAFINO ANTONIO SIMONI;173;1147
27/07/2021;17:04:35;2012;2;Eleição Ordinária;1;47;ELEIÇÃO MUNICIPAL 2012;07/10/2012;M;ES;56057;ALFREDO CHAVES;56057;ALFREDO CHAVES;12;29;13;Vereador;95;VOTO BRANCO;7;1147
27/07/2021;17:04:35;2012;2;Eleição Ordinária;1;47;ELEIÇÃO MUNICIPAL 2012;07/10/2012;M;ES;56057;ALFREDO CHAVES;56057;ALFREDO CHAVES;12;29;13;Vereador;96;VOTO NULO;7;1147
27/07/2021;17:04:35;2012;2;Eleição Ordinária;1;47;ELEIÇÃO MUNICIPAL 2012;07/10/2012;M;ES;56057;ALFREDO CHAVES;56057;ALFREDO CHAVES;12;30;11;Prefeito;40;ROBERTO FORTUNATO FIORIN;186;1171
27/07/2021;17:04:35;2012;2;Eleição Ordinária;1;47;ELEIÇÃO MUNICIPAL 2012;07/10/2012;M;ES;56057;ALFREDO CHAVES;56057;ALFREDO CHAVES;12;30;11;Prefeito;55;SERGIO BIANCHI;130;1171
27/07/2021;17:04:35;2012;2;Eleição Ordinária;1;47;ELEIÇÃO MUNICIPAL 2012;07/10/2012;M;ES;56057;ALFREDO CHAVES;56057;ALFREDO CHAVES;12;30;11;Prefeito;95;VOTO BRANCO;17;1171
27/07/2021;17:04:35;2012;2;Eleição Ordinária;1;47;ELEIÇÃO MUNICIPAL 2012;07/10/2012;M;ES;56057;ALFREDO CHAVES;56057;ALFREDO CHAVES;12;30;11;Prefeito;96;VOTO NULO;22;1171
27/07/2021;17:04:35;2012;2;Eleição Ordinária;1;47;ELEIÇÃO MUNICIPAL 2012;07/10/2012;M;ES;56057;ALFREDO CHAVES;56057;ALFREDO CHAVES;12;30;13;Vereador;15555;ALMIR ANTONIO FAVERO;2;1171
27/07/2021;17:04:35;2012;2;Eleição Ordinária;1;47;ELEIÇÃO MUNICIPAL 2012;07/10/2012;M;ES;56057;ALFREDO CHAVES;56057;ALFREDO CHAVES;12;30;13;Vereador;23612;ANDRÉ SARTORI;30;1171
27/07/2021;17:04:35;2012;2;Eleição Ordinária;1;47;ELEIÇÃO MUNICIPAL 2012;07/10/2012;M;ES;56057;ALFREDO CHAVES;56057;ALFREDO CHAVES;12;30;13;Vereador;40444;ANGELA MARIA VOLPONI FURLAN;3;1171
27/07/2021;17:04:35;2012;2;Eleição Ordinária;1;47;ELEIÇÃO MUNICIPAL 2012;07/10/2012;M;ES;56057;ALFREDO CHAVES;56057;ALFREDO CHAVES;12;30;13;Vereador;11234;ANGELO ARPINI;13;1171
27/07/2021;17:04:35;2012;2;Eleição Ordinária;1;47;ELEIÇÃO MUNICIPAL 2012;07/10/2012;M;ES;56057;ALFREDO CHAVES;56057;ALFREDO CHAVES;12;30;13;Vereador;12345;ARMANDO ZANATA INGLE RIBEIRO;9;1171
27/07/2021;17:04:35;2012;2;Eleição Ordinária;1;47;ELEIÇÃO MUNICIPAL 2012;07/10/2012;M;ES;56057;ALFREDO CHAVES;56057;ALFREDO CHAVES;12;30;13;Vereador;11567;AUXILIADORA ROSA;1;1171
27/07/2021;17:04:35;2012;2;Eleição Ordinária;1;47;ELEIÇÃO MUNICIPAL 2012;07/10/2012;M;ES;56057;ALFREDO CHAVES;56057;ALFREDO CHAVES;12;30;13;Vereador;40111;CHARLES GAIGHER;8;1171
27/07/2021;17:04:35;2012;2;Eleição Ordinária;1;47;ELEIÇÃO MUNICIPAL 2012;07/10/2012;M;ES;56057;ALFREDO CHAVES;56057;ALFREDO CHAVES;12;30;13;Vereador;40123;CLEOMIR GOBBI BUBACK;2;1171
27/07/2021;17:04:35;2012;2;Eleição Ordinária;1;47;ELEIÇÃO MUNICIPAL 2012;07/10/2012;M;ES;56057;ALFREDO CHAVES;56057;ALFREDO CHAVES;12;30;13;Vereador;40333;DARCI ESCANDIAN;18;1171
27/07/2021;17:04:35;2012;2;Eleição Ordinária;1;47;ELEIÇÃO MUNICIPAL 2012;07/10/2012;M;ES;56057;ALFREDO CHAVES;56057;ALFREDO CHAVES;12;30;13;Vereador;25;DEMOCRATAS;1;1171
27/07/2021;17:04:35;2012;2;Eleição Ordinária;1;47;ELEIÇÃO MUNICIPAL 2012;07/10/2012;M;ES;56057;ALFREDO CHAVES;56057;ALFREDO CHAVES;12;30;13;Vereador;40000;DULCIANE BRUNORO ESTEVES;2;1171
27/07/2021;17:04:35;2012;2;Eleição Ordinária;1;47;ELEIÇÃO MUNICIPAL 2012;07/10/2012;M;ES;56057;ALFREDO CHAVES;56057;ALFREDO CHAVES;12;30;13;Vereador;14678;DULCINO PERUZZO;2;1171
27/07/2021;17:04:35;2012;2;Eleição Ordinária;1;47;ELEIÇÃO MUNICIPAL 2012;07/10/2012;M;ES;56057;ALFREDO CHAVES;56057;ALFREDO CHAVES;12;30;13;Vereador;40555;EDEVANILDE GORETI BREDA;4;1171
27/07/2021;17:04:35;2012;2;Eleição Ordinária;1;47;ELEIÇÃO MUNICIPAL 2012;07/10/2012;M;ES;56057;ALFREDO CHAVES;56057;ALFREDO CHAVES;12;30;13;Vereador;11456;EDSON ANTONIO REGIANI;3;1171
27/07/2021;17:04:35;2012;2;Eleição Ordinária;1;47;ELEIÇÃO MUNICIPAL 2012;07/10/2012;M;ES;56057;ALFREDO CHAVES;56057;ALFREDO CHAVES;12;30;13;Vereador;10123;ELISAEL DOS SANTOS FERREIRA;7;1171
27/07/2021;17:04:35;2012;2;Eleição Ordinária;1;47;ELEIÇÃO MUNICIPAL 2012;07/10/2012;M;ES;56057;ALFREDO CHAVES;56057;ALFREDO CHAVES;12;30;13;Vereador;11789;ELIZETE MARIA FURLAN;8;1171
27/07/2021;17:04:35;2012;2;Eleição Ordinária;1;47;ELEIÇÃO MUNICIPAL 2012;07/10/2012;M;ES;56057;ALFREDO CHAVES;56057;ALFREDO CHAVES;12;30;13;Vereador;14214;ERTA DE PAULA GAIGHER;2;1171
27/07/2021;17:04:35;2012;2;Eleição Ordinária;1;47;ELEIÇÃO MUNICIPAL 2012;07/10/2012;M;ES;56057;ALFREDO CHAVES;56057;ALFREDO CHAVES;12;30;13;Vereador;10000;FABIO BUZZETE LOURENÇO;4;1171
27/07/2021;17:04:35;2012;2;Eleição Ordinária;1;47;ELEIÇÃO MUNICIPAL 2012;07/10/2012;M;ES;56057;ALFREDO CHAVES;56057;ALFREDO CHAVES;12;30;13;Vereador;40222;FERNANDO ALVES;72;1171
27/07/2021;17:04:35;2012;2;Eleição Ordinária;1;47;ELEIÇÃO MUNICIPAL 2012;07/10/2012;M;ES;56057;ALFREDO CHAVES;56057;ALFREDO CHAVES;12;30;13;Vereador;55555;GERALDO BAYER;5;1171
27/07/2021;17:04:35;2012;2;Eleição Ordinária;1;47;ELEIÇÃO MUNICIPAL 2012;07/10/2012;M;ES;56057;ALFREDO CHAVES;56057;ALFREDO CHAVES;12;30;13;Vereador;40321;GILSON LUIZ BELLON;9;1171
27/07/2021;17:04:35;2012;2;Eleição Ordinária;1;47;ELEIÇÃO MUNICIPAL 2012;07/10/2012;M;ES;56057;ALFREDO CHAVES;56057;ALFREDO CHAVES;12;30;13;Vereador;22123;JAMIR PIETRALONGA;9;1171
27/07/2021;17:04:35;2012;2;Eleição Ordinária;1;47;ELEIÇÃO MUNICIPAL 2012;07/10/2012;M;ES;56057;ALFREDO CHAVES;56057;ALFREDO CHAVES;12;30;13;Vereador;45000;JONAS NUNES SIMÕES;25;1171
27/07/2021;17:04:35;2012;2;Eleição Ordinária;1;47;ELEIÇÃO MUNICIPAL 2012;07/10/2012;M;ES;56057;ALFREDO CHAVES;56057;ALFREDO CHAVES;12;30;13;Vereador;12333;JOSE CARLOS CRAVEIRO CAMPOS;1;1171
27/07/2021;17:04:35;2012;2;Eleição Ordinária;1;47;ELEIÇÃO MUNICIPAL 2012;07/10/2012;M;ES;56057;ALFREDO CHAVES;56057;ALFREDO CHAVES;12;30;13;Vereador;55030;JOSÉ ARLINDO PETERLE;1;1171
27/07/2021;17:04:35;2012;2;Eleição Ordinária;1;47;ELEIÇÃO MUNICIPAL 2012;07/10/2012;M;ES;56057;ALFREDO CHAVES;56057;ALFREDO CHAVES;12;30;13;Vereador;40789;JOÃO BOSCO COSTA;7;1171
27/07/2021;17:04:35;2012;2;Eleição Ordinária;1;47;ELEIÇÃO MUNICIPAL 2012;07/10/2012;M;ES;56057;ALFREDO CHAVES;56057;ALFREDO CHAVES;12;30;13;Vereador;11333;MARCO ANTONIO MOZER;2;1171
27/07/2021;17:04:35;2012;2;Eleição Ordinária;1;47;ELEIÇÃO MUNICIPAL 2012;07/10/2012;M;ES;56057;ALFREDO CHAVES;56057;ALFREDO CHAVES;12;30;13;Vereador;11100;MARIA DA PENHA SQUASANTE CAVATI;3;1171
27/07/2021;17:04:35;2012;2;Eleição Ordinária;1;47;ELEIÇÃO MUNICIPAL 2012;07/10/2012;M;ES;56057;ALFREDO CHAVES;56057;ALFREDO CHAVES;12;30;13;Vereador;10222;MARIA SILVIA COSTA MONTEIRO;1;1171
27/07/2021;17:04:35;2012;2;Eleição Ordinária;1;47;ELEIÇÃO MUNICIPAL 2012;07/10/2012;M;ES;56057;ALFREDO CHAVES;56057;ALFREDO CHAVES;12;30;13;Vereador;40777;MARINALVA STEFANON;3;1171
27/07/2021;17:04:35;2012;2;Eleição Ordinária;1;47;ELEIÇÃO MUNICIPAL 2012;07/10/2012;M;ES;56057;ALFREDO CHAVES;56057;ALFREDO CHAVES;12;30;13;Vereador;15311;NARCIZO DE ABREU GRASSI;15;1171
27/07/2021;17:04:35;2012;2;Eleição Ordinária;1;47;ELEIÇÃO MUNICIPAL 2012;07/10/2012;M;ES;56057;ALFREDO CHAVES;56057;ALFREDO CHAVES;12;30;13;Vereador;25100;ORLANDO OSS;3;1171
27/07/2021;17:04:35;2012;2;Eleição Ordinária;1;47;ELEIÇÃO MUNICIPAL 2012;07/10/2012;M;ES;56057;ALFREDO CHAVES;56057;ALFREDO CHAVES;12;30;13;Vereador;22;PARTIDO DA REPÚBLICA;1;1171
27/07/2021;17:04:35;2012;2;Eleição Ordinária;1;47;ELEIÇÃO MUNICIPAL 2012;07/10/2012;M;ES;56057;ALFREDO CHAVES;56057;ALFREDO CHAVES;12;30;13;Vereador;12;PARTIDO DEMOCRÁTICO TRABALHISTA;1;1171
27/07/2021;17:04:35;2012;2;Eleição Ordinária;1;47;ELEIÇÃO MUNICIPAL 2012;07/10/2012;M;ES;56057;ALFREDO CHAVES;56057;ALFREDO CHAVES;12;30;13;Vereador;23;PARTIDO POPULAR SOCIALISTA;2;1171
27/07/2021;17:04:35;2012;2;Eleição Ordinária;1;47;ELEIÇÃO MUNICIPAL 2012;07/10/2012;M;ES;56057;ALFREDO CHAVES;56057;ALFREDO CHAVES;12;30;13;Vereador;55;PARTIDO SOCIAL DEMOCRÁTICO;1;1171
27/07/2021;17:04:35;2012;2;Eleição Ordinária;1;47;ELEIÇÃO MUNICIPAL 2012;07/10/2012;M;ES;56057;ALFREDO CHAVES;56057;ALFREDO CHAVES;12;30;13;Vereador;40;PARTIDO SOCIALISTA BRASILEIRO;9;1171
27/07/2021;17:04:35;2012;2;Eleição Ordinária;1;47;ELEIÇÃO MUNICIPAL 2012;07/10/2012;M;ES;56057;ALFREDO CHAVES;56057;ALFREDO CHAVES;12;30;13;Vereador;23666;PAULO MUNALDI;36;1171
27/07/2021;17:04:35;2012;2;Eleição Ordinária;1;47;ELEIÇÃO MUNICIPAL 2012;07/10/2012;M;ES;56057;ALFREDO CHAVES;56057;ALFREDO CHAVES;12;30;13;Vereador;11123;PRIMO ARMELINDO BERGAMI;10;1171
27/07/2021;17:04:35;2012;2;Eleição Ordinária;1;47;ELEIÇÃO MUNICIPAL 2012;07/10/2012;M;ES;56057;ALFREDO CHAVES;56057;ALFREDO CHAVES;12;30;13;Vereador;25666;RAINOR BREDA;1;1171
27/07/2021;17:04:35;2012;2;Eleição Ordinária;1;47;ELEIÇÃO MUNICIPAL 2012;07/10/2012;M;ES;56057;ALFREDO CHAVES;56057;ALFREDO CHAVES;12;30;13;Vereador;23333;RENATO CARDOSO;3;1171
27/07/2021;17:04:35;2012;2;Eleição Ordinária;1;47;ELEIÇÃO MUNICIPAL 2012;07/10/2012;M;ES;56057;ALFREDO CHAVES;56057;ALFREDO CHAVES;12;30;13;Vereador;40456;SERAFINO ANTONIO SIMONI;2;1171
27/07/2021;17:04:35;2012;2;Eleição Ordinária;1;47;ELEIÇÃO MUNICIPAL 2012;07/10/2012;M;ES;56057;ALFREDO CHAVES;56057;ALFREDO CHAVES;12;30;13;Vereador;11000;SERGIO AUGUSTO ROVEDA;2;1171
27/07/2021;17:04:35;2012;2;Eleição Ordinária;1;47;ELEIÇÃO MUNICIPAL 2012;07/10/2012;M;ES;56057;ALFREDO CHAVES;56057;ALFREDO CHAVES;12;30;13;Vereador;23123;SUELEN ENDLICH ALVES;2;1171
27/07/2021;17:04:35;2012;2;Eleição Ordinária;1;47;ELEIÇÃO MUNICIPAL 2012;07/10/2012;M;ES;56057;ALFREDO CHAVES;56057;ALFREDO CHAVES;12;30;13;Vereador;14123;VANILDO FREGONASSI;1;1171
27/07/2021;17:04:35;2012;2;Eleição Ordinária;1;47;ELEIÇÃO MUNICIPAL 2012;07/10/2012;M;ES;56057;ALFREDO CHAVES;56057;ALFREDO CHAVES;12;30;13;Vereador;95;VOTO BRANCO;5;1171
27/07/2021;17:04:35;2012;2;Eleição Ordinária;1;47;ELEIÇÃO MUNICIPAL 2012;07/10/2012;M;ES;56057;ALFREDO CHAVES;56057;ALFREDO CHAVES;12;30;13;Vereador;96;VOTO NULO;4;1171
27/07/2021;17:04:35;2012;2;Eleição Ordinária;1;47;ELEIÇÃO MUNICIPAL 2012;07/10/2012;M;ES;56057;ALFREDO CHAVES;56057;ALFREDO CHAVES;12;31;11;Prefeito;40;ROBERTO FORTUNATO FIORIN;182;1171
27/07/2021;17:04:35;2012;2;Eleição Ordinária;1;47;ELEIÇÃO MUNICIPAL 2012;07/10/2012;M;ES;56057;ALFREDO CHAVES;56057;ALFREDO CHAVES;12;31;11;Prefeito;55;SERGIO BIANCHI;148;1171
27/07/2021;17:04:35;2012;2;Eleição Ordinária;1;47;ELEIÇÃO MUNICIPAL 2012;07/10/2012;M;ES;56057;ALFREDO CHAVES;56057;ALFREDO CHAVES;12;31;11;Prefeito;95;VOTO BRANCO;15;1171
27/07/2021;17:04:35;2012;2;Eleição Ordinária;1;47;ELEIÇÃO MUNICIPAL 2012;07/10/2012;M;ES;56057;ALFREDO CHAVES;56057;ALFREDO CHAVES;12;31;11;Prefeito;96;VOTO NULO;15;1171
27/07/2021;17:04:35;2012;2;Eleição Ordinária;1;47;ELEIÇÃO MUNICIPAL 2012;07/10/2012;M;ES;56057;ALFREDO CHAVES;56057;ALFREDO CHAVES;12;31;13;Vereador;23444;AGENOR LORENZON;1;1171
27/07/2021;17:04:35;2012;2;Eleição Ordinária;1;47;ELEIÇÃO MUNICIPAL 2012;07/10/2012;M;ES;56057;ALFREDO CHAVES;56057;ALFREDO CHAVES;12;31;13;Vereador;11666;ALESSANDRA TOBIAS DA SILVA;1;1171
27/07/2021;17:04:35;2012;2;Eleição Ordinária;1;47;ELEIÇÃO MUNICIPAL 2012;07/10/2012;M;ES;56057;ALFREDO CHAVES;56057;ALFREDO CHAVES;12;31;13;Vereador;23612;ANDRÉ SARTORI;29;1171
27/07/2021;17:04:35;2012;2;Eleição Ordinária;1;47;ELEIÇÃO MUNICIPAL 2012;07/10/2012;M;ES;56057;ALFREDO CHAVES;56057;ALFREDO CHAVES;12;31;13;Vereador;40444;ANGELA MARIA VOLPONI FURLAN;3;1171
27/07/2021;17:04:35;2012;2;Eleição Ordinária;1;47;ELEIÇÃO MUNICIPAL 2012;07/10/2012;M;ES;56057;ALFREDO CHAVES;56057;ALFREDO CHAVES;12;31;13;Vereador;11234;ANGELO ARPINI;8;1171
27/07/2021;17:04:35;2012;2;Eleição Ordinária;1;47;ELEIÇÃO MUNICIPAL 2012;07/10/2012;M;ES;56057;ALFREDO CHAVES;56057;ALFREDO CHAVES;12;31;13;Vereador;12345;ARMANDO ZANATA INGLE RIBEIRO;12;1171
27/07/2021;17:04:35;2012;2;Eleição Ordinária;1;47;ELEIÇÃO MUNICIPAL 2012;07/10/2012;M;ES;56057;ALFREDO CHAVES;56057;ALFREDO CHAVES;12;31;13;Vereador;11567;AUXILIADORA ROSA;2;1171
27/07/2021;17:04:35;2012;2;Eleição Ordinária;1;47;ELEIÇÃO MUNICIPAL 2012;07/10/2012;M;ES;56057;ALFREDO CHAVES;56057;ALFREDO CHAVES;12;31;13;Vereador;40111;CHARLES GAIGHER;12;1171
27/07/2021;17:04:35;2012;2;Eleição Ordinária;1;47;ELEIÇÃO MUNICIPAL 2012;07/10/2012;M;ES;56057;ALFREDO CHAVES;56057;ALFREDO CHAVES;12;31;13;Vereador;40123;CLEOMIR GOBBI BUBACK;2;1171
27/07/2021;17:04:35;2012;2;Eleição Ordinária;1;47;ELEIÇÃO MUNICIPAL 2012;07/10/2012;M;ES;56057;ALFREDO CHAVES;56057;ALFREDO CHAVES;12;31;13;Vereador;40333;DARCI ESCANDIAN;14;1171
27/07/2021;17:04:35;2012;2;Eleição Ordinária;1;47;ELEIÇÃO MUNICIPAL 2012;07/10/2012;M;ES;56057;ALFREDO CHAVES;56057;ALFREDO CHAVES;12;31;13;Vereador;13131;DOMINGOS MAROTTO;3;1171
27/07/2021;17:04:35;2012;2;Eleição Ordinária;1;47;ELEIÇÃO MUNICIPAL 2012;07/10/2012;M;ES;56057;ALFREDO CHAVES;56057;ALFREDO CHAVES;12;31;13;Vereador;40000;DULCIANE BRUNORO ESTEVES;1;1171
27/07/2021;17:04:35;2012;2;Eleição Ordinária;1;47;ELEIÇÃO MUNICIPAL 2012;07/10/2012;M;ES;56057;ALFREDO CHAVES;56057;ALFREDO CHAVES;12;31;13;Vereador;14678;DULCINO PERUZZO;1;1171
27/07/2021;17:04:35;2012;2;Eleição Ordinária;1;47;ELEIÇÃO MUNICIPAL 2012;07/10/2012;M;ES;56057;ALFREDO CHAVES;56057;ALFREDO CHAVES;12;31;13;Vereador;40555;EDEVANILDE GORETI BREDA;5;1171
27/07/2021;17:04:35;2012;2;Eleição Ordinária;1;47;ELEIÇÃO MUNICIPAL 2012;07/10/2012;M;ES;56057;ALFREDO CHAVES;56057;ALFREDO CHAVES;12;31;13;Vereador;11456;EDSON ANTONIO REGIANI;2;1171
27/07/2021;17:04:35;2012;2;Eleição Ordinária;1;47;ELEIÇÃO MUNICIPAL 2012;07/10/2012;M;ES;56057;ALFREDO CHAVES;56057;ALFREDO CHAVES;12;31;13;Vereador;10123;ELISAEL DOS SANTOS FERREIRA;11;1171
27/07/2021;17:04:35;2012;2;Eleição Ordinária;1;47;ELEIÇÃO MUNICIPAL 2012;07/10/2012;M;ES;56057;ALFREDO CHAVES;56057;ALFREDO CHAVES;12;31;13;Vereador;11789;ELIZETE MARIA FURLAN;1;1171
27/07/2021;17:04:35;2012;2;Eleição Ordinária;1;47;ELEIÇÃO MUNICIPAL 2012;07/10/2012;M;ES;56057;ALFREDO CHAVES;56057;ALFREDO CHAVES;12;31;13;Vereador;14214;ERTA DE PAULA GAIGHER;5;1171
27/07/2021;17:04:35;2012;2;Eleição Ordinária;1;47;ELEIÇÃO MUNICIPAL 2012;07/10/2012;M;ES;56057;ALFREDO CHAVES;56057;ALFREDO CHAVES;12;31;13;Vereador;10000;FABIO BUZZETE LOURENÇO;5;1171
27/07/2021;17:04:35;2012;2;Eleição Ordinária;1;47;ELEIÇÃO MUNICIPAL 2012;07/10/2012;M;ES;56057;ALFREDO CHAVES;56057;ALFREDO CHAVES;12;31;13;Vereador;40222;FERNANDO ALVES;69;1171
27/07/2021;17:04:35;2012;2;Eleição Ordinária;1;47;ELEIÇÃO MUNICIPAL 2012;07/10/2012;M;ES;56057;ALFREDO CHAVES;56057;ALFREDO CHAVES;12;31;13;Vereador;55555;GERALDO BAYER;4;1171
27/07/2021;17:04:35;2012;2;Eleição Ordinária;1;47;ELEIÇÃO MUNICIPAL 2012;07/10/2012;M;ES;56057;ALFREDO CHAVES;56057;ALFREDO CHAVES;12;31;13;Vereador;40321;GILSON LUIZ BELLON;3;1171
27/07/2021;17:04:35;2012;2;Eleição Ordinária;1;47;ELEIÇÃO MUNICIPAL 2012;07/10/2012;M;ES;56057;ALFREDO CHAVES;56057;ALFREDO CHAVES;12;31;13;Vereador;22123;JAMIR PIETRALONGA;9;1171
27/07/2021;17:04:35;2012;2;Eleição Ordinária;1;47;ELEIÇÃO MUNICIPAL 2012;07/10/2012;M;ES;56057;ALFREDO CHAVES;56057;ALFREDO CHAVES;12;31;13;Vereador;45000;JONAS NUNES SIMÕES;22;1171
27/07/2021;17:04:35;2012;2;Eleição Ordinária;1;47;ELEIÇÃO MUNICIPAL 2012;07/10/2012;M;ES;56057;ALFREDO CHAVES;56057;ALFREDO CHAVES;12;31;13;Vereador;12333;JOSE CARLOS CRAVEIRO CAMPOS;2;1171
27/07/2021;17:04:35;2012;2;Eleição Ordinária;1;47;ELEIÇÃO MUNICIPAL 2012;07/10/2012;M;ES;56057;ALFREDO CHAVES;56057;ALFREDO CHAVES;12;31;13;Vereador;11345;JOSÉ ALVES PEREIRA;2;1171
27/07/2021;17:04:35;2012;2;Eleição Ordinária;1;47;ELEIÇÃO MUNICIPAL 2012;07/10/2012;M;ES;56057;ALFREDO CHAVES;56057;ALFREDO CHAVES;12;31;13;Vereador;55030;JOSÉ ARLINDO PETERLE;1;1171
27/07/2021;17:04:35;2012;2;Eleição Ordinária;1;47;ELEIÇÃO MUNICIPAL 2012;07/10/2012;M;ES;56057;ALFREDO CHAVES;56057;ALFREDO CHAVES;12;31;13;Vereador;13366;JOSÉ DOMINGOS GOTTARDO;2;1171
27/07/2021;17:04:35;2012;2;Eleição Ordinária;1;47;ELEIÇÃO MUNICIPAL 2012;07/10/2012;M;ES;56057;ALFREDO CHAVES;56057;ALFREDO CHAVES;12;31;13;Vereador;40789;JOÃO BOSCO COSTA;10;1171
27/07/2021;17:04:35;2012;2;Eleição Ordinária;1;47;ELEIÇÃO MUNICIPAL 2012;07/10/2012;M;ES;56057;ALFREDO CHAVES;56057;ALFREDO CHAVES;12;31;13;Vereador;11333;MARCO ANTONIO MOZER;4;1171
27/07/2021;17:04:35;2012;2;Eleição Ordinária;1;47;ELEIÇÃO MUNICIPAL 2012;07/10/2012;M;ES;56057;ALFREDO CHAVES;56057;ALFREDO CHAVES;12;31;13;Vereador;11100;MARIA DA PENHA SQUASANTE CAVATI;3;1171
27/07/2021;17:04:35;2012;2;Eleição Ordinária;1;47;ELEIÇÃO MUNICIPAL 2012;07/10/2012;M;ES;56057;ALFREDO CHAVES;56057;ALFREDO CHAVES;12;31;13;Vereador;10222;MARIA SILVIA COSTA MONTEIRO;2;1171
27/07/2021;17:04:35;2012;2;Eleição Ordinária;1;47;ELEIÇÃO MUNICIPAL 2012;07/10/2012;M;ES;56057;ALFREDO CHAVES;56057;ALFREDO CHAVES;12;31;13;Vereador;40777;MARINALVA STEFANON;5;1171
27/07/2021;17:04:35;2012;2;Eleição Ordinária;1;47;ELEIÇÃO MUNICIPAL 2012;07/10/2012;M;ES;56057;ALFREDO CHAVES;56057;ALFREDO CHAVES;12;31;13;Vereador;15311;NARCIZO DE ABREU GRASSI;20;1171
27/07/2021;17:04:35;2012;2;Eleição Ordinária;1;47;ELEIÇÃO MUNICIPAL 2012;07/10/2012;M;ES;56057;ALFREDO CHAVES;56057;ALFREDO CHAVES;12;31;13;Vereador;25100;ORLANDO OSS;1;1171
27/07/2021;17:04:35;2012;2;Eleição Ordinária;1;47;ELEIÇÃO MUNICIPAL 2012;07/10/2012;M;ES;56057;ALFREDO CHAVES;56057;ALFREDO CHAVES;12;31;13;Vereador;22;PARTIDO DA REPÚBLICA;2;1171
27/07/2021;17:04:35;2012;2;Eleição Ordinária;1;47;ELEIÇÃO MUNICIPAL 2012;07/10/2012;M;ES;56057;ALFREDO CHAVES;56057;ALFREDO CHAVES;12;31;13;Vereador;15;PARTIDO DO MOVIMENTO DEMOCRÁTICO BRASILEIRO;1;1171
27/07/2021;17:04:35;2012;2;Eleição Ordinária;1;47;ELEIÇÃO MUNICIPAL 2012;07/10/2012;M;ES;56057;ALFREDO CHAVES;56057;ALFREDO CHAVES;12;31;13;Vereador;23;PARTIDO POPULAR SOCIALISTA;1;1171
27/07/2021;17:04:35;2012;2;Eleição Ordinária;1;47;ELEIÇÃO MUNICIPAL 2012;07/10/2012;M;ES;56057;ALFREDO CHAVES;56057;ALFREDO CHAVES;12;31;13;Vereador;11;PARTIDO PROGRESSISTA;2;1171
27/07/2021;17:04:35;2012;2;Eleição Ordinária;1;47;ELEIÇÃO MUNICIPAL 2012;07/10/2012;M;ES;56057;ALFREDO CHAVES;56057;ALFREDO CHAVES;12;31;13;Vereador;55;PARTIDO SOCIAL DEMOCRÁTICO;4;1171
27/07/2021;17:04:35;2012;2;Eleição Ordinária;1;47;ELEIÇÃO MUNICIPAL 2012;07/10/2012;M;ES;56057;ALFREDO CHAVES;56057;ALFREDO CHAVES;12;31;13;Vereador;40;PARTIDO SOCIALISTA BRASILEIRO;7;1171
27/07/2021;17:04:35;2012;2;Eleição Ordinária;1;47;ELEIÇÃO MUNICIPAL 2012;07/10/2012;M;ES;56057;ALFREDO CHAVES;56057;ALFREDO CHAVES;12;31;13;Vereador;23666;PAULO MUNALDI;34;1171
27/07/2021;17:04:35;2012;2;Eleição Ordinária;1;47;ELEIÇÃO MUNICIPAL 2012;07/10/2012;M;ES;56057;ALFREDO CHAVES;56057;ALFREDO CHAVES;12;31;13;Vereador;11123;PRIMO ARMELINDO BERGAMI;5;1171
27/07/2021;17:04:35;2012;2;Eleição Ordinária;1;47;ELEIÇÃO MUNICIPAL 2012;07/10/2012;M;ES;56057;ALFREDO CHAVES;56057;ALFREDO CHAVES;12;31;13;Vereador;25666;RAINOR BREDA;2;1171
27/07/2021;17:04:35;2012;2;Eleição Ordinária;1;47;ELEIÇÃO MUNICIPAL 2012;07/10/2012;M;ES;56057;ALFREDO CHAVES;56057;ALFREDO CHAVES;12;31;13;Vereador;23333;RENATO CARDOSO;7;1171
27/07/2021;17:04:35;2012;2;Eleição Ordinária;1;47;ELEIÇÃO MUNICIPAL 2012;07/10/2012;M;ES;56057;ALFREDO CHAVES;56057;ALFREDO CHAVES;12;31;13;Vereador;45123;RITA MARIA DESTEFANI;1;1171
27/07/2021;17:04:35;2012;2;Eleição Ordinária;1;47;ELEIÇÃO MUNICIPAL 2012;07/10/2012;M;ES;56057;ALFREDO CHAVES;56057;ALFREDO CHAVES;12;31;13;Vereador;13123;SIMÃO LOPES DOS SANTOS;1;1171
27/07/2021;17:04:35;2012;2;Eleição Ordinária;1;47;ELEIÇÃO MUNICIPAL 2012;07/10/2012;M;ES;56057;ALFREDO CHAVES;56057;ALFREDO CHAVES;12;31;13;Vereador;23777;VANDENÉZIA PEREIRA SANTIAGO CASALE;1;1171
27/07/2021;17:04:35;2012;2;Eleição Ordinária;1;47;ELEIÇÃO MUNICIPAL 2012;07/10/2012;M;ES;56057;ALFREDO CHAVES;56057;ALFREDO CHAVES;12;31;13;Vereador;14123;VANILDO FREGONASSI;2;1171
27/07/2021;17:04:35;2012;2;Eleição Ordinária;1;47;ELEIÇÃO MUNICIPAL 2012;07/10/2012;M;ES;56057;ALFREDO CHAVES;56057;ALFREDO CHAVES;12;31;13;Vereador;95;VOTO BRANCO;5;1171
27/07/2021;17:04:35;2012;2;Eleição Ordinária;1;47;ELEIÇÃO MUNICIPAL 2012;07/10/2012;M;ES;56057;ALFREDO CHAVES;56057;ALFREDO CHAVES;12;31;13;Vereador;96;VOTO NULO;8;1171
27/07/2021;17:04:35;2012;2;Eleição Ordinária;1;47;ELEIÇÃO MUNICIPAL 2012;07/10/2012;M;ES;56057;ALFREDO CHAVES;56057;ALFREDO CHAVES;12;33;11;Prefeito;40;ROBERTO FORTUNATO FIORIN;150;1171
27/07/2021;17:04:35;2012;2;Eleição Ordinária;1;47;ELEIÇÃO MUNICIPAL 2012;07/10/2012;M;ES;56057;ALFREDO CHAVES;56057;ALFREDO CHAVES;12;33;11;Prefeito;55;SERGIO BIANCHI;113;1171
27/07/2021;17:04:35;2012;2;Eleição Ordinária;1;47;ELEIÇÃO MUNICIPAL 2012;07/10/2012;M;ES;56057;ALFREDO CHAVES;56057;ALFREDO CHAVES;12;33;11;Prefeito;95;VOTO BRANCO;16;1171
27/07/2021;17:04:35;2012;2;Eleição Ordinária;1;47;ELEIÇÃO MUNICIPAL 2012;07/10/2012;M;ES;56057;ALFREDO CHAVES;56057;ALFREDO CHAVES;12;33;11;Prefeito;96;VOTO NULO;20;1171
27/07/2021;17:04:35;2012;2;Eleição Ordinária;1;47;ELEIÇÃO MUNICIPAL 2012;07/10/2012;M;ES;56057;ALFREDO CHAVES;56057;ALFREDO CHAVES;12;33;13;Vereador;23444;AGENOR LORENZON;1;1171
27/07/2021;17:04:35;2012;2;Eleição Ordinária;1;47;ELEIÇÃO MUNICIPAL 2012;07/10/2012;M;ES;56057;ALFREDO CHAVES;56057;ALFREDO CHAVES;12;33;13;Vereador;23612;ANDRÉ SARTORI;28;1171
27/07/2021;17:04:35;2012;2;Eleição Ordinária;1;47;ELEIÇÃO MUNICIPAL 2012;07/10/2012;M;ES;56057;ALFREDO CHAVES;56057;ALFREDO CHAVES;12;33;13;Vereador;40444;ANGELA MARIA VOLPONI FURLAN;7;1171
27/07/2021;17:04:35;2012;2;Eleição Ordinária;1;47;ELEIÇÃO MUNICIPAL 2012;07/10/2012;M;ES;56057;ALFREDO CHAVES;56057;ALFREDO CHAVES;12;33;13;Vereador;11234;ANGELO ARPINI;6;1171
27/07/2021;17:04:35;2012;2;Eleição Ordinária;1;47;ELEIÇÃO MUNICIPAL 2012;07/10/2012;M;ES;56057;ALFREDO CHAVES;56057;ALFREDO CHAVES;12;33;13;Vereador;12345;ARMANDO ZANATA INGLE RIBEIRO;12;1171
27/07/2021;17:04:35;2012;2;Eleição Ordinária;1;47;ELEIÇÃO MUNICIPAL 2012;07/10/2012;M;ES;56057;ALFREDO CHAVES;56057;ALFREDO CHAVES;12;33;13;Vereador;40111;CHARLES GAIGHER;10;1171
27/07/2021;17:04:35;2012;2;Eleição Ordinária;1;47;ELEIÇÃO MUNICIPAL 2012;07/10/2012;M;ES;56057;ALFREDO CHAVES;56057;ALFREDO CHAVES;12;33;13;Vereador;40123;CLEOMIR GOBBI BUBACK;3;1171
27/07/2021;17:04:35;2012;2;Eleição Ordinária;1;47;ELEIÇÃO MUNICIPAL 2012;07/10/2012;M;ES;56057;ALFREDO CHAVES;56057;ALFREDO CHAVES;12;33;13;Vereador;40333;DARCI ESCANDIAN;17;1171
27/07/2021;17:04:35;2012;2;Eleição Ordinária;1;47;ELEIÇÃO MUNICIPAL 2012;07/10/2012;M;ES;56057;ALFREDO CHAVES;56057;ALFREDO CHAVES;12;33;13;Vereador;13131;DOMINGOS MAROTTO;1;1171
27/07/2021;17:04:35;2012;2;Eleição Ordinária;1;47;ELEIÇÃO MUNICIPAL 2012;07/10/2012;M;ES;56057;ALFREDO CHAVES;56057;ALFREDO CHAVES;12;33;13;Vereador;23555;DOMINGOS SAVIO DALLECRODE;1;1171
27/07/2021;17:04:35;2012;2;Eleição Ordinária;1;47;ELEIÇÃO MUNICIPAL 2012;07/10/2012;M;ES;56057;ALFREDO CHAVES;56057;ALFREDO CHAVES;12;33;13;Vereador;40000;DULCIANE BRUNORO ESTEVES;2;1171
27/07/2021;17:04:35;2012;2;Eleição Ordinária;1;47;ELEIÇÃO MUNICIPAL 2012;07/10/2012;M;ES;56057;ALFREDO CHAVES;56057;ALFREDO CHAVES;12;33;13;Vereador;14678;DULCINO PERUZZO;1;1171
27/07/2021;17:04:35;2012;2;Eleição Ordinária;1;47;ELEIÇÃO MUNICIPAL 2012;07/10/2012;M;ES;56057;ALFREDO CHAVES;56057;ALFREDO CHAVES;12;33;13;Vereador;40555;EDEVANILDE GORETI BREDA;4;1171
27/07/2021;17:04:35;2012;2;Eleição Ordinária;1;47;ELEIÇÃO MUNICIPAL 2012;07/10/2012;M;ES;56057;ALFREDO CHAVES;56057;ALFREDO CHAVES;12;33;13;Vereador;10123;ELISAEL DOS SANTOS FERREIRA;3;1171
27/07/2021;17:04:35;2012;2;Eleição Ordinária;1;47;ELEIÇÃO MUNICIPAL 2012;07/10/2012;M;ES;56057;ALFREDO CHAVES;56057;ALFREDO CHAVES;12;33;13;Vereador;14214;ERTA DE PAULA GAIGHER;2;1171
27/07/2021;17:04:35;2012;2;Eleição Ordinária;1;47;ELEIÇÃO MUNICIPAL 2012;07/10/2012;M;ES;56057;ALFREDO CHAVES;56057;ALFREDO CHAVES;12;33;13;Vereador;10000;FABIO BUZZETE LOURENÇO;2;1171
27/07/2021;17:04:35;2012;2;Eleição Ordinária;1;47;ELEIÇÃO MUNICIPAL 2012;07/10/2012;M;ES;56057;ALFREDO CHAVES;56057;ALFREDO CHAVES;12;33;13;Vereador;40222;FERNANDO ALVES;61;1171
27/07/2021;17:04:35;2012;2;Eleição Ordinária;1;47;ELEIÇÃO MUNICIPAL 2012;07/10/2012;M;ES;56057;ALFREDO CHAVES;56057;ALFREDO CHAVES;12;33;13;Vereador;55555;GERALDO BAYER;4;1171
27/07/2021;17:04:35;2012;2;Eleição Ordinária;1;47;ELEIÇÃO MUNICIPAL 2012;07/10/2012;M;ES;56057;ALFREDO CHAVES;56057;ALFREDO CHAVES;12;33;13;Vereador;40321;GILSON LUIZ BELLON;1;1171
27/07/2021;17:04:35;2012;2;Eleição Ordinária;1;47;ELEIÇÃO MUNICIPAL 2012;07/10/2012;M;ES;56057;ALFREDO CHAVES;56057;ALFREDO CHAVES;12;33;13;Vereador;22123;JAMIR PIETRALONGA;8;1171
27/07/2021;17:04:35;2012;2;Eleição Ordinária;1;47;ELEIÇÃO MUNICIPAL 2012;07/10/2012;M;ES;56057;ALFREDO CHAVES;56057;ALFREDO CHAVES;12;33;13;Vereador;45000;JONAS NUNES SIMÕES;24;1171
27/07/2021;17:04:35;2012;2;Eleição Ordinária;1;47;ELEIÇÃO MUNICIPAL 2012;07/10/2012;M;ES;56057;ALFREDO CHAVES;56057;ALFREDO CHAVES;12;33;13;Vereador;13366;JOSÉ DOMINGOS GOTTARDO;1;1171
27/07/2021;17:04:35;2012;2;Eleição Ordinária;1;47;ELEIÇÃO MUNICIPAL 2012;07/10/2012;M;ES;56057;ALFREDO CHAVES;56057;ALFREDO CHAVES;12;33;13;Vereador;40789;JOÃO BOSCO COSTA;8;1171
27/07/2021;17:04:35;2012;2;Eleição Ordinária;1;47;ELEIÇÃO MUNICIPAL 2012;07/10/2012;M;ES;56057;ALFREDO CHAVES;56057;ALFREDO CHAVES;12;33;13;Vereador;11333;MARCO ANTONIO MOZER;2;1171
27/07/2021;17:04:35;2012;2;Eleição Ordinária;1;47;ELEIÇÃO MUNICIPAL 2012;07/10/2012;M;ES;56057;ALFREDO CHAVES;56057;ALFREDO CHAVES;12;33;13;Vereador;11100;MARIA DA PENHA SQUASANTE CAVATI;4;1171
27/07/2021;17:04:35;2012;2;Eleição Ordinária;1;47;ELEIÇÃO MUNICIPAL 2012;07/10/2012;M;ES;56057;ALFREDO CHAVES;56057;ALFREDO CHAVES;12;33;13;Vereador;40777;MARINALVA STEFANON;4;1171
27/07/2021;17:04:35;2012;2;Eleição Ordinária;1;47;ELEIÇÃO MUNICIPAL 2012;07/10/2012;M;ES;56057;ALFREDO CHAVES;56057;ALFREDO CHAVES;12;33;13;Vereador;15311;NARCIZO DE ABREU GRASSI;15;1171
27/07/2021;17:04:35;2012;2;Eleição Ordinária;1;47;ELEIÇÃO MUNICIPAL 2012;07/10/2012;M;ES;56057;ALFREDO CHAVES;56057;ALFREDO CHAVES;12;33;13;Vereador;25100;ORLANDO OSS;1;1171
27/07/2021;17:04:35;2012;2;Eleição Ordinária;1;47;ELEIÇÃO MUNICIPAL 2012;07/10/2012;M;ES;56057;ALFREDO CHAVES;56057;ALFREDO CHAVES;12;33;13;Vereador;12;PARTIDO DEMOCRÁTICO TRABALHISTA;1;1171
27/07/2021;17:04:35;2012;2;Eleição Ordinária;1;47;ELEIÇÃO MUNICIPAL 2012;07/10/2012;M;ES;56057;ALFREDO CHAVES;56057;ALFREDO CHAVES;12;33;13;Vereador;11;PARTIDO PROGRESSISTA;1;1171
27/07/2021;17:04:35;2012;2;Eleição Ordinária;1;47;ELEIÇÃO MUNICIPAL 2012;07/10/2012;M;ES;56057;ALFREDO CHAVES;56057;ALFREDO CHAVES;12;33;13;Vereador;55;PARTIDO SOCIAL DEMOCRÁTICO;5;1171
27/07/2021;17:04:35;2012;2;Eleição Ordinária;1;47;ELEIÇÃO MUNICIPAL 2012;07/10/2012;M;ES;56057;ALFREDO CHAVES;56057;ALFREDO CHAVES;12;33;13;Vereador;40;PARTIDO SOCIALISTA BRASILEIRO;6;1171
27/07/2021;17:04:35;2012;2;Eleição Ordinária;1;47;ELEIÇÃO MUNICIPAL 2012;07/10/2012;M;ES;56057;ALFREDO CHAVES;56057;ALFREDO CHAVES;12;33;13;Vereador;23666;PAULO MUNALDI;21;1171
27/07/2021;17:04:35;2012;2;Eleição Ordinária;1;47;ELEIÇÃO MUNICIPAL 2012;07/10/2012;M;ES;56057;ALFREDO CHAVES;56057;ALFREDO CHAVES;12;33;13;Vereador;11123;PRIMO ARMELINDO BERGAMI;8;1171
27/07/2021;17:04:35;2012;2;Eleição Ordinária;1;47;ELEIÇÃO MUNICIPAL 2012;07/10/2012;M;ES;56057;ALFREDO CHAVES;56057;ALFREDO CHAVES;12;33;13;Vereador;25666;RAINOR BREDA;3;1171
27/07/2021;17:04:35;2012;2;Eleição Ordinária;1;47;ELEIÇÃO MUNICIPAL 2012;07/10/2012;M;ES;56057;ALFREDO CHAVES;56057;ALFREDO CHAVES;12;33;13;Vereador;23333;RENATO CARDOSO;6;1171
27/07/2021;17:04:35;2012;2;Eleição Ordinária;1;47;ELEIÇÃO MUNICIPAL 2012;07/10/2012;M;ES;56057;ALFREDO CHAVES;56057;ALFREDO CHAVES;12;33;13;Vereador;15000;ROSA VANIA PESSIM ORLANDI;1;1171
27/07/2021;17:04:35;2012;2;Eleição Ordinária;1;47;ELEIÇÃO MUNICIPAL 2012;07/10/2012;M;ES;56057;ALFREDO CHAVES;56057;ALFREDO CHAVES;12;33;13;Vereador;13123;SIMÃO LOPES DOS SANTOS;2;1171
27/07/2021;17:04:35;2012;2;Eleição Ordinária;1;47;ELEIÇÃO MUNICIPAL 2012;07/10/2012;M;ES;56057;ALFREDO CHAVES;56057;ALFREDO CHAVES;12;33;13;Vereador;23123;SUELEN ENDLICH ALVES;1;1171
27/07/2021;17:04:35;2012;2;Eleição Ordinária;1;47;ELEIÇÃO MUNICIPAL 2012;07/10/2012;M;ES;56057;ALFREDO CHAVES;56057;ALFREDO CHAVES;12;33;13;Vereador;95;VOTO BRANCO;8;1171
27/07/2021;17:04:35;2012;2;Eleição Ordinária;1;47;ELEIÇÃO MUNICIPAL 2012;07/10/2012;M;ES;56057;ALFREDO CHAVES;56057;ALFREDO CHAVES;12;33;13;Vereador;96;VOTO NULO;3;1171
27/07/2021;17:04:35;2012;2;Eleição Ordinária;1;47;ELEIÇÃO MUNICIPAL 2012;07/10/2012;M;ES;56057;ALFREDO CHAVES;56057;ALFREDO CHAVES;12;34;11;Prefeito;40;ROBERTO FORTUNATO FIORIN;169;1171
27/07/2021;17:04:35;2012;2;Eleição Ordinária;1;47;ELEIÇÃO MUNICIPAL 2012;07/10/2012;M;ES;56057;ALFREDO CHAVES;56057;ALFREDO CHAVES;12;34;11;Prefeito;55;SERGIO BIANCHI;132;1171
27/07/2021;17:04:35;2012;2;Eleição Ordinária;1;47;ELEIÇÃO MUNICIPAL 2012;07/10/2012;M;ES;56057;ALFREDO CHAVES;56057;ALFREDO CHAVES;12;34;11;Prefeito;95;VOTO BRANCO;13;1171
27/07/2021;17:04:35;2012;2;Eleição Ordinária;1;47;ELEIÇÃO MUNICIPAL 2012;07/10/2012;M;ES;56057;ALFREDO CHAVES;56057;ALFREDO CHAVES;12;34;11;Prefeito;96;VOTO NULO;23;1171
27/07/2021;17:04:35;2012;2;Eleição Ordinária;1;47;ELEIÇÃO MUNICIPAL 2012;07/10/2012;M;ES;56057;ALFREDO CHAVES;56057;ALFREDO CHAVES;12;34;13;Vereador;23444;AGENOR LORENZON;1;1171
27/07/2021;17:04:35;2012;2;Eleição Ordinária;1;47;ELEIÇÃO MUNICIPAL 2012;07/10/2012;M;ES;56057;ALFREDO CHAVES;56057;ALFREDO CHAVES;12;34;13;Vereador;15555;ALMIR ANTONIO FAVERO;1;1171
27/07/2021;17:04:35;2012;2;Eleição Ordinária;1;47;ELEIÇÃO MUNICIPAL 2012;07/10/2012;M;ES;56057;ALFREDO CHAVES;56057;ALFREDO CHAVES;12;34;13;Vereador;23612;ANDRÉ SARTORI;20;1171
27/07/2021;17:04:35;2012;2;Eleição Ordinária;1;47;ELEIÇÃO MUNICIPAL 2012;07/10/2012;M;ES;56057;ALFREDO CHAVES;56057;ALFREDO CHAVES;12;34;13;Vereador;40444;ANGELA MARIA VOLPONI FURLAN;5;1171
27/07/2021;17:04:35;2012;2;Eleição Ordinária;1;47;ELEIÇÃO MUNICIPAL 2012;07/10/2012;M;ES;56057;ALFREDO CHAVES;56057;ALFREDO CHAVES;12;34;13;Vereador;11234;ANGELO ARPINI;8;1171
27/07/2021;17:04:35;2012;2;Eleição Ordinária;1;47;ELEIÇÃO MUNICIPAL 2012;07/10/2012;M;ES;56057;ALFREDO CHAVES;56057;ALFREDO CHAVES;12;34;13;Vereador;12345;ARMANDO ZANATA INGLE RIBEIRO;10;1171
27/07/2021;17:04:35;2012;2;Eleição Ordinária;1;47;ELEIÇÃO MUNICIPAL 2012;07/10/2012;M;ES;56057;ALFREDO CHAVES;56057;ALFREDO CHAVES;12;34;13;Vereador;40111;CHARLES GAIGHER;12;1171
27/07/2021;17:04:35;2012;2;Eleição Ordinária;1;47;ELEIÇÃO MUNICIPAL 2012;07/10/2012;M;ES;56057;ALFREDO CHAVES;56057;ALFREDO CHAVES;12;34;13;Vereador;40123;CLEOMIR GOBBI BUBACK;2;1171
27/07/2021;17:04:35;2012;2;Eleição Ordinária;1;47;ELEIÇÃO MUNICIPAL 2012;07/10/2012;M;ES;56057;ALFREDO CHAVES;56057;ALFREDO CHAVES;12;34;13;Vereador;40333;DARCI ESCANDIAN;14;1171
27/07/2021;17:04:35;2012;2;Eleição Ordinária;1;47;ELEIÇÃO MUNICIPAL 2012;07/10/2012;M;ES;56057;ALFREDO CHAVES;56057;ALFREDO CHAVES;12;34;13;Vereador;13131;DOMINGOS MAROTTO;1;1171
27/07/2021;17:04:35;2012;2;Eleição Ordinária;1;47;ELEIÇÃO MUNICIPAL 2012;07/10/2012;M;ES;56057;ALFREDO CHAVES;56057;ALFREDO CHAVES;12;34;13;Vereador;40000;DULCIANE BRUNORO ESTEVES;1;1171
27/07/2021;17:04:35;2012;2;Eleição Ordinária;1;47;ELEIÇÃO MUNICIPAL 2012;07/10/2012;M;ES;56057;ALFREDO CHAVES;56057;ALFREDO CHAVES;12;34;13;Vereador;14678;DULCINO PERUZZO;9;1171
27/07/2021;17:04:35;2012;2;Eleição Ordinária;1;47;ELEIÇÃO MUNICIPAL 2012;07/10/2012;M;ES;56057;ALFREDO CHAVES;56057;ALFREDO CHAVES;12;34;13;Vereador;40555;EDEVANILDE GORETI BREDA;5;1171
27/07/2021;17:04:35;2012;2;Eleição Ordinária;1;47;ELEIÇÃO MUNICIPAL 2012;07/10/2012;M;ES;56057;ALFREDO CHAVES;56057;ALFREDO CHAVES;12;34;13;Vereador;11456;EDSON ANTONIO REGIANI;1;1171
27/07/2021;17:04:35;2012;2;Eleição Ordinária;1;47;ELEIÇÃO MUNICIPAL 2012;07/10/2012;M;ES;56057;ALFREDO CHAVES;56057;ALFREDO CHAVES;12;34;13;Vereador;10123;ELISAEL DOS SANTOS FERREIRA;5;1171
27/07/2021;17:04:35;2012;2;Eleição Ordinária;1;47;ELEIÇÃO MUNICIPAL 2012;07/10/2012;M;ES;56057;ALFREDO CHAVES;56057;ALFREDO CHAVES;12;34;13;Vereador;11789;ELIZETE MARIA FURLAN;2;1171
27/07/2021;17:04:35;2012;2;Eleição Ordinária;1;47;ELEIÇÃO MUNICIPAL 2012;07/10/2012;M;ES;56057;ALFREDO CHAVES;56057;ALFREDO CHAVES;12;34;13;Vereador;14214;ERTA DE PAULA GAIGHER;5;1171
27/07/2021;17:04:35;2012;2;Eleição Ordinária;1;47;ELEIÇÃO MUNICIPAL 2012;07/10/2012;M;ES;56057;ALFREDO CHAVES;56057;ALFREDO CHAVES;12;34;13;Vereador;10000;FABIO BUZZETE LOURENÇO;6;1171
27/07/2021;17:04:35;2012;2;Eleição Ordinária;1;47;ELEIÇÃO MUNICIPAL 2012;07/10/2012;M;ES;56057;ALFREDO CHAVES;56057;ALFREDO CHAVES;12;34;13;Vereador;40222;FERNANDO ALVES;72;1171
27/07/2021;17:04:35;2012;2;Eleição Ordinária;1;47;ELEIÇÃO MUNICIPAL 2012;07/10/2012;M;ES;56057;ALFREDO CHAVES;56057;ALFREDO CHAVES;12;34;13;Vereador;55555;GERALDO BAYER;4;1171
27/07/2021;17:04:35;2012;2;Eleição Ordinária;1;47;ELEIÇÃO MUNICIPAL 2012;07/10/2012;M;ES;56057;ALFREDO CHAVES;56057;ALFREDO CHAVES;12;34;13;Vereador;40321;GILSON LUIZ BELLON;1;1171
27/07/2021;17:04:35;2012;2;Eleição Ordinária;1;47;ELEIÇÃO MUNICIPAL 2012;07/10/2012;M;ES;56057;ALFREDO CHAVES;56057;ALFREDO CHAVES;12;34;13;Vereador;22123;JAMIR PIETRALONGA;12;1171
27/07/2021;17:04:35;2012;2;Eleição Ordinária;1;47;ELEIÇÃO MUNICIPAL 2012;07/10/2012;M;ES;56057;ALFREDO CHAVES;56057;ALFREDO CHAVES;12;34;13;Vereador;45000;JONAS NUNES SIMÕES;14;1171
27/07/2021;17:04:35;2012;2;Eleição Ordinária;1;47;ELEIÇÃO MUNICIPAL 2012;07/10/2012;M;ES;56057;ALFREDO CHAVES;56057;ALFREDO CHAVES;12;34;13;Vereador;12333;JOSE CARLOS CRAVEIRO CAMPOS;1;1171
27/07/2021;17:04:35;2012;2;Eleição Ordinária;1;47;ELEIÇÃO MUNICIPAL 2012;07/10/2012;M;ES;56057;ALFREDO CHAVES;56057;ALFREDO CHAVES;12;34;13;Vereador;11345;JOSÉ ALVES PEREIRA;1;1171
27/07/2021;17:04:35;2012;2;Eleição Ordinária;1;47;ELEIÇÃO MUNICIPAL 2012;07/10/2012;M;ES;56057;ALFREDO CHAVES;56057;ALFREDO CHAVES;12;34;13;Vereador;55030;JOSÉ ARLINDO PETERLE;1;1171
27/07/2021;17:04:35;2012;2;Eleição Ordinária;1;47;ELEIÇÃO MUNICIPAL 2012;07/10/2012;M;ES;56057;ALFREDO CHAVES;56057;ALFREDO CHAVES;12;34;13;Vereador;40789;JOÃO BOSCO COSTA;11;1171
27/07/2021;17:04:35;2012;2;Eleição Ordinária;1;47;ELEIÇÃO MUNICIPAL 2012;07/10/2012;M;ES;56057;ALFREDO CHAVES;56057;ALFREDO CHAVES;12;34;13;Vereador;11333;MARCO ANTONIO MOZER;1;1171
27/07/2021;17:04:35;2012;2;Eleição Ordinária;1;47;ELEIÇÃO MUNICIPAL 2012;07/10/2012;M;ES;56057;ALFREDO CHAVES;56057;ALFREDO CHAVES;12;34;13;Vereador;11100;MARIA DA PENHA SQUASANTE CAVATI;4;1171
27/07/2021;17:04:35;2012;2;Eleição Ordinária;1;47;ELEIÇÃO MUNICIPAL 2012;07/10/2012;M;ES;56057;ALFREDO CHAVES;56057;ALFREDO CHAVES;12;34;13;Vereador;10222;MARIA SILVIA COSTA MONTEIRO;2;1171
27/07/2021;17:04:35;2012;2;Eleição Ordinária;1;47;ELEIÇÃO MUNICIPAL 2012;07/10/2012;M;ES;56057;ALFREDO CHAVES;56057;ALFREDO CHAVES;12;34;13;Vereador;40777;MARINALVA STEFANON;9;1171
27/07/2021;17:04:35;2012;2;Eleição Ordinária;1;47;ELEIÇÃO MUNICIPAL 2012;07/10/2012;M;ES;56057;ALFREDO CHAVES;56057;ALFREDO CHAVES;12;34;13;Vereador;15311;NARCIZO DE ABREU GRASSI;27;1171
27/07/2021;17:04:35;2012;2;Eleição Ordinária;1;47;ELEIÇÃO MUNICIPAL 2012;07/10/2012;M;ES;56057;ALFREDO CHAVES;56057;ALFREDO CHAVES;12;34;13;Vereador;25100;ORLANDO OSS;2;1171
27/07/2021;17:04:35;2012;2;Eleição Ordinária;1;47;ELEIÇÃO MUNICIPAL 2012;07/10/2012;M;ES;56057;ALFREDO CHAVES;56057;ALFREDO CHAVES;12;34;13;Vereador;12;PARTIDO DEMOCRÁTICO TRABALHISTA;1;1171
27/07/2021;17:04:35;2012;2;Eleição Ordinária;1;47;ELEIÇÃO MUNICIPAL 2012;07/10/2012;M;ES;56057;ALFREDO CHAVES;56057;ALFREDO CHAVES;12;34;13;Vereador;13;PARTIDO DOS TRABALHADORES;1;1171
27/07/2021;17:04:35;2012;2;Eleição Ordinária;1;47;ELEIÇÃO MUNICIPAL 2012;07/10/2012;M;ES;56057;ALFREDO CHAVES;56057;ALFREDO CHAVES;12;34;13;Vereador;11;PARTIDO PROGRESSISTA;1;1171
27/07/2021;17:04:35;2012;2;Eleição Ordinária;1;47;ELEIÇÃO MUNICIPAL 2012;07/10/2012;M;ES;56057;ALFREDO CHAVES;56057;ALFREDO CHAVES;12;34;13;Vereador;55;PARTIDO SOCIAL DEMOCRÁTICO;4;1171
27/07/2021;17:04:35;2012;2;Eleição Ordinária;1;47;ELEIÇÃO MUNICIPAL 2012;07/10/2012;M;ES;56057;ALFREDO CHAVES;56057;ALFREDO CHAVES;12;34;13;Vereador;40;PARTIDO SOCIALISTA BRASILEIRO;9;1171
27/07/2021;17:04:35;2012;2;Eleição Ordinária;1;47;ELEIÇÃO MUNICIPAL 2012;07/10/2012;M;ES;56057;ALFREDO CHAVES;56057;ALFREDO CHAVES;12;34;13;Vereador;23666;PAULO MUNALDI;19;1171
27/07/2021;17:04:35;2012;2;Eleição Ordinária;1;47;ELEIÇÃO MUNICIPAL 2012;07/10/2012;M;ES;56057;ALFREDO CHAVES;56057;ALFREDO CHAVES;12;34;13;Vereador;11123;PRIMO ARMELINDO BERGAMI;13;1171
27/07/2021;17:04:35;2012;2;Eleição Ordinária;1;47;ELEIÇÃO MUNICIPAL 2012;07/10/2012;M;ES;56057;ALFREDO CHAVES;56057;ALFREDO CHAVES;12;34;13;Vereador;25666;RAINOR BREDA;1;1171
27/07/2021;17:04:35;2012;2;Eleição Ordinária;1;47;ELEIÇÃO MUNICIPAL 2012;07/10/2012;M;ES;56057;ALFREDO CHAVES;56057;ALFREDO CHAVES;12;34;13;Vereador;23333;RENATO CARDOSO;4;1171
27/07/2021;17:04:35;2012;2;Eleição Ordinária;1;47;ELEIÇÃO MUNICIPAL 2012;07/10/2012;M;ES;56057;ALFREDO CHAVES;56057;ALFREDO CHAVES;12;34;13;Vereador;11000;SERGIO AUGUSTO ROVEDA;1;1171
27/07/2021;17:04:35;2012;2;Eleição Ordinária;1;47;ELEIÇÃO MUNICIPAL 2012;07/10/2012;M;ES;56057;ALFREDO CHAVES;56057;ALFREDO CHAVES;12;34;13;Vereador;13123;SIMÃO LOPES DOS SANTOS;1;1171
27/07/2021;17:04:35;2012;2;Eleição Ordinária;1;47;ELEIÇÃO MUNICIPAL 2012;07/10/2012;M;ES;56057;ALFREDO CHAVES;56057;ALFREDO CHAVES;12;34;13;Vereador;23123;SUELEN ENDLICH ALVES;1;1171
27/07/2021;17:04:35;2012;2;Eleição Ordinária;1;47;ELEIÇÃO MUNICIPAL 2012;07/10/2012;M;ES;56057;ALFREDO CHAVES;56057;ALFREDO CHAVES;12;34;13;Vereador;95;VOTO BRANCO;7;1171
27/07/2021;17:04:35;2012;2;Eleição Ordinária;1;47;ELEIÇÃO MUNICIPAL 2012;07/10/2012;M;ES;56057;ALFREDO CHAVES;56057;ALFREDO CHAVES;12;34;13;Vereador;96;VOTO NULO;4;1171
27/07/2021;17:04:35;2012;2;Eleição Ordinária;1;47;ELEIÇÃO MUNICIPAL 2012;07/10/2012;M;ES;56057;ALFREDO CHAVES;56057;ALFREDO CHAVES;12;35;11;Prefeito;40;ROBERTO FORTUNATO FIORIN;171;1171
27/07/2021;17:04:35;2012;2;Eleição Ordinária;1;47;ELEIÇÃO MUNICIPAL 2012;07/10/2012;M;ES;56057;ALFREDO CHAVES;56057;ALFREDO CHAVES;12;35;11;Prefeito;55;SERGIO BIANCHI;131;1171
27/07/2021;17:04:35;2012;2;Eleição Ordinária;1;47;ELEIÇÃO MUNICIPAL 2012;07/10/2012;M;ES;56057;ALFREDO CHAVES;56057;ALFREDO CHAVES;12;35;11;Prefeito;95;VOTO BRANCO;17;1171
27/07/2021;17:04:35;2012;2;Eleição Ordinária;1;47;ELEIÇÃO MUNICIPAL 2012;07/10/2012;M;ES;56057;ALFREDO CHAVES;56057;ALFREDO CHAVES;12;35;11;Prefeito;96;VOTO NULO;26;1171
27/07/2021;17:04:35;2012;2;Eleição Ordinária;1;47;ELEIÇÃO MUNICIPAL 2012;07/10/2012;M;ES;56057;ALFREDO CHAVES;56057;ALFREDO CHAVES;12;35;13;Vereador;23444;AGENOR LORENZON;1;1171
27/07/2021;17:04:35;2012;2;Eleição Ordinária;1;47;ELEIÇÃO MUNICIPAL 2012;07/10/2012;M;ES;56057;ALFREDO CHAVES;56057;ALFREDO CHAVES;12;35;13;Vereador;15555;ALMIR ANTONIO FAVERO;1;1171
27/07/2021;17:04:35;2012;2;Eleição Ordinária;1;47;ELEIÇÃO MUNICIPAL 2012;07/10/2012;M;ES;56057;ALFREDO CHAVES;56057;ALFREDO CHAVES;12;35;13;Vereador;23612;ANDRÉ SARTORI;32;1171
27/07/2021;17:04:35;2012;2;Eleição Ordinária;1;47;ELEIÇÃO MUNICIPAL 2012;07/10/2012;M;ES;56057;ALFREDO CHAVES;56057;ALFREDO CHAVES;12;35;13;Vereador;40444;ANGELA MARIA VOLPONI FURLAN;3;1171
27/07/2021;17:04:35;2012;2;Eleição Ordinária;1;47;ELEIÇÃO MUNICIPAL 2012;07/10/2012;M;ES;56057;ALFREDO CHAVES;56057;ALFREDO CHAVES;12;35;13;Vereador;11234;ANGELO ARPINI;6;1171
27/07/2021;17:04:35;2012;2;Eleição Ordinária;1;47;ELEIÇÃO MUNICIPAL 2012;07/10/2012;M;ES;56057;ALFREDO CHAVES;56057;ALFREDO CHAVES;12;35;13;Vereador;12345;ARMANDO ZANATA INGLE RIBEIRO;13;1171
27/07/2021;17:04:35;2012;2;Eleição Ordinária;1;47;ELEIÇÃO MUNICIPAL 2012;07/10/2012;M;ES;56057;ALFREDO CHAVES;56057;ALFREDO CHAVES;12;35;13;Vereador;40111;CHARLES GAIGHER;9;1171
27/07/2021;17:04:35;2012;2;Eleição Ordinária;1;47;ELEIÇÃO MUNICIPAL 2012;07/10/2012;M;ES;56057;ALFREDO CHAVES;56057;ALFREDO CHAVES;12;35;13;Vereador;40333;DARCI ESCANDIAN;7;1171
27/07/2021;17:04:35;2012;2;Eleição Ordinária;1;47;ELEIÇÃO MUNICIPAL 2012;07/10/2012;M;ES;56057;ALFREDO CHAVES;56057;ALFREDO CHAVES;12;35;13;Vereador;13131;DOMINGOS MAROTTO;2;1171
27/07/2021;17:04:35;2012;2;Eleição Ordinária;1;47;ELEIÇÃO MUNICIPAL 2012;07/10/2012;M;ES;56057;ALFREDO CHAVES;56057;ALFREDO CHAVES;12;35;13;Vereador;23555;DOMINGOS SAVIO DALLECRODE;1;1171
27/07/2021;17:04:35;2012;2;Eleição Ordinária;1;47;ELEIÇÃO MUNICIPAL 2012;07/10/2012;M;ES;56057;ALFREDO CHAVES;56057;ALFREDO CHAVES;12;35;13;Vereador;40000;DULCIANE BRUNORO ESTEVES;1;1171
27/07/2021;17:04:35;2012;2;Eleição Ordinária;1;47;ELEIÇÃO MUNICIPAL 2012;07/10/2012;M;ES;56057;ALFREDO CHAVES;56057;ALFREDO CHAVES;12;35;13;Vereador;14678;DULCINO PERUZZO;4;1171
27/07/2021;17:04:35;2012;2;Eleição Ordinária;1;47;ELEIÇÃO MUNICIPAL 2012;07/10/2012;M;ES;56057;ALFREDO CHAVES;56057;ALFREDO CHAVES;12;35;13;Vereador;40555;EDEVANILDE GORETI BREDA;2;1171
27/07/2021;17:04:35;2012;2;Eleição Ordinária;1;47;ELEIÇÃO MUNICIPAL 2012;07/10/2012;M;ES;56057;ALFREDO CHAVES;56057;ALFREDO CHAVES;12;35;13;Vereador;10123;ELISAEL DOS SANTOS FERREIRA;9;1171
27/07/2021;17:04:35;2012;2;Eleição Ordinária;1;47;ELEIÇÃO MUNICIPAL 2012;07/10/2012;M;ES;56057;ALFREDO CHAVES;56057;ALFREDO CHAVES;12;35;13;Vereador;11789;ELIZETE MARIA FURLAN;5;1171
27/07/2021;17:04:35;2012;2;Eleição Ordinária;1;47;ELEIÇÃO MUNICIPAL 2012;07/10/2012;M;ES;56057;ALFREDO CHAVES;56057;ALFREDO CHAVES;12;35;13;Vereador;14214;ERTA DE PAULA GAIGHER;5;1171
27/07/2021;17:04:35;2012;2;Eleição Ordinária;1;47;ELEIÇÃO MUNICIPAL 2012;07/10/2012;M;ES;56057;ALFREDO CHAVES;56057;ALFREDO CHAVES;12;35;13;Vereador;10000;FABIO BUZZETE LOURENÇO;2;1171
27/07/2021;17:04:35;2012;2;Eleição Ordinária;1;47;ELEIÇÃO MUNICIPAL 2012;07/10/2012;M;ES;56057;ALFREDO CHAVES;56057;ALFREDO CHAVES;12;35;13;Vereador;40222;FERNANDO ALVES;82;1171
27/07/2021;17:04:35;2012;2;Eleição Ordinária;1;47;ELEIÇÃO MUNICIPAL 2012;07/10/2012;M;ES;56057;ALFREDO CHAVES;56057;ALFREDO CHAVES;12;35;13;Vereador;55555;GERALDO BAYER;7;1171
27/07/2021;17:04:35;2012;2;Eleição Ordinária;1;47;ELEIÇÃO MUNICIPAL 2012;07/10/2012;M;ES;56057;ALFREDO CHAVES;56057;ALFREDO CHAVES;12;35;13;Vereador;40321;GILSON LUIZ BELLON;3;1171
27/07/2021;17:04:35;2012;2;Eleição Ordinária;1;47;ELEIÇÃO MUNICIPAL 2012;07/10/2012;M;ES;56057;ALFREDO CHAVES;56057;ALFREDO CHAVES;12;35;13;Vereador;22123;JAMIR PIETRALONGA;5;1171
27/07/2021;17:04:35;2012;2;Eleição Ordinária;1;47;ELEIÇÃO MUNICIPAL 2012;07/10/2012;M;ES;56057;ALFREDO CHAVES;56057;ALFREDO CHAVES;12;35;13;Vereador;45000;JONAS NUNES SIMÕES;19;1171
27/07/2021;17:04:35;2012;2;Eleição Ordinária;1;47;ELEIÇÃO MUNICIPAL 2012;07/10/2012;M;ES;56057;ALFREDO CHAVES;56057;ALFREDO CHAVES;12;35;13;Vereador;55030;JOSÉ ARLINDO PETERLE;1;1171
27/07/2021;17:04:35;2012;2;Eleição Ordinária;1;47;ELEIÇÃO MUNICIPAL 2012;07/10/2012;M;ES;56057;ALFREDO CHAVES;56057;ALFREDO CHAVES;12;35;13;Vereador;13366;JOSÉ DOMINGOS GOTTARDO;1;1171
27/07/2021;17:04:35;2012;2;Eleição Ordinária;1;47;ELEIÇÃO MUNICIPAL 2012;07/10/2012;M;ES;56057;ALFREDO CHAVES;56057;ALFREDO CHAVES;12;35;13;Vereador;40789;JOÃO BOSCO COSTA;17;1171
27/07/2021;17:04:35;2012;2;Eleição Ordinária;1;47;ELEIÇÃO MUNICIPAL 2012;07/10/2012;M;ES;56057;ALFREDO CHAVES;56057;ALFREDO CHAVES;12;35;13;Vereador;11333;MARCO ANTONIO MOZER;3;1171
27/07/2021;17:04:35;2012;2;Eleição Ordinária;1;47;ELEIÇÃO MUNICIPAL 2012;07/10/2012;M;ES;56057;ALFREDO CHAVES;56057;ALFREDO CHAVES;12;35;13;Vereador;11100;MARIA DA PENHA SQUASANTE CAVATI;5;1171
27/07/2021;17:04:35;2012;2;Eleição Ordinária;1;47;ELEIÇÃO MUNICIPAL 2012;07/10/2012;M;ES;56057;ALFREDO CHAVES;56057;ALFREDO CHAVES;12;35;13;Vereador;10222;MARIA SILVIA COSTA MONTEIRO;1;1171
27/07/2021;17:04:35;2012;2;Eleição Ordinária;1;47;ELEIÇÃO MUNICIPAL 2012;07/10/2012;M;ES;56057;ALFREDO CHAVES;56057;ALFREDO CHAVES;12;35;13;Vereador;40777;MARINALVA STEFANON;2;1171
27/07/2021;17:04:35;2012;2;Eleição Ordinária;1;47;ELEIÇÃO MUNICIPAL 2012;07/10/2012;M;ES;56057;ALFREDO CHAVES;56057;ALFREDO CHAVES;12;35;13;Vereador;15311;NARCIZO DE ABREU GRASSI;31;1171
27/07/2021;17:04:35;2012;2;Eleição Ordinária;1;47;ELEIÇÃO MUNICIPAL 2012;07/10/2012;M;ES;56057;ALFREDO CHAVES;56057;ALFREDO CHAVES;12;35;13;Vereador;25100;ORLANDO OSS;2;1171
27/07/2021;17:04:35;2012;2;Eleição Ordinária;1;47;ELEIÇÃO MUNICIPAL 2012;07/10/2012;M;ES;56057;ALFREDO CHAVES;56057;ALFREDO CHAVES;12;35;13;Vereador;22;PARTIDO DA REPÚBLICA;2;1171
27/07/2021;17:04:35;2012;2;Eleição Ordinária;1;47;ELEIÇÃO MUNICIPAL 2012;07/10/2012;M;ES;56057;ALFREDO CHAVES;56057;ALFREDO CHAVES;12;35;13;Vereador;45;PARTIDO DA SOCIAL DEMOCRACIA BRASILEIRA;1;1171
27/07/2021;17:04:35;2012;2;Eleição Ordinária;1;47;ELEIÇÃO MUNICIPAL 2012;07/10/2012;M;ES;56057;ALFREDO CHAVES;56057;ALFREDO CHAVES;12;35;13;Vereador;12;PARTIDO DEMOCRÁTICO TRABALHISTA;1;1171
27/07/2021;17:04:35;2012;2;Eleição Ordinária;1;47;ELEIÇÃO MUNICIPAL 2012;07/10/2012;M;ES;56057;ALFREDO CHAVES;56057;ALFREDO CHAVES;12;35;13;Vereador;23;PARTIDO POPULAR SOCIALISTA;1;1171
27/07/2021;17:04:35;2012;2;Eleição Ordinária;1;47;ELEIÇÃO MUNICIPAL 2012;07/10/2012;M;ES;56057;ALFREDO CHAVES;56057;ALFREDO CHAVES;12;35;13;Vereador;11;PARTIDO PROGRESSISTA;2;1171
27/07/2021;17:04:35;2012;2;Eleição Ordinária;1;47;ELEIÇÃO MUNICIPAL 2012;07/10/2012;M;ES;56057;ALFREDO CHAVES;56057;ALFREDO CHAVES;12;35;13;Vereador;55;PARTIDO SOCIAL DEMOCRÁTICO;1;1171
27/07/2021;17:04:35;2012;2;Eleição Ordinária;1;47;ELEIÇÃO MUNICIPAL 2012;07/10/2012;M;ES;56057;ALFREDO CHAVES;56057;ALFREDO CHAVES;12;35;13;Vereador;40;PARTIDO SOCIALISTA BRASILEIRO;5;1171
27/07/2021;17:04:35;2012;2;Eleição Ordinária;1;47;ELEIÇÃO MUNICIPAL 2012;07/10/2012;M;ES;56057;ALFREDO CHAVES;56057;ALFREDO CHAVES;12;35;13;Vereador;23666;PAULO MUNALDI;20;1171
27/07/2021;17:04:35;2012;2;Eleição Ordinária;1;47;ELEIÇÃO MUNICIPAL 2012;07/10/2012;M;ES;56057;ALFREDO CHAVES;56057;ALFREDO CHAVES;12;35;13;Vereador;11123;PRIMO ARMELINDO BERGAMI;13;1171
27/07/2021;17:04:35;2012;2;Eleição Ordinária;1;47;ELEIÇÃO MUNICIPAL 2012;07/10/2012;M;ES;56057;ALFREDO CHAVES;56057;ALFREDO CHAVES;12;35;13;Vereador;25666;RAINOR BREDA;2;1171
27/07/2021;17:04:35;2012;2;Eleição Ordinária;1;47;ELEIÇÃO MUNICIPAL 2012;07/10/2012;M;ES;56057;ALFREDO CHAVES;56057;ALFREDO CHAVES;12;35;13;Vereador;23333;RENATO CARDOSO;1;1171
27/07/2021;17:04:35;2012;2;Eleição Ordinária;1;47;ELEIÇÃO MUNICIPAL 2012;07/10/2012;M;ES;56057;ALFREDO CHAVES;56057;ALFREDO CHAVES;12;35;13;Vereador;45123;RITA MARIA DESTEFANI;1;1171
27/07/2021;17:04:35;2012;2;Eleição Ordinária;1;47;ELEIÇÃO MUNICIPAL 2012;07/10/2012;M;ES;56057;ALFREDO CHAVES;56057;ALFREDO CHAVES;12;35;13;Vereador;55000;SYLVAN FERREIRA;1;1171
27/07/2021;17:04:35;2012;2;Eleição Ordinária;1;47;ELEIÇÃO MUNICIPAL 2012;07/10/2012;M;ES;56057;ALFREDO CHAVES;56057;ALFREDO CHAVES;12;35;13;Vereador;23777;VANDENÉZIA PEREIRA SANTIAGO CASALE;1;1171
27/07/2021;17:04:35;2012;2;Eleição Ordinária;1;47;ELEIÇÃO MUNICIPAL 2012;07/10/2012;M;ES;56057;ALFREDO CHAVES;56057;ALFREDO CHAVES;12;35;13;Vereador;95;VOTO BRANCO;5;1171
27/07/2021;17:04:35;2012;2;Eleição Ordinária;1;47;ELEIÇÃO MUNICIPAL 2012;07/10/2012;M;ES;56057;ALFREDO CHAVES;56057;ALFREDO CHAVES;12;35;13;Vereador;96;VOTO NULO;6;1171
27/07/2021;17:04:35;2012;2;Eleição Ordinária;1;47;ELEIÇÃO MUNICIPAL 2012;07/10/2012;M;ES;56057;ALFREDO CHAVES;56057;ALFREDO CHAVES;12;37;11;Prefeito;40;ROBERTO FORTUNATO FIORIN;64;1228
27/07/2021;17:04:35;2012;2;Eleição Ordinária;1;47;ELEIÇÃO MUNICIPAL 2012;07/10/2012;M;ES;56057;ALFREDO CHAVES;56057;ALFREDO CHAVES;12;37;11;Prefeito;55;SERGIO BIANCHI;51;1228
27/07/2021;17:04:35;2012;2;Eleição Ordinária;1;47;ELEIÇÃO MUNICIPAL 2012;07/10/2012;M;ES;56057;ALFREDO CHAVES;56057;ALFREDO CHAVES;12;37;11;Prefeito;95;VOTO BRANCO;2;1228
27/07/2021;17:04:35;2012;2;Eleição Ordinária;1;47;ELEIÇÃO MUNICIPAL 2012;07/10/2012;M;ES;56057;ALFREDO CHAVES;56057;ALFREDO CHAVES;12;37;11;Prefeito;96;VOTO NULO;6;1228
27/07/2021;17:04:35;2012;2;Eleição Ordinária;1;47;ELEIÇÃO MUNICIPAL 2012;07/10/2012;M;ES;56057;ALFREDO CHAVES;56057;ALFREDO CHAVES;12;37;13;Vereador;23612;ANDRÉ SARTORI;16;1228
27/07/2021;17:04:35;2012;2;Eleição Ordinária;1;47;ELEIÇÃO MUNICIPAL 2012;07/10/2012;M;ES;56057;ALFREDO CHAVES;56057;ALFREDO CHAVES;12;37;13;Vereador;12345;ARMANDO ZANATA INGLE RIBEIRO;7;1228
27/07/2021;17:04:35;2012;2;Eleição Ordinária;1;47;ELEIÇÃO MUNICIPAL 2012;07/10/2012;M;ES;56057;ALFREDO CHAVES;56057;ALFREDO CHAVES;12;37;13;Vereador;11567;AUXILIADORA ROSA;2;1228
27/07/2021;17:04:35;2012;2;Eleição Ordinária;1;47;ELEIÇÃO MUNICIPAL 2012;07/10/2012;M;ES;56057;ALFREDO CHAVES;56057;ALFREDO CHAVES;12;37;13;Vereador;40111;CHARLES GAIGHER;11;1228
27/07/2021;17:04:35;2012;2;Eleição Ordinária;1;47;ELEIÇÃO MUNICIPAL 2012;07/10/2012;M;ES;56057;ALFREDO CHAVES;56057;ALFREDO CHAVES;12;37;13;Vereador;40333;DARCI ESCANDIAN;1;1228
27/07/2021;17:04:35;2012;2;Eleição Ordinária;1;47;ELEIÇÃO MUNICIPAL 2012;07/10/2012;M;ES;56057;ALFREDO CHAVES;56057;ALFREDO CHAVES;12;37;13;Vereador;13131;DOMINGOS MAROTTO;1;1228
27/07/2021;17:04:35;2012;2;Eleição Ordinária;1;47;ELEIÇÃO MUNICIPAL 2012;07/10/2012;M;ES;56057;ALFREDO CHAVES;56057;ALFREDO CHAVES;12;37;13;Vereador;40000;DULCIANE BRUNORO ESTEVES;4;1228
27/07/2021;17:04:35;2012;2;Eleição Ordinária;1;47;ELEIÇÃO MUNICIPAL 2012;07/10/2012;M;ES;56057;ALFREDO CHAVES;56057;ALFREDO CHAVES;12;37;13;Vereador;40555;EDEVANILDE GORETI BREDA;1;1228
27/07/2021;17:04:35;2012;2;Eleição Ordinária;1;47;ELEIÇÃO MUNICIPAL 2012;07/10/2012;M;ES;56057;ALFREDO CHAVES;56057;ALFREDO CHAVES;12;37;13;Vereador;14214;ERTA DE PAULA GAIGHER;4;1228
27/07/2021;17:04:35;2012;2;Eleição Ordinária;1;47;ELEIÇÃO MUNICIPAL 2012;07/10/2012;M;ES;56057;ALFREDO CHAVES;56057;ALFREDO CHAVES;12;37;13;Vereador;40222;FERNANDO ALVES;9;1228
27/07/2021;17:04:35;2012;2;Eleição Ordinária;1;47;ELEIÇÃO MUNICIPAL 2012;07/10/2012;M;ES;56057;ALFREDO CHAVES;56057;ALFREDO CHAVES;12;37;13;Vereador;45000;JONAS NUNES SIMÕES;10;1228
27/07/2021;17:04:35;2012;2;Eleição Ordinária;1;47;ELEIÇÃO MUNICIPAL 2012;07/10/2012;M;ES;56057;ALFREDO CHAVES;56057;ALFREDO CHAVES;12;37;13;Vereador;12333;JOSE CARLOS CRAVEIRO CAMPOS;1;1228
27/07/2021;17:04:35;2012;2;Eleição Ordinária;1;47;ELEIÇÃO MUNICIPAL 2012;07/10/2012;M;ES;56057;ALFREDO CHAVES;56057;ALFREDO CHAVES;12;37;13;Vereador;40789;JOÃO BOSCO COSTA;3;1228
27/07/2021;17:04:35;2012;2;Eleição Ordinária;1;47;ELEIÇÃO MUNICIPAL 2012;07/10/2012;M;ES;56057;ALFREDO CHAVES;56057;ALFREDO CHAVES;12;37;13;Vereador;11100;MARIA DA PENHA SQUASANTE CAVATI;4;1228
27/07/2021;17:04:35;2012;2;Eleição Ordinária;1;47;ELEIÇÃO MUNICIPAL 2012;07/10/2012;M;ES;56057;ALFREDO CHAVES;56057;ALFREDO CHAVES;12;37;13;Vereador;40777;MARINALVA STEFANON;2;1228
27/07/2021;17:04:35;2012;2;Eleição Ordinária;1;47;ELEIÇÃO MUNICIPAL 2012;07/10/2012;M;ES;56057;ALFREDO CHAVES;56057;ALFREDO CHAVES;12;37;13;Vereador;15311;NARCIZO DE ABREU GRASSI;17;1228
27/07/2021;17:04:35;2012;2;Eleição Ordinária;1;47;ELEIÇÃO MUNICIPAL 2012;07/10/2012;M;ES;56057;ALFREDO CHAVES;56057;ALFREDO CHAVES;12;37;13;Vereador;12;PARTIDO DEMOCRÁTICO TRABALHISTA;1;1228
27/07/2021;17:04:35;2012;2;Eleição Ordinária;1;47;ELEIÇÃO MUNICIPAL 2012;07/10/2012;M;ES;56057;ALFREDO CHAVES;56057;ALFREDO CHAVES;12;37;13;Vereador;23;PARTIDO POPULAR SOCIALISTA;2;1228
27/07/2021;17:04:35;2012;2;Eleição Ordinária;1;47;ELEIÇÃO MUNICIPAL 2012;07/10/2012;M;ES;56057;ALFREDO CHAVES;56057;ALFREDO CHAVES;12;37;13;Vereador;40;PARTIDO SOCIALISTA BRASILEIRO;5;1228
27/07/2021;17:04:35;2012;2;Eleição Ordinária;1;47;ELEIÇÃO MUNICIPAL 2012;07/10/2012;M;ES;56057;ALFREDO CHAVES;56057;ALFREDO CHAVES;12;37;13;Vereador;23666;PAULO MUNALDI;9;1228
27/07/2021;17:04:35;2012;2;Eleição Ordinária;1;47;ELEIÇÃO MUNICIPAL 2012;07/10/2012;M;ES;56057;ALFREDO CHAVES;56057;ALFREDO CHAVES;12;37;13;Vereador;11123;PRIMO ARMELINDO BERGAMI;4;1228
27/07/2021;17:04:35;2012;2;Eleição Ordinária;1;47;ELEIÇÃO MUNICIPAL 2012;07/10/2012;M;ES;56057;ALFREDO CHAVES;56057;ALFREDO CHAVES;12;37;13;Vereador;55000;SYLVAN FERREIRA;2;1228
27/07/2021;17:04:35;2012;2;Eleição Ordinária;1;47;ELEIÇÃO MUNICIPAL 2012;07/10/2012;M;ES;56057;ALFREDO CHAVES;56057;ALFREDO CHAVES;12;37;13;Vereador;23777;VANDENÉZIA PEREIRA SANTIAGO CASALE;1;1228
27/07/2021;17:04:35;2012;2;Eleição Ordinária;1;47;ELEIÇÃO MUNICIPAL 2012;07/10/2012;M;ES;56057;ALFREDO CHAVES;56057;ALFREDO CHAVES;12;37;13;Vereador;95;VOTO BRANCO;2;1228
27/07/2021;17:04:35;2012;2;Eleição Ordinária;1;47;ELEIÇÃO MUNICIPAL 2012;07/10/2012;M;ES;56057;ALFREDO CHAVES;56057;ALFREDO CHAVES;12;37;13;Vereador;96;VOTO NULO;4;1228
